	Run	ReleaseDate	LoadDate	spots	bases	spots_with_mates	avgLength	size_MB	AssemblyName	download_path	LibraryName	LibraryStrategy	LibrarySelection	LibrarySource	LibraryLayout	InsertSize	InsertDev	Platform	Model	SRAStudy	BioProject	Study_Pubmed_id	ProjectID	Sample	BioSample	SampleType	TaxID	ScientificName	SampleName	g1k_pop_code	source	g1k_analysis_group	Subject_ID	Sex	Disease	Tumor	Affection_Status	Analyte_Type	Histological_Type	Body_Site	CenterName	Submission	dbgap_study_accession	Consent	RunHash	ReadHash	R1	R2	passed_fastqc	passed_reads_mapped_to_CDS	passed_global_correlation
SRX1014220	SRR2002673	2015-11-02 10:20:11	2015-04-29 18:42:39	36341975	1817098750	0	50	726		https://sra-downloadb.be-md.ncbi.nlm.nih.gov/sos5/sra-pub-zq-11/SRR002/002/SRR2002673/SRR2002673.sralite.1		RNA-Seq	cDNA	TRANSCRIPTOMIC	SINGLE	0	0	ILLUMINA	Illumina HiSeq 2500	SRP057818	PRJNA282691	2.0	282691	SRS925931	SAMN03573953	simple	637887	Acetivibrio thermocellus DSM 1313	GSM1671489							no					GEO	SRA264897		public	A3EC42E71A32F705CCD0BF300141E74D	F321D5F6355C6DA0787479D43F9EB63B			True	True	True
SRX1014221	SRR2002674	2015-11-02 10:20:11	2015-04-29 18:42:02	23864175	1193208750	0	50	451		https://sra-downloadb.be-md.ncbi.nlm.nih.gov/sos5/sra-pub-zq-11/SRR002/002/SRR2002674/SRR2002674.sralite.1		RNA-Seq	cDNA	TRANSCRIPTOMIC	SINGLE	0	0	ILLUMINA	Illumina HiSeq 2500	SRP057818	PRJNA282691	2.0	282691	SRS925930	SAMN03573954	simple	637887	Acetivibrio thermocellus DSM 1313	GSM1671490							no					GEO	SRA264897		public	95EE0DF805E0029A110EB2E40D03CAB7	56D6E35162D9CAF9075718AD45D07BD7			True	True	True
SRX1014223	SRR2002676	2015-11-02 10:20:11	2015-04-29 18:42:24	30611161	1530558050	0	50	612		https://sra-downloadb.be-md.ncbi.nlm.nih.gov/sos5/sra-pub-zq-11/SRR002/002/SRR2002676/SRR2002676.sralite.1		RNA-Seq	cDNA	TRANSCRIPTOMIC	SINGLE	0	0	ILLUMINA	Illumina HiSeq 2500	SRP057818	PRJNA282691	2.0	282691	SRS925928	SAMN03573956	simple	637887	Acetivibrio thermocellus DSM 1313	GSM1671492							no					GEO	SRA264897		public	2683C28A4A7BABED88235DBAFAD3097D	E3E81F0B9E58372FABE9CCBD77EF6B8F			True	True	True
SRX1014225	SRR2002678	2015-11-02 10:20:11	2015-04-29 18:41:57	29139446	1456972300	0	50	590		https://sra-downloadb.be-md.ncbi.nlm.nih.gov/sos5/sra-pub-zq-11/SRR002/002/SRR2002678/SRR2002678.sralite.1		RNA-Seq	cDNA	TRANSCRIPTOMIC	SINGLE	0	0	ILLUMINA	Illumina HiSeq 2500	SRP057818	PRJNA282691	2.0	282691	SRS925926	SAMN03573958	simple	637887	Acetivibrio thermocellus DSM 1313	GSM1671494							no					GEO	SRA264897		public	C22A9E135A7A776706D4F38D49AA10B4	CA1933741920720D70F45184DF9B62A1			True	True	True
SRX1014226	SRR2002679	2015-11-02 10:20:11	2015-04-29 18:42:42	26904972	1345248600	0	50	540		https://sra-downloadb.be-md.ncbi.nlm.nih.gov/sos5/sra-pub-zq-11/SRR002/002/SRR2002679/SRR2002679.sralite.1		RNA-Seq	cDNA	TRANSCRIPTOMIC	SINGLE	0	0	ILLUMINA	Illumina HiSeq 2500	SRP057818	PRJNA282691	2.0	282691	SRS925925	SAMN03573959	simple	637887	Acetivibrio thermocellus DSM 1313	GSM1671495							no					GEO	SRA264897		public	C3902AAB5108342314079F48FB7EB6FA	AF2F16DF01DDB10CB8B54C209CFBBCB5			True	True	True
SRX1014227	SRR2002680	2015-11-02 10:20:11	2015-04-29 18:42:33	27853760	1392688000	0	50	526		https://sra-downloadb.be-md.ncbi.nlm.nih.gov/sos5/sra-pub-zq-11/SRR002/002/SRR2002680/SRR2002680.sralite.1		RNA-Seq	cDNA	TRANSCRIPTOMIC	SINGLE	0	0	ILLUMINA	Illumina HiSeq 2500	SRP057818	PRJNA282691	2.0	282691	SRS925924	SAMN03573960	simple	637887	Acetivibrio thermocellus DSM 1313	GSM1671496							no					GEO	SRA264897		public	BA7584AC38D45A7C530443E29FE37F6C	E1A7E5341AB1835042BCB6E8B6ED4E2A			True	True	True
SRX1014228	SRR2002681	2015-11-02 10:20:11	2015-04-29 18:42:19	34607853	1730392650	0	50	697		https://sra-downloadb.be-md.ncbi.nlm.nih.gov/sos5/sra-pub-zq-11/SRR002/002/SRR2002681/SRR2002681.sralite.1		RNA-Seq	cDNA	TRANSCRIPTOMIC	SINGLE	0	0	ILLUMINA	Illumina HiSeq 2500	SRP057818	PRJNA282691	2.0	282691	SRS925923	SAMN03573961	simple	637887	Acetivibrio thermocellus DSM 1313	GSM1671497							no					GEO	SRA264897		public	11C3FD684477638083396DC6F58C80B5	700AE879EBBE01016F4B9853CAA3825C			True	True	True
SRX1014230	SRR2002683	2015-11-02 10:20:11	2015-04-29 18:41:42	26300381	1315019050	0	50	497		https://sra-downloadb.be-md.ncbi.nlm.nih.gov/sos5/sra-pub-zq-11/SRR002/002/SRR2002683/SRR2002683.sralite.1		RNA-Seq	cDNA	TRANSCRIPTOMIC	SINGLE	0	0	ILLUMINA	Illumina HiSeq 2500	SRP057818	PRJNA282691	2.0	282691	SRS925921	SAMN03573963	simple	637887	Acetivibrio thermocellus DSM 1313	GSM1671499							no					GEO	SRA264897		public	8C556715A726F625CB757E258DBE1A61	B66A883E5EFCBCDD0BB670F647EF6984			True	True	True
SRX1014231	SRR2002684	2015-11-02 10:20:11	2015-04-29 18:42:07	32237581	1611879050	0	50	651		https://sra-downloadb.be-md.ncbi.nlm.nih.gov/sos5/sra-pub-zq-11/SRR002/002/SRR2002684/SRR2002684.sralite.1		RNA-Seq	cDNA	TRANSCRIPTOMIC	SINGLE	0	0	ILLUMINA	Illumina HiSeq 2500	SRP057818	PRJNA282691	2.0	282691	SRS925920	SAMN03573964	simple	637887	Acetivibrio thermocellus DSM 1313	GSM1671500							no					GEO	SRA264897		public	93F598F20F37D77D927EAA971EFCB625	63B35ACA30985799FB48797A9ECE5E77			True	True	True
SRX1014232	SRR2002685	2015-11-02 10:20:11	2015-04-29 18:42:29	36413650	1820682500	0	50	725		https://sra-downloadb.be-md.ncbi.nlm.nih.gov/sos5/sra-pub-zq-11/SRR002/002/SRR2002685/SRR2002685.sralite.1		RNA-Seq	cDNA	TRANSCRIPTOMIC	SINGLE	0	0	ILLUMINA	Illumina HiSeq 2500	SRP057818	PRJNA282691	2.0	282691	SRS925919	SAMN03573965	simple	637887	Acetivibrio thermocellus DSM 1313	GSM1671501							no					GEO	SRA264897		public	F3710CDE5A791AE11EAAEAA243FBFEDA	35CF1CFB8E0D14CB147BD697CB825421			True	True	True
SRX1014233	SRR2002686	2015-11-02 10:20:11	2015-04-29 18:41:04	20857363	1042868150	0	50	396		https://sra-downloadb.be-md.ncbi.nlm.nih.gov/sos5/sra-pub-zq-11/SRR002/002/SRR2002686/SRR2002686.sralite.1		RNA-Seq	cDNA	TRANSCRIPTOMIC	SINGLE	0	0	ILLUMINA	Illumina HiSeq 2500	SRP057818	PRJNA282691	2.0	282691	SRS925918	SAMN03573966	simple	637887	Acetivibrio thermocellus DSM 1313	GSM1671502							no					GEO	SRA264897		public	689FA04013E4D547295287627A93C08E	8BBDC0FC4F7D2AF07DA3992EF7E5A4E8			True	True	True
SRX1014234	SRR2002687	2015-11-02 10:20:11	2015-04-29 18:41:11	21964532	1098226600	0	50	445		https://sra-downloadb.be-md.ncbi.nlm.nih.gov/sos5/sra-pub-zq-11/SRR002/002/SRR2002687/SRR2002687.sralite.1		RNA-Seq	cDNA	TRANSCRIPTOMIC	SINGLE	0	0	ILLUMINA	Illumina HiSeq 2500	SRP057818	PRJNA282691	2.0	282691	SRS925917	SAMN03573967	simple	637887	Acetivibrio thermocellus DSM 1313	GSM1671503							no					GEO	SRA264897		public	BEFED010352A75D3E4C74674B9F3DCFA	9D385026C8D0A24587321604340DB516			True	True	True
SRX1014235	SRR2002688	2015-11-02 10:20:11	2015-04-29 18:39:51	18844354	942217700	0	50	379		https://sra-downloadb.be-md.ncbi.nlm.nih.gov/sos5/sra-pub-zq-11/SRR002/002/SRR2002688/SRR2002688.sralite.1		RNA-Seq	cDNA	TRANSCRIPTOMIC	SINGLE	0	0	ILLUMINA	Illumina HiSeq 2500	SRP057818	PRJNA282691	2.0	282691	SRS925916	SAMN03573968	simple	637887	Acetivibrio thermocellus DSM 1313	GSM1671504							no					GEO	SRA264897		public	862EE337F3D8611AF23DC25A0754DCA0	B781D830E2236099DD6425AAFEB85EDA			True	True	True
SRX1014236	SRR2002689	2015-11-02 10:20:11	2015-04-29 18:39:31	18159574	907978700	0	50	343		https://sra-downloadb.be-md.ncbi.nlm.nih.gov/sos5/sra-pub-zq-11/SRR002/002/SRR2002689/SRR2002689.sralite.1		RNA-Seq	cDNA	TRANSCRIPTOMIC	SINGLE	0	0	ILLUMINA	Illumina HiSeq 2500	SRP057818	PRJNA282691	2.0	282691	SRS925914	SAMN03573969	simple	637887	Acetivibrio thermocellus DSM 1313	GSM1671505							no					GEO	SRA264897		public	8BE66A0D62340C04CFC950C0FA472111	F78E9E0B8A81C1F0A55FBFD7C3C17E0B			True	True	True
SRX1014237	SRR2002690	2015-11-02 10:20:11	2015-04-29 18:37:19	18454432	922721600	0	50	374		https://sra-downloadb.be-md.ncbi.nlm.nih.gov/sos5/sra-pub-zq-11/SRR002/002/SRR2002690/SRR2002690.sralite.1		RNA-Seq	cDNA	TRANSCRIPTOMIC	SINGLE	0	0	ILLUMINA	Illumina HiSeq 2500	SRP057818	PRJNA282691	2.0	282691	SRS925913	SAMN03573970	simple	637887	Acetivibrio thermocellus DSM 1313	GSM1671506							no					GEO	SRA264897		public	EE29EA6AF6E49D5FB7424077106080AC	8472BEC4FA9AAE184206B8F326422E76			True	True	True
SRX1014238	SRR2002691	2015-11-02 10:20:11	2015-04-29 18:37:36	24353058	1217652900	0	50	491		https://sra-downloadb.be-md.ncbi.nlm.nih.gov/sos5/sra-pub-zq-11/SRR002/002/SRR2002691/SRR2002691.sralite.1		RNA-Seq	cDNA	TRANSCRIPTOMIC	SINGLE	0	0	ILLUMINA	Illumina HiSeq 2500	SRP057818	PRJNA282691	2.0	282691	SRS925912	SAMN03573971	simple	637887	Acetivibrio thermocellus DSM 1313	GSM1671507							no					GEO	SRA264897		public	16AD235C3C343416A342465905CFF0D6	7D6A96349BB2262ED21196BC483A2BC2			True	True	True
SRX1014239	SRR2002692	2015-11-02 10:20:11	2015-04-29 18:37:11	21854839	1092741950	0	50	415		https://sra-downloadb.be-md.ncbi.nlm.nih.gov/sos5/sra-pub-zq-11/SRR002/002/SRR2002692/SRR2002692.sralite.1		RNA-Seq	cDNA	TRANSCRIPTOMIC	SINGLE	0	0	ILLUMINA	Illumina HiSeq 2500	SRP057818	PRJNA282691	2.0	282691	SRS925915	SAMN03573972	simple	637887	Acetivibrio thermocellus DSM 1313	GSM1671508							no					GEO	SRA264897		public	7AD553A1F7FB92225A66B8AF09002862	E48584066A696C6EDAABD59E814F9A6E			True	True	True
SRX1014240	SRR2002693	2015-11-02 10:20:11	2015-04-29 18:38:28	27798258	1389912900	0	50	563		https://sra-downloadb.be-md.ncbi.nlm.nih.gov/sos5/sra-pub-zq-11/SRR002/002/SRR2002693/SRR2002693.sralite.1		RNA-Seq	cDNA	TRANSCRIPTOMIC	SINGLE	0	0	ILLUMINA	Illumina HiSeq 2500	SRP057818	PRJNA282691	2.0	282691	SRS925911	SAMN03573973	simple	637887	Acetivibrio thermocellus DSM 1313	GSM1671509							no					GEO	SRA264897		public	E03E108D46C0BE6A81C7188EC6903DB3	C8A2E855F25E60FAC951B7693315C67F			True	True	True
SRX1014241	SRR2002694	2015-11-02 10:20:11	2015-04-29 18:38:26	24207745	1210387250	0	50	487		https://sra-downloadb.be-md.ncbi.nlm.nih.gov/sos5/sra-pub-zq-11/SRR002/002/SRR2002694/SRR2002694.sralite.1		RNA-Seq	cDNA	TRANSCRIPTOMIC	SINGLE	0	0	ILLUMINA	Illumina HiSeq 2500	SRP057818	PRJNA282691	2.0	282691	SRS925910	SAMN03573974	simple	637887	Acetivibrio thermocellus DSM 1313	GSM1671510							no					GEO	SRA264897		public	840E5DFE75075C73623B8C87ACC045B4	D92ED95B02A77A7187F1E6710D7EBDB0			True	True	True
SRX1014244	SRR2002697	2015-11-02 10:20:11	2015-04-29 18:37:07	19364994	968249700	0	50	389		https://sra-downloadb.be-md.ncbi.nlm.nih.gov/sos5/sra-pub-zq-11/SRR002/002/SRR2002697/SRR2002697.sralite.1		RNA-Seq	cDNA	TRANSCRIPTOMIC	SINGLE	0	0	ILLUMINA	Illumina HiSeq 2500	SRP057818	PRJNA282691	2.0	282691	SRS925907	SAMN03573977	simple	637887	Acetivibrio thermocellus DSM 1313	GSM1671513							no					GEO	SRA264897		public	8A2CAD10B09E9E3FE131850CBCDC3A32	7EB117C8FB822A5E9DBC2CD4169B59BA			True	True	True
SRX1014245	SRR2002698	2015-11-02 10:20:11	2015-04-29 18:41:11	22133121	1106656050	0	50	417		https://sra-downloadb.be-md.ncbi.nlm.nih.gov/sos5/sra-pub-zq-11/SRR002/002/SRR2002698/SRR2002698.sralite.1		RNA-Seq	cDNA	TRANSCRIPTOMIC	SINGLE	0	0	ILLUMINA	Illumina HiSeq 2500	SRP057818	PRJNA282691	2.0	282691	SRS925906	SAMN03573978	simple	637887	Acetivibrio thermocellus DSM 1313	GSM1671514							no					GEO	SRA264897		public	CA7603F7291967ABB1FC6E9A268B0040	6F3172BCB5FD392D9C59FB78A0D5FFDF			True	True	True
SRX1014247	SRR2002700	2015-11-02 10:20:11	2015-04-29 18:37:33	24238768	1211938400	0	50	489		https://sra-downloadb.be-md.ncbi.nlm.nih.gov/sos5/sra-pub-zq-11/SRR002/002/SRR2002700/SRR2002700.sralite.1		RNA-Seq	cDNA	TRANSCRIPTOMIC	SINGLE	0	0	ILLUMINA	Illumina HiSeq 2500	SRP057818	PRJNA282691	2.0	282691	SRS925904	SAMN03573980	simple	637887	Acetivibrio thermocellus DSM 1313	GSM1671516							no					GEO	SRA264897		public	BFF186204ACE5338AEA9D14577A3D078	4BF4A12BB1C601996D68D667F62D8684			True	True	True
SRX1014248	SRR2002701	2015-11-02 10:20:11	2015-04-29 18:36:54	17676742	883837100	0	50	336		https://sra-downloadb.be-md.ncbi.nlm.nih.gov/sos5/sra-pub-zq-11/SRR002/002/SRR2002701/SRR2002701.sralite.1		RNA-Seq	cDNA	TRANSCRIPTOMIC	SINGLE	0	0	ILLUMINA	Illumina HiSeq 2500	SRP057818	PRJNA282691	2.0	282691	SRS925903	SAMN03573981	simple	637887	Acetivibrio thermocellus DSM 1313	GSM1671517							no					GEO	SRA264897		public	C655115F568615D812CEE6D1F06616F7	45B4FD4F81780E3E803B1CB24299F44F			True	True	True
SRX1014250	SRR2002703	2015-11-02 10:20:11	2015-04-29 18:36:55	21362906	1068145300	0	50	431		https://sra-downloadb.be-md.ncbi.nlm.nih.gov/sos5/sra-pub-zq-11/SRR002/002/SRR2002703/SRR2002703.sralite.1		RNA-Seq	cDNA	TRANSCRIPTOMIC	SINGLE	0	0	ILLUMINA	Illumina HiSeq 2500	SRP057818	PRJNA282691	2.0	282691	SRS925901	SAMN03573983	simple	637887	Acetivibrio thermocellus DSM 1313	GSM1671519							no					GEO	SRA264897		public	658D063EEA27F37F912E73B108410A1B	42D3C98698B6F8B22869BC54A49D5149			True	True	True
SRX1014252	SRR2002705	2015-11-02 10:20:11	2015-04-29 18:37:50	22679016	1133950800	0	50	462		https://sra-downloadb.be-md.ncbi.nlm.nih.gov/sos5/sra-pub-zq-11/SRR002/002/SRR2002705/SRR2002705.sralite.1		RNA-Seq	cDNA	TRANSCRIPTOMIC	SINGLE	0	0	ILLUMINA	Illumina HiSeq 2500	SRP057818	PRJNA282691	2.0	282691	SRS925898	SAMN03573985	simple	637887	Acetivibrio thermocellus DSM 1313	GSM1671521							no					GEO	SRA264897		public	EBB0655F6E22CC65695ACEFC32BCDA9C	79446BD3138264CF4E86F2DA684816B2			True	True	True
SRX1014253	SRR2002706	2015-11-02 10:20:11	2015-04-29 18:38:11	31218314	1560915700	0	50	626		https://sra-downloadb.be-md.ncbi.nlm.nih.gov/sos5/sra-pub-zq-11/SRR002/002/SRR2002706/SRR2002706.sralite.1		RNA-Seq	cDNA	TRANSCRIPTOMIC	SINGLE	0	0	ILLUMINA	Illumina HiSeq 2500	SRP057818	PRJNA282691	2.0	282691	SRS925899	SAMN03573986	simple	637887	Acetivibrio thermocellus DSM 1313	GSM1671522							no					GEO	SRA264897		public	CDFC1B089B5AAAF647D1F5CD7BEA36F9	E7E2ACC4BD5DC64397A9401B5B34A471			True	True	True
SRX1427049	SRR2932764;SRR2932765	2016-10-31 15:59:36	2015-11-19 20:33:17	2904389	1043354817	2904389	359	515		https://sra-downloadb.be-md.ncbi.nlm.nih.gov/sos5/sra-pub-zq-11/SRR002/932/SRR2932765/SRR2932765.sralite.1		RNA-Seq	cDNA	TRANSCRIPTOMIC	PAIRED	0	0	ILLUMINA	Illumina MiSeq	SRP066062	PRJNA301905	2.0	301905	SRS1158819	SAMN04260321	simple	1515	Acetivibrio thermocellus	GSM1937536							no					GEO	SRA310863		public	ED1ADCB98E6D14378CD89835FB65C1E1	358911578E646C7B40D9A29E1C17110C			True	True	True
SRX1427050	SRR2932766;SRR2932767	2016-10-31 15:59:36	2015-11-19 20:32:20	2458089	871011434	2458089	354	439		https://sra-downloadb.be-md.ncbi.nlm.nih.gov/sos5/sra-pub-zq-11/SRR002/932/SRR2932767/SRR2932767.sralite.1		RNA-Seq	cDNA	TRANSCRIPTOMIC	PAIRED	0	0	ILLUMINA	Illumina MiSeq	SRP066062	PRJNA301905	2.0	301905	SRS1158818	SAMN04260322	simple	1515	Acetivibrio thermocellus	GSM1937537							no					GEO	SRA310863		public	613BA65313EC28E21D4F3E40644CFB32	33917995758046D66AF4EE05C582CE32			True	True	True
SRX1427051	SRR2932768;SRR2932769	2016-10-31 15:59:36	2015-11-19 20:32:23	4175149	1516675437	4175149	363	743		https://sra-downloadb.be-md.ncbi.nlm.nih.gov/sos5/sra-pub-zq-11/SRR002/932/SRR2932769/SRR2932769.sralite.1		RNA-Seq	cDNA	TRANSCRIPTOMIC	PAIRED	0	0	ILLUMINA	Illumina MiSeq	SRP066062	PRJNA301905	2.0	301905	SRS1158817	SAMN04260323	simple	1515	Acetivibrio thermocellus	GSM1937538							no					GEO	SRA310863		public	92DB2198AC4D3591220BDF91BC134CCA	F9BEC804FA611A76F075D991BF69E6E8			True	True	True
SRX1427052	SRR2932770;SRR2932771	2016-10-31 15:59:36	2015-11-19 19:56:26	3309620	1139175088	3309620	344	558		https://sra-downloadb.be-md.ncbi.nlm.nih.gov/sos5/sra-pub-zq-11/SRR002/932/SRR2932771/SRR2932771.sralite.1		RNA-Seq	cDNA	TRANSCRIPTOMIC	PAIRED	0	0	ILLUMINA	Illumina MiSeq	SRP066062	PRJNA301905	2.0	301905	SRS1158816	SAMN04260324	simple	1515	Acetivibrio thermocellus	GSM1937539							no					GEO	SRA310863		public	655E27079A062D613A2D8D1B1AAED999	91B1A536DF51D6C3DEA55062897C3716			True	True	True
SRX1427053	SRR2932772;SRR2932773	2016-10-31 15:59:36	2015-11-19 19:56:18	2921402	1018200294	2921402	348	499		https://sra-downloadb.be-md.ncbi.nlm.nih.gov/sos5/sra-pub-zq-11/SRR002/932/SRR2932773/SRR2932773.sralite.1		RNA-Seq	cDNA	TRANSCRIPTOMIC	PAIRED	0	0	ILLUMINA	Illumina MiSeq	SRP066062	PRJNA301905	2.0	301905	SRS1158815	SAMN04260325	simple	1515	Acetivibrio thermocellus	GSM1937540							no					GEO	SRA310863		public	65443372479F81B9E2231A823C92CD6C	011C8F4F0EFFDC72D749D00152580EB7			True	True	True
SRX1427055	SRR2932776;SRR2932777	2016-10-31 15:59:36	2015-11-19 19:56:27	2740875	920337335	2740875	335	448		https://sra-downloadb.be-md.ncbi.nlm.nih.gov/sos5/sra-pub-zq-11/SRR002/932/SRR2932777/SRR2932777.sralite.1		RNA-Seq	cDNA	TRANSCRIPTOMIC	PAIRED	0	0	ILLUMINA	Illumina MiSeq	SRP066062	PRJNA301905	2.0	301905	SRS1158813	SAMN04260327	simple	1515	Acetivibrio thermocellus	GSM1937542							no					GEO	SRA310863		public	0020C899229C5ECE6F24208CA90230BA	ED98327568E2BBAF3DA08C5A1CA985F2			True	True	True
SRX1597719	SRR3184265;SRR3184266	2016-05-31 20:09:08	2016-02-23 15:37:26	10673572	533678600	0	50	212		https://sra-downloadb.be-md.ncbi.nlm.nih.gov/sos5/sra-pub-zq-14/SRR003/184/SRR3184266.sralite.1		RNA-Seq	cDNA	TRANSCRIPTOMIC	SINGLE	0	0	ILLUMINA	Illumina HiSeq 2500	SRP070709	PRJNA312946	2.0	312946	SRS1307724	SAMN04510527	simple	637887	Acetivibrio thermocellus DSM 1313	GSM2069817							no					GEO	SRA357156		public	9468E98631652134611BB7D9CA549479	7F0DFF902C0929EDFEC7C265A314666A			True	True	True
SRX1597721	SRR3184269;SRR3184270	2016-05-31 20:09:08	2016-02-23 15:36:54	8978291	448914550	0	50	180		https://sra-downloadb.be-md.ncbi.nlm.nih.gov/sos5/sra-pub-zq-14/SRR003/184/SRR3184270.sralite.1		RNA-Seq	cDNA	TRANSCRIPTOMIC	SINGLE	0	0	ILLUMINA	Illumina HiSeq 2500	SRP070709	PRJNA312946	2.0	312946	SRS1307722	SAMN04510529	simple	637887	Acetivibrio thermocellus DSM 1313	GSM2069819							no					GEO	SRA357156		public	DC802E63F8713F229CCC9C72F4FBFF1E	E390493B0245E8734D4EA4B522929267			True	True	True
SRX1597722	SRR3184271;SRR3184272	2016-05-31 20:09:08	2016-02-23 15:41:46	15163071	758153550	0	50	302		https://sra-downloadb.be-md.ncbi.nlm.nih.gov/sos5/sra-pub-zq-11/SRR003/184/SRR3184272/SRR3184272.sralite.1		RNA-Seq	cDNA	TRANSCRIPTOMIC	SINGLE	0	0	ILLUMINA	Illumina HiSeq 2500	SRP070709	PRJNA312946	2.0	312946	SRS1307721	SAMN04510530	simple	637887	Acetivibrio thermocellus DSM 1313	GSM2069820							no					GEO	SRA357156		public	447ADB49ACDB739061A6765FBF91030D	030D7B89F9ABBE1306660A8B768D7B96			True	True	True
SRX1597724	SRR3184275;SRR3184276	2016-05-31 20:09:08	2016-02-23 15:36:45	9641842	482092100	0	50	193		https://sra-downloadb.be-md.ncbi.nlm.nih.gov/sos5/sra-pub-zq-11/SRR003/184/SRR3184276/SRR3184276.sralite.1		RNA-Seq	cDNA	TRANSCRIPTOMIC	SINGLE	0	0	ILLUMINA	Illumina HiSeq 2500	SRP070709	PRJNA312946	2.0	312946	SRS1307719	SAMN04510532	simple	637887	Acetivibrio thermocellus DSM 1313	GSM2069822							no					GEO	SRA357156		public	230BB56106E37F2439E2A9E105AA0409	944E322CE6B9480356B88B7D5D95701E			True	True	True
SRX1599894	SRR3185993	2017-01-31 15:51:13	2016-02-24 16:47:52	14440065	722003250	0	50	264		https://sra-downloadb.be-md.ncbi.nlm.nih.gov/sos5/sra-pub-zq-11/SRR003/185/SRR3185993/SRR3185993.sralite.1		RNA-Seq	cDNA	TRANSCRIPTOMIC	SINGLE	0	0	ILLUMINA	Illumina HiSeq 2500	SRP070784	PRJNA313094		313094	SRS1309073	SAMN04515296	simple	637887	Acetivibrio thermocellus DSM 1313	GSM2071239							no					GEO	SRA357389		public	C1B787DAFC37530FCC0946847EFB4AC3	E9B571898A3A2302B51CABD6658CAA91			True	True	True
SRX1599895	SRR3185994	2017-01-31 15:51:13	2016-02-24 16:48:44	18229998	911499900	0	50	342		https://sra-downloadb.be-md.ncbi.nlm.nih.gov/sos5/sra-pub-zq-11/SRR003/185/SRR3185994/SRR3185994.sralite.1		RNA-Seq	cDNA	TRANSCRIPTOMIC	SINGLE	0	0	ILLUMINA	Illumina HiSeq 2500	SRP070784	PRJNA313094		313094	SRS1309072	SAMN04515297	simple	637887	Acetivibrio thermocellus DSM 1313	GSM2071240							no					GEO	SRA357389		public	8BB0D580BB900F6A7DD5167F8582098C	C844DE056B05DAAC0310F65E10BF017F			True	True	True
SRX1599896	SRR3185995	2017-01-31 15:51:13	2016-02-24 16:48:03	18462790	923139500	0	50	347		https://sra-downloadb.be-md.ncbi.nlm.nih.gov/sos5/sra-pub-zq-14/SRR003/185/SRR3185995.sralite.1		RNA-Seq	cDNA	TRANSCRIPTOMIC	SINGLE	0	0	ILLUMINA	Illumina HiSeq 2500	SRP070784	PRJNA313094		313094	SRS1309129	SAMN04515298	simple	637887	Acetivibrio thermocellus DSM 1313	GSM2071241							no					GEO	SRA357389		public	BFCD002970650C8F793EF150EEC8B630	838CC20ADEFEE3DB6FAC813A989345B3			True	True	True
SRX1599897	SRR3185996	2017-01-31 15:51:13	2016-02-24 16:50:47	14725000	736250000	0	50	287		https://sra-downloadb.be-md.ncbi.nlm.nih.gov/sos5/sra-pub-zq-11/SRR003/185/SRR3185996/SRR3185996.sralite.1		RNA-Seq	cDNA	TRANSCRIPTOMIC	SINGLE	0	0	ILLUMINA	Illumina HiSeq 2500	SRP070784	PRJNA313094		313094	SRS1309128	SAMN04515299	simple	637887	Acetivibrio thermocellus DSM 1313	GSM2071242							no					GEO	SRA357389		public	C7A541D8C33DAA99510B6DC3B5314BE6	CC3369AB4A39FE0A570183AA599EDA63			True	True	True
SRX1599898	SRR3185997	2017-01-31 15:51:13	2016-02-24 16:48:37	17554131	877706550	0	50	316		https://sra-downloadb.be-md.ncbi.nlm.nih.gov/sos5/sra-pub-zq-11/SRR003/185/SRR3185997/SRR3185997.sralite.1		RNA-Seq	cDNA	TRANSCRIPTOMIC	SINGLE	0	0	ILLUMINA	Illumina HiSeq 2500	SRP070784	PRJNA313094		313094	SRS1309126	SAMN04515300	simple	637887	Acetivibrio thermocellus DSM 1313	GSM2071243							no					GEO	SRA357389		public	D00C3AFCAD1406C04AA54A318790C3B3	C4414FAEACC9C9CFC53348DA75BBA8F7			True	True	True
SRX1599899	SRR3185998	2017-01-31 15:51:13	2016-02-24 16:49:21	24169263	1208463150	0	50	460		https://sra-downloadb.be-md.ncbi.nlm.nih.gov/sos5/sra-pub-zq-11/SRR003/185/SRR3185998/SRR3185998.sralite.1		RNA-Seq	cDNA	TRANSCRIPTOMIC	SINGLE	0	0	ILLUMINA	Illumina HiSeq 2500	SRP070784	PRJNA313094		313094	SRS1309127	SAMN04515301	simple	637887	Acetivibrio thermocellus DSM 1313	GSM2071244							no					GEO	SRA357389		public	765C2C81FDF16EEE2E9287FBA5237E9D	0F26AE20529D0CDBB6B83553ECA046C7			True	True	True
SRX1599901	SRR3186000	2017-01-31 15:51:13	2016-02-24 16:48:11	20859858	1042992900	0	50	401		https://sra-downloadb.be-md.ncbi.nlm.nih.gov/sos5/sra-pub-zq-11/SRR003/186/SRR3186000/SRR3186000.sralite.1		RNA-Seq	cDNA	TRANSCRIPTOMIC	SINGLE	0	0	ILLUMINA	Illumina HiSeq 2500	SRP070784	PRJNA313094		313094	SRS1309125	SAMN04515303	simple	637887	Acetivibrio thermocellus DSM 1313	GSM2071246							no					GEO	SRA357389		public	E03CC88F8F65365B320810ED694A2FD2	6AEE359F047CD49B0914EE752E5FE003			True	True	True
SRX1599903	SRR3186002	2017-01-31 15:51:13	2016-02-24 16:46:22	12023128	601156400	0	50	217		https://sra-downloadb.be-md.ncbi.nlm.nih.gov/sos5/sra-pub-zq-11/SRR003/186/SRR3186002/SRR3186002.sralite.1		RNA-Seq	cDNA	TRANSCRIPTOMIC	SINGLE	0	0	ILLUMINA	Illumina HiSeq 2500	SRP070784	PRJNA313094		313094	SRS1309122	SAMN04515305	simple	637887	Acetivibrio thermocellus DSM 1313	GSM2071248							no					GEO	SRA357389		public	946588913E12823FD9634F7B8C673DAF	9FDDC72B4E54B7A7EE948D7D5ECA7583			True	True	True
SRX1599904	SRR3186003	2017-01-31 15:51:13	2016-02-24 16:46:25	13071021	653551050	0	50	245		https://sra-downloadb.be-md.ncbi.nlm.nih.gov/sos5/sra-pub-zq-14/SRR003/186/SRR3186003.sralite.1		RNA-Seq	cDNA	TRANSCRIPTOMIC	SINGLE	0	0	ILLUMINA	Illumina HiSeq 2500	SRP070784	PRJNA313094		313094	SRS1309121	SAMN04515306	simple	637887	Acetivibrio thermocellus DSM 1313	GSM2071249							no					GEO	SRA357389		public	F900E33DEC912F6D2B4906CF02D1A50B	52A939D95CE9D7B85F259AE1BE0113FE			True	True	True
SRX1599907	SRR3186006	2017-01-31 15:51:13	2016-02-24 16:49:30	23878602	1193930100	0	50	445		https://sra-downloadb.be-md.ncbi.nlm.nih.gov/sos5/sra-pub-zq-11/SRR003/186/SRR3186006/SRR3186006.sralite.1		RNA-Seq	cDNA	TRANSCRIPTOMIC	SINGLE	0	0	ILLUMINA	Illumina HiSeq 2500	SRP070784	PRJNA313094		313094	SRS1309119	SAMN04515309	simple	637887	Acetivibrio thermocellus DSM 1313	GSM2071252							no					GEO	SRA357389		public	956546E8A741EB3148D40540B7445CA6	7AB89352CBE0ECA93213913CD862BF84			True	True	True
SRX1599909	SRR3186008	2017-01-31 15:51:13	2016-02-24 16:47:28	12682223	634111150	0	50	245		https://sra-downloadb.be-md.ncbi.nlm.nih.gov/sos5/sra-pub-zq-11/SRR003/186/SRR3186008/SRR3186008.sralite.1		RNA-Seq	cDNA	TRANSCRIPTOMIC	SINGLE	0	0	ILLUMINA	Illumina HiSeq 2500	SRP070784	PRJNA313094		313094	SRS1309116	SAMN04515311	simple	637887	Acetivibrio thermocellus DSM 1313	GSM2071254							no					GEO	SRA357389		public	44CAABAE2E1C7281FE7F97D351897BEF	E669CB24337889E756DD88E0B62924BA			True	True	True
SRX1599912	SRR3186011	2017-01-31 15:51:13	2016-02-24 16:47:00	14707667	735383350	0	50	274		https://sra-downloadb.be-md.ncbi.nlm.nih.gov/sos5/sra-pub-zq-14/SRR003/186/SRR3186011.sralite.1		RNA-Seq	cDNA	TRANSCRIPTOMIC	SINGLE	0	0	ILLUMINA	Illumina HiSeq 2500	SRP070784	PRJNA313094		313094	SRS1309113	SAMN04515314	simple	637887	Acetivibrio thermocellus DSM 1313	GSM2071257							no					GEO	SRA357389		public	B1516E910BAFF199FA41749FEC9E1F51	66C2EEB7D176DB9C6550524889269215			True	True	True
SRX1728789	SRR3452820	2016-05-02 05:19:26	2016-04-27 05:16:15	60219734	6021973400	0	100	3441		https://sra-downloadb.be-md.ncbi.nlm.nih.gov/sos5/sra-pub-zq-11/SRR003/452/SRR3452820/SRR3452820.sralite.1	OHOG	RNA-Seq	RT-PCR	TRANSCRIPTOMIC	SINGLE	0	0	ILLUMINA	Illumina HiSeq 2000	SRP074026	PRJNA259106		259106	SRS1413337	SAMN03003258	simple	203119	Acetivibrio thermocellus ATCC 27405	1021400							no					JGI	SRA420557		public	D2321C0A463F09E47FFF2EA99EEAAB0D	B95EAA0EC9F890F3C6BA39D6E82CE327			True	True	True
SRX1728792	SRR3452822	2016-05-02 05:26:42	2016-04-27 05:22:36	57482706	5748270600	0	100	3287		https://sra-downloadb.be-md.ncbi.nlm.nih.gov/sos5/sra-pub-zq-14/SRR003/452/SRR3452822.sralite.1	OHOC	RNA-Seq	RT-PCR	TRANSCRIPTOMIC	SINGLE	0	0	ILLUMINA	Illumina HiSeq 2000	SRP074026	PRJNA259106		259106	SRS1413337	SAMN03003258	simple	203119	Acetivibrio thermocellus ATCC 27405	1021400							no					JGI	SRA420557		public	7BA372F4EB7831E3F9D63E100DC2F7A9	AB6662E552329B47243428AF93827028			True	True	True
SRX1728794	SRR3452824	2016-05-02 05:28:46	2016-04-27 05:25:34	82009890	8200989000	0	100	4783		https://sra-downloadb.be-md.ncbi.nlm.nih.gov/sos5/sra-pub-zq-11/SRR003/452/SRR3452824/SRR3452824.sralite.1	OBUH	RNA-Seq	RT-PCR	TRANSCRIPTOMIC	SINGLE	0	0	ILLUMINA	Illumina HiSeq 2500	SRP074026	PRJNA259106		259106	SRS1413337	SAMN03003258	simple	203119	Acetivibrio thermocellus ATCC 27405	1021400							no					JGI	SRA420557		public	F834E94FB06C7795D9FB34E1DC31E757	EDE22527CAEB4F3047D05B569C26CF57			True	True	True
SRX1728795	SRR3452825	2016-05-02 05:28:17	2016-04-27 05:24:20	58673136	5867313600	0	100	3379		https://sra-downloadb.be-md.ncbi.nlm.nih.gov/sos5/sra-pub-zq-14/SRR003/452/SRR3452825.sralite.1	OBUO	RNA-Seq	RT-PCR	TRANSCRIPTOMIC	SINGLE	0	0	ILLUMINA	Illumina HiSeq 2500	SRP074026	PRJNA259106		259106	SRS1413337	SAMN03003258	simple	203119	Acetivibrio thermocellus ATCC 27405	1021400							no					JGI	SRA420557		public	C9A3C66C6A0D983030C2FBD532ADF470	CDFA0C9F7B7FEC1CF136DEAC17214C9A			True	True	True
SRX1728796	SRR3452826	2016-05-02 05:36:04	2016-04-27 05:24:14	71645684	7164568400	0	100	4147		https://sra-downloadb.be-md.ncbi.nlm.nih.gov/sos5/sra-pub-zq-11/SRR003/452/SRR3452826/SRR3452826.sralite.1	OBUP	RNA-Seq	RT-PCR	TRANSCRIPTOMIC	SINGLE	0	0	ILLUMINA	Illumina HiSeq 2500	SRP074026	PRJNA259106		259106	SRS1413337	SAMN03003258	simple	203119	Acetivibrio thermocellus ATCC 27405	1021400							no					JGI	SRA420557		public	2F70D6B1B17C68DC9747C295A5C0D831	F03EA1E9144940A70A1118B3C3174056			True	True	True
SRX1728797	SRR3452827	2016-05-02 05:27:19	2016-04-27 05:24:12	66136948	6613694800	0	100	3809		https://sra-downloadb.be-md.ncbi.nlm.nih.gov/sos5/sra-pub-zq-11/SRR003/452/SRR3452827/SRR3452827.sralite.1	OBUN	RNA-Seq	RT-PCR	TRANSCRIPTOMIC	SINGLE	0	0	ILLUMINA	Illumina HiSeq 2500	SRP074026	PRJNA259106		259106	SRS1413337	SAMN03003258	simple	203119	Acetivibrio thermocellus ATCC 27405	1021400							no					JGI	SRA420557		public	06CE84C8E1E3C93A95F9DFD89AE52FBF	1C2734E91D1B1F9EDECCBAF84C23F0D8			True	True	True
SRX1728800	SRR3452830	2016-05-02 06:26:56	2016-04-27 06:23:04	57416134	5741613400	0	100	3289		https://sra-downloadb.be-md.ncbi.nlm.nih.gov/sos5/sra-pub-zq-11/SRR003/452/SRR3452830/SRR3452830.sralite.1	OBUG	RNA-Seq	RT-PCR	TRANSCRIPTOMIC	SINGLE	0	0	ILLUMINA	Illumina HiSeq 2500	SRP074026	PRJNA259106		259106	SRS1413337	SAMN03003258	simple	203119	Acetivibrio thermocellus ATCC 27405	1021400							no					JGI	SRA420557		public	4C98BBE1DC11C757BDD37EB05F9CFE1C	F4A5EBD129FF5025D75892087D6AC259			True	True	True
SRX1728806	SRR3452837	2016-05-02 05:28:56	2016-04-27 05:24:11	67758720	6775872000	0	100	3968		https://sra-downloadb.be-md.ncbi.nlm.nih.gov/sos5/sra-pub-zq-14/SRR003/452/SRR3452837.sralite.1	OBTY	RNA-Seq	RT-PCR	TRANSCRIPTOMIC	SINGLE	0	0	ILLUMINA	Illumina HiSeq 2500	SRP074026	PRJNA259106		259106	SRS1413337	SAMN03003258	simple	203119	Acetivibrio thermocellus ATCC 27405	1021400							no					JGI	SRA420557		public	BC4E9A70E69C0E5F29422B749425D2DB	484827D9042C8FE00DEE818F2D85BE72			True	True	True
SRX1728807	SRR3452838	2016-05-02 05:30:30	2016-04-27 05:26:43	70855116	7085511600	0	100	4160		https://sra-downloadb.be-md.ncbi.nlm.nih.gov/sos5/sra-pub-zq-14/SRR003/452/SRR3452838.sralite.1	OBTZ	RNA-Seq	RT-PCR	TRANSCRIPTOMIC	SINGLE	0	0	ILLUMINA	Illumina HiSeq 2500	SRP074026	PRJNA259106		259106	SRS1413337	SAMN03003258	simple	203119	Acetivibrio thermocellus ATCC 27405	1021400							no					JGI	SRA420557		public	590359384B797F98B7BB686761C0CBD5	615704EB2846A04DCD9DD094816BD38D			True	True	True
SRX189772	SRR578142	2012-10-19 00:00:00	2012-10-03 10:15:58	187559965	9190438285	0	49	4156		https://sra-downloadb.be-md.ncbi.nlm.nih.gov/sos5/sra-pub-zq-11/SRR000/578/SRR578142/SRR578142.sralite.1		RNA-Seq	other	TRANSCRIPTOMIC	SINGLE	0	0	ILLUMINA	Illumina HiSeq 2000	SRP002548	PRJNA274943	2.0	274943	SRS074210	SAMN00014193	simple	203119	Acetivibrio thermocellus ATCC 27405	C. thermocellum ATCC 27405							no					OAK RIDGE NATIONAL LABORATORY	SRA019963		public	AB99AE6C7D8EA57BD20AA048533A9F5A	B1C75B5104191D30E5CF73BC299723CB			False	True	False
SRX202839	SRR620218;SRR620219;SRR620229;SRR620238;SRR620324;SRR620325;SRR620327;SRR620532	2013-05-15 00:00:00	2012-11-27 20:43:26	102205685	5212489935	0	51	3593		https://sra-downloadb.be-md.ncbi.nlm.nih.gov/sos5/sra-pub-zq-11/SRR000/620/SRR620532/SRR620532.sralite.1		RNA-Seq	RANDOM	TRANSCRIPTOMIC	SINGLE	0	0	ILLUMINA	Illumina HiSeq 2000	SRP017043	PRJNA178723		178723	SRS373637	SAMN01797687	simple	203119	Acetivibrio thermocellus ATCC 27405	Clostridium thermocellum 27405 RNA Seq from Populus and switchgrass fermentations							no					OAK RIDGE NATIONAL LABORATORY	SRA060947		public	8944F40FDC02B71940E403973C2F726A	9D3C16EEA90527E8790EC5B334F061EA			True	True	True
SRX21590719	SRR25869318	2023-09-01 12:12:18	2023-09-01 11:46:02	12576408	3772922400	0	300	2442		https://sra-downloadb.be-md.ncbi.nlm.nih.gov/sos9/sra-pub-zq-922/SRR025/25869/SRR25869318/SRR25869318.lite.1	Avicel-M3-1	RNA-Seq	RANDOM	TRANSCRIPTOMIC	SINGLE	0	0	ILLUMINA	Illumina HiSeq 1000	SRP457988	PRJNA1009221		1009221	SRS18768292	SAMN37148416	simple	1515	Acetivibrio thermocellus	Avicel_M3-1							no					HEILONGJIANG UNIVERSITY OF SCIENCE AND TECHNOLOGY	SRA1703750		public	66077A06461ACEAEC43A72CA3BCB7CBC	7368438B3195AD35761B63D54C6D842F			True	True	False
SRX21590720	SRR25869317	2023-09-01 12:12:18	2023-09-01 11:48:12	14610257	4383077100	0	300	2764		https://sra-downloadb.be-md.ncbi.nlm.nih.gov/sos9/sra-pub-zq-922/SRR025/25869/SRR25869317/SRR25869317.lite.1	Avicel-M3-2	RNA-Seq	RANDOM	TRANSCRIPTOMIC	SINGLE	0	0	ILLUMINA	Illumina HiSeq 1000	SRP457988	PRJNA1009221		1009221	SRS18768293	SAMN37148417	simple	1515	Acetivibrio thermocellus	Avicel_M3-2							no					HEILONGJIANG UNIVERSITY OF SCIENCE AND TECHNOLOGY	SRA1703750		public	695B83DAC51E730754ED66AED0CF26C0	7E5B38D6CB8DD5E1619F6E5B6029027E			True	True	False
SRX21590721	SRR25869316	2023-09-01 12:12:18	2023-09-01 11:48:10	17741001	5322300300	0	300	3384		https://sra-downloadb.be-md.ncbi.nlm.nih.gov/sos9/sra-pub-zq-922/SRR025/25869/SRR25869316/SRR25869316.lite.1	Avicel-M3-3	RNA-Seq	RANDOM	TRANSCRIPTOMIC	SINGLE	0	0	ILLUMINA	Illumina HiSeq 1000	SRP457988	PRJNA1009221		1009221	SRS18768294	SAMN37148418	simple	1515	Acetivibrio thermocellus	Avicel_M3-3							no					HEILONGJIANG UNIVERSITY OF SCIENCE AND TECHNOLOGY	SRA1703750		public	17A9895195584CD9798D2A3EEB8185EE	6D1660E8C1AFE1707A2CE993B086BD24			True	True	False
SRX21590722	SRR25869315	2023-09-01 12:12:18	2023-09-01 11:53:03	27002687	8100806100	0	300	4949		https://sra-downloadb.be-md.ncbi.nlm.nih.gov/sos9/sra-pub-zq-922/SRR025/25869/SRR25869315/SRR25869315.lite.1	Cellobiose-M3-1	RNA-Seq	RANDOM	TRANSCRIPTOMIC	SINGLE	0	0	ILLUMINA	Illumina HiSeq 1000	SRP457988	PRJNA1009221		1009221	SRS18768296	SAMN37148419	simple	1515	Acetivibrio thermocellus	Cellobiose_M3-1							no					HEILONGJIANG UNIVERSITY OF SCIENCE AND TECHNOLOGY	SRA1703750		public	D0BBFC0BB172BBCA01893397FDC5D61E	742E1F5DB899603BF91A0CEA1C2C678E			True	True	False
SRX21590723	SRR25869314	2023-09-01 13:27:40	2023-09-01 12:04:11	24220285	7266085500	0	300	2584		https://sra-downloadb.be-md.ncbi.nlm.nih.gov/sos9/sra-pub-zq-922/SRR025/25869/SRR25869314/SRR25869314.lite.1	Cellobiose-M3-2	RNA-Seq	RANDOM	TRANSCRIPTOMIC	SINGLE	0	0	ILLUMINA	Illumina HiSeq 1000	SRP457988	PRJNA1009221		1009221	SRS18768298	SAMN37148420	simple	1515	Acetivibrio thermocellus	Cellobiose_M3-2							no					HEILONGJIANG UNIVERSITY OF SCIENCE AND TECHNOLOGY	SRA1703750		public	A626C2F231557F6C060C9869B652FD48	50A8383BC2767442C681F120C807DEA5			True	True	False
SRX21590724	SRR25869313	2023-09-01 12:12:18	2023-09-01 11:47:13	16749360	5024808000	0	300	3221		https://sra-downloadb.be-md.ncbi.nlm.nih.gov/sos9/sra-pub-zq-922/SRR025/25869/SRR25869313/SRR25869313.lite.1	Cellobiose-M3-3	RNA-Seq	RANDOM	TRANSCRIPTOMIC	SINGLE	0	0	ILLUMINA	Illumina HiSeq 1000	SRP457988	PRJNA1009221		1009221	SRS18768297	SAMN37148421	simple	1515	Acetivibrio thermocellus	Cellobiose_M3-3							no					HEILONGJIANG UNIVERSITY OF SCIENCE AND TECHNOLOGY	SRA1703750		public	754AC2BD17AA14CD35DC89C77A11B456	9D700C09C2E0F79CE55F2B2599CFB477			True	True	False
SRX2193597	SRR4299004;SRR4299005	2016-09-29 16:56:36	2016-09-27 17:35:12	1437276	213681889	1437276	148	71		https://sra-downloadb.be-md.ncbi.nlm.nih.gov/sos5/sra-pub-zq-11/SRR004/299/SRR4299005/SRR4299005.sralite.1		RNA-Seq	cDNA	TRANSCRIPTOMIC	PAIRED	0	0	ILLUMINA	Illumina MiSeq	SRP090521	PRJNA344675	2.0	344675	SRS1716055	SAMN05830628	simple	203119	Acetivibrio thermocellus ATCC 27405	GSM2330270							no					GEO	SRA480534		public	0E9F00CEC6C99B3F966D2C6E79EEF0C0	2A8FCEDB0FD6F2F8C3748E157FA1CF88			True	True	True
SRX2193598	SRR4299006;SRR4299007	2016-09-29 16:56:36	2016-09-27 17:35:05	1219620	183387057	1219620	150	61		https://sra-downloadb.be-md.ncbi.nlm.nih.gov/sos5/sra-pub-zq-14/SRR004/299/SRR4299007.sralite.1		RNA-Seq	cDNA	TRANSCRIPTOMIC	PAIRED	0	0	ILLUMINA	Illumina MiSeq	SRP090521	PRJNA344675	2.0	344675	SRS1716056	SAMN05830627	simple	203119	Acetivibrio thermocellus ATCC 27405	GSM2330271							no					GEO	SRA480534		public	0CF45F9131AFA1E75AB9CF8B1FBEC816	1A0CB23649C1C6A7B06FA62A1A5B508E			True	True	True
SRX2193599	SRR4299008;SRR4299009	2016-09-29 16:56:36	2016-09-27 17:35:04	1272692	190164582	1272692	149	63		https://sra-downloadb.be-md.ncbi.nlm.nih.gov/sos5/sra-pub-zq-14/SRR004/299/SRR4299009.sralite.1		RNA-Seq	cDNA	TRANSCRIPTOMIC	PAIRED	0	0	ILLUMINA	Illumina MiSeq	SRP090521	PRJNA344675	2.0	344675	SRS1716057	SAMN05830626	simple	203119	Acetivibrio thermocellus ATCC 27405	GSM2330272							no					GEO	SRA480534		public	509D657D4097C2920BC120A0DFA6B9E7	AD835926FE90860D3DC83CD45166933B			True	True	True
SRX2193600	SRR4299010;SRR4299011	2016-09-29 16:56:36	2016-09-27 17:35:14	1365258	203841575	1365258	149	68		https://sra-downloadb.be-md.ncbi.nlm.nih.gov/sos5/sra-pub-zq-14/SRR004/299/SRR4299011.sralite.1		RNA-Seq	cDNA	TRANSCRIPTOMIC	PAIRED	0	0	ILLUMINA	Illumina MiSeq	SRP090521	PRJNA344675	2.0	344675	SRS1716058	SAMN05830625	simple	203119	Acetivibrio thermocellus ATCC 27405	GSM2330273							no					GEO	SRA480534		public	3CABFA20BC74F1092F43BACDDAE2CF68	AAEBDA2F2C4CBDD5CBB37B5677DAB70A			True	True	True
SRX2193601	SRR4299012;SRR4299013	2016-09-29 16:56:36	2016-09-27 17:35:13	1587822	237250257	1587822	149	80		https://sra-downloadb.be-md.ncbi.nlm.nih.gov/sos5/sra-pub-zq-11/SRR004/299/SRR4299013/SRR4299013.sralite.1		RNA-Seq	cDNA	TRANSCRIPTOMIC	PAIRED	0	0	ILLUMINA	Illumina MiSeq	SRP090521	PRJNA344675	2.0	344675	SRS1716059	SAMN05830635	simple	203119	Acetivibrio thermocellus ATCC 27405	GSM2330274							no					GEO	SRA480534		public	FBB17614FEF38979C6D64389EA3175D7	64C1E1BF99835ECAC0A2686119ECF263			True	True	True
SRX2193603	SRR4299016;SRR4299017	2016-09-29 16:56:36	2016-09-27 17:35:25	1572863	235482722	1572863	149	78		https://sra-downloadb.be-md.ncbi.nlm.nih.gov/sos5/sra-pub-zq-11/SRR004/299/SRR4299017/SRR4299017.sralite.1		RNA-Seq	cDNA	TRANSCRIPTOMIC	PAIRED	0	0	ILLUMINA	Illumina MiSeq	SRP090521	PRJNA344675	2.0	344675	SRS1716061	SAMN05830633	simple	203119	Acetivibrio thermocellus ATCC 27405	GSM2330276							no					GEO	SRA480534		public	E671F3CC30CCC16A9E5BC4F94EBCEECF	7F97E7F2E6E376DAAAED95805E8B392B			True	True	True
SRX2193604	SRR4299018;SRR4299019	2016-09-29 16:56:36	2016-09-27 17:35:21	1335067	199388396	1335067	149	66		https://sra-downloadb.be-md.ncbi.nlm.nih.gov/sos5/sra-pub-zq-14/SRR004/299/SRR4299019.sralite.1		RNA-Seq	cDNA	TRANSCRIPTOMIC	PAIRED	0	0	ILLUMINA	Illumina MiSeq	SRP090521	PRJNA344675	2.0	344675	SRS1716062	SAMN05830632	simple	203119	Acetivibrio thermocellus ATCC 27405	GSM2330277							no					GEO	SRA480534		public	AB30CAB9AA55577071AF4A76C89DEAD6	C762B9757F9467EB7EA1E3C030CB03C6			True	True	True
SRX25920392	SRR30495852	2025-08-31 06:23:48	2024-09-01 04:25:33	25841983	7804278866	25841983	302	3017		https://sra-downloadb.be-md.ncbi.nlm.nih.gov/sos1/sra-pub-zq-38/SRR030/30495/SRR30495852/SRR30495852.lite.1	GSM8490582	RNA-Seq	cDNA	TRANSCRIPTOMIC	PAIRED	0	0	ILLUMINA	Illumina HiSeq 4000	SRP529719	PRJNA1154628		1154628	SRS22508347	SAMN43429980	simple	637887	Acetivibrio thermocellus DSM 1313	GSM8490582							no					KJC C THERM, BIOENERGETICS, NREL	SRA1959963		public	E4D91AC5A647FCD19FE7E038AABF2D4C	7ADB054AAAD4A669D2E664B5C91F404A			True	True	True
SRX25920393	SRR30495851	2025-08-31 06:23:47	2024-09-01 05:39:00	25141860	7592841720	25141860	302	2940		https://sra-downloadb.be-md.ncbi.nlm.nih.gov/sos1/sra-pub-zq-38/SRR030/30495/SRR30495851/SRR30495851.lite.1	GSM8490583	RNA-Seq	cDNA	TRANSCRIPTOMIC	PAIRED	0	0	ILLUMINA	Illumina HiSeq 4000	SRP529719	PRJNA1154628		1154628	SRS22508350	SAMN43429979	simple	637887	Acetivibrio thermocellus DSM 1313	GSM8490583							no					KJC C THERM, BIOENERGETICS, NREL	SRA1959963		public	3F9C098A304EC61E5CCA2D7B7EF31E48	4648537D31178CF9E6D8B76CEBA0A20C			True	True	True
SRX25920394	SRR30495850	2025-08-31 06:23:48	2024-09-01 04:27:19	35506640	10723005280	35506640	302	4141		https://sra-downloadb.be-md.ncbi.nlm.nih.gov/sos1/sra-pub-zq-38/SRR030/30495/SRR30495850/SRR30495850.lite.1	GSM8490584	RNA-Seq	cDNA	TRANSCRIPTOMIC	PAIRED	0	0	ILLUMINA	Illumina HiSeq 4000	SRP529719	PRJNA1154628		1154628	SRS22508349	SAMN43429978	simple	637887	Acetivibrio thermocellus DSM 1313	GSM8490584							no					KJC C THERM, BIOENERGETICS, NREL	SRA1959963		public	B4A343F9BE749342CD508954C66291F4	41A832E6CBE5AD46A2624B25268FD94B			True	True	True
SRX25920395	SRR30495849	2025-08-31 06:23:47	2024-09-01 04:22:51	31206799	9424453298	31206799	302	3631		https://sra-downloadb.be-md.ncbi.nlm.nih.gov/sos1/sra-pub-zq-38/SRR030/30495/SRR30495849/SRR30495849.lite.1	GSM8490585	RNA-Seq	cDNA	TRANSCRIPTOMIC	PAIRED	0	0	ILLUMINA	Illumina HiSeq 4000	SRP529719	PRJNA1154628		1154628	SRS22508351	SAMN43429977	simple	637887	Acetivibrio thermocellus DSM 1313	GSM8490585							no					KJC C THERM, BIOENERGETICS, NREL	SRA1959963		public	6EE2573248AB8CFA71BF981D1694C8C8	C65972F4EE78FED22507005EDE7857E5			True	True	True
SRX25920396	SRR30495848	2025-08-31 06:23:47	2024-09-01 04:24:35	24927450	7528089900	24927450	302	2908		https://sra-downloadb.be-md.ncbi.nlm.nih.gov/sos1/sra-pub-zq-38/SRR030/30495/SRR30495848/SRR30495848.lite.1	GSM8490586	RNA-Seq	cDNA	TRANSCRIPTOMIC	PAIRED	0	0	ILLUMINA	Illumina HiSeq 4000	SRP529719	PRJNA1154628		1154628	SRS22508352	SAMN43429976	simple	637887	Acetivibrio thermocellus DSM 1313	GSM8490586							no					KJC C THERM, BIOENERGETICS, NREL	SRA1959963		public	F967EF51598D6E252D5C79681A80406E	0B75315F6744443E9D0A4BEBB76251E8			True	True	True
SRX25920397	SRR30495847	2025-08-31 06:23:48	2024-09-01 04:27:40	32555361	9831719022	32555361	302	3788		https://sra-downloadb.be-md.ncbi.nlm.nih.gov/sos1/sra-pub-zq-38/SRR030/30495/SRR30495847/SRR30495847.lite.1	GSM8490587	RNA-Seq	cDNA	TRANSCRIPTOMIC	PAIRED	0	0	ILLUMINA	Illumina HiSeq 4000	SRP529719	PRJNA1154628		1154628	SRS22508353	SAMN43429975	simple	637887	Acetivibrio thermocellus DSM 1313	GSM8490587							no					KJC C THERM, BIOENERGETICS, NREL	SRA1959963		public	7EFA82B863991351619F2A29A55FF98E	FE1D630F227377D27E5FE95988EA2C2A			True	True	True
SRX25920398	SRR30495846	2025-08-31 06:23:48	2024-08-30 15:18:51	33872000	10229344000	33872000	302	3947		https://sra-downloadb.be-md.ncbi.nlm.nih.gov/sos1/sra-pub-zq-38/SRR030/30495/SRR30495846/SRR30495846.lite.1	GSM8490588	RNA-Seq	cDNA	TRANSCRIPTOMIC	PAIRED	0	0	ILLUMINA	Illumina HiSeq 4000	SRP529719	PRJNA1154628		1154628	SRS22508354	SAMN43429974	simple	637887	Acetivibrio thermocellus DSM 1313	GSM8490588							no					KJC C THERM, BIOENERGETICS, NREL	SRA1959963		public	6E1E5C37B7612029C625F9B4256BA600	99AB1312851D0969FB9DFACA82CDDDC5			True	True	True
SRX25920399	SRR30495845	2025-08-31 06:23:48	2024-08-30 15:15:49	28064358	8475436116	28064358	302	3253		https://sra-downloadb.be-md.ncbi.nlm.nih.gov/sos1/sra-pub-zq-38/SRR030/30495/SRR30495845/SRR30495845.lite.1	GSM8490589	RNA-Seq	cDNA	TRANSCRIPTOMIC	PAIRED	0	0	ILLUMINA	Illumina HiSeq 4000	SRP529719	PRJNA1154628		1154628	SRS22508355	SAMN43429973	simple	637887	Acetivibrio thermocellus DSM 1313	GSM8490589							no					KJC C THERM, BIOENERGETICS, NREL	SRA1959963		public	9565808D7A54677571D9F120BD63BECF	705534CE77940DBA0598B7E588B506D7			True	True	True
SRX25920400	SRR30495844	2025-08-31 06:23:47	2024-08-30 15:15:33	25771627	7783031354	25771627	302	2983		https://sra-downloadb.be-md.ncbi.nlm.nih.gov/sos1/sra-pub-zq-38/SRR030/30495/SRR30495844/SRR30495844.lite.1	GSM8490590	RNA-Seq	cDNA	TRANSCRIPTOMIC	PAIRED	0	0	ILLUMINA	Illumina HiSeq 4000	SRP529719	PRJNA1154628		1154628	SRS22508358	SAMN43429972	simple	637887	Acetivibrio thermocellus DSM 1313	GSM8490590							no					KJC C THERM, BIOENERGETICS, NREL	SRA1959963		public	1C20E65E2BBF31B9054E4802976B310B	CA5153110CD7EDAB9C59F286F1711F4B			True	True	True
SRX25920401	SRR30495843	2025-08-31 06:23:47	2024-08-30 15:13:35	24608182	7431670964	24608182	302	2875		https://sra-downloadb.be-md.ncbi.nlm.nih.gov/sos1/sra-pub-zq-38/SRR030/30495/SRR30495843/SRR30495843.lite.1	GSM8490591	RNA-Seq	cDNA	TRANSCRIPTOMIC	PAIRED	0	0	ILLUMINA	Illumina HiSeq 4000	SRP529719	PRJNA1154628		1154628	SRS22508357	SAMN43429971	simple	637887	Acetivibrio thermocellus DSM 1313	GSM8490591							no					KJC C THERM, BIOENERGETICS, NREL	SRA1959963		public	798D8B78850A38107FA27E44ED5A5B40	20777693FE96B5CD3AC1E428962144C5			True	True	True
SRX25920402	SRR30495842	2025-08-31 06:23:47	2024-08-30 15:14:09	29008184	8760471568	29008184	302	3387		https://sra-downloadb.be-md.ncbi.nlm.nih.gov/sos1/sra-pub-zq-38/SRR030/30495/SRR30495842/SRR30495842.lite.1	GSM8490592	RNA-Seq	cDNA	TRANSCRIPTOMIC	PAIRED	0	0	ILLUMINA	Illumina HiSeq 4000	SRP529719	PRJNA1154628		1154628	SRS22508356	SAMN43429970	simple	637887	Acetivibrio thermocellus DSM 1313	GSM8490592							no					KJC C THERM, BIOENERGETICS, NREL	SRA1959963		public	E4C899648277C11349F65538B4FED220	6BF9626AFEBB2EF71DDD353C221643C3			True	True	True
SRX25920403	SRR30495841	2025-08-31 06:23:47	2024-08-30 15:14:26	30392252	9178460104	30392252	302	3545		https://sra-downloadb.be-md.ncbi.nlm.nih.gov/sos1/sra-pub-zq-38/SRR030/30495/SRR30495841/SRR30495841.lite.1	GSM8490593	RNA-Seq	cDNA	TRANSCRIPTOMIC	PAIRED	0	0	ILLUMINA	Illumina HiSeq 4000	SRP529719	PRJNA1154628		1154628	SRS22508359	SAMN43429969	simple	637887	Acetivibrio thermocellus DSM 1313	GSM8490593							no					KJC C THERM, BIOENERGETICS, NREL	SRA1959963		public	F8942352D06F93EE1414197DAE265E4F	20E3DC4483A3C058D493E556386DCA8E			True	True	True
SRX25920404	SRR30495840	2025-08-31 06:23:48	2024-08-30 15:13:59	28664481	8656673262	28664481	302	3351		https://sra-downloadb.be-md.ncbi.nlm.nih.gov/sos1/sra-pub-zq-38/SRR030/30495/SRR30495840/SRR30495840.lite.1	GSM8490594	RNA-Seq	cDNA	TRANSCRIPTOMIC	PAIRED	0	0	ILLUMINA	Illumina HiSeq 4000	SRP529719	PRJNA1154628		1154628	SRS22508360	SAMN43429968	simple	637887	Acetivibrio thermocellus DSM 1313	GSM8490594							no					KJC C THERM, BIOENERGETICS, NREL	SRA1959963		public	1305D745E42220B6DF5ED590F0800653	E5916DC0CE292B26B3DB5F3DC165597A			True	True	True
SRX25920405	SRR30495839	2025-08-31 06:23:48	2024-08-30 15:13:55	27410277	8277903654	27410277	302	3184		https://sra-downloadb.be-md.ncbi.nlm.nih.gov/sos1/sra-pub-zq-38/SRR030/30495/SRR30495839/SRR30495839.lite.1	GSM8490595	RNA-Seq	cDNA	TRANSCRIPTOMIC	PAIRED	0	0	ILLUMINA	Illumina HiSeq 4000	SRP529719	PRJNA1154628		1154628	SRS22508361	SAMN43429967	simple	637887	Acetivibrio thermocellus DSM 1313	GSM8490595							no					KJC C THERM, BIOENERGETICS, NREL	SRA1959963		public	6CF188F5734F60E3D55A14C2CA6FAE32	A252FC2DED1C1282ADC2B09796FCA030			True	True	True
SRX25920406	SRR30495838	2025-08-31 06:23:48	2024-08-30 15:17:35	26377067	7965874234	26377067	302	3079		https://sra-downloadb.be-md.ncbi.nlm.nih.gov/sos1/sra-pub-zq-38/SRR030/30495/SRR30495838/SRR30495838.lite.1	GSM8490596	RNA-Seq	cDNA	TRANSCRIPTOMIC	PAIRED	0	0	ILLUMINA	Illumina HiSeq 4000	SRP529719	PRJNA1154628		1154628	SRS22508362	SAMN43429966	simple	637887	Acetivibrio thermocellus DSM 1313	GSM8490596							no					KJC C THERM, BIOENERGETICS, NREL	SRA1959963		public	7F930511CDF73005CE2CBD8360421F99	60693D59A9BE35856CE2A7F6FEB0BC6B			True	True	True
SRX27114720	SRR31752911	2025-10-23 01:32:36	2024-12-17 21:26:12	207331	19074452	207331	92	7		https://sra-downloadb.be-md.ncbi.nlm.nih.gov/sos7/sra-pub-zq-41/SRR031/31752/SRR31752911/SRR31752911.lite.1	GSM8687144	RNA-Seq	cDNA	TRANSCRIPTOMIC	PAIRED	0	0	ILLUMINA	Illumina NovaSeq 6000	SRP552154	PRJNA1199580		1199580	SRS23572587	SAMN45882482	simple	1515	Acetivibrio thermocellus	GSM8687144							no					SCHWARTZ LAB, MOLECULAR GENETICS, WEIZMANN INSITUTE OF SCIENCE	SRA2036717		public	FFF79483A39B3FBED0EE3D90FDC4922D	B01CD112CC3F956F6E73F64AEBFD6B77			True	False	False
SRX27114721	SRR31752910	2025-10-23 01:32:36	2024-12-17 21:25:46	465388	42815696	465388	92	15		https://sra-downloadb.be-md.ncbi.nlm.nih.gov/sos7/sra-pub-zq-41/SRR031/31752/SRR31752910/SRR31752910.lite.1	GSM8687145	RNA-Seq	cDNA	TRANSCRIPTOMIC	PAIRED	0	0	ILLUMINA	Illumina NovaSeq 6000	SRP552154	PRJNA1199580		1199580	SRS23572588	SAMN45882481	simple	1515	Acetivibrio thermocellus	GSM8687145							no					SCHWARTZ LAB, MOLECULAR GENETICS, WEIZMANN INSITUTE OF SCIENCE	SRA2036717		public	7FAFB9C2BC5D295CE93C2CC154A68899	EA5D218BCDD474D39098C419F8991C08			True	False	False
SRX27114722	SRR31752907	2025-10-23 01:32:36	2024-12-17 21:26:07	255528	23508576	255528	92	8		https://sra-downloadb.be-md.ncbi.nlm.nih.gov/sos7/sra-pub-zq-41/SRR031/31752/SRR31752907/SRR31752907.lite.1	GSM8687146	RNA-Seq	cDNA	TRANSCRIPTOMIC	PAIRED	0	0	ILLUMINA	Illumina NovaSeq 6000	SRP552154	PRJNA1199580		1199580	SRS23572589	SAMN45882480	simple	1515	Acetivibrio thermocellus	GSM8687146							no					SCHWARTZ LAB, MOLECULAR GENETICS, WEIZMANN INSITUTE OF SCIENCE	SRA2036717		public	03A0107F29056BA02C2AB817564F4FDC	E93A96DA2B94F5BDBCE99C16ABB34C6B			True	False	False
SRX27114723	SRR31752906	2025-10-23 01:32:36	2024-12-17 21:25:39	321695	29595940	321695	92	10		https://sra-downloadb.be-md.ncbi.nlm.nih.gov/sos7/sra-pub-zq-41/SRR031/31752/SRR31752906/SRR31752906.lite.1	GSM8687147	RNA-Seq	cDNA	TRANSCRIPTOMIC	PAIRED	0	0	ILLUMINA	Illumina NovaSeq 6000	SRP552154	PRJNA1199580		1199580	SRS23572593	SAMN45882479	simple	1515	Acetivibrio thermocellus	GSM8687147							no					SCHWARTZ LAB, MOLECULAR GENETICS, WEIZMANN INSITUTE OF SCIENCE	SRA2036717		public	F6847902F54ED5B89099C5CE16118C17	58E101C1B6B1371D96AB07EA549BC5B8			True	False	False
SRX27114725	SRR31752905	2025-10-23 01:32:37	2024-12-17 21:26:10	516594	47526648	516594	92	17		https://sra-downloadb.be-md.ncbi.nlm.nih.gov/sos7/sra-pub-zq-41/SRR031/31752/SRR31752905/SRR31752905.lite.1	GSM8687149	RNA-Seq	cDNA	TRANSCRIPTOMIC	PAIRED	0	0	ILLUMINA	Illumina NovaSeq 6000	SRP552154	PRJNA1199580		1199580	SRS23572590	SAMN45882477	simple	1515	Acetivibrio thermocellus	GSM8687149							no					SCHWARTZ LAB, MOLECULAR GENETICS, WEIZMANN INSITUTE OF SCIENCE	SRA2036717		public	656C4C42637E776777D95337C9B372C7	AFA5D35F2B08B1FE104B76BC8D8246CA			True	False	False
SRX27114726	SRR31752909	2025-10-23 01:32:37	2024-12-17 21:26:00	285648	26279616	285648	92	9		https://sra-downloadb.be-md.ncbi.nlm.nih.gov/sos7/sra-pub-zq-41/SRR031/31752/SRR31752909/SRR31752909.lite.1	GSM8687150	RNA-Seq	cDNA	TRANSCRIPTOMIC	PAIRED	0	0	ILLUMINA	Illumina NovaSeq 6000	SRP552154	PRJNA1199580		1199580	SRS23572592	SAMN45882476	simple	1515	Acetivibrio thermocellus	GSM8687150							no					SCHWARTZ LAB, MOLECULAR GENETICS, WEIZMANN INSITUTE OF SCIENCE	SRA2036717		public	6BB88B5E26A0B96C86788CF5A3C98F43	FA3682155629382F70A548CCA1C2ADCD			True	False	False
SRX27114727	SRR31752904	2025-10-23 01:32:37	2024-12-17 21:25:57	361664	33273088	361664	92	12		https://sra-downloadb.be-md.ncbi.nlm.nih.gov/sos7/sra-pub-zq-41/SRR031/31752/SRR31752904/SRR31752904.lite.1	GSM8687151	RNA-Seq	cDNA	TRANSCRIPTOMIC	PAIRED	0	0	ILLUMINA	Illumina NovaSeq 6000	SRP552154	PRJNA1199580		1199580	SRS23572594	SAMN45882475	simple	1515	Acetivibrio thermocellus	GSM8687151							no					SCHWARTZ LAB, MOLECULAR GENETICS, WEIZMANN INSITUTE OF SCIENCE	SRA2036717		public	619383DBA488FBAA899621CEC8CA814D	D40A2E8B14650152322F5C92F51F0304			True	False	False
SRX27114728	SRR31752903	2025-10-23 01:32:36	2024-12-17 21:26:01	429451	39509492	429451	92	14		https://sra-downloadb.be-md.ncbi.nlm.nih.gov/sos7/sra-pub-zq-41/SRR031/31752/SRR31752903/SRR31752903.lite.1	GSM8687152	RNA-Seq	cDNA	TRANSCRIPTOMIC	PAIRED	0	0	ILLUMINA	Illumina NovaSeq 6000	SRP552154	PRJNA1199580		1199580	SRS23572596	SAMN45882474	simple	1515	Acetivibrio thermocellus	GSM8687152							no					SCHWARTZ LAB, MOLECULAR GENETICS, WEIZMANN INSITUTE OF SCIENCE	SRA2036717		public	722FB99B71147A5FE2282C6561201B5D	0FB07201ACCE3605A72A5CBF1A95F5CB			True	False	False
SRX27114729	SRR31752900	2025-10-23 01:32:41	2024-12-17 21:25:59	679222	62488424	679222	92	22		https://sra-downloadb.be-md.ncbi.nlm.nih.gov/sos7/sra-pub-zq-41/SRR031/31752/SRR31752900/SRR31752900.lite.1	GSM8687153	RNA-Seq	cDNA	TRANSCRIPTOMIC	PAIRED	0	0	ILLUMINA	Illumina NovaSeq 6000	SRP552154	PRJNA1199580		1199580	SRS23572595	SAMN45882473	simple	1515	Acetivibrio thermocellus	GSM8687153							no					SCHWARTZ LAB, MOLECULAR GENETICS, WEIZMANN INSITUTE OF SCIENCE	SRA2036717		public	73EBE31F8C91BBFCB3D398A0C014758D	669BE0312FD3B1A1BD766F0AC91334A2			True	False	False
SRX27114730	SRR31752899	2025-10-23 01:32:41	2024-12-17 21:26:13	679605	62523660	679605	92	21		https://sra-downloadb.be-md.ncbi.nlm.nih.gov/sos7/sra-pub-zq-41/SRR031/31752/SRR31752899/SRR31752899.lite.1	GSM8687154	RNA-Seq	cDNA	TRANSCRIPTOMIC	PAIRED	0	0	ILLUMINA	Illumina NovaSeq 6000	SRP552154	PRJNA1199580		1199580	SRS23572597	SAMN45882472	simple	1515	Acetivibrio thermocellus	GSM8687154							no					SCHWARTZ LAB, MOLECULAR GENETICS, WEIZMANN INSITUTE OF SCIENCE	SRA2036717		public	E45B39ADA6AF42FE57B7128C480F7934	99645F93DD52F897C74E2C17219F75DA			True	False	False
SRX27114732	SRR31752898	2025-10-23 01:32:41	2024-12-17 21:26:02	731870	67332040	731870	92	23		https://sra-downloadb.be-md.ncbi.nlm.nih.gov/sos7/sra-pub-zq-41/SRR031/31752/SRR31752898/SRR31752898.lite.1	GSM8687156	RNA-Seq	cDNA	TRANSCRIPTOMIC	PAIRED	0	0	ILLUMINA	Illumina NovaSeq 6000	SRP552154	PRJNA1199580		1199580	SRS23572600	SAMN45882470	simple	1515	Acetivibrio thermocellus	GSM8687156							no					SCHWARTZ LAB, MOLECULAR GENETICS, WEIZMANN INSITUTE OF SCIENCE	SRA2036717		public	983D92BEFBCDADCFC8558D5ACDCB7601	BE5874CA6DC450DF7C4F8E79844CC99A			True	False	False
SRX27114733	SRR31752902	2025-10-23 01:32:41	2024-12-17 21:26:20	1526002	140392184	1526002	92	48		https://sra-downloadb.be-md.ncbi.nlm.nih.gov/sos7/sra-pub-zq-41/SRR031/31752/SRR31752902/SRR31752902.lite.1	GSM8687157	RNA-Seq	cDNA	TRANSCRIPTOMIC	PAIRED	0	0	ILLUMINA	Illumina NovaSeq 6000	SRP552154	PRJNA1199580		1199580	SRS23572599	SAMN45882469	simple	1515	Acetivibrio thermocellus	GSM8687157							no					SCHWARTZ LAB, MOLECULAR GENETICS, WEIZMANN INSITUTE OF SCIENCE	SRA2036717		public	AC9FED2D6A583444FFBDD6229B331A99	8F067B7BE6B518EF7050D0E2C4170096			True	False	False
SRX27114734	SRR31752897	2025-10-23 01:32:41	2024-12-17 21:26:21	1341169	123387548	1341169	92	42		https://sra-downloadb.be-md.ncbi.nlm.nih.gov/sos7/sra-pub-zq-41/SRR031/31752/SRR31752897/SRR31752897.lite.1	GSM8687158	RNA-Seq	cDNA	TRANSCRIPTOMIC	PAIRED	0	0	ILLUMINA	Illumina NovaSeq 6000	SRP552154	PRJNA1199580		1199580	SRS23572601	SAMN45882468	simple	1515	Acetivibrio thermocellus	GSM8687158							no					SCHWARTZ LAB, MOLECULAR GENETICS, WEIZMANN INSITUTE OF SCIENCE	SRA2036717		public	0AA9A3B01348CF8C5984BFF15CC3B83C	2A9AD2E35272020A17C46E9CE8FF2D65			True	False	False
SRX27114735	SRR31752882	2025-10-23 01:32:42	2024-12-17 21:26:07	1068600	98311200	1068600	92	34		https://sra-downloadb.be-md.ncbi.nlm.nih.gov/sos7/sra-pub-zq-41/SRR031/31752/SRR31752882/SRR31752882.lite.1	GSM8687159	RNA-Seq	cDNA	TRANSCRIPTOMIC	PAIRED	0	0	ILLUMINA	Illumina NovaSeq 6000	SRP552154	PRJNA1199580		1199580	SRS23572602	SAMN45882467	simple	1515	Acetivibrio thermocellus	GSM8687159							no					SCHWARTZ LAB, MOLECULAR GENETICS, WEIZMANN INSITUTE OF SCIENCE	SRA2036717		public	1FD6973F90500712D3465A9A248FCE86	C876173E48807E6E4A7D0D8B8B1F35EC			True	False	False
SRX27114736	SRR31752893	2025-10-23 01:32:45	2024-12-17 21:25:58	386628	35569776	386628	92	13		https://sra-downloadb.be-md.ncbi.nlm.nih.gov/sos7/sra-pub-zq-41/SRR031/31752/SRR31752893/SRR31752893.lite.1	GSM8687188	RNA-Seq	cDNA	TRANSCRIPTOMIC	PAIRED	0	0	ILLUMINA	Illumina NovaSeq 6000	SRP552154	PRJNA1199580		1199580	SRS23572603	SAMN45882438	simple	1515	Acetivibrio thermocellus	GSM8687188							no					SCHWARTZ LAB, MOLECULAR GENETICS, WEIZMANN INSITUTE OF SCIENCE	SRA2036717		public	3B45A94D8D46D3DD564F03F0DD62C810	1A4BBCB56AE6842C4182E8BC8B8587E7			True	False	False
SRX27114737	SRR31752892	2025-10-23 01:32:46	2024-12-17 21:25:56	497172	45739824	497172	92	17		https://sra-downloadb.be-md.ncbi.nlm.nih.gov/sos7/sra-pub-zq-41/SRR031/31752/SRR31752892/SRR31752892.lite.1	GSM8687189	RNA-Seq	cDNA	TRANSCRIPTOMIC	PAIRED	0	0	ILLUMINA	Illumina NovaSeq 6000	SRP552154	PRJNA1199580		1199580	SRS23572605	SAMN45882437	simple	1515	Acetivibrio thermocellus	GSM8687189							no					SCHWARTZ LAB, MOLECULAR GENETICS, WEIZMANN INSITUTE OF SCIENCE	SRA2036717		public	50ED6854C34C3551160AFA6C2AAD2A4E	D2200A44C335E6DB7FD405246CF80BA2			True	False	False
SRX27114738	SRR31752894	2025-10-23 01:32:46	2024-12-17 21:25:42	514362	47321304	514362	92	17		https://sra-downloadb.be-md.ncbi.nlm.nih.gov/sos7/sra-pub-zq-41/SRR031/31752/SRR31752894/SRR31752894.lite.1	GSM8687190	RNA-Seq	cDNA	TRANSCRIPTOMIC	PAIRED	0	0	ILLUMINA	Illumina NovaSeq 6000	SRP552154	PRJNA1199580		1199580	SRS23572604	SAMN45882436	simple	1515	Acetivibrio thermocellus	GSM8687190							no					SCHWARTZ LAB, MOLECULAR GENETICS, WEIZMANN INSITUTE OF SCIENCE	SRA2036717		public	9F55DB009554FE5643780F34E0C949E0	6D059575AA13438A7568A28EBE5F1772			True	False	False
SRX27114739	SRR31752891	2025-10-23 01:32:46	2024-12-17 21:25:58	402346	37015832	402346	92	13		https://sra-downloadb.be-md.ncbi.nlm.nih.gov/sos7/sra-pub-zq-41/SRR031/31752/SRR31752891/SRR31752891.lite.1	GSM8687191	RNA-Seq	cDNA	TRANSCRIPTOMIC	PAIRED	0	0	ILLUMINA	Illumina NovaSeq 6000	SRP552154	PRJNA1199580		1199580	SRS23572607	SAMN45882435	simple	1515	Acetivibrio thermocellus	GSM8687191							no					SCHWARTZ LAB, MOLECULAR GENETICS, WEIZMANN INSITUTE OF SCIENCE	SRA2036717		public	791FED98D7E9F3C64734583F3315525C	1EB99D3FBE50BE38B20D8031C823A662			True	False	False
SRX27114740	SRR31752895	2025-10-23 01:32:47	2024-12-17 21:26:05	490963	45168596	490963	92	16		https://sra-downloadb.be-md.ncbi.nlm.nih.gov/sos7/sra-pub-zq-41/SRR031/31752/SRR31752895/SRR31752895.lite.1	GSM8687192	RNA-Seq	cDNA	TRANSCRIPTOMIC	PAIRED	0	0	ILLUMINA	Illumina NovaSeq 6000	SRP552154	PRJNA1199580		1199580	SRS23572606	SAMN45882434	simple	1515	Acetivibrio thermocellus	GSM8687192							no					SCHWARTZ LAB, MOLECULAR GENETICS, WEIZMANN INSITUTE OF SCIENCE	SRA2036717		public	D318BE3B626C4C2B1ACB1F8633457B70	006ECFA1DF8D74478E14369FFFF80F82			True	False	False
SRX27114741	SRR31752890	2025-10-23 01:32:47	2024-12-17 21:26:08	532177	48960284	532177	92	18		https://sra-downloadb.be-md.ncbi.nlm.nih.gov/sos7/sra-pub-zq-41/SRR031/31752/SRR31752890/SRR31752890.lite.1	GSM8687193	RNA-Seq	cDNA	TRANSCRIPTOMIC	PAIRED	0	0	ILLUMINA	Illumina NovaSeq 6000	SRP552154	PRJNA1199580		1199580	SRS23572608	SAMN45882433	simple	1515	Acetivibrio thermocellus	GSM8687193							no					SCHWARTZ LAB, MOLECULAR GENETICS, WEIZMANN INSITUTE OF SCIENCE	SRA2036717		public	90E335B21B08034D8C79AFB8130ACEA0	1474EB7F7B8D52894452616B51883CF8			True	False	False
SRX27114742	SRR31752889	2025-10-23 01:32:47	2024-12-17 21:25:54	616007	56672644	616007	92	21		https://sra-downloadb.be-md.ncbi.nlm.nih.gov/sos7/sra-pub-zq-41/SRR031/31752/SRR31752889/SRR31752889.lite.1	GSM8687194	RNA-Seq	cDNA	TRANSCRIPTOMIC	PAIRED	0	0	ILLUMINA	Illumina NovaSeq 6000	SRP552154	PRJNA1199580		1199580	SRS23572612	SAMN45882432	simple	1515	Acetivibrio thermocellus	GSM8687194							no					SCHWARTZ LAB, MOLECULAR GENETICS, WEIZMANN INSITUTE OF SCIENCE	SRA2036717		public	08F3A91A8FB6075D5F0C0D4E1D0C401E	0D3474DC0C247C00A295629BCBD1EE79			True	False	False
SRX27114743	SRR31752886	2025-10-23 01:32:49	2024-12-17 21:26:03	472328	43454176	472328	92	16		https://sra-downloadb.be-md.ncbi.nlm.nih.gov/sos7/sra-pub-zq-41/SRR031/31752/SRR31752886/SRR31752886.lite.1	GSM8687195	RNA-Seq	cDNA	TRANSCRIPTOMIC	PAIRED	0	0	ILLUMINA	Illumina NovaSeq 6000	SRP552154	PRJNA1199580		1199580	SRS23572610	SAMN45882431	simple	1515	Acetivibrio thermocellus	GSM8687195							no					SCHWARTZ LAB, MOLECULAR GENETICS, WEIZMANN INSITUTE OF SCIENCE	SRA2036717		public	5DF9AA6FEBEF73900D4401446CC4D791	73D01209D63F4EA49A6BA38C74D906F0			True	False	False
SRX27114744	SRR31752885	2025-10-23 01:32:49	2024-12-17 21:25:55	596623	54889316	596623	92	19		https://sra-downloadb.be-md.ncbi.nlm.nih.gov/sos7/sra-pub-zq-41/SRR031/31752/SRR31752885/SRR31752885.lite.1	GSM8687196	RNA-Seq	cDNA	TRANSCRIPTOMIC	PAIRED	0	0	ILLUMINA	Illumina NovaSeq 6000	SRP552154	PRJNA1199580		1199580	SRS23572609	SAMN45882430	simple	1515	Acetivibrio thermocellus	GSM8687196							no					SCHWARTZ LAB, MOLECULAR GENETICS, WEIZMANN INSITUTE OF SCIENCE	SRA2036717		public	298861D24FE550914575ABE8933460F3	0183658DC2BDC5B92FB770D05C6ACCD9			True	False	False
SRX27114745	SRR31752887	2025-10-23 01:32:48	2024-12-17 21:26:17	1581137	145464604	1581137	92	50		https://sra-downloadb.be-md.ncbi.nlm.nih.gov/sos7/sra-pub-zq-41/SRR031/31752/SRR31752887/SRR31752887.lite.1	GSM8687197	RNA-Seq	cDNA	TRANSCRIPTOMIC	PAIRED	0	0	ILLUMINA	Illumina NovaSeq 6000	SRP552154	PRJNA1199580		1199580	SRS23572611	SAMN45882429	simple	1515	Acetivibrio thermocellus	GSM8687197							no					SCHWARTZ LAB, MOLECULAR GENETICS, WEIZMANN INSITUTE OF SCIENCE	SRA2036717		public	7A60A5868472D796B2A59B7F47F571A5	EB746F88AA6F1C1541F3A186D03884B8			True	False	False
SRX27114746	SRR31752884	2025-10-23 01:32:48	2024-12-17 21:25:50	1321841	121609372	1321841	92	42		https://sra-downloadb.be-md.ncbi.nlm.nih.gov/sos7/sra-pub-zq-41/SRR031/31752/SRR31752884/SRR31752884.lite.1	GSM8687198	RNA-Seq	cDNA	TRANSCRIPTOMIC	PAIRED	0	0	ILLUMINA	Illumina NovaSeq 6000	SRP552154	PRJNA1199580		1199580	SRS23572613	SAMN45882428	simple	1515	Acetivibrio thermocellus	GSM8687198							no					SCHWARTZ LAB, MOLECULAR GENETICS, WEIZMANN INSITUTE OF SCIENCE	SRA2036717		public	7E7D3511F665F5B6833C732BF7C4CBF4	337A205503731143CA89EF31D4B45278			True	False	False
SRX27114747	SRR31752888	2025-10-23 01:32:48	2024-12-17 21:26:10	615666	56641272	615666	92	19		https://sra-downloadb.be-md.ncbi.nlm.nih.gov/sos7/sra-pub-zq-41/SRR031/31752/SRR31752888/SRR31752888.lite.1	GSM8687199	RNA-Seq	cDNA	TRANSCRIPTOMIC	PAIRED	0	0	ILLUMINA	Illumina NovaSeq 6000	SRP552154	PRJNA1199580		1199580	SRS23572614	SAMN45882427	simple	1515	Acetivibrio thermocellus	GSM8687199							no					SCHWARTZ LAB, MOLECULAR GENETICS, WEIZMANN INSITUTE OF SCIENCE	SRA2036717		public	BF6F87F539A7144B49FEB0D9B1509152	D36860B7CACC49F5BEB91C95A7C73CA6			True	False	False
SRX27114748	SRR31752883	2025-10-23 01:32:50	2024-12-17 21:25:43	448576	41268992	448576	92	15		https://sra-downloadb.be-md.ncbi.nlm.nih.gov/sos7/sra-pub-zq-41/SRR031/31752/SRR31752883/SRR31752883.lite.1	GSM8687200	RNA-Seq	cDNA	TRANSCRIPTOMIC	PAIRED	0	0	ILLUMINA	Illumina NovaSeq 6000	SRP552154	PRJNA1199580		1199580	SRS23572617	SAMN45882426	simple	1515	Acetivibrio thermocellus	GSM8687200							no					SCHWARTZ LAB, MOLECULAR GENETICS, WEIZMANN INSITUTE OF SCIENCE	SRA2036717		public	27FB425D766CFFDF9FF3AECFFCB74FA0	DFD2319E09FC68A09BC28463C712C522			True	False	False
SRX27114749	SRR31752854	2025-10-23 01:32:49	2024-12-17 21:25:42	589819	54263348	589819	92	19		https://sra-downloadb.be-md.ncbi.nlm.nih.gov/sos7/sra-pub-zq-41/SRR031/31752/SRR31752854/SRR31752854.lite.1	GSM8687201	RNA-Seq	cDNA	TRANSCRIPTOMIC	PAIRED	0	0	ILLUMINA	Illumina NovaSeq 6000	SRP552154	PRJNA1199580		1199580	SRS23572616	SAMN45882425	simple	1515	Acetivibrio thermocellus	GSM8687201							no					SCHWARTZ LAB, MOLECULAR GENETICS, WEIZMANN INSITUTE OF SCIENCE	SRA2036717		public	DB3D5234F42ECD66C482ADA4A46967AA	AED423908ED19F463EFFF2D242C195B0			True	False	False
SRX27114750	SRR31752879	2025-10-23 01:32:42	2024-12-17 21:25:44	494614	45504488	494614	92	16		https://sra-downloadb.be-md.ncbi.nlm.nih.gov/sos7/sra-pub-zq-41/SRR031/31752/SRR31752879/SRR31752879.lite.1	GSM8687160	RNA-Seq	cDNA	TRANSCRIPTOMIC	PAIRED	0	0	ILLUMINA	Illumina NovaSeq 6000	SRP552154	PRJNA1199580		1199580	SRS23572615	SAMN45882466	simple	1515	Acetivibrio thermocellus	GSM8687160							no					SCHWARTZ LAB, MOLECULAR GENETICS, WEIZMANN INSITUTE OF SCIENCE	SRA2036717		public	66D28F2C914A3B330D2DDF7016141A67	20BB8516051528095F51D44F06B4097D			True	False	False
SRX27114751	SRR31752878	2025-10-23 01:32:42	2024-12-17 21:26:03	808600	74391200	808600	92	26		https://sra-downloadb.be-md.ncbi.nlm.nih.gov/sos7/sra-pub-zq-41/SRR031/31752/SRR31752878/SRR31752878.lite.1	GSM8687161	RNA-Seq	cDNA	TRANSCRIPTOMIC	PAIRED	0	0	ILLUMINA	Illumina NovaSeq 6000	SRP552154	PRJNA1199580		1199580	SRS23572618	SAMN45882465	simple	1515	Acetivibrio thermocellus	GSM8687161							no					SCHWARTZ LAB, MOLECULAR GENETICS, WEIZMANN INSITUTE OF SCIENCE	SRA2036717		public	62F794E6DAA6208C31EEB7421AC00176	4F282D3820F53357C41C3E8708F4E9F0			True	False	False
SRX27114753	SRR31752877	2025-10-23 01:32:42	2024-12-17 21:25:55	561262	51636104	561262	92	18		https://sra-downloadb.be-md.ncbi.nlm.nih.gov/sos7/sra-pub-zq-41/SRR031/31752/SRR31752877/SRR31752877.lite.1	GSM8687163	RNA-Seq	cDNA	TRANSCRIPTOMIC	PAIRED	0	0	ILLUMINA	Illumina NovaSeq 6000	SRP552154	PRJNA1199580		1199580	SRS23572619	SAMN45882463	simple	1515	Acetivibrio thermocellus	GSM8687163							no					SCHWARTZ LAB, MOLECULAR GENETICS, WEIZMANN INSITUTE OF SCIENCE	SRA2036717		public	E0AA483810D2E99A557F4CE20EB0B9E4	1E08EE9C294755D384ECFB0493CC46D6			True	False	False
SRX27114754	SRR31752881	2025-10-23 01:32:42	2024-12-17 21:25:56	559152	51441984	559152	92	18		https://sra-downloadb.be-md.ncbi.nlm.nih.gov/sos7/sra-pub-zq-41/SRR031/31752/SRR31752881/SRR31752881.lite.1	GSM8687164	RNA-Seq	cDNA	TRANSCRIPTOMIC	PAIRED	0	0	ILLUMINA	Illumina NovaSeq 6000	SRP552154	PRJNA1199580		1199580	SRS23572621	SAMN45882462	simple	1515	Acetivibrio thermocellus	GSM8687164							no					SCHWARTZ LAB, MOLECULAR GENETICS, WEIZMANN INSITUTE OF SCIENCE	SRA2036717		public	B261CF9FB9AC967B24CFC63C2CE19041	DA0EF7DF0D0937A9B20519FAA2CAFE5E			True	False	False
SRX27114755	SRR31752876	2025-10-23 01:32:42	2024-12-17 21:26:05	2012759	185173828	2012759	92	64		https://sra-downloadb.be-md.ncbi.nlm.nih.gov/sos7/sra-pub-zq-41/SRR031/31752/SRR31752876/SRR31752876.lite.1	GSM8687165	RNA-Seq	cDNA	TRANSCRIPTOMIC	PAIRED	0	0	ILLUMINA	Illumina NovaSeq 6000	SRP552154	PRJNA1199580		1199580	SRS23572622	SAMN45882461	simple	1515	Acetivibrio thermocellus	GSM8687165							no					SCHWARTZ LAB, MOLECULAR GENETICS, WEIZMANN INSITUTE OF SCIENCE	SRA2036717		public	B3B609E26C203D8C6F21E7A829E34949	2AF04DB0303D0AAE93B6002CB80483CE			True	False	False
SRX27114756	SRR31752875	2025-10-23 01:32:43	2024-12-17 21:26:08	1293181	118972652	1293181	92	40		https://sra-downloadb.be-md.ncbi.nlm.nih.gov/sos7/sra-pub-zq-41/SRR031/31752/SRR31752875/SRR31752875.lite.1	GSM8687166	RNA-Seq	cDNA	TRANSCRIPTOMIC	PAIRED	0	0	ILLUMINA	Illumina NovaSeq 6000	SRP552154	PRJNA1199580		1199580	SRS23572625	SAMN45882460	simple	1515	Acetivibrio thermocellus	GSM8687166							no					SCHWARTZ LAB, MOLECULAR GENETICS, WEIZMANN INSITUTE OF SCIENCE	SRA2036717		public	CED7D1A11323827D45FE148E5A830265	1829E11C8C4BFABC75AC3B6E3C0D7C46			True	False	False
SRX27114757	SRR31752872	2025-10-23 01:32:42	2024-12-17 21:25:45	1327095	122092740	1327095	92	42		https://sra-downloadb.be-md.ncbi.nlm.nih.gov/sos7/sra-pub-zq-41/SRR031/31752/SRR31752872/SRR31752872.lite.1	GSM8687167	RNA-Seq	cDNA	TRANSCRIPTOMIC	PAIRED	0	0	ILLUMINA	Illumina NovaSeq 6000	SRP552154	PRJNA1199580		1199580	SRS23572623	SAMN45882459	simple	1515	Acetivibrio thermocellus	GSM8687167							no					SCHWARTZ LAB, MOLECULAR GENETICS, WEIZMANN INSITUTE OF SCIENCE	SRA2036717		public	5EB0D65016C45A74A8094B655053C208	1BFB232BDA297BE08D3BEBEE3E2722D4			True	False	False
SRX27114759	SRR31752873	2025-10-23 01:32:43	2024-12-17 21:25:44	629011	57869012	629011	92	20		https://sra-downloadb.be-md.ncbi.nlm.nih.gov/sos7/sra-pub-zq-41/SRR031/31752/SRR31752873/SRR31752873.lite.1	GSM8687169	RNA-Seq	cDNA	TRANSCRIPTOMIC	PAIRED	0	0	ILLUMINA	Illumina NovaSeq 6000	SRP552154	PRJNA1199580		1199580	SRS23572627	SAMN45882457	simple	1515	Acetivibrio thermocellus	GSM8687169							no					SCHWARTZ LAB, MOLECULAR GENETICS, WEIZMANN INSITUTE OF SCIENCE	SRA2036717		public	FEA797951021FC1C2E7F5D3BF7273738	C3AFD752C128B6CF68280A02D437AB8A			True	False	False
SRX27114760	SRR31752870	2025-10-23 01:32:43	2024-12-17 21:25:45	623023	57318116	623023	92	20		https://sra-downloadb.be-md.ncbi.nlm.nih.gov/sos7/sra-pub-zq-41/SRR031/31752/SRR31752870/SRR31752870.lite.1	GSM8687170	RNA-Seq	cDNA	TRANSCRIPTOMIC	PAIRED	0	0	ILLUMINA	Illumina NovaSeq 6000	SRP552154	PRJNA1199580		1199580	SRS23572626	SAMN45882456	simple	1515	Acetivibrio thermocellus	GSM8687170							no					SCHWARTZ LAB, MOLECULAR GENETICS, WEIZMANN INSITUTE OF SCIENCE	SRA2036717		public	F636A9DE06C2B9608D54B3E4FCE6B175	8479A950235FBD620A16E4B6C1F894AF			True	False	False
SRX27114761	SRR31752874	2025-10-23 01:32:43	2024-12-17 21:25:43	445726	41006792	445726	92	14		https://sra-downloadb.be-md.ncbi.nlm.nih.gov/sos7/sra-pub-zq-41/SRR031/31752/SRR31752874/SRR31752874.lite.1	GSM8687171	RNA-Seq	cDNA	TRANSCRIPTOMIC	PAIRED	0	0	ILLUMINA	Illumina NovaSeq 6000	SRP552154	PRJNA1199580		1199580	SRS23572628	SAMN45882455	simple	1515	Acetivibrio thermocellus	GSM8687171							no					SCHWARTZ LAB, MOLECULAR GENETICS, WEIZMANN INSITUTE OF SCIENCE	SRA2036717		public	B512E1B6792BBCFC672298186975C2F9	85E92B94E0203A42CEC0D7D33EF3A4C1			True	False	False
SRX27114762	SRR31752869	2025-10-23 01:32:43	2024-12-17 21:25:43	526928	48477376	526928	92	17		https://sra-downloadb.be-md.ncbi.nlm.nih.gov/sos7/sra-pub-zq-41/SRR031/31752/SRR31752869/SRR31752869.lite.1	GSM8687172	RNA-Seq	cDNA	TRANSCRIPTOMIC	PAIRED	0	0	ILLUMINA	Illumina NovaSeq 6000	SRP552154	PRJNA1199580		1199580	SRS23572629	SAMN45882454	simple	1515	Acetivibrio thermocellus	GSM8687172							no					SCHWARTZ LAB, MOLECULAR GENETICS, WEIZMANN INSITUTE OF SCIENCE	SRA2036717		public	2F3B56F0D212097734A3C3F339D0E50B	C3700E63E4332BBE0E09172D07D3F1B8			True	False	False
SRX27114763	SRR31752868	2025-10-23 01:32:43	2024-12-17 21:25:42	728749	67044908	728749	92	23		https://sra-downloadb.be-md.ncbi.nlm.nih.gov/sos7/sra-pub-zq-41/SRR031/31752/SRR31752868/SRR31752868.lite.1	GSM8687173	RNA-Seq	cDNA	TRANSCRIPTOMIC	PAIRED	0	0	ILLUMINA	Illumina NovaSeq 6000	SRP552154	PRJNA1199580		1199580	SRS23572632	SAMN45882453	simple	1515	Acetivibrio thermocellus	GSM8687173							no					SCHWARTZ LAB, MOLECULAR GENETICS, WEIZMANN INSITUTE OF SCIENCE	SRA2036717		public	3C2992CC86628209CEAD976F6F82E16A	B209CEE904A8AFAAE9393D9F192C914A			True	False	False
SRX27114764	SRR31752865	2025-10-23 01:32:43	2024-12-17 21:25:47	869690	80011480	869690	92	27		https://sra-downloadb.be-md.ncbi.nlm.nih.gov/sos7/sra-pub-zq-41/SRR031/31752/SRR31752865/SRR31752865.lite.1	GSM8687174	RNA-Seq	cDNA	TRANSCRIPTOMIC	PAIRED	0	0	ILLUMINA	Illumina NovaSeq 6000	SRP552154	PRJNA1199580		1199580	SRS23572630	SAMN45882452	simple	1515	Acetivibrio thermocellus	GSM8687174							no					SCHWARTZ LAB, MOLECULAR GENETICS, WEIZMANN INSITUTE OF SCIENCE	SRA2036717		public	9A520BA2B7342A66F4721AF465F7BE35	D761EA8589251B51E74E42D8DA66A8A3			True	False	False
SRX27114765	SRR31752864	2025-10-23 01:32:43	2024-12-17 21:25:42	748457	68858044	748457	92	24		https://sra-downloadb.be-md.ncbi.nlm.nih.gov/sos7/sra-pub-zq-41/SRR031/31752/SRR31752864/SRR31752864.lite.1	GSM8687175	RNA-Seq	cDNA	TRANSCRIPTOMIC	PAIRED	0	0	ILLUMINA	Illumina NovaSeq 6000	SRP552154	PRJNA1199580		1199580	SRS23572634	SAMN45882451	simple	1515	Acetivibrio thermocellus	GSM8687175							no					SCHWARTZ LAB, MOLECULAR GENETICS, WEIZMANN INSITUTE OF SCIENCE	SRA2036717		public	53AFAFB44073777FF363ECCDDB8C1030	AD7B0D38C3D88C79EB7471EABBDB6C32			True	False	False
SRX27114766	SRR31752866	2025-10-23 01:32:44	2024-12-17 21:25:41	515244	47402448	515244	92	17		https://sra-downloadb.be-md.ncbi.nlm.nih.gov/sos7/sra-pub-zq-41/SRR031/31752/SRR31752866/SRR31752866.lite.1	GSM8687176	RNA-Seq	cDNA	TRANSCRIPTOMIC	PAIRED	0	0	ILLUMINA	Illumina NovaSeq 6000	SRP552154	PRJNA1199580		1199580	SRS23572631	SAMN45882450	simple	1515	Acetivibrio thermocellus	GSM8687176							no					SCHWARTZ LAB, MOLECULAR GENETICS, WEIZMANN INSITUTE OF SCIENCE	SRA2036717		public	DFA05763075A8AA9CBBA1908D87EA0A1	B6AE4B1F4086030F7001810993AC252C			True	False	False
SRX27114767	SRR31752863	2025-10-23 01:32:44	2024-12-17 21:25:45	651716	59957872	651716	92	21		https://sra-downloadb.be-md.ncbi.nlm.nih.gov/sos7/sra-pub-zq-41/SRR031/31752/SRR31752863/SRR31752863.lite.1	GSM8687177	RNA-Seq	cDNA	TRANSCRIPTOMIC	PAIRED	0	0	ILLUMINA	Illumina NovaSeq 6000	SRP552154	PRJNA1199580		1199580	SRS23572633	SAMN45882449	simple	1515	Acetivibrio thermocellus	GSM8687177							no					SCHWARTZ LAB, MOLECULAR GENETICS, WEIZMANN INSITUTE OF SCIENCE	SRA2036717		public	FF868D45072112404D7B95FCA22BA565	EE1EDBB2D12B021CE088B6A8E83E8F87			True	False	False
SRX27114769	SRR31752862	2025-10-23 01:32:44	2024-12-17 21:25:43	495008	45540736	495008	92	16		https://sra-downloadb.be-md.ncbi.nlm.nih.gov/sos7/sra-pub-zq-41/SRR031/31752/SRR31752862/SRR31752862.lite.1	GSM8687179	RNA-Seq	cDNA	TRANSCRIPTOMIC	PAIRED	0	0	ILLUMINA	Illumina NovaSeq 6000	SRP552154	PRJNA1199580		1199580	SRS23572636	SAMN45882447	simple	1515	Acetivibrio thermocellus	GSM8687179							no					SCHWARTZ LAB, MOLECULAR GENETICS, WEIZMANN INSITUTE OF SCIENCE	SRA2036717		public	87E8BEDD88BD3D99AD1B6C99084094BE	578F9C4720AC03E9683460F3DE2596C7			True	False	False
SRX27114770	SRR31752861	2025-10-23 01:32:44	2024-12-17 21:25:38	667002	61364184	667002	92	21		https://sra-downloadb.be-md.ncbi.nlm.nih.gov/sos7/sra-pub-zq-41/SRR031/31752/SRR31752861/SRR31752861.lite.1	GSM8687180	RNA-Seq	cDNA	TRANSCRIPTOMIC	PAIRED	0	0	ILLUMINA	Illumina NovaSeq 6000	SRP552154	PRJNA1199580		1199580	SRS23572639	SAMN45882446	simple	1515	Acetivibrio thermocellus	GSM8687180							no					SCHWARTZ LAB, MOLECULAR GENETICS, WEIZMANN INSITUTE OF SCIENCE	SRA2036717		public	1827C62E63CFCC1FFB746A2556F78B93	158783834F401C430974C0D047AD9912			True	False	False
SRX27114771	SRR31752858	2025-10-23 01:32:44	2024-12-17 21:25:45	789413	72625996	789413	92	25		https://sra-downloadb.be-md.ncbi.nlm.nih.gov/sos7/sra-pub-zq-41/SRR031/31752/SRR31752858/SRR31752858.lite.1	GSM8687181	RNA-Seq	cDNA	TRANSCRIPTOMIC	PAIRED	0	0	ILLUMINA	Illumina NovaSeq 6000	SRP552154	PRJNA1199580		1199580	SRS23572640	SAMN45882445	simple	1515	Acetivibrio thermocellus	GSM8687181							no					SCHWARTZ LAB, MOLECULAR GENETICS, WEIZMANN INSITUTE OF SCIENCE	SRA2036717		public	4745487A19AC0094D7D5F6AF0F831C34	EF9FA15F260B38B69899FBF9D1B6FDED			True	False	False
SRX27114772	SRR31752857	2025-10-23 01:32:44	2024-12-17 21:25:45	891418	82010456	891418	92	28		https://sra-downloadb.be-md.ncbi.nlm.nih.gov/sos7/sra-pub-zq-41/SRR031/31752/SRR31752857/SRR31752857.lite.1	GSM8687182	RNA-Seq	cDNA	TRANSCRIPTOMIC	PAIRED	0	0	ILLUMINA	Illumina NovaSeq 6000	SRP552154	PRJNA1199580		1199580	SRS23572637	SAMN45882444	simple	1515	Acetivibrio thermocellus	GSM8687182							no					SCHWARTZ LAB, MOLECULAR GENETICS, WEIZMANN INSITUTE OF SCIENCE	SRA2036717		public	51B527F8F1542C60DEAD72BAF2A59A49	F308E73747FA8741E8FBF022E11F0945			True	False	False
SRX27114773	SRR31752859	2025-10-23 01:32:45	2024-12-17 21:25:43	585740	53888080	585740	92	19		https://sra-downloadb.be-md.ncbi.nlm.nih.gov/sos7/sra-pub-zq-41/SRR031/31752/SRR31752859/SRR31752859.lite.1	GSM8687183	RNA-Seq	cDNA	TRANSCRIPTOMIC	PAIRED	0	0	ILLUMINA	Illumina NovaSeq 6000	SRP552154	PRJNA1199580		1199580	SRS23572638	SAMN45882443	simple	1515	Acetivibrio thermocellus	GSM8687183							no					SCHWARTZ LAB, MOLECULAR GENETICS, WEIZMANN INSITUTE OF SCIENCE	SRA2036717		public	53998986372353E333DD0BBCF225D078	DFA93782BC9B3B58953D051733411341			True	False	False
SRX27114774	SRR31752856	2025-10-23 01:32:44	2024-12-17 21:25:43	594273	54673116	594273	92	19		https://sra-downloadb.be-md.ncbi.nlm.nih.gov/sos7/sra-pub-zq-41/SRR031/31752/SRR31752856/SRR31752856.lite.1	GSM8687184	RNA-Seq	cDNA	TRANSCRIPTOMIC	PAIRED	0	0	ILLUMINA	Illumina NovaSeq 6000	SRP552154	PRJNA1199580		1199580	SRS23572641	SAMN45882442	simple	1515	Acetivibrio thermocellus	GSM8687184							no					SCHWARTZ LAB, MOLECULAR GENETICS, WEIZMANN INSITUTE OF SCIENCE	SRA2036717		public	554FE73641E0F757A3E8D5AEC507D9A5	516354AE25E6CA3F97200CC3BC7634D4			True	False	False
SRX27114775	SRR31752860	2025-10-23 01:32:45	2024-12-17 21:25:45	969398	89184616	969398	92	31		https://sra-downloadb.be-md.ncbi.nlm.nih.gov/sos7/sra-pub-zq-41/SRR031/31752/SRR31752860/SRR31752860.lite.1	GSM8687185	RNA-Seq	cDNA	TRANSCRIPTOMIC	PAIRED	0	0	ILLUMINA	Illumina NovaSeq 6000	SRP552154	PRJNA1199580		1199580	SRS23572642	SAMN45882441	simple	1515	Acetivibrio thermocellus	GSM8687185							no					SCHWARTZ LAB, MOLECULAR GENETICS, WEIZMANN INSITUTE OF SCIENCE	SRA2036717		public	A5342134BC8236BCBFB63A064418608E	C9A0E89B9F1806EBE472AF9FF59FB8B7			True	False	False
SRX27114776	SRR31752855	2025-10-23 01:32:45	2024-12-17 21:25:41	898948	82703216	898948	92	28		https://sra-downloadb.be-md.ncbi.nlm.nih.gov/sos7/sra-pub-zq-41/SRR031/31752/SRR31752855/SRR31752855.lite.1	GSM8687186	RNA-Seq	cDNA	TRANSCRIPTOMIC	PAIRED	0	0	ILLUMINA	Illumina NovaSeq 6000	SRP552154	PRJNA1199580		1199580	SRS23572643	SAMN45882440	simple	1515	Acetivibrio thermocellus	GSM8687186							no					SCHWARTZ LAB, MOLECULAR GENETICS, WEIZMANN INSITUTE OF SCIENCE	SRA2036717		public	CE88A9EBEFF52863717AA20EC0410DA0	0D88B3E324E00E49FC203E86FBBB4D33			True	False	False
SRX27114777	SRR31752896	2025-10-23 01:32:45	2024-12-17 21:25:54	709159	65242628	709159	92	23		https://sra-downloadb.be-md.ncbi.nlm.nih.gov/sos7/sra-pub-zq-41/SRR031/31752/SRR31752896/SRR31752896.lite.1	GSM8687187	RNA-Seq	cDNA	TRANSCRIPTOMIC	PAIRED	0	0	ILLUMINA	Illumina NovaSeq 6000	SRP552154	PRJNA1199580		1199580	SRS23572648	SAMN45882439	simple	1515	Acetivibrio thermocellus	GSM8687187							no					SCHWARTZ LAB, MOLECULAR GENETICS, WEIZMANN INSITUTE OF SCIENCE	SRA2036717		public	5DCE325E47DCBFEBD07C18C8433B7616	DB221835522D1EEBBF81D82E30038BED			True	False	False
SRX27114778	SRR31752853	2025-10-23 01:32:49	2024-12-17 21:25:47	595584	54793728	595584	92	19		https://sra-downloadb.be-md.ncbi.nlm.nih.gov/sos7/sra-pub-zq-41/SRR031/31752/SRR31752853/SRR31752853.lite.1	GSM8687202	RNA-Seq	cDNA	TRANSCRIPTOMIC	PAIRED	0	0	ILLUMINA	Illumina NovaSeq 6000	SRP552154	PRJNA1199580		1199580	SRS23572646	SAMN45882424	simple	1515	Acetivibrio thermocellus	GSM8687202							no					SCHWARTZ LAB, MOLECULAR GENETICS, WEIZMANN INSITUTE OF SCIENCE	SRA2036717		public	7655D655F1E1DC202EEE9265CCC15331	F1FC6BFEB964EAD0948ABAF1658D3A64			True	False	False
SRX27114779	SRR31752852	2025-10-23 01:32:51	2024-12-17 21:25:38	446961	41120412	446961	92	15		https://sra-downloadb.be-md.ncbi.nlm.nih.gov/sos7/sra-pub-zq-41/SRR031/31752/SRR31752852/SRR31752852.lite.1	GSM8687203	RNA-Seq	cDNA	TRANSCRIPTOMIC	PAIRED	0	0	ILLUMINA	Illumina NovaSeq 6000	SRP552154	PRJNA1199580		1199580	SRS23572644	SAMN45882423	simple	1515	Acetivibrio thermocellus	GSM8687203							no					SCHWARTZ LAB, MOLECULAR GENETICS, WEIZMANN INSITUTE OF SCIENCE	SRA2036717		public	9F5AE6866B5978446312D85BE12A54E3	B6789287F87E8EC93B37789C31A3CB89			True	False	False
SRX27114780	SRR31752851	2025-10-23 01:32:50	2024-12-17 21:25:38	575096	52908832	575096	92	19		https://sra-downloadb.be-md.ncbi.nlm.nih.gov/sos7/sra-pub-zq-41/SRR031/31752/SRR31752851/SRR31752851.lite.1	GSM8687204	RNA-Seq	cDNA	TRANSCRIPTOMIC	PAIRED	0	0	ILLUMINA	Illumina NovaSeq 6000	SRP552154	PRJNA1199580		1199580	SRS23572645	SAMN45882422	simple	1515	Acetivibrio thermocellus	GSM8687204							no					SCHWARTZ LAB, MOLECULAR GENETICS, WEIZMANN INSITUTE OF SCIENCE	SRA2036717		public	B92E2BBA8E598BB439814FBC4110FDBB	252CCA703612BA83009FE691E262A7E8			True	False	False
SRX27114781	SRR31752850	2025-10-23 01:32:50	2024-12-17 21:25:42	802173	73799916	802173	92	26		https://sra-downloadb.be-md.ncbi.nlm.nih.gov/sos7/sra-pub-zq-41/SRR031/31752/SRR31752850/SRR31752850.lite.1	GSM8687205	RNA-Seq	cDNA	TRANSCRIPTOMIC	PAIRED	0	0	ILLUMINA	Illumina NovaSeq 6000	SRP552154	PRJNA1199580		1199580	SRS23572647	SAMN45882421	simple	1515	Acetivibrio thermocellus	GSM8687205							no					SCHWARTZ LAB, MOLECULAR GENETICS, WEIZMANN INSITUTE OF SCIENCE	SRA2036717		public	5CE1AA02CF8E7641231EF592C82360F4	9F178D35C3784FD07F1F8F1F6D389489			True	False	False
SRX27114782	SRR31752849	2025-10-23 01:32:35	2024-12-17 21:25:40	774258	71231736	774258	92	25		https://sra-downloadb.be-md.ncbi.nlm.nih.gov/sos7/sra-pub-zq-41/SRR031/31752/SRR31752849/SRR31752849.lite.1	GSM8687206	RNA-Seq	cDNA	TRANSCRIPTOMIC	PAIRED	0	0	ILLUMINA	Illumina NovaSeq 6000	SRP552154	PRJNA1199580		1199580	SRS23572650	SAMN45882420	simple	1515	Acetivibrio thermocellus	GSM8687206							no					SCHWARTZ LAB, MOLECULAR GENETICS, WEIZMANN INSITUTE OF SCIENCE	SRA2036717		public	77F68C3BB2F815354D3C56C46733B897	4DB1C402E7009DE00D30967017EA44A9			True	False	False
SRX27114783	SRR31752848	2025-10-23 01:32:35	2024-12-17 21:25:37	585008	53820736	585008	92	19		https://sra-downloadb.be-md.ncbi.nlm.nih.gov/sos7/sra-pub-zq-41/SRR031/31752/SRR31752848/SRR31752848.lite.1	GSM8687207	RNA-Seq	cDNA	TRANSCRIPTOMIC	PAIRED	0	0	ILLUMINA	Illumina NovaSeq 6000	SRP552154	PRJNA1199580		1199580	SRS23572649	SAMN45882419	simple	1515	Acetivibrio thermocellus	GSM8687207							no					SCHWARTZ LAB, MOLECULAR GENETICS, WEIZMANN INSITUTE OF SCIENCE	SRA2036717		public	A2780E4ABA0D0D15966F9E06EBEEC8AC	AC142391E3E1D7536DA207BA933AB53E			True	False	False
SRX2919058	SRR5684110	2020-11-02 08:42:42	2017-06-14 19:06:44	25133134	1256656700	0	50	454		https://sra-downloadb.be-md.ncbi.nlm.nih.gov/sos9/sra-pub-zq-922/SRR005/684/SRR5684110.sralite.1		RNA-Seq	cDNA	TRANSCRIPTOMIC	SINGLE	0	0	ILLUMINA	Illumina HiSeq 2500	SRP109227	PRJNA390549		390549	SRS2285061	SAMN07238006	simple	637887	Acetivibrio thermocellus DSM 1313	GSM2668671							no					GEO	SRA574630		public	2718939A8C004A5D8F236DD9157E1E6E	E970C3E958B3EF9813CF598A7417366F			True	True	True
SRX2919060	SRR5684112	2020-11-02 08:42:42	2017-06-14 19:06:20	22847535	1142376750	0	50	416		https://sra-downloadb.be-md.ncbi.nlm.nih.gov/sos9/sra-pub-zq-922/SRR005/684/SRR5684112.sralite.1		RNA-Seq	cDNA	TRANSCRIPTOMIC	SINGLE	0	0	ILLUMINA	Illumina HiSeq 2500	SRP109227	PRJNA390549		390549	SRS2285064	SAMN07238004	simple	637887	Acetivibrio thermocellus DSM 1313	GSM2668673							no					GEO	SRA574630		public	41EC780059F153BF3E65850E708A2F2E	06BA03F33A5D0E917146A48B598321CB			True	True	True
SRX2919061	SRR5684113	2020-11-02 08:42:42	2017-06-14 19:06:26	23058026	1152901300	0	50	416		https://sra-downloadb.be-md.ncbi.nlm.nih.gov/sos5/sra-pub-zq-16/SRR005/684/SRR5684113.sralite.1		RNA-Seq	cDNA	TRANSCRIPTOMIC	SINGLE	0	0	ILLUMINA	Illumina HiSeq 2500	SRP109227	PRJNA390549		390549	SRS2285063	SAMN07238003	simple	637887	Acetivibrio thermocellus DSM 1313	GSM2668674							no					GEO	SRA574630		public	F2021854D9E4C81F48B746635FA9E36A	6CF85C959F87F3E3B17C4212F39DE607			True	True	True
SRX2919062	SRR5684114	2020-11-02 08:42:42	2017-06-14 19:06:13	25763667	1288183350	0	50	466		https://sra-downloadb.be-md.ncbi.nlm.nih.gov/sos9/sra-pub-zq-922/SRR005/684/SRR5684114.sralite.1		RNA-Seq	cDNA	TRANSCRIPTOMIC	SINGLE	0	0	ILLUMINA	Illumina HiSeq 2500	SRP109227	PRJNA390549		390549	SRS2285065	SAMN07238002	simple	637887	Acetivibrio thermocellus DSM 1313	GSM2668675							no					GEO	SRA574630		public	E2433F5B3BD587E7E49926893DE578E6	25EDE7423F627BBD239D4BA804FD1F97			True	True	True
SRX2919063	SRR5684115	2020-11-02 08:42:42	2017-06-14 19:05:51	23610278	1180513900	0	50	428		https://sra-downloadb.be-md.ncbi.nlm.nih.gov/sos9/sra-pub-zq-922/SRR005/684/SRR5684115.sralite.1		RNA-Seq	cDNA	TRANSCRIPTOMIC	SINGLE	0	0	ILLUMINA	Illumina HiSeq 2500	SRP109227	PRJNA390549		390549	SRS2285066	SAMN07238001	simple	637887	Acetivibrio thermocellus DSM 1313	GSM2668676							no					GEO	SRA574630		public	A3DBAF6757AEAB4F6E148302856C3ADB	4B36D752198F5AC8F007BACCAFF4C3C2			True	True	True
SRX2919064	SRR5684116	2020-11-02 08:42:42	2017-06-14 19:06:31	24626855	1231342750	0	50	444		https://sra-downloadb.be-md.ncbi.nlm.nih.gov/sos5/sra-pub-zq-16/SRR005/684/SRR5684116.sralite.1		RNA-Seq	cDNA	TRANSCRIPTOMIC	SINGLE	0	0	ILLUMINA	Illumina HiSeq 2500	SRP109227	PRJNA390549		390549	SRS2285067	SAMN07238000	simple	637887	Acetivibrio thermocellus DSM 1313	GSM2668677							no					GEO	SRA574630		public	EEF2FA63E0ED44F3264895F58D58BF30	730E4A59CBFB0F075E3597CFB5F5C6BC			True	True	True
SRX2919065	SRR5684117	2020-11-02 08:42:42	2017-06-14 19:07:49	27665841	1383292050	0	50	497		https://sra-downloadb.be-md.ncbi.nlm.nih.gov/sos9/sra-pub-zq-922/SRR005/684/SRR5684117.sralite.1		RNA-Seq	cDNA	TRANSCRIPTOMIC	SINGLE	0	0	ILLUMINA	Illumina HiSeq 2500	SRP109227	PRJNA390549		390549	SRS2285068	SAMN07237999	simple	637887	Acetivibrio thermocellus DSM 1313	GSM2668678							no					GEO	SRA574630		public	FD38E237069932F7E418D76D020CA4E4	301564AC359B9680A257296BF90E386F			True	True	True
SRX2919066	SRR5684118	2020-11-02 08:42:42	2017-06-14 19:09:02	27431956	1371597800	0	50	493		https://sra-downloadb.be-md.ncbi.nlm.nih.gov/sos9/sra-pub-zq-922/SRR005/684/SRR5684118.sralite.1		RNA-Seq	cDNA	TRANSCRIPTOMIC	SINGLE	0	0	ILLUMINA	Illumina HiSeq 2500	SRP109227	PRJNA390549		390549	SRS2285069	SAMN07237998	simple	637887	Acetivibrio thermocellus DSM 1313	GSM2668679							no					GEO	SRA574630		public	F22CC854956C4F8DEFEF76898FD1BD24	A610F6045C306A3AE500D6BFDE2D4111			True	True	True
SRX2919067	SRR5684119	2020-11-02 08:42:42	2017-06-14 19:07:11	24198816	1209940800	0	50	439		https://sra-downloadb.be-md.ncbi.nlm.nih.gov/sos9/sra-pub-zq-922/SRR005/684/SRR5684119.sralite.1		RNA-Seq	cDNA	TRANSCRIPTOMIC	SINGLE	0	0	ILLUMINA	Illumina HiSeq 2500	SRP109227	PRJNA390549		390549	SRS2285070	SAMN07237997	simple	637887	Acetivibrio thermocellus DSM 1313	GSM2668680							no					GEO	SRA574630		public	1D90B814ADCC32CED4DC307A89BA5D39	2344691874AA6909D6A7E1FF9DA79351			True	True	True
SRX2919068	SRR5684120	2020-11-02 08:42:42	2017-06-14 19:07:10	22493430	1124671500	0	50	409		https://sra-downloadb.be-md.ncbi.nlm.nih.gov/sos9/sra-pub-zq-922/SRR005/684/SRR5684120.sralite.1		RNA-Seq	cDNA	TRANSCRIPTOMIC	SINGLE	0	0	ILLUMINA	Illumina HiSeq 2500	SRP109227	PRJNA390549		390549	SRS2285071	SAMN07237996	simple	637887	Acetivibrio thermocellus DSM 1313	GSM2668681							no					GEO	SRA574630		public	7445220682F0057D7C7D2AF68834C7C5	78891EC48DFB0FE4A959FA679228AB26			True	True	True
SRX2919069	SRR5684121	2020-11-02 08:42:42	2017-06-14 19:09:57	31282911	1564145550	0	50	566		https://sra-downloadb.be-md.ncbi.nlm.nih.gov/sos5/sra-pub-zq-16/SRR005/684/SRR5684121.sralite.1		RNA-Seq	cDNA	TRANSCRIPTOMIC	SINGLE	0	0	ILLUMINA	Illumina HiSeq 2500	SRP109227	PRJNA390549		390549	SRS2285072	SAMN07237995	simple	637887	Acetivibrio thermocellus DSM 1313	GSM2668682							no					GEO	SRA574630		public	28CA7F0DA9D95406F6CD9393DFD25B1E	8407112CD1F23195DCE0320FCE125863			True	True	True
SRX298045	SRR891325	2020-11-19 12:54:38	2015-07-24 06:23:08	27708104	5541620800	27708104	200	3018		https://sra-downloadb.be-md.ncbi.nlm.nih.gov/sos5/sra-pub-run-32/SRR000/891/SRR891325/SRR891325.2	CPYU	RNA-Seq	unspecified	TRANSCRIPTOMIC	PAIRED	300	0	ILLUMINA	Illumina HiSeq 2000	SRP061500	PRJNA207283		207283	SRS438221	SAMN02192641	simple	203119	Acetivibrio thermocellus ATCC 27405	408354							no					JGI	SRA089015		public	48A4759C578E297D68EFEC2F034869E7	6AF77BD60E6880C82171D564E6EEE4BA			True	True	True
SRX298054	SRR891336	2020-11-19 12:56:40	2015-07-24 06:17:13	29734690	5946938000	29734690	200	3279		https://sra-downloadb.be-md.ncbi.nlm.nih.gov/sos5/sra-pub-run-32/SRR000/891/SRR891336/SRR891336.2	CPYW	RNA-Seq	unspecified	TRANSCRIPTOMIC	PAIRED	300	0	ILLUMINA	Illumina HiSeq 2000	SRP061500	PRJNA207283		207283	SRS438221	SAMN02192641	simple	203119	Acetivibrio thermocellus ATCC 27405	408354							no					JGI	SRA089015		public	9BE8D4A0166C4747294A8A362C378E5D	95CF23042FF4CD0C2D0A16A59E421F71			True	True	True
SRX298055	SRR891337	2020-11-19 12:56:40	2015-07-24 06:05:54	1689086	337817200	1689086	200	183		https://sra-downloadb.be-md.ncbi.nlm.nih.gov/sos5/sra-pub-run-32/SRR000/891/SRR891337/SRR891337.2	CPYX	RNA-Seq	unspecified	TRANSCRIPTOMIC	PAIRED	300	0	ILLUMINA	Illumina HiSeq 2000	SRP061500	PRJNA207283		207283	SRS438221	SAMN02192641	simple	203119	Acetivibrio thermocellus ATCC 27405	408354							no					JGI	SRA089015		public	CD317A92B896B43EE11DE2A51253A30A	A34A0235D6B0AB097096E7AE6DF5FCB7			True	True	True
SRX298056	SRR891338	2020-11-19 12:58:39	2015-07-24 06:44:36	81762184	16352436800	81762184	200	9061		https://sra-downloadb.be-md.ncbi.nlm.nih.gov/sos5/sra-pub-run-32/SRR000/891/SRR891338/SRR891338.2	CPYY	RNA-Seq	unspecified	TRANSCRIPTOMIC	PAIRED	0	0	ILLUMINA	Illumina HiSeq 2000	SRP061500	PRJNA207283		207283	SRS438221	SAMN02192641	simple	203119	Acetivibrio thermocellus ATCC 27405	408354							no					JGI	SRA089015		public	41E8B864B9909931F48FF34C53EC65F4	37EE295F3F447F6D04E2F3A56506CAA1			True	True	True
SRX298057	SRR891339	2020-11-19 13:00:37	2015-07-24 05:52:48	759999	151999800	759999	200	83		https://sra-downloadb.be-md.ncbi.nlm.nih.gov/sos5/sra-pub-run-32/SRR000/891/SRR891339/SRR891339.2	CPYZ	RNA-Seq	unspecified	TRANSCRIPTOMIC	PAIRED	300	0	ILLUMINA	Illumina HiSeq 2000	SRP061500	PRJNA207283		207283	SRS438221	SAMN02192641	simple	203119	Acetivibrio thermocellus ATCC 27405	408354							no					JGI	SRA089015		public	E3269AD6A6547A51958E549EB38346C7	0A022C682F5C7D5147466548DFF2BFC0			True	True	True
SRX298058	SRR891340	2020-11-19 13:00:37	2015-07-24 06:12:53	78357087	15671417400	78357087	200	8543		https://sra-downloadb.be-md.ncbi.nlm.nih.gov/sos5/sra-pub-run-32/SRR000/891/SRR891340/SRR891340.2	CPZA	RNA-Seq	unspecified	TRANSCRIPTOMIC	PAIRED	300	0	ILLUMINA	Illumina HiSeq 2000	SRP061500	PRJNA207283		207283	SRS438221	SAMN02192641	simple	203119	Acetivibrio thermocellus ATCC 27405	408354							no					JGI	SRA089015		public	708BCA13CB8B4914D9ECF60F793A03E3	CCCCD3C2B74AABE2217FB057DD43622D			True	True	True
SRX3042243	SRR5875226	2017-07-27 11:52:25	2017-07-27 11:46:47	16206812	4674505744	0	288	1796		https://sra-downloadb.be-md.ncbi.nlm.nih.gov/sos5/sra-pub-zq-14/SRR005/875/SRR5875226.sralite.1	LL1210_pH6.23_R1_10	RNA-Seq	RANDOM PCR	TRANSCRIPTOMIC	SINGLE	0	0	ILLUMINA	Illumina HiSeq 2500	SRP113683	PRJNA395926		395926	SRS2390086	SAMN07417526	simple	1515	Acetivibrio thermocellus	LL1210_pH6.23_R1_10							no					OAK RIDGE NATIONAL LABORATORY	SRA592804		public	79DB2701B0A34282ADACCB64685A5E07	CFC5AE831A1C2165BDEC50F4E37DC235			True	True	True
SRX3042244	SRR5875225	2017-07-27 11:52:25	2017-07-27 11:48:31	16614489	4807052651	0	289	1846		https://sra-downloadb.be-md.ncbi.nlm.nih.gov/sos5/sra-pub-zq-14/SRR005/875/SRR5875225.sralite.1	LL1210_pH6.23_R2_9	RNA-Seq	RANDOM PCR	TRANSCRIPTOMIC	SINGLE	0	0	ILLUMINA	Illumina HiSeq 2500	SRP113683	PRJNA395926		395926	SRS2390085	SAMN07417525	simple	1515	Acetivibrio thermocellus	LL1210_pH6.23_R2_9							no					OAK RIDGE NATIONAL LABORATORY	SRA592804		public	4D3C40B63CA412CC7A6C0B7C076408D9	C18E4C00142EB8EBC35A9B5F0EFC623D			True	True	True
SRX3042245	SRR5875224	2017-07-27 12:06:11	2017-07-27 12:02:08	16748436	4869798919	0	290	1877		https://sra-downloadb.be-md.ncbi.nlm.nih.gov/sos5/sra-pub-zq-14/SRR005/875/SRR5875224.sralite.1	LL1210_pH6.98_R1_2	RNA-Seq	RANDOM PCR	TRANSCRIPTOMIC	SINGLE	0	0	ILLUMINA	Illumina HiSeq 2500	SRP113683	PRJNA395926		395926	SRS2390087	SAMN07417518	simple	1515	Acetivibrio thermocellus	LL1210_pH6.98_R1_2							no					OAK RIDGE NATIONAL LABORATORY	SRA592804		public	1772D25B67AE8E850E9CC9A347A59E02	0BB86C4FC1D53DCA12954E6DA5E2AD50			True	True	True
SRX3042246	SRR5875223	2017-07-27 11:52:25	2017-07-27 11:48:40	17404261	4952878185	0	284	1905		https://sra-downloadb.be-md.ncbi.nlm.nih.gov/sos5/sra-pub-zq-14/SRR005/875/SRR5875223.sralite.1	LL1210_pH6.98_R2_1	RNA-Seq	RANDOM PCR	TRANSCRIPTOMIC	SINGLE	0	0	ILLUMINA	Illumina HiSeq 2500	SRP113683	PRJNA395926		395926	SRS2390088	SAMN07417517	simple	1515	Acetivibrio thermocellus	LL1210_pH6.98_R2_1							no					OAK RIDGE NATIONAL LABORATORY	SRA592804		public	AA08562E4B011D70B2774C509596FCB8	21298E8F1E1F6F9DFAE5BCE6EAAE5B41			True	True	True
SRX3042247	SRR5875222	2017-07-27 11:47:10	2017-07-27 11:43:27	15857863	4559562588	0	287	1760		https://sra-downloadb.be-md.ncbi.nlm.nih.gov/sos5/sra-pub-zq-14/SRR005/875/SRR5875222.sralite.1	LL1210_pH6.98_R1_4	RNA-Seq	RANDOM PCR	TRANSCRIPTOMIC	SINGLE	0	0	ILLUMINA	Illumina HiSeq 2500	SRP113683	PRJNA395926		395926	SRS2390089	SAMN07417520	simple	1515	Acetivibrio thermocellus	LL1210_pH6.98_R1_4							no					OAK RIDGE NATIONAL LABORATORY	SRA592804		public	F7F96F930F3619F1E4FC13A4DE6DD555	1C299CFDBC6E912EC9DEEE51984F3553			True	True	True
SRX3042248	SRR5875221	2017-07-27 11:52:25	2017-07-27 11:46:40	17720094	5057148000	0	285	1942		https://sra-downloadb.be-md.ncbi.nlm.nih.gov/sos5/sra-pub-zq-14/SRR005/875/SRR5875221.sralite.1	LL1210_pH6.98_R2_3	RNA-Seq	RANDOM PCR	TRANSCRIPTOMIC	SINGLE	0	0	ILLUMINA	Illumina HiSeq 2500	SRP113683	PRJNA395926		395926	SRS2390090	SAMN07417519	simple	1515	Acetivibrio thermocellus	LL1210_pH6.98_R2_3							no					OAK RIDGE NATIONAL LABORATORY	SRA592804		public	C4D577CC3773A9AF17B3597DE5AA3F46	D8ECC4D0DF2B171A0D75741ACAB143B1			True	True	True
SRX3042249	SRR5875220	2017-07-27 11:52:25	2017-07-27 11:48:33	15057774	4308129868	0	286	1673		https://sra-downloadb.be-md.ncbi.nlm.nih.gov/sos5/sra-pub-zq-14/SRR005/875/SRR5875220.sralite.1	LL1210_pH6.48_R1_6	RNA-Seq	RANDOM PCR	TRANSCRIPTOMIC	SINGLE	0	0	ILLUMINA	Illumina HiSeq 2500	SRP113683	PRJNA395926		395926	SRS2390091	SAMN07417522	simple	1515	Acetivibrio thermocellus	LL1210_pH6.48_R1_6							no					OAK RIDGE NATIONAL LABORATORY	SRA592804		public	53A416524D46BCE8BC24BCFEBE7C1F3A	7A6A2CF39EB238900747EC6192EE4B54			True	True	True
SRX3042250	SRR5875219	2017-07-27 11:45:11	2017-07-27 11:42:31	16290549	4645176061	0	285	1810		https://sra-downloadb.be-md.ncbi.nlm.nih.gov/sos5/sra-pub-zq-14/SRR005/875/SRR5875219.sralite.1	LL1210_pH6.48_R2_5	RNA-Seq	RANDOM PCR	TRANSCRIPTOMIC	SINGLE	0	0	ILLUMINA	Illumina HiSeq 2500	SRP113683	PRJNA395926		395926	SRS2390092	SAMN07417521	simple	1515	Acetivibrio thermocellus	LL1210_pH6.48_R2_5							no					OAK RIDGE NATIONAL LABORATORY	SRA592804		public	5C36E9F2E36A9C5DFF90F09EF5A544A0	90801DDFEDB1A3CE9463936B72950AFF			True	True	True
SRX3042251	SRR5875218	2017-07-27 11:44:10	2017-07-27 11:41:51	15112689	4317790764	0	285	1667		https://sra-downloadb.be-md.ncbi.nlm.nih.gov/sos5/sra-pub-zq-14/SRR005/875/SRR5875218.sralite.1	LL1210_pH6.12_R1_8	RNA-Seq	RANDOM PCR	TRANSCRIPTOMIC	SINGLE	0	0	ILLUMINA	Illumina HiSeq 2500	SRP113683	PRJNA395926		395926	SRS2390093	SAMN07417524	simple	1515	Acetivibrio thermocellus	LL1210_pH6.12_R1_8							no					OAK RIDGE NATIONAL LABORATORY	SRA592804		public	CD4B72A5312F1F62DB7C3074E807CAA5	6C857DFE76EE225E08E7C298B57943F1			True	True	True
SRX3042252	SRR5875217	2017-07-27 11:47:10	2017-07-27 11:43:03	16516308	4689775468	0	283	1813		https://sra-downloadb.be-md.ncbi.nlm.nih.gov/sos5/sra-pub-zq-14/SRR005/875/SRR5875217.sralite.1	LL1210_pH6.12_R2_7	RNA-Seq	RANDOM PCR	TRANSCRIPTOMIC	SINGLE	0	0	ILLUMINA	Illumina HiSeq 2500	SRP113683	PRJNA395926		395926	SRS2390094	SAMN07417523	simple	1515	Acetivibrio thermocellus	LL1210_pH6.12_R2_7							no					OAK RIDGE NATIONAL LABORATORY	SRA592804		public	E15B8C3E01DCEE3F6F38D33CDC339619	5C1D059C9EC2A2560B27A94BB8200A17			True	True	True
SRX3042253	SRR5875216	2017-07-27 11:58:10	2017-07-27 11:54:38	18980857	5570994175	0	293	2128		https://sra-downloadb.be-md.ncbi.nlm.nih.gov/sos5/sra-pub-zq-14/SRR005/875/SRR5875216.sralite.1	LL1210_pH6.23_R1_12	RNA-Seq	RANDOM PCR	TRANSCRIPTOMIC	SINGLE	0	0	ILLUMINA	Illumina HiSeq 2500	SRP113683	PRJNA395926		395926	SRS2390095	SAMN07417528	simple	1515	Acetivibrio thermocellus	LL1210_pH6.23_R1_12							no					OAK RIDGE NATIONAL LABORATORY	SRA592804		public	B8300CB40BA6F1E2904D8C20893AEA26	42F4BCCF3FCA6F9595B39F0055E61480			True	True	True
SRX3042254	SRR5875215	2017-07-27 11:47:10	2017-07-27 11:42:25	17489131	5127177886	0	293	1962		https://sra-downloadb.be-md.ncbi.nlm.nih.gov/sos5/sra-pub-zq-14/SRR005/875/SRR5875215.sralite.1	LL1210_pH6.23_R2_11	RNA-Seq	RANDOM PCR	TRANSCRIPTOMIC	SINGLE	0	0	ILLUMINA	Illumina HiSeq 2500	SRP113683	PRJNA395926		395926	SRS2390098	SAMN07417527	simple	1515	Acetivibrio thermocellus	LL1210_pH6.23_R2_11							no					OAK RIDGE NATIONAL LABORATORY	SRA592804		public	6D01BF1550640030494ECA49A6F49189	CA5F52D8E3598520D8826A21B3348DA1			True	True	True
SRX3200203	SRR6053266	2017-09-20 06:12:13	2017-09-20 06:08:41	17641787	3563640974	17641787	202	1411		https://sra-downloadb.be-md.ncbi.nlm.nih.gov/sos5/sra-pub-zq-14/SRR006/053/SRR6053266.sralite.1	BCGWU	RNA-Seq	other	TRANSCRIPTOMIC	PAIRED	0	0	ILLUMINA	Illumina HiSeq 2500	SRP118227	PRJNA403684		403684	SRS2527207	SAMN07621506	simple	1515	Acetivibrio thermocellus	Gp0214885							no					JGI	SRA610607		public	B59FAA89ED4D4ADD9F8F2B7FE5FF248A	9A3C616A47E1BAC283E7F07C73513E96			True	True	True
SRX3200204	SRR6053265	2017-09-20 06:22:11	2017-09-20 06:12:50	19196535	3877700070	19196535	202	1524		https://sra-downloadb.be-md.ncbi.nlm.nih.gov/sos5/sra-pub-zq-14/SRR006/053/SRR6053265.sralite.1	BCGXG	RNA-Seq	other	TRANSCRIPTOMIC	PAIRED	0	0	ILLUMINA	Illumina HiSeq 2500	SRP118226	PRJNA403686		403686	SRS2527206	SAMN07621733	simple	1515	Acetivibrio thermocellus	Gp0214887							no					JGI	SRA610607		public	33CD0F03AF270C72D8A682F079CEB62D	88D5EA944F2D1D9F94E1E7051AD2E644			True	True	True
SRX3200205	SRR6053264	2017-09-20 06:10:12	2017-09-20 06:07:31	15379932	3106746264	15379932	202	1211		https://sra-downloadb.be-md.ncbi.nlm.nih.gov/sos5/sra-pub-zq-14/SRR006/053/SRR6053264.sralite.1	BCGXA	RNA-Seq	other	TRANSCRIPTOMIC	PAIRED	0	0	ILLUMINA	Illumina HiSeq 2500	SRP118228	PRJNA403681		403681	SRS2527208	SAMN07621539	simple	1515	Acetivibrio thermocellus	Gp0214882							no					JGI	SRA610607		public	D42BC2BA4B1939DAF724673871E0C1C0	91F20B4587451FEC1B12F8C84A7FFAD4			True	True	True
SRX3200206	SRR6053263	2017-09-20 06:11:11	2017-09-20 06:07:10	17060499	3446220798	17060499	202	1359		https://sra-downloadb.be-md.ncbi.nlm.nih.gov/sos5/sra-pub-zq-14/SRR006/053/SRR6053263.sralite.1	BCGWX	RNA-Seq	other	TRANSCRIPTOMIC	PAIRED	0	0	ILLUMINA	Illumina HiSeq 2500	SRP118230	PRJNA403683		403683	SRS2527210	SAMN07621527	simple	1515	Acetivibrio thermocellus	Gp0214884							no					JGI	SRA610607		public	200183B557784453B4B41C0662D4C3CA	4E8622AD1F46BADE7E53457FB3200340			True	True	True
SRX3200207	SRR6053262	2017-09-20 06:07:12	2017-09-20 06:05:10	12547883	2534672366	12547883	202	977		https://sra-downloadb.be-md.ncbi.nlm.nih.gov/sos5/sra-pub-zq-14/SRR006/053/SRR6053262.sralite.1	BCGYB	RNA-Seq	other	TRANSCRIPTOMIC	PAIRED	0	0	ILLUMINA	Illumina HiSeq 2500	SRP118229	PRJNA403687		403687	SRS2527209	SAMN07621540	simple	1515	Acetivibrio thermocellus	Gp0214888							no					JGI	SRA610607		public	8295E7CE51BD52EB91CC2B28FEE3FB77	2DC37676440C77EE8A231D80B7A4CE9F			True	True	True
SRX3200208	SRR6053261	2017-09-20 06:08:32	2017-09-20 06:06:23	14717863	2973008326	14717863	202	1159		https://sra-downloadb.be-md.ncbi.nlm.nih.gov/sos5/sra-pub-zq-14/SRR006/053/SRR6053261.sralite.1	BCGXN	RNA-Seq	other	TRANSCRIPTOMIC	PAIRED	0	0	ILLUMINA	Illumina HiSeq 2500	SRP118231	PRJNA403685		403685	SRS2527211	SAMN07621505	simple	1515	Acetivibrio thermocellus	Gp0214886							no					JGI	SRA610607		public	17164111F2CC68163212FAEEC82E37AC	5B3F32C615733C4C33C61E9C7A98A22E			True	True	True
SRX3200209	SRR6053260	2017-09-20 06:07:12	2017-09-20 06:05:29	13107224	2647659248	13107224	202	1054		https://sra-downloadb.be-md.ncbi.nlm.nih.gov/sos5/sra-pub-zq-14/SRR006/053/SRR6053260.sralite.1	BCGYH	RNA-Seq	other	TRANSCRIPTOMIC	PAIRED	0	0	ILLUMINA	Illumina HiSeq 2500	SRP118233	PRJNA403680		403680	SRS2527213	SAMN07621549	simple	1515	Acetivibrio thermocellus	Gp0214881							no					JGI	SRA610607		public	44636B8A9EEC952AFB2B8745B8B134CE	B7076DEC4FBE7C9B9D72462759EE0B46			True	True	True
SRX368288	SRR1017581	2014-10-27 09:54:05	2013-10-26 11:17:03	18672883	3734576600	18672883	200	2517		https://sra-downloadb.be-md.ncbi.nlm.nih.gov/sos5/sra-pub-zq-11/SRR001/017/SRR1017581/SRR1017581.sralite.1		RNA-Seq	cDNA	TRANSCRIPTOMIC	PAIRED	0	0	ILLUMINA	Illumina HiSeq 2000	SRP032174	PRJNA224753		224753	SRS494332	SAMN02384671	simple	203119	Acetivibrio thermocellus ATCC 27405	GSM1251935							no					GEO	SRA108727		public	E65597B1AAD36B954E4E6B12E754BD4E	6FBD232022E1606A1E376E6B1AE55ED1			True	True	True
SRX368289	SRR1017582	2014-10-27 09:54:05	2013-10-26 11:16:47	17545456	3509091200	17545456	200	2355		https://sra-downloadb.be-md.ncbi.nlm.nih.gov/sos5/sra-pub-zq-11/SRR001/017/SRR1017582/SRR1017582.sralite.1		RNA-Seq	cDNA	TRANSCRIPTOMIC	PAIRED	0	0	ILLUMINA	Illumina HiSeq 2000	SRP032174	PRJNA224753		224753	SRS494331	SAMN02384674	simple	203119	Acetivibrio thermocellus ATCC 27405	GSM1251936							no					GEO	SRA108727		public	E5D6F13C3D61616FAA24953F0D5348EB	AE7E643E562C104603708A162CF38CB8			True	True	True
SRX368290	SRR1017583	2014-10-27 09:54:05	2013-10-26 11:18:27	26412344	5282468800	26412344	200	3568		https://sra-downloadb.be-md.ncbi.nlm.nih.gov/sos5/sra-pub-zq-11/SRR001/017/SRR1017583/SRR1017583.sralite.1		RNA-Seq	cDNA	TRANSCRIPTOMIC	PAIRED	0	0	ILLUMINA	Illumina HiSeq 2000	SRP032174	PRJNA224753		224753	SRS494333	SAMN02384675	simple	203119	Acetivibrio thermocellus ATCC 27405	GSM1251937							no					GEO	SRA108727		public	05D36E1B007AD69BA9CAE31D63B044D6	70661AA83B46A7C3D209B8C1FD5658E0			True	True	False
SRX368291	SRR1017584	2014-10-27 09:54:05	2013-10-26 11:20:54	29946755	5989351000	0	200	4043		https://sra-downloadb.be-md.ncbi.nlm.nih.gov/sos5/sra-pub-zq-11/SRR001/017/SRR1017584/SRR1017584.sralite.1		RNA-Seq	cDNA	TRANSCRIPTOMIC	PAIRED	0	0	ILLUMINA	Illumina HiSeq 2000	SRP032174	PRJNA224753		224753	SRS494334	SAMN02384672	simple	203119	Acetivibrio thermocellus ATCC 27405	GSM1251938							no					GEO	SRA108727		public					True	True	False
SRX368292	SRR1017585	2014-10-27 09:54:05	2013-10-26 11:19:26	24638409	4927681800	24638409	200	3315		https://sra-downloadb.be-md.ncbi.nlm.nih.gov/sos5/sra-pub-zq-11/SRR001/017/SRR1017585/SRR1017585.sralite.1		RNA-Seq	cDNA	TRANSCRIPTOMIC	PAIRED	0	0	ILLUMINA	Illumina HiSeq 2000	SRP032174	PRJNA224753		224753	SRS494335	SAMN02384676	simple	1515	Acetivibrio thermocellus	GSM1251939							no					GEO	SRA108727		public	830509B698D339DC177FDF5AE6AA4C41	EC06203A7D4B2F9965E0D2216EA8DE88			True	True	False
SRX368293	SRR1017586	2014-10-27 09:54:05	2013-10-26 11:18:39	24009115	4801823000	24009115	200	3208		https://sra-downloadb.be-md.ncbi.nlm.nih.gov/sos5/sra-pub-zq-11/SRR001/017/SRR1017586/SRR1017586.sralite.1		RNA-Seq	cDNA	TRANSCRIPTOMIC	PAIRED	0	0	ILLUMINA	Illumina HiSeq 2000	SRP032174	PRJNA224753		224753	SRS494336	SAMN02384673	simple	1515	Acetivibrio thermocellus	GSM1251940							no					GEO	SRA108727		public	908666E2FE9CDD73F0B6BC664E4235CC	3990A50409C6AD060BE34802D4BFCD9A			True	True	False
SRX5085503	SRR8268615	2018-11-30 17:06:39	2018-11-30 14:01:47	16691401	3371663002	16691401	202	1432		https://sra-downloadb.be-md.ncbi.nlm.nih.gov/sos5/sra-pub-zq-11/SRR008/268/SRR8268615/SRR8268615.sralite.1	BZUPO	RNA-Seq	other	TRANSCRIPTOMIC	PAIRED	0	0	ILLUMINA	Illumina HiSeq 2500	SRP171659	PRJNA456923		456923	SRS4097972	SAMN09063614	simple	637887	Acetivibrio thermocellus DSM 1313	Gp0252157							no					JGI	SRA817681		public	C558B93DD643B996105255F6945FC651	B18AA7C1898E39F3C84133A6EEAEFBEF			True	True	True
SRX5085504	SRR8268614	2018-11-30 17:06:39	2018-11-30 14:00:44	15875086	3206767372	15875086	202	1435		https://sra-downloadb.be-md.ncbi.nlm.nih.gov/sos5/sra-pub-zq-11/SRR008/268/SRR8268614/SRR8268614.sralite.1	BZUPH	RNA-Seq	other	TRANSCRIPTOMIC	PAIRED	0	0	ILLUMINA	Illumina HiSeq 2500	SRP171660	PRJNA456897		456897	SRS4097973	SAMN09063613	simple	637887	Acetivibrio thermocellus DSM 1313	Gp0252131							no					JGI	SRA817681		public	5290D5726B63612B7DEA59CB4729EC05	90A23B144A78E053E7FB4A9667D54F8D			True	True	True
SRX5085505	SRR8268613	2018-11-30 17:06:40	2018-11-30 14:01:34	15114768	3053183136	15114768	202	1306		https://sra-downloadb.be-md.ncbi.nlm.nih.gov/sos5/sra-pub-zq-11/SRR008/268/SRR8268613/SRR8268613.sralite.1	BZUPW	RNA-Seq	other	TRANSCRIPTOMIC	PAIRED	0	0	ILLUMINA	Illumina HiSeq 2500	SRP171661	PRJNA456898		456898	SRS4097974	SAMN09063641	simple	637887	Acetivibrio thermocellus DSM 1313	Gp0252132							no					JGI	SRA817681		public	583418DE88FA6BA3200E600B29481086	519CCFF773CBBF945B8E563620E5CDA4			True	True	True
SRX5085506	SRR8268612	2018-11-30 17:06:40	2018-11-30 14:03:09	17762813	3588088226	17762813	202	1550		https://sra-downloadb.be-md.ncbi.nlm.nih.gov/sos5/sra-pub-zq-11/SRR008/268/SRR8268612/SRR8268612.sralite.1	BZUPP	RNA-Seq	other	TRANSCRIPTOMIC	PAIRED	0	0	ILLUMINA	Illumina HiSeq 2500	SRP171662	PRJNA456924		456924	SRS4097975	SAMN09063623	simple	637887	Acetivibrio thermocellus DSM 1313	Gp0252158							no					JGI	SRA817681		public	8D15D5C59EC346B45274D81C297BC866	62F83F67CC1B62C78E1E61516433A361			True	True	True
SRX5085507	SRR8268611	2018-11-30 17:06:40	2018-11-30 14:01:54	18095137	3655217674	18095137	202	1631		https://sra-downloadb.be-md.ncbi.nlm.nih.gov/sos5/sra-pub-zq-11/SRR008/268/SRR8268611/SRR8268611.sralite.1	BZUPS	RNA-Seq	other	TRANSCRIPTOMIC	PAIRED	0	0	ILLUMINA	Illumina HiSeq 2500	SRP171663	PRJNA456910		456910	SRS4097976	SAMN09063632	simple	637887	Acetivibrio thermocellus DSM 1313	Gp0252144							no					JGI	SRA817681		public	3E26BAF83CF604661D13B09646AF264C	7C0955AC908D51A29B6BBA29925FE175			True	True	True
SRX5085508	SRR8268610	2018-12-01 00:13:24	2018-11-30 14:02:12	17400527	3514906454	17400527	202	1580		https://sra-downloadb.be-md.ncbi.nlm.nih.gov/sos5/sra-pub-zq-11/SRR008/268/SRR8268610/SRR8268610.sralite.1	BZUPN	RNA-Seq	other	TRANSCRIPTOMIC	PAIRED	0	0	ILLUMINA	Illumina HiSeq 2500	SRP171664	PRJNA456922		456922	SRS4097977	SAMN09063624	simple	637887	Acetivibrio thermocellus DSM 1313	Gp0252156							no					JGI	SRA817681		public	48C671C54195AE14B839226E6750B380	C8224F939C13866B8920E17FE1B0DA33			True	True	True
SRX5085509	SRR8268609	2018-11-30 17:06:40	2018-11-30 14:03:09	17516797	3538392994	17516797	202	1526		https://sra-downloadb.be-md.ncbi.nlm.nih.gov/sos5/sra-pub-zq-11/SRR008/268/SRR8268609/SRR8268609.sralite.1	BZUPZ	RNA-Seq	other	TRANSCRIPTOMIC	PAIRED	0	0	ILLUMINA	Illumina HiSeq 2500	SRP171665	PRJNA456901		456901	SRS4097978	SAMN09063639	simple	637887	Acetivibrio thermocellus DSM 1313	Gp0252135							no					JGI	SRA817681		public	3FE2E525E2562D484E747CB1463ED836	1AB34E04F97747B05401C72DA4284CCB			True	True	True
SRX5085511	SRR8268607	2018-11-30 17:06:40	2018-11-30 14:01:03	18641657	3765614714	18641657	202	1736		https://sra-downloadb.be-md.ncbi.nlm.nih.gov/sos5/sra-pub-zq-11/SRR008/268/SRR8268607/SRR8268607.sralite.1	BZUPT	RNA-Seq	other	TRANSCRIPTOMIC	PAIRED	0	0	ILLUMINA	Illumina HiSeq 2500	SRP171667	PRJNA456911		456911	SRS4097980	SAMN09063618	simple	637887	Acetivibrio thermocellus DSM 1313	Gp0252145							no					JGI	SRA817681		public	53465D291E17F7865965DB1CB89EB3A2	FF5A9ECC67FBECA669E769A211313058			True	True	True
SRX5085512	SRR8268606	2018-11-30 17:06:40	2018-11-30 14:00:15	16070123	3246164846	16070123	202	1379		https://sra-downloadb.be-md.ncbi.nlm.nih.gov/sos5/sra-pub-zq-11/SRR008/268/SRR8268606/SRR8268606.sralite.1	BZUPU	RNA-Seq	other	TRANSCRIPTOMIC	PAIRED	0	0	ILLUMINA	Illumina HiSeq 2500	SRP171668	PRJNA456912		456912	SRS4097981	SAMN09063631	simple	637887	Acetivibrio thermocellus DSM 1313	Gp0252146							no					JGI	SRA817681		public	AE4C5FF6EFEDD6B6886D3C13A71CFC78	0ECDAC2F33EC034A4BC9FDD08F01AF5B			True	True	True
SRX5085513	SRR8268605	2018-11-30 17:06:40	2018-11-30 14:02:55	17341338	3502950276	17341338	202	1528		https://sra-downloadb.be-md.ncbi.nlm.nih.gov/sos5/sra-pub-zq-11/SRR008/268/SRR8268605/SRR8268605.sralite.1	BZUOZ	RNA-Seq	other	TRANSCRIPTOMIC	PAIRED	0	0	ILLUMINA	Illumina HiSeq 2500	SRP171669	PRJNA456907		456907	SRS4097982	SAMN09063634	simple	637887	Acetivibrio thermocellus DSM 1313	Gp0252141							no					JGI	SRA817681		public	CC5518829319A9DD9B505CAF99EDFDAD	19D82D2790EED041A2026DC5D1D4226F			True	True	True
SRX5085514	SRR8268604	2018-11-30 17:06:40	2018-11-30 14:01:40	18688866	3775150932	18688866	202	1639		https://sra-downloadb.be-md.ncbi.nlm.nih.gov/sos5/sra-pub-zq-11/SRR008/268/SRR8268604/SRR8268604.sralite.1	BZUSH	RNA-Seq	other	TRANSCRIPTOMIC	PAIRED	0	0	ILLUMINA	Illumina HiSeq 2500	SRP171670	PRJNA456906		456906	SRS4097983	SAMN09063635	simple	637887	Acetivibrio thermocellus DSM 1313	Gp0252140							no					JGI	SRA817681		public	C167B984F1C0E81630219EA9904518D1	BA7DC9828F6DEFBAC00222183CDB5BBA			True	True	True
SRX5085517	SRR8268601	2018-11-30 17:06:40	2018-11-30 14:00:38	15050231	3040146662	15050231	202	1364		https://sra-downloadb.be-md.ncbi.nlm.nih.gov/sos5/sra-pub-zq-11/SRR008/268/SRR8268601/SRR8268601.sralite.1	BZUSB	RNA-Seq	other	TRANSCRIPTOMIC	PAIRED	0	0	ILLUMINA	Illumina HiSeq 2500	SRP171673	PRJNA456903		456903	SRS4097986	SAMN09063616	simple	637887	Acetivibrio thermocellus DSM 1313	Gp0252137							no					JGI	SRA817681		public	8903D46DE6E69AF42E1F874515302A8E	8B45733A62F6F33A6F05C5D9BBF7FC58			True	True	True
SRX5085518	SRR8268600	2018-11-30 17:06:40	2018-11-30 14:01:29	17373796	3509506792	17373796	202	1512		https://sra-downloadb.be-md.ncbi.nlm.nih.gov/sos5/sra-pub-zq-11/SRR008/268/SRR8268600/SRR8268600.sralite.1	BZUOY	RNA-Seq	other	TRANSCRIPTOMIC	PAIRED	0	0	ILLUMINA	Illumina HiSeq 2500	SRP171674	PRJNA456921		456921	SRS4097987	SAMN09063625	simple	637887	Acetivibrio thermocellus DSM 1313	Gp0252155							no					JGI	SRA817681		public	2DD9F962022C2601495B2A700BBA97F0	78427DF2490898DAD1AFE5C28099264B			True	True	True
SRX5085519	SRR8268599	2018-11-30 17:06:40	2018-11-30 13:59:38	15665960	3164523920	15665960	202	1378		https://sra-downloadb.be-md.ncbi.nlm.nih.gov/sos5/sra-pub-zq-11/SRR008/268/SRR8268599/SRR8268599.sralite.1	BZUSA	RNA-Seq	other	TRANSCRIPTOMIC	PAIRED	0	0	ILLUMINA	Illumina HiSeq 2500	SRP171675	PRJNA456902		456902	SRS4097988	SAMN09063638	simple	637887	Acetivibrio thermocellus DSM 1313	Gp0252136							no					JGI	SRA817681		public	C78D215164F4A7854FED6DB8CFF59484	A20875BF14174E0B1877949269D17F7B			True	True	True
SRX5085520	SRR8268598	2018-11-30 17:06:40	2018-11-30 14:02:18	18576505	3752454010	18576505	202	1683		https://sra-downloadb.be-md.ncbi.nlm.nih.gov/sos5/sra-pub-zq-11/SRR008/268/SRR8268598/SRR8268598.sralite.1	BZUSC	RNA-Seq	other	TRANSCRIPTOMIC	PAIRED	0	0	ILLUMINA	Illumina HiSeq 2500	SRP171676	PRJNA456904		456904	SRS4097989	SAMN09063637	simple	637887	Acetivibrio thermocellus DSM 1313	Gp0252138							no					JGI	SRA817681		public	194BA801C230F1F79A199FF3E2F4475F	40E1F38538D5D0FDE1CABEF587FC16F7			True	True	True
SRX5085521	SRR8268597	2018-11-30 17:06:40	2018-11-30 14:01:16	17348242	3504344884	17348242	202	1564		https://sra-downloadb.be-md.ncbi.nlm.nih.gov/sos5/sra-pub-zq-11/SRR008/268/SRR8268597/SRR8268597.sralite.1	BZUPY	RNA-Seq	other	TRANSCRIPTOMIC	PAIRED	0	0	ILLUMINA	Illumina HiSeq 2500	SRP171677	PRJNA456900		456900	SRS4097990	SAMN09063615	simple	637887	Acetivibrio thermocellus DSM 1313	Gp0252134							no					JGI	SRA817681		public	514D942BD6FD62B5F16E9F9C1633E8A6	5AFE4BA1E2984D3F5A2DECCA41627AF7			True	True	True
SRX5085522	SRR8268596	2018-11-30 17:06:40	2018-11-30 14:00:10	16773001	3388146202	16773001	202	1503		https://sra-downloadb.be-md.ncbi.nlm.nih.gov/sos5/sra-pub-zq-11/SRR008/268/SRR8268596/SRR8268596.sralite.1	BZUPX	RNA-Seq	other	TRANSCRIPTOMIC	PAIRED	0	0	ILLUMINA	Illumina HiSeq 2500	SRP171678	PRJNA456899		456899	SRS4097991	SAMN09063640	simple	637887	Acetivibrio thermocellus DSM 1313	Gp0252133							no					JGI	SRA817681		public	3D40889955E96D3A817A442932B42959	3F569A47E092FB5CB22C0D932124F1CF			True	True	True
SRX5085523	SRR8268595	2018-11-30 17:06:40	2018-11-30 14:04:51	37576925	3795269425	0	101	1498		https://sra-downloadb.be-md.ncbi.nlm.nih.gov/sos5/sra-pub-zq-11/SRR008/268/SRR8268595/SRR8268595.sralite.1	CGCYZ	RNA-Seq	other	TRANSCRIPTOMIC	SINGLE	0	0	ILLUMINA	Illumina HiSeq 2500	SRP171679	PRJNA499166		499166	SRS4097992	SAMN10345379	simple	1515	Acetivibrio thermocellus	Gp0345517							no					JGI	SRA817681		public	ED5D8A1A8C31960DDB0A7BB4CD9712CE	44170EBE5B53E5067277A251E1FCE581			True	True	True
SRX5085524	SRR8268594	2018-11-30 17:06:40	2018-11-30 14:01:53	17395281	3513846762	17395281	202	1559		https://sra-downloadb.be-md.ncbi.nlm.nih.gov/sos5/sra-pub-zq-11/SRR008/268/SRR8268594/SRR8268594.sralite.1	BZUOW	RNA-Seq	other	TRANSCRIPTOMIC	PAIRED	0	0	ILLUMINA	Illumina HiSeq 2500	SRP171680	PRJNA456919		456919	SRS4097993	SAMN09063626	simple	637887	Acetivibrio thermocellus DSM 1313	Gp0252153							no					JGI	SRA817681		public	B7A00ECBE94EE8A1284EFFE9C44350CB	CF9D1115BF7E33FB031152FAA700E45F			True	True	True
SRX5085525	SRR8268593	2018-11-30 17:06:40	2018-11-30 14:05:47	39550781	3994628881	0	101	1514		https://sra-downloadb.be-md.ncbi.nlm.nih.gov/sos5/sra-pub-zq-11/SRR008/268/SRR8268593/SRR8268593.sralite.1	CGCZC	RNA-Seq	other	TRANSCRIPTOMIC	SINGLE	0	0	ILLUMINA	Illumina HiSeq 2500	SRP171681	PRJNA499169		499169	SRS4097994	SAMN10345378	simple	1515	Acetivibrio thermocellus	Gp0345520							no					JGI	SRA817681		public	325A9962646BB4B6C937A0F317CB2C75	745D8184C2CEA7560D8991A732FBDDAF			True	True	True
SRX5085526	SRR8268592	2018-11-30 17:06:40	2018-11-30 14:05:01	37190765	3756267265	0	101	1466		https://sra-downloadb.be-md.ncbi.nlm.nih.gov/sos5/sra-pub-zq-11/SRR008/268/SRR8268592/SRR8268592.sralite.1	CGCZB	RNA-Seq	other	TRANSCRIPTOMIC	SINGLE	0	0	ILLUMINA	Illumina HiSeq 2500	SRP171682	PRJNA499168		499168	SRS4097995	SAMN10345381	simple	1515	Acetivibrio thermocellus	Gp0345519							no					JGI	SRA817681		public	54F557BF3BC94C0AF377515E198B6044	D030A57B2B20E29EFF83E35A051BAB42			True	True	True
SRX5085527	SRR8268591	2018-11-30 17:06:40	2018-11-30 14:01:03	15806843	3192982286	15806843	202	1428		https://sra-downloadb.be-md.ncbi.nlm.nih.gov/sos5/sra-pub-zq-11/SRR008/268/SRR8268591/SRR8268591.sralite.1	BZUPA	RNA-Seq	other	TRANSCRIPTOMIC	PAIRED	0	0	ILLUMINA	Illumina HiSeq 2500	SRP171683	PRJNA456908		456908	SRS4097996	SAMN09063617	simple	637887	Acetivibrio thermocellus DSM 1313	Gp0252142							no					JGI	SRA817681		public	4526781E0A2AEE07A59176ADB394D627	03A42D7CB93B697E4E63AD3E84683C8C			True	True	True
SRX5085528	SRR8268590	2018-11-30 17:06:40	2018-11-30 14:00:21	16678785	3369114570	16678785	202	1431		https://sra-downloadb.be-md.ncbi.nlm.nih.gov/sos5/sra-pub-zq-11/SRR008/268/SRR8268590/SRR8268590.sralite.1	BZUPG	RNA-Seq	other	TRANSCRIPTOMIC	PAIRED	0	0	ILLUMINA	Illumina HiSeq 2500	SRP171684	PRJNA456896		456896	SRS4097997	SAMN09063642	simple	637887	Acetivibrio thermocellus DSM 1313	Gp0252130							no					JGI	SRA817681		public	2759A7895664A99D3F795EC2FEE8AFCA	190B9A97B806AFDE7DBD1B14666518BB			True	True	True
SRX5085529	SRR8268589	2018-11-30 17:06:40	2018-11-30 14:01:55	17746957	3584885314	17746957	202	1527		https://sra-downloadb.be-md.ncbi.nlm.nih.gov/sos5/sra-pub-zq-11/SRR008/268/SRR8268589/SRR8268589.sralite.1	BZUPC	RNA-Seq	other	TRANSCRIPTOMIC	PAIRED	0	0	ILLUMINA	Illumina HiSeq 2500	SRP171685	PRJNA456895		456895	SRS4097998	SAMN09063643	simple	637887	Acetivibrio thermocellus DSM 1313	Gp0252129							no					JGI	SRA817681		public	E0BB29005C10ACBFB94C52CEF570E6E0	7FFF88C2FBC2A295AB896F4F2C3D10EC			True	True	True
SRX5085530	SRR8268588	2018-11-30 17:06:40	2018-11-30 14:03:24	20191754	4078734308	20191754	202	1816		https://sra-downloadb.be-md.ncbi.nlm.nih.gov/sos5/sra-pub-zq-11/SRR008/268/SRR8268588/SRR8268588.sralite.1	BZUPB	RNA-Seq	other	TRANSCRIPTOMIC	PAIRED	0	0	ILLUMINA	Illumina HiSeq 2500	SRP171686	PRJNA456909		456909	SRS4097999	SAMN09063633	simple	637887	Acetivibrio thermocellus DSM 1313	Gp0252143							no					JGI	SRA817681		public	E46741BEA3E99C6C901BCDCD8A97E623	79AD4F8DC0A509A65497C78DCFC2AEDD			True	True	True
SRX5085531	SRR8268587	2018-11-30 17:06:40	2018-11-30 14:01:03	15656651	3162643502	15656651	202	1368		https://sra-downloadb.be-md.ncbi.nlm.nih.gov/sos5/sra-pub-zq-11/SRR008/268/SRR8268587/SRR8268587.sralite.1	BZUSG	RNA-Seq	other	TRANSCRIPTOMIC	PAIRED	0	0	ILLUMINA	Illumina HiSeq 2500	SRP171687	PRJNA456905		456905	SRS4098000	SAMN09063636	simple	637887	Acetivibrio thermocellus DSM 1313	Gp0252139							no					JGI	SRA817681		public	FFE2E1A99C04745ECC905A46EC70655F	241EEB7D723BECD444D28FED212635E7			True	True	True
SRX5209262	SRR8399967	2019-01-05 19:34:23	2019-01-05 19:31:45	13011610	2628345220	13011610	202	1071		https://sra-downloadb.be-md.ncbi.nlm.nih.gov/sos5/sra-pub-zq-11/SRR008/399/SRR8399967/SRR8399967.sralite.1	BCHNT	RNA-Seq	other	TRANSCRIPTOMIC	PAIRED	0	0	ILLUMINA	Illumina HiSeq 2500	SRP175541	PRJNA460774		460774	SRS4213776	SAMN09070816	simple	1515	Acetivibrio thermocellus	Gp0215016							no					JGI	SRA831131		public	A90BE3514FE0DA60C47D8ABA9F24D110	D8ADEB582E9D8F00051C74ECE68918B1			True	True	True
SRX5209263	SRR8399966	2019-01-05 19:36:11	2019-01-05 19:32:46	15078259	3045808318	15078259	202	1193		https://sra-downloadb.be-md.ncbi.nlm.nih.gov/sos5/sra-pub-zq-11/SRR008/399/SRR8399966/SRR8399966.sralite.1	BCHNX	RNA-Seq	other	TRANSCRIPTOMIC	PAIRED	0	0	ILLUMINA	Illumina HiSeq 2500	SRP175542	PRJNA460775		460775	SRS4213777	SAMN09070813	simple	1515	Acetivibrio thermocellus	Gp0215017							no					JGI	SRA831131		public	BD6B9808A0A14521643C605818EA47F4	135F8876652D3D4A42F2F53A590E3A96			True	True	True
SRX5209264	SRR8399965	2019-01-05 19:34:23	2019-01-05 19:32:27	13899888	2807777376	13899888	202	1112		https://sra-downloadb.be-md.ncbi.nlm.nih.gov/sos5/sra-pub-zq-11/SRR008/399/SRR8399965/SRR8399965.sralite.1	BCHNP	RNA-Seq	other	TRANSCRIPTOMIC	PAIRED	0	0	ILLUMINA	Illumina HiSeq 2500	SRP175543	PRJNA460773		460773	SRS4213778	SAMN09070815	simple	1515	Acetivibrio thermocellus	Gp0215015							no					JGI	SRA831131		public	62D3AEA2BD477674231E94AE5DF7597C	D80F3F9E3BB939E84A915764018AB01B			True	True	True
SRX5209265	SRR8399964	2019-01-05 19:36:11	2019-01-05 19:33:16	16500711	3333143622	16500711	202	1386		https://sra-downloadb.be-md.ncbi.nlm.nih.gov/sos5/sra-pub-zq-11/SRR008/399/SRR8399964/SRR8399964.sralite.1	BCHOA	RNA-Seq	other	TRANSCRIPTOMIC	PAIRED	0	0	ILLUMINA	Illumina HiSeq 2500	SRP175544	PRJNA460776		460776	SRS4213779	SAMN09070814	simple	1515	Acetivibrio thermocellus	Gp0215018							no					JGI	SRA831131		public	1568CA30D76DE25D9B7A111A3780CAE8	161EDCFD6FBF7A514A177DECA5722056			True	True	True
SRX5209268	SRR8399973	2019-01-05 20:02:12	2019-01-05 19:59:49	12022501	2428545202	12022501	202	968		https://sra-downloadb.be-md.ncbi.nlm.nih.gov/sos5/sra-pub-zq-11/SRR008/399/SRR8399973/SRR8399973.sralite.1	BCHHC	RNA-Seq	other	TRANSCRIPTOMIC	PAIRED	0	0	ILLUMINA	Illumina HiSeq 2500	SRP175547	PRJNA460768		460768	SRS4213782	SAMN09071155	simple	1515	Acetivibrio thermocellus	Gp0215010							no					JGI	SRA831133		public	BEF64EB464137F5CA939442A009FCCE1	AD86FC40E3BDCDB734CEB492FF366CA4			True	True	True
SRX5209269	SRR8399972	2019-01-05 20:02:12	2019-01-05 19:59:56	11481796	2319322792	11481796	202	918		https://sra-downloadb.be-md.ncbi.nlm.nih.gov/sos5/sra-pub-zq-11/SRR008/399/SRR8399972/SRR8399972.sralite.1	BCHGT	RNA-Seq	other	TRANSCRIPTOMIC	PAIRED	0	0	ILLUMINA	Illumina HiSeq 2500	SRP175548	PRJNA460765		460765	SRS4213783	SAMN09071157	simple	1515	Acetivibrio thermocellus	Gp0215007							no					JGI	SRA831133		public	DC182F4E4D6BE2A4ED78310BCE917016	8A4E726B3BD7FB0D6BA6ADE14E66A878			True	True	True
SRX5209270	SRR8399971	2019-01-05 20:10:11	2019-01-05 20:03:02	15603324	3151871448	15603324	202	1295		https://sra-downloadb.be-md.ncbi.nlm.nih.gov/sos5/sra-pub-zq-11/SRR008/399/SRR8399971/SRR8399971.sralite.1	BCHHA	RNA-Seq	other	TRANSCRIPTOMIC	PAIRED	0	0	ILLUMINA	Illumina HiSeq 2500	SRP175549	PRJNA460767		460767	SRS4213784	SAMN09071154	simple	1515	Acetivibrio thermocellus	Gp0215009							no					JGI	SRA831133		public	EC7276425629319976304B75ED3E16F8	DCD0ED3369673CBBFE0812B09DD1E11F			True	True	True
SRX5209271	SRR8399970	2019-01-05 20:02:12	2019-01-05 20:00:41	14689432	2967265264	14689432	202	1170		https://sra-downloadb.be-md.ncbi.nlm.nih.gov/sos5/sra-pub-zq-11/SRR008/399/SRR8399970/SRR8399970.sralite.1	BCHGX	RNA-Seq	other	TRANSCRIPTOMIC	PAIRED	0	0	ILLUMINA	Illumina HiSeq 2500	SRP175550	PRJNA460766		460766	SRS4213785	SAMN09071156	simple	1515	Acetivibrio thermocellus	Gp0215008							no					JGI	SRA831133		public	43F930193BCB5A5DE3C995A98432C512	26866208E61B1377D7F76F358EFB19FF			True	True	True
SRX5209272	SRR8399977	2019-01-05 20:21:11	2019-01-05 20:17:34	13727972	2773050344	13727972	202	1105		https://sra-downloadb.be-md.ncbi.nlm.nih.gov/sos5/sra-pub-zq-11/SRR008/399/SRR8399977/SRR8399977.sralite.1	BCHGN	RNA-Seq	other	TRANSCRIPTOMIC	PAIRED	0	0	ILLUMINA	Illumina HiSeq 2500	SRP175551	PRJNA460758		460758	SRS4213786	SAMN09071361	simple	1515	Acetivibrio thermocellus	Gp0215000							no					JGI	SRA831134		public	FE5FA7588A482C68CFFD92E0660CB691	63CE8FA0EF97A6C6949BA9C8FABFF19D			True	True	True
SRX5209273	SRR8399976	2019-01-05 20:21:11	2019-01-05 20:17:03	12112684	2446762168	12112684	202	1000		https://sra-downloadb.be-md.ncbi.nlm.nih.gov/sos5/sra-pub-zq-11/SRR008/399/SRR8399976/SRR8399976.sralite.1	BCHGG	RNA-Seq	other	TRANSCRIPTOMIC	PAIRED	0	0	ILLUMINA	Illumina HiSeq 2500	SRP175552	PRJNA460757		460757	SRS4213787	SAMN09071358	simple	1515	Acetivibrio thermocellus	Gp0214999							no					JGI	SRA831134		public	08DE5D74940C79B37B0BBE31C1F73755	33A2B3AB28DED4BC75B7D7B23C23AB4B			True	True	True
SRX5209274	SRR8399975	2019-01-05 20:21:11	2019-01-05 20:17:52	14676553	2964663706	14676553	202	1199		https://sra-downloadb.be-md.ncbi.nlm.nih.gov/sos5/sra-pub-zq-11/SRR008/399/SRR8399975/SRR8399975.sralite.1	BCHHS	RNA-Seq	other	TRANSCRIPTOMIC	PAIRED	0	0	ILLUMINA	Illumina HiSeq 2500	SRP175553	PRJNA460759		460759	SRS4213788	SAMN09071359	simple	1515	Acetivibrio thermocellus	Gp0215001							no					JGI	SRA831134		public	5A4A466B28F6ACBF500B7B5B29C3F3A9	2BE8F524F28D70262CE61926D05B2C9D			True	True	True
SRX5209275	SRR8399974	2019-01-05 20:21:11	2019-01-05 20:18:14	15098738	3049945076	15098738	202	1237		https://sra-downloadb.be-md.ncbi.nlm.nih.gov/sos5/sra-pub-zq-11/SRR008/399/SRR8399974/SRR8399974.sralite.1	BCHHH	RNA-Seq	other	TRANSCRIPTOMIC	PAIRED	0	0	ILLUMINA	Illumina HiSeq 2500	SRP175554	PRJNA460760		460760	SRS4213789	SAMN09071360	simple	1515	Acetivibrio thermocellus	Gp0215002							no					JGI	SRA831134		public	19B397070C58ED9B13BB5FBAAA74D710	ACD1CE621A8630A914DD906B29700C34			True	True	True
SRX5209276	SRR8399980	2019-01-05 20:28:48	2019-01-05 20:26:28	14141185	2856519370	14141185	202	1119		https://sra-downloadb.be-md.ncbi.nlm.nih.gov/sos5/sra-pub-zq-11/SRR008/399/SRR8399980/SRR8399980.sralite.1	BCGXU	RNA-Seq	other	TRANSCRIPTOMIC	PAIRED	0	0	ILLUMINA	Illumina HiSeq 2500	SRP175555	PRJNA459744		459744	SRS4213790	SAMN09074246	simple	1515	Acetivibrio thermocellus	Gp0151306							no					JGI	SRA831135		public	E1EF3C84A3167BC917BBC39999F7037E	88AAFFF4250D57E5043F9693A9028D6D			True	True	True
SRX5209277	SRR8399979	2019-01-05 20:28:48	2019-01-05 20:26:25	15061512	3042425424	15061512	202	1222		https://sra-downloadb.be-md.ncbi.nlm.nih.gov/sos5/sra-pub-zq-11/SRR008/399/SRR8399979/SRR8399979.sralite.1	BCGXZ	RNA-Seq	other	TRANSCRIPTOMIC	PAIRED	0	0	ILLUMINA	Illumina HiSeq 2500	SRP175556	PRJNA459428		459428	SRS4213791	SAMN09066863	simple	1515	Acetivibrio thermocellus	Gp0214900							no					JGI	SRA831135		public	7621FE3B2DD38346012A00ED415FBF08	B445E34500EC1B477BC21D52CBB5A6F8			True	True	True
SRX5209278	SRR8399978	2019-01-05 20:27:11	2019-01-05 20:25:55	12124430	2449134860	12124430	202	957		https://sra-downloadb.be-md.ncbi.nlm.nih.gov/sos5/sra-pub-zq-11/SRR008/399/SRR8399978/SRR8399978.sralite.1	BCGXT	RNA-Seq	other	TRANSCRIPTOMIC	PAIRED	0	0	ILLUMINA	Illumina HiSeq 2500	SRP175557	PRJNA459745		459745	SRS4213792	SAMN09074242	simple	1515	Acetivibrio thermocellus	Gp0151307							no					JGI	SRA831135		public	2D52C2D5255FD56AD1FC16D9B6AF38E2	05A981E54D3A9D156AB853E6CFFFE9DB			True	True	True
SRX5209279	SRR8399984	2019-01-05 20:31:12	2019-01-05 20:29:03	13049871	2636073942	13049871	202	1040		https://sra-downloadb.be-md.ncbi.nlm.nih.gov/sos5/sra-pub-zq-11/SRR008/399/SRR8399984/SRR8399984.sralite.1	BCGXW	RNA-Seq	other	TRANSCRIPTOMIC	PAIRED	0	0	ILLUMINA	Illumina HiSeq 2500	SRP175558	PRJNA459425		459425	SRS4213793	SAMN09065915	simple	1515	Acetivibrio thermocellus	Gp0214897							no					JGI	SRA831136		public	2FFFAE175C08CBF8CAEA5D1C1EF574C9	D4CC67E9634586EF4EE5E01A034EF0D0			True	True	True
SRX5209280	SRR8399983	2019-01-05 20:30:10	2019-01-05 20:28:09	14376693	2904091986	14376693	202	1138		https://sra-downloadb.be-md.ncbi.nlm.nih.gov/sos5/sra-pub-zq-11/SRR008/399/SRR8399983/SRR8399983.sralite.1	BCGXX	RNA-Seq	other	TRANSCRIPTOMIC	PAIRED	0	0	ILLUMINA	Illumina HiSeq 2500	SRP175559	PRJNA459424		459424	SRS4213794	SAMN09065913	simple	1515	Acetivibrio thermocellus	Gp0214896							no					JGI	SRA831136		public	78D177F3C9509F1DEC69863B78BF58A2	D07DF3489B24676C98F60A0825EF14F6			True	True	True
SRX5209281	SRR8399982	2019-01-05 20:31:12	2019-01-05 20:29:04	16025115	3237073230	16025115	202	1261		https://sra-downloadb.be-md.ncbi.nlm.nih.gov/sos5/sra-pub-zq-11/SRR008/399/SRR8399982/SRR8399982.sralite.1	BCGYC	RNA-Seq	other	TRANSCRIPTOMIC	PAIRED	0	0	ILLUMINA	Illumina HiSeq 2500	SRP175560	PRJNA459427		459427	SRS4213795	SAMN09065912	simple	1515	Acetivibrio thermocellus	Gp0214899							no					JGI	SRA831136		public	90AAA694446C3F732E31882D2FDAA91E	606ABADBFF6D76275460D45B4BF06D4C			True	True	True
SRX5209282	SRR8399981	2019-01-05 20:31:12	2019-01-05 20:29:12	16210538	3274528676	16210538	202	1301		https://sra-downloadb.be-md.ncbi.nlm.nih.gov/sos5/sra-pub-zq-11/SRR008/399/SRR8399981/SRR8399981.sralite.1	BCGYG	RNA-Seq	other	TRANSCRIPTOMIC	PAIRED	0	0	ILLUMINA	Illumina HiSeq 2500	SRP175561	PRJNA459426		459426	SRS4213796	SAMN09065914	simple	1515	Acetivibrio thermocellus	Gp0214898							no					JGI	SRA831136		public	92784CD444BA5B586C84134E135C3418	664145DD20B0477C9A2634CC4D72CEAB			True	True	True
SRX5209298	SRR8400003	2019-01-05 20:59:11	2019-01-05 20:57:27	14464743	2921878086	14464743	202	1164		https://sra-downloadb.be-md.ncbi.nlm.nih.gov/sos5/sra-pub-zq-11/SRR008/400/SRR8400003/SRR8400003.sralite.1	BCGXC	RNA-Seq	other	TRANSCRIPTOMIC	PAIRED	0	0	ILLUMINA	Illumina HiSeq 2500	SRP175563	PRJNA459405		459405	SRS4213797	SAMN09066647	simple	1515	Acetivibrio thermocellus	Gp0214869							no					JGI	SRA831138		public	E96FEF7A30A64EA20BDAA2ECD2B0393C	D464D913F166A898B5BCA74A40E2D217			True	True	True
SRX5209299	SRR8400002	2019-01-05 21:02:11	2019-01-05 21:00:42	19927732	4025401864	19927732	202	1577		https://sra-downloadb.be-md.ncbi.nlm.nih.gov/sos5/sra-pub-zq-11/SRR008/400/SRR8400002/SRR8400002.sralite.1	BCGXB	RNA-Seq	other	TRANSCRIPTOMIC	PAIRED	0	0	ILLUMINA	Illumina HiSeq 2500	SRP175564	PRJNA459406		459406	SRS4213798	SAMN09066650	simple	1515	Acetivibrio thermocellus	Gp0214870							no					JGI	SRA831138		public	46D43EA03FC29D39B93BE024CC4E56C7	DFD7C093DFFEA0DC67B9373CE8ECCDB9			True	True	True
SRX5209300	SRR8400001	2019-01-05 21:00:53	2019-01-05 20:58:02	15171817	3064707034	15171817	202	1193		https://sra-downloadb.be-md.ncbi.nlm.nih.gov/sos5/sra-pub-zq-11/SRR008/400/SRR8400001/SRR8400001.sralite.1	BCGXS	RNA-Seq	other	TRANSCRIPTOMIC	PAIRED	0	0	ILLUMINA	Illumina HiSeq 2500	SRP175565	PRJNA459407		459407	SRS4213799	SAMN09066648	simple	1515	Acetivibrio thermocellus	Gp0214871							no					JGI	SRA831138		public	FB358D7E76282EFCB4F06515796661ED	F2A3A3D7BE0911DFB242721293CE85BB			True	True	True
SRX5209301	SRR8400000	2019-01-05 20:58:10	2019-01-05 20:55:44	10533603	2127787806	10533603	202	823		https://sra-downloadb.be-md.ncbi.nlm.nih.gov/sos5/sra-pub-zq-11/SRR008/400/SRR8400000/SRR8400000.sralite.1	BCGXP	RNA-Seq	other	TRANSCRIPTOMIC	PAIRED	0	0	ILLUMINA	Illumina HiSeq 2500	SRP175566	PRJNA459408		459408	SRS4213800	SAMN09066649	simple	1515	Acetivibrio thermocellus	Gp0214872							no					JGI	SRA831138		public	C99A71B7A501F2B095B8AC0CF5777E60	7BF89059B9C1310372A0D92A41BEE0D5			True	True	True
SRX6853642	SRR10125063	2019-09-17 16:01:16	2019-09-16 16:11:11	31206799	9424453298	31206799	302	3604		https://sra-downloadb.be-md.ncbi.nlm.nih.gov/sos5/sra-pub-zq-14/SRR010/125/SRR10125063.sralite.1		RNA-Seq	cDNA	TRANSCRIPTOMIC	PAIRED	0	0	ILLUMINA	Illumina HiSeq 4000	SRP221752	PRJNA565756	3.0	565756	SRS5391957	SAMN12767037	simple	1515	Acetivibrio thermocellus	GSM4080753							no					GEO	SRA962562		public	6EE2573248AB8CFA71BF981D1694C8C8	C65972F4EE78FED22507005EDE7857E5			True	True	True
SRX6853643	SRR10125064	2019-09-17 16:01:16	2019-09-16 16:08:36	24927450	7528089900	24927450	302	2884		https://sra-downloadb.be-md.ncbi.nlm.nih.gov/sos5/sra-pub-zq-14/SRR010/125/SRR10125064.sralite.1		RNA-Seq	cDNA	TRANSCRIPTOMIC	PAIRED	0	0	ILLUMINA	Illumina HiSeq 4000	SRP221752	PRJNA565756	3.0	565756	SRS5391958	SAMN12767036	simple	1515	Acetivibrio thermocellus	GSM4080754							no					GEO	SRA962562		public	F967EF51598D6E252D5C79681A80406E	0B75315F6744443E9D0A4BEBB76251E8			True	True	True
SRX6853644	SRR10125065	2019-09-17 16:01:16	2019-09-16 16:09:37	32555361	9831719022	32555361	302	3761		https://sra-downloadb.be-md.ncbi.nlm.nih.gov/sos5/sra-pub-zq-14/SRR010/125/SRR10125065.sralite.1		RNA-Seq	cDNA	TRANSCRIPTOMIC	PAIRED	0	0	ILLUMINA	Illumina HiSeq 4000	SRP221752	PRJNA565756	3.0	565756	SRS5391959	SAMN12767035	simple	1515	Acetivibrio thermocellus	GSM4080755							no					GEO	SRA962562		public	7EFA82B863991351619F2A29A55FF98E	FE1D630F227377D27E5FE95988EA2C2A			True	True	True
SRX6853645	SRR10125066	2019-09-17 16:01:16	2019-09-16 16:06:37	25841983	7804278866	25841983	302	2992		https://sra-downloadb.be-md.ncbi.nlm.nih.gov/sos5/sra-pub-zq-16/SRR010/125/SRR10125066.sralite.1		RNA-Seq	cDNA	TRANSCRIPTOMIC	PAIRED	0	0	ILLUMINA	Illumina HiSeq 4000	SRP221752	PRJNA565756	3.0	565756	SRS5391960	SAMN12767033	simple	1515	Acetivibrio thermocellus	GSM4080756							no					GEO	SRA962562		public	E4D91AC5A647FCD19FE7E038AABF2D4C	7ADB054AAAD4A669D2E664B5C91F404A			True	True	True
SRX6853646	SRR10125067	2021-04-28 11:35:56	2021-04-28 11:31:26	25141860	7592841720	25141860	302	2916		https://sra-downloadb.be-md.ncbi.nlm.nih.gov/sos9/sra-pub-zq-922/SRR010/10125/SRR10125067/SRR10125067.lite.1		RNA-Seq	cDNA	TRANSCRIPTOMIC	PAIRED	0	0	ILLUMINA	Illumina HiSeq 4000	SRP221752	PRJNA565756	3.0	565756	SRS5391961	SAMN12767032	simple	1515	Acetivibrio thermocellus	GSM4080757							no					GEO	SRA962562		public	3F9C098A304EC61E5CCA2D7B7EF31E48	4648537D31178CF9E6D8B76CEBA0A20C			True	True	True
SRX6853647	SRR10125068	2019-09-17 16:01:16	2019-09-16 16:13:46	35506640	10723005280	35506640	302	4111		https://sra-downloadb.be-md.ncbi.nlm.nih.gov/sos5/sra-pub-zq-16/SRR010/125/SRR10125068.sralite.1		RNA-Seq	cDNA	TRANSCRIPTOMIC	PAIRED	0	0	ILLUMINA	Illumina HiSeq 4000	SRP221752	PRJNA565756	3.0	565756	SRS5391962	SAMN12767030	simple	1515	Acetivibrio thermocellus	GSM4080758							no					GEO	SRA962562		public	B4A343F9BE749342CD508954C66291F4	41A832E6CBE5AD46A2624B25268FD94B			True	True	True
SRX7194992	SRR10506056	2019-11-22 17:43:20	2019-11-21 15:03:40	19432693	3925403986	19432693	202	1614		https://sra-downloadb.be-md.ncbi.nlm.nih.gov/sos5/sra-pub-zq-14/SRR010/506/SRR10506056.sralite.1	BCHCW	RNA-Seq	other	TRANSCRIPTOMIC	PAIRED	0	0	ILLUMINA	Illumina HiSeq 2500	SRP230886	PRJNA460754		460754	SRS5700772	SAMN09071164	simple	1515	Acetivibrio thermocellus	Gp0214996							no					JGI	SRA1000062		public	8A06C1CEEA35DC27ED307AB4ACE9D141	68087908723C08B22EA50658608C8432			True	True	True
SRX7194993	SRR10506055	2019-11-22 17:43:20	2019-11-21 15:11:00	19685614	3976494028	19685614	202	1646		https://sra-downloadb.be-md.ncbi.nlm.nih.gov/sos5/sra-pub-zq-14/SRR010/506/SRR10506055.sralite.1	BCHAS	RNA-Seq	other	TRANSCRIPTOMIC	PAIRED	0	0	ILLUMINA	Illumina HiSeq 2500	SRP230887	PRJNA460755		460755	SRS5700773	SAMN09071165	simple	1515	Acetivibrio thermocellus	Gp0214997							no					JGI	SRA1000062		public	A32E0497D66D078621073B72420EE5FF	03C8DF6FF6F197EB5A7BC46B6849C35B			True	True	True
SRX7194994	SRR10506054	2019-11-22 17:43:20	2019-11-21 15:01:41	18648680	3767033360	18648680	202	1478		https://sra-downloadb.be-md.ncbi.nlm.nih.gov/sos5/sra-pub-zq-14/SRR010/506/SRR10506054.sralite.1	BCHAU	RNA-Seq	other	TRANSCRIPTOMIC	PAIRED	0	0	ILLUMINA	Illumina HiSeq 2500	SRP230888	PRJNA460756		460756	SRS5700774	SAMN09071166	simple	1515	Acetivibrio thermocellus	Gp0214998							no					JGI	SRA1000062		public	9A7DA4897E6A731E22C4F34DD8835529	09624C3119CF4D64346B38B6CA000374			True	True	True
SRX7194995	SRR10506053	2019-11-22 17:43:20	2019-11-21 14:59:44	15316914	3094016628	15316914	202	1251		https://sra-downloadb.be-md.ncbi.nlm.nih.gov/sos5/sra-pub-zq-14/SRR010/506/SRR10506053.sralite.1	BCHCA	RNA-Seq	other	TRANSCRIPTOMIC	PAIRED	0	0	ILLUMINA	Illumina HiSeq 2500	SRP230889	PRJNA460753		460753	SRS5700775	SAMN09071163	simple	1515	Acetivibrio thermocellus	Gp0214995							no					JGI	SRA1000062		public	A57D36332E3D92409F9F48EED8FD7E48	DB6EE0ED69F1E9A26EA0BE80109A9547			True	True	True
SRX7194997	SRR10506061	2019-11-22 17:43:20	2019-11-21 15:06:47	14596695	2948532390	14596695	202	1189		https://sra-downloadb.be-md.ncbi.nlm.nih.gov/sos5/sra-pub-zq-14/SRR010/506/SRR10506061.sralite.1	BCHNN	RNA-Seq	other	TRANSCRIPTOMIC	PAIRED	0	0	ILLUMINA	Illumina HiSeq 2500	SRP230891	PRJNA460781		460781	SRS5700777	SAMN09070763	simple	1515	Acetivibrio thermocellus	Gp0215023							no					JGI	SRA1000063		public	BA0E1039B4D6B79B01DA9461D1D16B52	0A330D89B301B6B79284B5A629E6BAE4			True	True	True
SRX7194998	SRR10506060	2019-11-22 17:43:20	2019-11-21 15:03:12	17582288	3551622176	17582288	202	1379		https://sra-downloadb.be-md.ncbi.nlm.nih.gov/sos5/sra-pub-zq-14/SRR010/506/SRR10506060.sralite.1	BCHHW	RNA-Seq	other	TRANSCRIPTOMIC	PAIRED	0	0	ILLUMINA	Illumina HiSeq 2500	SRP230892	PRJNA460784		460784	SRS5700778	SAMN09070761	simple	1515	Acetivibrio thermocellus	Gp0215026							no					JGI	SRA1000063		public	250E050598433D8EB1A5A14E69770890	7C6238E14AAEBE6A6A070D3298972BD5			True	True	True
SRX7194999	SRR10506059	2019-11-22 17:43:20	2019-11-21 14:40:05	12145123	2453314846	12145123	202	1005		https://sra-downloadb.be-md.ncbi.nlm.nih.gov/sos5/sra-pub-zq-14/SRR010/506/SRR10506059.sralite.1	BCHHT	RNA-Seq	other	TRANSCRIPTOMIC	PAIRED	0	0	ILLUMINA	Illumina HiSeq 2500	SRP230893	PRJNA460782		460782	SRS5700779	SAMN09070762	simple	1515	Acetivibrio thermocellus	Gp0215024							no					JGI	SRA1000063		public	DC1457153124F8ABA8845F3E4B071600	CF02AA43A115EFFB76CD58F9B4DCD0B1			True	True	True
SRX7195000	SRR10506058	2019-11-22 17:43:20	2019-11-21 15:03:47	17663983	3568124566	17663983	202	1486		https://sra-downloadb.be-md.ncbi.nlm.nih.gov/sos5/sra-pub-zq-14/SRR010/506/SRR10506058.sralite.1	BCHHU	RNA-Seq	other	TRANSCRIPTOMIC	PAIRED	0	0	ILLUMINA	Illumina HiSeq 2500	SRP230894	PRJNA460783		460783	SRS5700780	SAMN09070760	simple	1515	Acetivibrio thermocellus	Gp0215025							no					JGI	SRA1000063		public	FB1E1117E48D6C8814699EFED46B7069	71B1BAAE335F86EFC144E3E06D84DC80			True	True	True
SRX7195280	SRR10506344	2019-11-22 17:43:24	2019-11-21 15:12:19	16853722	3404451844	16853722	202	1362		https://sra-downloadb.be-md.ncbi.nlm.nih.gov/sos5/sra-pub-zq-14/SRR010/506/SRR10506344.sralite.1	BCHBH	RNA-Seq	other	TRANSCRIPTOMIC	PAIRED	0	0	ILLUMINA	Illumina HiSeq 2500	SRP230896	PRJNA460764		460764	SRS5701060	SAMN09071159	simple	1515	Acetivibrio thermocellus	Gp0215006							no					JGI	SRA1000066		public	2883456349265804344CF2D9B6A65831	1DE3FD584570AB836C31D7718A3C2EAC			True	True	True
SRX7195281	SRR10506343	2019-11-22 17:43:24	2019-11-21 15:02:57	14819644	2993568088	14819644	202	1206		https://sra-downloadb.be-md.ncbi.nlm.nih.gov/sos5/sra-pub-zq-14/SRR010/506/SRR10506343.sralite.1	BCHBC	RNA-Seq	other	TRANSCRIPTOMIC	PAIRED	0	0	ILLUMINA	Illumina HiSeq 2500	SRP230897	PRJNA460763		460763	SRS5701061	SAMN09071160	simple	1515	Acetivibrio thermocellus	Gp0215005							no					JGI	SRA1000066		public	48B8A22E68054376FD0B90E588A599FF	804176A982646F4D4E2AD41E38134D2D			True	True	True
SRX7195282	SRR10506342	2019-11-22 17:43:24	2019-11-21 15:11:17	17171414	3468625628	17171414	202	1427		https://sra-downloadb.be-md.ncbi.nlm.nih.gov/sos5/sra-pub-zq-14/SRR010/506/SRR10506342.sralite.1	BCHAO	RNA-Seq	other	TRANSCRIPTOMIC	PAIRED	0	0	ILLUMINA	Illumina HiSeq 2500	SRP230898	PRJNA460762		460762	SRS5701062	SAMN09071158	simple	1515	Acetivibrio thermocellus	Gp0215004							no					JGI	SRA1000066		public	4B476166CBCBAFE6DD03D3C7C3171266	B5664D1B486F3FA200F95D05D1549A25			True	True	True
SRX7195283	SRR10506341	2019-11-22 17:43:24	2019-11-21 15:01:57	15418375	3114511750	15418375	202	1240		https://sra-downloadb.be-md.ncbi.nlm.nih.gov/sos5/sra-pub-zq-14/SRR010/506/SRR10506341.sralite.1	BCHAN	RNA-Seq	other	TRANSCRIPTOMIC	PAIRED	0	0	ILLUMINA	Illumina HiSeq 2500	SRP230899	PRJNA460761		460761	SRS5701063	SAMN09071161	simple	1515	Acetivibrio thermocellus	Gp0215003							no					JGI	SRA1000066		public	60D10111985B6F5F05F506CC76A2CFA9	022C5FB537794B35BD0E787EAC8573DA			True	True	True
SRX7195337	SRR10506400	2019-11-22 17:43:24	2019-11-21 15:13:21	13075916	2641335032	13075916	202	1040		https://sra-downloadb.be-md.ncbi.nlm.nih.gov/sos5/sra-pub-zq-14/SRR010/506/SRR10506400.sralite.1	BCGYO	RNA-Seq	other	TRANSCRIPTOMIC	PAIRED	0	0	ILLUMINA	Illumina HiSeq 2500	SRP230903	PRJNA459422		459422	SRS5701111	SAMN09066871	simple	1515	Acetivibrio thermocellus	Gp0214894							no					JGI	SRA1000079		public	70992316AC010C3997D9A6E08693F0B4	60E85B6618F23A163DE5F625FF0E0215			True	True	True
SRX7195338	SRR10506399	2019-11-22 17:43:24	2019-11-21 15:14:27	16523687	3337784774	16523687	202	1304		https://sra-downloadb.be-md.ncbi.nlm.nih.gov/sos5/sra-pub-zq-14/SRR010/506/SRR10506399.sralite.1	BCGYP	RNA-Seq	other	TRANSCRIPTOMIC	PAIRED	0	0	ILLUMINA	Illumina HiSeq 2500	SRP230904	PRJNA459421		459421	SRS5701112	SAMN09066873	simple	1515	Acetivibrio thermocellus	Gp0214893							no					JGI	SRA1000079		public	357242CE8996E6702F25A083B9511766	2D58174BAAA27C5E3EB73A1803F4BE56			True	True	True
SRX7195339	SRR10506398	2019-11-22 17:43:24	2019-11-21 15:07:21	12974503	2620849606	12974503	202	1029		https://sra-downloadb.be-md.ncbi.nlm.nih.gov/sos5/sra-pub-zq-14/SRR010/506/SRR10506398.sralite.1	BCGYA	RNA-Seq	other	TRANSCRIPTOMIC	PAIRED	0	0	ILLUMINA	Illumina HiSeq 2500	SRP230905	PRJNA459420		459420	SRS5701113	SAMN09066870	simple	1515	Acetivibrio thermocellus	Gp0214892							no					JGI	SRA1000079		public	234E5C366BFD61042B2BEB4679875480	B486F976A059FBE5B9CDD1036FF43C64			True	True	True
SRX7195340	SRR10506404	2019-11-22 17:43:25	2019-11-21 15:23:42	16109505	3254120010	16109505	202	1289		https://sra-downloadb.be-md.ncbi.nlm.nih.gov/sos5/sra-pub-zq-14/SRR010/506/SRR10506404.sralite.1	BCGWY	RNA-Seq	other	TRANSCRIPTOMIC	PAIRED	0	0	ILLUMINA	Illumina HiSeq 2500	SRP230906	PRJNA459413		459413	SRS5701114	SAMN09065920	simple	1515	Acetivibrio thermocellus	Gp0214877							no					JGI	SRA1000084		public	44BA2298BD573055E7EA647E13AAEF9C	C746162B8F2450F411F4551CA6B7FC31			True	True	True
SRX7195341	SRR10506403	2019-11-22 17:43:25	2019-11-21 15:20:04	15229755	3076410510	15229755	202	1203		https://sra-downloadb.be-md.ncbi.nlm.nih.gov/sos5/sra-pub-zq-14/SRR010/506/SRR10506403.sralite.1	BCGXO	RNA-Seq	other	TRANSCRIPTOMIC	PAIRED	0	0	ILLUMINA	Illumina HiSeq 2500	SRP230907	PRJNA459415		459415	SRS5701115	SAMN09065916	simple	1515	Acetivibrio thermocellus	Gp0214879							no					JGI	SRA1000084		public	C0D612C7461BFBCA1B92F819451A1740	AF6B9FD40FA91B46A2FCD319E998EBD4			True	True	True
SRX7195342	SRR10506402	2019-11-22 17:43:25	2019-11-21 15:21:34	19237781	3886031762	19237781	202	1518		https://sra-downloadb.be-md.ncbi.nlm.nih.gov/sos5/sra-pub-zq-14/SRR010/506/SRR10506402.sralite.1	BCGXH	RNA-Seq	other	TRANSCRIPTOMIC	PAIRED	0	0	ILLUMINA	Illumina HiSeq 2500	SRP230908	PRJNA459416		459416	SRS5701116	SAMN09065922	simple	1515	Acetivibrio thermocellus	Gp0214880							no					JGI	SRA1000084		public	3CF6FAB2159EF9FEEC325B2609B7AD95	99CF792B0722E77B5882F9029DE8AA78			True	True	True
SRX7195343	SRR10506401	2019-11-22 17:43:25	2019-11-21 15:14:08	15520338	3135108276	15520338	202	1206		https://sra-downloadb.be-md.ncbi.nlm.nih.gov/sos5/sra-pub-zq-14/SRR010/506/SRR10506401.sralite.1	BCGWW	RNA-Seq	other	TRANSCRIPTOMIC	PAIRED	0	0	ILLUMINA	Illumina HiSeq 2500	SRP230909	PRJNA459414		459414	SRS5701117	SAMN09065919	simple	1515	Acetivibrio thermocellus	Gp0214878							no					JGI	SRA1000084		public	1FE00A5859422F23E415F20FB70CC4C4	F2234E4C78FD82AD957F4EA11E94A7D5			True	True	True
SRX7195344	SRR10506408	2019-11-22 17:43:25	2019-11-21 15:19:14	12800400	2585680800	12800400	202	1063		https://sra-downloadb.be-md.ncbi.nlm.nih.gov/sos5/sra-pub-zq-14/SRR010/506/SRR10506408.sralite.1	BCHHZ	RNA-Seq	other	TRANSCRIPTOMIC	PAIRED	0	0	ILLUMINA	Illumina HiSeq 2500	SRP230910	PRJNA460778		460778	SRS5701118	SAMN09070716	simple	1515	Acetivibrio thermocellus	Gp0215020							no					JGI	SRA1000085		public	22B60587F883FB404F6CAF7B39F44374	7EAA81C61C8C8FEB5CA5E69BF3054C21			True	True	True
SRX7195345	SRR10506407	2019-11-22 17:43:25	2019-11-21 15:19:19	13749205	2777339410	13749205	202	1092		https://sra-downloadb.be-md.ncbi.nlm.nih.gov/sos5/sra-pub-zq-14/SRR010/506/SRR10506407.sralite.1	BCHNG	RNA-Seq	other	TRANSCRIPTOMIC	PAIRED	0	0	ILLUMINA	Illumina HiSeq 2500	SRP230911	PRJNA460780		460780	SRS5701119	SAMN09070718	simple	1515	Acetivibrio thermocellus	Gp0215022							no					JGI	SRA1000085		public	6D669B979565DCF489BB6074ACE90483	80864630399E19D66D9EA03683654BA5			True	True	True
SRX7195346	SRR10506406	2019-11-22 17:43:25	2019-11-21 15:19:50	15713728	3174173056	15713728	202	1273		https://sra-downloadb.be-md.ncbi.nlm.nih.gov/sos5/sra-pub-zq-14/SRR010/506/SRR10506406.sralite.1	BCHNB	RNA-Seq	other	TRANSCRIPTOMIC	PAIRED	0	0	ILLUMINA	Illumina HiSeq 2500	SRP230912	PRJNA460779		460779	SRS5701120	SAMN09070717	simple	1515	Acetivibrio thermocellus	Gp0215021							no					JGI	SRA1000085		public	ECA38103F68560CAC48E77E0A73AFFE1	80CBFF381DFBC4801ADA0EEBF3F0A512			True	True	True
SRX7195347	SRR10506405	2019-11-22 17:43:25	2019-11-21 15:19:16	14697055	2968805110	14697055	202	1148		https://sra-downloadb.be-md.ncbi.nlm.nih.gov/sos5/sra-pub-zq-14/SRR010/506/SRR10506405.sralite.1	BCHBO	RNA-Seq	other	TRANSCRIPTOMIC	PAIRED	0	0	ILLUMINA	Illumina HiSeq 2500	SRP230913	PRJNA460777		460777	SRS5701121	SAMN09070719	simple	1515	Acetivibrio thermocellus	Gp0215019							no					JGI	SRA1000085		public	42EBCB5AAD0F53ACBD79DF2AF3312958	C0147695547D047202502AA49BD5DFA6			True	True	True
SRX7195348	SRR10506412	2019-11-22 17:43:25	2019-11-21 15:09:25	11948787	2413654974	11948787	202	986		https://sra-downloadb.be-md.ncbi.nlm.nih.gov/sos5/sra-pub-zq-14/SRR010/506/SRR10506412.sralite.1	BCHAX	RNA-Seq	other	TRANSCRIPTOMIC	PAIRED	0	0	ILLUMINA	Illumina HiSeq 2500	SRP230914	PRJNA460769		460769	SRS5701122	SAMN09071029	simple	1515	Acetivibrio thermocellus	Gp0215011							no					JGI	SRA1000090		public	F1FDC14FA912EE4BE4F13FDAD1CA2723	B15D9C86D70EC37EC2461F253BF20C51			True	True	True
SRX7195349	SRR10506411	2019-11-22 17:43:25	2019-11-21 15:21:08	15359935	3102706870	15359935	202	1267		https://sra-downloadb.be-md.ncbi.nlm.nih.gov/sos5/sra-pub-zq-14/SRR010/506/SRR10506411.sralite.1	BCHAZ	RNA-Seq	other	TRANSCRIPTOMIC	PAIRED	0	0	ILLUMINA	Illumina HiSeq 2500	SRP230915	PRJNA460770		460770	SRS5701123	SAMN09071028	simple	1515	Acetivibrio thermocellus	Gp0215012							no					JGI	SRA1000090		public	E26738C1030A73A6818915FE00196867	0FBE45D3DEF3ED44457B140B8AC82063			True	True	True
SRX7195350	SRR10506410	2019-11-22 17:43:25	2019-11-21 15:20:33	14124742	2853197884	14124742	202	1163		https://sra-downloadb.be-md.ncbi.nlm.nih.gov/sos5/sra-pub-zq-14/SRR010/506/SRR10506410.sralite.1	BCHAG	RNA-Seq	other	TRANSCRIPTOMIC	PAIRED	0	0	ILLUMINA	Illumina HiSeq 2500	SRP230916	PRJNA460771		460771	SRS5701124	SAMN09071027	simple	1515	Acetivibrio thermocellus	Gp0215013							no					JGI	SRA1000090		public	803F850C7823DD292B80D2815F1EDE26	BC7E41155A014504F802A06CD8FDB0B3			True	True	True
SRX7195351	SRR10506409	2019-11-22 17:43:25	2019-11-21 15:26:23	15284502	3087469404	15284502	202	1256		https://sra-downloadb.be-md.ncbi.nlm.nih.gov/sos5/sra-pub-zq-14/SRR010/506/SRR10506409.sralite.1	BCHAH	RNA-Seq	other	TRANSCRIPTOMIC	PAIRED	0	0	ILLUMINA	Illumina HiSeq 2500	SRP230917	PRJNA460772		460772	SRS5701125	SAMN09071026	simple	1515	Acetivibrio thermocellus	Gp0215014							no					JGI	SRA1000090		public	518A98B3030EBE2961B7C2A14F5BF308	31132F191A65E19676019B0541629C37			True	True	True
SRX7195406	SRR10506524	2019-11-22 17:43:26	2019-11-21 16:15:23	14472669	2923479138	14472669	202	1160		https://sra-downloadb.be-md.ncbi.nlm.nih.gov/sos5/sra-pub-zq-14/SRR010/506/SRR10506524.sralite.1	BCHCG	RNA-Seq	other	TRANSCRIPTOMIC	PAIRED	0	0	ILLUMINA	Illumina HiSeq 2500	SRP230920	PRJNA459441		459441	SRS5701180	SAMN09066722	simple	1515	Acetivibrio thermocellus	Gp0214913							no					JGI	SRA1000146		public	CF095BB1BE46954D200EAB5303690370	3C13EB79FE93535FD9F01C8D7B64A525			True	True	True
SRX7195407	SRR10506523	2019-11-22 17:43:26	2019-11-21 16:23:19	12337321	2492138842	12337321	202	1007		https://sra-downloadb.be-md.ncbi.nlm.nih.gov/sos5/sra-pub-zq-14/SRR010/506/SRR10506523.sralite.1	BCHCC	RNA-Seq	other	TRANSCRIPTOMIC	PAIRED	0	0	ILLUMINA	Illumina HiSeq 2500	SRP230921	PRJNA459431		459431	SRS5701181	SAMN09066733	simple	1515	Acetivibrio thermocellus	Gp0214903							no					JGI	SRA1000146		public	9D58DF4AFD383B95ADF4976493982F2F	931681C7B3BFB4E1940CCAB2A4F8D213			True	True	True
SRX7195408	SRR10506522	2019-11-22 17:43:26	2019-11-21 16:16:11	13300595	2686720190	13300595	202	1102		https://sra-downloadb.be-md.ncbi.nlm.nih.gov/sos5/sra-pub-zq-14/SRR010/506/SRR10506522.sralite.1	BCHCB	RNA-Seq	other	TRANSCRIPTOMIC	PAIRED	0	0	ILLUMINA	Illumina HiSeq 2500	SRP230922	PRJNA459430		459430	SRS5701182	SAMN09066761	simple	1515	Acetivibrio thermocellus	Gp0214902							no					JGI	SRA1000146		public	6AD26BB584FF263F8F7A9C2434C6F2FE	325F140664A6921EB935F5606A292C7C			True	True	True
SRX7195409	SRR10506521	2019-11-22 17:43:26	2019-11-21 16:15:51	17039211	3441920622	17039211	202	1368		https://sra-downloadb.be-md.ncbi.nlm.nih.gov/sos5/sra-pub-zq-14/SRR010/506/SRR10506521.sralite.1	BCHNU	RNA-Seq	other	TRANSCRIPTOMIC	PAIRED	0	0	ILLUMINA	Illumina HiSeq 2500	SRP230923	PRJNA459451		459451	SRS5701183	SAMN09066757	simple	1515	Acetivibrio thermocellus	Gp0214923							no					JGI	SRA1000146		public	252959DD4FF00BF34F582DF596E46D03	5C506538D3C20E2A5DF4D68044B2CD72			True	True	True
SRX7195410	SRR10506520	2019-11-22 17:43:26	2019-11-21 16:17:57	12746352	2574763104	12746352	202	1047		https://sra-downloadb.be-md.ncbi.nlm.nih.gov/sos5/sra-pub-zq-14/SRR010/506/SRR10506520.sralite.1	BCHCO	RNA-Seq	other	TRANSCRIPTOMIC	PAIRED	0	0	ILLUMINA	Illumina HiSeq 2500	SRP230924	PRJNA460720		460720	SRS5701184	SAMN09071399	simple	1515	Acetivibrio thermocellus	Gp0214962							no					JGI	SRA1000146		public	1A53C3BF523A39DCBDFC42A8339F7F39	1EE0D793215EDB230BB00ACE54D512C4			True	True	True
SRX7195411	SRR10506519	2019-11-22 17:43:26	2019-11-21 16:16:36	18595002	3756190404	18595002	202	1538		https://sra-downloadb.be-md.ncbi.nlm.nih.gov/sos5/sra-pub-zq-14/SRR010/506/SRR10506519.sralite.1	BCHOB	RNA-Seq	other	TRANSCRIPTOMIC	PAIRED	0	0	ILLUMINA	Illumina HiSeq 2500	SRP230925	PRJNA460743		460743	SRS5701185	SAMN09071395	simple	1515	Acetivibrio thermocellus	Gp0214985							no					JGI	SRA1000146		public	25603280846C135D760AE0AEFDC58878	47512B486E205A623A8AC0F8CA645176			True	True	True
SRX7195412	SRR10506518	2019-11-22 17:43:26	2019-11-21 16:24:58	14945818	3019055236	14945818	202	1204		https://sra-downloadb.be-md.ncbi.nlm.nih.gov/sos5/sra-pub-zq-14/SRR010/506/SRR10506518.sralite.1	BCHBW	RNA-Seq	other	TRANSCRIPTOMIC	PAIRED	0	0	ILLUMINA	Illumina HiSeq 2500	SRP230926	PRJNA459476		459476	SRS5701186	SAMN09066735	simple	1515	Acetivibrio thermocellus	Gp0214948							no					JGI	SRA1000146		public	9F3701497734DB5BA41F547BC47328AE	FF079E1DAD796873AA60C5AEAFF14D30			True	True	True
SRX7195413	SRR10506517	2019-11-22 17:43:26	2019-11-21 16:16:21	16478116	3328579432	16478116	202	1321		https://sra-downloadb.be-md.ncbi.nlm.nih.gov/sos5/sra-pub-zq-14/SRR010/506/SRR10506517.sralite.1	BCHOG	RNA-Seq	other	TRANSCRIPTOMIC	PAIRED	0	0	ILLUMINA	Illumina HiSeq 2500	SRP230927	PRJNA460745		460745	SRS5701187	SAMN09071381	simple	1515	Acetivibrio thermocellus	Gp0214987							no					JGI	SRA1000146		public	8F27057DB1B8577D261F065809828E7D	5020BE8F823914384810E976AEFA186A			True	True	True
SRX7195414	SRR10506516	2019-11-22 17:43:26	2019-11-21 16:14:10	14866527	3003038454	14866527	202	1211		https://sra-downloadb.be-md.ncbi.nlm.nih.gov/sos5/sra-pub-zq-14/SRR010/506/SRR10506516.sralite.1	BCHAY	RNA-Seq	other	TRANSCRIPTOMIC	PAIRED	0	0	ILLUMINA	Illumina HiSeq 2500	SRP230928	PRJNA460730		460730	SRS5701188	SAMN09071397	simple	1515	Acetivibrio thermocellus	Gp0214972							no					JGI	SRA1000146		public	15EBFE2F4C4A0C6CBB0C8D637E27BDBB	5EB619852713C347C7811D75FCAB8380			True	True	True
SRX7195415	SRR10506515	2019-11-22 17:43:26	2019-11-21 16:19:15	14010710	2830163420	14010710	202	1116		https://sra-downloadb.be-md.ncbi.nlm.nih.gov/sos5/sra-pub-zq-14/SRR010/506/SRR10506515.sralite.1	BCHCH	RNA-Seq	other	TRANSCRIPTOMIC	PAIRED	0	0	ILLUMINA	Illumina HiSeq 2500	SRP230929	PRJNA460718		460718	SRS5701189	SAMN09071414	simple	1515	Acetivibrio thermocellus	Gp0214960							no					JGI	SRA1000146		public	62F813C4B49F67A5F4D1A60F122F5786	63E580E996187B1E7E3C51A05DB0E354			True	True	True
SRX7195416	SRR10506514	2019-11-22 17:43:26	2019-11-21 16:20:43	17563410	3547808820	17563410	202	1464		https://sra-downloadb.be-md.ncbi.nlm.nih.gov/sos5/sra-pub-zq-14/SRR010/506/SRR10506514.sralite.1	BCHCU	RNA-Seq	other	TRANSCRIPTOMIC	PAIRED	0	0	ILLUMINA	Illumina HiSeq 2500	SRP230930	PRJNA460723		460723	SRS5701190	SAMN09071389	simple	1515	Acetivibrio thermocellus	Gp0214965							no					JGI	SRA1000146		public	4067077FEA4663E2271FB7E472AD8E87	ECDB92D1070CBFB4941CF346B8EE1926			True	True	True
SRX7195417	SRR10506513	2019-11-22 17:43:26	2019-11-21 16:14:43	12804008	2586409616	12804008	202	1045		https://sra-downloadb.be-md.ncbi.nlm.nih.gov/sos5/sra-pub-zq-14/SRR010/506/SRR10506513.sralite.1	BCHCT	RNA-Seq	other	TRANSCRIPTOMIC	PAIRED	0	0	ILLUMINA	Illumina HiSeq 2500	SRP230931	PRJNA459447		459447	SRS5701191	SAMN09066719	simple	1515	Acetivibrio thermocellus	Gp0214919							no					JGI	SRA1000146		public	BFBC2E1D441A6E71F4BAE5FAA60390FA	24A4BF1920036F35C892C59F8D8D5FE3			True	True	True
SRX7195418	SRR10506512	2019-11-22 17:43:26	2019-11-21 16:14:41	13087389	2643652578	13087389	202	1052		https://sra-downloadb.be-md.ncbi.nlm.nih.gov/sos5/sra-pub-zq-14/SRR010/506/SRR10506512.sralite.1	BCHCS	RNA-Seq	other	TRANSCRIPTOMIC	PAIRED	0	0	ILLUMINA	Illumina HiSeq 2500	SRP230932	PRJNA460721		460721	SRS5701192	SAMN09071388	simple	1515	Acetivibrio thermocellus	Gp0214963							no					JGI	SRA1000146		public	8891EE07153A0C652F5BB6D8F1B76D4D	47596B6E0B43C82452EE541DDD23FCC2			True	True	True
SRX7195420	SRR10506510	2019-11-22 17:43:26	2019-11-21 16:06:03	11241660	2270815320	11241660	202	930		https://sra-downloadb.be-md.ncbi.nlm.nih.gov/sos5/sra-pub-zq-14/SRR010/506/SRR10506510.sralite.1	BCHCZ	RNA-Seq	other	TRANSCRIPTOMIC	PAIRED	0	0	ILLUMINA	Illumina HiSeq 2500	SRP230934	PRJNA459437		459437	SRS5701194	SAMN09066749	simple	1515	Acetivibrio thermocellus	Gp0214909							no					JGI	SRA1000146		public	C4D31D1185E290629DE27CF2ED718E2D	E4D56DCED897583A025A9C5A14DAC5EB			True	True	True
SRX7195421	SRR10506509	2019-11-22 17:43:26	2019-11-21 16:20:20	14842518	2998188636	14842518	202	1188		https://sra-downloadb.be-md.ncbi.nlm.nih.gov/sos5/sra-pub-zq-14/SRR010/506/SRR10506509.sralite.1	BCHCY	RNA-Seq	other	TRANSCRIPTOMIC	PAIRED	0	0	ILLUMINA	Illumina HiSeq 2500	SRP230935	PRJNA459435		459435	SRS5701195	SAMN09066760	simple	1515	Acetivibrio thermocellus	Gp0214907							no					JGI	SRA1000146		public	41C5678E6338AC841394E62FFB43CA06	F1C621EC8C15861968F013FECFEB2D49			True	True	True
SRX7195422	SRR10506508	2019-11-22 17:43:26	2019-11-21 16:18:21	12768294	2579195388	12768294	202	1040		https://sra-downloadb.be-md.ncbi.nlm.nih.gov/sos5/sra-pub-zq-14/SRR010/506/SRR10506508.sralite.1	BCHCX	RNA-Seq	other	TRANSCRIPTOMIC	PAIRED	0	0	ILLUMINA	Illumina HiSeq 2500	SRP230936	PRJNA459433		459433	SRS5701196	SAMN09066732	simple	1515	Acetivibrio thermocellus	Gp0214905							no					JGI	SRA1000146		public	38F38CC51120D1CBA0BE1212439B368D	06A4ACF707B418CF893ADF730FDEEF7B			True	True	True
SRX7195423	SRR10506507	2019-11-22 17:43:26	2019-11-21 16:15:48	15258560	3082229120	15258560	202	1247		https://sra-downloadb.be-md.ncbi.nlm.nih.gov/sos5/sra-pub-zq-14/SRR010/506/SRR10506507.sralite.1	BCHGC	RNA-Seq	other	TRANSCRIPTOMIC	PAIRED	0	0	ILLUMINA	Illumina HiSeq 2500	SRP230937	PRJNA459462		459462	SRS5701197	SAMN09066752	simple	1515	Acetivibrio thermocellus	Gp0214934							no					JGI	SRA1000146		public	27BB97FF4441F32C59A6032363793D0A	634A10D71E4D21DA012A228B46DC651F			True	True	True
SRX7195424	SRR10506506	2019-11-22 17:43:26	2019-11-21 16:25:31	15149766	3060252732	15149766	202	1216		https://sra-downloadb.be-md.ncbi.nlm.nih.gov/sos5/sra-pub-zq-14/SRR010/506/SRR10506506.sralite.1	BCHBG	RNA-Seq	other	TRANSCRIPTOMIC	PAIRED	0	0	ILLUMINA	Illumina HiSeq 2500	SRP230938	PRJNA460737		460737	SRS5701198	SAMN09071407	simple	1515	Acetivibrio thermocellus	Gp0214979							no					JGI	SRA1000146		public	3AD2DA3AED5B49D193F8DCAD3245DF7D	9FF5CBA99360F3CBDA924CDDFF6BA3DF			True	True	True
SRX7195425	SRR10506505	2019-11-22 17:43:26	2019-11-21 16:23:34	15330405	3096741810	15330405	202	1246		https://sra-downloadb.be-md.ncbi.nlm.nih.gov/sos5/sra-pub-zq-14/SRR010/506/SRR10506505.sralite.1	BCHHP	RNA-Seq	other	TRANSCRIPTOMIC	PAIRED	0	0	ILLUMINA	Illumina HiSeq 2500	SRP230939	PRJNA459474		459474	SRS5701199	SAMN09066715	simple	1515	Acetivibrio thermocellus	Gp0214946							no					JGI	SRA1000146		public	8073655D7CA1CB374C96D7BB085968C9	AE5DB8C13DEA8BEEBAA5261EB9FDC06B			True	True	True
SRX7195426	SRR10506504	2019-11-22 17:43:26	2019-11-21 16:19:30	15953916	3222691032	15953916	202	1294		https://sra-downloadb.be-md.ncbi.nlm.nih.gov/sos5/sra-pub-zq-14/SRR010/506/SRR10506504.sralite.1	BCHOC	RNA-Seq	other	TRANSCRIPTOMIC	PAIRED	0	0	ILLUMINA	Illumina HiSeq 2500	SRP230940	PRJNA460744		460744	SRS5701200	SAMN09071380	simple	1515	Acetivibrio thermocellus	Gp0214986							no					JGI	SRA1000146		public	A45E17487AB7EC78481D60B6EAB7AF3C	00EACFA5294F7B56B9A95CA1178B3BA6			True	True	True
SRX7195427	SRR10506503	2019-11-22 17:43:26	2019-11-21 16:21:55	14355642	2899839684	14355642	202	1177		https://sra-downloadb.be-md.ncbi.nlm.nih.gov/sos5/sra-pub-zq-14/SRR010/506/SRR10506503.sralite.1	BCHCN	RNA-Seq	other	TRANSCRIPTOMIC	PAIRED	0	0	ILLUMINA	Illumina HiSeq 2500	SRP230941	PRJNA459443		459443	SRS5701201	SAMN09066747	simple	1515	Acetivibrio thermocellus	Gp0214915							no					JGI	SRA1000146		public	F96017E22BD29C3F061D7EF741ED5F60	EF7D7114EAAC7F40B6429775689959D1			True	True	True
SRX7195428	SRR10506502	2019-11-22 17:43:26	2019-11-21 16:12:52	15851798	3202063196	15851798	202	1347		https://sra-downloadb.be-md.ncbi.nlm.nih.gov/sos5/sra-pub-zq-14/SRR010/506/SRR10506502.sralite.1	BCHBA	RNA-Seq	other	TRANSCRIPTOMIC	PAIRED	0	0	ILLUMINA	Illumina HiSeq 2500	SRP230942	PRJNA460735		460735	SRS5701202	SAMN09071408	simple	1515	Acetivibrio thermocellus	Gp0214977							no					JGI	SRA1000146		public	EC8D3045AF292D53B2852972D7D7E134	237B9F9E9F6E9B87F7DE7E6421F1E01B			True	True	True
SRX7195429	SRR10506501	2019-11-22 17:43:26	2019-11-21 16:19:11	18346872	3706068144	18346872	202	1449		https://sra-downloadb.be-md.ncbi.nlm.nih.gov/sos5/sra-pub-zq-14/SRR010/506/SRR10506501.sralite.1	BCHBB	RNA-Seq	other	TRANSCRIPTOMIC	PAIRED	0	0	ILLUMINA	Illumina HiSeq 2500	SRP230943	PRJNA460736		460736	SRS5701203	SAMN09071377	simple	1515	Acetivibrio thermocellus	Gp0214978							no					JGI	SRA1000146		public	9870B5EB5E93F9323B5409E448C09613	9BEEB7A74063EAE19D082AD943749E12			True	True	True
SRX7195430	SRR10506500	2019-11-22 17:43:26	2019-11-21 16:16:25	13997298	2827454196	13997298	202	1157		https://sra-downloadb.be-md.ncbi.nlm.nih.gov/sos5/sra-pub-zq-14/SRR010/506/SRR10506500.sralite.1	BCHNW	RNA-Seq	other	TRANSCRIPTOMIC	PAIRED	0	0	ILLUMINA	Illumina HiSeq 2500	SRP230944	PRJNA460748		460748	SRS5701204	SAMN09071394	simple	1515	Acetivibrio thermocellus	Gp0214990							no					JGI	SRA1000146		public	32813A9A90CEB0C190F1449C615306E1	9779E5ECDFB6D7E0BB8AF229E4177335			True	True	True
SRX7195431	SRR10506499	2019-11-22 17:43:26	2019-11-21 16:12:49	15861449	3204012698	15861449	202	1291		https://sra-downloadb.be-md.ncbi.nlm.nih.gov/sos5/sra-pub-zq-14/SRR010/506/SRR10506499.sralite.1	BCHNS	RNA-Seq	other	TRANSCRIPTOMIC	PAIRED	0	0	ILLUMINA	Illumina HiSeq 2500	SRP230945	PRJNA460747		460747	SRS5701205	SAMN09071402	simple	1515	Acetivibrio thermocellus	Gp0214989							no					JGI	SRA1000146		public	E222550551577497CB708609B51851D0	FB669E1B6D9EB8C35B741AF799D26849			True	True	True
SRX7195432	SRR10506498	2019-11-22 17:43:26	2019-11-21 16:13:17	15664651	3164259502	15664651	202	1256		https://sra-downloadb.be-md.ncbi.nlm.nih.gov/sos5/sra-pub-zq-14/SRR010/506/SRR10506498.sralite.1	BCHHX	RNA-Seq	other	TRANSCRIPTOMIC	PAIRED	0	0	ILLUMINA	Illumina HiSeq 2500	SRP230946	PRJNA459449		459449	SRS5701206	SAMN09066744	simple	1515	Acetivibrio thermocellus	Gp0214921							no					JGI	SRA1000146		public	7172DAD2AE97E2E8F110DFCB32FF48F8	B30F9998674A82F9836A79B48C9B4845			True	True	True
SRX7195433	SRR10506497	2019-11-22 17:43:26	2019-11-21 16:12:05	13775492	2782649384	13775492	202	1113		https://sra-downloadb.be-md.ncbi.nlm.nih.gov/sos5/sra-pub-zq-14/SRR010/506/SRR10506497.sralite.1	BCHHY	RNA-Seq	other	TRANSCRIPTOMIC	PAIRED	0	0	ILLUMINA	Illumina HiSeq 2500	SRP230947	PRJNA460739		460739	SRS5701207	SAMN09071378	simple	1515	Acetivibrio thermocellus	Gp0214981							no					JGI	SRA1000146		public	6FD969AE42A2AA186F45DC9AF7FB15ED	0BD6B9D2D09240D49B1FDBE957F68763			True	True	True
SRX7195434	SRR10506496	2019-11-22 17:43:26	2019-11-21 16:06:41	11496558	2322304716	11496558	202	946		https://sra-downloadb.be-md.ncbi.nlm.nih.gov/sos5/sra-pub-zq-14/SRR010/506/SRR10506496.sralite.1	BCHNY	RNA-Seq	other	TRANSCRIPTOMIC	PAIRED	0	0	ILLUMINA	Illumina HiSeq 2500	SRP230948	PRJNA459453		459453	SRS5701208	SAMN09066756	simple	1515	Acetivibrio thermocellus	Gp0214925							no					JGI	SRA1000146		public	A94BA095A522C322CA7F6CB55679FB83	F012158B74889740860796C8352FFC99			True	True	True
SRX7195435	SRR10506495	2019-11-22 17:43:26	2019-11-21 16:11:32	14032662	2834597724	14032662	202	1187		https://sra-downloadb.be-md.ncbi.nlm.nih.gov/sos5/sra-pub-zq-14/SRR010/506/SRR10506495.sralite.1	BCHBN	RNA-Seq	other	TRANSCRIPTOMIC	PAIRED	0	0	ILLUMINA	Illumina HiSeq 2500	SRP230949	PRJNA460738		460738	SRS5701209	SAMN09071406	simple	1515	Acetivibrio thermocellus	Gp0214980							no					JGI	SRA1000146		public	B71E5214A88BC029397797992C642D68	AD5FD7D8466A8C5F0F60AFED7DD4DB1E			True	True	True
SRX7195436	SRR10506494	2019-11-22 17:43:27	2019-11-21 16:10:41	12400069	2504813938	12400069	202	1013		https://sra-downloadb.be-md.ncbi.nlm.nih.gov/sos5/sra-pub-zq-14/SRR010/506/SRR10506494.sralite.1	BCHBP	RNA-Seq	other	TRANSCRIPTOMIC	PAIRED	0	0	ILLUMINA	Illumina HiSeq 2500	SRP230950	PRJNA460732		460732	SRS5701210	SAMN09071396	simple	1515	Acetivibrio thermocellus	Gp0214974							no					JGI	SRA1000146		public	1759B9FE0FAF609E8BB42B4BB5DC1B7F	5298B94E199D58C7CFE5F3695704903E			True	True	True
SRX7195437	SRR10506493	2019-11-22 17:43:27	2019-11-21 16:21:47	18124661	3661181522	18124661	202	1513		https://sra-downloadb.be-md.ncbi.nlm.nih.gov/sos5/sra-pub-zq-14/SRR010/506/SRR10506493.sralite.1	BCHBS	RNA-Seq	other	TRANSCRIPTOMIC	PAIRED	0	0	ILLUMINA	Illumina HiSeq 2500	SRP230951	PRJNA460734		460734	SRS5701211	SAMN09071409	simple	1515	Acetivibrio thermocellus	Gp0214976							no					JGI	SRA1000146		public	906EE7FCDB273E741859FAC558D68642	92E085EFC4451A04932B73501077BCD5			True	True	True
SRX7195438	SRR10506492	2019-11-22 17:43:27	2019-11-21 16:04:38	11255381	2273586962	11255381	202	928		https://sra-downloadb.be-md.ncbi.nlm.nih.gov/sos5/sra-pub-zq-14/SRR010/506/SRR10506492.sralite.1	BCHBT	RNA-Seq	other	TRANSCRIPTOMIC	PAIRED	0	0	ILLUMINA	Illumina HiSeq 2500	SRP230952	PRJNA460713		460713	SRS5701212	SAMN09071418	simple	1515	Acetivibrio thermocellus	Gp0214955							no					JGI	SRA1000146		public	18623EC0610F5394DA5F27722471587D	8F2FFA921CE095C2C35BA64E98C906BD			True	True	True
SRX7195439	SRR10506491	2019-11-22 17:43:27	2019-11-21 16:20:10	13874971	2802744142	13874971	202	1138		https://sra-downloadb.be-md.ncbi.nlm.nih.gov/sos5/sra-pub-zq-14/SRR010/506/SRR10506491.sralite.1	BCHNA	RNA-Seq	other	TRANSCRIPTOMIC	PAIRED	0	0	ILLUMINA	Illumina HiSeq 2500	SRP230953	PRJNA460740		460740	SRS5701213	SAMN09071405	simple	1515	Acetivibrio thermocellus	Gp0214982							no					JGI	SRA1000146		public	3661578AD5AC82097305624966E93FB9	896ADA52B3914D4B691C1DD18490D930			True	True	True
SRX7195440	SRR10506490	2019-11-22 17:43:27	2019-11-21 16:21:31	15877366	3207227932	15877366	202	1281		https://sra-downloadb.be-md.ncbi.nlm.nih.gov/sos5/sra-pub-zq-14/SRR010/506/SRR10506490.sralite.1	BCHNC	RNA-Seq	other	TRANSCRIPTOMIC	PAIRED	0	0	ILLUMINA	Illumina HiSeq 2500	SRP230954	PRJNA460741		460741	SRS5701214	SAMN09071379	simple	1515	Acetivibrio thermocellus	Gp0214983							no					JGI	SRA1000146		public	253614A01A06C0C7AFDDD3F0337E97A6	A2CA1151746847A17A18CC3F16BC0F7D			True	True	True
SRX7195442	SRR10506488	2019-11-22 17:43:27	2019-11-21 16:11:00	15816623	3194957846	15816623	202	1248		https://sra-downloadb.be-md.ncbi.nlm.nih.gov/sos5/sra-pub-zq-14/SRR010/506/SRR10506488.sralite.1	BCHBY	RNA-Seq	other	TRANSCRIPTOMIC	PAIRED	0	0	ILLUMINA	Illumina HiSeq 2500	SRP230956	PRJNA460710		460710	SRS5701216	SAMN09071384	simple	1515	Acetivibrio thermocellus	Gp0214952							no					JGI	SRA1000146		public	4E4DAB83D3C24617C2FDB8A9B07C42B4	3DD13850CD135902CE86D8F24E760E3D			True	True	True
SRX7195443	SRR10506487	2019-11-22 17:43:27	2019-11-21 16:11:44	15599597	3151118594	15599597	202	1258		https://sra-downloadb.be-md.ncbi.nlm.nih.gov/sos5/sra-pub-zq-14/SRR010/506/SRR10506487.sralite.1	BCHBZ	RNA-Seq	other	TRANSCRIPTOMIC	PAIRED	0	0	ILLUMINA	Illumina HiSeq 2500	SRP230957	PRJNA460711		460711	SRS5701217	SAMN09071419	simple	1515	Acetivibrio thermocellus	Gp0214953							no					JGI	SRA1000146		public	9DE09FC6AA1BA2B08527A3B0884FBC90	EF66DAB1C04A4858D709E0763B0E9B34			True	True	True
SRX7195444	SRR10506486	2019-11-22 17:43:27	2019-11-21 16:02:37	12130133	2450286866	12130133	202	1025		https://sra-downloadb.be-md.ncbi.nlm.nih.gov/sos5/sra-pub-zq-14/SRR010/506/SRR10506486.sralite.1	BCHNO	RNA-Seq	other	TRANSCRIPTOMIC	PAIRED	0	0	ILLUMINA	Illumina HiSeq 2500	SRP230958	PRJNA460746		460746	SRS5701218	SAMN09071403	simple	1515	Acetivibrio thermocellus	Gp0214988							no					JGI	SRA1000146		public	095674CE2666E60E89ED846CB120AD77	620A0DA84518BCBBBC9543E002315F41			True	True	True
SRX7195445	SRR10506485	2019-11-22 17:43:27	2019-11-21 16:11:58	16006073	3233226746	16006073	202	1310		https://sra-downloadb.be-md.ncbi.nlm.nih.gov/sos5/sra-pub-zq-14/SRR010/506/SRR10506485.sralite.1	BCHNH	RNA-Seq	other	TRANSCRIPTOMIC	PAIRED	0	0	ILLUMINA	Illumina HiSeq 2500	SRP230959	PRJNA460742		460742	SRS5701219	SAMN09071404	simple	1515	Acetivibrio thermocellus	Gp0214984							no					JGI	SRA1000146		public	98C711E02F94A2537F7A8D38D3827D9E	E6A9C8CDCEB28EFC41D63FB57712026C			True	True	True
SRX7195447	SRR10506483	2019-11-22 17:43:27	2019-11-21 16:10:52	13878363	2803429326	13878363	202	1124		https://sra-downloadb.be-md.ncbi.nlm.nih.gov/sos5/sra-pub-zq-14/SRR010/506/SRR10506483.sralite.1	BCHGS	RNA-Seq	other	TRANSCRIPTOMIC	PAIRED	0	0	ILLUMINA	Illumina HiSeq 2500	SRP230961	PRJNA460750		460750	SRS5701221	SAMN09071393	simple	1515	Acetivibrio thermocellus	Gp0214992							no					JGI	SRA1000146		public	0220401A55332F9C8A91EA542E1058B8	33D563438C550787B5883A9DD47C744C			True	True	True
SRX7195448	SRR10506482	2019-11-22 17:43:27	2019-11-21 16:09:55	12384796	2501728792	12384796	202	1022		https://sra-downloadb.be-md.ncbi.nlm.nih.gov/sos5/sra-pub-zq-14/SRR010/506/SRR10506482.sralite.1	BCHHB	RNA-Seq	other	TRANSCRIPTOMIC	PAIRED	0	0	ILLUMINA	Illumina HiSeq 2500	SRP230962	PRJNA459461		459461	SRS5701222	SAMN09066726	simple	1515	Acetivibrio thermocellus	Gp0214933							no					JGI	SRA1000146		public	75C673638EEBCE8DFAD3202DEC8EE131	80F6B5C21E91938447BD92C40E5A2112			True	True	True
SRX7195449	SRR10506481	2019-11-22 17:43:27	2019-11-21 16:12:23	17690126	3573405452	17690126	202	1492		https://sra-downloadb.be-md.ncbi.nlm.nih.gov/sos5/sra-pub-zq-14/SRR010/506/SRR10506481.sralite.1	BCHGP	RNA-Seq	other	TRANSCRIPTOMIC	PAIRED	0	0	ILLUMINA	Illumina HiSeq 2500	SRP230963	PRJNA459455		459455	SRS5701223	SAMN09066714	simple	1515	Acetivibrio thermocellus	Gp0214927							no					JGI	SRA1000146		public	C092BB4883ADCA089CDE719F866E44D7	4E86E36A494F37A5709A36F0F4E4C582			True	True	True
SRX7195450	SRR10506480	2019-11-22 17:43:27	2019-11-21 16:10:52	14104974	2849204748	14104974	202	1142		https://sra-downloadb.be-md.ncbi.nlm.nih.gov/sos5/sra-pub-zq-14/SRR010/506/SRR10506480.sralite.1	BCHGW	RNA-Seq	other	TRANSCRIPTOMIC	PAIRED	0	0	ILLUMINA	Illumina HiSeq 2500	SRP230964	PRJNA460751		460751	SRS5701224	SAMN09071401	simple	1515	Acetivibrio thermocellus	Gp0214993							no					JGI	SRA1000146		public	841E05B3F0AA13EFF81A303B92CC9BA6	0277F6B615061F31E6E03E9C982EFCD3			True	True	True
SRX7195451	SRR10506479	2019-11-22 17:43:27	2019-11-21 16:09:59	12479845	2520928690	12479845	202	1035		https://sra-downloadb.be-md.ncbi.nlm.nih.gov/sos5/sra-pub-zq-14/SRR010/506/SRR10506479.sralite.1	BCHGU	RNA-Seq	other	TRANSCRIPTOMIC	PAIRED	0	0	ILLUMINA	Illumina HiSeq 2500	SRP230965	PRJNA459457		459457	SRS5701225	SAMN09066753	simple	1515	Acetivibrio thermocellus	Gp0214929							no					JGI	SRA1000146		public	EDAE53E28090834FDDD2D26D0618EBC6	F2483D515283920FE423704625300749			True	True	True
SRX7195452	SRR10506478	2019-11-22 17:43:27	2019-11-21 16:10:36	15247647	3080024694	15247647	202	1235		https://sra-downloadb.be-md.ncbi.nlm.nih.gov/sos5/sra-pub-zq-14/SRR010/506/SRR10506478.sralite.1	BCHAP	RNA-Seq	other	TRANSCRIPTOMIC	PAIRED	0	0	ILLUMINA	Illumina HiSeq 2500	SRP230966	PRJNA460725		460725	SRS5701226	SAMN09071390	simple	1515	Acetivibrio thermocellus	Gp0214967							no					JGI	SRA1000146		public	4993C2D4677A277F2E35839D8A4D7447	EBBA23426545BD56CAFD16F13276366E			True	True	True
SRX7195453	SRR10506477	2019-11-22 17:43:27	2019-11-21 16:17:53	13632470	2753758940	13632470	202	1156		https://sra-downloadb.be-md.ncbi.nlm.nih.gov/sos5/sra-pub-zq-14/SRR010/506/SRR10506477.sralite.1	BCHGY	RNA-Seq	other	TRANSCRIPTOMIC	PAIRED	0	0	ILLUMINA	Illumina HiSeq 2500	SRP230967	PRJNA459459		459459	SRS5701227	SAMN09066743	simple	1515	Acetivibrio thermocellus	Gp0214931							no					JGI	SRA1000146		public	46527F2BBA9E09FFD3A72524D7236DB2	56E32D2FCAD82114F09C04268846FB97			True	True	True
SRX7195454	SRR10506476	2019-11-22 17:43:27	2019-11-21 16:11:43	15610800	3153381600	15610800	202	1254		https://sra-downloadb.be-md.ncbi.nlm.nih.gov/sos5/sra-pub-zq-14/SRR010/506/SRR10506476.sralite.1	BCHAT	RNA-Seq	other	TRANSCRIPTOMIC	PAIRED	0	0	ILLUMINA	Illumina HiSeq 2500	SRP230968	PRJNA460727		460727	SRS5701228	SAMN09071411	simple	1515	Acetivibrio thermocellus	Gp0214969							no					JGI	SRA1000146		public	8901F9ADC145B72FBE69DC55B78E61A5	1A95891AE88B8B6FFC216B134DB153CA			True	True	True
SRX7195455	SRR10506475	2019-11-22 17:43:27	2019-11-21 16:09:53	13517297	2730493994	13517297	202	1090		https://sra-downloadb.be-md.ncbi.nlm.nih.gov/sos5/sra-pub-zq-14/SRR010/506/SRR10506475.sralite.1	BCHAW	RNA-Seq	other	TRANSCRIPTOMIC	PAIRED	0	0	ILLUMINA	Illumina HiSeq 2500	SRP230969	PRJNA460728		460728	SRS5701229	SAMN09071391	simple	1515	Acetivibrio thermocellus	Gp0214970							no					JGI	SRA1000146		public	F20B8EFE28E725D2A473E4483D6F6316	BC16F7BC9A8CB4DD4B41745CFDC94E06			True	True	True
SRX7195456	SRR10506474	2019-11-22 17:43:27	2019-11-21 16:10:28	12942995	2614484990	12942995	202	1057		https://sra-downloadb.be-md.ncbi.nlm.nih.gov/sos5/sra-pub-zq-14/SRR010/506/SRR10506474.sralite.1	BCHNZ	RNA-Seq	other	TRANSCRIPTOMIC	PAIRED	0	0	ILLUMINA	Illumina HiSeq 2500	SRP230970	PRJNA460749		460749	SRS5701230	SAMN09071382	simple	1515	Acetivibrio thermocellus	Gp0214991							no					JGI	SRA1000146		public	0221FC6364F513DF94B81C0989AE2A11	97D4F9169631E796319B0F5382ADBA99			True	True	True
SRX7195457	SRR10506473	2019-11-22 17:43:27	2019-11-21 16:09:50	14308256	2890267712	14308256	202	1186		https://sra-downloadb.be-md.ncbi.nlm.nih.gov/sos5/sra-pub-zq-14/SRR010/506/SRR10506473.sralite.1	BCHGB	RNA-Seq	other	TRANSCRIPTOMIC	PAIRED	0	0	ILLUMINA	Illumina HiSeq 2500	SRP230971	PRJNA460717		460717	SRS5701231	SAMN09071415	simple	1515	Acetivibrio thermocellus	Gp0214959							no					JGI	SRA1000146		public	CDE9FC1A03EB1F1BC44787416242B070	C19B27BAFAEA91607DBB3D4F98A795AA			True	True	True
SRX7195458	SRR10506472	2019-11-22 17:43:27	2019-11-21 16:09:47	13624339	2752116478	13624339	202	1111		https://sra-downloadb.be-md.ncbi.nlm.nih.gov/sos5/sra-pub-zq-14/SRR010/506/SRR10506472.sralite.1	BCHGA	RNA-Seq	other	TRANSCRIPTOMIC	PAIRED	0	0	ILLUMINA	Illumina HiSeq 2500	SRP230972	PRJNA459439		459439	SRS5701232	SAMN09066748	simple	1515	Acetivibrio thermocellus	Gp0214911							no					JGI	SRA1000146		public	8A62DEEEC0E3980EE4CBADCFDF571379	AFAC69D55620B6758B3870170D542414			True	True	True
SRX7195459	SRR10506471	2019-11-22 17:43:27	2019-11-21 16:11:29	16055505	3243212010	16055505	202	1322		https://sra-downloadb.be-md.ncbi.nlm.nih.gov/sos5/sra-pub-zq-14/SRR010/506/SRR10506471.sralite.1	BCHGZ	RNA-Seq	other	TRANSCRIPTOMIC	PAIRED	0	0	ILLUMINA	Illumina HiSeq 2500	SRP230973	PRJNA460752		460752	SRS5701233	SAMN09071400	simple	1515	Acetivibrio thermocellus	Gp0214994							no					JGI	SRA1000146		public	A2D4CE72A55A4D17BED1244FAC6B2705	7BAEE9E1B3FF26A3D8D8FAB7A174E4AF			True	True	True
SRX7195460	SRR10506470	2019-11-22 17:43:27	2019-11-21 16:13:59	14158030	2859922060	14158030	202	1140		https://sra-downloadb.be-md.ncbi.nlm.nih.gov/sos5/sra-pub-zq-14/SRR010/506/SRR10506470.sralite.1	BCHAC	RNA-Seq	other	TRANSCRIPTOMIC	PAIRED	0	0	ILLUMINA	Illumina HiSeq 2500	SRP230974	PRJNA460731		460731	SRS5701234	SAMN09071392	simple	1515	Acetivibrio thermocellus	Gp0214973							no					JGI	SRA1000146		public	D45678A43CC5AD4FAC161D0FD9476ABF	B947CB52DC93436738EE421A6CBBADE3			True	True	True
SRX7195461	SRR10506469	2019-11-22 17:43:27	2019-11-21 16:19:03	14862052	3002134504	14862052	202	1195		https://sra-downloadb.be-md.ncbi.nlm.nih.gov/sos5/sra-pub-zq-14/SRR010/506/SRR10506469.sralite.1	BCHGH	RNA-Seq	other	TRANSCRIPTOMIC	PAIRED	0	0	ILLUMINA	Illumina HiSeq 2500	SRP230975	PRJNA459464		459464	SRS5701235	SAMN09066740	simple	1515	Acetivibrio thermocellus	Gp0214936							no					JGI	SRA1000146		public	A12A43A55D2899C25F7407DB15D759D8	CF7B0CBA2BBDC9FDD7771D43BB8533D1			True	True	True
SRX7195462	SRR10506468	2019-11-22 17:43:27	2019-11-21 16:23:53	15961202	3224162804	15961202	202	1270		https://sra-downloadb.be-md.ncbi.nlm.nih.gov/sos5/sra-pub-zq-14/SRR010/506/SRR10506468.sralite.1	BCHGO	RNA-Seq	other	TRANSCRIPTOMIC	PAIRED	0	0	ILLUMINA	Illumina HiSeq 2500	SRP230976	PRJNA459466		459466	SRS5701236	SAMN09066739	simple	1515	Acetivibrio thermocellus	Gp0214938							no					JGI	SRA1000146		public	7FB22BB9785609F04A019F06CEFE8575	153770CEA992D765D948D2ADDC1D6773			True	True	True
SRX974531	SRR1948106;SRR1948123;SRR1948130;SRR1948139	2016-04-01 00:00:00	2015-04-01 05:18:46	301847	60973094	301847	202	38		https://sra-downloadb.be-md.ncbi.nlm.nih.gov/sos5/sra-pub-zq-11/SRR001/948/SRR1948139/SRR1948139.sralite.1		RNA-Seq	RANDOM	TRANSCRIPTOMIC	PAIRED	101	0	ILLUMINA	Illumina HiSeq 2500	SRP056760	PRJNA280031		280031	SRS889744	SAMN03454236	simple	1515	Acetivibrio thermocellus	Clostridium thermocellum							no					TSINGHUA UNIVERSITY	SRA249521		public	4F44A28DB4643FEEBA90D44F7E7DB58F	5C4724EB694993F2AAA380F07FEF45EA			True	False	False
