accession,META__strain,META__media,META__carbon_source,META__nitrogen_source,META__temperature,META__pH,META__OD,META__growth_phase,META__growth_condition,META__culture_type,META__aeration,META__agitation,META__time_point,META__organism,META__genotype,META__replicate,pub__pmid,pub__title,pub__first_author,pub__authors,pub__journal,pub__year,pub__doi,pub__abstract,pub__all_pmids,sra_uid,sra__experiment_title,sra__library_strategy,sra__library_source,sra__library_selection,sra__library_layout,sra__platform,sra__instrument_model,sra__study_accession,sra__study_title,sra__study_abstract,sra__sample_accession,sra__organism,sra_attr__source_name,sra_attr__strain,sra_attr__time_point_sampled,sra__run_accession,sra__total_spots,sra__total_bases,biosample_id,bs__accession,bs__organism,bs__title,bs__source_name,bs__strain,bs__time_point_sampled,completeness_score,needs_manual_review,sra_attr__treatment,bs__treatment,sra_attr__genotype,bs__genotype,sra_attr__geo_loc_name,sra_attr__lat_lon,sra_attr__num_replicons,sra_attr__project_name,sra_attr__isol_growth_condt,sra_attr__biome,sra_attr__ref_biomaterial,sra_attr__feature,sra_attr__collection_date,sra_attr__env_package,sra_attr__material,sra_attr__investigation_type,sra_attr__type_material,sra_attr__biosamplemodel,bs__geo_loc_name,bs__lat_lon,bs__num_replicons,bs__project_name,bs__isol_growth_condt,bs__biome,bs__ref_biomaterial,bs__feature,bs__collection_date,bs__env_package,bs__material,bs__investigation_type,bs__type_material,sra__design_description,sra_attr__xylose,bs__xylose,sra_attr__cell_line,bs__cell_line,sra_attr__genotype_variation,sra_attr__sulfur_source,bs__genotype_variation,bs__sulfur_source,sra_attr__isolation_source,sra_attr__sample_type,sra_attr__ph_of_chemostat,sra_attr__sample_time,sra_attr__reactor,bs__isolation_source,bs__sample_type,bs__ph_of_chemostat,bs__sample_time,bs__reactor,sra_attr__host,bs__host,sra_attr__growth_phase,bs__growth_phase,sra_attr__carbon_source,bs__carbon_source
SRX1014220,delta-hpt; delta-Clo1313_0089,,,,,,,,,,,,,Acetivibrio thermocellus DSM 1313,,,28003194,LacI Transcriptional Regulatory Networks in Clostridium thermocellum DSM1313.,Wilson CM,Wilson CM; Klingeman DM; Schlachter C; Syed MH; Wu CW; Guss AM; Brown SD,Appl Environ Microbiol,,10.1128/AEM.02751-16,Organisms regulate gene expression in response to the environment to coordinate metabolic reactions.,28003194,1469645,GSM1671489: 0089 2-1; Hungateiclostridium thermocellum DSM 1313; RNA-Seq,RNA-Seq,TRANSCRIPTOMIC,cDNA,SINGLE,ILLUMINA,Illumina HiSeq 2500,SRP057818,Understanding the Regulatory Networks of Three LacI Transcriptional Repressors in Clostridium thermocellum DSM1313,Clostridium thermocellum is a candidate for cellulosic ethanol production. It expresses enzymes for both cellulose solubilization and its fermentation to produce lignocellulosic ethanol.  Understanding how this organism regulates gene expression is of importance for developing a better fundamental understanding of this industrial relevant bacterium.  We are primarily interested in gene regulation by three predicted LacI regulators.  A previous report of one LacI regulator in C. thermocellum ATCC27405 (Cthe_2808) indicated this was a transcriptional repressor of neighboring genes with repressor,SRS925931,Acetivibrio thermocellus DSM 1313,Bacterial fermentation,delta-hpt; delta-Clo1313_0089,Mid-exponential growth phase,SRR2002673,36341975,1817098750,3573953,SAMN03573953,Acetivibrio thermocellus DSM 1313,0089 2-1,Bacterial fermentation,delta-hpt; delta-Clo1313_0089,Mid-exponential growth phase,1/6,YES,,,,,,,,,,,,,,,,,,,,,,,,,,,,,,,,,,,,,,,,,,,,,,,,,,,,,,,,
SRX1014221,delta-hpt; delta-Clo1313_0089,,,,,,,,,,,,,Acetivibrio thermocellus DSM 1313,,,28003194,LacI Transcriptional Regulatory Networks in Clostridium thermocellum DSM1313.,Wilson CM,Wilson CM; Klingeman DM; Schlachter C; Syed MH; Wu CW; Guss AM; Brown SD,Appl Environ Microbiol,,10.1128/AEM.02751-16,Organisms regulate gene expression in response to the environment to coordinate metabolic reactions.,28003194,1469646,GSM1671490: 0089 3-1; Hungateiclostridium thermocellum DSM 1313; RNA-Seq,RNA-Seq,TRANSCRIPTOMIC,cDNA,SINGLE,ILLUMINA,Illumina HiSeq 2500,SRP057818,Understanding the Regulatory Networks of Three LacI Transcriptional Repressors in Clostridium thermocellum DSM1313,Clostridium thermocellum is a candidate for cellulosic ethanol production. It expresses enzymes for both cellulose solubilization and its fermentation to produce lignocellulosic ethanol.  Understanding how this organism regulates gene expression is of importance for developing a better fundamental understanding of this industrial relevant bacterium.  We are primarily interested in gene regulation by three predicted LacI regulators.  A previous report of one LacI regulator in C. thermocellum ATCC27405 (Cthe_2808) indicated this was a transcriptional repressor of neighboring genes with repressor,SRS925930,Acetivibrio thermocellus DSM 1313,Bacterial fermentation,delta-hpt; delta-Clo1313_0089,Mid-exponential growth phase,SRR2002674,23864175,1193208750,3573954,SAMN03573954,Acetivibrio thermocellus DSM 1313,0089 3-1,Bacterial fermentation,delta-hpt; delta-Clo1313_0089,Mid-exponential growth phase,1/6,YES,,,,,,,,,,,,,,,,,,,,,,,,,,,,,,,,,,,,,,,,,,,,,,,,,,,,,,,,
SRX1014223,delta-hpt; delta-Clo1313_0089,,,,,,,,,,,,,Acetivibrio thermocellus DSM 1313,,,28003194,LacI Transcriptional Regulatory Networks in Clostridium thermocellum DSM1313.,Wilson CM,Wilson CM; Klingeman DM; Schlachter C; Syed MH; Wu CW; Guss AM; Brown SD,Appl Environ Microbiol,,10.1128/AEM.02751-16,Organisms regulate gene expression in response to the environment to coordinate metabolic reactions.,28003194,1469648,GSM1671492: 0089 2-2; Hungateiclostridium thermocellum DSM 1313; RNA-Seq,RNA-Seq,TRANSCRIPTOMIC,cDNA,SINGLE,ILLUMINA,Illumina HiSeq 2500,SRP057818,Understanding the Regulatory Networks of Three LacI Transcriptional Repressors in Clostridium thermocellum DSM1313,Clostridium thermocellum is a candidate for cellulosic ethanol production. It expresses enzymes for both cellulose solubilization and its fermentation to produce lignocellulosic ethanol.  Understanding how this organism regulates gene expression is of importance for developing a better fundamental understanding of this industrial relevant bacterium.  We are primarily interested in gene regulation by three predicted LacI regulators.  A previous report of one LacI regulator in C. thermocellum ATCC27405 (Cthe_2808) indicated this was a transcriptional repressor of neighboring genes with repressor,SRS925928,Acetivibrio thermocellus DSM 1313,Bacterial fermentation,delta-hpt; delta-Clo1313_0089,Late-exponential growth phase,SRR2002676,30611161,1530558050,3573956,SAMN03573956,Acetivibrio thermocellus DSM 1313,0089 2-2,Bacterial fermentation,delta-hpt; delta-Clo1313_0089,Late-exponential growth phase,1/6,YES,,,,,,,,,,,,,,,,,,,,,,,,,,,,,,,,,,,,,,,,,,,,,,,,,,,,,,,,
SRX1014225,delta-hpt; delta-Clo1313_0089,,,,,,,,,,,,,Acetivibrio thermocellus DSM 1313,,,28003194,LacI Transcriptional Regulatory Networks in Clostridium thermocellum DSM1313.,Wilson CM,Wilson CM; Klingeman DM; Schlachter C; Syed MH; Wu CW; Guss AM; Brown SD,Appl Environ Microbiol,,10.1128/AEM.02751-16,Organisms regulate gene expression in response to the environment to coordinate metabolic reactions.,28003194,1469650,GSM1671494: 0089 1-3; Hungateiclostridium thermocellum DSM 1313; RNA-Seq,RNA-Seq,TRANSCRIPTOMIC,cDNA,SINGLE,ILLUMINA,Illumina HiSeq 2500,SRP057818,Understanding the Regulatory Networks of Three LacI Transcriptional Repressors in Clostridium thermocellum DSM1313,Clostridium thermocellum is a candidate for cellulosic ethanol production. It expresses enzymes for both cellulose solubilization and its fermentation to produce lignocellulosic ethanol.  Understanding how this organism regulates gene expression is of importance for developing a better fundamental understanding of this industrial relevant bacterium.  We are primarily interested in gene regulation by three predicted LacI regulators.  A previous report of one LacI regulator in C. thermocellum ATCC27405 (Cthe_2808) indicated this was a transcriptional repressor of neighboring genes with repressor,SRS925926,Acetivibrio thermocellus DSM 1313,Bacterial fermentation,delta-hpt; delta-Clo1313_0089,Stationary phase,SRR2002678,29139446,1456972300,3573958,SAMN03573958,Acetivibrio thermocellus DSM 1313,0089 1-3,Bacterial fermentation,delta-hpt; delta-Clo1313_0089,Stationary phase,1/6,YES,,,,,,,,,,,,,,,,,,,,,,,,,,,,,,,,,,,,,,,,,,,,,,,,,,,,,,,,
SRX1014226,delta-hpt; delta-Clo1313_0089,,,,,,,,,,,,,Acetivibrio thermocellus DSM 1313,,,28003194,LacI Transcriptional Regulatory Networks in Clostridium thermocellum DSM1313.,Wilson CM,Wilson CM; Klingeman DM; Schlachter C; Syed MH; Wu CW; Guss AM; Brown SD,Appl Environ Microbiol,,10.1128/AEM.02751-16,Organisms regulate gene expression in response to the environment to coordinate metabolic reactions.,28003194,1469651,GSM1671495: 0089 2-3; Hungateiclostridium thermocellum DSM 1313; RNA-Seq,RNA-Seq,TRANSCRIPTOMIC,cDNA,SINGLE,ILLUMINA,Illumina HiSeq 2500,SRP057818,Understanding the Regulatory Networks of Three LacI Transcriptional Repressors in Clostridium thermocellum DSM1313,Clostridium thermocellum is a candidate for cellulosic ethanol production. It expresses enzymes for both cellulose solubilization and its fermentation to produce lignocellulosic ethanol.  Understanding how this organism regulates gene expression is of importance for developing a better fundamental understanding of this industrial relevant bacterium.  We are primarily interested in gene regulation by three predicted LacI regulators.  A previous report of one LacI regulator in C. thermocellum ATCC27405 (Cthe_2808) indicated this was a transcriptional repressor of neighboring genes with repressor,SRS925925,Acetivibrio thermocellus DSM 1313,Bacterial fermentation,delta-hpt; delta-Clo1313_0089,Stationary phase,SRR2002679,26904972,1345248600,3573959,SAMN03573959,Acetivibrio thermocellus DSM 1313,0089 2-3,Bacterial fermentation,delta-hpt; delta-Clo1313_0089,Stationary phase,1/6,YES,,,,,,,,,,,,,,,,,,,,,,,,,,,,,,,,,,,,,,,,,,,,,,,,,,,,,,,,
SRX1014227,delta-hpt; delta-Clo1313_0089,,,,,,,,,,,,,Acetivibrio thermocellus DSM 1313,,,28003194,LacI Transcriptional Regulatory Networks in Clostridium thermocellum DSM1313.,Wilson CM,Wilson CM; Klingeman DM; Schlachter C; Syed MH; Wu CW; Guss AM; Brown SD,Appl Environ Microbiol,,10.1128/AEM.02751-16,Organisms regulate gene expression in response to the environment to coordinate metabolic reactions.,28003194,1469652,GSM1671496: 0089 3-3; Hungateiclostridium thermocellum DSM 1313; RNA-Seq,RNA-Seq,TRANSCRIPTOMIC,cDNA,SINGLE,ILLUMINA,Illumina HiSeq 2500,SRP057818,Understanding the Regulatory Networks of Three LacI Transcriptional Repressors in Clostridium thermocellum DSM1313,Clostridium thermocellum is a candidate for cellulosic ethanol production. It expresses enzymes for both cellulose solubilization and its fermentation to produce lignocellulosic ethanol.  Understanding how this organism regulates gene expression is of importance for developing a better fundamental understanding of this industrial relevant bacterium.  We are primarily interested in gene regulation by three predicted LacI regulators.  A previous report of one LacI regulator in C. thermocellum ATCC27405 (Cthe_2808) indicated this was a transcriptional repressor of neighboring genes with repressor,SRS925924,Acetivibrio thermocellus DSM 1313,Bacterial fermentation,delta-hpt; delta-Clo1313_0089,Stationary phase,SRR2002680,27853760,1392688000,3573960,SAMN03573960,Acetivibrio thermocellus DSM 1313,0089 3-3,Bacterial fermentation,delta-hpt; delta-Clo1313_0089,Stationary phase,1/6,YES,,,,,,,,,,,,,,,,,,,,,,,,,,,,,,,,,,,,,,,,,,,,,,,,,,,,,,,,
SRX1014228,delta-hpt,,,,,,,,,,,,,Acetivibrio thermocellus DSM 1313,,,28003194,LacI Transcriptional Regulatory Networks in Clostridium thermocellum DSM1313.,Wilson CM,Wilson CM; Klingeman DM; Schlachter C; Syed MH; Wu CW; Guss AM; Brown SD,Appl Environ Microbiol,,10.1128/AEM.02751-16,Organisms regulate gene expression in response to the environment to coordinate metabolic reactions.,28003194,1469653,GSM1671497: hpt 1-1; Hungateiclostridium thermocellum DSM 1313; RNA-Seq,RNA-Seq,TRANSCRIPTOMIC,cDNA,SINGLE,ILLUMINA,Illumina HiSeq 2500,SRP057818,Understanding the Regulatory Networks of Three LacI Transcriptional Repressors in Clostridium thermocellum DSM1313,Clostridium thermocellum is a candidate for cellulosic ethanol production. It expresses enzymes for both cellulose solubilization and its fermentation to produce lignocellulosic ethanol.  Understanding how this organism regulates gene expression is of importance for developing a better fundamental understanding of this industrial relevant bacterium.  We are primarily interested in gene regulation by three predicted LacI regulators.  A previous report of one LacI regulator in C. thermocellum ATCC27405 (Cthe_2808) indicated this was a transcriptional repressor of neighboring genes with repressor,SRS925923,Acetivibrio thermocellus DSM 1313,Bacterial fermentation,delta-hpt,Mid-exponential growth phase,SRR2002681,34607853,1730392650,3573961,SAMN03573961,Acetivibrio thermocellus DSM 1313,hpt 1-1,Bacterial fermentation,delta-hpt,Mid-exponential growth phase,1/6,YES,,,,,,,,,,,,,,,,,,,,,,,,,,,,,,,,,,,,,,,,,,,,,,,,,,,,,,,,
SRX1014230,delta-hpt,,,,,,,,,,,,,Acetivibrio thermocellus DSM 1313,,,28003194,LacI Transcriptional Regulatory Networks in Clostridium thermocellum DSM1313.,Wilson CM,Wilson CM; Klingeman DM; Schlachter C; Syed MH; Wu CW; Guss AM; Brown SD,Appl Environ Microbiol,,10.1128/AEM.02751-16,Organisms regulate gene expression in response to the environment to coordinate metabolic reactions.,28003194,1469655,GSM1671499: hpt 3-1; Hungateiclostridium thermocellum DSM 1313; RNA-Seq,RNA-Seq,TRANSCRIPTOMIC,cDNA,SINGLE,ILLUMINA,Illumina HiSeq 2500,SRP057818,Understanding the Regulatory Networks of Three LacI Transcriptional Repressors in Clostridium thermocellum DSM1313,Clostridium thermocellum is a candidate for cellulosic ethanol production. It expresses enzymes for both cellulose solubilization and its fermentation to produce lignocellulosic ethanol.  Understanding how this organism regulates gene expression is of importance for developing a better fundamental understanding of this industrial relevant bacterium.  We are primarily interested in gene regulation by three predicted LacI regulators.  A previous report of one LacI regulator in C. thermocellum ATCC27405 (Cthe_2808) indicated this was a transcriptional repressor of neighboring genes with repressor,SRS925921,Acetivibrio thermocellus DSM 1313,Bacterial fermentation,delta-hpt,Mid-exponential growth phase,SRR2002683,26300381,1315019050,3573963,SAMN03573963,Acetivibrio thermocellus DSM 1313,hpt 3-1,Bacterial fermentation,delta-hpt,Mid-exponential growth phase,1/6,YES,,,,,,,,,,,,,,,,,,,,,,,,,,,,,,,,,,,,,,,,,,,,,,,,,,,,,,,,
SRX1014231,delta-hpt,,,,,,,,,,,,,Acetivibrio thermocellus DSM 1313,,,28003194,LacI Transcriptional Regulatory Networks in Clostridium thermocellum DSM1313.,Wilson CM,Wilson CM; Klingeman DM; Schlachter C; Syed MH; Wu CW; Guss AM; Brown SD,Appl Environ Microbiol,,10.1128/AEM.02751-16,Organisms regulate gene expression in response to the environment to coordinate metabolic reactions.,28003194,1469656,GSM1671500: hpt 1-2; Hungateiclostridium thermocellum DSM 1313; RNA-Seq,RNA-Seq,TRANSCRIPTOMIC,cDNA,SINGLE,ILLUMINA,Illumina HiSeq 2500,SRP057818,Understanding the Regulatory Networks of Three LacI Transcriptional Repressors in Clostridium thermocellum DSM1313,Clostridium thermocellum is a candidate for cellulosic ethanol production. It expresses enzymes for both cellulose solubilization and its fermentation to produce lignocellulosic ethanol.  Understanding how this organism regulates gene expression is of importance for developing a better fundamental understanding of this industrial relevant bacterium.  We are primarily interested in gene regulation by three predicted LacI regulators.  A previous report of one LacI regulator in C. thermocellum ATCC27405 (Cthe_2808) indicated this was a transcriptional repressor of neighboring genes with repressor,SRS925920,Acetivibrio thermocellus DSM 1313,Bacterial fermentation,delta-hpt,Late-exponential growth phase,SRR2002684,32237581,1611879050,3573964,SAMN03573964,Acetivibrio thermocellus DSM 1313,hpt 1-2,Bacterial fermentation,delta-hpt,Late-exponential growth phase,1/6,YES,,,,,,,,,,,,,,,,,,,,,,,,,,,,,,,,,,,,,,,,,,,,,,,,,,,,,,,,
SRX1014232,delta-hpt,,,,,,,,,,,,,Acetivibrio thermocellus DSM 1313,,,28003194,LacI Transcriptional Regulatory Networks in Clostridium thermocellum DSM1313.,Wilson CM,Wilson CM; Klingeman DM; Schlachter C; Syed MH; Wu CW; Guss AM; Brown SD,Appl Environ Microbiol,,10.1128/AEM.02751-16,Organisms regulate gene expression in response to the environment to coordinate metabolic reactions.,28003194,1469657,GSM1671501: hpt 2-2; Hungateiclostridium thermocellum DSM 1313; RNA-Seq,RNA-Seq,TRANSCRIPTOMIC,cDNA,SINGLE,ILLUMINA,Illumina HiSeq 2500,SRP057818,Understanding the Regulatory Networks of Three LacI Transcriptional Repressors in Clostridium thermocellum DSM1313,Clostridium thermocellum is a candidate for cellulosic ethanol production. It expresses enzymes for both cellulose solubilization and its fermentation to produce lignocellulosic ethanol.  Understanding how this organism regulates gene expression is of importance for developing a better fundamental understanding of this industrial relevant bacterium.  We are primarily interested in gene regulation by three predicted LacI regulators.  A previous report of one LacI regulator in C. thermocellum ATCC27405 (Cthe_2808) indicated this was a transcriptional repressor of neighboring genes with repressor,SRS925919,Acetivibrio thermocellus DSM 1313,Bacterial fermentation,delta-hpt,Late-exponential growth phase,SRR2002685,36413650,1820682500,3573965,SAMN03573965,Acetivibrio thermocellus DSM 1313,hpt 2-2,Bacterial fermentation,delta-hpt,Late-exponential growth phase,1/6,YES,,,,,,,,,,,,,,,,,,,,,,,,,,,,,,,,,,,,,,,,,,,,,,,,,,,,,,,,
SRX1014233,delta-hpt,,,,,,,,,,,,,Acetivibrio thermocellus DSM 1313,,,28003194,LacI Transcriptional Regulatory Networks in Clostridium thermocellum DSM1313.,Wilson CM,Wilson CM; Klingeman DM; Schlachter C; Syed MH; Wu CW; Guss AM; Brown SD,Appl Environ Microbiol,,10.1128/AEM.02751-16,Organisms regulate gene expression in response to the environment to coordinate metabolic reactions.,28003194,1469658,GSM1671502: hpt 3-2; Hungateiclostridium thermocellum DSM 1313; RNA-Seq,RNA-Seq,TRANSCRIPTOMIC,cDNA,SINGLE,ILLUMINA,Illumina HiSeq 2500,SRP057818,Understanding the Regulatory Networks of Three LacI Transcriptional Repressors in Clostridium thermocellum DSM1313,Clostridium thermocellum is a candidate for cellulosic ethanol production. It expresses enzymes for both cellulose solubilization and its fermentation to produce lignocellulosic ethanol.  Understanding how this organism regulates gene expression is of importance for developing a better fundamental understanding of this industrial relevant bacterium.  We are primarily interested in gene regulation by three predicted LacI regulators.  A previous report of one LacI regulator in C. thermocellum ATCC27405 (Cthe_2808) indicated this was a transcriptional repressor of neighboring genes with repressor,SRS925918,Acetivibrio thermocellus DSM 1313,Bacterial fermentation,delta-hpt,Late-exponential growth phase,SRR2002686,20857363,1042868150,3573966,SAMN03573966,Acetivibrio thermocellus DSM 1313,hpt 3-2,Bacterial fermentation,delta-hpt,Late-exponential growth phase,1/6,YES,,,,,,,,,,,,,,,,,,,,,,,,,,,,,,,,,,,,,,,,,,,,,,,,,,,,,,,,
SRX1014234,delta-hpt,,,,,,,,,,,,,Acetivibrio thermocellus DSM 1313,,,28003194,LacI Transcriptional Regulatory Networks in Clostridium thermocellum DSM1313.,Wilson CM,Wilson CM; Klingeman DM; Schlachter C; Syed MH; Wu CW; Guss AM; Brown SD,Appl Environ Microbiol,,10.1128/AEM.02751-16,Organisms regulate gene expression in response to the environment to coordinate metabolic reactions.,28003194,1469659,GSM1671503: hpt 1-3; Hungateiclostridium thermocellum DSM 1313; RNA-Seq,RNA-Seq,TRANSCRIPTOMIC,cDNA,SINGLE,ILLUMINA,Illumina HiSeq 2500,SRP057818,Understanding the Regulatory Networks of Three LacI Transcriptional Repressors in Clostridium thermocellum DSM1313,Clostridium thermocellum is a candidate for cellulosic ethanol production. It expresses enzymes for both cellulose solubilization and its fermentation to produce lignocellulosic ethanol.  Understanding how this organism regulates gene expression is of importance for developing a better fundamental understanding of this industrial relevant bacterium.  We are primarily interested in gene regulation by three predicted LacI regulators.  A previous report of one LacI regulator in C. thermocellum ATCC27405 (Cthe_2808) indicated this was a transcriptional repressor of neighboring genes with repressor,SRS925917,Acetivibrio thermocellus DSM 1313,Bacterial fermentation,delta-hpt,Stationary phase,SRR2002687,21964532,1098226600,3573967,SAMN03573967,Acetivibrio thermocellus DSM 1313,hpt 1-3,Bacterial fermentation,delta-hpt,Stationary phase,1/6,YES,,,,,,,,,,,,,,,,,,,,,,,,,,,,,,,,,,,,,,,,,,,,,,,,,,,,,,,,
SRX1014235,delta-hpt,,,,,,,,,,,,,Acetivibrio thermocellus DSM 1313,,,28003194,LacI Transcriptional Regulatory Networks in Clostridium thermocellum DSM1313.,Wilson CM,Wilson CM; Klingeman DM; Schlachter C; Syed MH; Wu CW; Guss AM; Brown SD,Appl Environ Microbiol,,10.1128/AEM.02751-16,Organisms regulate gene expression in response to the environment to coordinate metabolic reactions.,28003194,1469660,GSM1671504: hpt 2-3; Hungateiclostridium thermocellum DSM 1313; RNA-Seq,RNA-Seq,TRANSCRIPTOMIC,cDNA,SINGLE,ILLUMINA,Illumina HiSeq 2500,SRP057818,Understanding the Regulatory Networks of Three LacI Transcriptional Repressors in Clostridium thermocellum DSM1313,Clostridium thermocellum is a candidate for cellulosic ethanol production. It expresses enzymes for both cellulose solubilization and its fermentation to produce lignocellulosic ethanol.  Understanding how this organism regulates gene expression is of importance for developing a better fundamental understanding of this industrial relevant bacterium.  We are primarily interested in gene regulation by three predicted LacI regulators.  A previous report of one LacI regulator in C. thermocellum ATCC27405 (Cthe_2808) indicated this was a transcriptional repressor of neighboring genes with repressor,SRS925916,Acetivibrio thermocellus DSM 1313,Bacterial fermentation,delta-hpt,Stationary phase,SRR2002688,18844354,942217700,3573968,SAMN03573968,Acetivibrio thermocellus DSM 1313,hpt 2-3,Bacterial fermentation,delta-hpt,Stationary phase,1/6,YES,,,,,,,,,,,,,,,,,,,,,,,,,,,,,,,,,,,,,,,,,,,,,,,,,,,,,,,,
SRX1014236,delta-hpt,,,,,,,,,,,,,Acetivibrio thermocellus DSM 1313,,,28003194,LacI Transcriptional Regulatory Networks in Clostridium thermocellum DSM1313.,Wilson CM,Wilson CM; Klingeman DM; Schlachter C; Syed MH; Wu CW; Guss AM; Brown SD,Appl Environ Microbiol,,10.1128/AEM.02751-16,Organisms regulate gene expression in response to the environment to coordinate metabolic reactions.,28003194,1469661,GSM1671505: hpt 3-3; Hungateiclostridium thermocellum DSM 1313; RNA-Seq,RNA-Seq,TRANSCRIPTOMIC,cDNA,SINGLE,ILLUMINA,Illumina HiSeq 2500,SRP057818,Understanding the Regulatory Networks of Three LacI Transcriptional Repressors in Clostridium thermocellum DSM1313,Clostridium thermocellum is a candidate for cellulosic ethanol production. It expresses enzymes for both cellulose solubilization and its fermentation to produce lignocellulosic ethanol.  Understanding how this organism regulates gene expression is of importance for developing a better fundamental understanding of this industrial relevant bacterium.  We are primarily interested in gene regulation by three predicted LacI regulators.  A previous report of one LacI regulator in C. thermocellum ATCC27405 (Cthe_2808) indicated this was a transcriptional repressor of neighboring genes with repressor,SRS925914,Acetivibrio thermocellus DSM 1313,Bacterial fermentation,delta-hpt,Stationary phase,SRR2002689,18159574,907978700,3573969,SAMN03573969,Acetivibrio thermocellus DSM 1313,hpt 3-3,Bacterial fermentation,delta-hpt,Stationary phase,1/6,YES,,,,,,,,,,,,,,,,,,,,,,,,,,,,,,,,,,,,,,,,,,,,,,,,,,,,,,,,
SRX1014237,delta-hpt; delta-Clo1313_2023,,,,,,,,,,,,,Acetivibrio thermocellus DSM 1313,,,28003194,LacI Transcriptional Regulatory Networks in Clostridium thermocellum DSM1313.,Wilson CM,Wilson CM; Klingeman DM; Schlachter C; Syed MH; Wu CW; Guss AM; Brown SD,Appl Environ Microbiol,,10.1128/AEM.02751-16,Organisms regulate gene expression in response to the environment to coordinate metabolic reactions.,28003194,1469662,GSM1671506: 2023 1-1; Hungateiclostridium thermocellum DSM 1313; RNA-Seq,RNA-Seq,TRANSCRIPTOMIC,cDNA,SINGLE,ILLUMINA,Illumina HiSeq 2500,SRP057818,Understanding the Regulatory Networks of Three LacI Transcriptional Repressors in Clostridium thermocellum DSM1313,Clostridium thermocellum is a candidate for cellulosic ethanol production. It expresses enzymes for both cellulose solubilization and its fermentation to produce lignocellulosic ethanol.  Understanding how this organism regulates gene expression is of importance for developing a better fundamental understanding of this industrial relevant bacterium.  We are primarily interested in gene regulation by three predicted LacI regulators.  A previous report of one LacI regulator in C. thermocellum ATCC27405 (Cthe_2808) indicated this was a transcriptional repressor of neighboring genes with repressor,SRS925913,Acetivibrio thermocellus DSM 1313,Bacterial fermentation,delta-hpt; delta-Clo1313_2023,Mid-exponential growth phase,SRR2002690,18454432,922721600,3573970,SAMN03573970,Acetivibrio thermocellus DSM 1313,2023 1-1,Bacterial fermentation,delta-hpt; delta-Clo1313_2023,Mid-exponential growth phase,1/6,YES,,,,,,,,,,,,,,,,,,,,,,,,,,,,,,,,,,,,,,,,,,,,,,,,,,,,,,,,
SRX1014238,delta-hpt; delta-Clo1313_2023,,,,,,,,,,,,,Acetivibrio thermocellus DSM 1313,,,28003194,LacI Transcriptional Regulatory Networks in Clostridium thermocellum DSM1313.,Wilson CM,Wilson CM; Klingeman DM; Schlachter C; Syed MH; Wu CW; Guss AM; Brown SD,Appl Environ Microbiol,,10.1128/AEM.02751-16,Organisms regulate gene expression in response to the environment to coordinate metabolic reactions.,28003194,1469663,GSM1671507: 2023 2-1; Hungateiclostridium thermocellum DSM 1313; RNA-Seq,RNA-Seq,TRANSCRIPTOMIC,cDNA,SINGLE,ILLUMINA,Illumina HiSeq 2500,SRP057818,Understanding the Regulatory Networks of Three LacI Transcriptional Repressors in Clostridium thermocellum DSM1313,Clostridium thermocellum is a candidate for cellulosic ethanol production. It expresses enzymes for both cellulose solubilization and its fermentation to produce lignocellulosic ethanol.  Understanding how this organism regulates gene expression is of importance for developing a better fundamental understanding of this industrial relevant bacterium.  We are primarily interested in gene regulation by three predicted LacI regulators.  A previous report of one LacI regulator in C. thermocellum ATCC27405 (Cthe_2808) indicated this was a transcriptional repressor of neighboring genes with repressor,SRS925912,Acetivibrio thermocellus DSM 1313,Bacterial fermentation,delta-hpt; delta-Clo1313_2023,Mid-exponential growth phase,SRR2002691,24353058,1217652900,3573971,SAMN03573971,Acetivibrio thermocellus DSM 1313,2023 2-1,Bacterial fermentation,delta-hpt; delta-Clo1313_2023,Mid-exponential growth phase,1/6,YES,,,,,,,,,,,,,,,,,,,,,,,,,,,,,,,,,,,,,,,,,,,,,,,,,,,,,,,,
SRX1014239,delta-hpt; delta-Clo1313_2023,,,,,,,,,,,,,Acetivibrio thermocellus DSM 1313,,,28003194,LacI Transcriptional Regulatory Networks in Clostridium thermocellum DSM1313.,Wilson CM,Wilson CM; Klingeman DM; Schlachter C; Syed MH; Wu CW; Guss AM; Brown SD,Appl Environ Microbiol,,10.1128/AEM.02751-16,Organisms regulate gene expression in response to the environment to coordinate metabolic reactions.,28003194,1469664,GSM1671508: 2023 3-1; Hungateiclostridium thermocellum DSM 1313; RNA-Seq,RNA-Seq,TRANSCRIPTOMIC,cDNA,SINGLE,ILLUMINA,Illumina HiSeq 2500,SRP057818,Understanding the Regulatory Networks of Three LacI Transcriptional Repressors in Clostridium thermocellum DSM1313,Clostridium thermocellum is a candidate for cellulosic ethanol production. It expresses enzymes for both cellulose solubilization and its fermentation to produce lignocellulosic ethanol.  Understanding how this organism regulates gene expression is of importance for developing a better fundamental understanding of this industrial relevant bacterium.  We are primarily interested in gene regulation by three predicted LacI regulators.  A previous report of one LacI regulator in C. thermocellum ATCC27405 (Cthe_2808) indicated this was a transcriptional repressor of neighboring genes with repressor,SRS925915,Acetivibrio thermocellus DSM 1313,Bacterial fermentation,delta-hpt; delta-Clo1313_2023,Mid-exponential growth phase,SRR2002692,21854839,1092741950,3573972,SAMN03573972,Acetivibrio thermocellus DSM 1313,2023 3-1,Bacterial fermentation,delta-hpt; delta-Clo1313_2023,Mid-exponential growth phase,1/6,YES,,,,,,,,,,,,,,,,,,,,,,,,,,,,,,,,,,,,,,,,,,,,,,,,,,,,,,,,
SRX1014240,delta-hpt; delta-Clo1313_2023,,,,,,,,,,,,,Acetivibrio thermocellus DSM 1313,,,28003194,LacI Transcriptional Regulatory Networks in Clostridium thermocellum DSM1313.,Wilson CM,Wilson CM; Klingeman DM; Schlachter C; Syed MH; Wu CW; Guss AM; Brown SD,Appl Environ Microbiol,,10.1128/AEM.02751-16,Organisms regulate gene expression in response to the environment to coordinate metabolic reactions.,28003194,1469665,GSM1671509: 2023 1-2; Hungateiclostridium thermocellum DSM 1313; RNA-Seq,RNA-Seq,TRANSCRIPTOMIC,cDNA,SINGLE,ILLUMINA,Illumina HiSeq 2500,SRP057818,Understanding the Regulatory Networks of Three LacI Transcriptional Repressors in Clostridium thermocellum DSM1313,Clostridium thermocellum is a candidate for cellulosic ethanol production. It expresses enzymes for both cellulose solubilization and its fermentation to produce lignocellulosic ethanol.  Understanding how this organism regulates gene expression is of importance for developing a better fundamental understanding of this industrial relevant bacterium.  We are primarily interested in gene regulation by three predicted LacI regulators.  A previous report of one LacI regulator in C. thermocellum ATCC27405 (Cthe_2808) indicated this was a transcriptional repressor of neighboring genes with repressor,SRS925911,Acetivibrio thermocellus DSM 1313,Bacterial fermentation,delta-hpt; delta-Clo1313_2023,Late-exponential growth phase,SRR2002693,27798258,1389912900,3573973,SAMN03573973,Acetivibrio thermocellus DSM 1313,2023 1-2,Bacterial fermentation,delta-hpt; delta-Clo1313_2023,Late-exponential growth phase,1/6,YES,,,,,,,,,,,,,,,,,,,,,,,,,,,,,,,,,,,,,,,,,,,,,,,,,,,,,,,,
SRX1014241,delta-hpt; delta-Clo1313_2023,,,,,,,,,,,,,Acetivibrio thermocellus DSM 1313,,,28003194,LacI Transcriptional Regulatory Networks in Clostridium thermocellum DSM1313.,Wilson CM,Wilson CM; Klingeman DM; Schlachter C; Syed MH; Wu CW; Guss AM; Brown SD,Appl Environ Microbiol,,10.1128/AEM.02751-16,Organisms regulate gene expression in response to the environment to coordinate metabolic reactions.,28003194,1469666,GSM1671510: 2023 2-2; Hungateiclostridium thermocellum DSM 1313; RNA-Seq,RNA-Seq,TRANSCRIPTOMIC,cDNA,SINGLE,ILLUMINA,Illumina HiSeq 2500,SRP057818,Understanding the Regulatory Networks of Three LacI Transcriptional Repressors in Clostridium thermocellum DSM1313,Clostridium thermocellum is a candidate for cellulosic ethanol production. It expresses enzymes for both cellulose solubilization and its fermentation to produce lignocellulosic ethanol.  Understanding how this organism regulates gene expression is of importance for developing a better fundamental understanding of this industrial relevant bacterium.  We are primarily interested in gene regulation by three predicted LacI regulators.  A previous report of one LacI regulator in C. thermocellum ATCC27405 (Cthe_2808) indicated this was a transcriptional repressor of neighboring genes with repressor,SRS925910,Acetivibrio thermocellus DSM 1313,Bacterial fermentation,delta-hpt; delta-Clo1313_2023,Late-exponential growth phase,SRR2002694,24207745,1210387250,3573974,SAMN03573974,Acetivibrio thermocellus DSM 1313,2023 2-2,Bacterial fermentation,delta-hpt; delta-Clo1313_2023,Late-exponential growth phase,1/6,YES,,,,,,,,,,,,,,,,,,,,,,,,,,,,,,,,,,,,,,,,,,,,,,,,,,,,,,,,
SRX1014244,delta-hpt; delta-Clo1313_2023,,,,,,,,,,,,,Acetivibrio thermocellus DSM 1313,,,28003194,LacI Transcriptional Regulatory Networks in Clostridium thermocellum DSM1313.,Wilson CM,Wilson CM; Klingeman DM; Schlachter C; Syed MH; Wu CW; Guss AM; Brown SD,Appl Environ Microbiol,,10.1128/AEM.02751-16,Organisms regulate gene expression in response to the environment to coordinate metabolic reactions.,28003194,1469669,GSM1671513: 2023 2-3; Hungateiclostridium thermocellum DSM 1313; RNA-Seq,RNA-Seq,TRANSCRIPTOMIC,cDNA,SINGLE,ILLUMINA,Illumina HiSeq 2500,SRP057818,Understanding the Regulatory Networks of Three LacI Transcriptional Repressors in Clostridium thermocellum DSM1313,Clostridium thermocellum is a candidate for cellulosic ethanol production. It expresses enzymes for both cellulose solubilization and its fermentation to produce lignocellulosic ethanol.  Understanding how this organism regulates gene expression is of importance for developing a better fundamental understanding of this industrial relevant bacterium.  We are primarily interested in gene regulation by three predicted LacI regulators.  A previous report of one LacI regulator in C. thermocellum ATCC27405 (Cthe_2808) indicated this was a transcriptional repressor of neighboring genes with repressor,SRS925907,Acetivibrio thermocellus DSM 1313,Bacterial fermentation,delta-hpt; delta-Clo1313_2023,Stationary phase,SRR2002697,19364994,968249700,3573977,SAMN03573977,Acetivibrio thermocellus DSM 1313,2023 2-3,Bacterial fermentation,delta-hpt; delta-Clo1313_2023,Stationary phase,1/6,YES,,,,,,,,,,,,,,,,,,,,,,,,,,,,,,,,,,,,,,,,,,,,,,,,,,,,,,,,
SRX1014245,delta-hpt; delta-Clo1313_2023,,,,,,,,,,,,,Acetivibrio thermocellus DSM 1313,,,28003194,LacI Transcriptional Regulatory Networks in Clostridium thermocellum DSM1313.,Wilson CM,Wilson CM; Klingeman DM; Schlachter C; Syed MH; Wu CW; Guss AM; Brown SD,Appl Environ Microbiol,,10.1128/AEM.02751-16,Organisms regulate gene expression in response to the environment to coordinate metabolic reactions.,28003194,1469670,GSM1671514: 2023 3-3; Hungateiclostridium thermocellum DSM 1313; RNA-Seq,RNA-Seq,TRANSCRIPTOMIC,cDNA,SINGLE,ILLUMINA,Illumina HiSeq 2500,SRP057818,Understanding the Regulatory Networks of Three LacI Transcriptional Repressors in Clostridium thermocellum DSM1313,Clostridium thermocellum is a candidate for cellulosic ethanol production. It expresses enzymes for both cellulose solubilization and its fermentation to produce lignocellulosic ethanol.  Understanding how this organism regulates gene expression is of importance for developing a better fundamental understanding of this industrial relevant bacterium.  We are primarily interested in gene regulation by three predicted LacI regulators.  A previous report of one LacI regulator in C. thermocellum ATCC27405 (Cthe_2808) indicated this was a transcriptional repressor of neighboring genes with repressor,SRS925906,Acetivibrio thermocellus DSM 1313,Bacterial fermentation,delta-hpt; delta-Clo1313_2023,Stationary phase,SRR2002698,22133121,1106656050,3573978,SAMN03573978,Acetivibrio thermocellus DSM 1313,2023 3-3,Bacterial fermentation,delta-hpt; delta-Clo1313_2023,Stationary phase,1/6,YES,,,,,,,,,,,,,,,,,,,,,,,,,,,,,,,,,,,,,,,,,,,,,,,,,,,,,,,,
SRX1014247,delta-hpt; delta-Clo1313_0396,,,,,,,,,,,,,Acetivibrio thermocellus DSM 1313,,,28003194,LacI Transcriptional Regulatory Networks in Clostridium thermocellum DSM1313.,Wilson CM,Wilson CM; Klingeman DM; Schlachter C; Syed MH; Wu CW; Guss AM; Brown SD,Appl Environ Microbiol,,10.1128/AEM.02751-16,Organisms regulate gene expression in response to the environment to coordinate metabolic reactions.,28003194,1469672,GSM1671516: 0396 2-1; Hungateiclostridium thermocellum DSM 1313; RNA-Seq,RNA-Seq,TRANSCRIPTOMIC,cDNA,SINGLE,ILLUMINA,Illumina HiSeq 2500,SRP057818,Understanding the Regulatory Networks of Three LacI Transcriptional Repressors in Clostridium thermocellum DSM1313,Clostridium thermocellum is a candidate for cellulosic ethanol production. It expresses enzymes for both cellulose solubilization and its fermentation to produce lignocellulosic ethanol.  Understanding how this organism regulates gene expression is of importance for developing a better fundamental understanding of this industrial relevant bacterium.  We are primarily interested in gene regulation by three predicted LacI regulators.  A previous report of one LacI regulator in C. thermocellum ATCC27405 (Cthe_2808) indicated this was a transcriptional repressor of neighboring genes with repressor,SRS925904,Acetivibrio thermocellus DSM 1313,Bacterial fermentation,delta-hpt; delta-Clo1313_0396,Mid-exponential growth phase,SRR2002700,24238768,1211938400,3573980,SAMN03573980,Acetivibrio thermocellus DSM 1313,0396 2-1,Bacterial fermentation,delta-hpt; delta-Clo1313_0396,Mid-exponential growth phase,1/6,YES,,,,,,,,,,,,,,,,,,,,,,,,,,,,,,,,,,,,,,,,,,,,,,,,,,,,,,,,
SRX1014248,delta-hpt; delta-Clo1313_0396,,,,,,,,,,,,,Acetivibrio thermocellus DSM 1313,,,28003194,LacI Transcriptional Regulatory Networks in Clostridium thermocellum DSM1313.,Wilson CM,Wilson CM; Klingeman DM; Schlachter C; Syed MH; Wu CW; Guss AM; Brown SD,Appl Environ Microbiol,,10.1128/AEM.02751-16,Organisms regulate gene expression in response to the environment to coordinate metabolic reactions.,28003194,1469673,GSM1671517: 0396 3-1; Hungateiclostridium thermocellum DSM 1313; RNA-Seq,RNA-Seq,TRANSCRIPTOMIC,cDNA,SINGLE,ILLUMINA,Illumina HiSeq 2500,SRP057818,Understanding the Regulatory Networks of Three LacI Transcriptional Repressors in Clostridium thermocellum DSM1313,Clostridium thermocellum is a candidate for cellulosic ethanol production. It expresses enzymes for both cellulose solubilization and its fermentation to produce lignocellulosic ethanol.  Understanding how this organism regulates gene expression is of importance for developing a better fundamental understanding of this industrial relevant bacterium.  We are primarily interested in gene regulation by three predicted LacI regulators.  A previous report of one LacI regulator in C. thermocellum ATCC27405 (Cthe_2808) indicated this was a transcriptional repressor of neighboring genes with repressor,SRS925903,Acetivibrio thermocellus DSM 1313,Bacterial fermentation,delta-hpt; delta-Clo1313_0396,Mid-exponential growth phase,SRR2002701,17676742,883837100,3573981,SAMN03573981,Acetivibrio thermocellus DSM 1313,0396 3-1,Bacterial fermentation,delta-hpt; delta-Clo1313_0396,Mid-exponential growth phase,1/6,YES,,,,,,,,,,,,,,,,,,,,,,,,,,,,,,,,,,,,,,,,,,,,,,,,,,,,,,,,
SRX1014250,delta-hpt; delta-Clo1313_0396,,,,,,,,,,,,,Acetivibrio thermocellus DSM 1313,,,28003194,LacI Transcriptional Regulatory Networks in Clostridium thermocellum DSM1313.,Wilson CM,Wilson CM; Klingeman DM; Schlachter C; Syed MH; Wu CW; Guss AM; Brown SD,Appl Environ Microbiol,,10.1128/AEM.02751-16,Organisms regulate gene expression in response to the environment to coordinate metabolic reactions.,28003194,1469675,GSM1671519: 0396 2-2; Hungateiclostridium thermocellum DSM 1313; RNA-Seq,RNA-Seq,TRANSCRIPTOMIC,cDNA,SINGLE,ILLUMINA,Illumina HiSeq 2500,SRP057818,Understanding the Regulatory Networks of Three LacI Transcriptional Repressors in Clostridium thermocellum DSM1313,Clostridium thermocellum is a candidate for cellulosic ethanol production. It expresses enzymes for both cellulose solubilization and its fermentation to produce lignocellulosic ethanol.  Understanding how this organism regulates gene expression is of importance for developing a better fundamental understanding of this industrial relevant bacterium.  We are primarily interested in gene regulation by three predicted LacI regulators.  A previous report of one LacI regulator in C. thermocellum ATCC27405 (Cthe_2808) indicated this was a transcriptional repressor of neighboring genes with repressor,SRS925901,Acetivibrio thermocellus DSM 1313,Bacterial fermentation,delta-hpt; delta-Clo1313_0396,Late-exponential growth phase,SRR2002703,21362906,1068145300,3573983,SAMN03573983,Acetivibrio thermocellus DSM 1313,0396 2-2,Bacterial fermentation,delta-hpt; delta-Clo1313_0396,Late-exponential growth phase,1/6,YES,,,,,,,,,,,,,,,,,,,,,,,,,,,,,,,,,,,,,,,,,,,,,,,,,,,,,,,,
SRX1014252,delta-hpt; delta-Clo1313_0396,,,,,,,,,,,,,Acetivibrio thermocellus DSM 1313,,,28003194,LacI Transcriptional Regulatory Networks in Clostridium thermocellum DSM1313.,Wilson CM,Wilson CM; Klingeman DM; Schlachter C; Syed MH; Wu CW; Guss AM; Brown SD,Appl Environ Microbiol,,10.1128/AEM.02751-16,Organisms regulate gene expression in response to the environment to coordinate metabolic reactions.,28003194,1469677,GSM1671521: 0396 1-3; Hungateiclostridium thermocellum DSM 1313; RNA-Seq,RNA-Seq,TRANSCRIPTOMIC,cDNA,SINGLE,ILLUMINA,Illumina HiSeq 2500,SRP057818,Understanding the Regulatory Networks of Three LacI Transcriptional Repressors in Clostridium thermocellum DSM1313,Clostridium thermocellum is a candidate for cellulosic ethanol production. It expresses enzymes for both cellulose solubilization and its fermentation to produce lignocellulosic ethanol.  Understanding how this organism regulates gene expression is of importance for developing a better fundamental understanding of this industrial relevant bacterium.  We are primarily interested in gene regulation by three predicted LacI regulators.  A previous report of one LacI regulator in C. thermocellum ATCC27405 (Cthe_2808) indicated this was a transcriptional repressor of neighboring genes with repressor,SRS925898,Acetivibrio thermocellus DSM 1313,Bacterial fermentation,delta-hpt; delta-Clo1313_0396,Stationary phase,SRR2002705,22679016,1133950800,3573985,SAMN03573985,Acetivibrio thermocellus DSM 1313,0396 1-3,Bacterial fermentation,delta-hpt; delta-Clo1313_0396,Stationary phase,1/6,YES,,,,,,,,,,,,,,,,,,,,,,,,,,,,,,,,,,,,,,,,,,,,,,,,,,,,,,,,
SRX1014253,delta-hpt; delta-Clo1313_0396,,,,,,,,,,,,,Acetivibrio thermocellus DSM 1313,,,28003194,LacI Transcriptional Regulatory Networks in Clostridium thermocellum DSM1313.,Wilson CM,Wilson CM; Klingeman DM; Schlachter C; Syed MH; Wu CW; Guss AM; Brown SD,Appl Environ Microbiol,,10.1128/AEM.02751-16,Organisms regulate gene expression in response to the environment to coordinate metabolic reactions.,28003194,1469678,GSM1671522: 0396 2-3; Hungateiclostridium thermocellum DSM 1313; RNA-Seq,RNA-Seq,TRANSCRIPTOMIC,cDNA,SINGLE,ILLUMINA,Illumina HiSeq 2500,SRP057818,Understanding the Regulatory Networks of Three LacI Transcriptional Repressors in Clostridium thermocellum DSM1313,Clostridium thermocellum is a candidate for cellulosic ethanol production. It expresses enzymes for both cellulose solubilization and its fermentation to produce lignocellulosic ethanol.  Understanding how this organism regulates gene expression is of importance for developing a better fundamental understanding of this industrial relevant bacterium.  We are primarily interested in gene regulation by three predicted LacI regulators.  A previous report of one LacI regulator in C. thermocellum ATCC27405 (Cthe_2808) indicated this was a transcriptional repressor of neighboring genes with repressor,SRS925899,Acetivibrio thermocellus DSM 1313,Bacterial fermentation,delta-hpt; delta-Clo1313_0396,Stationary phase,SRR2002706,31218314,1560915700,3573986,SAMN03573986,Acetivibrio thermocellus DSM 1313,0396 2-3,Bacterial fermentation,delta-hpt; delta-Clo1313_0396,Stationary phase,1/6,YES,,,,,,,,,,,,,,,,,,,,,,,,,,,,,,,,,,,,,,,,,,,,,,,,,,,,,,,,
SRX1427049,M1570,,,,,,,,0 g/L xylose,,[regex] anaerobic,,,Acetivibrio thermocellus,,,28230109,Pentose sugars inhibit metabolism and increase expression of an AgrD-type cyclic pentapeptide in Clostridium thermocellum.,Verbeke TJ,Verbeke TJ; Giannone RJ; Klingeman DM; Engle NL; Rydzak T; Guss AM; Tschaplinski TJ; Brown SD; Hettich RL; Elkins JG,Sci Rep,,10.1038/srep43355,"Clostridium thermocellum could potentially be used as a microbial biocatalyst to produce renewable fuels directly from lignocellulosic biomass due to its ability to rapidly solubilize plant cell walls. While the organism readily ferments sugars derived from cellulose, pentose sugars from xylan are not metabolized. Here, we show that non-fermentable pentoses inhibit growth and end-product formation during fermentation of cellulose-derived sugars. Metabolomic experiments confirmed that xylose is t",28230109,2018767,GSM1937536: Ct M1570 0 g/L xylose-2; Hungateiclostridium thermocellum; RNA-Seq,RNA-Seq,TRANSCRIPTOMIC,cDNA,PAIRED,ILLUMINA,Illumina MiSeq,SRP066062,Metabolic inhibition of Clostridium thermocellum M1570 by pentose sugars.,"Differential RNA-Seq analyses to investigate the basis for metabolic inhibition of Clostridium thermocellum M1570 by xylose.   The M1570 strain was developed in the C. thermocellum DSM 1313 ?hpt background strain. Lactate dehydrogenase (Ldh) and phosphotransacetylase (Pta) genes are deleted (Argyros DA, Tripathi SA, Barrett TF, Rogers SR, Feinberg LF, Olson DG, Foden JM, Miller BB, Lynd LR, Hogsett DA, Caiazza NC: High ethanol titers from cellulose by using metabolically engineered thermophilic, anaerobic microbes. Appl Environ Microbiol 2010, 77:8288-8294 ) Overall design: Differential RNA-Se",SRS1158819,Acetivibrio thermocellus,CtM1570 growth in bottles,M1570,,SRR2932764,2218860,794628719,4260321,SAMN04260321,Acetivibrio thermocellus,Ct M1570 0 g/L xylose-2,CtM1570 growth in bottles,M1570,,2/6,YES,0 g/L xylose,0 g/L xylose,,,,,,,,,,,,,,,,,,,,,,,,,,,,,,,,,,,,,,,,,,,,,,,,,,,,,,
SRX1427050,M1570,,,,,,,,0 g/L xylose,,[regex] anaerobic,,,Acetivibrio thermocellus,,,28230109,Pentose sugars inhibit metabolism and increase expression of an AgrD-type cyclic pentapeptide in Clostridium thermocellum.,Verbeke TJ,Verbeke TJ; Giannone RJ; Klingeman DM; Engle NL; Rydzak T; Guss AM; Tschaplinski TJ; Brown SD; Hettich RL; Elkins JG,Sci Rep,,10.1038/srep43355,"Clostridium thermocellum could potentially be used as a microbial biocatalyst to produce renewable fuels directly from lignocellulosic biomass due to its ability to rapidly solubilize plant cell walls. While the organism readily ferments sugars derived from cellulose, pentose sugars from xylan are not metabolized. Here, we show that non-fermentable pentoses inhibit growth and end-product formation during fermentation of cellulose-derived sugars. Metabolomic experiments confirmed that xylose is t",28230109,2018768,GSM1937537: Ct M1570 0 g/L xylose-3; Hungateiclostridium thermocellum; RNA-Seq,RNA-Seq,TRANSCRIPTOMIC,cDNA,PAIRED,ILLUMINA,Illumina MiSeq,SRP066062,Metabolic inhibition of Clostridium thermocellum M1570 by pentose sugars.,"Differential RNA-Seq analyses to investigate the basis for metabolic inhibition of Clostridium thermocellum M1570 by xylose.   The M1570 strain was developed in the C. thermocellum DSM 1313 ?hpt background strain. Lactate dehydrogenase (Ldh) and phosphotransacetylase (Pta) genes are deleted (Argyros DA, Tripathi SA, Barrett TF, Rogers SR, Feinberg LF, Olson DG, Foden JM, Miller BB, Lynd LR, Hogsett DA, Caiazza NC: High ethanol titers from cellulose by using metabolically engineered thermophilic, anaerobic microbes. Appl Environ Microbiol 2010, 77:8288-8294 ) Overall design: Differential RNA-Se",SRS1158818,Acetivibrio thermocellus,CtM1570 growth in bottles,M1570,,SRR2932766,1976433,697010993,4260322,SAMN04260322,Acetivibrio thermocellus,Ct M1570 0 g/L xylose-3,CtM1570 growth in bottles,M1570,,2/6,YES,0 g/L xylose,0 g/L xylose,,,,,,,,,,,,,,,,,,,,,,,,,,,,,,,,,,,,,,,,,,,,,,,,,,,,,,
SRX1427051,M1570,,,,,,,,0 g/L xylose,,[regex] anaerobic,,,Acetivibrio thermocellus,,,28230109,Pentose sugars inhibit metabolism and increase expression of an AgrD-type cyclic pentapeptide in Clostridium thermocellum.,Verbeke TJ,Verbeke TJ; Giannone RJ; Klingeman DM; Engle NL; Rydzak T; Guss AM; Tschaplinski TJ; Brown SD; Hettich RL; Elkins JG,Sci Rep,,10.1038/srep43355,"Clostridium thermocellum could potentially be used as a microbial biocatalyst to produce renewable fuels directly from lignocellulosic biomass due to its ability to rapidly solubilize plant cell walls. While the organism readily ferments sugars derived from cellulose, pentose sugars from xylan are not metabolized. Here, we show that non-fermentable pentoses inhibit growth and end-product formation during fermentation of cellulose-derived sugars. Metabolomic experiments confirmed that xylose is t",28230109,2018769,GSM1937538: Ct M1570 0 g/L xylose-4; Hungateiclostridium thermocellum; RNA-Seq,RNA-Seq,TRANSCRIPTOMIC,cDNA,PAIRED,ILLUMINA,Illumina MiSeq,SRP066062,Metabolic inhibition of Clostridium thermocellum M1570 by pentose sugars.,"Differential RNA-Seq analyses to investigate the basis for metabolic inhibition of Clostridium thermocellum M1570 by xylose.   The M1570 strain was developed in the C. thermocellum DSM 1313 ?hpt background strain. Lactate dehydrogenase (Ldh) and phosphotransacetylase (Pta) genes are deleted (Argyros DA, Tripathi SA, Barrett TF, Rogers SR, Feinberg LF, Olson DG, Foden JM, Miller BB, Lynd LR, Hogsett DA, Caiazza NC: High ethanol titers from cellulose by using metabolically engineered thermophilic, anaerobic microbes. Appl Environ Microbiol 2010, 77:8288-8294 ) Overall design: Differential RNA-Se",SRS1158817,Acetivibrio thermocellus,CtM1570 growth in bottles,M1570,,SRR2932768,3256162,1179729256,4260323,SAMN04260323,Acetivibrio thermocellus,Ct M1570 0 g/L xylose-4,CtM1570 growth in bottles,M1570,,2/6,YES,0 g/L xylose,0 g/L xylose,,,,,,,,,,,,,,,,,,,,,,,,,,,,,,,,,,,,,,,,,,,,,,,,,,,,,,
SRX1427052,M1570,,,,,,,,15 g/L xylose,,[regex] anaerobic,,,Acetivibrio thermocellus,,,28230109,Pentose sugars inhibit metabolism and increase expression of an AgrD-type cyclic pentapeptide in Clostridium thermocellum.,Verbeke TJ,Verbeke TJ; Giannone RJ; Klingeman DM; Engle NL; Rydzak T; Guss AM; Tschaplinski TJ; Brown SD; Hettich RL; Elkins JG,Sci Rep,,10.1038/srep43355,"Clostridium thermocellum could potentially be used as a microbial biocatalyst to produce renewable fuels directly from lignocellulosic biomass due to its ability to rapidly solubilize plant cell walls. While the organism readily ferments sugars derived from cellulose, pentose sugars from xylan are not metabolized. Here, we show that non-fermentable pentoses inhibit growth and end-product formation during fermentation of cellulose-derived sugars. Metabolomic experiments confirmed that xylose is t",28230109,2018770,GSM1937539: Ct M1570 15 g/L xylose-1; Hungateiclostridium thermocellum; RNA-Seq,RNA-Seq,TRANSCRIPTOMIC,cDNA,PAIRED,ILLUMINA,Illumina MiSeq,SRP066062,Metabolic inhibition of Clostridium thermocellum M1570 by pentose sugars.,"Differential RNA-Seq analyses to investigate the basis for metabolic inhibition of Clostridium thermocellum M1570 by xylose.   The M1570 strain was developed in the C. thermocellum DSM 1313 ?hpt background strain. Lactate dehydrogenase (Ldh) and phosphotransacetylase (Pta) genes are deleted (Argyros DA, Tripathi SA, Barrett TF, Rogers SR, Feinberg LF, Olson DG, Foden JM, Miller BB, Lynd LR, Hogsett DA, Caiazza NC: High ethanol titers from cellulose by using metabolically engineered thermophilic, anaerobic microbes. Appl Environ Microbiol 2010, 77:8288-8294 ) Overall design: Differential RNA-Se",SRS1158816,Acetivibrio thermocellus,CtM1570 growth in bottles,M1570,,SRR2932770,2638407,905165964,4260324,SAMN04260324,Acetivibrio thermocellus,Ct M1570 15 g/L xylose-1,CtM1570 growth in bottles,M1570,,2/6,YES,15 g/L xylose,15 g/L xylose,,,,,,,,,,,,,,,,,,,,,,,,,,,,,,,,,,,,,,,,,,,,,,,,,,,,,,
SRX1427053,M1570,,,,,,,,15 g/L xylose,,[regex] anaerobic,,,Acetivibrio thermocellus,,,28230109,Pentose sugars inhibit metabolism and increase expression of an AgrD-type cyclic pentapeptide in Clostridium thermocellum.,Verbeke TJ,Verbeke TJ; Giannone RJ; Klingeman DM; Engle NL; Rydzak T; Guss AM; Tschaplinski TJ; Brown SD; Hettich RL; Elkins JG,Sci Rep,,10.1038/srep43355,"Clostridium thermocellum could potentially be used as a microbial biocatalyst to produce renewable fuels directly from lignocellulosic biomass due to its ability to rapidly solubilize plant cell walls. While the organism readily ferments sugars derived from cellulose, pentose sugars from xylan are not metabolized. Here, we show that non-fermentable pentoses inhibit growth and end-product formation during fermentation of cellulose-derived sugars. Metabolomic experiments confirmed that xylose is t",28230109,2018771,GSM1937540: Ct M1570 15 g/L xylose-2; Hungateiclostridium thermocellum; RNA-Seq,RNA-Seq,TRANSCRIPTOMIC,cDNA,PAIRED,ILLUMINA,Illumina MiSeq,SRP066062,Metabolic inhibition of Clostridium thermocellum M1570 by pentose sugars.,"Differential RNA-Seq analyses to investigate the basis for metabolic inhibition of Clostridium thermocellum M1570 by xylose.   The M1570 strain was developed in the C. thermocellum DSM 1313 ?hpt background strain. Lactate dehydrogenase (Ldh) and phosphotransacetylase (Pta) genes are deleted (Argyros DA, Tripathi SA, Barrett TF, Rogers SR, Feinberg LF, Olson DG, Foden JM, Miller BB, Lynd LR, Hogsett DA, Caiazza NC: High ethanol titers from cellulose by using metabolically engineered thermophilic, anaerobic microbes. Appl Environ Microbiol 2010, 77:8288-8294 ) Overall design: Differential RNA-Se",SRS1158815,Acetivibrio thermocellus,CtM1570 growth in bottles,M1570,,SRR2932772,2272323,789502697,4260325,SAMN04260325,Acetivibrio thermocellus,Ct M1570 15 g/L xylose-2,CtM1570 growth in bottles,M1570,,2/6,YES,15 g/L xylose,15 g/L xylose,,,,,,,,,,,,,,,,,,,,,,,,,,,,,,,,,,,,,,,,,,,,,,,,,,,,,,
SRX1427055,M1570,,,,,,,,15 g/L xylose,,[regex] anaerobic,,,Acetivibrio thermocellus,,,28230109,Pentose sugars inhibit metabolism and increase expression of an AgrD-type cyclic pentapeptide in Clostridium thermocellum.,Verbeke TJ,Verbeke TJ; Giannone RJ; Klingeman DM; Engle NL; Rydzak T; Guss AM; Tschaplinski TJ; Brown SD; Hettich RL; Elkins JG,Sci Rep,,10.1038/srep43355,"Clostridium thermocellum could potentially be used as a microbial biocatalyst to produce renewable fuels directly from lignocellulosic biomass due to its ability to rapidly solubilize plant cell walls. While the organism readily ferments sugars derived from cellulose, pentose sugars from xylan are not metabolized. Here, we show that non-fermentable pentoses inhibit growth and end-product formation during fermentation of cellulose-derived sugars. Metabolomic experiments confirmed that xylose is t",28230109,2018773,GSM1937542: Ct M1570 15 g/L xylose-4; Hungateiclostridium thermocellum; RNA-Seq,RNA-Seq,TRANSCRIPTOMIC,cDNA,PAIRED,ILLUMINA,Illumina MiSeq,SRP066062,Metabolic inhibition of Clostridium thermocellum M1570 by pentose sugars.,"Differential RNA-Seq analyses to investigate the basis for metabolic inhibition of Clostridium thermocellum M1570 by xylose.   The M1570 strain was developed in the C. thermocellum DSM 1313 ?hpt background strain. Lactate dehydrogenase (Ldh) and phosphotransacetylase (Pta) genes are deleted (Argyros DA, Tripathi SA, Barrett TF, Rogers SR, Feinberg LF, Olson DG, Foden JM, Miller BB, Lynd LR, Hogsett DA, Caiazza NC: High ethanol titers from cellulose by using metabolically engineered thermophilic, anaerobic microbes. Appl Environ Microbiol 2010, 77:8288-8294 ) Overall design: Differential RNA-Se",SRS1158813,Acetivibrio thermocellus,CtM1570 growth in bottles,M1570,,SRR2932776,1941899,652179310,4260327,SAMN04260327,Acetivibrio thermocellus,Ct M1570 15 g/L xylose-4,CtM1570 growth in bottles,M1570,,2/6,YES,15 g/L xylose,15 g/L xylose,,,,,,,,,,,,,,,,,,,,,,,,,,,,,,,,,,,,,,,,,,,,,,,,,,,,,,
SRX1597719,,,,,,,[regex] 0.33,[regex] mid-exponential,,,,,,Acetivibrio thermocellus DSM 1313,wild type delta hpt,,28400329,Deletion of Type I glutamine synthetase deregulates nitrogen metabolism and increases ethanol production in Clostridium thermocellum.,Rydzak T,Rydzak T; Garcia D; Stevenson DM; Sladek M; Klingeman DM; Holwerda EK; Amador-Noguez D; Brown SD; Guss AM,Metab Eng,,10.1016/j.ymben.2017.04.002,"Clostridium thermocellum rapidly deconstructs cellulose and ferments resulting hydrolysis products into ethanol and other products, and is thus a promising platform organism for the development of cellulosic biofuel production via consolidated bioprocessing. While recent metabolic engineering strategies have targeted eliminating canonical fermentation products (acetate, lactate, formate, and H",28400329,2255540,GSM2069817: Ct_1313_WT (Îhpt)-3; Hungateiclostridium thermocellum DSM 1313; RNA-Seq,RNA-Seq,TRANSCRIPTOMIC,cDNA,SINGLE,ILLUMINA,Illumina HiSeq 2500,SRP070709,Comparative transcriptomics of Clostridium thermocellum wild type (?hpt) and Type I glutamine synthetase (Clo1313_2031) deletion strains using RNA-seq,"RNA-seq analysis revealed that genes involved in urea uptake and metabolism were significantly upregulated in the Clo1313_2031 deletion strain, suggesting that deletion of Clo1313_2031 mimics nitrogen starvation in C. thermocellum.  Additionally, genes encoding the RNF-complex were also more highly expressed and in turn may have a potential role in increasing ethanol production. Overall design: Samples for RNA-seq were taken from mid-exponential phase (OD ~ 0.33) batch cultures grown in MTC on 4.5 g/l cellobiose",SRS1307724,Acetivibrio thermocellus DSM 1313,Clostridium thermocellum_1313 culture,,,SRR3184265,10732751,536637550,4510527,SAMN04510527,Acetivibrio thermocellus DSM 1313,Ct_1313_WT (Δhpt)-3,Clostridium thermocellum_1313 culture,,,1/6,YES,,,wild type delta hpt,wild type delta hpt,,,,,,,,,,,,,,,,,,,,,,,,,,,,,,,,,,,,,,,,,,,,,,,,,,,,
SRX1597721,,,,,,,[regex] 0.33,[regex] mid-exponential,,,,,,Acetivibrio thermocellus DSM 1313,delta 2031,,28400329,Deletion of Type I glutamine synthetase deregulates nitrogen metabolism and increases ethanol production in Clostridium thermocellum.,Rydzak T,Rydzak T; Garcia D; Stevenson DM; Sladek M; Klingeman DM; Holwerda EK; Amador-Noguez D; Brown SD; Guss AM,Metab Eng,,10.1016/j.ymben.2017.04.002,"Clostridium thermocellum rapidly deconstructs cellulose and ferments resulting hydrolysis products into ethanol and other products, and is thus a promising platform organism for the development of cellulosic biofuel production via consolidated bioprocessing. While recent metabolic engineering strategies have targeted eliminating canonical fermentation products (acetate, lactate, formate, and H",28400329,2255542,GSM2069819: Ct_1313_Î2031-1; Hungateiclostridium thermocellum DSM 1313; RNA-Seq,RNA-Seq,TRANSCRIPTOMIC,cDNA,SINGLE,ILLUMINA,Illumina HiSeq 2500,SRP070709,Comparative transcriptomics of Clostridium thermocellum wild type (?hpt) and Type I glutamine synthetase (Clo1313_2031) deletion strains using RNA-seq,"RNA-seq analysis revealed that genes involved in urea uptake and metabolism were significantly upregulated in the Clo1313_2031 deletion strain, suggesting that deletion of Clo1313_2031 mimics nitrogen starvation in C. thermocellum.  Additionally, genes encoding the RNF-complex were also more highly expressed and in turn may have a potential role in increasing ethanol production. Overall design: Samples for RNA-seq were taken from mid-exponential phase (OD ~ 0.33) batch cultures grown in MTC on 4.5 g/l cellobiose",SRS1307722,Acetivibrio thermocellus DSM 1313,Clostridium thermocellum_1313 culture,,,SRR3184269,9015278,450763900,4510529,SAMN04510529,Acetivibrio thermocellus DSM 1313,Ct_1313_Δ2031-1,Clostridium thermocellum_1313 culture,,,1/6,YES,,,delta 2031,delta 2031,,,,,,,,,,,,,,,,,,,,,,,,,,,,,,,,,,,,,,,,,,,,,,,,,,,,
SRX1597722,,,,,,,[regex] 0.33,[regex] mid-exponential,,,,,,Acetivibrio thermocellus DSM 1313,delta 2031,,28400329,Deletion of Type I glutamine synthetase deregulates nitrogen metabolism and increases ethanol production in Clostridium thermocellum.,Rydzak T,Rydzak T; Garcia D; Stevenson DM; Sladek M; Klingeman DM; Holwerda EK; Amador-Noguez D; Brown SD; Guss AM,Metab Eng,,10.1016/j.ymben.2017.04.002,"Clostridium thermocellum rapidly deconstructs cellulose and ferments resulting hydrolysis products into ethanol and other products, and is thus a promising platform organism for the development of cellulosic biofuel production via consolidated bioprocessing. While recent metabolic engineering strategies have targeted eliminating canonical fermentation products (acetate, lactate, formate, and H",28400329,2255543,GSM2069820: Ct_1313_Î2031-2; Hungateiclostridium thermocellum DSM 1313; RNA-Seq,RNA-Seq,TRANSCRIPTOMIC,cDNA,SINGLE,ILLUMINA,Illumina HiSeq 2500,SRP070709,Comparative transcriptomics of Clostridium thermocellum wild type (?hpt) and Type I glutamine synthetase (Clo1313_2031) deletion strains using RNA-seq,"RNA-seq analysis revealed that genes involved in urea uptake and metabolism were significantly upregulated in the Clo1313_2031 deletion strain, suggesting that deletion of Clo1313_2031 mimics nitrogen starvation in C. thermocellum.  Additionally, genes encoding the RNF-complex were also more highly expressed and in turn may have a potential role in increasing ethanol production. Overall design: Samples for RNA-seq were taken from mid-exponential phase (OD ~ 0.33) batch cultures grown in MTC on 4.5 g/l cellobiose",SRS1307721,Acetivibrio thermocellus DSM 1313,Clostridium thermocellum_1313 culture,,,SRR3184271,15198475,759923750,4510530,SAMN04510530,Acetivibrio thermocellus DSM 1313,Ct_1313_Δ2031-2,Clostridium thermocellum_1313 culture,,,1/6,YES,,,delta 2031,delta 2031,,,,,,,,,,,,,,,,,,,,,,,,,,,,,,,,,,,,,,,,,,,,,,,,,,,,
SRX1597724,,,,,,,[regex] 0.33,[regex] mid-exponential,,,,,,Acetivibrio thermocellus DSM 1313,delta 2031,,28400329,Deletion of Type I glutamine synthetase deregulates nitrogen metabolism and increases ethanol production in Clostridium thermocellum.,Rydzak T,Rydzak T; Garcia D; Stevenson DM; Sladek M; Klingeman DM; Holwerda EK; Amador-Noguez D; Brown SD; Guss AM,Metab Eng,,10.1016/j.ymben.2017.04.002,"Clostridium thermocellum rapidly deconstructs cellulose and ferments resulting hydrolysis products into ethanol and other products, and is thus a promising platform organism for the development of cellulosic biofuel production via consolidated bioprocessing. While recent metabolic engineering strategies have targeted eliminating canonical fermentation products (acetate, lactate, formate, and H",28400329,2255545,GSM2069822: Ct_1313_Î2031-4; Hungateiclostridium thermocellum DSM 1313; RNA-Seq,RNA-Seq,TRANSCRIPTOMIC,cDNA,SINGLE,ILLUMINA,Illumina HiSeq 2500,SRP070709,Comparative transcriptomics of Clostridium thermocellum wild type (?hpt) and Type I glutamine synthetase (Clo1313_2031) deletion strains using RNA-seq,"RNA-seq analysis revealed that genes involved in urea uptake and metabolism were significantly upregulated in the Clo1313_2031 deletion strain, suggesting that deletion of Clo1313_2031 mimics nitrogen starvation in C. thermocellum.  Additionally, genes encoding the RNF-complex were also more highly expressed and in turn may have a potential role in increasing ethanol production. Overall design: Samples for RNA-seq were taken from mid-exponential phase (OD ~ 0.33) batch cultures grown in MTC on 4.5 g/l cellobiose",SRS1307719,Acetivibrio thermocellus DSM 1313,Clostridium thermocellum_1313 culture,,,SRR3184275,9683797,484189850,4510532,SAMN04510532,Acetivibrio thermocellus DSM 1313,Ct_1313_Δ2031-4,Clostridium thermocellum_1313 culture,,,1/6,YES,,,delta 2031,delta 2031,,,,,,,,,,,,,,,,,,,,,,,,,,,,,,,,,,,,,,,,,,,,,,,,,,,,
SRX1599894,AG601,,,,,,,,2 mM Formate,,,,,Acetivibrio thermocellus DSM 1313,,,,,,,,,,,,2259483,GSM2071239: AG601 (âbestâ evolved strain) + 2 mM formate-3; Hungateiclostridium thermocellum DSM 1313; RNA-Seq,RNA-Seq,TRANSCRIPTOMIC,cDNA,SINGLE,ILLUMINA,Illumina HiSeq 2500,SRP070784,Improved growth of Clostridium thermocellum AG553 via medium supplementation with formate and strain evolution,"Strain AG553 was successfully constructed to eliminate side product formation during fermentation increasing the ethanol yield. Though ethanol yields were higher, the growth rate of the organism was significantly impaired. In order to improve growth rate, the organism was evolved and formate was added to the growth media. Both strategies successfully improved growth rate, but the mechanisms for that improved growth rate were still not understood. In order to get a better understanding of the mechanisms for improved growth, a proteomics and transcriptomics study of three strains: wild type, the",SRS1309073,Acetivibrio thermocellus DSM 1313,Q1-150 SC 24 + formate,AG601,,SRR3185993,14440065,722003250,4515296,SAMN04515296,Acetivibrio thermocellus DSM 1313,AG601 (“best” evolved strain) + 2 mM formate-3,Q1-150 SC 24 + formate,AG601,,2/6,YES,2 mM Formate,2 mM Formate,,,,,,,,,,,,,,,,,,,,,,,,,,,,,,,,,,,,,,,,,,,,,,,,,,,,,,
SRX1599895,AG601,,,,,,,,2 mM Formate,,,,,Acetivibrio thermocellus DSM 1313,,,,,,,,,,,,2259484,GSM2071240: AG601 (âbestâ evolved strain) + 2 mM formate-4; Hungateiclostridium thermocellum DSM 1313; RNA-Seq,RNA-Seq,TRANSCRIPTOMIC,cDNA,SINGLE,ILLUMINA,Illumina HiSeq 2500,SRP070784,Improved growth of Clostridium thermocellum AG553 via medium supplementation with formate and strain evolution,"Strain AG553 was successfully constructed to eliminate side product formation during fermentation increasing the ethanol yield. Though ethanol yields were higher, the growth rate of the organism was significantly impaired. In order to improve growth rate, the organism was evolved and formate was added to the growth media. Both strategies successfully improved growth rate, but the mechanisms for that improved growth rate were still not understood. In order to get a better understanding of the mechanisms for improved growth, a proteomics and transcriptomics study of three strains: wild type, the",SRS1309072,Acetivibrio thermocellus DSM 1313,Q1-150 SC 24 + formate,AG601,,SRR3185994,18229998,911499900,4515297,SAMN04515297,Acetivibrio thermocellus DSM 1313,AG601 (“best” evolved strain) + 2 mM formate-4,Q1-150 SC 24 + formate,AG601,,2/6,YES,2 mM Formate,2 mM Formate,,,,,,,,,,,,,,,,,,,,,,,,,,,,,,,,,,,,,,,,,,,,,,,,,,,,,,
SRX1599896,AG601,,,,,,,,No formate,,,,,Acetivibrio thermocellus DSM 1313,,,,,,,,,,,,2259485,GSM2071241: AG601 (âbestâ evolved strain) No Formate-1; Hungateiclostridium thermocellum DSM 1313; RNA-Seq,RNA-Seq,TRANSCRIPTOMIC,cDNA,SINGLE,ILLUMINA,Illumina HiSeq 2500,SRP070784,Improved growth of Clostridium thermocellum AG553 via medium supplementation with formate and strain evolution,"Strain AG553 was successfully constructed to eliminate side product formation during fermentation increasing the ethanol yield. Though ethanol yields were higher, the growth rate of the organism was significantly impaired. In order to improve growth rate, the organism was evolved and formate was added to the growth media. Both strategies successfully improved growth rate, but the mechanisms for that improved growth rate were still not understood. In order to get a better understanding of the mechanisms for improved growth, a proteomics and transcriptomics study of three strains: wild type, the",SRS1309129,Acetivibrio thermocellus DSM 1313,Q1-150 SC 24 NO formate,AG601,,SRR3185995,18462790,923139500,4515298,SAMN04515298,Acetivibrio thermocellus DSM 1313,AG601 (“best” evolved strain) No Formate-1,Q1-150 SC 24 NO formate,AG601,,2/6,YES,No formate,No formate,,,,,,,,,,,,,,,,,,,,,,,,,,,,,,,,,,,,,,,,,,,,,,,,,,,,,,
SRX1599897,AG601,,,,,,,,No formate,,,,,Acetivibrio thermocellus DSM 1313,,,,,,,,,,,,2259486,GSM2071242: AG601 (âbestâ evolved strain) No Formate-2; Hungateiclostridium thermocellum DSM 1313; RNA-Seq,RNA-Seq,TRANSCRIPTOMIC,cDNA,SINGLE,ILLUMINA,Illumina HiSeq 2500,SRP070784,Improved growth of Clostridium thermocellum AG553 via medium supplementation with formate and strain evolution,"Strain AG553 was successfully constructed to eliminate side product formation during fermentation increasing the ethanol yield. Though ethanol yields were higher, the growth rate of the organism was significantly impaired. In order to improve growth rate, the organism was evolved and formate was added to the growth media. Both strategies successfully improved growth rate, but the mechanisms for that improved growth rate were still not understood. In order to get a better understanding of the mechanisms for improved growth, a proteomics and transcriptomics study of three strains: wild type, the",SRS1309128,Acetivibrio thermocellus DSM 1313,Q1-150 SC 24 NO formate,AG601,,SRR3185996,14725000,736250000,4515299,SAMN04515299,Acetivibrio thermocellus DSM 1313,AG601 (“best” evolved strain) No Formate-2,Q1-150 SC 24 NO formate,AG601,,2/6,YES,No formate,No formate,,,,,,,,,,,,,,,,,,,,,,,,,,,,,,,,,,,,,,,,,,,,,,,,,,,,,,
SRX1599898,AG601,,,,,,,,No formate,,,,,Acetivibrio thermocellus DSM 1313,,,,,,,,,,,,2259487,GSM2071243: AG601 (âbestâ evolved strain) No Formate-3; Hungateiclostridium thermocellum DSM 1313; RNA-Seq,RNA-Seq,TRANSCRIPTOMIC,cDNA,SINGLE,ILLUMINA,Illumina HiSeq 2500,SRP070784,Improved growth of Clostridium thermocellum AG553 via medium supplementation with formate and strain evolution,"Strain AG553 was successfully constructed to eliminate side product formation during fermentation increasing the ethanol yield. Though ethanol yields were higher, the growth rate of the organism was significantly impaired. In order to improve growth rate, the organism was evolved and formate was added to the growth media. Both strategies successfully improved growth rate, but the mechanisms for that improved growth rate were still not understood. In order to get a better understanding of the mechanisms for improved growth, a proteomics and transcriptomics study of three strains: wild type, the",SRS1309126,Acetivibrio thermocellus DSM 1313,Q1-150 SC 24 NO formate,AG601,,SRR3185997,17554131,877706550,4515300,SAMN04515300,Acetivibrio thermocellus DSM 1313,AG601 (“best” evolved strain) No Formate-3,Q1-150 SC 24 NO formate,AG601,,2/6,YES,No formate,No formate,,,,,,,,,,,,,,,,,,,,,,,,,,,,,,,,,,,,,,,,,,,,,,,,,,,,,,
SRX1599899,AG601,,,,,,,,No formate,,,,,Acetivibrio thermocellus DSM 1313,,,,,,,,,,,,2259488,GSM2071244: AG601 (âbestâ evolved strain) No Formate-4; Hungateiclostridium thermocellum DSM 1313; RNA-Seq,RNA-Seq,TRANSCRIPTOMIC,cDNA,SINGLE,ILLUMINA,Illumina HiSeq 2500,SRP070784,Improved growth of Clostridium thermocellum AG553 via medium supplementation with formate and strain evolution,"Strain AG553 was successfully constructed to eliminate side product formation during fermentation increasing the ethanol yield. Though ethanol yields were higher, the growth rate of the organism was significantly impaired. In order to improve growth rate, the organism was evolved and formate was added to the growth media. Both strategies successfully improved growth rate, but the mechanisms for that improved growth rate were still not understood. In order to get a better understanding of the mechanisms for improved growth, a proteomics and transcriptomics study of three strains: wild type, the",SRS1309127,Acetivibrio thermocellus DSM 1313,Q1-150 SC 24 NO formate,AG601,,SRR3185998,24169263,1208463150,4515301,SAMN04515301,Acetivibrio thermocellus DSM 1313,AG601 (“best” evolved strain) No Formate-4,Q1-150 SC 24 NO formate,AG601,,2/6,YES,No formate,No formate,,,,,,,,,,,,,,,,,,,,,,,,,,,,,,,,,,,,,,,,,,,,,,,,,,,,,,
SRX1599901,AG553,,,,,,,,2 mM Formate,,,,,Acetivibrio thermocellus DSM 1313,,,,,,,,,,,,2259490,GSM2071246: AG553 (unevolved Quad) + 2 mM formate-2; Hungateiclostridium thermocellum DSM 1313; RNA-Seq,RNA-Seq,TRANSCRIPTOMIC,cDNA,SINGLE,ILLUMINA,Illumina HiSeq 2500,SRP070784,Improved growth of Clostridium thermocellum AG553 via medium supplementation with formate and strain evolution,"Strain AG553 was successfully constructed to eliminate side product formation during fermentation increasing the ethanol yield. Though ethanol yields were higher, the growth rate of the organism was significantly impaired. In order to improve growth rate, the organism was evolved and formate was added to the growth media. Both strategies successfully improved growth rate, but the mechanisms for that improved growth rate were still not understood. In order to get a better understanding of the mechanisms for improved growth, a proteomics and transcriptomics study of three strains: wild type, the",SRS1309125,Acetivibrio thermocellus DSM 1313,Q0 2 mM formate,AG553,,SRR3186000,20859858,1042992900,4515303,SAMN04515303,Acetivibrio thermocellus DSM 1313,AG553 (unevolved Quad) + 2 mM formate-2,Q0 2 mM formate,AG553,,2/6,YES,2 mM Formate,2 mM Formate,,,,,,,,,,,,,,,,,,,,,,,,,,,,,,,,,,,,,,,,,,,,,,,,,,,,,,
SRX1599903,AG553,,,,,,,,2 mM Formate,,,,,Acetivibrio thermocellus DSM 1313,,,,,,,,,,,,2259492,GSM2071248: AG553 (unevolved Quad) + 2 mM formate-4; Hungateiclostridium thermocellum DSM 1313; RNA-Seq,RNA-Seq,TRANSCRIPTOMIC,cDNA,SINGLE,ILLUMINA,Illumina HiSeq 2500,SRP070784,Improved growth of Clostridium thermocellum AG553 via medium supplementation with formate and strain evolution,"Strain AG553 was successfully constructed to eliminate side product formation during fermentation increasing the ethanol yield. Though ethanol yields were higher, the growth rate of the organism was significantly impaired. In order to improve growth rate, the organism was evolved and formate was added to the growth media. Both strategies successfully improved growth rate, but the mechanisms for that improved growth rate were still not understood. In order to get a better understanding of the mechanisms for improved growth, a proteomics and transcriptomics study of three strains: wild type, the",SRS1309122,Acetivibrio thermocellus DSM 1313,Q0 2 mM formate,AG553,,SRR3186002,12023128,601156400,4515305,SAMN04515305,Acetivibrio thermocellus DSM 1313,AG553 (unevolved Quad) + 2 mM formate-4,Q0 2 mM formate,AG553,,2/6,YES,2 mM Formate,2 mM Formate,,,,,,,,,,,,,,,,,,,,,,,,,,,,,,,,,,,,,,,,,,,,,,,,,,,,,,
SRX1599904,{delta}hpt,,,,,,,,No formate,,,,,Acetivibrio thermocellus DSM 1313,,,,,,,,,,,,2259493,GSM2071249: Del-hpt (parental strain)  No formate-1; Hungateiclostridium thermocellum DSM 1313; RNA-Seq,RNA-Seq,TRANSCRIPTOMIC,cDNA,SINGLE,ILLUMINA,Illumina HiSeq 2500,SRP070784,Improved growth of Clostridium thermocellum AG553 via medium supplementation with formate and strain evolution,"Strain AG553 was successfully constructed to eliminate side product formation during fermentation increasing the ethanol yield. Though ethanol yields were higher, the growth rate of the organism was significantly impaired. In order to improve growth rate, the organism was evolved and formate was added to the growth media. Both strategies successfully improved growth rate, but the mechanisms for that improved growth rate were still not understood. In order to get a better understanding of the mechanisms for improved growth, a proteomics and transcriptomics study of three strains: wild type, the",SRS1309121,Acetivibrio thermocellus DSM 1313,âhpt trans NO formate,{delta}hpt,,SRR3186003,13071021,653551050,4515306,SAMN04515306,Acetivibrio thermocellus DSM 1313,Del-hpt (parental strain) No formate-1,∆hpt trans NO formate,{delta}hpt,,2/6,YES,No formate,No formate,,,,,,,,,,,,,,,,,,,,,,,,,,,,,,,,,,,,,,,,,,,,,,,,,,,,,,
SRX1599907,{delta}hpt,,,,,,,,No formate,,,,,Acetivibrio thermocellus DSM 1313,,,,,,,,,,,,2259496,GSM2071252: Del-hpt (parental strain)  No formate-4; Hungateiclostridium thermocellum DSM 1313; RNA-Seq,RNA-Seq,TRANSCRIPTOMIC,cDNA,SINGLE,ILLUMINA,Illumina HiSeq 2500,SRP070784,Improved growth of Clostridium thermocellum AG553 via medium supplementation with formate and strain evolution,"Strain AG553 was successfully constructed to eliminate side product formation during fermentation increasing the ethanol yield. Though ethanol yields were higher, the growth rate of the organism was significantly impaired. In order to improve growth rate, the organism was evolved and formate was added to the growth media. Both strategies successfully improved growth rate, but the mechanisms for that improved growth rate were still not understood. In order to get a better understanding of the mechanisms for improved growth, a proteomics and transcriptomics study of three strains: wild type, the",SRS1309119,Acetivibrio thermocellus DSM 1313,âhpt trans NO formate,{delta}hpt,,SRR3186006,23878602,1193930100,4515309,SAMN04515309,Acetivibrio thermocellus DSM 1313,Del-hpt (parental strain) No formate-4,∆hpt trans NO formate,{delta}hpt,,2/6,YES,No formate,No formate,,,,,,,,,,,,,,,,,,,,,,,,,,,,,,,,,,,,,,,,,,,,,,,,,,,,,,
SRX1599909,{delta}hpt,,,,,,,,2 mM Formate,,,,,Acetivibrio thermocellus DSM 1313,,,,,,,,,,,,2259498,GSM2071254: Del-hpt (parental strain)  with 2 mM formate-2; Hungateiclostridium thermocellum DSM 1313; RNA-Seq,RNA-Seq,TRANSCRIPTOMIC,cDNA,SINGLE,ILLUMINA,Illumina HiSeq 2500,SRP070784,Improved growth of Clostridium thermocellum AG553 via medium supplementation with formate and strain evolution,"Strain AG553 was successfully constructed to eliminate side product formation during fermentation increasing the ethanol yield. Though ethanol yields were higher, the growth rate of the organism was significantly impaired. In order to improve growth rate, the organism was evolved and formate was added to the growth media. Both strategies successfully improved growth rate, but the mechanisms for that improved growth rate were still not understood. In order to get a better understanding of the mechanisms for improved growth, a proteomics and transcriptomics study of three strains: wild type, the",SRS1309116,Acetivibrio thermocellus DSM 1313,âhpt trans 2 mM formate,{delta}hpt,,SRR3186008,12682223,634111150,4515311,SAMN04515311,Acetivibrio thermocellus DSM 1313,Del-hpt (parental strain) with 2 mM formate-2,∆hpt trans 2 mM formate,{delta}hpt,,2/6,YES,2 mM Formate,2 mM Formate,,,,,,,,,,,,,,,,,,,,,,,,,,,,,,,,,,,,,,,,,,,,,,,,,,,,,,
SRX1599912,AG553,,,,,,,,No formate,,,,,Acetivibrio thermocellus DSM 1313,,,,,,,,,,,,2259501,GSM2071257: AG553 (unevolved Quad) No formate-1; Hungateiclostridium thermocellum DSM 1313; RNA-Seq,RNA-Seq,TRANSCRIPTOMIC,cDNA,SINGLE,ILLUMINA,Illumina HiSeq 2500,SRP070784,Improved growth of Clostridium thermocellum AG553 via medium supplementation with formate and strain evolution,"Strain AG553 was successfully constructed to eliminate side product formation during fermentation increasing the ethanol yield. Though ethanol yields were higher, the growth rate of the organism was significantly impaired. In order to improve growth rate, the organism was evolved and formate was added to the growth media. Both strategies successfully improved growth rate, but the mechanisms for that improved growth rate were still not understood. In order to get a better understanding of the mechanisms for improved growth, a proteomics and transcriptomics study of three strains: wild type, the",SRS1309113,Acetivibrio thermocellus DSM 1313,Q0 NO formate,AG553,,SRR3186011,14707667,735383350,4515314,SAMN04515314,Acetivibrio thermocellus DSM 1313,AG553 (unevolved Quad) No formate-1,Q0 NO formate,AG553,,2/6,YES,No formate,No formate,,,,,,,,,,,,,,,,,,,,,,,,,,,,,,,,,,,,,,,,,,,,,,,,,,,,,,
SRX1728789,ATCC 27405,,,,,,,,,,,,,Acetivibrio thermocellus ATCC 27405,,,,,,,,,,,,2473338,Clostridium thermocellum ATCC 27405 GlyR3 transcriptomics,RNA-Seq,TRANSCRIPTOMIC,RT-PCR,SINGLE,ILLUMINA,Illumina HiSeq 2000,SRP074026,Hungateiclostridium thermocellum ATCC 27405 Transcriptome or Gene expression,The role of the GlyR3 transcriptional regulator in biomass hydrolysis and metabolism in Clostridium thermocellum,SRS1413337,Acetivibrio thermocellus ATCC 27405,,ATCC 27405,,SRR3452820,60219734,6021973400,3003258,SAMN03003258,,Clostridium thermocellum ATCC 27405,,ATCC 27405,,1/6,YES,,,,,missing,not collected,missing,Clostridium thermocellum ATCC 27405,missing,missing,missing,missing,not collected,missing,missing,bacteria_archaea,type strain of Clostridium thermocellum,MIGS.ba,missing,not collected,missing,Clostridium thermocellum ATCC 27405,missing,missing,missing,missing,not collected,missing,missing,bacteria_archaea,type strain of Clostridium thermocellum,,,,,,,,,,,,,,,,,,,,,,,,,
SRX1728792,ATCC 27405,,,,,,,,,,,,,Acetivibrio thermocellus ATCC 27405,,,,,,,,,,,,2473341,Clostridium thermocellum ATCC 27405 GlyR3 transcriptomics,RNA-Seq,TRANSCRIPTOMIC,RT-PCR,SINGLE,ILLUMINA,Illumina HiSeq 2000,SRP074026,Hungateiclostridium thermocellum ATCC 27405 Transcriptome or Gene expression,The role of the GlyR3 transcriptional regulator in biomass hydrolysis and metabolism in Clostridium thermocellum,SRS1413337,Acetivibrio thermocellus ATCC 27405,,ATCC 27405,,SRR3452822,57482706,5748270600,3003258,SAMN03003258,,Clostridium thermocellum ATCC 27405,,ATCC 27405,,1/6,YES,,,,,missing,not collected,missing,Clostridium thermocellum ATCC 27405,missing,missing,missing,missing,not collected,missing,missing,bacteria_archaea,type strain of Clostridium thermocellum,MIGS.ba,missing,not collected,missing,Clostridium thermocellum ATCC 27405,missing,missing,missing,missing,not collected,missing,missing,bacteria_archaea,type strain of Clostridium thermocellum,,,,,,,,,,,,,,,,,,,,,,,,,
SRX1728794,ATCC 27405,,,,,,,,,,,,,Acetivibrio thermocellus ATCC 27405,,,,,,,,,,,,2473343,Clostridium thermocellum ATCC 27405 GlyR3 transcriptomics,RNA-Seq,TRANSCRIPTOMIC,RT-PCR,SINGLE,ILLUMINA,Illumina HiSeq 2500,SRP074026,Hungateiclostridium thermocellum ATCC 27405 Transcriptome or Gene expression,The role of the GlyR3 transcriptional regulator in biomass hydrolysis and metabolism in Clostridium thermocellum,SRS1413337,Acetivibrio thermocellus ATCC 27405,,ATCC 27405,,SRR3452824,82009890,8200989000,3003258,SAMN03003258,,Clostridium thermocellum ATCC 27405,,ATCC 27405,,1/6,YES,,,,,missing,not collected,missing,Clostridium thermocellum ATCC 27405,missing,missing,missing,missing,not collected,missing,missing,bacteria_archaea,type strain of Clostridium thermocellum,MIGS.ba,missing,not collected,missing,Clostridium thermocellum ATCC 27405,missing,missing,missing,missing,not collected,missing,missing,bacteria_archaea,type strain of Clostridium thermocellum,,,,,,,,,,,,,,,,,,,,,,,,,
SRX1728795,ATCC 27405,,,,,,,,,,,,,Acetivibrio thermocellus ATCC 27405,,,,,,,,,,,,2473344,Clostridium thermocellum ATCC 27405 GlyR3 transcriptomics,RNA-Seq,TRANSCRIPTOMIC,RT-PCR,SINGLE,ILLUMINA,Illumina HiSeq 2500,SRP074026,Hungateiclostridium thermocellum ATCC 27405 Transcriptome or Gene expression,The role of the GlyR3 transcriptional regulator in biomass hydrolysis and metabolism in Clostridium thermocellum,SRS1413337,Acetivibrio thermocellus ATCC 27405,,ATCC 27405,,SRR3452825,58673136,5867313600,3003258,SAMN03003258,,Clostridium thermocellum ATCC 27405,,ATCC 27405,,1/6,YES,,,,,missing,not collected,missing,Clostridium thermocellum ATCC 27405,missing,missing,missing,missing,not collected,missing,missing,bacteria_archaea,type strain of Clostridium thermocellum,MIGS.ba,missing,not collected,missing,Clostridium thermocellum ATCC 27405,missing,missing,missing,missing,not collected,missing,missing,bacteria_archaea,type strain of Clostridium thermocellum,,,,,,,,,,,,,,,,,,,,,,,,,
SRX1728796,ATCC 27405,,,,,,,,,,,,,Acetivibrio thermocellus ATCC 27405,,,,,,,,,,,,2473345,Clostridium thermocellum ATCC 27405 GlyR3 transcriptomics,RNA-Seq,TRANSCRIPTOMIC,RT-PCR,SINGLE,ILLUMINA,Illumina HiSeq 2500,SRP074026,Hungateiclostridium thermocellum ATCC 27405 Transcriptome or Gene expression,The role of the GlyR3 transcriptional regulator in biomass hydrolysis and metabolism in Clostridium thermocellum,SRS1413337,Acetivibrio thermocellus ATCC 27405,,ATCC 27405,,SRR3452826,71645684,7164568400,3003258,SAMN03003258,,Clostridium thermocellum ATCC 27405,,ATCC 27405,,1/6,YES,,,,,missing,not collected,missing,Clostridium thermocellum ATCC 27405,missing,missing,missing,missing,not collected,missing,missing,bacteria_archaea,type strain of Clostridium thermocellum,MIGS.ba,missing,not collected,missing,Clostridium thermocellum ATCC 27405,missing,missing,missing,missing,not collected,missing,missing,bacteria_archaea,type strain of Clostridium thermocellum,,,,,,,,,,,,,,,,,,,,,,,,,
SRX1728797,ATCC 27405,,,,,,,,,,,,,Acetivibrio thermocellus ATCC 27405,,,,,,,,,,,,2473346,Clostridium thermocellum ATCC 27405 GlyR3 transcriptomics,RNA-Seq,TRANSCRIPTOMIC,RT-PCR,SINGLE,ILLUMINA,Illumina HiSeq 2500,SRP074026,Hungateiclostridium thermocellum ATCC 27405 Transcriptome or Gene expression,The role of the GlyR3 transcriptional regulator in biomass hydrolysis and metabolism in Clostridium thermocellum,SRS1413337,Acetivibrio thermocellus ATCC 27405,,ATCC 27405,,SRR3452827,66136948,6613694800,3003258,SAMN03003258,,Clostridium thermocellum ATCC 27405,,ATCC 27405,,1/6,YES,,,,,missing,not collected,missing,Clostridium thermocellum ATCC 27405,missing,missing,missing,missing,not collected,missing,missing,bacteria_archaea,type strain of Clostridium thermocellum,MIGS.ba,missing,not collected,missing,Clostridium thermocellum ATCC 27405,missing,missing,missing,missing,not collected,missing,missing,bacteria_archaea,type strain of Clostridium thermocellum,,,,,,,,,,,,,,,,,,,,,,,,,
SRX1728800,ATCC 27405,,,,,,,,,,,,,Acetivibrio thermocellus ATCC 27405,,,,,,,,,,,,2473349,Clostridium thermocellum ATCC 27405 GlyR3 transcriptomics,RNA-Seq,TRANSCRIPTOMIC,RT-PCR,SINGLE,ILLUMINA,Illumina HiSeq 2500,SRP074026,Hungateiclostridium thermocellum ATCC 27405 Transcriptome or Gene expression,The role of the GlyR3 transcriptional regulator in biomass hydrolysis and metabolism in Clostridium thermocellum,SRS1413337,Acetivibrio thermocellus ATCC 27405,,ATCC 27405,,SRR3452830,57416134,5741613400,3003258,SAMN03003258,,Clostridium thermocellum ATCC 27405,,ATCC 27405,,1/6,YES,,,,,missing,not collected,missing,Clostridium thermocellum ATCC 27405,missing,missing,missing,missing,not collected,missing,missing,bacteria_archaea,type strain of Clostridium thermocellum,MIGS.ba,missing,not collected,missing,Clostridium thermocellum ATCC 27405,missing,missing,missing,missing,not collected,missing,missing,bacteria_archaea,type strain of Clostridium thermocellum,,,,,,,,,,,,,,,,,,,,,,,,,
SRX1728806,ATCC 27405,,,,,,,,,,,,,Acetivibrio thermocellus ATCC 27405,,,,,,,,,,,,2473355,Clostridium thermocellum ATCC 27405 GlyR3 transcriptomics,RNA-Seq,TRANSCRIPTOMIC,RT-PCR,SINGLE,ILLUMINA,Illumina HiSeq 2500,SRP074026,Hungateiclostridium thermocellum ATCC 27405 Transcriptome or Gene expression,The role of the GlyR3 transcriptional regulator in biomass hydrolysis and metabolism in Clostridium thermocellum,SRS1413337,Acetivibrio thermocellus ATCC 27405,,ATCC 27405,,SRR3452837,67758720,6775872000,3003258,SAMN03003258,,Clostridium thermocellum ATCC 27405,,ATCC 27405,,1/6,YES,,,,,missing,not collected,missing,Clostridium thermocellum ATCC 27405,missing,missing,missing,missing,not collected,missing,missing,bacteria_archaea,type strain of Clostridium thermocellum,MIGS.ba,missing,not collected,missing,Clostridium thermocellum ATCC 27405,missing,missing,missing,missing,not collected,missing,missing,bacteria_archaea,type strain of Clostridium thermocellum,,,,,,,,,,,,,,,,,,,,,,,,,
SRX1728807,ATCC 27405,,,,,,,,,,,,,Acetivibrio thermocellus ATCC 27405,,,,,,,,,,,,2473356,Clostridium thermocellum ATCC 27405 GlyR3 transcriptomics,RNA-Seq,TRANSCRIPTOMIC,RT-PCR,SINGLE,ILLUMINA,Illumina HiSeq 2500,SRP074026,Hungateiclostridium thermocellum ATCC 27405 Transcriptome or Gene expression,The role of the GlyR3 transcriptional regulator in biomass hydrolysis and metabolism in Clostridium thermocellum,SRS1413337,Acetivibrio thermocellus ATCC 27405,,ATCC 27405,,SRR3452838,70855116,7085511600,3003258,SAMN03003258,,Clostridium thermocellum ATCC 27405,,ATCC 27405,,1/6,YES,,,,,missing,not collected,missing,Clostridium thermocellum ATCC 27405,missing,missing,missing,missing,not collected,missing,missing,bacteria_archaea,type strain of Clostridium thermocellum,MIGS.ba,missing,not collected,missing,Clostridium thermocellum ATCC 27405,missing,missing,missing,missing,not collected,missing,missing,bacteria_archaea,type strain of Clostridium thermocellum,,,,,,,,,,,,,,,,,,,,,,,,,
SRX202839,ATCC 27405,,,,,,,,,,[regex] anaerobic,,,Acetivibrio thermocellus ATCC 27405,,,,,,,,,,,,270183,Clostridium thermocellum 27405 RNA Seq (Illumina HiSeq2000) from Populus and Switch grass fermentations,RNA-Seq,TRANSCRIPTOMIC,RANDOM,SINGLE,ILLUMINA,Illumina HiSeq 2000,SRP017043,Hungateiclostridium thermocellum 27405 Transcriptome or Gene expression,"Investigation of Clostridium thermocellum 27405 transcriptomics during fermentation on switch grass and populus.  Clostridium thermocellum 27405 is an anaerobic, thermophilic, cellulolytic, and ethanogenic bacterium capable of directly converting cellulosic substrate into ethanol.",SRS373637,Acetivibrio thermocellus ATCC 27405,,ATCC 27405,,SRR620218,97648633,4980080283,1797687,SAMN01797687,,Clostridium thermocellum 27405 RNA Seq (Illumina HiSeq2000) from Populus and switchgrass fermentations,,ATCC 27405,,1/6,YES,,,,,,,,,,,,,,,,,type strain of Clostridium thermocellum,,,,,,,,,,,,,,type strain of Clostridium thermocellum,"Total RNA was depleted of ribosomal RNA (rRNA) with the Ribo-Zero rRNA removal kit for Gram Positive bacteria (Epicentre,WI) following the manufactures instructions.  Libraries were prepared with the rRNA depleted material using the ScriptSeq mRNA-Seq Library Preparation kit (Epicentre,WI) following the manufacturerâs instructions.  Libraries were assessed with an Agilent bioanalyzer High Sensitivity Assay (Agilent, CA).",,,,,,,,,,,,,,,,,,,,,,,,
SRX2193597,,,,,,,,,,,,,,Acetivibrio thermocellus ATCC 27405,,,28240279,Specialized activities and expression differences for Clostridium thermocellum biofilm and planktonic cells.,Dumitrache A,Dumitrache A; Klingeman DM; Natzke J; Rodriguez M; Giannone RJ; Hettich RL; Davison BH; Brown SD,Sci Rep,,10.1038/srep43583,Clostridium (Ruminiclostridium) thermocellum is a model organism for its ability to deconstruct plant biomass and convert the cellulose into ethanol. The bacterium forms biofilms adherent to lignocellulosic feedstocks in a continuous cell-monolayer in order to efficiently break down and uptake cellulose hydrolysates. We developed a novel bioreactor design to generate separate sessile and planktonic cell populations for omics studies. Sessile cells had significantly greater expression of genes in,28240279,3188835,GSM2330270: CBP-010 APK2 Sessile RNA-1; Hungateiclostridium thermocellum 27405; RNA-Seq,RNA-Seq,TRANSCRIPTOMIC,cDNA,PAIRED,ILLUMINA,Illumina MiSeq,SRP090521,Significant gene expression differences between sessile biofilms and planktonic cells of Clostridium thermocellum,"Clostridium thermocellum forms adherent biofilms on lignocellulosic feedstock in a typical continuous cell-monolayer to efficiently break down and uptake cellulose hydrolysates. The adherent biofilm (i.e., sessile cells) may freely revert to the non-adherent form (i.e., planktonic cells) through generation of offspring cells or microenvironment constraints such as limited surface area. The two interdependent cell populations co-exist and have different contributions to culture activity and growth. We developed a novel bioreactor design to rapidly harvest sessile and planktonic cell populations",SRS1716055,Acetivibrio thermocellus ATCC 27405,CBP-010 APK2 Sessile,,,SRR4299004,1381506,454476249,5830628,SAMN05830628,Acetivibrio thermocellus ATCC 27405,CBP-010 APK2 Sessile RNA-1,CBP-010 APK2 Sessile,,,0/6,YES,,,,,,,,,,,,,,,,,,,,,,,,,,,,,,,,,Sessile,Sessile,,,,,,,,,,,,,,,,,,,,,,
SRX2193598,,,,,,,,,,,,,,Acetivibrio thermocellus ATCC 27405,,,28240279,Specialized activities and expression differences for Clostridium thermocellum biofilm and planktonic cells.,Dumitrache A,Dumitrache A; Klingeman DM; Natzke J; Rodriguez M; Giannone RJ; Hettich RL; Davison BH; Brown SD,Sci Rep,,10.1038/srep43583,Clostridium (Ruminiclostridium) thermocellum is a model organism for its ability to deconstruct plant biomass and convert the cellulose into ethanol. The bacterium forms biofilms adherent to lignocellulosic feedstocks in a continuous cell-monolayer in order to efficiently break down and uptake cellulose hydrolysates. We developed a novel bioreactor design to generate separate sessile and planktonic cell populations for omics studies. Sessile cells had significantly greater expression of genes in,28240279,3188836,GSM2330271: CBP-010 APK3 Sessile RNA-2; Hungateiclostridium thermocellum 27405; RNA-Seq,RNA-Seq,TRANSCRIPTOMIC,cDNA,PAIRED,ILLUMINA,Illumina MiSeq,SRP090521,Significant gene expression differences between sessile biofilms and planktonic cells of Clostridium thermocellum,"Clostridium thermocellum forms adherent biofilms on lignocellulosic feedstock in a typical continuous cell-monolayer to efficiently break down and uptake cellulose hydrolysates. The adherent biofilm (i.e., sessile cells) may freely revert to the non-adherent form (i.e., planktonic cells) through generation of offspring cells or microenvironment constraints such as limited surface area. The two interdependent cell populations co-exist and have different contributions to culture activity and growth. We developed a novel bioreactor design to rapidly harvest sessile and planktonic cell populations",SRS1716056,Acetivibrio thermocellus ATCC 27405,CBP-010 APK3 Sessile,,,SRR4299006,1286854,493996533,5830627,SAMN05830627,Acetivibrio thermocellus ATCC 27405,CBP-010 APK3 Sessile RNA-2,CBP-010 APK3 Sessile,,,0/6,YES,,,,,,,,,,,,,,,,,,,,,,,,,,,,,,,,,Sessile,Sessile,,,,,,,,,,,,,,,,,,,,,,
SRX2193599,,,,,,,,,,,,,,Acetivibrio thermocellus ATCC 27405,,,28240279,Specialized activities and expression differences for Clostridium thermocellum biofilm and planktonic cells.,Dumitrache A,Dumitrache A; Klingeman DM; Natzke J; Rodriguez M; Giannone RJ; Hettich RL; Davison BH; Brown SD,Sci Rep,,10.1038/srep43583,Clostridium (Ruminiclostridium) thermocellum is a model organism for its ability to deconstruct plant biomass and convert the cellulose into ethanol. The bacterium forms biofilms adherent to lignocellulosic feedstocks in a continuous cell-monolayer in order to efficiently break down and uptake cellulose hydrolysates. We developed a novel bioreactor design to generate separate sessile and planktonic cell populations for omics studies. Sessile cells had significantly greater expression of genes in,28240279,3188837,GSM2330272: CBP-011 APK2 Sessile RNA-3; Hungateiclostridium thermocellum 27405; RNA-Seq,RNA-Seq,TRANSCRIPTOMIC,cDNA,PAIRED,ILLUMINA,Illumina MiSeq,SRP090521,Significant gene expression differences between sessile biofilms and planktonic cells of Clostridium thermocellum,"Clostridium thermocellum forms adherent biofilms on lignocellulosic feedstock in a typical continuous cell-monolayer to efficiently break down and uptake cellulose hydrolysates. The adherent biofilm (i.e., sessile cells) may freely revert to the non-adherent form (i.e., planktonic cells) through generation of offspring cells or microenvironment constraints such as limited surface area. The two interdependent cell populations co-exist and have different contributions to culture activity and growth. We developed a novel bioreactor design to rapidly harvest sessile and planktonic cell populations",SRS1716057,Acetivibrio thermocellus ATCC 27405,CBP-011 APK2 Sessile,,,SRR4299008,1371366,486033064,5830626,SAMN05830626,Acetivibrio thermocellus ATCC 27405,CBP-011 APK2 Sessile RNA-3,CBP-011 APK2 Sessile,,,0/6,YES,,,,,,,,,,,,,,,,,,,,,,,,,,,,,,,,,Sessile,Sessile,,,,,,,,,,,,,,,,,,,,,,
SRX2193600,,,,,,,,,,,,,,Acetivibrio thermocellus ATCC 27405,,,28240279,Specialized activities and expression differences for Clostridium thermocellum biofilm and planktonic cells.,Dumitrache A,Dumitrache A; Klingeman DM; Natzke J; Rodriguez M; Giannone RJ; Hettich RL; Davison BH; Brown SD,Sci Rep,,10.1038/srep43583,Clostridium (Ruminiclostridium) thermocellum is a model organism for its ability to deconstruct plant biomass and convert the cellulose into ethanol. The bacterium forms biofilms adherent to lignocellulosic feedstocks in a continuous cell-monolayer in order to efficiently break down and uptake cellulose hydrolysates. We developed a novel bioreactor design to generate separate sessile and planktonic cell populations for omics studies. Sessile cells had significantly greater expression of genes in,28240279,3188838,GSM2330273: CBP-011 APK3 Sessile RNA-4; Hungateiclostridium thermocellum 27405; RNA-Seq,RNA-Seq,TRANSCRIPTOMIC,cDNA,PAIRED,ILLUMINA,Illumina MiSeq,SRP090521,Significant gene expression differences between sessile biofilms and planktonic cells of Clostridium thermocellum,"Clostridium thermocellum forms adherent biofilms on lignocellulosic feedstock in a typical continuous cell-monolayer to efficiently break down and uptake cellulose hydrolysates. The adherent biofilm (i.e., sessile cells) may freely revert to the non-adherent form (i.e., planktonic cells) through generation of offspring cells or microenvironment constraints such as limited surface area. The two interdependent cell populations co-exist and have different contributions to culture activity and growth. We developed a novel bioreactor design to rapidly harvest sessile and planktonic cell populations",SRS1716058,Acetivibrio thermocellus ATCC 27405,CBP-011 APK3 Sessile,,,SRR4299010,1454211,508796745,5830625,SAMN05830625,Acetivibrio thermocellus ATCC 27405,CBP-011 APK3 Sessile RNA-4,CBP-011 APK3 Sessile,,,0/6,YES,,,,,,,,,,,,,,,,,,,,,,,,,,,,,,,,,Sessile,Sessile,,,,,,,,,,,,,,,,,,,,,,
SRX2193601,,,,,,,,,,,,,,Acetivibrio thermocellus ATCC 27405,,,28240279,Specialized activities and expression differences for Clostridium thermocellum biofilm and planktonic cells.,Dumitrache A,Dumitrache A; Klingeman DM; Natzke J; Rodriguez M; Giannone RJ; Hettich RL; Davison BH; Brown SD,Sci Rep,,10.1038/srep43583,Clostridium (Ruminiclostridium) thermocellum is a model organism for its ability to deconstruct plant biomass and convert the cellulose into ethanol. The bacterium forms biofilms adherent to lignocellulosic feedstocks in a continuous cell-monolayer in order to efficiently break down and uptake cellulose hydrolysates. We developed a novel bioreactor design to generate separate sessile and planktonic cell populations for omics studies. Sessile cells had significantly greater expression of genes in,28240279,3188839,GSM2330274: CBP-010 APK2 Plank RNA-1; Hungateiclostridium thermocellum 27405; RNA-Seq,RNA-Seq,TRANSCRIPTOMIC,cDNA,PAIRED,ILLUMINA,Illumina MiSeq,SRP090521,Significant gene expression differences between sessile biofilms and planktonic cells of Clostridium thermocellum,"Clostridium thermocellum forms adherent biofilms on lignocellulosic feedstock in a typical continuous cell-monolayer to efficiently break down and uptake cellulose hydrolysates. The adherent biofilm (i.e., sessile cells) may freely revert to the non-adherent form (i.e., planktonic cells) through generation of offspring cells or microenvironment constraints such as limited surface area. The two interdependent cell populations co-exist and have different contributions to culture activity and growth. We developed a novel bioreactor design to rapidly harvest sessile and planktonic cell populations",SRS1716059,Acetivibrio thermocellus ATCC 27405,CBP-010 APK2 Plank,,,SRR4299012,1615135,550858520,5830635,SAMN05830635,Acetivibrio thermocellus ATCC 27405,CBP-010 APK2 Plank RNA-1,CBP-010 APK2 Plank,,,0/6,YES,,,,,,,,,,,,,,,,,,,,,,,,,,,,,,,,,Plantonic,Plantonic,,,,,,,,,,,,,,,,,,,,,,
SRX2193603,,,,,,,,,,,,,,Acetivibrio thermocellus ATCC 27405,,,28240279,Specialized activities and expression differences for Clostridium thermocellum biofilm and planktonic cells.,Dumitrache A,Dumitrache A; Klingeman DM; Natzke J; Rodriguez M; Giannone RJ; Hettich RL; Davison BH; Brown SD,Sci Rep,,10.1038/srep43583,Clostridium (Ruminiclostridium) thermocellum is a model organism for its ability to deconstruct plant biomass and convert the cellulose into ethanol. The bacterium forms biofilms adherent to lignocellulosic feedstocks in a continuous cell-monolayer in order to efficiently break down and uptake cellulose hydrolysates. We developed a novel bioreactor design to generate separate sessile and planktonic cell populations for omics studies. Sessile cells had significantly greater expression of genes in,28240279,3188841,GSM2330276: CBP-011 APK2 Plank RNA-3; Hungateiclostridium thermocellum 27405; RNA-Seq,RNA-Seq,TRANSCRIPTOMIC,cDNA,PAIRED,ILLUMINA,Illumina MiSeq,SRP090521,Significant gene expression differences between sessile biofilms and planktonic cells of Clostridium thermocellum,"Clostridium thermocellum forms adherent biofilms on lignocellulosic feedstock in a typical continuous cell-monolayer to efficiently break down and uptake cellulose hydrolysates. The adherent biofilm (i.e., sessile cells) may freely revert to the non-adherent form (i.e., planktonic cells) through generation of offspring cells or microenvironment constraints such as limited surface area. The two interdependent cell populations co-exist and have different contributions to culture activity and growth. We developed a novel bioreactor design to rapidly harvest sessile and planktonic cell populations",SRS1716061,Acetivibrio thermocellus ATCC 27405,CBP-011 APK2 Plank,,,SRR4299016,1687682,606901010,5830633,SAMN05830633,Acetivibrio thermocellus ATCC 27405,CBP-011 APK2 Plank RNA-3,CBP-011 APK2 Plank,,,0/6,YES,,,,,,,,,,,,,,,,,,,,,,,,,,,,,,,,,Plantonic,Plantonic,,,,,,,,,,,,,,,,,,,,,,
SRX2193604,,,,,,,,,,,,,,Acetivibrio thermocellus ATCC 27405,,,28240279,Specialized activities and expression differences for Clostridium thermocellum biofilm and planktonic cells.,Dumitrache A,Dumitrache A; Klingeman DM; Natzke J; Rodriguez M; Giannone RJ; Hettich RL; Davison BH; Brown SD,Sci Rep,,10.1038/srep43583,Clostridium (Ruminiclostridium) thermocellum is a model organism for its ability to deconstruct plant biomass and convert the cellulose into ethanol. The bacterium forms biofilms adherent to lignocellulosic feedstocks in a continuous cell-monolayer in order to efficiently break down and uptake cellulose hydrolysates. We developed a novel bioreactor design to generate separate sessile and planktonic cell populations for omics studies. Sessile cells had significantly greater expression of genes in,28240279,3188842,GSM2330277: CBP-011 APK3 Plank RNA-4; Hungateiclostridium thermocellum 27405; RNA-Seq,RNA-Seq,TRANSCRIPTOMIC,cDNA,PAIRED,ILLUMINA,Illumina MiSeq,SRP090521,Significant gene expression differences between sessile biofilms and planktonic cells of Clostridium thermocellum,"Clostridium thermocellum forms adherent biofilms on lignocellulosic feedstock in a typical continuous cell-monolayer to efficiently break down and uptake cellulose hydrolysates. The adherent biofilm (i.e., sessile cells) may freely revert to the non-adherent form (i.e., planktonic cells) through generation of offspring cells or microenvironment constraints such as limited surface area. The two interdependent cell populations co-exist and have different contributions to culture activity and growth. We developed a novel bioreactor design to rapidly harvest sessile and planktonic cell populations",SRS1716062,Acetivibrio thermocellus ATCC 27405,CBP-011 APK3 Plank,,,SRR4299018,1423234,522108539,5830632,SAMN05830632,Acetivibrio thermocellus ATCC 27405,CBP-011 APK3 Plank RNA-4,CBP-011 APK3 Plank,,,0/6,YES,,,,,,,,,,,,,,,,,,,,,,,,,,,,,,,,,Plantonic,Plantonic,,,,,,,,,,,,,,,,,,,,,,
SRX25920392,[regex] of,,,,,,,,xylose,,,,,Acetivibrio thermocellus DSM 1313,,,,,,,,,,,,34990499,"GSM8490582: KJC335, xylose, biol rep 1; Acetivibrio thermocellus DSM 1313; RNA-Seq",RNA-Seq,TRANSCRIPTOMIC,cDNA,PAIRED,ILLUMINA,Illumina HiSeq 4000,SRP529719,Transcriptomic adaptations of Clostridium thermocellum strains evolved to grow on xylose,"A strain of Acetivibrio thermocellus (colloquially, Clostridium thermocellum) DSM 1313 capable of growing in xylose was created by both rational engineering and adaptive laboratory evolution (ALE) approaches. This RNA-seq experiment compares the transcriptomes of the pre-ALE strain on native substrate with the pre-ALE and post-ALE strains growing in xylose (or xylose plus xylan).  These data show the progression of the initially engineered strain from normal growth with a native substrate, to debilitated growth in the new engeered substrate, to improved growth on the engineered substrate after",SRS22508347,Acetivibrio thermocellus DSM 1313,KJC335,,,SRR30495852,25841983,7804278866,43429980,SAMN43429980,Acetivibrio thermocellus DSM 1313,"KJC335, xylose, biol rep 1",KJC335,,,2/6,YES,xylose,xylose,,,missing,,,,,,,,missing,,,,,,missing,,,,,,,,missing,,,,,,,,KJC335,KJC335,,,,,,,,,,,,,,,,,,,,
SRX25920393,[regex] of,,,,,,,,xylose,,,,,Acetivibrio thermocellus DSM 1313,,,,,,,,,,,,34990500,"GSM8490583: KJC335, xylose, biol rep 2; Acetivibrio thermocellus DSM 1313; RNA-Seq",RNA-Seq,TRANSCRIPTOMIC,cDNA,PAIRED,ILLUMINA,Illumina HiSeq 4000,SRP529719,Transcriptomic adaptations of Clostridium thermocellum strains evolved to grow on xylose,"A strain of Acetivibrio thermocellus (colloquially, Clostridium thermocellum) DSM 1313 capable of growing in xylose was created by both rational engineering and adaptive laboratory evolution (ALE) approaches. This RNA-seq experiment compares the transcriptomes of the pre-ALE strain on native substrate with the pre-ALE and post-ALE strains growing in xylose (or xylose plus xylan).  These data show the progression of the initially engineered strain from normal growth with a native substrate, to debilitated growth in the new engeered substrate, to improved growth on the engineered substrate after",SRS22508350,Acetivibrio thermocellus DSM 1313,KJC335,,,SRR30495851,25141860,7592841720,43429979,SAMN43429979,Acetivibrio thermocellus DSM 1313,"KJC335, xylose, biol rep 2",KJC335,,,2/6,YES,xylose,xylose,,,missing,,,,,,,,missing,,,,,,missing,,,,,,,,missing,,,,,,,,KJC335,KJC335,,,,,,,,,,,,,,,,,,,,
SRX25920394,[regex] of,,,,,,,,xylose,,,,,Acetivibrio thermocellus DSM 1313,,,,,,,,,,,,34990501,"GSM8490584: KJC335, xylose, biol rep 3; Acetivibrio thermocellus DSM 1313; RNA-Seq",RNA-Seq,TRANSCRIPTOMIC,cDNA,PAIRED,ILLUMINA,Illumina HiSeq 4000,SRP529719,Transcriptomic adaptations of Clostridium thermocellum strains evolved to grow on xylose,"A strain of Acetivibrio thermocellus (colloquially, Clostridium thermocellum) DSM 1313 capable of growing in xylose was created by both rational engineering and adaptive laboratory evolution (ALE) approaches. This RNA-seq experiment compares the transcriptomes of the pre-ALE strain on native substrate with the pre-ALE and post-ALE strains growing in xylose (or xylose plus xylan).  These data show the progression of the initially engineered strain from normal growth with a native substrate, to debilitated growth in the new engeered substrate, to improved growth on the engineered substrate after",SRS22508349,Acetivibrio thermocellus DSM 1313,KJC335,,,SRR30495850,35506640,10723005280,43429978,SAMN43429978,Acetivibrio thermocellus DSM 1313,"KJC335, xylose, biol rep 3",KJC335,,,2/6,YES,xylose,xylose,,,missing,,,,,,,,missing,,,,,,missing,,,,,,,,missing,,,,,,,,KJC335,KJC335,,,,,,,,,,,,,,,,,,,,
SRX25920395,[regex] of,,,,,,,,cellobiose,,,,,Acetivibrio thermocellus DSM 1313,,,,,,,,,,,,34990502,"GSM8490585: KJC335, cellobiose, biol rep 1; Acetivibrio thermocellus DSM 1313; RNA-Seq",RNA-Seq,TRANSCRIPTOMIC,cDNA,PAIRED,ILLUMINA,Illumina HiSeq 4000,SRP529719,Transcriptomic adaptations of Clostridium thermocellum strains evolved to grow on xylose,"A strain of Acetivibrio thermocellus (colloquially, Clostridium thermocellum) DSM 1313 capable of growing in xylose was created by both rational engineering and adaptive laboratory evolution (ALE) approaches. This RNA-seq experiment compares the transcriptomes of the pre-ALE strain on native substrate with the pre-ALE and post-ALE strains growing in xylose (or xylose plus xylan).  These data show the progression of the initially engineered strain from normal growth with a native substrate, to debilitated growth in the new engeered substrate, to improved growth on the engineered substrate after",SRS22508351,Acetivibrio thermocellus DSM 1313,KJC335,,,SRR30495849,31206799,9424453298,43429977,SAMN43429977,Acetivibrio thermocellus DSM 1313,"KJC335, cellobiose, biol rep 1",KJC335,,,2/6,YES,cellobiose,cellobiose,,,missing,,,,,,,,missing,,,,,,missing,,,,,,,,missing,,,,,,,,KJC335,KJC335,,,,,,,,,,,,,,,,,,,,
SRX25920396,[regex] of,,,,,,,,cellobiose,,,,,Acetivibrio thermocellus DSM 1313,,,,,,,,,,,,34990503,"GSM8490586: KJC335, cellobiose, biol rep 2; Acetivibrio thermocellus DSM 1313; RNA-Seq",RNA-Seq,TRANSCRIPTOMIC,cDNA,PAIRED,ILLUMINA,Illumina HiSeq 4000,SRP529719,Transcriptomic adaptations of Clostridium thermocellum strains evolved to grow on xylose,"A strain of Acetivibrio thermocellus (colloquially, Clostridium thermocellum) DSM 1313 capable of growing in xylose was created by both rational engineering and adaptive laboratory evolution (ALE) approaches. This RNA-seq experiment compares the transcriptomes of the pre-ALE strain on native substrate with the pre-ALE and post-ALE strains growing in xylose (or xylose plus xylan).  These data show the progression of the initially engineered strain from normal growth with a native substrate, to debilitated growth in the new engeered substrate, to improved growth on the engineered substrate after",SRS22508352,Acetivibrio thermocellus DSM 1313,KJC335,,,SRR30495848,24927450,7528089900,43429976,SAMN43429976,Acetivibrio thermocellus DSM 1313,"KJC335, cellobiose, biol rep 2",KJC335,,,2/6,YES,cellobiose,cellobiose,,,missing,,,,,,,,missing,,,,,,missing,,,,,,,,missing,,,,,,,,KJC335,KJC335,,,,,,,,,,,,,,,,,,,,
SRX25920397,[regex] of,,,,,,,,cellobiose,,,,,Acetivibrio thermocellus DSM 1313,,,,,,,,,,,,34990504,"GSM8490587: KJC335, cellobiose, biol rep 3; Acetivibrio thermocellus DSM 1313; RNA-Seq",RNA-Seq,TRANSCRIPTOMIC,cDNA,PAIRED,ILLUMINA,Illumina HiSeq 4000,SRP529719,Transcriptomic adaptations of Clostridium thermocellum strains evolved to grow on xylose,"A strain of Acetivibrio thermocellus (colloquially, Clostridium thermocellum) DSM 1313 capable of growing in xylose was created by both rational engineering and adaptive laboratory evolution (ALE) approaches. This RNA-seq experiment compares the transcriptomes of the pre-ALE strain on native substrate with the pre-ALE and post-ALE strains growing in xylose (or xylose plus xylan).  These data show the progression of the initially engineered strain from normal growth with a native substrate, to debilitated growth in the new engeered substrate, to improved growth on the engineered substrate after",SRS22508353,Acetivibrio thermocellus DSM 1313,KJC335,,,SRR30495847,32555361,9831719022,43429975,SAMN43429975,Acetivibrio thermocellus DSM 1313,"KJC335, cellobiose, biol rep 3",KJC335,,,2/6,YES,cellobiose,cellobiose,,,missing,,,,,,,,missing,,,,,,missing,,,,,,,,missing,,,,,,,,KJC335,KJC335,,,,,,,,,,,,,,,,,,,,
SRX25920398,[regex] of,,,,,,,,xylose,,,,,Acetivibrio thermocellus DSM 1313,,,,,,,,,,,,34990505,"GSM8490588: KJC19-9, xylose, biol rep 1; Acetivibrio thermocellus DSM 1313; RNA-Seq",RNA-Seq,TRANSCRIPTOMIC,cDNA,PAIRED,ILLUMINA,Illumina HiSeq 4000,SRP529719,Transcriptomic adaptations of Clostridium thermocellum strains evolved to grow on xylose,"A strain of Acetivibrio thermocellus (colloquially, Clostridium thermocellum) DSM 1313 capable of growing in xylose was created by both rational engineering and adaptive laboratory evolution (ALE) approaches. This RNA-seq experiment compares the transcriptomes of the pre-ALE strain on native substrate with the pre-ALE and post-ALE strains growing in xylose (or xylose plus xylan).  These data show the progression of the initially engineered strain from normal growth with a native substrate, to debilitated growth in the new engeered substrate, to improved growth on the engineered substrate after",SRS22508354,Acetivibrio thermocellus DSM 1313,KJC19-9,,,SRR30495846,33872000,10229344000,43429974,SAMN43429974,Acetivibrio thermocellus DSM 1313,"KJC19-9, xylose, biol rep 1",KJC19-9,,,2/6,YES,xylose,xylose,,,missing,,,,,,,,missing,,,,,,missing,,,,,,,,missing,,,,,,,,KJC19-9,KJC19-9,,,,,,,,,,,,,,,,,,,,
SRX25920399,[regex] of,,,,,,,,xylose,,,,,Acetivibrio thermocellus DSM 1313,,,,,,,,,,,,34990506,"GSM8490589: KJC19-9, xylose, biol rep 2; Acetivibrio thermocellus DSM 1313; RNA-Seq",RNA-Seq,TRANSCRIPTOMIC,cDNA,PAIRED,ILLUMINA,Illumina HiSeq 4000,SRP529719,Transcriptomic adaptations of Clostridium thermocellum strains evolved to grow on xylose,"A strain of Acetivibrio thermocellus (colloquially, Clostridium thermocellum) DSM 1313 capable of growing in xylose was created by both rational engineering and adaptive laboratory evolution (ALE) approaches. This RNA-seq experiment compares the transcriptomes of the pre-ALE strain on native substrate with the pre-ALE and post-ALE strains growing in xylose (or xylose plus xylan).  These data show the progression of the initially engineered strain from normal growth with a native substrate, to debilitated growth in the new engeered substrate, to improved growth on the engineered substrate after",SRS22508355,Acetivibrio thermocellus DSM 1313,KJC19-9,,,SRR30495845,28064358,8475436116,43429973,SAMN43429973,Acetivibrio thermocellus DSM 1313,"KJC19-9, xylose, biol rep 2",KJC19-9,,,2/6,YES,xylose,xylose,,,missing,,,,,,,,missing,,,,,,missing,,,,,,,,missing,,,,,,,,KJC19-9,KJC19-9,,,,,,,,,,,,,,,,,,,,
SRX25920400,[regex] of,,,,,,,,xylose,,,,,Acetivibrio thermocellus DSM 1313,,,,,,,,,,,,34990507,"GSM8490590: KJC19-9, xylose, biol rep 3; Acetivibrio thermocellus DSM 1313; RNA-Seq",RNA-Seq,TRANSCRIPTOMIC,cDNA,PAIRED,ILLUMINA,Illumina HiSeq 4000,SRP529719,Transcriptomic adaptations of Clostridium thermocellum strains evolved to grow on xylose,"A strain of Acetivibrio thermocellus (colloquially, Clostridium thermocellum) DSM 1313 capable of growing in xylose was created by both rational engineering and adaptive laboratory evolution (ALE) approaches. This RNA-seq experiment compares the transcriptomes of the pre-ALE strain on native substrate with the pre-ALE and post-ALE strains growing in xylose (or xylose plus xylan).  These data show the progression of the initially engineered strain from normal growth with a native substrate, to debilitated growth in the new engeered substrate, to improved growth on the engineered substrate after",SRS22508358,Acetivibrio thermocellus DSM 1313,KJC19-9,,,SRR30495844,25771627,7783031354,43429972,SAMN43429972,Acetivibrio thermocellus DSM 1313,"KJC19-9, xylose, biol rep 3",KJC19-9,,,2/6,YES,xylose,xylose,,,missing,,,,,,,,missing,,,,,,missing,,,,,,,,missing,,,,,,,,KJC19-9,KJC19-9,,,,,,,,,,,,,,,,,,,,
SRX25920401,[regex] of,,,,,,,,xylose,,,,,Acetivibrio thermocellus DSM 1313,,,,,,,,,,,,34990508,"GSM8490591: KJCXn4, xylose, biol rep 1; Acetivibrio thermocellus DSM 1313; RNA-Seq",RNA-Seq,TRANSCRIPTOMIC,cDNA,PAIRED,ILLUMINA,Illumina HiSeq 4000,SRP529719,Transcriptomic adaptations of Clostridium thermocellum strains evolved to grow on xylose,"A strain of Acetivibrio thermocellus (colloquially, Clostridium thermocellum) DSM 1313 capable of growing in xylose was created by both rational engineering and adaptive laboratory evolution (ALE) approaches. This RNA-seq experiment compares the transcriptomes of the pre-ALE strain on native substrate with the pre-ALE and post-ALE strains growing in xylose (or xylose plus xylan).  These data show the progression of the initially engineered strain from normal growth with a native substrate, to debilitated growth in the new engeered substrate, to improved growth on the engineered substrate after",SRS22508357,Acetivibrio thermocellus DSM 1313,KJCXn4,,,SRR30495843,24608182,7431670964,43429971,SAMN43429971,Acetivibrio thermocellus DSM 1313,"KJCXn4, xylose, biol rep 1",KJCXn4,,,2/6,YES,xylose,xylose,,,missing,,,,,,,,missing,,,,,,missing,,,,,,,,missing,,,,,,,,KJCXn4,KJCXn4,,,,,,,,,,,,,,,,,,,,
SRX25920402,[regex] of,,,,,,,,xylose,,,,,Acetivibrio thermocellus DSM 1313,,,,,,,,,,,,34990509,"GSM8490592: KJCXn4, xylose, biol rep 2; Acetivibrio thermocellus DSM 1313; RNA-Seq",RNA-Seq,TRANSCRIPTOMIC,cDNA,PAIRED,ILLUMINA,Illumina HiSeq 4000,SRP529719,Transcriptomic adaptations of Clostridium thermocellum strains evolved to grow on xylose,"A strain of Acetivibrio thermocellus (colloquially, Clostridium thermocellum) DSM 1313 capable of growing in xylose was created by both rational engineering and adaptive laboratory evolution (ALE) approaches. This RNA-seq experiment compares the transcriptomes of the pre-ALE strain on native substrate with the pre-ALE and post-ALE strains growing in xylose (or xylose plus xylan).  These data show the progression of the initially engineered strain from normal growth with a native substrate, to debilitated growth in the new engeered substrate, to improved growth on the engineered substrate after",SRS22508356,Acetivibrio thermocellus DSM 1313,KJCXn4,,,SRR30495842,29008184,8760471568,43429970,SAMN43429970,Acetivibrio thermocellus DSM 1313,"KJCXn4, xylose, biol rep 2",KJCXn4,,,2/6,YES,xylose,xylose,,,missing,,,,,,,,missing,,,,,,missing,,,,,,,,missing,,,,,,,,KJCXn4,KJCXn4,,,,,,,,,,,,,,,,,,,,
SRX25920403,[regex] of,,,,,,,,xylose,,,,,Acetivibrio thermocellus DSM 1313,,,,,,,,,,,,34990510,"GSM8490593: KJCXn4, xylose, biol rep 3; Acetivibrio thermocellus DSM 1313; RNA-Seq",RNA-Seq,TRANSCRIPTOMIC,cDNA,PAIRED,ILLUMINA,Illumina HiSeq 4000,SRP529719,Transcriptomic adaptations of Clostridium thermocellum strains evolved to grow on xylose,"A strain of Acetivibrio thermocellus (colloquially, Clostridium thermocellum) DSM 1313 capable of growing in xylose was created by both rational engineering and adaptive laboratory evolution (ALE) approaches. This RNA-seq experiment compares the transcriptomes of the pre-ALE strain on native substrate with the pre-ALE and post-ALE strains growing in xylose (or xylose plus xylan).  These data show the progression of the initially engineered strain from normal growth with a native substrate, to debilitated growth in the new engeered substrate, to improved growth on the engineered substrate after",SRS22508359,Acetivibrio thermocellus DSM 1313,KJCXn4,,,SRR30495841,30392252,9178460104,43429969,SAMN43429969,Acetivibrio thermocellus DSM 1313,"KJCXn4, xylose, biol rep 3",KJCXn4,,,2/6,YES,xylose,xylose,,,missing,,,,,,,,missing,,,,,,missing,,,,,,,,missing,,,,,,,,KJCXn4,KJCXn4,,,,,,,,,,,,,,,,,,,,
SRX25920404,[regex] of,,,,,,,,xylose plus xylan,,,,,Acetivibrio thermocellus DSM 1313,,,,,,,,,,,,34990511,"GSM8490594: KJCXn4, xylose plus xylan, biol rep 1; Acetivibrio thermocellus DSM 1313; RNA-Seq",RNA-Seq,TRANSCRIPTOMIC,cDNA,PAIRED,ILLUMINA,Illumina HiSeq 4000,SRP529719,Transcriptomic adaptations of Clostridium thermocellum strains evolved to grow on xylose,"A strain of Acetivibrio thermocellus (colloquially, Clostridium thermocellum) DSM 1313 capable of growing in xylose was created by both rational engineering and adaptive laboratory evolution (ALE) approaches. This RNA-seq experiment compares the transcriptomes of the pre-ALE strain on native substrate with the pre-ALE and post-ALE strains growing in xylose (or xylose plus xylan).  These data show the progression of the initially engineered strain from normal growth with a native substrate, to debilitated growth in the new engeered substrate, to improved growth on the engineered substrate after",SRS22508360,Acetivibrio thermocellus DSM 1313,KJCXn4,,,SRR30495840,28664481,8656673262,43429968,SAMN43429968,Acetivibrio thermocellus DSM 1313,"KJCXn4, xylose plus xylan, biol rep 1",KJCXn4,,,2/6,YES,xylose plus xylan,xylose plus xylan,,,missing,,,,,,,,missing,,,,,,missing,,,,,,,,missing,,,,,,,,KJCXn4,KJCXn4,,,,,,,,,,,,,,,,,,,,
SRX25920405,[regex] of,,,,,,,,xylose plus xylan,,,,,Acetivibrio thermocellus DSM 1313,,,,,,,,,,,,34990512,"GSM8490595: KJCXn4, xylose plus xylan, biol rep 2; Acetivibrio thermocellus DSM 1313; RNA-Seq",RNA-Seq,TRANSCRIPTOMIC,cDNA,PAIRED,ILLUMINA,Illumina HiSeq 4000,SRP529719,Transcriptomic adaptations of Clostridium thermocellum strains evolved to grow on xylose,"A strain of Acetivibrio thermocellus (colloquially, Clostridium thermocellum) DSM 1313 capable of growing in xylose was created by both rational engineering and adaptive laboratory evolution (ALE) approaches. This RNA-seq experiment compares the transcriptomes of the pre-ALE strain on native substrate with the pre-ALE and post-ALE strains growing in xylose (or xylose plus xylan).  These data show the progression of the initially engineered strain from normal growth with a native substrate, to debilitated growth in the new engeered substrate, to improved growth on the engineered substrate after",SRS22508361,Acetivibrio thermocellus DSM 1313,KJCXn4,,,SRR30495839,27410277,8277903654,43429967,SAMN43429967,Acetivibrio thermocellus DSM 1313,"KJCXn4, xylose plus xylan, biol rep 2",KJCXn4,,,2/6,YES,xylose plus xylan,xylose plus xylan,,,missing,,,,,,,,missing,,,,,,missing,,,,,,,,missing,,,,,,,,KJCXn4,KJCXn4,,,,,,,,,,,,,,,,,,,,
SRX25920406,[regex] of,,,,,,,,xylose plus xylan,,,,,Acetivibrio thermocellus DSM 1313,,,,,,,,,,,,34990513,"GSM8490596: KJCXn4, xylose plus xylan, biol rep 3; Acetivibrio thermocellus DSM 1313; RNA-Seq",RNA-Seq,TRANSCRIPTOMIC,cDNA,PAIRED,ILLUMINA,Illumina HiSeq 4000,SRP529719,Transcriptomic adaptations of Clostridium thermocellum strains evolved to grow on xylose,"A strain of Acetivibrio thermocellus (colloquially, Clostridium thermocellum) DSM 1313 capable of growing in xylose was created by both rational engineering and adaptive laboratory evolution (ALE) approaches. This RNA-seq experiment compares the transcriptomes of the pre-ALE strain on native substrate with the pre-ALE and post-ALE strains growing in xylose (or xylose plus xylan).  These data show the progression of the initially engineered strain from normal growth with a native substrate, to debilitated growth in the new engeered substrate, to improved growth on the engineered substrate after",SRS22508362,Acetivibrio thermocellus DSM 1313,KJCXn4,,,SRR30495838,26377067,7965874234,43429966,SAMN43429966,Acetivibrio thermocellus DSM 1313,"KJCXn4, xylose plus xylan, biol rep 3",KJCXn4,,,2/6,YES,xylose plus xylan,xylose plus xylan,,,missing,,,,,,,,missing,,,,,,missing,,,,,,,,missing,,,,,,,,KJCXn4,KJCXn4,,,,,,,,,,,,,,,,,,,,
SRX2919058,wild-type parental strain,,,,,,,,,,,,,Acetivibrio thermocellus DSM 1313,{delta}hpt,,,,,,,,,,,4172482,GSM2668671: PTR-1; Ruminiclostridium thermocellum DSM 1313; RNA-Seq,RNA-Seq,TRANSCRIPTOMIC,cDNA,SINGLE,ILLUMINA,Illumina HiSeq 2500,SRP109227,Sulfate assimilation in Clostridium thermocellum,"Investigation of sulfur metabolism in Clostridium thermocellum DSM 1313 ?hpt, to determine growth and gene expression when the organism is incubated with either the oxidized (i.e., sulfate) or the reduced and assimilated (i.e., cysteine) forms of sulfur.  A sulfite reductase (?hpt ?SO3R) knockout mutant to limit sulfur assimilation was  created to compare the resulting gene expression patterns by RNAseq transciptomics against the parental strain (?hpt) when both are grown in the presence of sulfate. Additionally, we bypass the sulfate auxotrophy of the mutant by providing assimilated sulfur in",SRS2285061,Acetivibrio thermocellus DSM 1313,Clostridium thermocellum_1313_ culture,wild-type parental strain,,SRR5684110,25133134,1256656700,7238006,SAMN07238006,Acetivibrio thermocellus DSM 1313,PTR-1 (Clostridium thermocellum 1313 ∆hpt: cysteine),Clostridium thermocellum_1313_ culture,wild-type parental strain,,1/6,YES,,,,,,,,,,,,,,,,,,,,,,,,,,,,,,,,,,,,,{delta}hpt,cysteine,{delta}hpt,cysteine,,,,,,,,,,,,,,,,
SRX2919060,wild-type parental strain,,,,,,,,,,,,,Acetivibrio thermocellus DSM 1313,{delta}hpt,,,,,,,,,,,4172484,GSM2668673: PTR-3; Ruminiclostridium thermocellum DSM 1313; RNA-Seq,RNA-Seq,TRANSCRIPTOMIC,cDNA,SINGLE,ILLUMINA,Illumina HiSeq 2500,SRP109227,Sulfate assimilation in Clostridium thermocellum,"Investigation of sulfur metabolism in Clostridium thermocellum DSM 1313 ?hpt, to determine growth and gene expression when the organism is incubated with either the oxidized (i.e., sulfate) or the reduced and assimilated (i.e., cysteine) forms of sulfur.  A sulfite reductase (?hpt ?SO3R) knockout mutant to limit sulfur assimilation was  created to compare the resulting gene expression patterns by RNAseq transciptomics against the parental strain (?hpt) when both are grown in the presence of sulfate. Additionally, we bypass the sulfate auxotrophy of the mutant by providing assimilated sulfur in",SRS2285064,Acetivibrio thermocellus DSM 1313,Clostridium thermocellum_1313_ culture,wild-type parental strain,,SRR5684112,22847535,1142376750,7238004,SAMN07238004,Acetivibrio thermocellus DSM 1313,PTR-3 (Clostridium thermocellum 1313 ∆hpt: cysteine),Clostridium thermocellum_1313_ culture,wild-type parental strain,,1/6,YES,,,,,,,,,,,,,,,,,,,,,,,,,,,,,,,,,,,,,{delta}hpt,cysteine,{delta}hpt,cysteine,,,,,,,,,,,,,,,,
SRX2919061,wild-type parental strain,,,,,,,,,,,,,Acetivibrio thermocellus DSM 1313,{delta}hpt,,,,,,,,,,,4172485,GSM2668674: PSR-1; Ruminiclostridium thermocellum DSM 1313; RNA-Seq,RNA-Seq,TRANSCRIPTOMIC,cDNA,SINGLE,ILLUMINA,Illumina HiSeq 2500,SRP109227,Sulfate assimilation in Clostridium thermocellum,"Investigation of sulfur metabolism in Clostridium thermocellum DSM 1313 ?hpt, to determine growth and gene expression when the organism is incubated with either the oxidized (i.e., sulfate) or the reduced and assimilated (i.e., cysteine) forms of sulfur.  A sulfite reductase (?hpt ?SO3R) knockout mutant to limit sulfur assimilation was  created to compare the resulting gene expression patterns by RNAseq transciptomics against the parental strain (?hpt) when both are grown in the presence of sulfate. Additionally, we bypass the sulfate auxotrophy of the mutant by providing assimilated sulfur in",SRS2285063,Acetivibrio thermocellus DSM 1313,Clostridium thermocellum_1313_ culture,wild-type parental strain,,SRR5684113,23058026,1152901300,7238003,SAMN07238003,Acetivibrio thermocellus DSM 1313,PSR-1 (Clostridium thermocellum 1313 ∆hpt: sulfate),Clostridium thermocellum_1313_ culture,wild-type parental strain,,1/6,YES,,,,,,,,,,,,,,,,,,,,,,,,,,,,,,,,,,,,,{delta}hpt,sulfate,{delta}hpt,sulfate,,,,,,,,,,,,,,,,
SRX2919062,wild-type parental strain,,,,,,,,,,,,,Acetivibrio thermocellus DSM 1313,{delta}hpt,,,,,,,,,,,4172486,GSM2668675: PSR-2; Ruminiclostridium thermocellum DSM 1313; RNA-Seq,RNA-Seq,TRANSCRIPTOMIC,cDNA,SINGLE,ILLUMINA,Illumina HiSeq 2500,SRP109227,Sulfate assimilation in Clostridium thermocellum,"Investigation of sulfur metabolism in Clostridium thermocellum DSM 1313 ?hpt, to determine growth and gene expression when the organism is incubated with either the oxidized (i.e., sulfate) or the reduced and assimilated (i.e., cysteine) forms of sulfur.  A sulfite reductase (?hpt ?SO3R) knockout mutant to limit sulfur assimilation was  created to compare the resulting gene expression patterns by RNAseq transciptomics against the parental strain (?hpt) when both are grown in the presence of sulfate. Additionally, we bypass the sulfate auxotrophy of the mutant by providing assimilated sulfur in",SRS2285065,Acetivibrio thermocellus DSM 1313,Clostridium thermocellum_1313_ culture,wild-type parental strain,,SRR5684114,25763667,1288183350,7238002,SAMN07238002,Acetivibrio thermocellus DSM 1313,PSR-2 (Clostridium thermocellum 1313 ∆hpt: sulfate),Clostridium thermocellum_1313_ culture,wild-type parental strain,,1/6,YES,,,,,,,,,,,,,,,,,,,,,,,,,,,,,,,,,,,,,{delta}hpt,sulfate,{delta}hpt,sulfate,,,,,,,,,,,,,,,,
SRX2919063,wild-type parental strain,,,,,,,,,,,,,Acetivibrio thermocellus DSM 1313,{delta}hpt,,,,,,,,,,,4172487,GSM2668676: PSR-3; Ruminiclostridium thermocellum DSM 1313; RNA-Seq,RNA-Seq,TRANSCRIPTOMIC,cDNA,SINGLE,ILLUMINA,Illumina HiSeq 2500,SRP109227,Sulfate assimilation in Clostridium thermocellum,"Investigation of sulfur metabolism in Clostridium thermocellum DSM 1313 ?hpt, to determine growth and gene expression when the organism is incubated with either the oxidized (i.e., sulfate) or the reduced and assimilated (i.e., cysteine) forms of sulfur.  A sulfite reductase (?hpt ?SO3R) knockout mutant to limit sulfur assimilation was  created to compare the resulting gene expression patterns by RNAseq transciptomics against the parental strain (?hpt) when both are grown in the presence of sulfate. Additionally, we bypass the sulfate auxotrophy of the mutant by providing assimilated sulfur in",SRS2285066,Acetivibrio thermocellus DSM 1313,Clostridium thermocellum_1313_ culture,wild-type parental strain,,SRR5684115,23610278,1180513900,7238001,SAMN07238001,Acetivibrio thermocellus DSM 1313,PSR-3 (Clostridium thermocellum 1313 ∆hpt: sulfate),Clostridium thermocellum_1313_ culture,wild-type parental strain,,1/6,YES,,,,,,,,,,,,,,,,,,,,,,,,,,,,,,,,,,,,,{delta}hpt,sulfate,{delta}hpt,sulfate,,,,,,,,,,,,,,,,
SRX2919064,sulfite reductase knockout strain,,,,,,,,,,,,,Acetivibrio thermocellus DSM 1313,{delta}hpt{delta}SO3R,,,,,,,,,,,4172488,GSM2668677: MTR-1; Ruminiclostridium thermocellum DSM 1313; RNA-Seq,RNA-Seq,TRANSCRIPTOMIC,cDNA,SINGLE,ILLUMINA,Illumina HiSeq 2500,SRP109227,Sulfate assimilation in Clostridium thermocellum,"Investigation of sulfur metabolism in Clostridium thermocellum DSM 1313 ?hpt, to determine growth and gene expression when the organism is incubated with either the oxidized (i.e., sulfate) or the reduced and assimilated (i.e., cysteine) forms of sulfur.  A sulfite reductase (?hpt ?SO3R) knockout mutant to limit sulfur assimilation was  created to compare the resulting gene expression patterns by RNAseq transciptomics against the parental strain (?hpt) when both are grown in the presence of sulfate. Additionally, we bypass the sulfate auxotrophy of the mutant by providing assimilated sulfur in",SRS2285067,Acetivibrio thermocellus DSM 1313,Clostridium thermocellum_1313_ culture,sulfite reductase knockout strain,,SRR5684116,24626855,1231342750,7238000,SAMN07238000,Acetivibrio thermocellus DSM 1313,MTR-1 (Clostridium thermocellum 1313 ∆hpt∆SO3R: cysteine),Clostridium thermocellum_1313_ culture,sulfite reductase knockout strain,,1/6,YES,,,,,,,,,,,,,,,,,,,,,,,,,,,,,,,,,,,,,{delta}hpt{delta}SO3R,cysteine,{delta}hpt{delta}SO3R,cysteine,,,,,,,,,,,,,,,,
SRX2919065,sulfite reductase knockout strain,,,,,,,,,,,,,Acetivibrio thermocellus DSM 1313,{delta}hpt{delta}SO3R,,,,,,,,,,,4172489,GSM2668678: MTR-2; Ruminiclostridium thermocellum DSM 1313; RNA-Seq,RNA-Seq,TRANSCRIPTOMIC,cDNA,SINGLE,ILLUMINA,Illumina HiSeq 2500,SRP109227,Sulfate assimilation in Clostridium thermocellum,"Investigation of sulfur metabolism in Clostridium thermocellum DSM 1313 ?hpt, to determine growth and gene expression when the organism is incubated with either the oxidized (i.e., sulfate) or the reduced and assimilated (i.e., cysteine) forms of sulfur.  A sulfite reductase (?hpt ?SO3R) knockout mutant to limit sulfur assimilation was  created to compare the resulting gene expression patterns by RNAseq transciptomics against the parental strain (?hpt) when both are grown in the presence of sulfate. Additionally, we bypass the sulfate auxotrophy of the mutant by providing assimilated sulfur in",SRS2285068,Acetivibrio thermocellus DSM 1313,Clostridium thermocellum_1313_ culture,sulfite reductase knockout strain,,SRR5684117,27665841,1383292050,7237999,SAMN07237999,Acetivibrio thermocellus DSM 1313,MTR-2 (Clostridium thermocellum 1313 ∆hpt∆SO3R: cysteine),Clostridium thermocellum_1313_ culture,sulfite reductase knockout strain,,1/6,YES,,,,,,,,,,,,,,,,,,,,,,,,,,,,,,,,,,,,,{delta}hpt{delta}SO3R,cysteine,{delta}hpt{delta}SO3R,cysteine,,,,,,,,,,,,,,,,
SRX2919066,sulfite reductase knockout strain,,,,,,,,,,,,,Acetivibrio thermocellus DSM 1313,{delta}hpt{delta}SO3R,,,,,,,,,,,4172490,GSM2668679: MTR-3; Ruminiclostridium thermocellum DSM 1313; RNA-Seq,RNA-Seq,TRANSCRIPTOMIC,cDNA,SINGLE,ILLUMINA,Illumina HiSeq 2500,SRP109227,Sulfate assimilation in Clostridium thermocellum,"Investigation of sulfur metabolism in Clostridium thermocellum DSM 1313 ?hpt, to determine growth and gene expression when the organism is incubated with either the oxidized (i.e., sulfate) or the reduced and assimilated (i.e., cysteine) forms of sulfur.  A sulfite reductase (?hpt ?SO3R) knockout mutant to limit sulfur assimilation was  created to compare the resulting gene expression patterns by RNAseq transciptomics against the parental strain (?hpt) when both are grown in the presence of sulfate. Additionally, we bypass the sulfate auxotrophy of the mutant by providing assimilated sulfur in",SRS2285069,Acetivibrio thermocellus DSM 1313,Clostridium thermocellum_1313_ culture,sulfite reductase knockout strain,,SRR5684118,27431956,1371597800,7237998,SAMN07237998,Acetivibrio thermocellus DSM 1313,MTR-3 (Clostridium thermocellum 1313 ∆hpt∆SO3R: cysteine),Clostridium thermocellum_1313_ culture,sulfite reductase knockout strain,,1/6,YES,,,,,,,,,,,,,,,,,,,,,,,,,,,,,,,,,,,,,{delta}hpt{delta}SO3R,cysteine,{delta}hpt{delta}SO3R,cysteine,,,,,,,,,,,,,,,,
SRX2919067,sulfite reductase knockout strain,,,,,,,,,,,,,Acetivibrio thermocellus DSM 1313,{delta}hpt{delta}SO3R,,,,,,,,,,,4172491,GSM2668680: MSR-1; Ruminiclostridium thermocellum DSM 1313; RNA-Seq,RNA-Seq,TRANSCRIPTOMIC,cDNA,SINGLE,ILLUMINA,Illumina HiSeq 2500,SRP109227,Sulfate assimilation in Clostridium thermocellum,"Investigation of sulfur metabolism in Clostridium thermocellum DSM 1313 ?hpt, to determine growth and gene expression when the organism is incubated with either the oxidized (i.e., sulfate) or the reduced and assimilated (i.e., cysteine) forms of sulfur.  A sulfite reductase (?hpt ?SO3R) knockout mutant to limit sulfur assimilation was  created to compare the resulting gene expression patterns by RNAseq transciptomics against the parental strain (?hpt) when both are grown in the presence of sulfate. Additionally, we bypass the sulfate auxotrophy of the mutant by providing assimilated sulfur in",SRS2285070,Acetivibrio thermocellus DSM 1313,Clostridium thermocellum_1313_ culture,sulfite reductase knockout strain,,SRR5684119,24198816,1209940800,7237997,SAMN07237997,Acetivibrio thermocellus DSM 1313,MSR-1 (Clostridium thermocellum 1313 ∆hpt∆SO3R: sulfate),Clostridium thermocellum_1313_ culture,sulfite reductase knockout strain,,1/6,YES,,,,,,,,,,,,,,,,,,,,,,,,,,,,,,,,,,,,,{delta}hpt{delta}SO3R,sulfate,{delta}hpt{delta}SO3R,sulfate,,,,,,,,,,,,,,,,
SRX2919068,sulfite reductase knockout strain,,,,,,,,,,,,,Acetivibrio thermocellus DSM 1313,{delta}hpt{delta}SO3R,,,,,,,,,,,4172492,GSM2668681: MSR-2; Ruminiclostridium thermocellum DSM 1313; RNA-Seq,RNA-Seq,TRANSCRIPTOMIC,cDNA,SINGLE,ILLUMINA,Illumina HiSeq 2500,SRP109227,Sulfate assimilation in Clostridium thermocellum,"Investigation of sulfur metabolism in Clostridium thermocellum DSM 1313 ?hpt, to determine growth and gene expression when the organism is incubated with either the oxidized (i.e., sulfate) or the reduced and assimilated (i.e., cysteine) forms of sulfur.  A sulfite reductase (?hpt ?SO3R) knockout mutant to limit sulfur assimilation was  created to compare the resulting gene expression patterns by RNAseq transciptomics against the parental strain (?hpt) when both are grown in the presence of sulfate. Additionally, we bypass the sulfate auxotrophy of the mutant by providing assimilated sulfur in",SRS2285071,Acetivibrio thermocellus DSM 1313,Clostridium thermocellum_1313_ culture,sulfite reductase knockout strain,,SRR5684120,22493430,1124671500,7237996,SAMN07237996,Acetivibrio thermocellus DSM 1313,MSR-2 (Clostridium thermocellum 1313 ∆hpt∆SO3R: sulfate),Clostridium thermocellum_1313_ culture,sulfite reductase knockout strain,,1/6,YES,,,,,,,,,,,,,,,,,,,,,,,,,,,,,,,,,,,,,{delta}hpt{delta}SO3R,sulfate,{delta}hpt{delta}SO3R,sulfate,,,,,,,,,,,,,,,,
SRX2919069,sulfite reductase knockout strain,,,,,,,,,,,,,Acetivibrio thermocellus DSM 1313,{delta}hpt{delta}SO3R,,,,,,,,,,,4172493,GSM2668682: MSR-3; Ruminiclostridium thermocellum DSM 1313; RNA-Seq,RNA-Seq,TRANSCRIPTOMIC,cDNA,SINGLE,ILLUMINA,Illumina HiSeq 2500,SRP109227,Sulfate assimilation in Clostridium thermocellum,"Investigation of sulfur metabolism in Clostridium thermocellum DSM 1313 ?hpt, to determine growth and gene expression when the organism is incubated with either the oxidized (i.e., sulfate) or the reduced and assimilated (i.e., cysteine) forms of sulfur.  A sulfite reductase (?hpt ?SO3R) knockout mutant to limit sulfur assimilation was  created to compare the resulting gene expression patterns by RNAseq transciptomics against the parental strain (?hpt) when both are grown in the presence of sulfate. Additionally, we bypass the sulfate auxotrophy of the mutant by providing assimilated sulfur in",SRS2285072,Acetivibrio thermocellus DSM 1313,Clostridium thermocellum_1313_ culture,sulfite reductase knockout strain,,SRR5684121,31282911,1564145550,7237995,SAMN07237995,Acetivibrio thermocellus DSM 1313,MSR-3 (Clostridium thermocellum 1313 ∆hpt∆SO3R: sulfate),Clostridium thermocellum_1313_ culture,sulfite reductase knockout strain,,1/6,YES,,,,,,,,,,,,,,,,,,,,,,,,,,,,,,,,,,,,,{delta}hpt{delta}SO3R,sulfate,{delta}hpt{delta}SO3R,sulfate,,,,,,,,,,,,,,,,
SRX298045,ATCC 27405,,,,,,,,,,,,,Acetivibrio thermocellus ATCC 27405,,,,,,,,,,,,419131,"Ribo-Zero, stranded, Illumina adapter 4",RNA-Seq,TRANSCRIPTOMIC,unspecified,PAIRED,ILLUMINA,Illumina HiSeq 2000,SRP061500,Hungateiclostridium thermocellum ATCC 27405 Transcriptome or Gene expression,RNA pilot - testing RiboZero kit for rRNA removal.,SRS438221,Acetivibrio thermocellus ATCC 27405,,ATCC 27405,,SRR891325,27708104,5541620800,2192641,SAMN02192641,,Generic sample from Clostridium thermocellum ATCC 27405,,ATCC 27405,,1/6,YES,,,,,,,,,,,,,,,,,type strain of Clostridium thermocellum,,,,,,,,,,,,,,type strain of Clostridium thermocellum,,,,,,,,,,,,,,,,,,,,,,,,,
SRX298054,ATCC 27405,,,,,,,,,,,,,Acetivibrio thermocellus ATCC 27405,,,,,,,,,,,,419140,"No depletion, stranded, Illumina adapter 8",RNA-Seq,TRANSCRIPTOMIC,unspecified,PAIRED,ILLUMINA,Illumina HiSeq 2000,SRP061500,Hungateiclostridium thermocellum ATCC 27405 Transcriptome or Gene expression,RNA pilot - testing RiboZero kit for rRNA removal.,SRS438221,Acetivibrio thermocellus ATCC 27405,,ATCC 27405,,SRR891336,29734690,5946938000,2192641,SAMN02192641,,Generic sample from Clostridium thermocellum ATCC 27405,,ATCC 27405,,1/6,YES,,,,,,,,,,,,,,,,,type strain of Clostridium thermocellum,,,,,,,,,,,,,,type strain of Clostridium thermocellum,,,,,,,,,,,,,,,,,,,,,,,,,
SRX298055,ATCC 27405,,,,,,,,,,,,,Acetivibrio thermocellus ATCC 27405,,,,,,,,,,,,419141,"Ribo-Zero, stranded, Illumina adapter 5",RNA-Seq,TRANSCRIPTOMIC,unspecified,PAIRED,ILLUMINA,Illumina HiSeq 2000,SRP061500,Hungateiclostridium thermocellum ATCC 27405 Transcriptome or Gene expression,RNA pilot - testing RiboZero kit for rRNA removal.,SRS438221,Acetivibrio thermocellus ATCC 27405,,ATCC 27405,,SRR891337,1689086,337817200,2192641,SAMN02192641,,Generic sample from Clostridium thermocellum ATCC 27405,,ATCC 27405,,1/6,YES,,,,,,,,,,,,,,,,,type strain of Clostridium thermocellum,,,,,,,,,,,,,,type strain of Clostridium thermocellum,,,,,,,,,,,,,,,,,,,,,,,,,
SRX298056,ATCC 27405,,,,,,,,,,,,,Acetivibrio thermocellus ATCC 27405,,,,,,,,,,,,419142,"No depletion, stranded, Illumina adapter 9",RNA-Seq,TRANSCRIPTOMIC,unspecified,PAIRED,ILLUMINA,Illumina HiSeq 2000,SRP061500,Hungateiclostridium thermocellum ATCC 27405 Transcriptome or Gene expression,RNA pilot - testing RiboZero kit for rRNA removal.,SRS438221,Acetivibrio thermocellus ATCC 27405,,ATCC 27405,,SRR891338,81762184,16352436800,2192641,SAMN02192641,,Generic sample from Clostridium thermocellum ATCC 27405,,ATCC 27405,,1/6,YES,,,,,,,,,,,,,,,,,type strain of Clostridium thermocellum,,,,,,,,,,,,,,type strain of Clostridium thermocellum,,,,,,,,,,,,,,,,,,,,,,,,,
SRX298057,ATCC 27405,,,,,,,,,,,,,Acetivibrio thermocellus ATCC 27405,,,,,,,,,,,,419143,"Ribo-Zero, stranded, Illumina adapter 7",RNA-Seq,TRANSCRIPTOMIC,unspecified,PAIRED,ILLUMINA,Illumina HiSeq 2000,SRP061500,Hungateiclostridium thermocellum ATCC 27405 Transcriptome or Gene expression,RNA pilot - testing RiboZero kit for rRNA removal.,SRS438221,Acetivibrio thermocellus ATCC 27405,,ATCC 27405,,SRR891339,759999,151999800,2192641,SAMN02192641,,Generic sample from Clostridium thermocellum ATCC 27405,,ATCC 27405,,1/6,YES,,,,,,,,,,,,,,,,,type strain of Clostridium thermocellum,,,,,,,,,,,,,,type strain of Clostridium thermocellum,,,,,,,,,,,,,,,,,,,,,,,,,
SRX298058,ATCC 27405,,,,,,,,,,,,,Acetivibrio thermocellus ATCC 27405,,,,,,,,,,,,419144,"No depletion, stranded, Illumina adapter 11",RNA-Seq,TRANSCRIPTOMIC,unspecified,PAIRED,ILLUMINA,Illumina HiSeq 2000,SRP061500,Hungateiclostridium thermocellum ATCC 27405 Transcriptome or Gene expression,RNA pilot - testing RiboZero kit for rRNA removal.,SRS438221,Acetivibrio thermocellus ATCC 27405,,ATCC 27405,,SRR891340,78357087,15671417400,2192641,SAMN02192641,,Generic sample from Clostridium thermocellum ATCC 27405,,ATCC 27405,,1/6,YES,,,,,,,,,,,,,,,,,type strain of Clostridium thermocellum,,,,,,,,,,,,,,type strain of Clostridium thermocellum,,,,,,,,,,,,,,,,,,,,,,,,,
SRX3042243,LL1210,,[regex] and,,,,,,,,,,12pm,Acetivibrio thermocellus,Ruminiclostridium thermocellum ?hpt ?hydG ?ldh ?pfl ?pta-ack,,,,,,,,,,,4320833,Transcriptomic analysis of Clostridium thermocellum strain LL1210 growing in chemostat       culture at different pH values,RNA-Seq,TRANSCRIPTOMIC,RANDOM PCR,SINGLE,ILLUMINA,Illumina HiSeq 2500,SRP113683,Transcriptomic analysis of Clostridium thermocellum strain LL1210 growing in chemostat culture at different pH values,Clostridium thermocellum is a candidate for cellulosic ethanol production. Understanding how this bacterium responds to growth at different pH values and regulates its gene expression is of importance for developing a better fundamental understanding of this industrial relevant bacterium and for applied outcomes. C. thermocellum strain LL1210 (?hpt ?hydG ?ldh ?pfl ?pta-ack described in Tian et al. Biotechnology for Biofuels 2016. 9:116) was grown at 55 Â°C in duplicate 750 ml chemostat cultures in MTC medium containing 3 g/L cellobiose as the carbon source and fed at a dilution rate of 0.1 h-1,SRS2390086,Acetivibrio thermocellus,,LL1210,,SRR5875226,16206812,4674505744,7417526,SAMN07417526,Acetivibrio thermocellus,Microbe sample from Acetivibrio thermocellus,,LL1210,,2/6,YES,,,Ruminiclostridium thermocellum ?hpt ?hydG ?ldh ?pfl ?pta-ack,Ruminiclostridium thermocellum ?hpt ?hydG ?ldh ?pfl ?pta-ack,"USA: ORNL, chemostat",,,,,,,,2016-04-25,,,,,"Microbe, viral or environmental","USA: ORNL, chemostat",,,,,,,,2016-04-25,,,,,"Cells pelleted from a 45 mL sample drawn from each chemostat were         resuspended in 3 mL of TRIzol (Invitrogen, CA). A 1 ml aliquot of the TRIzol cell suspension         was used for cell lysis by bead beating with 0.8 g of 0.1mm glass beads (Biospec Products)         with 3 X 20 s bead beating treatments at 6,500?rpm in a Precellys 24 high-throughput tissue         homogenizer (Bertin Technologies, Montigny-le-Bretonneux, France). The RNA from each cell         lysate was purified and DNaseI treated using the Qiagen RNeasy kit. The RNA quantity and         quality assessed by Nanodrop and Bioanalyzer respectively. Purified RNA was depleted of rRNA         using the Ribo-Zero rRNA Removal kit for Gram Positive Bacteria (Epicentre/Illumina). The         sample was then concentrated with RNA Clean & Concentrate-5 (Zymo Research, CA)         following the manufacturer?s protocol. Depleted RNA was used as the starting material for         the Epicentre ScriptSeq? mRNA-Seq Library preparation kit (Illumina compatible) utilizing         the Epicentre Fail Safe PCR Enzyme mix (Epicentre, WI) and following the manufacturer?s         protocol. cDNA, tagged with ScriptSeq adaptors, was eluted with 20 ll of Buffer EB provided         in the Min-Elute PCR purification kit (Qiagen) according to the ScriptSeq? mRNA-Seq Library         preparation kit protocol. Twelve PCR cycles were used during library amplification and         samples were purified using the Min-Elute PCR purification kit and eluted with 20 ll of         buffer EB. The final mRNA Seq library was quantified with a Qubit Fluorometer (Invitrogen,         CA) and library quality was assessed with an Agilent Bioanalyzer High Sensitivity Chip for         DNA (Agilent, CA). Libraries were pooled and sequenced on an Illumina HiSeq 2500 platform with version 2 chemistry in a 2x151 bp configuration (JGI, Walnut Creek, CA; Project ID 503106).",,,,,,,,,not applicable,cell culture,6.23,12pm,1,not applicable,cell culture,6.23,12pm,1,,,,,,
SRX3042244,LL1210,,[regex] and,,,,,,,,,,12pm,Acetivibrio thermocellus,Ruminiclostridium thermocellum ?hpt ?hydG ?ldh ?pfl ?pta-ack,,,,,,,,,,,4320834,Transcriptomic analysis of Clostridium thermocellum strain LL1210 growing in chemostat       culture at different pH values,RNA-Seq,TRANSCRIPTOMIC,RANDOM PCR,SINGLE,ILLUMINA,Illumina HiSeq 2500,SRP113683,Transcriptomic analysis of Clostridium thermocellum strain LL1210 growing in chemostat culture at different pH values,Clostridium thermocellum is a candidate for cellulosic ethanol production. Understanding how this bacterium responds to growth at different pH values and regulates its gene expression is of importance for developing a better fundamental understanding of this industrial relevant bacterium and for applied outcomes. C. thermocellum strain LL1210 (?hpt ?hydG ?ldh ?pfl ?pta-ack described in Tian et al. Biotechnology for Biofuels 2016. 9:116) was grown at 55 Â°C in duplicate 750 ml chemostat cultures in MTC medium containing 3 g/L cellobiose as the carbon source and fed at a dilution rate of 0.1 h-1,SRS2390085,Acetivibrio thermocellus,,LL1210,,SRR5875225,16614489,4807052651,7417525,SAMN07417525,Acetivibrio thermocellus,Microbe sample from Acetivibrio thermocellus,,LL1210,,2/6,YES,,,Ruminiclostridium thermocellum ?hpt ?hydG ?ldh ?pfl ?pta-ack,Ruminiclostridium thermocellum ?hpt ?hydG ?ldh ?pfl ?pta-ack,"USA: ORNL, chemostat",,,,,,,,2016-04-25,,,,,"Microbe, viral or environmental","USA: ORNL, chemostat",,,,,,,,2016-04-25,,,,,"Cells pelleted from a 45 mL sample drawn from each chemostat were         resuspended in 3 mL of TRIzol (Invitrogen, CA). A 1 ml aliquot of the TRIzol cell suspension         was used for cell lysis by bead beating with 0.8 g of 0.1mm glass beads (Biospec Products)         with 3 X 20 s bead beating treatments at 6,500?rpm in a Precellys 24 high-throughput tissue         homogenizer (Bertin Technologies, Montigny-le-Bretonneux, France). The RNA from each cell         lysate was purified and DNaseI treated using the Qiagen RNeasy kit. The RNA quantity and         quality assessed by Nanodrop and Bioanalyzer respectively. Purified RNA was depleted of rRNA         using the Ribo-Zero rRNA Removal kit for Gram Positive Bacteria (Epicentre/Illumina). The         sample was then concentrated with RNA Clean & Concentrate-5 (Zymo Research, CA)         following the manufacturer?s protocol. Depleted RNA was used as the starting material for         the Epicentre ScriptSeq? mRNA-Seq Library preparation kit (Illumina compatible) utilizing         the Epicentre Fail Safe PCR Enzyme mix (Epicentre, WI) and following the manufacturer?s         protocol. cDNA, tagged with ScriptSeq adaptors, was eluted with 20 ll of Buffer EB provided         in the Min-Elute PCR purification kit (Qiagen) according to the ScriptSeq? mRNA-Seq Library         preparation kit protocol. Twelve PCR cycles were used during library amplification and         samples were purified using the Min-Elute PCR purification kit and eluted with 20 ll of         buffer EB. The final mRNA Seq library was quantified with a Qubit Fluorometer (Invitrogen,         CA) and library quality was assessed with an Agilent Bioanalyzer High Sensitivity Chip for         DNA (Agilent, CA). Libraries were pooled and sequenced on an Illumina HiSeq 2500 platform with version 2 chemistry in a 2x151 bp configuration (JGI, Walnut Creek, CA; Project ID 503106).",,,,,,,,,not applicable,cell culture,6.23,12pm,2,not applicable,cell culture,6.23,12pm,2,,,,,,
SRX3042245,LL1210,,[regex] and,,,,,,,,,,9am,Acetivibrio thermocellus,Ruminiclostridium thermocellum ?hpt ?hydG ?ldh ?pfl ?pta-ack,,,,,,,,,,,4320835,Transcriptomic analysis of Clostridium thermocellum strain LL1210 growing in chemostat       culture at different pH values,RNA-Seq,TRANSCRIPTOMIC,RANDOM PCR,SINGLE,ILLUMINA,Illumina HiSeq 2500,SRP113683,Transcriptomic analysis of Clostridium thermocellum strain LL1210 growing in chemostat culture at different pH values,Clostridium thermocellum is a candidate for cellulosic ethanol production. Understanding how this bacterium responds to growth at different pH values and regulates its gene expression is of importance for developing a better fundamental understanding of this industrial relevant bacterium and for applied outcomes. C. thermocellum strain LL1210 (?hpt ?hydG ?ldh ?pfl ?pta-ack described in Tian et al. Biotechnology for Biofuels 2016. 9:116) was grown at 55 Â°C in duplicate 750 ml chemostat cultures in MTC medium containing 3 g/L cellobiose as the carbon source and fed at a dilution rate of 0.1 h-1,SRS2390087,Acetivibrio thermocellus,,LL1210,,SRR5875224,16748436,4869798919,7417518,SAMN07417518,Acetivibrio thermocellus,Microbe sample from Acetivibrio thermocellus,,LL1210,,2/6,YES,,,Ruminiclostridium thermocellum ?hpt ?hydG ?ldh ?pfl ?pta-ack,Ruminiclostridium thermocellum ?hpt ?hydG ?ldh ?pfl ?pta-ack,"USA: ORNL, chemostat",,,,,,,,2016-04-13,,,,,"Microbe, viral or environmental","USA: ORNL, chemostat",,,,,,,,2016-04-13,,,,,"Cells pelleted from a 45 mL sample drawn from each chemostat were         resuspended in 3 mL of TRIzol (Invitrogen, CA). A 1 ml aliquot of the TRIzol cell suspension         was used for cell lysis by bead beating with 0.8 g of 0.1mm glass beads (Biospec Products)         with 3 X 20 s bead beating treatments at 6,500?rpm in a Precellys 24 high-throughput tissue         homogenizer (Bertin Technologies, Montigny-le-Bretonneux, France). The RNA from each cell         lysate was purified and DNaseI treated using the Qiagen RNeasy kit. The RNA quantity and         quality assessed by Nanodrop and Bioanalyzer respectively. Purified RNA was depleted of rRNA         using the Ribo-Zero rRNA Removal kit for Gram Positive Bacteria (Epicentre/Illumina). The         sample was then concentrated with RNA Clean & Concentrate-5 (Zymo Research, CA)         following the manufacturer?s protocol. Depleted RNA was used as the starting material for         the Epicentre ScriptSeq? mRNA-Seq Library preparation kit (Illumina compatible) utilizing         the Epicentre Fail Safe PCR Enzyme mix (Epicentre, WI) and following the manufacturer?s         protocol. cDNA, tagged with ScriptSeq adaptors, was eluted with 20 ll of Buffer EB provided         in the Min-Elute PCR purification kit (Qiagen) according to the ScriptSeq? mRNA-Seq Library         preparation kit protocol. Twelve PCR cycles were used during library amplification and         samples were purified using the Min-Elute PCR purification kit and eluted with 20 ll of         buffer EB. The final mRNA Seq library was quantified with a Qubit Fluorometer (Invitrogen,         CA) and library quality was assessed with an Agilent Bioanalyzer High Sensitivity Chip for         DNA (Agilent, CA). Libraries were pooled and sequenced on an Illumina HiSeq 2500 platform with version 2 chemistry in a 2x151 bp configuration (JGI, Walnut Creek, CA; Project ID 503106).",,,,,,,,,not applicable,cell culture,6.98,9am,1,not applicable,cell culture,6.98,9am,1,,,,,,
SRX3042246,LL1210,,[regex] and,,,,,,,,,,9am,Acetivibrio thermocellus,Ruminiclostridium thermocellum ?hpt ?hydG ?ldh ?pfl ?pta-ack,,,,,,,,,,,4320836,Transcriptomic analysis of Clostridium thermocellum strain LL1210 growing in chemostat       culture at different pH values,RNA-Seq,TRANSCRIPTOMIC,RANDOM PCR,SINGLE,ILLUMINA,Illumina HiSeq 2500,SRP113683,Transcriptomic analysis of Clostridium thermocellum strain LL1210 growing in chemostat culture at different pH values,Clostridium thermocellum is a candidate for cellulosic ethanol production. Understanding how this bacterium responds to growth at different pH values and regulates its gene expression is of importance for developing a better fundamental understanding of this industrial relevant bacterium and for applied outcomes. C. thermocellum strain LL1210 (?hpt ?hydG ?ldh ?pfl ?pta-ack described in Tian et al. Biotechnology for Biofuels 2016. 9:116) was grown at 55 Â°C in duplicate 750 ml chemostat cultures in MTC medium containing 3 g/L cellobiose as the carbon source and fed at a dilution rate of 0.1 h-1,SRS2390088,Acetivibrio thermocellus,,LL1210,,SRR5875223,17404261,4952878185,7417517,SAMN07417517,Acetivibrio thermocellus,Microbe sample from Acetivibrio thermocellus,,LL1210,,2/6,YES,,,Ruminiclostridium thermocellum ?hpt ?hydG ?ldh ?pfl ?pta-ack,Ruminiclostridium thermocellum ?hpt ?hydG ?ldh ?pfl ?pta-ack,"USA: ORNL, chemostat",,,,,,,,2016-04-13,,,,,"Microbe, viral or environmental","USA: ORNL, chemostat",,,,,,,,2016-04-13,,,,,"Cells pelleted from a 45 mL sample drawn from each chemostat were         resuspended in 3 mL of TRIzol (Invitrogen, CA). A 1 ml aliquot of the TRIzol cell suspension         was used for cell lysis by bead beating with 0.8 g of 0.1mm glass beads (Biospec Products)         with 3 X 20 s bead beating treatments at 6,500?rpm in a Precellys 24 high-throughput tissue         homogenizer (Bertin Technologies, Montigny-le-Bretonneux, France). The RNA from each cell         lysate was purified and DNaseI treated using the Qiagen RNeasy kit. The RNA quantity and         quality assessed by Nanodrop and Bioanalyzer respectively. Purified RNA was depleted of rRNA         using the Ribo-Zero rRNA Removal kit for Gram Positive Bacteria (Epicentre/Illumina). The         sample was then concentrated with RNA Clean & Concentrate-5 (Zymo Research, CA)         following the manufacturer?s protocol. Depleted RNA was used as the starting material for         the Epicentre ScriptSeq? mRNA-Seq Library preparation kit (Illumina compatible) utilizing         the Epicentre Fail Safe PCR Enzyme mix (Epicentre, WI) and following the manufacturer?s         protocol. cDNA, tagged with ScriptSeq adaptors, was eluted with 20 ll of Buffer EB provided         in the Min-Elute PCR purification kit (Qiagen) according to the ScriptSeq? mRNA-Seq Library         preparation kit protocol. Twelve PCR cycles were used during library amplification and         samples were purified using the Min-Elute PCR purification kit and eluted with 20 ll of         buffer EB. The final mRNA Seq library was quantified with a Qubit Fluorometer (Invitrogen,         CA) and library quality was assessed with an Agilent Bioanalyzer High Sensitivity Chip for         DNA (Agilent, CA). Libraries were pooled and sequenced on an Illumina HiSeq 2500 platform with version 2 chemistry in a 2x151 bp configuration (JGI, Walnut Creek, CA; Project ID 503106).",,,,,,,,,not applicable,cell culture,6.98,9am,2,not applicable,cell culture,6.98,9am,2,,,,,,
SRX3042247,LL1210,,[regex] and,,,,,,,,,,3pm,Acetivibrio thermocellus,Ruminiclostridium thermocellum ?hpt ?hydG ?ldh ?pfl ?pta-ack,,,,,,,,,,,4320837,Transcriptomic analysis of Clostridium thermocellum strain LL1210 growing in chemostat       culture at different pH values,RNA-Seq,TRANSCRIPTOMIC,RANDOM PCR,SINGLE,ILLUMINA,Illumina HiSeq 2500,SRP113683,Transcriptomic analysis of Clostridium thermocellum strain LL1210 growing in chemostat culture at different pH values,Clostridium thermocellum is a candidate for cellulosic ethanol production. Understanding how this bacterium responds to growth at different pH values and regulates its gene expression is of importance for developing a better fundamental understanding of this industrial relevant bacterium and for applied outcomes. C. thermocellum strain LL1210 (?hpt ?hydG ?ldh ?pfl ?pta-ack described in Tian et al. Biotechnology for Biofuels 2016. 9:116) was grown at 55 Â°C in duplicate 750 ml chemostat cultures in MTC medium containing 3 g/L cellobiose as the carbon source and fed at a dilution rate of 0.1 h-1,SRS2390089,Acetivibrio thermocellus,,LL1210,,SRR5875222,15857863,4559562588,7417520,SAMN07417520,Acetivibrio thermocellus,Microbe sample from Acetivibrio thermocellus,,LL1210,,2/6,YES,,,Ruminiclostridium thermocellum ?hpt ?hydG ?ldh ?pfl ?pta-ack,Ruminiclostridium thermocellum ?hpt ?hydG ?ldh ?pfl ?pta-ack,"USA: ORNL, chemostat",,,,,,,,2016-04-13,,,,,"Microbe, viral or environmental","USA: ORNL, chemostat",,,,,,,,2016-04-13,,,,,"Cells pelleted from a 45 mL sample drawn from each chemostat were         resuspended in 3 mL of TRIzol (Invitrogen, CA). A 1 ml aliquot of the TRIzol cell suspension         was used for cell lysis by bead beating with 0.8 g of 0.1mm glass beads (Biospec Products)         with 3 X 20 s bead beating treatments at 6,500?rpm in a Precellys 24 high-throughput tissue         homogenizer (Bertin Technologies, Montigny-le-Bretonneux, France). The RNA from each cell         lysate was purified and DNaseI treated using the Qiagen RNeasy kit. The RNA quantity and         quality assessed by Nanodrop and Bioanalyzer respectively. Purified RNA was depleted of rRNA         using the Ribo-Zero rRNA Removal kit for Gram Positive Bacteria (Epicentre/Illumina). The         sample was then concentrated with RNA Clean & Concentrate-5 (Zymo Research, CA)         following the manufacturer?s protocol. Depleted RNA was used as the starting material for         the Epicentre ScriptSeq? mRNA-Seq Library preparation kit (Illumina compatible) utilizing         the Epicentre Fail Safe PCR Enzyme mix (Epicentre, WI) and following the manufacturer?s         protocol. cDNA, tagged with ScriptSeq adaptors, was eluted with 20 ll of Buffer EB provided         in the Min-Elute PCR purification kit (Qiagen) according to the ScriptSeq? mRNA-Seq Library         preparation kit protocol. Twelve PCR cycles were used during library amplification and         samples were purified using the Min-Elute PCR purification kit and eluted with 20 ll of         buffer EB. The final mRNA Seq library was quantified with a Qubit Fluorometer (Invitrogen,         CA) and library quality was assessed with an Agilent Bioanalyzer High Sensitivity Chip for         DNA (Agilent, CA). Libraries were pooled and sequenced on an Illumina HiSeq 2500 platform with version 2 chemistry in a 2x151 bp configuration (JGI, Walnut Creek, CA; Project ID 503106).",,,,,,,,,not applicable,cell culture,6.98,3pm,1,not applicable,cell culture,6.98,3pm,1,,,,,,
SRX3042248,LL1210,,[regex] and,,,,,,,,,,3pm,Acetivibrio thermocellus,Ruminiclostridium thermocellum ?hpt ?hydG ?ldh ?pfl ?pta-ack,,,,,,,,,,,4320838,Transcriptomic analysis of Clostridium thermocellum strain LL1210 growing in chemostat       culture at different pH values,RNA-Seq,TRANSCRIPTOMIC,RANDOM PCR,SINGLE,ILLUMINA,Illumina HiSeq 2500,SRP113683,Transcriptomic analysis of Clostridium thermocellum strain LL1210 growing in chemostat culture at different pH values,Clostridium thermocellum is a candidate for cellulosic ethanol production. Understanding how this bacterium responds to growth at different pH values and regulates its gene expression is of importance for developing a better fundamental understanding of this industrial relevant bacterium and for applied outcomes. C. thermocellum strain LL1210 (?hpt ?hydG ?ldh ?pfl ?pta-ack described in Tian et al. Biotechnology for Biofuels 2016. 9:116) was grown at 55 Â°C in duplicate 750 ml chemostat cultures in MTC medium containing 3 g/L cellobiose as the carbon source and fed at a dilution rate of 0.1 h-1,SRS2390090,Acetivibrio thermocellus,,LL1210,,SRR5875221,17720094,5057148000,7417519,SAMN07417519,Acetivibrio thermocellus,Microbe sample from Acetivibrio thermocellus,,LL1210,,2/6,YES,,,Ruminiclostridium thermocellum ?hpt ?hydG ?ldh ?pfl ?pta-ack,Ruminiclostridium thermocellum ?hpt ?hydG ?ldh ?pfl ?pta-ack,"USA: ORNL, chemostat",,,,,,,,2016-04-13,,,,,"Microbe, viral or environmental","USA: ORNL, chemostat",,,,,,,,2016-04-13,,,,,"Cells pelleted from a 45 mL sample drawn from each chemostat were         resuspended in 3 mL of TRIzol (Invitrogen, CA). A 1 ml aliquot of the TRIzol cell suspension         was used for cell lysis by bead beating with 0.8 g of 0.1mm glass beads (Biospec Products)         with 3 X 20 s bead beating treatments at 6,500?rpm in a Precellys 24 high-throughput tissue         homogenizer (Bertin Technologies, Montigny-le-Bretonneux, France). The RNA from each cell         lysate was purified and DNaseI treated using the Qiagen RNeasy kit. The RNA quantity and         quality assessed by Nanodrop and Bioanalyzer respectively. Purified RNA was depleted of rRNA         using the Ribo-Zero rRNA Removal kit for Gram Positive Bacteria (Epicentre/Illumina). The         sample was then concentrated with RNA Clean & Concentrate-5 (Zymo Research, CA)         following the manufacturer?s protocol. Depleted RNA was used as the starting material for         the Epicentre ScriptSeq? mRNA-Seq Library preparation kit (Illumina compatible) utilizing         the Epicentre Fail Safe PCR Enzyme mix (Epicentre, WI) and following the manufacturer?s         protocol. cDNA, tagged with ScriptSeq adaptors, was eluted with 20 ll of Buffer EB provided         in the Min-Elute PCR purification kit (Qiagen) according to the ScriptSeq? mRNA-Seq Library         preparation kit protocol. Twelve PCR cycles were used during library amplification and         samples were purified using the Min-Elute PCR purification kit and eluted with 20 ll of         buffer EB. The final mRNA Seq library was quantified with a Qubit Fluorometer (Invitrogen,         CA) and library quality was assessed with an Agilent Bioanalyzer High Sensitivity Chip for         DNA (Agilent, CA). Libraries were pooled and sequenced on an Illumina HiSeq 2500 platform with version 2 chemistry in a 2x151 bp configuration (JGI, Walnut Creek, CA; Project ID 503106).",,,,,,,,,not applicable,cell culture,6.98,3pm,2,not applicable,cell culture,6.98,3pm,2,,,,,,
SRX3042249,LL1210,,[regex] and,,,,,,,,,,6pm,Acetivibrio thermocellus,Ruminiclostridium thermocellum ?hpt ?hydG ?ldh ?pfl ?pta-ack,,,,,,,,,,,4320839,Transcriptomic analysis of Clostridium thermocellum strain LL1210 growing in chemostat       culture at different pH values,RNA-Seq,TRANSCRIPTOMIC,RANDOM PCR,SINGLE,ILLUMINA,Illumina HiSeq 2500,SRP113683,Transcriptomic analysis of Clostridium thermocellum strain LL1210 growing in chemostat culture at different pH values,Clostridium thermocellum is a candidate for cellulosic ethanol production. Understanding how this bacterium responds to growth at different pH values and regulates its gene expression is of importance for developing a better fundamental understanding of this industrial relevant bacterium and for applied outcomes. C. thermocellum strain LL1210 (?hpt ?hydG ?ldh ?pfl ?pta-ack described in Tian et al. Biotechnology for Biofuels 2016. 9:116) was grown at 55 Â°C in duplicate 750 ml chemostat cultures in MTC medium containing 3 g/L cellobiose as the carbon source and fed at a dilution rate of 0.1 h-1,SRS2390091,Acetivibrio thermocellus,,LL1210,,SRR5875220,15057774,4308129868,7417522,SAMN07417522,Acetivibrio thermocellus,Microbe sample from Acetivibrio thermocellus,,LL1210,,2/6,YES,,,Ruminiclostridium thermocellum ?hpt ?hydG ?ldh ?pfl ?pta-ack,Ruminiclostridium thermocellum ?hpt ?hydG ?ldh ?pfl ?pta-ack,"USA: ORNL, chemostat",,,,,,,,2016-04-15,,,,,"Microbe, viral or environmental","USA: ORNL, chemostat",,,,,,,,2016-04-15,,,,,"Cells pelleted from a 45 mL sample drawn from each chemostat were         resuspended in 3 mL of TRIzol (Invitrogen, CA). A 1 ml aliquot of the TRIzol cell suspension         was used for cell lysis by bead beating with 0.8 g of 0.1mm glass beads (Biospec Products)         with 3 X 20 s bead beating treatments at 6,500?rpm in a Precellys 24 high-throughput tissue         homogenizer (Bertin Technologies, Montigny-le-Bretonneux, France). The RNA from each cell         lysate was purified and DNaseI treated using the Qiagen RNeasy kit. The RNA quantity and         quality assessed by Nanodrop and Bioanalyzer respectively. Purified RNA was depleted of rRNA         using the Ribo-Zero rRNA Removal kit for Gram Positive Bacteria (Epicentre/Illumina). The         sample was then concentrated with RNA Clean & Concentrate-5 (Zymo Research, CA)         following the manufacturer?s protocol. Depleted RNA was used as the starting material for         the Epicentre ScriptSeq? mRNA-Seq Library preparation kit (Illumina compatible) utilizing         the Epicentre Fail Safe PCR Enzyme mix (Epicentre, WI) and following the manufacturer?s         protocol. cDNA, tagged with ScriptSeq adaptors, was eluted with 20 ll of Buffer EB provided         in the Min-Elute PCR purification kit (Qiagen) according to the ScriptSeq? mRNA-Seq Library         preparation kit protocol. Twelve PCR cycles were used during library amplification and         samples were purified using the Min-Elute PCR purification kit and eluted with 20 ll of         buffer EB. The final mRNA Seq library was quantified with a Qubit Fluorometer (Invitrogen,         CA) and library quality was assessed with an Agilent Bioanalyzer High Sensitivity Chip for         DNA (Agilent, CA). Libraries were pooled and sequenced on an Illumina HiSeq 2500 platform with version 2 chemistry in a 2x151 bp configuration (JGI, Walnut Creek, CA; Project ID 503106).",,,,,,,,,not applicable,cell culture,6.48,6pm,1,not applicable,cell culture,6.48,6pm,1,,,,,,
SRX3042250,LL1210,,[regex] and,,,,,,,,,,6pm,Acetivibrio thermocellus,Ruminiclostridium thermocellum ?hpt ?hydG ?ldh ?pfl ?pta-ack,,,,,,,,,,,4320840,Transcriptomic analysis of Clostridium thermocellum strain LL1210 growing in chemostat       culture at different pH values,RNA-Seq,TRANSCRIPTOMIC,RANDOM PCR,SINGLE,ILLUMINA,Illumina HiSeq 2500,SRP113683,Transcriptomic analysis of Clostridium thermocellum strain LL1210 growing in chemostat culture at different pH values,Clostridium thermocellum is a candidate for cellulosic ethanol production. Understanding how this bacterium responds to growth at different pH values and regulates its gene expression is of importance for developing a better fundamental understanding of this industrial relevant bacterium and for applied outcomes. C. thermocellum strain LL1210 (?hpt ?hydG ?ldh ?pfl ?pta-ack described in Tian et al. Biotechnology for Biofuels 2016. 9:116) was grown at 55 Â°C in duplicate 750 ml chemostat cultures in MTC medium containing 3 g/L cellobiose as the carbon source and fed at a dilution rate of 0.1 h-1,SRS2390092,Acetivibrio thermocellus,,LL1210,,SRR5875219,16290549,4645176061,7417521,SAMN07417521,Acetivibrio thermocellus,Microbe sample from Acetivibrio thermocellus,,LL1210,,2/6,YES,,,Ruminiclostridium thermocellum ?hpt ?hydG ?ldh ?pfl ?pta-ack,Ruminiclostridium thermocellum ?hpt ?hydG ?ldh ?pfl ?pta-ack,"USA: ORNL, chemostat",,,,,,,,2016-04-15,,,,,"Microbe, viral or environmental","USA: ORNL, chemostat",,,,,,,,2016-04-15,,,,,"Cells pelleted from a 45 mL sample drawn from each chemostat were         resuspended in 3 mL of TRIzol (Invitrogen, CA). A 1 ml aliquot of the TRIzol cell suspension         was used for cell lysis by bead beating with 0.8 g of 0.1mm glass beads (Biospec Products)         with 3 X 20 s bead beating treatments at 6,500?rpm in a Precellys 24 high-throughput tissue         homogenizer (Bertin Technologies, Montigny-le-Bretonneux, France). The RNA from each cell         lysate was purified and DNaseI treated using the Qiagen RNeasy kit. The RNA quantity and         quality assessed by Nanodrop and Bioanalyzer respectively. Purified RNA was depleted of rRNA         using the Ribo-Zero rRNA Removal kit for Gram Positive Bacteria (Epicentre/Illumina). The         sample was then concentrated with RNA Clean & Concentrate-5 (Zymo Research, CA)         following the manufacturer?s protocol. Depleted RNA was used as the starting material for         the Epicentre ScriptSeq? mRNA-Seq Library preparation kit (Illumina compatible) utilizing         the Epicentre Fail Safe PCR Enzyme mix (Epicentre, WI) and following the manufacturer?s         protocol. cDNA, tagged with ScriptSeq adaptors, was eluted with 20 ll of Buffer EB provided         in the Min-Elute PCR purification kit (Qiagen) according to the ScriptSeq? mRNA-Seq Library         preparation kit protocol. Twelve PCR cycles were used during library amplification and         samples were purified using the Min-Elute PCR purification kit and eluted with 20 ll of         buffer EB. The final mRNA Seq library was quantified with a Qubit Fluorometer (Invitrogen,         CA) and library quality was assessed with an Agilent Bioanalyzer High Sensitivity Chip for         DNA (Agilent, CA). Libraries were pooled and sequenced on an Illumina HiSeq 2500 platform with version 2 chemistry in a 2x151 bp configuration (JGI, Walnut Creek, CA; Project ID 503106).",,,,,,,,,not applicable,cell culture,6.48,6pm,2,not applicable,cell culture,6.48,6pm,2,,,,,,
SRX3042251,LL1210,,[regex] and,,,,,,,,,,3:50pm,Acetivibrio thermocellus,Ruminiclostridium thermocellum ?hpt ?hydG ?ldh ?pfl ?pta-ack,,,,,,,,,,,4320841,Transcriptomic analysis of Clostridium thermocellum strain LL1210 growing in chemostat       culture at different pH values,RNA-Seq,TRANSCRIPTOMIC,RANDOM PCR,SINGLE,ILLUMINA,Illumina HiSeq 2500,SRP113683,Transcriptomic analysis of Clostridium thermocellum strain LL1210 growing in chemostat culture at different pH values,Clostridium thermocellum is a candidate for cellulosic ethanol production. Understanding how this bacterium responds to growth at different pH values and regulates its gene expression is of importance for developing a better fundamental understanding of this industrial relevant bacterium and for applied outcomes. C. thermocellum strain LL1210 (?hpt ?hydG ?ldh ?pfl ?pta-ack described in Tian et al. Biotechnology for Biofuels 2016. 9:116) was grown at 55 Â°C in duplicate 750 ml chemostat cultures in MTC medium containing 3 g/L cellobiose as the carbon source and fed at a dilution rate of 0.1 h-1,SRS2390093,Acetivibrio thermocellus,,LL1210,,SRR5875218,15112689,4317790764,7417524,SAMN07417524,Acetivibrio thermocellus,Microbe sample from Acetivibrio thermocellus,,LL1210,,2/6,YES,,,Ruminiclostridium thermocellum ?hpt ?hydG ?ldh ?pfl ?pta-ack,Ruminiclostridium thermocellum ?hpt ?hydG ?ldh ?pfl ?pta-ack,"USA: ORNL, chemostat",,,,,,,,2016-04-18,,,,,"Microbe, viral or environmental","USA: ORNL, chemostat",,,,,,,,2016-04-18,,,,,"Cells pelleted from a 45 mL sample drawn from each chemostat were         resuspended in 3 mL of TRIzol (Invitrogen, CA). A 1 ml aliquot of the TRIzol cell suspension         was used for cell lysis by bead beating with 0.8 g of 0.1mm glass beads (Biospec Products)         with 3 X 20 s bead beating treatments at 6,500?rpm in a Precellys 24 high-throughput tissue         homogenizer (Bertin Technologies, Montigny-le-Bretonneux, France). The RNA from each cell         lysate was purified and DNaseI treated using the Qiagen RNeasy kit. The RNA quantity and         quality assessed by Nanodrop and Bioanalyzer respectively. Purified RNA was depleted of rRNA         using the Ribo-Zero rRNA Removal kit for Gram Positive Bacteria (Epicentre/Illumina). The         sample was then concentrated with RNA Clean & Concentrate-5 (Zymo Research, CA)         following the manufacturer?s protocol. Depleted RNA was used as the starting material for         the Epicentre ScriptSeq? mRNA-Seq Library preparation kit (Illumina compatible) utilizing         the Epicentre Fail Safe PCR Enzyme mix (Epicentre, WI) and following the manufacturer?s         protocol. cDNA, tagged with ScriptSeq adaptors, was eluted with 20 ll of Buffer EB provided         in the Min-Elute PCR purification kit (Qiagen) according to the ScriptSeq? mRNA-Seq Library         preparation kit protocol. Twelve PCR cycles were used during library amplification and         samples were purified using the Min-Elute PCR purification kit and eluted with 20 ll of         buffer EB. The final mRNA Seq library was quantified with a Qubit Fluorometer (Invitrogen,         CA) and library quality was assessed with an Agilent Bioanalyzer High Sensitivity Chip for         DNA (Agilent, CA). Libraries were pooled and sequenced on an Illumina HiSeq 2500 platform with version 2 chemistry in a 2x151 bp configuration (JGI, Walnut Creek, CA; Project ID 503106).",,,,,,,,,not applicable,cell culture,6.12,3:50pm,1,not applicable,cell culture,6.12,3:50pm,1,,,,,,
SRX3042252,LL1210,,[regex] and,,,,,,,,,,3:50pm,Acetivibrio thermocellus,Ruminiclostridium thermocellum ?hpt ?hydG ?ldh ?pfl ?pta-ack,,,,,,,,,,,4320842,Transcriptomic analysis of Clostridium thermocellum strain LL1210 growing in chemostat       culture at different pH values,RNA-Seq,TRANSCRIPTOMIC,RANDOM PCR,SINGLE,ILLUMINA,Illumina HiSeq 2500,SRP113683,Transcriptomic analysis of Clostridium thermocellum strain LL1210 growing in chemostat culture at different pH values,Clostridium thermocellum is a candidate for cellulosic ethanol production. Understanding how this bacterium responds to growth at different pH values and regulates its gene expression is of importance for developing a better fundamental understanding of this industrial relevant bacterium and for applied outcomes. C. thermocellum strain LL1210 (?hpt ?hydG ?ldh ?pfl ?pta-ack described in Tian et al. Biotechnology for Biofuels 2016. 9:116) was grown at 55 Â°C in duplicate 750 ml chemostat cultures in MTC medium containing 3 g/L cellobiose as the carbon source and fed at a dilution rate of 0.1 h-1,SRS2390094,Acetivibrio thermocellus,,LL1210,,SRR5875217,16516308,4689775468,7417523,SAMN07417523,Acetivibrio thermocellus,Microbe sample from Acetivibrio thermocellus,,LL1210,,2/6,YES,,,Ruminiclostridium thermocellum ?hpt ?hydG ?ldh ?pfl ?pta-ack,Ruminiclostridium thermocellum ?hpt ?hydG ?ldh ?pfl ?pta-ack,"USA: ORNL, chemostat",,,,,,,,2016-04-18,,,,,"Microbe, viral or environmental","USA: ORNL, chemostat",,,,,,,,2016-04-18,,,,,"Cells pelleted from a 45 mL sample drawn from each chemostat were         resuspended in 3 mL of TRIzol (Invitrogen, CA). A 1 ml aliquot of the TRIzol cell suspension         was used for cell lysis by bead beating with 0.8 g of 0.1mm glass beads (Biospec Products)         with 3 X 20 s bead beating treatments at 6,500?rpm in a Precellys 24 high-throughput tissue         homogenizer (Bertin Technologies, Montigny-le-Bretonneux, France). The RNA from each cell         lysate was purified and DNaseI treated using the Qiagen RNeasy kit. The RNA quantity and         quality assessed by Nanodrop and Bioanalyzer respectively. Purified RNA was depleted of rRNA         using the Ribo-Zero rRNA Removal kit for Gram Positive Bacteria (Epicentre/Illumina). The         sample was then concentrated with RNA Clean & Concentrate-5 (Zymo Research, CA)         following the manufacturer?s protocol. Depleted RNA was used as the starting material for         the Epicentre ScriptSeq? mRNA-Seq Library preparation kit (Illumina compatible) utilizing         the Epicentre Fail Safe PCR Enzyme mix (Epicentre, WI) and following the manufacturer?s         protocol. cDNA, tagged with ScriptSeq adaptors, was eluted with 20 ll of Buffer EB provided         in the Min-Elute PCR purification kit (Qiagen) according to the ScriptSeq? mRNA-Seq Library         preparation kit protocol. Twelve PCR cycles were used during library amplification and         samples were purified using the Min-Elute PCR purification kit and eluted with 20 ll of         buffer EB. The final mRNA Seq library was quantified with a Qubit Fluorometer (Invitrogen,         CA) and library quality was assessed with an Agilent Bioanalyzer High Sensitivity Chip for         DNA (Agilent, CA). Libraries were pooled and sequenced on an Illumina HiSeq 2500 platform with version 2 chemistry in a 2x151 bp configuration (JGI, Walnut Creek, CA; Project ID 503106).",,,,,,,,,not applicable,cell culture,6.12,3:50pm,2,not applicable,cell culture,6.12,3:50pm,2,,,,,,
SRX3042253,LL1210,,[regex] and,,,,,,,,,,9:30am,Acetivibrio thermocellus,Ruminiclostridium thermocellum ?hpt ?hydG ?ldh ?pfl ?pta-ack,,,,,,,,,,,4320843,Transcriptomic analysis of Clostridium thermocellum strain LL1210 growing in chemostat       culture at different pH values,RNA-Seq,TRANSCRIPTOMIC,RANDOM PCR,SINGLE,ILLUMINA,Illumina HiSeq 2500,SRP113683,Transcriptomic analysis of Clostridium thermocellum strain LL1210 growing in chemostat culture at different pH values,Clostridium thermocellum is a candidate for cellulosic ethanol production. Understanding how this bacterium responds to growth at different pH values and regulates its gene expression is of importance for developing a better fundamental understanding of this industrial relevant bacterium and for applied outcomes. C. thermocellum strain LL1210 (?hpt ?hydG ?ldh ?pfl ?pta-ack described in Tian et al. Biotechnology for Biofuels 2016. 9:116) was grown at 55 Â°C in duplicate 750 ml chemostat cultures in MTC medium containing 3 g/L cellobiose as the carbon source and fed at a dilution rate of 0.1 h-1,SRS2390095,Acetivibrio thermocellus,,LL1210,,SRR5875216,18980857,5570994175,7417528,SAMN07417528,Acetivibrio thermocellus,Microbe sample from Acetivibrio thermocellus,,LL1210,,2/6,YES,,,Ruminiclostridium thermocellum ?hpt ?hydG ?ldh ?pfl ?pta-ack,Ruminiclostridium thermocellum ?hpt ?hydG ?ldh ?pfl ?pta-ack,"USA: ORNL, chemostat",,,,,,,,2016-04-25,,,,,"Microbe, viral or environmental","USA: ORNL, chemostat",,,,,,,,2016-04-25,,,,,"Cells pelleted from a 45 mL sample drawn from each chemostat were         resuspended in 3 mL of TRIzol (Invitrogen, CA). A 1 ml aliquot of the TRIzol cell suspension         was used for cell lysis by bead beating with 0.8 g of 0.1mm glass beads (Biospec Products)         with 3 X 20 s bead beating treatments at 6,500?rpm in a Precellys 24 high-throughput tissue         homogenizer (Bertin Technologies, Montigny-le-Bretonneux, France). The RNA from each cell         lysate was purified and DNaseI treated using the Qiagen RNeasy kit. The RNA quantity and         quality assessed by Nanodrop and Bioanalyzer respectively. Purified RNA was depleted of rRNA         using the Ribo-Zero rRNA Removal kit for Gram Positive Bacteria (Epicentre/Illumina). The         sample was then concentrated with RNA Clean & Concentrate-5 (Zymo Research, CA)         following the manufacturer?s protocol. Depleted RNA was used as the starting material for         the Epicentre ScriptSeq? mRNA-Seq Library preparation kit (Illumina compatible) utilizing         the Epicentre Fail Safe PCR Enzyme mix (Epicentre, WI) and following the manufacturer?s         protocol. cDNA, tagged with ScriptSeq adaptors, was eluted with 20 ll of Buffer EB provided         in the Min-Elute PCR purification kit (Qiagen) according to the ScriptSeq? mRNA-Seq Library         preparation kit protocol. Twelve PCR cycles were used during library amplification and         samples were purified using the Min-Elute PCR purification kit and eluted with 20 ll of         buffer EB. The final mRNA Seq library was quantified with a Qubit Fluorometer (Invitrogen,         CA) and library quality was assessed with an Agilent Bioanalyzer High Sensitivity Chip for         DNA (Agilent, CA). Libraries were pooled and sequenced on an Illumina HiSeq 2500 platform with version 2 chemistry in a 2x151 bp configuration (JGI, Walnut Creek, CA; Project ID 503106).",,,,,,,,,not applicable,cell culture,6.23,9:30am,1,not applicable,cell culture,6.23,9:30am,1,,,,,,
SRX3042254,LL1210,,[regex] and,,,,,,,,,,930am,Acetivibrio thermocellus,Ruminiclostridium thermocellum ?hpt ?hydG ?ldh ?pfl ?pta-ack,,,,,,,,,,,4320844,Transcriptomic analysis of Clostridium thermocellum strain LL1210 growing in chemostat       culture at different pH values,RNA-Seq,TRANSCRIPTOMIC,RANDOM PCR,SINGLE,ILLUMINA,Illumina HiSeq 2500,SRP113683,Transcriptomic analysis of Clostridium thermocellum strain LL1210 growing in chemostat culture at different pH values,Clostridium thermocellum is a candidate for cellulosic ethanol production. Understanding how this bacterium responds to growth at different pH values and regulates its gene expression is of importance for developing a better fundamental understanding of this industrial relevant bacterium and for applied outcomes. C. thermocellum strain LL1210 (?hpt ?hydG ?ldh ?pfl ?pta-ack described in Tian et al. Biotechnology for Biofuels 2016. 9:116) was grown at 55 Â°C in duplicate 750 ml chemostat cultures in MTC medium containing 3 g/L cellobiose as the carbon source and fed at a dilution rate of 0.1 h-1,SRS2390098,Acetivibrio thermocellus,,LL1210,,SRR5875215,17489131,5127177886,7417527,SAMN07417527,Acetivibrio thermocellus,Microbe sample from Acetivibrio thermocellus,,LL1210,,2/6,YES,,,Ruminiclostridium thermocellum ?hpt ?hydG ?ldh ?pfl ?pta-ack,Ruminiclostridium thermocellum ?hpt ?hydG ?ldh ?pfl ?pta-ack,"USA: ORNL, chemostat",,,,,,,,2016-04-25,,,,,"Microbe, viral or environmental","USA: ORNL, chemostat",,,,,,,,2016-04-25,,,,,"Cells pelleted from a 45 mL sample drawn from each chemostat were         resuspended in 3 mL of TRIzol (Invitrogen, CA). A 1 ml aliquot of the TRIzol cell suspension         was used for cell lysis by bead beating with 0.8 g of 0.1mm glass beads (Biospec Products)         with 3 X 20 s bead beating treatments at 6,500?rpm in a Precellys 24 high-throughput tissue         homogenizer (Bertin Technologies, Montigny-le-Bretonneux, France). The RNA from each cell         lysate was purified and DNaseI treated using the Qiagen RNeasy kit. The RNA quantity and         quality assessed by Nanodrop and Bioanalyzer respectively. Purified RNA was depleted of rRNA         using the Ribo-Zero rRNA Removal kit for Gram Positive Bacteria (Epicentre/Illumina). The         sample was then concentrated with RNA Clean & Concentrate-5 (Zymo Research, CA)         following the manufacturer?s protocol. Depleted RNA was used as the starting material for         the Epicentre ScriptSeq? mRNA-Seq Library preparation kit (Illumina compatible) utilizing         the Epicentre Fail Safe PCR Enzyme mix (Epicentre, WI) and following the manufacturer?s         protocol. cDNA, tagged with ScriptSeq adaptors, was eluted with 20 ll of Buffer EB provided         in the Min-Elute PCR purification kit (Qiagen) according to the ScriptSeq? mRNA-Seq Library         preparation kit protocol. Twelve PCR cycles were used during library amplification and         samples were purified using the Min-Elute PCR purification kit and eluted with 20 ll of         buffer EB. The final mRNA Seq library was quantified with a Qubit Fluorometer (Invitrogen,         CA) and library quality was assessed with an Agilent Bioanalyzer High Sensitivity Chip for         DNA (Agilent, CA). Libraries were pooled and sequenced on an Illumina HiSeq 2500 platform with version 2 chemistry in a 2x151 bp configuration (JGI, Walnut Creek, CA; Project ID 503106).",,,,,,,,,not applicable,cell culture,6.23,930am,2,not applicable,cell culture,6.23,930am,2,,,,,,
SRX3200203,LL374,,,,,,,,,,,,,Acetivibrio thermocellus,,,,,,,,,,,,4504785,Clostridium thermocellum DSM1313 LL374 transcriptomics,RNA-Seq,TRANSCRIPTOMIC,other,PAIRED,ILLUMINA,Illumina HiSeq 2500,SRP118227,Ruminiclostridium thermocellum LL374 transcriptomics - 109_CIII_27_02_2015_LL1042-v2 transcriptome,Transcriptome of Ruminiclostridium thermocellum strain for higher ethanol production to acquire transcriptional data for a comparison with Clostridium thermocellum (Ruminiclostridium thermocellum) DSM 1313. Sample collected from CIII chemostat,SRS2527207,Acetivibrio thermocellus,,LL374,,SRR6053266,17641787,3563640974,7621506,SAMN07621506,Acetivibrio thermocellus,Ruminiclostridium thermocellum LL374 transcriptomics - 109_CIII_27_02_2015_LL1042-v2,,LL374,,1/6,YES,,,,,missing,missing,missing,,missing,missing,missing,missing,missing,,missing,,,MIGS.ba,missing,missing,missing,,missing,missing,missing,missing,missing,,missing,,,,,,,,,,,,missing,,,,,missing,,,,,not applicable,not applicable,,,,
SRX3200204,LL374,,,,,,,,,,,,,Acetivibrio thermocellus,,,,,,,,,,,,4504786,Clostridium thermocellum DSM1313 LL374 transcriptomics,RNA-Seq,TRANSCRIPTOMIC,other,PAIRED,ILLUMINA,Illumina HiSeq 2500,SRP118226,Ruminiclostridium thermocellum LL374 transcriptomics - 111_CI_23_10_2014_LL1004-v2 transcriptome,Transcriptome of Ruminiclostridium thermocellum strain for higher ethanol production to acquire transcriptional data for a comparison with Clostridium thermocellum (Ruminiclostridium thermocellum) DSM 1313. Sample collected from CI chemostat,SRS2527206,Acetivibrio thermocellus,,LL374,,SRR6053265,19196535,3877700070,7621733,SAMN07621733,Acetivibrio thermocellus,Ruminiclostridium thermocellum LL374 transcriptomics - 111_CI_23_10_2014_LL1004-v2,,LL374,,1/6,YES,,,,,missing,missing,missing,,missing,missing,missing,missing,missing,,missing,,,MIGS.ba,missing,missing,missing,,missing,missing,missing,missing,missing,,missing,,,,,,,,,,,,missing,,,,,missing,,,,,not applicable,not applicable,,,,
SRX3200205,LL374,,,,,,,,,,,,,Acetivibrio thermocellus,,,,,,,,,,,,4504787,Clostridium thermocellum DSM1313 LL374 transcriptomics,RNA-Seq,TRANSCRIPTOMIC,other,PAIRED,ILLUMINA,Illumina HiSeq 2500,SRP118228,Ruminiclostridium thermocellum LL374 transcriptomics - 106_CII_27_02_2015_LL1044-v2 transcriptome,Transcriptome of Ruminiclostridium thermocellum strain for higher ethanol production to acquire transcriptional data for a comparison with Clostridium thermocellum (Ruminiclostridium thermocellum) DSM 1313. Sample collected from CII chemostat,SRS2527208,Acetivibrio thermocellus,,LL374,,SRR6053264,15379932,3106746264,7621539,SAMN07621539,Acetivibrio thermocellus,Ruminiclostridium thermocellum LL374 transcriptomics - 106_CII_27_02_2015_LL1044-v2,,LL374,,1/6,YES,,,,,missing,missing,missing,,missing,missing,missing,missing,missing,,missing,,,MIGS.ba,missing,missing,missing,,missing,missing,missing,missing,missing,,missing,,,,,,,,,,,,missing,,,,,missing,,,,,not applicable,not applicable,,,,
SRX3200206,LL374,,,,,,,,,,,,,Acetivibrio thermocellus,,,,,,,,,,,,4504788,Clostridium thermocellum DSM1313 LL374 transcriptomics,RNA-Seq,TRANSCRIPTOMIC,other,PAIRED,ILLUMINA,Illumina HiSeq 2500,SRP118230,Ruminiclostridium thermocellum LL374 transcriptomics - 108_CIV_26_02_2015_LL1042-v2 transcriptome,Transcriptome of Ruminiclostridium thermocellum strain for higher ethanol production to acquire transcriptional data for a comparison with Clostridium thermocellum (Ruminiclostridium thermocellum) DSM 1313. Sample collected from CIV chemostat,SRS2527210,Acetivibrio thermocellus,,LL374,,SRR6053263,17060499,3446220798,7621527,SAMN07621527,Acetivibrio thermocellus,Ruminiclostridium thermocellum LL374 transcriptomics - 108_CIV_26_02_2015_LL1042-v2,,LL374,,1/6,YES,,,,,missing,missing,missing,,missing,missing,missing,missing,missing,,missing,,,MIGS.ba,missing,missing,missing,,missing,missing,missing,missing,missing,,missing,,,,,,,,,,,,missing,,,,,missing,,,,,not applicable,not applicable,,,,
SRX3200207,LL374,,,,,,,,,,,,,Acetivibrio thermocellus,,,,,,,,,,,,4504789,Clostridium thermocellum DSM1313 LL374 transcriptomics,RNA-Seq,TRANSCRIPTOMIC,other,PAIRED,ILLUMINA,Illumina HiSeq 2500,SRP118229,Ruminiclostridium thermocellum LL374 transcriptomics - 112_CII_23_10_2014_LL1004-v2 transcriptome,Transcriptome of Ruminiclostridium thermocellum strain for higher ethanol production to acquire transcriptional data for a comparison with Clostridium thermocellum (Ruminiclostridium thermocellum) DSM 1313. Sample collected from CII chemostat,SRS2527209,Acetivibrio thermocellus,,LL374,,SRR6053262,12547883,2534672366,7621540,SAMN07621540,Acetivibrio thermocellus,Ruminiclostridium thermocellum LL374 transcriptomics - 112_CII_23_10_2014_LL1004-v2,,LL374,,1/6,YES,,,,,missing,missing,missing,,missing,missing,missing,missing,missing,,missing,,,MIGS.ba,missing,missing,missing,,missing,missing,missing,missing,missing,,missing,,,,,,,,,,,,missing,,,,,missing,,,,,not applicable,not applicable,,,,
SRX3200208,LL374,,,,,,,,,,,,,Acetivibrio thermocellus,,,,,,,,,,,,4504790,Clostridium thermocellum DSM1313 LL374 transcriptomics,RNA-Seq,TRANSCRIPTOMIC,other,PAIRED,ILLUMINA,Illumina HiSeq 2500,SRP118231,Ruminiclostridium thermocellum LL374 transcriptomics - 110_CIV_27_02_2015_LL1042-v2 transcriptome,Transcriptome of Ruminiclostridium thermocellum strain for higher ethanol production to acquire transcriptional data for a comparison with Clostridium thermocellum (Ruminiclostridium thermocellum) DSM 1313. Sample collected from CIV chemostat,SRS2527211,Acetivibrio thermocellus,,LL374,,SRR6053261,14717863,2973008326,7621505,SAMN07621505,Acetivibrio thermocellus,Ruminiclostridium thermocellum LL374 transcriptomics - 110_CIV_27_02_2015_LL1042-v2,,LL374,,1/6,YES,,,,,missing,missing,missing,,missing,missing,missing,missing,missing,,missing,,,MIGS.ba,missing,missing,missing,,missing,missing,missing,missing,missing,,missing,,,,,,,,,,,,missing,,,,,missing,,,,,not applicable,not applicable,,,,
SRX3200209,LL374,,,,,,,,,,,,,Acetivibrio thermocellus,,,,,,,,,,,,4504791,Clostridium thermocellum DSM1313 LL374 transcriptomics,RNA-Seq,TRANSCRIPTOMIC,other,PAIRED,ILLUMINA,Illumina HiSeq 2500,SRP118233,Ruminiclostridium thermocellum LL374 transcriptomics - 105_CI_27_02_2015_LL1044-v2 transcriptome,Transcriptome of Ruminiclostridium thermocellum strain for higher ethanol production to acquire transcriptional data for a comparison with Clostridium thermocellum (Ruminiclostridium thermocellum) DSM 1313. Sample collected from CI chemostat,SRS2527213,Acetivibrio thermocellus,,LL374,,SRR6053260,13107224,2647659248,7621549,SAMN07621549,Acetivibrio thermocellus,Ruminiclostridium thermocellum LL374 transcriptomics - 105_CI_27_02_2015_LL1044-v2,,LL374,,1/6,YES,,,,,missing,missing,missing,,missing,missing,missing,missing,missing,,missing,,,MIGS.ba,missing,missing,missing,,missing,missing,missing,missing,missing,,missing,,,,,,,,,,,,missing,,,,,missing,,,,,not applicable,not applicable,,,,
SRX368288,DSM 1237,,[regex] cellobiose,,,,,Exponential,,,,,,Acetivibrio thermocellus ATCC 27405,,,,,,,,,,,,526924,GSM1251935: DSM 1237 exponential replicate 1; Hungateiclostridium thermocellum; RNA-Seq,RNA-Seq,TRANSCRIPTOMIC,cDNA,PAIRED,ILLUMINA,Illumina HiSeq 2000,SRP032174,University of Manitoba/MGCB2 C thermocellum RNA-seq Experiment,"Determine overall gene expression profiles; RNA expression observed in stationary relative to exponential phase cells of strain Clostridum thermocellum (ATCC 27405) grown on cellobiose; Comparative RNA expression of 3 Clostridium thermocellu strains (DSM 1237, 2650, and 4150) grown to mid exponential phase on cellobiose; Verify whether observed differences in fermentation end-product ratios are reflected in differences in RNA expression profiles. RNA-seq data will be compared with the same experiments performed with proteomic experiments; Compare gene expression across relative strains. Overal",SRS494332,Acetivibrio thermocellus ATCC 27405,DSM 1237_Exponential,DSM 1237,,SRR1017581,18672883,3734576600,2384671,SAMN02384671,Acetivibrio thermocellus ATCC 27405,DSM 1237 exponential replicate 1,DSM 1237_Exponential,DSM 1237,,3/6,maybe,,,,,,,,,,,,,,,,,type strain of Clostridium thermocellum,,,,,,,,,,,,,,type strain of Clostridium thermocellum,,,,,,,,,,,,,,,,,,,,,,Exponential,Exponential,,
SRX368289,DSM 1237,,[regex] cellobiose,,,,,Exponential,,,,,,Acetivibrio thermocellus ATCC 27405,,,,,,,,,,,,526925,GSM1251936: DSM 1237 exponential replicate 2; Hungateiclostridium thermocellum; RNA-Seq,RNA-Seq,TRANSCRIPTOMIC,cDNA,PAIRED,ILLUMINA,Illumina HiSeq 2000,SRP032174,University of Manitoba/MGCB2 C thermocellum RNA-seq Experiment,"Determine overall gene expression profiles; RNA expression observed in stationary relative to exponential phase cells of strain Clostridum thermocellum (ATCC 27405) grown on cellobiose; Comparative RNA expression of 3 Clostridium thermocellu strains (DSM 1237, 2650, and 4150) grown to mid exponential phase on cellobiose; Verify whether observed differences in fermentation end-product ratios are reflected in differences in RNA expression profiles. RNA-seq data will be compared with the same experiments performed with proteomic experiments; Compare gene expression across relative strains. Overal",SRS494331,Acetivibrio thermocellus ATCC 27405,DSM 1237_Exponential,DSM 1237,,SRR1017582,17545456,3509091200,2384674,SAMN02384674,Acetivibrio thermocellus ATCC 27405,DSM 1237 exponential replicate 2,DSM 1237_Exponential,DSM 1237,,3/6,maybe,,,,,,,,,,,,,,,,,type strain of Clostridium thermocellum,,,,,,,,,,,,,,type strain of Clostridium thermocellum,,,,,,,,,,,,,,,,,,,,,,Exponential,Exponential,,
SRX5085503,DSM 1313,,,,,,,[regex] mid log,,,,,,Acetivibrio thermocellus DSM 1313,,,,,,,,,,,,6855469,Clostridium thermocellum DSM 1313 cell stress transcriptomics,RNA-Seq,TRANSCRIPTOMIC,other,PAIRED,ILLUMINA,Illumina HiSeq 2500,SRP171659,Ruminiclostridium thermocellum DSM 1313 Transcriptome - M42CB2,Ruminiclostridium thermocellum DSM 1313 cell stress transcriptomics; cells from mid log phase grown at 42C in MTC media,SRS4097972,Acetivibrio thermocellus DSM 1313,,DSM 1313,,SRR8268615,16691401,3371663002,9063614,SAMN09063614,Acetivibrio thermocellus DSM 1313,Ruminiclostridium thermocellum DSM 1313 Transcriptome - M42CB2,,DSM 1313,,2/6,YES,,,,,missing,missing,missing,,missing,missing,missing,missing,missing,,missing,,,MIGS.ba,missing,missing,missing,,missing,missing,missing,missing,missing,,missing,,,,,,,,,,,,missing,,,,,missing,,,,,not applicable,not applicable,,,,
SRX5085504,DSM 1313,,,,,,,[regex] mid log,,,,,,Acetivibrio thermocellus DSM 1313,,,,,,,,,,,,6855470,Clostridium thermocellum DSM 1313 cell stress transcriptomics,RNA-Seq,TRANSCRIPTOMIC,other,PAIRED,ILLUMINA,Illumina HiSeq 2500,SRP171660,Ruminiclostridium thermocellum DSM 1313 Transcriptome - W60CB3,Ruminiclostridium thermocellum DSM 1313 cell stress transcriptomics; cells from mid log phase grown at 60C in MTC media,SRS4097973,Acetivibrio thermocellus DSM 1313,,DSM 1313,,SRR8268614,15875086,3206767372,9063613,SAMN09063613,Acetivibrio thermocellus DSM 1313,Ruminiclostridium thermocellum DSM 1313 Transcriptome - W60CB3,,DSM 1313,,2/6,YES,,,,,missing,missing,missing,,missing,missing,missing,missing,missing,,missing,,,MIGS.ba,missing,missing,missing,,missing,missing,missing,missing,missing,,missing,,,,,,,,,,,,missing,,,,,missing,,,,,not applicable,not applicable,,,,
SRX5085505,DSM 1313,,,,,,,[regex] mid log,,,,,,Acetivibrio thermocellus DSM 1313,,,,,,,,,,,,6855471,Clostridium thermocellum DSM 1313 cell stress transcriptomics,RNA-Seq,TRANSCRIPTOMIC,other,PAIRED,ILLUMINA,Illumina HiSeq 2500,SRP171661,Ruminiclostridium thermocellum DSM 1313 Transcriptome - M60CB1,Ruminiclostridium thermocellum DSM 1313 cell stress transcriptomics; cells from mid log phase grown at 60C in MTC media,SRS4097974,Acetivibrio thermocellus DSM 1313,,DSM 1313,,SRR8268613,15114768,3053183136,9063641,SAMN09063641,Acetivibrio thermocellus DSM 1313,Ruminiclostridium thermocellum DSM 1313 Transcriptome - M60CB1,,DSM 1313,,2/6,YES,,,,,missing,missing,missing,,missing,missing,missing,missing,missing,,missing,,,MIGS.ba,missing,missing,missing,,missing,missing,missing,missing,missing,,missing,,,,,,,,,,,,missing,,,,,missing,,,,,not applicable,not applicable,,,,
SRX5085506,DSM 1313,,,,,,,[regex] mid log,,,,,,Acetivibrio thermocellus DSM 1313,,,,,,,,,,,,6855472,Clostridium thermocellum DSM 1313 cell stress transcriptomics,RNA-Seq,TRANSCRIPTOMIC,other,PAIRED,ILLUMINA,Illumina HiSeq 2500,SRP171662,Ruminiclostridium thermocellum DSM 1313 Transcriptome - M42CB3,Ruminiclostridium thermocellum DSM 1313 cell stress transcriptomics; cells from mid log phase grown at 42C in MTC media,SRS4097975,Acetivibrio thermocellus DSM 1313,,DSM 1313,,SRR8268612,17762813,3588088226,9063623,SAMN09063623,Acetivibrio thermocellus DSM 1313,Ruminiclostridium thermocellum DSM 1313 Transcriptome - M42CB3,,DSM 1313,,2/6,YES,,,,,missing,missing,missing,,missing,missing,missing,missing,missing,,missing,,,MIGS.ba,missing,missing,missing,,missing,missing,missing,missing,missing,,missing,,,,,,,,,,,,missing,,,,,missing,,,,,not applicable,not applicable,,,,
SRX5085507,DSM 1313,,,,,,,[regex] mid log,,,,,,Acetivibrio thermocellus DSM 1313,,,,,,,,,,,,6855473,Clostridium thermocellum DSM 1313 cell stress transcriptomics,RNA-Seq,TRANSCRIPTOMIC,other,PAIRED,ILLUMINA,Illumina HiSeq 2500,SRP171663,Ruminiclostridium thermocellum DSM 1313 Transcriptome - M50CB1,Ruminiclostridium thermocellum DSM 1313 cell stress transcriptomics; cells from mid log phase grown at 50C in MTC media,SRS4097976,Acetivibrio thermocellus DSM 1313,,DSM 1313,,SRR8268611,18095137,3655217674,9063632,SAMN09063632,Acetivibrio thermocellus DSM 1313,Ruminiclostridium thermocellum DSM 1313 Transcriptome - M50CB1,,DSM 1313,,2/6,YES,,,,,missing,missing,missing,,missing,missing,missing,missing,missing,,missing,,,MIGS.ba,missing,missing,missing,,missing,missing,missing,missing,missing,,missing,,,,,,,,,,,,missing,,,,,missing,,,,,not applicable,not applicable,,,,
SRX5085508,DSM 1313,,,,,,,[regex] mid log,,,,,,Acetivibrio thermocellus DSM 1313,,,,,,,,,,,,6855474,Clostridium thermocellum DSM 1313 cell stress transcriptomics,RNA-Seq,TRANSCRIPTOMIC,other,PAIRED,ILLUMINA,Illumina HiSeq 2500,SRP171664,Ruminiclostridium thermocellum DSM 1313 Transcriptome - M42CB1,Ruminiclostridium thermocellum DSM 1313 cell stress transcriptomics; cells from mid log phase grown at 42C in MTC media,SRS4097977,Acetivibrio thermocellus DSM 1313,,DSM 1313,,SRR8268610,17400527,3514906454,9063624,SAMN09063624,Acetivibrio thermocellus DSM 1313,Ruminiclostridium thermocellum DSM 1313 Transcriptome - M42CB1,,DSM 1313,,2/6,YES,,,,,missing,missing,missing,,missing,missing,missing,missing,missing,,missing,,,MIGS.ba,missing,missing,missing,,missing,missing,missing,missing,missing,,missing,,,,,,,,,,,,missing,,,,,missing,,,,,not applicable,not applicable,,,,
SRX5085509,DSM 1313,,,,,,,[regex] mid log,,,,,,Acetivibrio thermocellus DSM 1313,,,,,,,,,,,,6855475,Clostridium thermocellum DSM 1313 cell stress transcriptomics,RNA-Seq,TRANSCRIPTOMIC,other,PAIRED,ILLUMINA,Illumina HiSeq 2500,SRP171665,Ruminiclostridium thermocellum DSM 1313 Transcriptome - W50C1,Ruminiclostridium thermocellum DSM 1313 cell stress transcriptomics; cells from mid log phase grown at 50C in MTC+cellulose media,SRS4097978,Acetivibrio thermocellus DSM 1313,,DSM 1313,,SRR8268609,17516797,3538392994,9063639,SAMN09063639,Acetivibrio thermocellus DSM 1313,Ruminiclostridium thermocellum DSM 1313 Transcriptome - W50C1,,DSM 1313,,2/6,YES,,,,,missing,missing,missing,,missing,missing,missing,missing,missing,,missing,,,MIGS.ba,missing,missing,missing,,missing,missing,missing,missing,missing,,missing,,,,,,,,,,,,missing,,,,,missing,,,,,not applicable,not applicable,,,,
SRX5085511,DSM 1313,,,,,,,[regex] mid log,,,,,,Acetivibrio thermocellus DSM 1313,,,,,,,,,,,,6855477,Clostridium thermocellum DSM 1313 cell stress transcriptomics,RNA-Seq,TRANSCRIPTOMIC,other,PAIRED,ILLUMINA,Illumina HiSeq 2500,SRP171667,Ruminiclostridium thermocellum DSM 1313 Transcriptome - M50CB2,Ruminiclostridium thermocellum DSM 1313 cell stress transcriptomics; cells from mid log phase grown at 50C in MTC media,SRS4097980,Acetivibrio thermocellus DSM 1313,,DSM 1313,,SRR8268607,18641657,3765614714,9063618,SAMN09063618,Acetivibrio thermocellus DSM 1313,Ruminiclostridium thermocellum DSM 1313 Transcriptome - M50CB2,,DSM 1313,,2/6,YES,,,,,missing,missing,missing,,missing,missing,missing,missing,missing,,missing,,,MIGS.ba,missing,missing,missing,,missing,missing,missing,missing,missing,,missing,,,,,,,,,,,,missing,,,,,missing,,,,,not applicable,not applicable,,,,
SRX5085512,DSM 1313,,,,,,,[regex] mid log,,,,,,Acetivibrio thermocellus DSM 1313,,,,,,,,,,,,6855478,Clostridium thermocellum DSM 1313 cell stress transcriptomics,RNA-Seq,TRANSCRIPTOMIC,other,PAIRED,ILLUMINA,Illumina HiSeq 2500,SRP171668,Ruminiclostridium thermocellum DSM 1313 Transcriptome - M50CB3,Ruminiclostridium thermocellum DSM 1313 cell stress transcriptomics; cells from mid log phase grown at 50C in MTC media,SRS4097981,Acetivibrio thermocellus DSM 1313,,DSM 1313,,SRR8268606,16070123,3246164846,9063631,SAMN09063631,Acetivibrio thermocellus DSM 1313,Ruminiclostridium thermocellum DSM 1313 Transcriptome - M50CB3,,DSM 1313,,2/6,YES,,,,,missing,missing,missing,,missing,missing,missing,missing,missing,,missing,,,MIGS.ba,missing,missing,missing,,missing,missing,missing,missing,missing,,missing,,,,,,,,,,,,missing,,,,,missing,,,,,not applicable,not applicable,,,,
SRX5085513,DSM 1313,,,,,,,[regex] mid log,,,,,,Acetivibrio thermocellus DSM 1313,,,,,,,,,,,,6855479,Clostridium thermocellum DSM 1313 cell stress transcriptomics,RNA-Seq,TRANSCRIPTOMIC,other,PAIRED,ILLUMINA,Illumina HiSeq 2500,SRP171669,Ruminiclostridium thermocellum DSM 1313 Transcriptome - W50CB1,Ruminiclostridium thermocellum DSM 1313 cell stress transcriptomics; cells from mid log phase grown at 50C in MTC media,SRS4097982,Acetivibrio thermocellus DSM 1313,,DSM 1313,,SRR8268605,17341338,3502950276,9063634,SAMN09063634,Acetivibrio thermocellus DSM 1313,Ruminiclostridium thermocellum DSM 1313 Transcriptome - W50CB1,,DSM 1313,,2/6,YES,,,,,missing,missing,missing,,missing,missing,missing,missing,missing,,missing,,,MIGS.ba,missing,missing,missing,,missing,missing,missing,missing,missing,,missing,,,,,,,,,,,,missing,,,,,missing,,,,,not applicable,not applicable,,,,
SRX5085514,DSM 1313,,,,,,,[regex] mid log,,,,,,Acetivibrio thermocellus DSM 1313,,,,,,,,,,,,6855480,Clostridium thermocellum DSM 1313 cell stress transcriptomics,RNA-Seq,TRANSCRIPTOMIC,other,PAIRED,ILLUMINA,Illumina HiSeq 2500,SRP171670,Ruminiclostridium thermocellum DSM 1313 Transcriptome - M50C3,Ruminiclostridium thermocellum DSM 1313 cell stress transcriptomics; cells from mid log phase grown at 50C in MTC+cellulose media,SRS4097983,Acetivibrio thermocellus DSM 1313,,DSM 1313,,SRR8268604,18688866,3775150932,9063635,SAMN09063635,Acetivibrio thermocellus DSM 1313,Ruminiclostridium thermocellum DSM 1313 Transcriptome - M50C3,,DSM 1313,,2/6,YES,,,,,missing,missing,missing,,missing,missing,missing,missing,missing,,missing,,,MIGS.ba,missing,missing,missing,,missing,missing,missing,missing,missing,,missing,,,,,,,,,,,,missing,,,,,missing,,,,,not applicable,not applicable,,,,
SRX5085517,DSM 1313,,,,,,,[regex] mid log,,,,,,Acetivibrio thermocellus DSM 1313,,,,,,,,,,,,6855483,Clostridium thermocellum DSM 1313 cell stress transcriptomics,RNA-Seq,TRANSCRIPTOMIC,other,PAIRED,ILLUMINA,Illumina HiSeq 2500,SRP171673,Ruminiclostridium thermocellum DSM 1313 Transcriptome - W50C3,Ruminiclostridium thermocellum DSM 1313 cell stress transcriptomics; cells from mid log phase grown at 50C in MTC+cellulose media,SRS4097986,Acetivibrio thermocellus DSM 1313,,DSM 1313,,SRR8268601,15050231,3040146662,9063616,SAMN09063616,Acetivibrio thermocellus DSM 1313,Ruminiclostridium thermocellum DSM 1313 Transcriptome - W50C3,,DSM 1313,,2/6,YES,,,,,missing,missing,missing,,missing,missing,missing,missing,missing,,missing,,,MIGS.ba,missing,missing,missing,,missing,missing,missing,missing,missing,,missing,,,,,,,,,,,,missing,,,,,missing,,,,,not applicable,not applicable,,,,
SRX5085518,DSM 1313,,,,,,,[regex] mid log,,,,,,Acetivibrio thermocellus DSM 1313,,,,,,,,,,,,6855484,Clostridium thermocellum DSM 1313 cell stress transcriptomics,RNA-Seq,TRANSCRIPTOMIC,other,PAIRED,ILLUMINA,Illumina HiSeq 2500,SRP171674,Ruminiclostridium thermocellum DSM 1313 Transcriptome - W42CB3,Ruminiclostridium thermocellum DSM 1313 cell stress transcriptomics; cells from mid log phase grown at 42C in MTC media,SRS4097987,Acetivibrio thermocellus DSM 1313,,DSM 1313,,SRR8268600,17373796,3509506792,9063625,SAMN09063625,Acetivibrio thermocellus DSM 1313,Ruminiclostridium thermocellum DSM 1313 Transcriptome - W42CB3,,DSM 1313,,2/6,YES,,,,,missing,missing,missing,,missing,missing,missing,missing,missing,,missing,,,MIGS.ba,missing,missing,missing,,missing,missing,missing,missing,missing,,missing,,,,,,,,,,,,missing,,,,,missing,,,,,not applicable,not applicable,,,,
SRX5085519,DSM 1313,,,,,,,[regex] mid log,,,,,,Acetivibrio thermocellus DSM 1313,,,,,,,,,,,,6855485,Clostridium thermocellum DSM 1313 cell stress transcriptomics,RNA-Seq,TRANSCRIPTOMIC,other,PAIRED,ILLUMINA,Illumina HiSeq 2500,SRP171675,Ruminiclostridium thermocellum DSM 1313 Transcriptome - W50C2,Ruminiclostridium thermocellum DSM 1313 cell stress transcriptomics; cells from mid log phase grown at 50C in MTC+cellulose media,SRS4097988,Acetivibrio thermocellus DSM 1313,,DSM 1313,,SRR8268599,15665960,3164523920,9063638,SAMN09063638,Acetivibrio thermocellus DSM 1313,Ruminiclostridium thermocellum DSM 1313 Transcriptome - W50C2,,DSM 1313,,2/6,YES,,,,,missing,missing,missing,,missing,missing,missing,missing,missing,,missing,,,MIGS.ba,missing,missing,missing,,missing,missing,missing,missing,missing,,missing,,,,,,,,,,,,missing,,,,,missing,,,,,not applicable,not applicable,,,,
SRX5085520,DSM 1313,,,,,,,[regex] mid log,,,,,,Acetivibrio thermocellus DSM 1313,,,,,,,,,,,,6855486,Clostridium thermocellum DSM 1313 cell stress transcriptomics,RNA-Seq,TRANSCRIPTOMIC,other,PAIRED,ILLUMINA,Illumina HiSeq 2500,SRP171676,Ruminiclostridium thermocellum DSM 1313 Transcriptome - M50C1,Ruminiclostridium thermocellum DSM 1313 cell stress transcriptomics; cells from mid log phase grown at 50C in MTC+cellulose media,SRS4097989,Acetivibrio thermocellus DSM 1313,,DSM 1313,,SRR8268598,18576505,3752454010,9063637,SAMN09063637,Acetivibrio thermocellus DSM 1313,Ruminiclostridium thermocellum DSM 1313 Transcriptome - M50C1,,DSM 1313,,2/6,YES,,,,,missing,missing,missing,,missing,missing,missing,missing,missing,,missing,,,MIGS.ba,missing,missing,missing,,missing,missing,missing,missing,missing,,missing,,,,,,,,,,,,missing,,,,,missing,,,,,not applicable,not applicable,,,,
SRX5085521,DSM 1313,,,,,,,[regex] mid log,,,,,,Acetivibrio thermocellus DSM 1313,,,,,,,,,,,,6855487,Clostridium thermocellum DSM 1313 cell stress transcriptomics,RNA-Seq,TRANSCRIPTOMIC,other,PAIRED,ILLUMINA,Illumina HiSeq 2500,SRP171677,Ruminiclostridium thermocellum DSM 1313 Transcriptome - M60CB3,Ruminiclostridium thermocellum DSM 1313 cell stress transcriptomics; cells from mid log phase grown at 60C in MTC media,SRS4097990,Acetivibrio thermocellus DSM 1313,,DSM 1313,,SRR8268597,17348242,3504344884,9063615,SAMN09063615,Acetivibrio thermocellus DSM 1313,Ruminiclostridium thermocellum DSM 1313 Transcriptome - M60CB3,,DSM 1313,,2/6,YES,,,,,missing,missing,missing,,missing,missing,missing,missing,missing,,missing,,,MIGS.ba,missing,missing,missing,,missing,missing,missing,missing,missing,,missing,,,,,,,,,,,,missing,,,,,missing,,,,,not applicable,not applicable,,,,
SRX5085522,DSM 1313,,,,,,,[regex] mid log,,,,,,Acetivibrio thermocellus DSM 1313,,,,,,,,,,,,6855488,Clostridium thermocellum DSM 1313 cell stress transcriptomics,RNA-Seq,TRANSCRIPTOMIC,other,PAIRED,ILLUMINA,Illumina HiSeq 2500,SRP171678,Ruminiclostridium thermocellum DSM 1313 Transcriptome - M60CB2,Ruminiclostridium thermocellum DSM 1313 cell stress transcriptomics; cells from mid log phase grown at 60C in MTC media,SRS4097991,Acetivibrio thermocellus DSM 1313,,DSM 1313,,SRR8268596,16773001,3388146202,9063640,SAMN09063640,Acetivibrio thermocellus DSM 1313,Ruminiclostridium thermocellum DSM 1313 Transcriptome - M60CB2,,DSM 1313,,2/6,YES,,,,,missing,missing,missing,,missing,missing,missing,missing,missing,,missing,,,MIGS.ba,missing,missing,missing,,missing,missing,missing,missing,missing,,missing,,,,,,,,,,,,missing,,,,,missing,,,,,not applicable,not applicable,,,,
SRX5085523,DSM 1313,,,,,,,[regex] mid log,,,,,,Acetivibrio thermocellus,,,,,,,,,,,,6855489,Clostridium thermocellum DSM 1313 cell stress transcriptomics,RNA-Seq,TRANSCRIPTOMIC,other,SINGLE,ILLUMINA,Illumina HiSeq 2500,SRP171679,Hungateiclostridium thermocellum DSM 1313 transcriptome - W42C3 v2,"Hungateiclostridium thermocellum DSM 1313 transcriptome. Sample from mid log phase, grown at 42C in MTC+cellulose media",SRS4097992,Acetivibrio thermocellus,,DSM 1313,,SRR8268595,37576925,3795269425,10345379,SAMN10345379,Acetivibrio thermocellus,Hungateiclostridium thermocellum DSM 1313 transcriptome - W42C3 v2,,DSM 1313,,2/6,YES,,,,,missing,missing,missing,,missing,missing,missing,missing,missing,,missing,,,MIGS.ba,missing,missing,missing,,missing,missing,missing,missing,missing,,missing,,,,,,,,,,,,missing,,,,,missing,,,,,not applicable,not applicable,,,,
SRX5085524,DSM 1313,,,,,,,[regex] mid log,,,,,,Acetivibrio thermocellus DSM 1313,,,,,,,,,,,,6855490,Clostridium thermocellum DSM 1313 cell stress transcriptomics,RNA-Seq,TRANSCRIPTOMIC,other,PAIRED,ILLUMINA,Illumina HiSeq 2500,SRP171680,Ruminiclostridium thermocellum DSM 1313 Transcriptome - W42CB1,Ruminiclostridium thermocellum DSM 1313 cell stress transcriptomics; cells from mid log phase grown at 42C in MTC media,SRS4097993,Acetivibrio thermocellus DSM 1313,,DSM 1313,,SRR8268594,17395281,3513846762,9063626,SAMN09063626,Acetivibrio thermocellus DSM 1313,Ruminiclostridium thermocellum DSM 1313 Transcriptome - W42CB1,,DSM 1313,,2/6,YES,,,,,missing,missing,missing,,missing,missing,missing,missing,missing,,missing,,,MIGS.ba,missing,missing,missing,,missing,missing,missing,missing,missing,,missing,,,,,,,,,,,,missing,,,,,missing,,,,,not applicable,not applicable,,,,
SRX5085525,DSM 1313,,,,,,,[regex] mid log,,,,,,Acetivibrio thermocellus,,,,,,,,,,,,6855491,Clostridium thermocellum DSM 1313 cell stress transcriptomics,RNA-Seq,TRANSCRIPTOMIC,other,SINGLE,ILLUMINA,Illumina HiSeq 2500,SRP171681,Hungateiclostridium thermocellum DSM 1313 transcriptome - M42C3 v2,"Hungateiclostridium thermocellum DSM 1313 transcriptome. Sample from mid log phase, grown at 42C in MTC+cellulose media",SRS4097994,Acetivibrio thermocellus,,DSM 1313,,SRR8268593,39550781,3994628881,10345378,SAMN10345378,Acetivibrio thermocellus,Hungateiclostridium thermocellum DSM 1313 transcriptome - M42C3 v2,,DSM 1313,,2/6,YES,,,,,missing,missing,missing,,missing,missing,missing,missing,missing,,missing,,,MIGS.ba,missing,missing,missing,,missing,missing,missing,missing,missing,,missing,,,,,,,,,,,,missing,,,,,missing,,,,,not applicable,not applicable,,,,
SRX5085526,DSM 1313,,,,,,,[regex] mid log,,,,,,Acetivibrio thermocellus,,,,,,,,,,,,6855492,Clostridium thermocellum DSM 1313 cell stress transcriptomics,RNA-Seq,TRANSCRIPTOMIC,other,SINGLE,ILLUMINA,Illumina HiSeq 2500,SRP171682,Hungateiclostridium thermocellum DSM 1313 transcriptome - M42C2 v2,"Hungateiclostridium thermocellum DSM 1313 transcriptome. Sample from mid log phase, grown at 42C in MTC+cellulose media",SRS4097995,Acetivibrio thermocellus,,DSM 1313,,SRR8268592,37190765,3756267265,10345381,SAMN10345381,Acetivibrio thermocellus,Hungateiclostridium thermocellum DSM 1313 transcriptome - M42C2 v2,,DSM 1313,,2/6,YES,,,,,missing,missing,missing,,missing,missing,missing,missing,missing,,missing,,,MIGS.ba,missing,missing,missing,,missing,missing,missing,missing,missing,,missing,,,,,,,,,,,,missing,,,,,missing,,,,,not applicable,not applicable,,,,
SRX5085527,DSM 1313,,,,,,,[regex] mid log,,,,,,Acetivibrio thermocellus DSM 1313,,,,,,,,,,,,6855493,Clostridium thermocellum DSM 1313 cell stress transcriptomics,RNA-Seq,TRANSCRIPTOMIC,other,PAIRED,ILLUMINA,Illumina HiSeq 2500,SRP171683,Ruminiclostridium thermocellum DSM 1313 Transcriptome - W50CB2,Ruminiclostridium thermocellum DSM 1313 cell stress transcriptomics; cells from mid log phase grown at 50C in MTC media,SRS4097996,Acetivibrio thermocellus DSM 1313,,DSM 1313,,SRR8268591,15806843,3192982286,9063617,SAMN09063617,Acetivibrio thermocellus DSM 1313,Ruminiclostridium thermocellum DSM 1313 Transcriptome - W50CB2,,DSM 1313,,2/6,YES,,,,,missing,missing,missing,,missing,missing,missing,missing,missing,,missing,,,MIGS.ba,missing,missing,missing,,missing,missing,missing,missing,missing,,missing,,,,,,,,,,,,missing,,,,,missing,,,,,not applicable,not applicable,,,,
SRX5085528,DSM 1313,,,,,,,[regex] mid log,,,,,,Acetivibrio thermocellus DSM 1313,,,,,,,,,,,,6855494,Clostridium thermocellum DSM 1313 cell stress transcriptomics,RNA-Seq,TRANSCRIPTOMIC,other,PAIRED,ILLUMINA,Illumina HiSeq 2500,SRP171684,Ruminiclostridium thermocellum DSM 1313 Transcriptome - W60CB2,Ruminiclostridium thermocellum DSM 1313 cell stress transcriptomics; cells from mid log phase grown at 60C in MTC media,SRS4097997,Acetivibrio thermocellus DSM 1313,,DSM 1313,,SRR8268590,16678785,3369114570,9063642,SAMN09063642,Acetivibrio thermocellus DSM 1313,Ruminiclostridium thermocellum DSM 1313 Transcriptome - W60CB2,,DSM 1313,,2/6,YES,,,,,missing,missing,missing,,missing,missing,missing,missing,missing,,missing,,,MIGS.ba,missing,missing,missing,,missing,missing,missing,missing,missing,,missing,,,,,,,,,,,,missing,,,,,missing,,,,,not applicable,not applicable,,,,
SRX5085529,DSM 1313,,,,,,,[regex] mid log,,,,,,Acetivibrio thermocellus DSM 1313,,,,,,,,,,,,6855495,Clostridium thermocellum DSM 1313 cell stress transcriptomics,RNA-Seq,TRANSCRIPTOMIC,other,PAIRED,ILLUMINA,Illumina HiSeq 2500,SRP171685,Ruminiclostridium thermocellum DSM 1313 Transcriptome - W60CB1,Ruminiclostridium thermocellum DSM 1313 cell stress transcriptomics; cells from mid log phase grown at 60C in MTC media,SRS4097998,Acetivibrio thermocellus DSM 1313,,DSM 1313,,SRR8268589,17746957,3584885314,9063643,SAMN09063643,Acetivibrio thermocellus DSM 1313,Ruminiclostridium thermocellum DSM 1313 Transcriptome - W60CB1,,DSM 1313,,2/6,YES,,,,,missing,missing,missing,,missing,missing,missing,missing,missing,,missing,,,MIGS.ba,missing,missing,missing,,missing,missing,missing,missing,missing,,missing,,,,,,,,,,,,missing,,,,,missing,,,,,not applicable,not applicable,,,,
SRX5085530,DSM 1313,,,,,,,[regex] mid log,,,,,,Acetivibrio thermocellus DSM 1313,,,,,,,,,,,,6855496,Clostridium thermocellum DSM 1313 cell stress transcriptomics,RNA-Seq,TRANSCRIPTOMIC,other,PAIRED,ILLUMINA,Illumina HiSeq 2500,SRP171686,Ruminiclostridium thermocellum DSM 1313 Transcriptome - W50CB3,Ruminiclostridium thermocellum DSM 1313 cell stress transcriptomics; cells from mid log phase grown at 50C in MTC media,SRS4097999,Acetivibrio thermocellus DSM 1313,,DSM 1313,,SRR8268588,20191754,4078734308,9063633,SAMN09063633,Acetivibrio thermocellus DSM 1313,Ruminiclostridium thermocellum DSM 1313 Transcriptome - W50CB3,,DSM 1313,,2/6,YES,,,,,missing,missing,missing,,missing,missing,missing,missing,missing,,missing,,,MIGS.ba,missing,missing,missing,,missing,missing,missing,missing,missing,,missing,,,,,,,,,,,,missing,,,,,missing,,,,,not applicable,not applicable,,,,
SRX5085531,DSM 1313,,,,,,,[regex] mid log,,,,,,Acetivibrio thermocellus DSM 1313,,,,,,,,,,,,6855497,Clostridium thermocellum DSM 1313 cell stress transcriptomics,RNA-Seq,TRANSCRIPTOMIC,other,PAIRED,ILLUMINA,Illumina HiSeq 2500,SRP171687,Ruminiclostridium thermocellum DSM 1313 Transcriptome - M50C2,Ruminiclostridium thermocellum DSM 1313 cell stress transcriptomics; cells from mid log phase grown at 50C in MTC+cellulose media,SRS4098000,Acetivibrio thermocellus DSM 1313,,DSM 1313,,SRR8268587,15656651,3162643502,9063636,SAMN09063636,Acetivibrio thermocellus DSM 1313,Ruminiclostridium thermocellum DSM 1313 Transcriptome - M50C2,,DSM 1313,,2/6,YES,,,,,missing,missing,missing,,missing,missing,missing,missing,missing,,missing,,,MIGS.ba,missing,missing,missing,,missing,missing,missing,missing,missing,,missing,,,,,,,,,,,,missing,,,,,missing,,,,,not applicable,not applicable,,,,
SRX5209262,LL1036,,,,,,,,,,,,,Acetivibrio thermocellus,,,,,,,,,,,,7045288,Clostridium thermocellum DSM1313 LL1036 transcriptomics,RNA-Seq,TRANSCRIPTOMIC,other,PAIRED,ILLUMINA,Illumina HiSeq 2500,SRP175541,Ruminiclostridium thermocellum LL1036 transcriptomics - 066_CII_26_11_2014_LL1160-v2 transcriptome,Transcriptome of Ruminiclostridium thermocellum strain for higher ethanol production to acquire transcriptional data for a comparison with Clostridium thermocellum (Ruminiclostridium thermocellum) DSM 1313. Sample collected from CII chemostat,SRS4213776,Acetivibrio thermocellus,,LL1036,,SRR8399967,13011610,2628345220,9070816,SAMN09070816,Acetivibrio thermocellus,Ruminiclostridium thermocellum LL1036 transcriptomics - 066_CII_26_11_2014_LL1160-v2,,LL1036,,1/6,YES,,,,,missing,missing,missing,,missing,missing,missing,missing,missing,,missing,,,MIGS.ba,missing,missing,missing,,missing,missing,missing,missing,missing,,missing,,,,,,,,,,,,missing,,,,,missing,,,,,not applicable,not applicable,,,,
SRX5209263,LL1036,,,,,,,,,,,,,Acetivibrio thermocellus,,,,,,,,,,,,7045289,Clostridium thermocellum DSM1313 LL1036 transcriptomics,RNA-Seq,TRANSCRIPTOMIC,other,PAIRED,ILLUMINA,Illumina HiSeq 2500,SRP175542,Ruminiclostridium thermocellum LL1036 transcriptomics - 067_CI_27_11_2014_LL1160-v2 transcriptome,Transcriptome of Ruminiclostridium thermocellum strain for higher ethanol production to acquire transcriptional data for a comparison with Clostridium thermocellum (Ruminiclostridium thermocellum) DSM 1313. Sample collected from CI chemostat,SRS4213777,Acetivibrio thermocellus,,LL1036,,SRR8399966,15078259,3045808318,9070813,SAMN09070813,Acetivibrio thermocellus,Ruminiclostridium thermocellum LL1036 transcriptomics - 067_CI_27_11_2014_LL1160-v2,,LL1036,,1/6,YES,,,,,missing,missing,missing,,missing,missing,missing,missing,missing,,missing,,,MIGS.ba,missing,missing,missing,,missing,missing,missing,missing,missing,,missing,,,,,,,,,,,,missing,,,,,missing,,,,,not applicable,not applicable,,,,
SRX5209264,LL1036,,,,,,,,,,,,,Acetivibrio thermocellus,,,,,,,,,,,,7045290,Clostridium thermocellum DSM1313 LL1036 transcriptomics,RNA-Seq,TRANSCRIPTOMIC,other,PAIRED,ILLUMINA,Illumina HiSeq 2500,SRP175543,Ruminiclostridium thermocellum LL1036 transcriptomics - 065_CI_26_11_2014_LL1160-v2 transcriptome,Transcriptome of Ruminiclostridium thermocellum strain for higher ethanol production to acquire transcriptional data for a comparison with Clostridium thermocellum (Ruminiclostridium thermocellum) DSM 1313. Sample collected from CI chemostat,SRS4213778,Acetivibrio thermocellus,,LL1036,,SRR8399965,13899888,2807777376,9070815,SAMN09070815,Acetivibrio thermocellus,Ruminiclostridium thermocellum LL1036 transcriptomics - 065_CI_26_11_2014_LL1160-v2,,LL1036,,1/6,YES,,,,,missing,missing,missing,,missing,missing,missing,missing,missing,,missing,,,MIGS.ba,missing,missing,missing,,missing,missing,missing,missing,missing,,missing,,,,,,,,,,,,missing,,,,,missing,,,,,not applicable,not applicable,,,,
SRX5209265,LL1036,,,,,,,,,,,,,Acetivibrio thermocellus,,,,,,,,,,,,7045291,Clostridium thermocellum DSM1313 LL1036 transcriptomics,RNA-Seq,TRANSCRIPTOMIC,other,PAIRED,ILLUMINA,Illumina HiSeq 2500,SRP175544,Ruminiclostridium thermocellum LL1036 transcriptomics - 068_CII_27_11_2014_LL1160-v2 transcriptome,Transcriptome of Ruminiclostridium thermocellum strain for higher ethanol production to acquire transcriptional data for a comparison with Clostridium thermocellum (Ruminiclostridium thermocellum) DSM 1313. Sample collected from CII chemostat,SRS4213779,Acetivibrio thermocellus,,LL1036,,SRR8399964,16500711,3333143622,9070814,SAMN09070814,Acetivibrio thermocellus,Ruminiclostridium thermocellum LL1036 transcriptomics - 068_CII_27_11_2014_LL1160-v2,,LL1036,,1/6,YES,,,,,missing,missing,missing,,missing,missing,missing,missing,missing,,missing,,,MIGS.ba,missing,missing,missing,,missing,missing,missing,missing,missing,,missing,,,,,,,,,,,,missing,,,,,missing,,,,,not applicable,not applicable,,,,
SRX5209268,LL1042,,,,,,,,,,,,,Acetivibrio thermocellus,,,,,,,,,,,,7045294,Clostridium thermocellum DSM1313 LL1042 transcriptomics,RNA-Seq,TRANSCRIPTOMIC,other,PAIRED,ILLUMINA,Illumina HiSeq 2500,SRP175547,Ruminiclostridium thermocellum LL1042 transcriptomics - 076_CIII_02_10_2014_LL1043-v2 transcriptome,Transcriptome of Ruminiclostridium thermocellum strain for higher ethanol production to acquire transcriptional data for a comparison with Clostridium thermocellum (Ruminiclostridium thermocellum) DSM 1313. Sample collected from CIII chemostat,SRS4213782,Acetivibrio thermocellus,,LL1042,,SRR8399973,12022501,2428545202,9071155,SAMN09071155,Acetivibrio thermocellus,Ruminiclostridium thermocellum LL1042 transcriptomics - 076_CIII_02_10_2014_LL1043-v2,,LL1042,,1/6,YES,,,,,missing,missing,missing,,missing,missing,missing,missing,missing,,missing,,,MIGS.ba,missing,missing,missing,,missing,missing,missing,missing,missing,,missing,,,,,,,,,,,,missing,,,,,missing,,,,,not applicable,not applicable,,,,
SRX5209269,LL1042,,,,,,,,,,,,,Acetivibrio thermocellus,,,,,,,,,,,,7045295,Clostridium thermocellum DSM1313 LL1042 transcriptomics,RNA-Seq,TRANSCRIPTOMIC,other,PAIRED,ILLUMINA,Illumina HiSeq 2500,SRP175548,Ruminiclostridium thermocellum LL1042 transcriptomics - 073_CI_22_01_2015_LL1004-v2 transcriptome,Transcriptome of Ruminiclostridium thermocellum strain for higher ethanol production to acquire transcriptional data for a comparison with Clostridium thermocellum (Ruminiclostridium thermocellum) DSM 1313. Sample collected from CI chemostat,SRS4213783,Acetivibrio thermocellus,,LL1042,,SRR8399972,11481796,2319322792,9071157,SAMN09071157,Acetivibrio thermocellus,Ruminiclostridium thermocellum LL1042 transcriptomics - 073_CI_22_01_2015_LL1004-v2,,LL1042,,1/6,YES,,,,,missing,missing,missing,,missing,missing,missing,missing,missing,,missing,,,MIGS.ba,missing,missing,missing,,missing,missing,missing,missing,missing,,missing,,,,,,,,,,,,missing,,,,,missing,,,,,not applicable,not applicable,,,,
SRX5209270,LL1042,,,,,,,,,,,,,Acetivibrio thermocellus,,,,,,,,,,,,7045296,Clostridium thermocellum DSM1313 LL1042 transcriptomics,RNA-Seq,TRANSCRIPTOMIC,other,PAIRED,ILLUMINA,Illumina HiSeq 2500,SRP175549,Ruminiclostridium thermocellum LL1042 transcriptomics - 075_CIV_01_10_2014_LL1043-v2 transcriptome,Transcriptome of Ruminiclostridium thermocellum strain for higher ethanol production to acquire transcriptional data for a comparison with Clostridium thermocellum (Ruminiclostridium thermocellum) DSM 1313. Sample collected from CIV chemostat,SRS4213784,Acetivibrio thermocellus,,LL1042,,SRR8399971,15603324,3151871448,9071154,SAMN09071154,Acetivibrio thermocellus,Ruminiclostridium thermocellum LL1042 transcriptomics - 075_CIV_01_10_2014_LL1043-v2,,LL1042,,1/6,YES,,,,,missing,missing,missing,,missing,missing,missing,missing,missing,,missing,,,MIGS.ba,missing,missing,missing,,missing,missing,missing,missing,missing,,missing,,,,,,,,,,,,missing,,,,,missing,,,,,not applicable,not applicable,,,,
SRX5209271,LL1042,,,,,,,,,,,,,Acetivibrio thermocellus,,,,,,,,,,,,7045297,Clostridium thermocellum DSM1313 LL1042 transcriptomics,RNA-Seq,TRANSCRIPTOMIC,other,PAIRED,ILLUMINA,Illumina HiSeq 2500,SRP175550,Ruminiclostridium thermocellum LL1042 transcriptomics - 074_CIII_01_10_2014_LL1043-v2 transcriptome,Transcriptome of Ruminiclostridium thermocellum strain for higher ethanol production to acquire transcriptional data for a comparison with Clostridium thermocellum (Ruminiclostridium thermocellum) DSM 1313. Sample collected from CIII chemostat,SRS4213785,Acetivibrio thermocellus,,LL1042,,SRR8399970,14689432,2967265264,9071156,SAMN09071156,Acetivibrio thermocellus,Ruminiclostridium thermocellum LL1042 transcriptomics - 074_CIII_01_10_2014_LL1043-v2,,LL1042,,1/6,YES,,,,,missing,missing,missing,,missing,missing,missing,missing,missing,,missing,,,MIGS.ba,missing,missing,missing,,missing,missing,missing,missing,missing,,missing,,,,,,,,,,,,missing,,,,,missing,,,,,not applicable,not applicable,,,,
SRX5209272,LL1044,,,,,,,,,,,,,Acetivibrio thermocellus,,,,,,,,,,,,7045298,Clostridium thermocellum DSM1313 LL1044 transcriptomics,RNA-Seq,TRANSCRIPTOMIC,other,PAIRED,ILLUMINA,Illumina HiSeq 2500,SRP175551,Ruminiclostridium thermocellum LL1044 transcriptomics - 082_CIII_22_01_2015_LL1004-v2 transcriptome,Transcriptome of Ruminiclostridium thermocellum strain for higher ethanol production to acquire transcriptional data for a comparison with Clostridium thermocellum (Ruminiclostridium thermocellum) DSM 1313. Sample collected from CIII chemostat,SRS4213786,Acetivibrio thermocellus,,LL1044,,SRR8399977,13727972,2773050344,9071361,SAMN09071361,Acetivibrio thermocellus,Ruminiclostridium thermocellum LL1044 transcriptomics - 082_CIII_22_01_2015_LL1004-v2,,LL1044,,1/6,YES,,,,,missing,missing,missing,,missing,missing,missing,missing,missing,,missing,,,MIGS.ba,missing,missing,missing,,missing,missing,missing,missing,missing,,missing,,,,,,,,,,,,missing,,,,,missing,,,,,not applicable,not applicable,,,,
SRX5209273,LL1044,,,,,,,,,,,,,Acetivibrio thermocellus,,,,,,,,,,,,7045299,Clostridium thermocellum DSM1313 LL1044 transcriptomics,RNA-Seq,TRANSCRIPTOMIC,other,PAIRED,ILLUMINA,Illumina HiSeq 2500,SRP175552,Ruminiclostridium thermocellum LL1044 transcriptomics - 081_CII_22_01_2015_LL1004-v2 transcriptome,Transcriptome of Ruminiclostridium thermocellum strain for higher ethanol production to acquire transcriptional data for a comparison with Clostridium thermocellum (Ruminiclostridium thermocellum) DSM 1313. Sample collected from CII chemostat,SRS4213787,Acetivibrio thermocellus,,LL1044,,SRR8399976,12112684,2446762168,9071358,SAMN09071358,Acetivibrio thermocellus,Ruminiclostridium thermocellum LL1044 transcriptomics - 081_CII_22_01_2015_LL1004-v2,,LL1044,,1/6,YES,,,,,missing,missing,missing,,missing,missing,missing,missing,missing,,missing,,,MIGS.ba,missing,missing,missing,,missing,missing,missing,missing,missing,,missing,,,,,,,,,,,,missing,,,,,missing,,,,,not applicable,not applicable,,,,
SRX5209274,LL1044,,,,,,,,,,,,,Acetivibrio thermocellus,,,,,,,,,,,,7045300,Clostridium thermocellum DSM1313 LL1044 transcriptomics,RNA-Seq,TRANSCRIPTOMIC,other,PAIRED,ILLUMINA,Illumina HiSeq 2500,SRP175553,Ruminiclostridium thermocellum LL1044 transcriptomics - 083_CIV_22_01_2015_LL1004-v2 transcriptome,Transcriptome of Ruminiclostridium thermocellum strain for higher ethanol production to acquire transcriptional data for a comparison with Clostridium thermocellum (Ruminiclostridium thermocellum) DSM 1313. Sample collected from CIV chemostat,SRS4213788,Acetivibrio thermocellus,,LL1044,,SRR8399975,14676553,2964663706,9071359,SAMN09071359,Acetivibrio thermocellus,Ruminiclostridium thermocellum LL1044 transcriptomics - 083_CIV_22_01_2015_LL1004-v2,,LL1044,,1/6,YES,,,,,missing,missing,missing,,missing,missing,missing,missing,missing,,missing,,,MIGS.ba,missing,missing,missing,,missing,missing,missing,missing,missing,,missing,,,,,,,,,,,,missing,,,,,missing,,,,,not applicable,not applicable,,,,
SRX5209275,LL1044,,,,,,,,,,,,,Acetivibrio thermocellus,,,,,,,,,,,,7045301,Clostridium thermocellum DSM1313 LL1044 transcriptomics,RNA-Seq,TRANSCRIPTOMIC,other,PAIRED,ILLUMINA,Illumina HiSeq 2500,SRP175554,Ruminiclostridium thermocellum LL1044 transcriptomics - 084_CI_04_02_2015_LL345-v2 transcriptome,Transcriptome of Ruminiclostridium thermocellum strain for higher ethanol production to acquire transcriptional data for a comparison with Clostridium thermocellum (Ruminiclostridium thermocellum) DSM 1313. Sample collected from CI chemostat,SRS4213789,Acetivibrio thermocellus,,LL1044,,SRR8399974,15098738,3049945076,9071360,SAMN09071360,Acetivibrio thermocellus,Ruminiclostridium thermocellum LL1044 transcriptomics - 084_CI_04_02_2015_LL345-v2,,LL1044,,1/6,YES,,,,,missing,missing,missing,,missing,missing,missing,missing,missing,,missing,,,MIGS.ba,missing,missing,missing,,missing,missing,missing,missing,missing,,missing,,,,,,,,,,,,missing,,,,,missing,,,,,not applicable,not applicable,,,,
SRX5209276,AG1150,,,,,,,,,,,,,Acetivibrio thermocellus,,,,,,,,,,,,7045302,Clostridium thermocellum DSM1313 LL345 transcriptomics,RNA-Seq,TRANSCRIPTOMIC,other,PAIRED,ILLUMINA,Illumina HiSeq 2500,SRP175555,Ruminiclostridium thermocellum DSM1313 LL345 transcriptomics - 093_CIV_04_02_2015_LL376-v2 transcriptome,Comparison of transcriptomes of Clostridium thermocellum cultures for higher ethanol production,SRS4213790,Acetivibrio thermocellus,,AG1150,,SRR8399980,14141185,2856519370,9074246,SAMN09074246,Acetivibrio thermocellus,Ruminiclostridium thermocellum DSM1313 LL345 transcriptomics - 093_CIV_04_02_2015_LL376-v2,,AG1150,,1/6,YES,,,,,missing,missing,missing,,missing,missing,missing,missing,missing,,missing,,,MIGS.ba,missing,missing,missing,,missing,missing,missing,missing,missing,,missing,,,,,,,,,,,,missing,,,,,missing,,,,,not applicable,not applicable,,,,
SRX5209277,LL345,,,,,,,,,,,,,Acetivibrio thermocellus,,,,,,,,,,,,7045303,Clostridium thermocellum DSM1313 LL345 transcriptomics,RNA-Seq,TRANSCRIPTOMIC,other,PAIRED,ILLUMINA,Illumina HiSeq 2500,SRP175556,Ruminiclostridium thermocellum LL345 transcriptomics - 095_CIII_05_02_2015_LL376-v2 transcriptome,Transcriptome of Ruminiclostridium thermocellum strain for higher ethanol production to acquire transcriptional data for a comparison with Clostridium thermocellum (Ruminiclostridium thermocellum) DSM 1313. Sample collected from CIII chemostat,SRS4213791,Acetivibrio thermocellus,,LL345,,SRR8399979,15061512,3042425424,9066863,SAMN09066863,Acetivibrio thermocellus,Ruminiclostridium thermocellum LL345 transcriptomics - 095_CIII_05_02_2015_LL376-v2,,LL345,,1/6,YES,,,,,missing,missing,missing,,missing,missing,missing,missing,missing,,missing,,,MIGS.ba,missing,missing,missing,,missing,missing,missing,missing,missing,,missing,,,,,,,,,,,,missing,,,,,missing,,,,,not applicable,not applicable,,,,
SRX5209278,AG1150,,,,,,,,,,,,,Acetivibrio thermocellus,,,,,,,,,,,,7045304,Clostridium thermocellum DSM1313 LL345 transcriptomics,RNA-Seq,TRANSCRIPTOMIC,other,PAIRED,ILLUMINA,Illumina HiSeq 2500,SRP175557,Ruminiclostridium thermocellum DSM1313 LL345 transcriptomics - 094_CII_05_02_2015_LL345-v2 transcriptome,Comparison of transcriptomes of Clostridium thermocellum cultures for higher ethanol production,SRS4213792,Acetivibrio thermocellus,,AG1150,,SRR8399978,12124430,2449134860,9074242,SAMN09074242,Acetivibrio thermocellus,Ruminiclostridium thermocellum DSM1313 LL345 transcriptomics - 094_CII_05_02_2015_LL345-v2,,AG1150,,1/6,YES,,,,,missing,missing,missing,,missing,missing,missing,missing,missing,,missing,,,MIGS.ba,missing,missing,missing,,missing,missing,missing,missing,missing,,missing,,,,,,,,,,,,missing,,,,,missing,,,,,not applicable,not applicable,,,,
SRX5209279,LL372,,,,,,,,,,,,,Acetivibrio thermocellus,,,,,,,,,,,,7045305,Clostridium thermocellum DSM1313 LL372 transcriptomics,RNA-Seq,TRANSCRIPTOMIC,other,PAIRED,ILLUMINA,Illumina HiSeq 2500,SRP175558,Ruminiclostridium thermocellum LL372 transcriptomics - 098_CII_17_02_2015_LL372-v2 transcriptome,Transcriptome of Ruminiclostridium thermocellum strain for higher ethanol production to acquire transcriptional data for a comparison with Clostridium thermocellum (Ruminiclostridium thermocellum) DSM 1313. Sample collected from CII chemostat,SRS4213793,Acetivibrio thermocellus,,LL372,,SRR8399984,13049871,2636073942,9065915,SAMN09065915,Acetivibrio thermocellus,Ruminiclostridium thermocellum LL372 transcriptomics - 098_CII_17_02_2015_LL372-v2,,LL372,,1/6,YES,,,,,missing,missing,missing,,missing,missing,missing,missing,missing,,missing,,,MIGS.ba,missing,missing,missing,,missing,missing,missing,missing,missing,,missing,,,,,,,,,,,,missing,,,,,missing,,,,,not applicable,not applicable,,,,
SRX5209280,LL372,,,,,,,,,,,,,Acetivibrio thermocellus,,,,,,,,,,,,7045306,Clostridium thermocellum DSM1313 LL372 transcriptomics,RNA-Seq,TRANSCRIPTOMIC,other,PAIRED,ILLUMINA,Illumina HiSeq 2500,SRP175559,Ruminiclostridium thermocellum LL372 transcriptomics - 097_CI_17_02_2015_LL372-v2 transcriptome,Transcriptome of Ruminiclostridium thermocellum strain for higher ethanol production to acquire transcriptional data for a comparison with Clostridium thermocellum (Ruminiclostridium thermocellum) DSM 1313. Sample collected from CI chemostat,SRS4213794,Acetivibrio thermocellus,,LL372,,SRR8399983,14376693,2904091986,9065913,SAMN09065913,Acetivibrio thermocellus,Ruminiclostridium thermocellum LL372 transcriptomics - 097_CI_17_02_2015_LL372-v2,,LL372,,1/6,YES,,,,,missing,missing,missing,,missing,missing,missing,missing,missing,,missing,,,MIGS.ba,missing,missing,missing,,missing,missing,missing,missing,missing,,missing,,,,,,,,,,,,missing,,,,,missing,,,,,not applicable,not applicable,,,,
SRX5209281,LL372,,,,,,,,,,,,,Acetivibrio thermocellus,,,,,,,,,,,,7045307,Clostridium thermocellum DSM1313 LL372 transcriptomics,RNA-Seq,TRANSCRIPTOMIC,other,PAIRED,ILLUMINA,Illumina HiSeq 2500,SRP175560,Ruminiclostridium thermocellum LL372 transcriptomics - 100_CIII_17_02_2015_LL1036-v2 transcriptome,Transcriptome of Ruminiclostridium thermocellum strain for higher ethanol production to acquire transcriptional data for a comparison with Clostridium thermocellum (Ruminiclostridium thermocellum) DSM 1313. Sample collected from CIII chemostat,SRS4213795,Acetivibrio thermocellus,,LL372,,SRR8399982,16025115,3237073230,9065912,SAMN09065912,Acetivibrio thermocellus,Ruminiclostridium thermocellum LL372 transcriptomics - 100_CIII_17_02_2015_LL1036-v2,,LL372,,1/6,YES,,,,,missing,missing,missing,,missing,missing,missing,missing,missing,,missing,,,MIGS.ba,missing,missing,missing,,missing,missing,missing,missing,missing,,missing,,,,,,,,,,,,missing,,,,,missing,,,,,not applicable,not applicable,,,,
SRX5209282,LL372,,,,,,,,,,,,,Acetivibrio thermocellus,,,,,,,,,,,,7045308,Clostridium thermocellum DSM1313 LL372 transcriptomics,RNA-Seq,TRANSCRIPTOMIC,other,PAIRED,ILLUMINA,Illumina HiSeq 2500,SRP175561,Ruminiclostridium thermocellum LL372 transcriptomics - 099_CII_18_02_2015_LL372-v2 transcriptome,Transcriptome of Ruminiclostridium thermocellum strain for higher ethanol production to acquire transcriptional data for a comparison with Clostridium thermocellum (Ruminiclostridium thermocellum) DSM 1313. Sample collected from CII chemostat,SRS4213796,Acetivibrio thermocellus,,LL372,,SRR8399981,16210538,3274528676,9065914,SAMN09065914,Acetivibrio thermocellus,Ruminiclostridium thermocellum LL372 transcriptomics - 099_CII_18_02_2015_LL372-v2,,LL372,,1/6,YES,,,,,missing,missing,missing,,missing,missing,missing,missing,missing,,missing,,,MIGS.ba,missing,missing,missing,,missing,missing,missing,missing,missing,,missing,,,,,,,,,,,,missing,,,,,missing,,,,,not applicable,not applicable,,,,
SRX5209298,LL376,,,,,,,,,,,,,Acetivibrio thermocellus,,,,,,,,,,,,7045324,Clostridium thermocellum DSM1313 LL376 transcriptomics,RNA-Seq,TRANSCRIPTOMIC,other,PAIRED,ILLUMINA,Illumina HiSeq 2500,SRP175563,Ruminiclostridium thermocellum LL376 transcriptomics - 117_CIV_22_10_2014_LL1004-v2 transcriptome,Transcriptome of Ruminiclostridium thermocellum strain for higher ethanol production to acquire transcriptional data for a comparison with Clostridium thermocellum (Ruminiclostridium thermocellum) DSM 1313. Sample collected from CIV chemostat,SRS4213797,Acetivibrio thermocellus,,LL376,,SRR8400003,14464743,2921878086,9066647,SAMN09066647,Acetivibrio thermocellus,Ruminiclostridium thermocellum LL376 transcriptomics - 117_CIV_22_10_2014_LL1004-v2,,LL376,,1/6,YES,,,,,missing,missing,missing,,missing,missing,missing,missing,missing,,missing,,,MIGS.ba,missing,missing,missing,,missing,missing,missing,missing,missing,,missing,,,,,,,,,,,,missing,,,,,missing,,,,,not applicable,not applicable,,,,
SRX5209299,LL376,,,,,,,,,,,,,Acetivibrio thermocellus,,,,,,,,,,,,7045325,Clostridium thermocellum DSM1313 LL376 transcriptomics,RNA-Seq,TRANSCRIPTOMIC,other,PAIRED,ILLUMINA,Illumina HiSeq 2500,SRP175564,Ruminiclostridium thermocellum LL376 transcriptomics - 118_CIII_23_10_2014_LL1004-v2 transcriptome,Transcriptome of Ruminiclostridium thermocellum strain for higher ethanol production to acquire transcriptional data for a comparison with Clostridium thermocellum (Ruminiclostridium thermocellum) DSM 1313. Sample collected from CIII chemostat,SRS4213798,Acetivibrio thermocellus,,LL376,,SRR8400002,19927732,4025401864,9066650,SAMN09066650,Acetivibrio thermocellus,Ruminiclostridium thermocellum LL376 transcriptomics - 118_CIII_23_10_2014_LL1004-v2,,LL376,,1/6,YES,,,,,missing,missing,missing,,missing,missing,missing,missing,missing,,missing,,,MIGS.ba,missing,missing,missing,,missing,missing,missing,missing,missing,,missing,,,,,,,,,,,,missing,,,,,missing,,,,,not applicable,not applicable,,,,
SRX5209300,LL376,,,,,,,,,,,,,Acetivibrio thermocellus,,,,,,,,,,,,7045326,Clostridium thermocellum DSM1313 LL376 transcriptomics,RNA-Seq,TRANSCRIPTOMIC,other,PAIRED,ILLUMINA,Illumina HiSeq 2500,SRP175565,Ruminiclostridium thermocellum LL376 transcriptomics - 119_CIV_23_10_2014_LL1004-v2 transcriptome,Transcriptome of Ruminiclostridium thermocellum strain for higher ethanol production to acquire transcriptional data for a comparison with Clostridium thermocellum (Ruminiclostridium thermocellum) DSM 1313. Sample collected from CIV chemostat,SRS4213799,Acetivibrio thermocellus,,LL376,,SRR8400001,15171817,3064707034,9066648,SAMN09066648,Acetivibrio thermocellus,Ruminiclostridium thermocellum LL376 transcriptomics - 119_CIV_23_10_2014_LL1004-v2,,LL376,,1/6,YES,,,,,missing,missing,missing,,missing,missing,missing,missing,missing,,missing,,,MIGS.ba,missing,missing,missing,,missing,missing,missing,missing,missing,,missing,,,,,,,,,,,,missing,,,,,missing,,,,,not applicable,not applicable,,,,
SRX5209301,LL376,,,,,,,,,,,,,Acetivibrio thermocellus,,,,,,,,,,,,7045327,Clostridium thermocellum DSM1313 LL376 transcriptomics,RNA-Seq,TRANSCRIPTOMIC,other,PAIRED,ILLUMINA,Illumina HiSeq 2500,SRP175566,Ruminiclostridium thermocellum LL376 transcriptomics - 120_CIV_18_02_2015_LL1036-v2 transcriptome,Transcriptome of Ruminiclostridium thermocellum strain for higher ethanol production to acquire transcriptional data for a comparison with Clostridium thermocellum (Ruminiclostridium thermocellum) DSM 1313. Sample collected from CIV chemostat,SRS4213800,Acetivibrio thermocellus,,LL376,,SRR8400000,10533603,2127787806,9066649,SAMN09066649,Acetivibrio thermocellus,Ruminiclostridium thermocellum LL376 transcriptomics - 120_CIV_18_02_2015_LL1036-v2,,LL376,,1/6,YES,,,,,missing,missing,missing,,missing,missing,missing,missing,missing,,missing,,,MIGS.ba,missing,missing,missing,,missing,missing,missing,missing,missing,,missing,,,,,,,,,,,,missing,,,,,missing,,,,,not applicable,not applicable,,,,
SRX6853642,KJC355,,cellobiose,,,,,,,,,,,Acetivibrio thermocellus,,,32884054,Transcriptomic analysis of a Clostridium thermocellum strain engineered to utilize xylose: responses to xylose versus cellobiose feeding.,Tafur Rangel AE,Tafur Rangel AE; Croft T; González Barrios AF; Reyes LH; Maness PC; Chou KJ,Sci Rep,,10.1038/s41598-020-71428-6,"Clostridium (Ruminiclostridium) thermocellum is recognized for its ability to ferment cellulosic biomass directly, but it cannot naturally grow on xylose. Recently, C. thermocellum (KJC335) was engineered to utilize xylose through expressing a heterologous xylose catabolizing pathway. Here, we compared KJC335's transcriptomic responses to xylose versus cellobiose as the primary carbon source and assessed how the bacteria adapted to utilize xylose. Our analyses revealed 417 differentially express",32884054,9021625,GSM4080753: 2-1-unevolved-in-cellobiose; Hungateiclostridium thermocellum; RNA-Seq,RNA-Seq,TRANSCRIPTOMIC,cDNA,PAIRED,ILLUMINA,Illumina HiSeq 4000,SRP221752,KJC335's transcriptomic responses to xylose versus cellobiose,"Clostridium (Ruminiclostridium) thermocellum is recognized for its ability to ferment cellulosic biomass directly, but it cannot naturally grow on xylose. Recently, C. thermocellum (KJC335) was engineered to utilize xylose through expressing a heterologous xylose catabolizing pathway. Here, we compared KJC335's transcriptomic responses to xylose versus cellobiose as the primary carbon source and assessed how the bacteria adapted to utilize xylose. Our analyses revealed 417 differentially expressed genes (DEGs) with log2 fold change (FC) > |1| and 106 highly DEGs (log2 FC > |2|). Among the DEGs",SRS5391957,Acetivibrio thermocellus,bacterial total RNA,KJC355,,SRR10125063,31206799,9424453298,12767037,SAMN12767037,Acetivibrio thermocellus,2-1-unevolved-in-cellobiose,bacterial total RNA,KJC355,,2/6,YES,,,,,,,,,,,,,,,,,,,,,,,,,,,,,,,,,,,,,,,,,,,,,,,,,,,,,,,cellobiose,cellobiose
SRX6853643,KJC355,,cellobiose,,,,,,,,,,,Acetivibrio thermocellus,,,32884054,Transcriptomic analysis of a Clostridium thermocellum strain engineered to utilize xylose: responses to xylose versus cellobiose feeding.,Tafur Rangel AE,Tafur Rangel AE; Croft T; González Barrios AF; Reyes LH; Maness PC; Chou KJ,Sci Rep,,10.1038/s41598-020-71428-6,"Clostridium (Ruminiclostridium) thermocellum is recognized for its ability to ferment cellulosic biomass directly, but it cannot naturally grow on xylose. Recently, C. thermocellum (KJC335) was engineered to utilize xylose through expressing a heterologous xylose catabolizing pathway. Here, we compared KJC335's transcriptomic responses to xylose versus cellobiose as the primary carbon source and assessed how the bacteria adapted to utilize xylose. Our analyses revealed 417 differentially express",32884054,9021626,GSM4080754: 2-2-unevolved-in-cellobiose; Hungateiclostridium thermocellum; RNA-Seq,RNA-Seq,TRANSCRIPTOMIC,cDNA,PAIRED,ILLUMINA,Illumina HiSeq 4000,SRP221752,KJC335's transcriptomic responses to xylose versus cellobiose,"Clostridium (Ruminiclostridium) thermocellum is recognized for its ability to ferment cellulosic biomass directly, but it cannot naturally grow on xylose. Recently, C. thermocellum (KJC335) was engineered to utilize xylose through expressing a heterologous xylose catabolizing pathway. Here, we compared KJC335's transcriptomic responses to xylose versus cellobiose as the primary carbon source and assessed how the bacteria adapted to utilize xylose. Our analyses revealed 417 differentially expressed genes (DEGs) with log2 fold change (FC) > |1| and 106 highly DEGs (log2 FC > |2|). Among the DEGs",SRS5391958,Acetivibrio thermocellus,bacterial total RNA,KJC355,,SRR10125064,24927450,7528089900,12767036,SAMN12767036,Acetivibrio thermocellus,2-2-unevolved-in-cellobiose,bacterial total RNA,KJC355,,2/6,YES,,,,,,,,,,,,,,,,,,,,,,,,,,,,,,,,,,,,,,,,,,,,,,,,,,,,,,,cellobiose,cellobiose
SRX6853644,KJC355,,cellobiose,,,,,,,,,,,Acetivibrio thermocellus,,,32884054,Transcriptomic analysis of a Clostridium thermocellum strain engineered to utilize xylose: responses to xylose versus cellobiose feeding.,Tafur Rangel AE,Tafur Rangel AE; Croft T; González Barrios AF; Reyes LH; Maness PC; Chou KJ,Sci Rep,,10.1038/s41598-020-71428-6,"Clostridium (Ruminiclostridium) thermocellum is recognized for its ability to ferment cellulosic biomass directly, but it cannot naturally grow on xylose. Recently, C. thermocellum (KJC335) was engineered to utilize xylose through expressing a heterologous xylose catabolizing pathway. Here, we compared KJC335's transcriptomic responses to xylose versus cellobiose as the primary carbon source and assessed how the bacteria adapted to utilize xylose. Our analyses revealed 417 differentially express",32884054,9021627,GSM4080755: 2-3-unevolved-in-cellobiose; Hungateiclostridium thermocellum; RNA-Seq,RNA-Seq,TRANSCRIPTOMIC,cDNA,PAIRED,ILLUMINA,Illumina HiSeq 4000,SRP221752,KJC335's transcriptomic responses to xylose versus cellobiose,"Clostridium (Ruminiclostridium) thermocellum is recognized for its ability to ferment cellulosic biomass directly, but it cannot naturally grow on xylose. Recently, C. thermocellum (KJC335) was engineered to utilize xylose through expressing a heterologous xylose catabolizing pathway. Here, we compared KJC335's transcriptomic responses to xylose versus cellobiose as the primary carbon source and assessed how the bacteria adapted to utilize xylose. Our analyses revealed 417 differentially expressed genes (DEGs) with log2 fold change (FC) > |1| and 106 highly DEGs (log2 FC > |2|). Among the DEGs",SRS5391959,Acetivibrio thermocellus,bacterial total RNA,KJC355,,SRR10125065,32555361,9831719022,12767035,SAMN12767035,Acetivibrio thermocellus,2-3-unevolved-in-cellobiose,bacterial total RNA,KJC355,,2/6,YES,,,,,,,,,,,,,,,,,,,,,,,,,,,,,,,,,,,,,,,,,,,,,,,,,,,,,,,cellobiose,cellobiose
SRX6853645,KJC355,,xylose,,,,,,,,,,,Acetivibrio thermocellus,,,32884054,Transcriptomic analysis of a Clostridium thermocellum strain engineered to utilize xylose: responses to xylose versus cellobiose feeding.,Tafur Rangel AE,Tafur Rangel AE; Croft T; González Barrios AF; Reyes LH; Maness PC; Chou KJ,Sci Rep,,10.1038/s41598-020-71428-6,"Clostridium (Ruminiclostridium) thermocellum is recognized for its ability to ferment cellulosic biomass directly, but it cannot naturally grow on xylose. Recently, C. thermocellum (KJC335) was engineered to utilize xylose through expressing a heterologous xylose catabolizing pathway. Here, we compared KJC335's transcriptomic responses to xylose versus cellobiose as the primary carbon source and assessed how the bacteria adapted to utilize xylose. Our analyses revealed 417 differentially express",32884054,9021628,GSM4080756: 2-1-unevolved-in-xylose; Hungateiclostridium thermocellum; RNA-Seq,RNA-Seq,TRANSCRIPTOMIC,cDNA,PAIRED,ILLUMINA,Illumina HiSeq 4000,SRP221752,KJC335's transcriptomic responses to xylose versus cellobiose,"Clostridium (Ruminiclostridium) thermocellum is recognized for its ability to ferment cellulosic biomass directly, but it cannot naturally grow on xylose. Recently, C. thermocellum (KJC335) was engineered to utilize xylose through expressing a heterologous xylose catabolizing pathway. Here, we compared KJC335's transcriptomic responses to xylose versus cellobiose as the primary carbon source and assessed how the bacteria adapted to utilize xylose. Our analyses revealed 417 differentially expressed genes (DEGs) with log2 fold change (FC) > |1| and 106 highly DEGs (log2 FC > |2|). Among the DEGs",SRS5391960,Acetivibrio thermocellus,bacterial total RNA,KJC355,,SRR10125066,25841983,7804278866,12767033,SAMN12767033,Acetivibrio thermocellus,2-1-unevolved-in-xylose,bacterial total RNA,KJC355,,2/6,YES,,,,,,,,,,,,,,,,,,,,,,,,,,,,,,,,,,,,,,,,,,,,,,,,,,,,,,,xylose,xylose
SRX6853646,KJC355,,xylose,,,,,,,,,,,Acetivibrio thermocellus,,,32884054,Transcriptomic analysis of a Clostridium thermocellum strain engineered to utilize xylose: responses to xylose versus cellobiose feeding.,Tafur Rangel AE,Tafur Rangel AE; Croft T; González Barrios AF; Reyes LH; Maness PC; Chou KJ,Sci Rep,,10.1038/s41598-020-71428-6,"Clostridium (Ruminiclostridium) thermocellum is recognized for its ability to ferment cellulosic biomass directly, but it cannot naturally grow on xylose. Recently, C. thermocellum (KJC335) was engineered to utilize xylose through expressing a heterologous xylose catabolizing pathway. Here, we compared KJC335's transcriptomic responses to xylose versus cellobiose as the primary carbon source and assessed how the bacteria adapted to utilize xylose. Our analyses revealed 417 differentially express",32884054,9021629,GSM4080757: 2-2-unevolved-in-xylose; Hungateiclostridium thermocellum; RNA-Seq,RNA-Seq,TRANSCRIPTOMIC,cDNA,PAIRED,ILLUMINA,Illumina HiSeq 4000,SRP221752,KJC335's transcriptomic responses to xylose versus cellobiose,"Clostridium (Ruminiclostridium) thermocellum is recognized for its ability to ferment cellulosic biomass directly, but it cannot naturally grow on xylose. Recently, C. thermocellum (KJC335) was engineered to utilize xylose through expressing a heterologous xylose catabolizing pathway. Here, we compared KJC335's transcriptomic responses to xylose versus cellobiose as the primary carbon source and assessed how the bacteria adapted to utilize xylose. Our analyses revealed 417 differentially expressed genes (DEGs) with log2 fold change (FC) > |1| and 106 highly DEGs (log2 FC > |2|). Among the DEGs",SRS5391961,Acetivibrio thermocellus,bacterial total RNA,KJC355,,SRR10125067,25141860,7592841720,12767032,SAMN12767032,Acetivibrio thermocellus,2-2-unevolved-in-xylose,bacterial total RNA,KJC355,,2/6,YES,,,,,,,,,,,,,,,,,,,,,,,,,,,,,,,,,,,,,,,,,,,,,,,,,,,,,,,xylose,xylose
SRX6853647,KJC355,,xylose,,,,,,,,,,,Acetivibrio thermocellus,,,32884054,Transcriptomic analysis of a Clostridium thermocellum strain engineered to utilize xylose: responses to xylose versus cellobiose feeding.,Tafur Rangel AE,Tafur Rangel AE; Croft T; González Barrios AF; Reyes LH; Maness PC; Chou KJ,Sci Rep,,10.1038/s41598-020-71428-6,"Clostridium (Ruminiclostridium) thermocellum is recognized for its ability to ferment cellulosic biomass directly, but it cannot naturally grow on xylose. Recently, C. thermocellum (KJC335) was engineered to utilize xylose through expressing a heterologous xylose catabolizing pathway. Here, we compared KJC335's transcriptomic responses to xylose versus cellobiose as the primary carbon source and assessed how the bacteria adapted to utilize xylose. Our analyses revealed 417 differentially express",32884054,9021630,GSM4080758: 2-3-unevolved-in-xylose; Hungateiclostridium thermocellum; RNA-Seq,RNA-Seq,TRANSCRIPTOMIC,cDNA,PAIRED,ILLUMINA,Illumina HiSeq 4000,SRP221752,KJC335's transcriptomic responses to xylose versus cellobiose,"Clostridium (Ruminiclostridium) thermocellum is recognized for its ability to ferment cellulosic biomass directly, but it cannot naturally grow on xylose. Recently, C. thermocellum (KJC335) was engineered to utilize xylose through expressing a heterologous xylose catabolizing pathway. Here, we compared KJC335's transcriptomic responses to xylose versus cellobiose as the primary carbon source and assessed how the bacteria adapted to utilize xylose. Our analyses revealed 417 differentially expressed genes (DEGs) with log2 fold change (FC) > |1| and 106 highly DEGs (log2 FC > |2|). Among the DEGs",SRS5391962,Acetivibrio thermocellus,bacterial total RNA,KJC355,,SRR10125068,35506640,10723005280,12767030,SAMN12767030,Acetivibrio thermocellus,2-3-unevolved-in-xylose,bacterial total RNA,KJC355,,2/6,YES,,,,,,,,,,,,,,,,,,,,,,,,,,,,,,,,,,,,,,,,,,,,,,,,,,,,,,,xylose,xylose
SRX7194992,LL1011,,,,,,,,,,,,,Acetivibrio thermocellus,,,,,,,,,,,,9449052,Clostridium thermocellum DSM1313 LL1011 transcriptomics,RNA-Seq,TRANSCRIPTOMIC,other,PAIRED,ILLUMINA,Illumina HiSeq 2500,SRP230886,Ruminiclostridium thermocellum LL1011 transcriptomics - 062_CII_08_10_2014_LL1011-v2 transcriptome,Transcriptome of Ruminiclostridium thermocellum strain for higher ethanol production to acquire transcriptional data for a comparison with Clostridium thermocellum (Ruminiclostridium thermocellum) DSM 1313. Sample collected from CII chemostat,SRS5700772,Acetivibrio thermocellus,,LL1011,,SRR10506056,19432693,3925403986,9071164,SAMN09071164,Acetivibrio thermocellus,Ruminiclostridium thermocellum LL1011 transcriptomics - 062_CII_08_10_2014_LL1011-v2,,LL1011,,1/6,YES,,,,,missing,missing,missing,,missing,missing,missing,missing,missing,,missing,,,MIGS.ba,missing,missing,missing,,missing,missing,missing,missing,missing,,missing,,,,,,,,,,,,missing,,,,,missing,,,,,not applicable,not applicable,,,,
SRX7194993,LL1011,,,,,,,,,,,,,Acetivibrio thermocellus,,,,,,,,,,,,9449053,Clostridium thermocellum DSM1313 LL1011 transcriptomics,RNA-Seq,TRANSCRIPTOMIC,other,PAIRED,ILLUMINA,Illumina HiSeq 2500,SRP230887,Ruminiclostridium thermocellum LL1011 transcriptomics - 063_CIII_09_10_2014_LL374-v2 transcriptome,Transcriptome of Ruminiclostridium thermocellum strain for higher ethanol production to acquire transcriptional data for a comparison with Clostridium thermocellum (Ruminiclostridium thermocellum) DSM 1313. Sample collected from CIII chemostat,SRS5700773,Acetivibrio thermocellus,,LL1011,,SRR10506055,19685614,3976494028,9071165,SAMN09071165,Acetivibrio thermocellus,Ruminiclostridium thermocellum LL1011 transcriptomics - 063_CIII_09_10_2014_LL374-v2,,LL1011,,1/6,YES,,,,,missing,missing,missing,,missing,missing,missing,missing,missing,,missing,,,MIGS.ba,missing,missing,missing,,missing,missing,missing,missing,missing,,missing,,,,,,,,,,,,missing,,,,,missing,,,,,not applicable,not applicable,,,,
SRX7194994,LL1011,,,,,,,,,,,,,Acetivibrio thermocellus,,,,,,,,,,,,9449054,Clostridium thermocellum DSM1313 LL1011 transcriptomics,RNA-Seq,TRANSCRIPTOMIC,other,PAIRED,ILLUMINA,Illumina HiSeq 2500,SRP230888,Ruminiclostridium thermocellum LL1011 transcriptomics - 064_CIV_09_10_2014_LL374-v2 transcriptome,Transcriptome of Ruminiclostridium thermocellum strain for higher ethanol production to acquire transcriptional data for a comparison with Clostridium thermocellum (Ruminiclostridium thermocellum) DSM 1313. Sample collected from CIV chemostat,SRS5700774,Acetivibrio thermocellus,,LL1011,,SRR10506054,18648680,3767033360,9071166,SAMN09071166,Acetivibrio thermocellus,Ruminiclostridium thermocellum LL1011 transcriptomics - 064_CIV_09_10_2014_LL374-v2,,LL1011,,1/6,YES,,,,,missing,missing,missing,,missing,missing,missing,missing,missing,,missing,,,MIGS.ba,missing,missing,missing,,missing,missing,missing,missing,missing,,missing,,,,,,,,,,,,missing,,,,,missing,,,,,not applicable,not applicable,,,,
SRX7194995,LL1011,,,,,,,,,,,,,Acetivibrio thermocellus,,,,,,,,,,,,9449055,Clostridium thermocellum DSM1313 LL1011 transcriptomics,RNA-Seq,TRANSCRIPTOMIC,other,PAIRED,ILLUMINA,Illumina HiSeq 2500,SRP230889,Ruminiclostridium thermocellum LL1011 transcriptomics - 061_CI_08_10_2014_LL1011-v2 transcriptome,Transcriptome of Ruminiclostridium thermocellum strain for higher ethanol production to acquire transcriptional data for a comparison with Clostridium thermocellum (Ruminiclostridium thermocellum) DSM 1313. Sample collected from CI chemostat,SRS5700775,Acetivibrio thermocellus,,LL1011,,SRR10506053,15316914,3094016628,9071163,SAMN09071163,Acetivibrio thermocellus,Ruminiclostridium thermocellum LL1011 transcriptomics - 061_CI_08_10_2014_LL1011-v2,,LL1011,,1/6,YES,,,,,missing,missing,missing,,missing,missing,missing,missing,missing,,missing,,,MIGS.ba,missing,missing,missing,,missing,missing,missing,missing,missing,,missing,,,,,,,,,,,,missing,,,,,missing,,,,,not applicable,not applicable,,,,
SRX7194997,LL1161,,,,,,,,,,,,,Acetivibrio thermocellus,,,,,,,,,,,,9449344,Clostridium thermocellum DSM1313 LL1161 transcriptomics,RNA-Seq,TRANSCRIPTOMIC,other,PAIRED,ILLUMINA,Illumina HiSeq 2500,SRP230891,Ruminiclostridium thermocellum LL1161 transcriptomics - 089_CI_27_03_2015_LL1004-v2 transcriptome,Transcriptome of Ruminiclostridium thermocellum strain for higher ethanol production to acquire transcriptional data for a comparison with Clostridium thermocellum (Ruminiclostridium thermocellum) DSM 1313. Sample collected from CI chemostat,SRS5700777,Acetivibrio thermocellus,,LL1161,,SRR10506061,14596695,2948532390,9070763,SAMN09070763,Acetivibrio thermocellus,Ruminiclostridium thermocellum LL1161 transcriptomics - 089_CI_27_03_2015_LL1004-v2,,LL1161,,1/6,YES,,,,,missing,missing,missing,,missing,missing,missing,missing,missing,,missing,,,MIGS.ba,missing,missing,missing,,missing,missing,missing,missing,missing,,missing,,,,,,,,,,,,missing,,,,,missing,,,,,not applicable,not applicable,,,,
SRX7194998,LL1161,,,,,,,,,,,,,Acetivibrio thermocellus,,,,,,,,,,,,9449345,Clostridium thermocellum DSM1313 LL1161 transcriptomics,RNA-Seq,TRANSCRIPTOMIC,other,PAIRED,ILLUMINA,Illumina HiSeq 2500,SRP230892,Ruminiclostridium thermocellum LL1161 transcriptomics - 092_CIII_04_02_2015_LL376-v2 transcriptome,Transcriptome of Ruminiclostridium thermocellum strain for higher ethanol production to acquire transcriptional data for a comparison with Clostridium thermocellum (Ruminiclostridium thermocellum) DSM 1313. Sample collected from CIII chemostat,SRS5700778,Acetivibrio thermocellus,,LL1161,,SRR10506060,17582288,3551622176,9070761,SAMN09070761,Acetivibrio thermocellus,Ruminiclostridium thermocellum LL1161 transcriptomics - 092_CIII_04_02_2015_LL376-v2,,LL1161,,1/6,YES,,,,,missing,missing,missing,,missing,missing,missing,missing,missing,,missing,,,MIGS.ba,missing,missing,missing,,missing,missing,missing,missing,missing,,missing,,,,,,,,,,,,missing,,,,,missing,,,,,not applicable,not applicable,,,,
SRX7194999,LL1161,,,,,,,,,,,,,Acetivibrio thermocellus,,,,,,,,,,,,9449346,Clostridium thermocellum DSM1313 LL1161 transcriptomics,RNA-Seq,TRANSCRIPTOMIC,other,PAIRED,ILLUMINA,Illumina HiSeq 2500,SRP230893,Ruminiclostridium thermocellum LL1161 transcriptomics - 090_CIII_26_03_2015_LL374-v2 transcriptome,Transcriptome of Ruminiclostridium thermocellum strain for higher ethanol production to acquire transcriptional data for a comparison with Clostridium thermocellum (Ruminiclostridium thermocellum) DSM 1313. Sample collected from CIII chemostat,SRS5700779,Acetivibrio thermocellus,,LL1161,,SRR10506059,12145123,2453314846,9070762,SAMN09070762,Acetivibrio thermocellus,Ruminiclostridium thermocellum LL1161 transcriptomics - 090_CIII_26_03_2015_LL374-v2,,LL1161,,1/6,YES,,,,,missing,missing,missing,,missing,missing,missing,missing,missing,,missing,,,MIGS.ba,missing,missing,missing,,missing,missing,missing,missing,missing,,missing,,,,,,,,,,,,missing,,,,,missing,,,,,not applicable,not applicable,,,,
SRX7195000,LL1161,,,,,,,,,,,,,Acetivibrio thermocellus,,,,,,,,,,,,9449347,Clostridium thermocellum DSM1313 LL1161 transcriptomics,RNA-Seq,TRANSCRIPTOMIC,other,PAIRED,ILLUMINA,Illumina HiSeq 2500,SRP230894,Ruminiclostridium thermocellum LL1161 transcriptomics - 091_CIV_26_03_2015_LL374-v2 transcriptome,Transcriptome of Ruminiclostridium thermocellum strain for higher ethanol production to acquire transcriptional data for a comparison with Clostridium thermocellum (Ruminiclostridium thermocellum) DSM 1313. Sample collected from CIV chemostat,SRS5700780,Acetivibrio thermocellus,,LL1161,,SRR10506058,17663983,3568124566,9070760,SAMN09070760,Acetivibrio thermocellus,Ruminiclostridium thermocellum LL1161 transcriptomics - 091_CIV_26_03_2015_LL374-v2,,LL1161,,1/6,YES,,,,,missing,missing,missing,,missing,missing,missing,missing,missing,,missing,,,MIGS.ba,missing,missing,missing,,missing,missing,missing,missing,missing,,missing,,,,,,,,,,,,missing,,,,,missing,,,,,not applicable,not applicable,,,,
SRX7195280,LL1043,,,,,,,,,,,,,Acetivibrio thermocellus,,,,,,,,,,,,9449674,Clostridium thermocellum DSM1313 LL1043 transcriptomics,RNA-Seq,TRANSCRIPTOMIC,other,PAIRED,ILLUMINA,Illumina HiSeq 2500,SRP230896,Ruminiclostridium thermocellum LL1043 transcriptomics - 080_CIV_27_03_2015_LL374-v2 transcriptome,Transcriptome of Ruminiclostridium thermocellum strain for higher ethanol production to acquire transcriptional data for a comparison with Clostridium thermocellum (Ruminiclostridium thermocellum) DSM 1313. Sample collected from CIV chemostat,SRS5701060,Acetivibrio thermocellus,,LL1043,,SRR10506344,16853722,3404451844,9071159,SAMN09071159,Acetivibrio thermocellus,Ruminiclostridium thermocellum LL1043 transcriptomics - 080_CIV_27_03_2015_LL374-v2,,LL1043,,1/6,YES,,,,,missing,missing,missing,,missing,missing,missing,missing,missing,,missing,,,MIGS.ba,missing,missing,missing,,missing,missing,missing,missing,missing,,missing,,,,,,,,,,,,missing,,,,,missing,,,,,not applicable,not applicable,,,,
SRX7195281,LL1043,,,,,,,,,,,,,Acetivibrio thermocellus,,,,,,,,,,,,9449675,Clostridium thermocellum DSM1313 LL1043 transcriptomics,RNA-Seq,TRANSCRIPTOMIC,other,PAIRED,ILLUMINA,Illumina HiSeq 2500,SRP230897,Ruminiclostridium thermocellum LL1043 transcriptomics - 079_CIII_27_03_2015_LL374-v2 transcriptome,Transcriptome of Ruminiclostridium thermocellum strain for higher ethanol production to acquire transcriptional data for a comparison with Clostridium thermocellum (Ruminiclostridium thermocellum) DSM 1313. Sample collected from CIII chemostat,SRS5701061,Acetivibrio thermocellus,,LL1043,,SRR10506343,14819644,2993568088,9071160,SAMN09071160,Acetivibrio thermocellus,Ruminiclostridium thermocellum LL1043 transcriptomics - 079_CIII_27_03_2015_LL374-v2,,LL1043,,1/6,YES,,,,,missing,missing,missing,,missing,missing,missing,missing,missing,,missing,,,MIGS.ba,missing,missing,missing,,missing,missing,missing,missing,missing,,missing,,,,,,,,,,,,missing,,,,,missing,,,,,not applicable,not applicable,,,,
SRX7195282,LL1043,,,,,,,,,,,,,Acetivibrio thermocellus,,,,,,,,,,,,9449676,Clostridium thermocellum DSM1313 LL1043 transcriptomics,RNA-Seq,TRANSCRIPTOMIC,other,PAIRED,ILLUMINA,Illumina HiSeq 2500,SRP230898,Ruminiclostridium thermocellum LL1043 transcriptomics - 078_CII_27_03_2015_LL1004-v2 transcriptome,Transcriptome of Ruminiclostridium thermocellum strain for higher ethanol production to acquire transcriptional data for a comparison with Clostridium thermocellum (Ruminiclostridium thermocellum) DSM 1313. Sample collected from CII chemostat,SRS5701062,Acetivibrio thermocellus,,LL1043,,SRR10506342,17171414,3468625628,9071158,SAMN09071158,Acetivibrio thermocellus,Ruminiclostridium thermocellum LL1043 transcriptomics - 078_CII_27_03_2015_LL1004-v2,,LL1043,,1/6,YES,,,,,missing,missing,missing,,missing,missing,missing,missing,missing,,missing,,,MIGS.ba,missing,missing,missing,,missing,missing,missing,missing,missing,,missing,,,,,,,,,,,,missing,,,,,missing,,,,,not applicable,not applicable,,,,
SRX7195283,LL1043,,,,,,,,,,,,,Acetivibrio thermocellus,,,,,,,,,,,,9449677,Clostridium thermocellum DSM1313 LL1043 transcriptomics,RNA-Seq,TRANSCRIPTOMIC,other,PAIRED,ILLUMINA,Illumina HiSeq 2500,SRP230899,Ruminiclostridium thermocellum LL1043 transcriptomics - 077_CIV_02_10_2014_LL1043-v2 transcriptome,Transcriptome of Ruminiclostridium thermocellum strain for higher ethanol production to acquire transcriptional data for a comparison with Clostridium thermocellum (Ruminiclostridium thermocellum) DSM 1313. Sample collected from CIV chemostat,SRS5701063,Acetivibrio thermocellus,,LL1043,,SRR10506341,15418375,3114511750,9071161,SAMN09071161,Acetivibrio thermocellus,Ruminiclostridium thermocellum LL1043 transcriptomics - 077_CIV_02_10_2014_LL1043-v2,,LL1043,,1/6,YES,,,,,missing,missing,missing,,missing,missing,missing,missing,missing,,missing,,,MIGS.ba,missing,missing,missing,,missing,missing,missing,missing,missing,,missing,,,,,,,,,,,,missing,,,,,missing,,,,,not applicable,not applicable,,,,
SRX7195337,LL373,,,,,,,,,,,,,Acetivibrio thermocellus,,,,,,,,,,,,9451293,Clostridium thermocellum DSM1313 LL373 transcriptomics,RNA-Seq,TRANSCRIPTOMIC,other,PAIRED,ILLUMINA,Illumina HiSeq 2500,SRP230903,Ruminiclostridium thermocellum LL373 transcriptomics - 103_CI_18_02_2015_LL372-v2 transcriptome,Transcriptome of Ruminiclostridium thermocellum strain for higher ethanol production to acquire transcriptional data for a comparison with Clostridium thermocellum (Ruminiclostridium thermocellum) DSM 1313. Sample collected from CI chemostat,SRS5701111,Acetivibrio thermocellus,,LL373,,SRR10506400,13075916,2641335032,9066871,SAMN09066871,Acetivibrio thermocellus,Ruminiclostridium thermocellum LL373 transcriptomics - 103_CI_18_02_2015_LL372-v2,,LL373,,1/6,YES,,,,,missing,missing,missing,,missing,missing,missing,missing,missing,,missing,,,MIGS.ba,missing,missing,missing,,missing,missing,missing,missing,missing,,missing,,,,,,,,,,,,missing,,,,,missing,,,,,not applicable,not applicable,,,,
SRX7195338,LL373,,,,,,,,,,,,,Acetivibrio thermocellus,,,,,,,,,,,,9451294,Clostridium thermocellum DSM1313 LL373 transcriptomics,RNA-Seq,TRANSCRIPTOMIC,other,PAIRED,ILLUMINA,Illumina HiSeq 2500,SRP230904,Ruminiclostridium thermocellum LL373 transcriptomics - 102_CIII_18_02_2015_LL1036-v2 transcriptome,Transcriptome of Ruminiclostridium thermocellum strain for higher ethanol production to acquire transcriptional data for a comparison with Clostridium thermocellum (Ruminiclostridium thermocellum) DSM 1313. Sample collected from CIII chemostat,SRS5701112,Acetivibrio thermocellus,,LL373,,SRR10506399,16523687,3337784774,9066873,SAMN09066873,Acetivibrio thermocellus,Ruminiclostridium thermocellum LL373 transcriptomics - 102_CIII_18_02_2015_LL1036-v2,,LL373,,1/6,YES,,,,,missing,missing,missing,,missing,missing,missing,missing,missing,,missing,,,MIGS.ba,missing,missing,missing,,missing,missing,missing,missing,missing,,missing,,,,,,,,,,,,missing,,,,,missing,,,,,not applicable,not applicable,,,,
SRX7195339,LL373,,,,,,,,,,,,,Acetivibrio thermocellus,,,,,,,,,,,,9451295,Clostridium thermocellum DSM1313 LL373 transcriptomics,RNA-Seq,TRANSCRIPTOMIC,other,PAIRED,ILLUMINA,Illumina HiSeq 2500,SRP230905,Ruminiclostridium thermocellum LL373 transcriptomics - 101_CIV_17_02_2015_LL1036-v2 transcriptome,Transcriptome of Ruminiclostridium thermocellum strain for higher ethanol production to acquire transcriptional data for a comparison with Clostridium thermocellum (Ruminiclostridium thermocellum) DSM 1313. Sample collected from CIV chemostat,SRS5701113,Acetivibrio thermocellus,,LL373,,SRR10506398,12974503,2620849606,9066870,SAMN09066870,Acetivibrio thermocellus,Ruminiclostridium thermocellum LL373 transcriptomics - 101_CIV_17_02_2015_LL1036-v2,,LL373,,1/6,YES,,,,,missing,missing,missing,,missing,missing,missing,missing,missing,,missing,,,MIGS.ba,missing,missing,missing,,missing,missing,missing,missing,missing,,missing,,,,,,,,,,,,missing,,,,,missing,,,,,not applicable,not applicable,,,,
SRX7195340,LL375,,,,,,,,,,,,,Acetivibrio thermocellus,,,,,,,,,,,,9451296,Clostridium thermocellum DSM1313 LL375 transcriptomics,RNA-Seq,TRANSCRIPTOMIC,other,PAIRED,ILLUMINA,Illumina HiSeq 2500,SRP230906,Ruminiclostridium thermocellum LL375 transcriptomics - 113_CI_26_02_2015_LL1044-v2 transcriptome,Transcriptome of Ruminiclostridium thermocellum strain for higher ethanol production to acquire transcriptional data for a comparison with Clostridium thermocellum (Ruminiclostridium thermocellum) DSM 1313. Sample collected from CI chemostat,SRS5701114,Acetivibrio thermocellus,,LL375,,SRR10506404,16109505,3254120010,9065920,SAMN09065920,Acetivibrio thermocellus,Ruminiclostridium thermocellum LL375 transcriptomics - 113_CI_26_02_2015_LL1044-v2,,LL375,,1/6,YES,,,,,missing,missing,missing,,missing,missing,missing,missing,missing,,missing,,,MIGS.ba,missing,missing,missing,,missing,missing,missing,missing,missing,,missing,,,,,,,,,,,,missing,,,,,missing,,,,,not applicable,not applicable,,,,
SRX7195341,LL375,,,,,,,,,,,,,Acetivibrio thermocellus,,,,,,,,,,,,9451297,Clostridium thermocellum DSM1313 LL375 transcriptomics,RNA-Seq,TRANSCRIPTOMIC,other,PAIRED,ILLUMINA,Illumina HiSeq 2500,SRP230907,Ruminiclostridium thermocellum LL375 transcriptomics - 115_CII_22_10_2014_LL1004-v2 transcriptome,Transcriptome of Ruminiclostridium thermocellum strain for higher ethanol production to acquire transcriptional data for a comparison with Clostridium thermocellum (Ruminiclostridium thermocellum) DSM 1313. Sample collected from CII chemostat,SRS5701115,Acetivibrio thermocellus,,LL375,,SRR10506403,15229755,3076410510,9065916,SAMN09065916,Acetivibrio thermocellus,Ruminiclostridium thermocellum LL375 transcriptomics - 115_CII_22_10_2014_LL1004-v2,,LL375,,1/6,YES,,,,,missing,missing,missing,,missing,missing,missing,missing,missing,,missing,,,MIGS.ba,missing,missing,missing,,missing,missing,missing,missing,missing,,missing,,,,,,,,,,,,missing,,,,,missing,,,,,not applicable,not applicable,,,,
SRX7195342,LL375,,,,,,,,,,,,,Acetivibrio thermocellus,,,,,,,,,,,,9451298,Clostridium thermocellum DSM1313 LL375 transcriptomics,RNA-Seq,TRANSCRIPTOMIC,other,PAIRED,ILLUMINA,Illumina HiSeq 2500,SRP230908,Ruminiclostridium thermocellum LL375 transcriptomics - 116_CIII_22_10_2014_LL1004-v2 transcriptome,Transcriptome of Ruminiclostridium thermocellum strain for higher ethanol production to acquire transcriptional data for a comparison with Clostridium thermocellum (Ruminiclostridium thermocellum) DSM 1313. Sample collected from CIII chemostat,SRS5701116,Acetivibrio thermocellus,,LL375,,SRR10506402,19237781,3886031762,9065922,SAMN09065922,Acetivibrio thermocellus,Ruminiclostridium thermocellum LL375 transcriptomics - 116_CIII_22_10_2014_LL1004-v2,,LL375,,1/6,YES,,,,,missing,missing,missing,,missing,missing,missing,missing,missing,,missing,,,MIGS.ba,missing,missing,missing,,missing,missing,missing,missing,missing,,missing,,,,,,,,,,,,missing,,,,,missing,,,,,not applicable,not applicable,,,,
SRX7195343,LL375,,,,,,,,,,,,,Acetivibrio thermocellus,,,,,,,,,,,,9451299,Clostridium thermocellum DSM1313 LL375 transcriptomics,RNA-Seq,TRANSCRIPTOMIC,other,PAIRED,ILLUMINA,Illumina HiSeq 2500,SRP230909,Ruminiclostridium thermocellum LL375 transcriptomics - 114_CI_22_10_2014_LL1004-v2 transcriptome,Transcriptome of Ruminiclostridium thermocellum strain for higher ethanol production to acquire transcriptional data for a comparison with Clostridium thermocellum (Ruminiclostridium thermocellum) DSM 1313. Sample collected from CI chemostat,SRS5701117,Acetivibrio thermocellus,,LL375,,SRR10506401,15520338,3135108276,9065919,SAMN09065919,Acetivibrio thermocellus,Ruminiclostridium thermocellum LL375 transcriptomics - 114_CI_22_10_2014_LL1004-v2,,LL375,,1/6,YES,,,,,missing,missing,missing,,missing,missing,missing,missing,missing,,missing,,,MIGS.ba,missing,missing,missing,,missing,missing,missing,missing,missing,,missing,,,,,,,,,,,,missing,,,,,missing,,,,,not applicable,not applicable,,,,
SRX7195344,LL1160,,,,,,,,,,,,,Acetivibrio thermocellus,,,,,,,,,,,,9451300,Clostridium thermocellum DSM1313 LL1160 transcriptomics,RNA-Seq,TRANSCRIPTOMIC,other,PAIRED,ILLUMINA,Illumina HiSeq 2500,SRP230910,Ruminiclostridium thermocellum LL1160 transcriptomics - 086_CI_05_02_2015_LL345-v2 transcriptome,Transcriptome of Ruminiclostridium thermocellum strain for higher ethanol production to acquire transcriptional data for a comparison with Clostridium thermocellum (Ruminiclostridium thermocellum) DSM 1313. Sample collected from CI chemostat,SRS5701118,Acetivibrio thermocellus,,LL1160,,SRR10506408,12800400,2585680800,9070716,SAMN09070716,Acetivibrio thermocellus,Ruminiclostridium thermocellum LL1160 transcriptomics - 086_CI_05_02_2015_LL345-v2,,LL1160,,1/6,YES,,,,,missing,missing,missing,,missing,missing,missing,missing,missing,,missing,,,MIGS.ba,missing,missing,missing,,missing,missing,missing,missing,missing,,missing,,,,,,,,,,,,missing,,,,,missing,,,,,not applicable,not applicable,,,,
SRX7195345,LL1160,,,,,,,,,,,,,Acetivibrio thermocellus,,,,,,,,,,,,9451301,Clostridium thermocellum DSM1313 LL1160 transcriptomics,RNA-Seq,TRANSCRIPTOMIC,other,PAIRED,ILLUMINA,Illumina HiSeq 2500,SRP230911,Ruminiclostridium thermocellum LL1160 transcriptomics - 088_CII_26_03_2015_LL1004-v2 transcriptome,Transcriptome of Ruminiclostridium thermocellum strain for higher ethanol production to acquire transcriptional data for a comparison with Clostridium thermocellum (Ruminiclostridium thermocellum) DSM 1313. Sample collected from CII chemostat,SRS5701119,Acetivibrio thermocellus,,LL1160,,SRR10506407,13749205,2777339410,9070718,SAMN09070718,Acetivibrio thermocellus,Ruminiclostridium thermocellum LL1160 transcriptomics - 088_CII_26_03_2015_LL1004-v2,,LL1160,,1/6,YES,,,,,missing,missing,missing,,missing,missing,missing,missing,missing,,missing,,,MIGS.ba,missing,missing,missing,,missing,missing,missing,missing,missing,,missing,,,,,,,,,,,,missing,,,,,missing,,,,,not applicable,not applicable,,,,
SRX7195346,LL1160,,,,,,,,,,,,,Acetivibrio thermocellus,,,,,,,,,,,,9451302,Clostridium thermocellum DSM1313 LL1160 transcriptomics,RNA-Seq,TRANSCRIPTOMIC,other,PAIRED,ILLUMINA,Illumina HiSeq 2500,SRP230912,Ruminiclostridium thermocellum LL1160 transcriptomics - 087_CI_26_03_2015_LL1004-v2 transcriptome,Transcriptome of Ruminiclostridium thermocellum strain for higher ethanol production to acquire transcriptional data for a comparison with Clostridium thermocellum (Ruminiclostridium thermocellum) DSM 1313. Sample collected from CI chemostat,SRS5701120,Acetivibrio thermocellus,,LL1160,,SRR10506406,15713728,3174173056,9070717,SAMN09070717,Acetivibrio thermocellus,Ruminiclostridium thermocellum LL1160 transcriptomics - 087_CI_26_03_2015_LL1004-v2,,LL1160,,1/6,YES,,,,,missing,missing,missing,,missing,missing,missing,missing,missing,,missing,,,MIGS.ba,missing,missing,missing,,missing,missing,missing,missing,missing,,missing,,,,,,,,,,,,missing,,,,,missing,,,,,not applicable,not applicable,,,,
SRX7195347,LL1160,,,,,,,,,,,,,Acetivibrio thermocellus,,,,,,,,,,,,9451303,Clostridium thermocellum DSM1313 LL1160 transcriptomics,RNA-Seq,TRANSCRIPTOMIC,other,PAIRED,ILLUMINA,Illumina HiSeq 2500,SRP230913,Ruminiclostridium thermocellum LL1160 transcriptomics - 085_CII_04_02_2015_LL345-v2 transcriptome,Transcriptome of Ruminiclostridium thermocellum strain for higher ethanol production to acquire transcriptional data for a comparison with Clostridium thermocellum (Ruminiclostridium thermocellum) DSM 1313. Sample collected from CII chemostat,SRS5701121,Acetivibrio thermocellus,,LL1160,,SRR10506405,14697055,2968805110,9070719,SAMN09070719,Acetivibrio thermocellus,Ruminiclostridium thermocellum LL1160 transcriptomics - 085_CII_04_02_2015_LL345-v2,,LL1160,,1/6,YES,,,,,missing,missing,missing,,missing,missing,missing,missing,missing,,missing,,,MIGS.ba,missing,missing,missing,,missing,missing,missing,missing,missing,,missing,,,,,,,,,,,,missing,,,,,missing,,,,,not applicable,not applicable,,,,
SRX7195348,LL1041,,,,,,,,,,,,,Acetivibrio thermocellus,,,,,,,,,,,,9451304,Clostridium thermocellum DSM1313 LL1041 transcriptomics,RNA-Seq,TRANSCRIPTOMIC,other,PAIRED,ILLUMINA,Illumina HiSeq 2500,SRP230914,Ruminiclostridium thermocellum LL1041 transcriptomics - 069_CIII_26_11_2014_LL1161-v2 transcriptome,Transcriptome of Ruminiclostridium thermocellum strain for higher ethanol production to acquire transcriptional data for a comparison with Clostridium thermocellum (Ruminiclostridium thermocellum) DSM 1313. Sample collected from CIII chemostat,SRS5701122,Acetivibrio thermocellus,,LL1041,,SRR10506412,11948787,2413654974,9071029,SAMN09071029,Acetivibrio thermocellus,Ruminiclostridium thermocellum LL1041 transcriptomics - 069_CIII_26_11_2014_LL1161-v2,,LL1041,,1/6,YES,,,,,missing,missing,missing,,missing,missing,missing,missing,missing,,missing,,,MIGS.ba,missing,missing,missing,,missing,missing,missing,missing,missing,,missing,,,,,,,,,,,,missing,,,,,missing,,,,,not applicable,not applicable,,,,
SRX7195349,LL1041,,,,,,,,,,,,,Acetivibrio thermocellus,,,,,,,,,,,,9451305,Clostridium thermocellum DSM1313 LL1041 transcriptomics,RNA-Seq,TRANSCRIPTOMIC,other,PAIRED,ILLUMINA,Illumina HiSeq 2500,SRP230915,Ruminiclostridium thermocellum LL1041 transcriptomics - 070_CIV_26_11_2014_LL1161-v2 transcriptome,Transcriptome of Ruminiclostridium thermocellum strain for higher ethanol production to acquire transcriptional data for a comparison with Clostridium thermocellum (Ruminiclostridium thermocellum) DSM 1313. Sample collected from CIV chemostat,SRS5701123,Acetivibrio thermocellus,,LL1041,,SRR10506411,15359935,3102706870,9071028,SAMN09071028,Acetivibrio thermocellus,Ruminiclostridium thermocellum LL1041 transcriptomics - 070_CIV_26_11_2014_LL1161-v2,,LL1041,,1/6,YES,,,,,missing,missing,missing,,missing,missing,missing,missing,missing,,missing,,,MIGS.ba,missing,missing,missing,,missing,missing,missing,missing,missing,,missing,,,,,,,,,,,,missing,,,,,missing,,,,,not applicable,not applicable,,,,
SRX7195350,LL1041,,,,,,,,,,,,,Acetivibrio thermocellus,,,,,,,,,,,,9451306,Clostridium thermocellum DSM1313 LL1041 transcriptomics,RNA-Seq,TRANSCRIPTOMIC,other,PAIRED,ILLUMINA,Illumina HiSeq 2500,SRP230916,Ruminiclostridium thermocellum LL1041 transcriptomics - 071_CIII_27_11_2014_LL1161-v2 transcriptome,Transcriptome of Ruminiclostridium thermocellum strain for higher ethanol production to acquire transcriptional data for a comparison with Clostridium thermocellum (Ruminiclostridium thermocellum) DSM 1313. Sample collected from CIII chemostat,SRS5701124,Acetivibrio thermocellus,,LL1041,,SRR10506410,14124742,2853197884,9071027,SAMN09071027,Acetivibrio thermocellus,Ruminiclostridium thermocellum LL1041 transcriptomics - 071_CIII_27_11_2014_LL1161-v2,,LL1041,,1/6,YES,,,,,missing,missing,missing,,missing,missing,missing,missing,missing,,missing,,,MIGS.ba,missing,missing,missing,,missing,missing,missing,missing,missing,,missing,,,,,,,,,,,,missing,,,,,missing,,,,,not applicable,not applicable,,,,
SRX7195351,LL1041,,,,,,,,,,,,,Acetivibrio thermocellus,,,,,,,,,,,,9451307,Clostridium thermocellum DSM1313 LL1041 transcriptomics,RNA-Seq,TRANSCRIPTOMIC,other,PAIRED,ILLUMINA,Illumina HiSeq 2500,SRP230917,Ruminiclostridium thermocellum LL1041 transcriptomics - 072_CIV_27_11_2014_LL1161-v2 transcriptome,Transcriptome of Ruminiclostridium thermocellum strain for higher ethanol production to acquire transcriptional data for a comparison with Clostridium thermocellum (Ruminiclostridium thermocellum) DSM 1313. Sample collected from CIV chemostat,SRS5701125,Acetivibrio thermocellus,,LL1041,,SRR10506409,15284502,3087469404,9071026,SAMN09071026,Acetivibrio thermocellus,Ruminiclostridium thermocellum LL1041 transcriptomics - 072_CIV_27_11_2014_LL1161-v2,,LL1041,,1/6,YES,,,,,missing,missing,missing,,missing,missing,missing,missing,missing,,missing,,,MIGS.ba,missing,missing,missing,,missing,missing,missing,missing,missing,,missing,,,,,,,,,,,,missing,,,,,missing,,,,,not applicable,not applicable,,,,
SRX7195406,LL1004,,,,,,,,,,,,,Acetivibrio thermocellus,,,,,,,,,,,,9451362,Clostridium thermocellum DSM1313 LL1004 transcriptomics,RNA-Seq,TRANSCRIPTOMIC,other,PAIRED,ILLUMINA,Illumina HiSeq 2500,SRP230920,Ruminiclostridium thermocellum LL1004 transcriptomics - 007_CIII_14_08_2014_LL1004-v2 transcriptome,Transcriptome of Ruminiclostridium thermocellum strain for higher ethanol production to acquire transcriptional data for a comparison with Clostridium thermocellum (Ruminiclostridium thermocellum) DSM 1313. Sample collected from CIII chemostat,SRS5701180,Acetivibrio thermocellus,,LL1004,,SRR10506524,14472669,2923479138,9066722,SAMN09066722,Acetivibrio thermocellus,Ruminiclostridium thermocellum LL1004 transcriptomics - 007_CIII_14_08_2014_LL1004-v2,,LL1004,,1/6,YES,,,,,missing,missing,missing,,missing,missing,missing,missing,missing,,missing,,,MIGS.ba,missing,missing,missing,,missing,missing,missing,missing,missing,,missing,,,,,,,,,,,,missing,,,,,missing,,,,,not applicable,not applicable,,,,
SRX7195407,LL1004,,,,,,,,,,,,,Acetivibrio thermocellus,,,,,,,,,,,,9451363,Clostridium thermocellum DSM1313 LL1004 transcriptomics,RNA-Seq,TRANSCRIPTOMIC,other,PAIRED,ILLUMINA,Illumina HiSeq 2500,SRP230921,Ruminiclostridium thermocellum LL1004 transcriptomics - 002_CII_13_08_2014_LL1004-v2 transcriptome,Transcriptome of Ruminiclostridium thermocellum strain for higher ethanol production to acquire transcriptional data for a comparison with Clostridium thermocellum (Ruminiclostridium thermocellum) DSM 1313. Sample collected from CII chemostat,SRS5701181,Acetivibrio thermocellus,,LL1004,,SRR10506523,12337321,2492138842,9066733,SAMN09066733,Acetivibrio thermocellus,Ruminiclostridium thermocellum LL1004 transcriptomics - 002_CII_13_08_2014_LL1004-v2,,LL1004,,1/6,YES,,,,,missing,missing,missing,,missing,missing,missing,missing,missing,,missing,,,MIGS.ba,missing,missing,missing,,missing,missing,missing,missing,missing,,missing,,,,,,,,,,,,missing,,,,,missing,,,,,not applicable,not applicable,,,,
SRX7195408,LL1004,,,,,,,,,,,,,Acetivibrio thermocellus,,,,,,,,,,,,9451364,Clostridium thermocellum DSM1313 LL1004 transcriptomics,RNA-Seq,TRANSCRIPTOMIC,other,PAIRED,ILLUMINA,Illumina HiSeq 2500,SRP230922,Ruminiclostridium thermocellum LL1004 transcriptomics - 001_CI_13_08_2014_LL1004-v2 transcriptome,Transcriptome of Ruminiclostridium thermocellum strain for higher ethanol production to acquire transcriptional data for a comparison with Clostridium thermocellum (Ruminiclostridium thermocellum) DSM 1313. Sample collected from CI chemostat,SRS5701182,Acetivibrio thermocellus,,LL1004,,SRR10506522,13300595,2686720190,9066761,SAMN09066761,Acetivibrio thermocellus,Ruminiclostridium thermocellum LL1004 transcriptomics - 001_CI_13_08_2014_LL1004-v2,,LL1004,,1/6,YES,,,,,missing,missing,missing,,missing,missing,missing,missing,missing,,missing,,,MIGS.ba,missing,missing,missing,,missing,missing,missing,missing,missing,,missing,,,,,,,,,,,,missing,,,,,missing,,,,,not applicable,not applicable,,,,
SRX7195409,LL1004,,,,,,,,,,,,,Acetivibrio thermocellus,,,,,,,,,,,,9451365,Clostridium thermocellum DSM1313 LL1004 transcriptomics,RNA-Seq,TRANSCRIPTOMIC,other,PAIRED,ILLUMINA,Illumina HiSeq 2500,SRP230923,Ruminiclostridium thermocellum LL1004 transcriptomics - 012_CIV_29_04_2014_LL1004-v2 transcriptome,Transcriptome of Ruminiclostridium thermocellum strain for higher ethanol production to acquire transcriptional data for a comparison with Clostridium thermocellum (Ruminiclostridium thermocellum) DSM 1313. Sample collected from CIV chemostat,SRS5701183,Acetivibrio thermocellus,,LL1004,,SRR10506521,17039211,3441920622,9066757,SAMN09066757,Acetivibrio thermocellus,Ruminiclostridium thermocellum LL1004 transcriptomics - 012_CIV_29_04_2014_LL1004-v2,,LL1004,,1/6,YES,,,,,missing,missing,missing,,missing,missing,missing,missing,missing,,missing,,,MIGS.ba,missing,missing,missing,,missing,missing,missing,missing,missing,,missing,,,,,,,,,,,,missing,,,,,missing,,,,,not applicable,not applicable,,,,
SRX7195410,LL1004,,,,,,,,,,,,,Acetivibrio thermocellus,,,,,,,,,,,,9451366,Clostridium thermocellum DSM1313 LL1004 transcriptomics,RNA-Seq,TRANSCRIPTOMIC,other,PAIRED,ILLUMINA,Illumina HiSeq 2500,SRP230924,Ruminiclostridium thermocellum LL1004 transcriptomics - 033_CI_30_10_2014_LL1004_Nlimit-v2 transcriptome,Transcriptome of Ruminiclostridium thermocellum strain for higher ethanol production to acquire transcriptional data for a comparison with Clostridium thermocellum (Ruminiclostridium thermocellum) DSM 1313. Sample collected from CI chemostat under Nitrogen limited conditions,SRS5701184,Acetivibrio thermocellus,,LL1004,,SRR10506520,12746352,2574763104,9071399,SAMN09071399,Acetivibrio thermocellus,Ruminiclostridium thermocellum LL1004 transcriptomics - 033_CI_30_10_2014_LL1004_Nlimit-v2,,LL1004,,1/6,YES,,,,,missing,missing,missing,,missing,missing,missing,missing,missing,,missing,,,MIGS.ba,missing,missing,missing,,missing,missing,missing,missing,missing,,missing,,,,,,,,,,,,missing,,,,,missing,,,,,not applicable,not applicable,,,,
SRX7195411,LL1004,,,,,,,,,,,,,Acetivibrio thermocellus,,,,,,,,,,,,9451367,Clostridium thermocellum DSM1313 LL1004 transcriptomics,RNA-Seq,TRANSCRIPTOMIC,other,PAIRED,ILLUMINA,Illumina HiSeq 2500,SRP230925,Ruminiclostridium thermocellum LL1004 transcriptomics - 051_CIII_30_01_2015_LL1041-v2 transcriptome,Transcriptome of Ruminiclostridium thermocellum strain for higher ethanol production to acquire transcriptional data for a comparison with Clostridium thermocellum (Ruminiclostridium thermocellum) DSM 1313. Sample collected from CIII chemostat,SRS5701185,Acetivibrio thermocellus,,LL1004,,SRR10506519,18595002,3756190404,9071395,SAMN09071395,Acetivibrio thermocellus,Ruminiclostridium thermocellum LL1004 transcriptomics - 051_CIII_30_01_2015_LL1041-v2,,LL1004,,1/6,YES,,,,,missing,missing,missing,,missing,missing,missing,missing,missing,,missing,,,MIGS.ba,missing,missing,missing,,missing,missing,missing,missing,missing,,missing,,,,,,,,,,,,missing,,,,,missing,,,,,not applicable,not applicable,,,,
SRX7195412,LL1004,,,,,,,,,,,,,Acetivibrio thermocellus,,,,,,,,,,,,9451368,Clostridium thermocellum DSM1313 LL1004 transcriptomics,RNA-Seq,TRANSCRIPTOMIC,other,PAIRED,ILLUMINA,Illumina HiSeq 2500,SRP230926,Ruminiclostridium thermocellum LL1004 transcriptomics - 025_CI_15_09_2014_LL1004_Nlimit-v2 transcriptome,Transcriptome of Ruminiclostridium thermocellum strain for higher ethanol production to acquire transcriptional data for a comparison with Clostridium thermocellum (Ruminiclostridium thermocellum) DSM 1313. Sample collected from CI chemostat under Nitrogen limited conditions,SRS5701186,Acetivibrio thermocellus,,LL1004,,SRR10506518,14945818,3019055236,9066735,SAMN09066735,Acetivibrio thermocellus,Ruminiclostridium thermocellum LL1004 transcriptomics - 025_CI_15_09_2014_LL1004_Nlimit-v2,,LL1004,,1/6,YES,,,,,missing,missing,missing,,missing,missing,missing,missing,missing,,missing,,,MIGS.ba,missing,missing,missing,,missing,missing,missing,missing,missing,,missing,,,,,,,,,,,,missing,,,,,missing,,,,,not applicable,not applicable,,,,
SRX7195413,LL1004,,,,,,,,,,,,,Acetivibrio thermocellus,,,,,,,,,,,,9451369,Clostridium thermocellum DSM1313 LL1004 transcriptomics,RNA-Seq,TRANSCRIPTOMIC,other,PAIRED,ILLUMINA,Illumina HiSeq 2500,SRP230927,Ruminiclostridium thermocellum LL1004 transcriptomics - 053_CI_01_10_2014_LL375-v2 transcriptome,Transcriptome of Ruminiclostridium thermocellum strain for higher ethanol production to acquire transcriptional data for a comparison with Clostridium thermocellum (Ruminiclostridium thermocellum) DSM 1313. Sample collected from CI chemostat,SRS5701187,Acetivibrio thermocellus,,LL1004,,SRR10506517,16478116,3328579432,9071381,SAMN09071381,Acetivibrio thermocellus,Ruminiclostridium thermocellum LL1004 transcriptomics - 053_CI_01_10_2014_LL375-v2,,LL1004,,1/6,YES,,,,,missing,missing,missing,,missing,missing,missing,missing,missing,,missing,,,MIGS.ba,missing,missing,missing,,missing,missing,missing,missing,missing,,missing,,,,,,,,,,,,missing,,,,,missing,,,,,not applicable,not applicable,,,,
SRX7195414,LL1004,,,,,,,,,,,,,Acetivibrio thermocellus,,,,,,,,,,,,9451370,Clostridium thermocellum DSM1313 LL1004 transcriptomics,RNA-Seq,TRANSCRIPTOMIC,other,PAIRED,ILLUMINA,Illumina HiSeq 2500,SRP230928,Ruminiclostridium thermocellum LL1004 transcriptomics - 039_CIII_15_10_2014_LL1004-v2 transcriptome,Transcriptome of Ruminiclostridium thermocellum strain for higher ethanol production to acquire transcriptional data for a comparison with Clostridium thermocellum (Ruminiclostridium thermocellum) DSM 1313. Sample collected from CIII chemostat,SRS5701188,Acetivibrio thermocellus,,LL1004,,SRR10506516,14866527,3003038454,9071397,SAMN09071397,Acetivibrio thermocellus,Ruminiclostridium thermocellum LL1004 transcriptomics - 039_CIII_15_10_2014_LL1004-v2,,LL1004,,1/6,YES,,,,,missing,missing,missing,,missing,missing,missing,missing,missing,,missing,,,MIGS.ba,missing,missing,missing,,missing,missing,missing,missing,missing,,missing,,,,,,,,,,,,missing,,,,,missing,,,,,not applicable,not applicable,,,,
SRX7195415,LL1004,,,,,,,,,,,,,Acetivibrio thermocellus,,,,,,,,,,,,9451371,Clostridium thermocellum DSM1313 LL1004 transcriptomics,RNA-Seq,TRANSCRIPTOMIC,other,PAIRED,ILLUMINA,Illumina HiSeq 2500,SRP230929,Ruminiclostridium thermocellum LL1004 transcriptomics - 032_CIV_22_09_2014_LL1004_Nlimit-v2 transcriptome,Transcriptome of Ruminiclostridium thermocellum strain for higher ethanol production to acquire transcriptional data for a comparison with Clostridium thermocellum (Ruminiclostridium thermocellum) DSM 1313. Sample collected from CIV chemostat under Nitrogen limited conditions,SRS5701189,Acetivibrio thermocellus,,LL1004,,SRR10506515,14010710,2830163420,9071414,SAMN09071414,Acetivibrio thermocellus,Ruminiclostridium thermocellum LL1004 transcriptomics - 032_CIV_22_09_2014_LL1004_Nlimit-v2,,LL1004,,1/6,YES,,,,,missing,missing,missing,,missing,missing,missing,missing,missing,,missing,,,MIGS.ba,missing,missing,missing,,missing,missing,missing,missing,missing,,missing,,,,,,,,,,,,missing,,,,,missing,,,,,not applicable,not applicable,,,,
SRX7195416,LL1004,,,,,,,,,,,,,Acetivibrio thermocellus,,,,,,,,,,,,9451372,Clostridium thermocellum DSM1313 LL1004 transcriptomics,RNA-Seq,TRANSCRIPTOMIC,other,PAIRED,ILLUMINA,Illumina HiSeq 2500,SRP230930,Ruminiclostridium thermocellum LL1004 transcriptomics - 035_CIII_30_10_2014_LL1004_Nlimit-v2 transcriptome,Transcriptome of Ruminiclostridium thermocellum strain for higher ethanol production to acquire transcriptional data for a comparison with Clostridium thermocellum (Ruminiclostridium thermocellum) DSM 1313. Sample collected from CIII chemostat under Nitrogen limited conditions,SRS5701190,Acetivibrio thermocellus,,LL1004,,SRR10506514,17563410,3547808820,9071389,SAMN09071389,Acetivibrio thermocellus,Ruminiclostridium thermocellum LL1004 transcriptomics - 035_CIII_30_10_2014_LL1004_Nlimit-v2,,LL1004,,1/6,YES,,,,,missing,missing,missing,,missing,missing,missing,missing,missing,,missing,,,MIGS.ba,missing,missing,missing,,missing,missing,missing,missing,missing,,missing,,,,,,,,,,,,missing,,,,,missing,,,,,not applicable,not applicable,,,,
SRX7195417,LL1004,,,,,,,,,,,,,Acetivibrio thermocellus,,,,,,,,,,,,9451373,Clostridium thermocellum DSM1313 LL1004 transcriptomics,RNA-Seq,TRANSCRIPTOMIC,other,PAIRED,ILLUMINA,Illumina HiSeq 2500,SRP230931,Ruminiclostridium thermocellum LL1004 transcriptomics - 010_CII_29_04_2014_LL1004-v2 transcriptome,Transcriptome of Ruminiclostridium thermocellum strain for higher ethanol production to acquire transcriptional data for a comparison with Clostridium thermocellum (Ruminiclostridium thermocellum) DSM 1313. Sample collected from CII chemostat,SRS5701191,Acetivibrio thermocellus,,LL1004,,SRR10506513,12804008,2586409616,9066719,SAMN09066719,Acetivibrio thermocellus,Ruminiclostridium thermocellum LL1004 transcriptomics - 010_CII_29_04_2014_LL1004-v2,,LL1004,,1/6,YES,,,,,missing,missing,missing,,missing,missing,missing,missing,missing,,missing,,,MIGS.ba,missing,missing,missing,,missing,missing,missing,missing,missing,,missing,,,,,,,,,,,,missing,,,,,missing,,,,,not applicable,not applicable,,,,
SRX7195418,LL1004,,,,,,,,,,,,,Acetivibrio thermocellus,,,,,,,,,,,,9451374,Clostridium thermocellum DSM1313 LL1004 transcriptomics,RNA-Seq,TRANSCRIPTOMIC,other,PAIRED,ILLUMINA,Illumina HiSeq 2500,SRP230932,Ruminiclostridium thermocellum LL1004 transcriptomics - 034_CII_30_10_2014_LL1004_Nlimit-v2 transcriptome,Transcriptome of Ruminiclostridium thermocellum strain for higher ethanol production to acquire transcriptional data for a comparison with Clostridium thermocellum (Ruminiclostridium thermocellum) DSM 1313. Sample collected from CII chemostat under Nitrogen limited conditions,SRS5701192,Acetivibrio thermocellus,,LL1004,,SRR10506512,13087389,2643652578,9071388,SAMN09071388,Acetivibrio thermocellus,Ruminiclostridium thermocellum LL1004 transcriptomics - 034_CII_30_10_2014_LL1004_Nlimit-v2,,LL1004,,1/6,YES,,,,,missing,missing,missing,,missing,missing,missing,missing,missing,,missing,,,MIGS.ba,missing,missing,missing,,missing,missing,missing,missing,missing,,missing,,,,,,,,,,,,missing,,,,,missing,,,,,not applicable,not applicable,,,,
SRX7195420,LL1004,,,,,,,,,,,,,Acetivibrio thermocellus,,,,,,,,,,,,9451376,Clostridium thermocellum DSM1313 LL1004 transcriptomics,RNA-Seq,TRANSCRIPTOMIC,other,PAIRED,ILLUMINA,Illumina HiSeq 2500,SRP230934,Ruminiclostridium thermocellum LL1004 transcriptomics - 005_CI_14_08_2014_LL1004-v2 transcriptome,Transcriptome of Ruminiclostridium thermocellum strain for higher ethanol production to acquire transcriptional data for a comparison with Clostridium thermocellum (Ruminiclostridium thermocellum) DSM 1313. Sample collected from CI chemostat,SRS5701194,Acetivibrio thermocellus,,LL1004,,SRR10506510,11241660,2270815320,9066749,SAMN09066749,Acetivibrio thermocellus,Ruminiclostridium thermocellum LL1004 transcriptomics - 005_CI_14_08_2014_LL1004-v2,,LL1004,,1/6,YES,,,,,missing,missing,missing,,missing,missing,missing,missing,missing,,missing,,,MIGS.ba,missing,missing,missing,,missing,missing,missing,missing,missing,,missing,,,,,,,,,,,,missing,,,,,missing,,,,,not applicable,not applicable,,,,
SRX7195421,LL1004,,,,,,,,,,,,,Acetivibrio thermocellus,,,,,,,,,,,,9451377,Clostridium thermocellum DSM1313 LL1004 transcriptomics,RNA-Seq,TRANSCRIPTOMIC,other,PAIRED,ILLUMINA,Illumina HiSeq 2500,SRP230935,Ruminiclostridium thermocellum LL1004 transcriptomics - 004_CIV_13_08_2014_LL1004-v2 transcriptome,Transcriptome of Ruminiclostridium thermocellum strain for higher ethanol production to acquire transcriptional data for a comparison with Clostridium thermocellum (Ruminiclostridium thermocellum) DSM 1313. Sample collected from CIV chemostat,SRS5701195,Acetivibrio thermocellus,,LL1004,,SRR10506509,14842518,2998188636,9066760,SAMN09066760,Acetivibrio thermocellus,Ruminiclostridium thermocellum LL1004 transcriptomics - 004_CIV_13_08_2014_LL1004-v2,,LL1004,,1/6,YES,,,,,missing,missing,missing,,missing,missing,missing,missing,missing,,missing,,,MIGS.ba,missing,missing,missing,,missing,missing,missing,missing,missing,,missing,,,,,,,,,,,,missing,,,,,missing,,,,,not applicable,not applicable,,,,
SRX7195422,LL1004,,,,,,,,,,,,,Acetivibrio thermocellus,,,,,,,,,,,,9451378,Clostridium thermocellum DSM1313 LL1004 transcriptomics,RNA-Seq,TRANSCRIPTOMIC,other,PAIRED,ILLUMINA,Illumina HiSeq 2500,SRP230936,Ruminiclostridium thermocellum LL1004 transcriptomics - 003_CIII_13_08_2014_LL1004-v2 transcriptome,Transcriptome of Ruminiclostridium thermocellum strain for higher ethanol production to acquire transcriptional data for a comparison with Clostridium thermocellum (Ruminiclostridium thermocellum) DSM 1313. Sample collected from CIII chemostat,SRS5701196,Acetivibrio thermocellus,,LL1004,,SRR10506508,12768294,2579195388,9066732,SAMN09066732,Acetivibrio thermocellus,Ruminiclostridium thermocellum LL1004 transcriptomics - 003_CIII_13_08_2014_LL1004-v2,,LL1004,,1/6,YES,,,,,missing,missing,missing,,missing,missing,missing,missing,missing,,missing,,,MIGS.ba,missing,missing,missing,,missing,missing,missing,missing,missing,,missing,,,,,,,,,,,,missing,,,,,missing,,,,,not applicable,not applicable,,,,
SRX7195423,LL1004,,,,,,,,,,,,,Acetivibrio thermocellus,,,,,,,,,,,,9451379,Clostridium thermocellum DSM1313 LL1004 transcriptomics,RNA-Seq,TRANSCRIPTOMIC,other,PAIRED,ILLUMINA,Illumina HiSeq 2500,SRP230937,Ruminiclostridium thermocellum LL1004 transcriptomics - 018_CII_03_05_2014_LL1004_Nlimit-v2 transcriptome,Transcriptome of Ruminiclostridium thermocellum strain for higher ethanol production to acquire transcriptional data for a comparison with Clostridium thermocellum (Ruminiclostridium thermocellum) DSM 1313. Sample collected from CII chemostat under Nitrogen limited conditions,SRS5701197,Acetivibrio thermocellus,,LL1004,,SRR10506507,15258560,3082229120,9066752,SAMN09066752,Acetivibrio thermocellus,Ruminiclostridium thermocellum LL1004 transcriptomics - 018_CII_03_05_2014_LL1004_Nlimit-v2,,LL1004,,1/6,YES,,,,,missing,missing,missing,,missing,missing,missing,missing,missing,,missing,,,MIGS.ba,missing,missing,missing,,missing,missing,missing,missing,missing,,missing,,,,,,,,,,,,missing,,,,,missing,,,,,not applicable,not applicable,,,,
SRX7195424,LL1004,,,,,,,,,,,,,Acetivibrio thermocellus,,,,,,,,,,,,9451380,Clostridium thermocellum DSM1313 LL1004 transcriptomics,RNA-Seq,TRANSCRIPTOMIC,other,PAIRED,ILLUMINA,Illumina HiSeq 2500,SRP230938,Ruminiclostridium thermocellum LL1004 transcriptomics - 045_CI_28_01_2015_LL373-v2 transcriptome,Transcriptome of Ruminiclostridium thermocellum strain for higher ethanol production to acquire transcriptional data for a comparison with Clostridium thermocellum (Ruminiclostridium thermocellum) DSM 1313. Sample collected from CI chemostat,SRS5701198,Acetivibrio thermocellus,,LL1004,,SRR10506506,15149766,3060252732,9071407,SAMN09071407,Acetivibrio thermocellus,Ruminiclostridium thermocellum LL1004 transcriptomics - 045_CI_28_01_2015_LL373-v2,,LL1004,,1/6,YES,,,,,missing,missing,missing,,missing,missing,missing,missing,missing,,missing,,,MIGS.ba,missing,missing,missing,,missing,missing,missing,missing,missing,,missing,,,,,,,,,,,,missing,,,,,missing,,,,,not applicable,not applicable,,,,
SRX7195425,LL1004,,,,,,,,,,,,,Acetivibrio thermocellus,,,,,,,,,,,,9451381,Clostridium thermocellum DSM1313 LL1004 transcriptomics,RNA-Seq,TRANSCRIPTOMIC,other,PAIRED,ILLUMINA,Illumina HiSeq 2500,SRP230939,Ruminiclostridium thermocellum LL1004 transcriptomics - 024_CIV_17_08_2014_LL1004_Nlimit-v2 transcriptome,Transcriptome of Ruminiclostridium thermocellum strain for higher ethanol production to acquire transcriptional data for a comparison with Clostridium thermocellum (Ruminiclostridium thermocellum) DSM 1313. Sample collected from CIV chemostat under Nitrogen limited conditions,SRS5701199,Acetivibrio thermocellus,,LL1004,,SRR10506505,15330405,3096741810,9066715,SAMN09066715,Acetivibrio thermocellus,Ruminiclostridium thermocellum LL1004 transcriptomics - 024_CIV_17_08_2014_LL1004_Nlimit-v2,,LL1004,,1/6,YES,,,,,missing,missing,missing,,missing,missing,missing,missing,missing,,missing,,,MIGS.ba,missing,missing,missing,,missing,missing,missing,missing,missing,,missing,,,,,,,,,,,,missing,,,,,missing,,,,,not applicable,not applicable,,,,
SRX7195426,LL1004,,,,,,,,,,,,,Acetivibrio thermocellus,,,,,,,,,,,,9451382,Clostridium thermocellum DSM1313 LL1004 transcriptomics,RNA-Seq,TRANSCRIPTOMIC,other,PAIRED,ILLUMINA,Illumina HiSeq 2500,SRP230940,Ruminiclostridium thermocellum LL1004 transcriptomics - 052_CIV_30_01_2015_LL1041-v2 transcriptome,Transcriptome of Ruminiclostridium thermocellum strain for higher ethanol production to acquire transcriptional data for a comparison with Clostridium thermocellum (Ruminiclostridium thermocellum) DSM 1313. Sample collected from CIV chemostat,SRS5701200,Acetivibrio thermocellus,,LL1004,,SRR10506504,15953916,3222691032,9071380,SAMN09071380,Acetivibrio thermocellus,Ruminiclostridium thermocellum LL1004 transcriptomics - 052_CIV_30_01_2015_LL1041-v2,,LL1004,,1/6,YES,,,,,missing,missing,missing,,missing,missing,missing,missing,missing,,missing,,,MIGS.ba,missing,missing,missing,,missing,missing,missing,missing,missing,,missing,,,,,,,,,,,,missing,,,,,missing,,,,,not applicable,not applicable,,,,
SRX7195427,LL1004,,,,,,,,,,,,,Acetivibrio thermocellus,,,,,,,,,,,,9451383,Clostridium thermocellum DSM1313 LL1004 transcriptomics,RNA-Seq,TRANSCRIPTOMIC,other,PAIRED,ILLUMINA,Illumina HiSeq 2500,SRP230941,Ruminiclostridium thermocellum LL1004 transcriptomics - 008_CIV_14_08_2014_LL1004-v2 transcriptome,Transcriptome of Ruminiclostridium thermocellum strain for higher ethanol production to acquire transcriptional data for a comparison with Clostridium thermocellum (Ruminiclostridium thermocellum) DSM 1313. Sample collected from CIV chemostat,SRS5701201,Acetivibrio thermocellus,,LL1004,,SRR10506503,14355642,2899839684,9066747,SAMN09066747,Acetivibrio thermocellus,Ruminiclostridium thermocellum LL1004 transcriptomics - 008_CIV_14_08_2014_LL1004-v2,,LL1004,,1/6,YES,,,,,missing,missing,missing,,missing,missing,missing,missing,missing,,missing,,,MIGS.ba,missing,missing,missing,,missing,missing,missing,missing,missing,,missing,,,,,,,,,,,,missing,,,,,missing,,,,,not applicable,not applicable,,,,
SRX7195428,LL1004,,,,,,,,,,,,,Acetivibrio thermocellus,,,,,,,,,,,,9451384,Clostridium thermocellum DSM1313 LL1004 transcriptomics,RNA-Seq,TRANSCRIPTOMIC,other,PAIRED,ILLUMINA,Illumina HiSeq 2500,SRP230942,Ruminiclostridium thermocellum LL1004 transcriptomics - 043_CIII_16_10_2014_LL1004-v2 transcriptome,Transcriptome of Ruminiclostridium thermocellum strain for higher ethanol production to acquire transcriptional data for a comparison with Clostridium thermocellum (Ruminiclostridium thermocellum) DSM 1313. Sample collected from CIII chemostat,SRS5701202,Acetivibrio thermocellus,,LL1004,,SRR10506502,15851798,3202063196,9071408,SAMN09071408,Acetivibrio thermocellus,Ruminiclostridium thermocellum LL1004 transcriptomics - 043_CIII_16_10_2014_LL1004-v2,,LL1004,,1/6,YES,,,,,missing,missing,missing,,missing,missing,missing,missing,missing,,missing,,,MIGS.ba,missing,missing,missing,,missing,missing,missing,missing,missing,,missing,,,,,,,,,,,,missing,,,,,missing,,,,,not applicable,not applicable,,,,
SRX7195429,LL1004,,,,,,,,,,,,,Acetivibrio thermocellus,,,,,,,,,,,,9451385,Clostridium thermocellum DSM1313 LL1004 transcriptomics,RNA-Seq,TRANSCRIPTOMIC,other,PAIRED,ILLUMINA,Illumina HiSeq 2500,SRP230943,Ruminiclostridium thermocellum LL1004 transcriptomics - 044_CIV_16_10_2014_LL1004-v2 transcriptome,Transcriptome of Ruminiclostridium thermocellum strain for higher ethanol production to acquire transcriptional data for a comparison with Clostridium thermocellum (Ruminiclostridium thermocellum) DSM 1313. Sample collected from CIV chemostat,SRS5701203,Acetivibrio thermocellus,,LL1004,,SRR10506501,18346872,3706068144,9071377,SAMN09071377,Acetivibrio thermocellus,Ruminiclostridium thermocellum LL1004 transcriptomics - 044_CIV_16_10_2014_LL1004-v2,,LL1004,,1/6,YES,,,,,missing,missing,missing,,missing,missing,missing,missing,missing,,missing,,,MIGS.ba,missing,missing,missing,,missing,missing,missing,missing,missing,,missing,,,,,,,,,,,,missing,,,,,missing,,,,,not applicable,not applicable,,,,
SRX7195430,LL1004,,,,,,,,,,,,,Acetivibrio thermocellus,,,,,,,,,,,,9451386,Clostridium thermocellum DSM1313 LL1004 transcriptomics,RNA-Seq,TRANSCRIPTOMIC,other,PAIRED,ILLUMINA,Illumina HiSeq 2500,SRP230944,Ruminiclostridium thermocellum LL1004 transcriptomics - 056_CII_02_10_2014_LL375-v2 transcriptome,Transcriptome of Ruminiclostridium thermocellum strain for higher ethanol production to acquire transcriptional data for a comparison with Clostridium thermocellum (Ruminiclostridium thermocellum) DSM 1313. Sample collected from CII chemostat,SRS5701204,Acetivibrio thermocellus,,LL1004,,SRR10506500,13997298,2827454196,9071394,SAMN09071394,Acetivibrio thermocellus,Ruminiclostridium thermocellum LL1004 transcriptomics - 056_CII_02_10_2014_LL375-v2,,LL1004,,1/6,YES,,,,,missing,missing,missing,,missing,missing,missing,missing,missing,,missing,,,MIGS.ba,missing,missing,missing,,missing,missing,missing,missing,missing,,missing,,,,,,,,,,,,missing,,,,,missing,,,,,not applicable,not applicable,,,,
SRX7195431,LL1004,,,,,,,,,,,,,Acetivibrio thermocellus,,,,,,,,,,,,9451387,Clostridium thermocellum DSM1313 LL1004 transcriptomics,RNA-Seq,TRANSCRIPTOMIC,other,PAIRED,ILLUMINA,Illumina HiSeq 2500,SRP230945,Ruminiclostridium thermocellum LL1004 transcriptomics - 055_CI_02_10_2014_LL375-v2 transcriptome,Transcriptome of Ruminiclostridium thermocellum strain for higher ethanol production to acquire transcriptional data for a comparison with Clostridium thermocellum (Ruminiclostridium thermocellum) DSM 1313. Sample collected from CI chemostat,SRS5701205,Acetivibrio thermocellus,,LL1004,,SRR10506499,15861449,3204012698,9071402,SAMN09071402,Acetivibrio thermocellus,Ruminiclostridium thermocellum LL1004 transcriptomics - 055_CI_02_10_2014_LL375-v2,,LL1004,,1/6,YES,,,,,missing,missing,missing,,missing,missing,missing,missing,missing,,missing,,,MIGS.ba,missing,missing,missing,,missing,missing,missing,missing,missing,,missing,,,,,,,,,,,,missing,,,,,missing,,,,,not applicable,not applicable,,,,
SRX7195432,LL1004,,,,,,,,,,,,,Acetivibrio thermocellus,,,,,,,,,,,,9451388,Clostridium thermocellum DSM1313 LL1004 transcriptomics,RNA-Seq,TRANSCRIPTOMIC,other,PAIRED,ILLUMINA,Illumina HiSeq 2500,SRP230946,Ruminiclostridium thermocellum LL1004 transcriptomics - 011_CII_29_04_2014_LL1004-v2 transcriptome,Transcriptome of Ruminiclostridium thermocellum strain for higher ethanol production to acquire transcriptional data for a comparison with Clostridium thermocellum (Ruminiclostridium thermocellum) DSM 1313. Sample collected from CIII chemostat,SRS5701206,Acetivibrio thermocellus,,LL1004,,SRR10506498,15664651,3164259502,9066744,SAMN09066744,Acetivibrio thermocellus,Ruminiclostridium thermocellum LL1004 transcriptomics - 011_CII_29_04_2014_LL1004-v2,,LL1004,,1/6,YES,,,,,missing,missing,missing,,missing,missing,missing,missing,missing,,missing,,,MIGS.ba,missing,missing,missing,,missing,missing,missing,missing,missing,,missing,,,,,,,,,,,,missing,,,,,missing,,,,,not applicable,not applicable,,,,
SRX7195433,LL1004,,,,,,,,,,,,,Acetivibrio thermocellus,,,,,,,,,,,,9451389,Clostridium thermocellum DSM1313 LL1004 transcriptomics,RNA-Seq,TRANSCRIPTOMIC,other,PAIRED,ILLUMINA,Illumina HiSeq 2500,SRP230947,Ruminiclostridium thermocellum LL1004 transcriptomics - 047_CI_30_01_2015_LL373-v2 transcriptome,Transcriptome of Ruminiclostridium thermocellum strain for higher ethanol production to acquire transcriptional data for a comparison with Clostridium thermocellum (Ruminiclostridium thermocellum) DSM 1313. Sample collected from CI chemostat,SRS5701207,Acetivibrio thermocellus,,LL1004,,SRR10506497,13775492,2782649384,9071378,SAMN09071378,Acetivibrio thermocellus,Ruminiclostridium thermocellum LL1004 transcriptomics - 047_CI_30_01_2015_LL373-v2,,LL1004,,1/6,YES,,,,,missing,missing,missing,,missing,missing,missing,missing,missing,,missing,,,MIGS.ba,missing,missing,missing,,missing,missing,missing,missing,missing,,missing,,,,,,,,,,,,missing,,,,,missing,,,,,not applicable,not applicable,,,,
SRX7195434,LL1004,,,,,,,,,,,,,Acetivibrio thermocellus,,,,,,,,,,,,9451390,Clostridium thermocellum DSM1313 LL1004 transcriptomics,RNA-Seq,TRANSCRIPTOMIC,other,PAIRED,ILLUMINA,Illumina HiSeq 2500,SRP230948,Ruminiclostridium thermocellum LL1004 transcriptomics - 013_CI_30_04_2014_LL1004-v2 transcriptome,Transcriptome of Ruminiclostridium thermocellum strain for higher ethanol production to acquire transcriptional data for a comparison with Clostridium thermocellum (Ruminiclostridium thermocellum) DSM 1313. Sample collected from CI chemostat,SRS5701208,Acetivibrio thermocellus,,LL1004,,SRR10506496,11496558,2322304716,9066756,SAMN09066756,Acetivibrio thermocellus,Ruminiclostridium thermocellum LL1004 transcriptomics - 013_CI_30_04_2014_LL1004-v2,,LL1004,,1/6,YES,,,,,missing,missing,missing,,missing,missing,missing,missing,missing,,missing,,,MIGS.ba,missing,missing,missing,,missing,missing,missing,missing,missing,,missing,,,,,,,,,,,,missing,,,,,missing,,,,,not applicable,not applicable,,,,
SRX7195435,LL1004,,,,,,,,,,,,,Acetivibrio thermocellus,,,,,,,,,,,,9451391,Clostridium thermocellum DSM1313 LL1004 transcriptomics,RNA-Seq,TRANSCRIPTOMIC,other,PAIRED,ILLUMINA,Illumina HiSeq 2500,SRP230949,Ruminiclostridium thermocellum LL1004 transcriptomics - 046_CII_28_01_2015_LL373-v2 transcriptome,Transcriptome of Ruminiclostridium thermocellum strain for higher ethanol production to acquire transcriptional data for a comparison with Clostridium thermocellum (Ruminiclostridium thermocellum) DSM 1313. Sample collected from CII chemostat,SRS5701209,Acetivibrio thermocellus,,LL1004,,SRR10506495,14032662,2834597724,9071406,SAMN09071406,Acetivibrio thermocellus,Ruminiclostridium thermocellum LL1004 transcriptomics - 046_CII_28_01_2015_LL373-v2,,LL1004,,1/6,YES,,,,,missing,missing,missing,,missing,missing,missing,missing,missing,,missing,,,MIGS.ba,missing,missing,missing,,missing,missing,missing,missing,missing,,missing,,,,,,,,,,,,missing,,,,,missing,,,,,not applicable,not applicable,,,,
SRX7195436,LL1004,,,,,,,,,,,,,Acetivibrio thermocellus,,,,,,,,,,,,9451392,Clostridium thermocellum DSM1313 LL1004 transcriptomics,RNA-Seq,TRANSCRIPTOMIC,other,PAIRED,ILLUMINA,Illumina HiSeq 2500,SRP230950,Ruminiclostridium thermocellum LL1004 transcriptomics - 041_CI_16_10_2014_LL1004-v2 transcriptome,Transcriptome of Ruminiclostridium thermocellum strain for higher ethanol production to acquire transcriptional data for a comparison with Clostridium thermocellum (Ruminiclostridium thermocellum) DSM 1313. Sample collected from CI chemostat,SRS5701210,Acetivibrio thermocellus,,LL1004,,SRR10506494,12400069,2504813938,9071396,SAMN09071396,Acetivibrio thermocellus,Ruminiclostridium thermocellum LL1004 transcriptomics - 041_CI_16_10_2014_LL1004-v2,,LL1004,,1/6,YES,,,,,missing,missing,missing,,missing,missing,missing,missing,missing,,missing,,,MIGS.ba,missing,missing,missing,,missing,missing,missing,missing,missing,,missing,,,,,,,,,,,,missing,,,,,missing,,,,,not applicable,not applicable,,,,
SRX7195437,LL1004,,,,,,,,,,,,,Acetivibrio thermocellus,,,,,,,,,,,,9451393,Clostridium thermocellum DSM1313 LL1004 transcriptomics,RNA-Seq,TRANSCRIPTOMIC,other,PAIRED,ILLUMINA,Illumina HiSeq 2500,SRP230951,Ruminiclostridium thermocellum LL1004 transcriptomics - 042_CII_16_10_2014_LL1004-v2 transcriptome,Transcriptome of Ruminiclostridium thermocellum strain for higher ethanol production to acquire transcriptional data for a comparison with Clostridium thermocellum (Ruminiclostridium thermocellum) DSM 1313. Sample collected from CII chemostat,SRS5701211,Acetivibrio thermocellus,,LL1004,,SRR10506493,18124661,3661181522,9071409,SAMN09071409,Acetivibrio thermocellus,Ruminiclostridium thermocellum LL1004 transcriptomics - 042_CII_16_10_2014_LL1004-v2,,LL1004,,1/6,YES,,,,,missing,missing,missing,,missing,missing,missing,missing,missing,,missing,,,MIGS.ba,missing,missing,missing,,missing,missing,missing,missing,missing,,missing,,,,,,,,,,,,missing,,,,,missing,,,,,not applicable,not applicable,,,,
SRX7195438,LL1004,,,,,,,,,,,,,Acetivibrio thermocellus,,,,,,,,,,,,9451394,Clostridium thermocellum DSM1313 LL1004 transcriptomics,RNA-Seq,TRANSCRIPTOMIC,other,PAIRED,ILLUMINA,Illumina HiSeq 2500,SRP230952,Ruminiclostridium thermocellum LL1004 transcriptomics - 029_CI_22_09_2014_LL1004_Nlimit-v2 transcriptome,Transcriptome of Ruminiclostridium thermocellum strain for higher ethanol production to acquire transcriptional data for a comparison with Clostridium thermocellum (Ruminiclostridium thermocellum) DSM 1313. Sample collected from CI chemostat under Nitrogen limited conditions,SRS5701212,Acetivibrio thermocellus,,LL1004,,SRR10506492,11255381,2273586962,9071418,SAMN09071418,Acetivibrio thermocellus,Ruminiclostridium thermocellum LL1004 transcriptomics - 029_CI_22_09_2014_LL1004_Nlimit-v2,,LL1004,,1/6,YES,,,,,missing,missing,missing,,missing,missing,missing,missing,missing,,missing,,,MIGS.ba,missing,missing,missing,,missing,missing,missing,missing,missing,,missing,,,,,,,,,,,,missing,,,,,missing,,,,,not applicable,not applicable,,,,
SRX7195439,LL1004,,,,,,,,,,,,,Acetivibrio thermocellus,,,,,,,,,,,,9451395,Clostridium thermocellum DSM1313 LL1004 transcriptomics,RNA-Seq,TRANSCRIPTOMIC,other,PAIRED,ILLUMINA,Illumina HiSeq 2500,SRP230953,Ruminiclostridium thermocellum LL1004 transcriptomics - 048_CII_30_01_2015_LL373-v2 transcriptome,Transcriptome of Ruminiclostridium thermocellum strain for higher ethanol production to acquire transcriptional data for a comparison with Clostridium thermocellum (Ruminiclostridium thermocellum) DSM 1313. Sample collected from CII chemostat,SRS5701213,Acetivibrio thermocellus,,LL1004,,SRR10506491,13874971,2802744142,9071405,SAMN09071405,Acetivibrio thermocellus,Ruminiclostridium thermocellum LL1004 transcriptomics - 048_CII_30_01_2015_LL373-v2,,LL1004,,1/6,YES,,,,,missing,missing,missing,,missing,missing,missing,missing,missing,,missing,,,MIGS.ba,missing,missing,missing,,missing,missing,missing,missing,missing,,missing,,,,,,,,,,,,missing,,,,,missing,,,,,not applicable,not applicable,,,,
SRX7195440,LL1004,,,,,,,,,,,,,Acetivibrio thermocellus,,,,,,,,,,,,9451396,Clostridium thermocellum DSM1313 LL1004 transcriptomics,RNA-Seq,TRANSCRIPTOMIC,other,PAIRED,ILLUMINA,Illumina HiSeq 2500,SRP230954,Ruminiclostridium thermocellum LL1004 transcriptomics - 049_CIII_28_01_2015_LL1041-v2 transcriptome,Transcriptome of Ruminiclostridium thermocellum strain for higher ethanol production to acquire transcriptional data for a comparison with Clostridium thermocellum (Ruminiclostridium thermocellum) DSM 1313. Sample collected from CIII chemostat,SRS5701214,Acetivibrio thermocellus,,LL1004,,SRR10506490,15877366,3207227932,9071379,SAMN09071379,Acetivibrio thermocellus,Ruminiclostridium thermocellum LL1004 transcriptomics - 049_CIII_28_01_2015_LL1041-v2,,LL1004,,1/6,YES,,,,,missing,missing,missing,,missing,missing,missing,missing,missing,,missing,,,MIGS.ba,missing,missing,missing,,missing,missing,missing,missing,missing,,missing,,,,,,,,,,,,missing,,,,,missing,,,,,not applicable,not applicable,,,,
SRX7195442,LL1004,,,,,,,,,,,,,Acetivibrio thermocellus,,,,,,,,,,,,9451398,Clostridium thermocellum DSM1313 LL1004 transcriptomics,RNA-Seq,TRANSCRIPTOMIC,other,PAIRED,ILLUMINA,Illumina HiSeq 2500,SRP230956,Ruminiclostridium thermocellum LL1004 transcriptomics - 027_CIII_15_09_2014_LL1004_Nlimit-v2 transcriptome,Transcriptome of Ruminiclostridium thermocellum strain for higher ethanol production to acquire transcriptional data for a comparison with Clostridium thermocellum (Ruminiclostridium thermocellum) DSM 1313. Sample collected from CIII chemostat under Nitrogen limited conditions,SRS5701216,Acetivibrio thermocellus,,LL1004,,SRR10506488,15816623,3194957846,9071384,SAMN09071384,Acetivibrio thermocellus,Ruminiclostridium thermocellum LL1004 transcriptomics - 027_CIII_15_09_2014_LL1004_Nlimit-v2,,LL1004,,1/6,YES,,,,,missing,missing,missing,,missing,missing,missing,missing,missing,,missing,,,MIGS.ba,missing,missing,missing,,missing,missing,missing,missing,missing,,missing,,,,,,,,,,,,missing,,,,,missing,,,,,not applicable,not applicable,,,,
SRX7195443,LL1004,,,,,,,,,,,,,Acetivibrio thermocellus,,,,,,,,,,,,9451399,Clostridium thermocellum DSM1313 LL1004 transcriptomics,RNA-Seq,TRANSCRIPTOMIC,other,PAIRED,ILLUMINA,Illumina HiSeq 2500,SRP230957,Ruminiclostridium thermocellum LL1004 transcriptomics - 028_CIV_15_09_2014_LL1004_Nlimit-v2 transcriptome,Transcriptome of Ruminiclostridium thermocellum strain for higher ethanol production to acquire transcriptional data for a comparison with Clostridium thermocellum (Ruminiclostridium thermocellum) DSM 1313. Sample collected from CIV chemostat under Nitrogen limited conditions,SRS5701217,Acetivibrio thermocellus,,LL1004,,SRR10506487,15599597,3151118594,9071419,SAMN09071419,Acetivibrio thermocellus,Ruminiclostridium thermocellum LL1004 transcriptomics - 028_CIV_15_09_2014_LL1004_Nlimit-v2,,LL1004,,1/6,YES,,,,,missing,missing,missing,,missing,missing,missing,missing,missing,,missing,,,MIGS.ba,missing,missing,missing,,missing,missing,missing,missing,missing,,missing,,,,,,,,,,,,missing,,,,,missing,,,,,not applicable,not applicable,,,,
SRX7195444,LL1004,,,,,,,,,,,,,Acetivibrio thermocellus,,,,,,,,,,,,9451400,Clostridium thermocellum DSM1313 LL1004 transcriptomics,RNA-Seq,TRANSCRIPTOMIC,other,PAIRED,ILLUMINA,Illumina HiSeq 2500,SRP230958,Ruminiclostridium thermocellum LL1004 transcriptomics - 054_CII_01_10_2014_LL375-v2 transcriptome,Transcriptome of Ruminiclostridium thermocellum strain for higher ethanol production to acquire transcriptional data for a comparison with Clostridium thermocellum (Ruminiclostridium thermocellum) DSM 1313. Sample collected from CII chemostat,SRS5701218,Acetivibrio thermocellus,,LL1004,,SRR10506486,12130133,2450286866,9071403,SAMN09071403,Acetivibrio thermocellus,Ruminiclostridium thermocellum LL1004 transcriptomics - 054_CII_01_10_2014_LL375-v2,,LL1004,,1/6,YES,,,,,missing,missing,missing,,missing,missing,missing,missing,missing,,missing,,,MIGS.ba,missing,missing,missing,,missing,missing,missing,missing,missing,,missing,,,,,,,,,,,,missing,,,,,missing,,,,,not applicable,not applicable,,,,
SRX7195445,LL1004,,,,,,,,,,,,,Acetivibrio thermocellus,,,,,,,,,,,,9451401,Clostridium thermocellum DSM1313 LL1004 transcriptomics,RNA-Seq,TRANSCRIPTOMIC,other,PAIRED,ILLUMINA,Illumina HiSeq 2500,SRP230959,Ruminiclostridium thermocellum LL1004 transcriptomics - 050_CIV_28_01_2015_LL1041-v2 transcriptome,Transcriptome of Ruminiclostridium thermocellum strain for higher ethanol production to acquire transcriptional data for a comparison with Clostridium thermocellum (Ruminiclostridium thermocellum) DSM 1313. Sample collected from CIV chemostat,SRS5701219,Acetivibrio thermocellus,,LL1004,,SRR10506485,16006073,3233226746,9071404,SAMN09071404,Acetivibrio thermocellus,Ruminiclostridium thermocellum LL1004 transcriptomics - 050_CIV_28_01_2015_LL1041-v2,,LL1004,,1/6,YES,,,,,missing,missing,missing,,missing,missing,missing,missing,missing,,missing,,,MIGS.ba,missing,missing,missing,,missing,missing,missing,missing,missing,,missing,,,,,,,,,,,,missing,,,,,missing,,,,,not applicable,not applicable,,,,
SRX7195447,LL1004,,,,,,,,,,,,,Acetivibrio thermocellus,,,,,,,,,,,,9451403,Clostridium thermocellum DSM1313 LL1004 transcriptomics,RNA-Seq,TRANSCRIPTOMIC,other,PAIRED,ILLUMINA,Illumina HiSeq 2500,SRP230961,Ruminiclostridium thermocellum LL1004 transcriptomics - 058_CII_10_10_2014_LL1011-v2 transcriptome,Transcriptome of Ruminiclostridium thermocellum strain for higher ethanol production to acquire transcriptional data for a comparison with Clostridium thermocellum (Ruminiclostridium thermocellum) DSM 1313. Sample collected from CII chemostat,SRS5701221,Acetivibrio thermocellus,,LL1004,,SRR10506483,13878363,2803429326,9071393,SAMN09071393,Acetivibrio thermocellus,Ruminiclostridium thermocellum LL1004 transcriptomics - 058_CII_10_10_2014_LL1011-v2,,LL1004,,1/6,YES,,,,,missing,missing,missing,,missing,missing,missing,missing,missing,,missing,,,MIGS.ba,missing,missing,missing,,missing,missing,missing,missing,missing,,missing,,,,,,,,,,,,missing,,,,,missing,,,,,not applicable,not applicable,,,,
SRX7195448,LL1004,,,,,,,,,,,,,Acetivibrio thermocellus,,,,,,,,,,,,9451404,Clostridium thermocellum DSM1313 LL1004 transcriptomics,RNA-Seq,TRANSCRIPTOMIC,other,PAIRED,ILLUMINA,Illumina HiSeq 2500,SRP230962,Ruminiclostridium thermocellum LL1004 transcriptomics - 017_CI_03_05_2014_LL1004_Nlimit-v2 transcriptome,Transcriptome of Ruminiclostridium thermocellum strain for higher ethanol production to acquire transcriptional data for a comparison with Clostridium thermocellum (Ruminiclostridium thermocellum) DSM 1313. Sample collected from CI chemostat under Nitrogen limited conditions,SRS5701222,Acetivibrio thermocellus,,LL1004,,SRR10506482,12384796,2501728792,9066726,SAMN09066726,Acetivibrio thermocellus,Ruminiclostridium thermocellum LL1004 transcriptomics - 017_CI_03_05_2014_LL1004_Nlimit-v2,,LL1004,,1/6,YES,,,,,missing,missing,missing,,missing,missing,missing,missing,missing,,missing,,,MIGS.ba,missing,missing,missing,,missing,missing,missing,missing,missing,,missing,,,,,,,,,,,,missing,,,,,missing,,,,,not applicable,not applicable,,,,
SRX7195449,LL1004,,,,,,,,,,,,,Acetivibrio thermocellus,,,,,,,,,,,,9451405,Clostridium thermocellum DSM1313 LL1004 transcriptomics,RNA-Seq,TRANSCRIPTOMIC,other,PAIRED,ILLUMINA,Illumina HiSeq 2500,SRP230963,Ruminiclostridium thermocellum LL1004 transcriptomics - 014_CII_30_04_2014_LL1004-v2 transcriptome,Transcriptome of Ruminiclostridium thermocellum strain for higher ethanol production to acquire transcriptional data for a comparison with Clostridium thermocellum (Ruminiclostridium thermocellum) DSM 1313. Sample collected from CII chemostat,SRS5701223,Acetivibrio thermocellus,,LL1004,,SRR10506481,17690126,3573405452,9066714,SAMN09066714,Acetivibrio thermocellus,Ruminiclostridium thermocellum LL1004 transcriptomics - 014_CII_30_04_2014_LL1004-v2,,LL1004,,1/6,YES,,,,,missing,missing,missing,,missing,missing,missing,missing,missing,,missing,,,MIGS.ba,missing,missing,missing,,missing,missing,missing,missing,missing,,missing,,,,,,,,,,,,missing,,,,,missing,,,,,not applicable,not applicable,,,,
SRX7195450,LL1004,,,,,,,,,,,,,Acetivibrio thermocellus,,,,,,,,,,,,9451406,Clostridium thermocellum DSM1313 LL1004 transcriptomics,RNA-Seq,TRANSCRIPTOMIC,other,PAIRED,ILLUMINA,Illumina HiSeq 2500,SRP230964,Ruminiclostridium thermocellum LL1004 transcriptomics - 059_CIII_08_10_2014_LL374-v2 transcriptome,Transcriptome of Ruminiclostridium thermocellum strain for higher ethanol production to acquire transcriptional data for a comparison with Clostridium thermocellum (Ruminiclostridium thermocellum) DSM 1313. Sample collected from CIII chemostat,SRS5701224,Acetivibrio thermocellus,,LL1004,,SRR10506480,14104974,2849204748,9071401,SAMN09071401,Acetivibrio thermocellus,Ruminiclostridium thermocellum LL1004 transcriptomics - 059_CIII_08_10_2014_LL374-v2,,LL1004,,1/6,YES,,,,,missing,missing,missing,,missing,missing,missing,missing,missing,,missing,,,MIGS.ba,missing,missing,missing,,missing,missing,missing,missing,missing,,missing,,,,,,,,,,,,missing,,,,,missing,,,,,not applicable,not applicable,,,,
SRX7195451,LL1004,,,,,,,,,,,,,Acetivibrio thermocellus,,,,,,,,,,,,9451407,Clostridium thermocellum DSM1313 LL1004 transcriptomics,RNA-Seq,TRANSCRIPTOMIC,other,PAIRED,ILLUMINA,Illumina HiSeq 2500,SRP230965,Ruminiclostridium thermocellum LL1004 transcriptomics - 015_CIII_30_04_2014_LL1004-v2 transcriptome,Transcriptome of Ruminiclostridium thermocellum strain for higher ethanol production to acquire transcriptional data for a comparison with Clostridium thermocellum (Ruminiclostridium thermocellum) DSM 1313. Sample collected from CIII chemostat,SRS5701225,Acetivibrio thermocellus,,LL1004,,SRR10506479,12479845,2520928690,9066753,SAMN09066753,Acetivibrio thermocellus,Ruminiclostridium thermocellum LL1004 transcriptomics - 015_CIII_30_04_2014_LL1004-v2,,LL1004,,1/6,YES,,,,,missing,missing,missing,,missing,missing,missing,missing,missing,,missing,,,MIGS.ba,missing,missing,missing,,missing,missing,missing,missing,missing,,missing,,,,,,,,,,,,missing,,,,,missing,,,,,not applicable,not applicable,,,,
SRX7195452,LL1004,,,,,,,,,,,,,Acetivibrio thermocellus,,,,,,,,,,,,9451408,Clostridium thermocellum DSM1313 LL1004 transcriptomics,RNA-Seq,TRANSCRIPTOMIC,other,PAIRED,ILLUMINA,Illumina HiSeq 2500,SRP230966,Ruminiclostridium thermocellum LL1004 transcriptomics - 036_CIV_30_10_2014_LL1004_Nlimit-v2 transcriptome,Transcriptome of Ruminiclostridium thermocellum strain for higher ethanol production to acquire transcriptional data for a comparison with Clostridium thermocellum (Ruminiclostridium thermocellum) DSM 1313. Sample collected from CIV chemostat under Nitrogen limited conditions,SRS5701226,Acetivibrio thermocellus,,LL1004,,SRR10506478,15247647,3080024694,9071390,SAMN09071390,Acetivibrio thermocellus,Ruminiclostridium thermocellum LL1004 transcriptomics - 036_CIV_30_10_2014_LL1004_Nlimit-v2,,LL1004,,1/6,YES,,,,,missing,missing,missing,,missing,missing,missing,missing,missing,,missing,,,MIGS.ba,missing,missing,missing,,missing,missing,missing,missing,missing,,missing,,,,,,,,,,,,missing,,,,,missing,,,,,not applicable,not applicable,,,,
SRX7195453,LL1004,,,,,,,,,,,,,Acetivibrio thermocellus,,,,,,,,,,,,9451409,Clostridium thermocellum DSM1313 LL1004 transcriptomics,RNA-Seq,TRANSCRIPTOMIC,other,PAIRED,ILLUMINA,Illumina HiSeq 2500,SRP230967,Ruminiclostridium thermocellum LL1004 transcriptomics - 016_CIV_30_04_2014_LL1004-v2 transcriptome,Transcriptome of Ruminiclostridium thermocellum strain for higher ethanol production to acquire transcriptional data for a comparison with Clostridium thermocellum (Ruminiclostridium thermocellum) DSM 1313. Sample collected from CIV chemostat,SRS5701227,Acetivibrio thermocellus,,LL1004,,SRR10506477,13632470,2753758940,9066743,SAMN09066743,Acetivibrio thermocellus,Ruminiclostridium thermocellum LL1004 transcriptomics - 016_CIV_30_04_2014_LL1004-v2,,LL1004,,1/6,YES,,,,,missing,missing,missing,,missing,missing,missing,missing,missing,,missing,,,MIGS.ba,missing,missing,missing,,missing,missing,missing,missing,missing,,missing,,,,,,,,,,,,missing,,,,,missing,,,,,not applicable,not applicable,,,,
SRX7195454,LL1004,,,,,,,,,,,,,Acetivibrio thermocellus,,,,,,,,,,,,9451410,Clostridium thermocellum DSM1313 LL1004 transcriptomics,RNA-Seq,TRANSCRIPTOMIC,other,PAIRED,ILLUMINA,Illumina HiSeq 2500,SRP230968,Ruminiclostridium thermocellum LL1004 transcriptomics - 037_CI_15_10_2014_LL1004-v2 transcriptome,Transcriptome of Ruminiclostridium thermocellum strain for higher ethanol production to acquire transcriptional data for a comparison with Clostridium thermocellum (Ruminiclostridium thermocellum) DSM 1313. Sample collected from CI chemostat,SRS5701228,Acetivibrio thermocellus,,LL1004,,SRR10506476,15610800,3153381600,9071411,SAMN09071411,Acetivibrio thermocellus,Ruminiclostridium thermocellum LL1004 transcriptomics - 037_CI_15_10_2014_LL1004-v2,,LL1004,,1/6,YES,,,,,missing,missing,missing,,missing,missing,missing,missing,missing,,missing,,,MIGS.ba,missing,missing,missing,,missing,missing,missing,missing,missing,,missing,,,,,,,,,,,,missing,,,,,missing,,,,,not applicable,not applicable,,,,
SRX7195455,LL1004,,,,,,,,,,,,,Acetivibrio thermocellus,,,,,,,,,,,,9451411,Clostridium thermocellum DSM1313 LL1004 transcriptomics,RNA-Seq,TRANSCRIPTOMIC,other,PAIRED,ILLUMINA,Illumina HiSeq 2500,SRP230969,Ruminiclostridium thermocellum LL1004 transcriptomics - 038_CII_15_10_2014_LL1004-v2 transcriptome,Transcriptome of Ruminiclostridium thermocellum strain for higher ethanol production to acquire transcriptional data for a comparison with Clostridium thermocellum (Ruminiclostridium thermocellum) DSM 1313. Sample collected from CII chemostat,SRS5701229,Acetivibrio thermocellus,,LL1004,,SRR10506475,13517297,2730493994,9071391,SAMN09071391,Acetivibrio thermocellus,Ruminiclostridium thermocellum LL1004 transcriptomics - 038_CII_15_10_2014_LL1004-v2,,LL1004,,1/6,YES,,,,,missing,missing,missing,,missing,missing,missing,missing,missing,,missing,,,MIGS.ba,missing,missing,missing,,missing,missing,missing,missing,missing,,missing,,,,,,,,,,,,missing,,,,,missing,,,,,not applicable,not applicable,,,,
SRX7195456,LL1004,,,,,,,,,,,,,Acetivibrio thermocellus,,,,,,,,,,,,9451412,Clostridium thermocellum DSM1313 LL1004 transcriptomics,RNA-Seq,TRANSCRIPTOMIC,other,PAIRED,ILLUMINA,Illumina HiSeq 2500,SRP230970,Ruminiclostridium thermocellum LL1004 transcriptomics - 057_CI_10_10_2014_LL1011-v2 transcriptome,Transcriptome of Ruminiclostridium thermocellum strain for higher ethanol production to acquire transcriptional data for a comparison with Clostridium thermocellum (Ruminiclostridium thermocellum) DSM 1313. Sample collected from CI chemostat,SRS5701230,Acetivibrio thermocellus,,LL1004,,SRR10506474,12942995,2614484990,9071382,SAMN09071382,Acetivibrio thermocellus,Ruminiclostridium thermocellum LL1004 transcriptomics - 057_CI_10_10_2014_LL1011-v2,,LL1004,,1/6,YES,,,,,missing,missing,missing,,missing,missing,missing,missing,missing,,missing,,,MIGS.ba,missing,missing,missing,,missing,missing,missing,missing,missing,,missing,,,,,,,,,,,,missing,,,,,missing,,,,,not applicable,not applicable,,,,
SRX7195457,LL1004,,,,,,,,,,,,,Acetivibrio thermocellus,,,,,,,,,,,,9451413,Clostridium thermocellum DSM1313 LL1004 transcriptomics,RNA-Seq,TRANSCRIPTOMIC,other,PAIRED,ILLUMINA,Illumina HiSeq 2500,SRP230971,Ruminiclostridium thermocellum LL1004 transcriptomics - 031_CIII_22_09_2014_LL1004_Nlimit-v2 transcriptome,Transcriptome of Ruminiclostridium thermocellum strain for higher ethanol production to acquire transcriptional data for a comparison with Clostridium thermocellum (Ruminiclostridium thermocellum) DSM 1313. Sample collected from CIII chemostat under Nitrogen limited conditions,SRS5701231,Acetivibrio thermocellus,,LL1004,,SRR10506473,14308256,2890267712,9071415,SAMN09071415,Acetivibrio thermocellus,Ruminiclostridium thermocellum LL1004 transcriptomics - 031_CIII_22_09_2014_LL1004_Nlimit-v2,,LL1004,,1/6,YES,,,,,missing,missing,missing,,missing,missing,missing,missing,missing,,missing,,,MIGS.ba,missing,missing,missing,,missing,missing,missing,missing,missing,,missing,,,,,,,,,,,,missing,,,,,missing,,,,,not applicable,not applicable,,,,
SRX7195458,LL1004,,,,,,,,,,,,,Acetivibrio thermocellus,,,,,,,,,,,,9451414,Clostridium thermocellum DSM1313 LL1004 transcriptomics,RNA-Seq,TRANSCRIPTOMIC,other,PAIRED,ILLUMINA,Illumina HiSeq 2500,SRP230972,Ruminiclostridium thermocellum LL1004 transcriptomics - 006_CII_14_08_2014_LL1004-v2 transcriptome,Transcriptome of Ruminiclostridium thermocellum strain for higher ethanol production to acquire transcriptional data for a comparison with Clostridium thermocellum (Ruminiclostridium thermocellum) DSM 1313. Sample collected from CII chemostat,SRS5701232,Acetivibrio thermocellus,,LL1004,,SRR10506472,13624339,2752116478,9066748,SAMN09066748,Acetivibrio thermocellus,Ruminiclostridium thermocellum LL1004 transcriptomics - 006_CII_14_08_2014_LL1004-v2,,LL1004,,1/6,YES,,,,,missing,missing,missing,,missing,missing,missing,missing,missing,,missing,,,MIGS.ba,missing,missing,missing,,missing,missing,missing,missing,missing,,missing,,,,,,,,,,,,missing,,,,,missing,,,,,not applicable,not applicable,,,,
SRX7195459,LL1004,,,,,,,,,,,,,Acetivibrio thermocellus,,,,,,,,,,,,9451415,Clostridium thermocellum DSM1313 LL1004 transcriptomics,RNA-Seq,TRANSCRIPTOMIC,other,PAIRED,ILLUMINA,Illumina HiSeq 2500,SRP230973,Ruminiclostridium thermocellum LL1004 transcriptomics - 060_CIV_08_10_2014_LL374-v2 transcriptome,Transcriptome of Ruminiclostridium thermocellum strain for higher ethanol production to acquire transcriptional data for a comparison with Clostridium thermocellum (Ruminiclostridium thermocellum) DSM 1313. Sample collected from CIV chemostat,SRS5701233,Acetivibrio thermocellus,,LL1004,,SRR10506471,16055505,3243212010,9071400,SAMN09071400,Acetivibrio thermocellus,Ruminiclostridium thermocellum LL1004 transcriptomics - 060_CIV_08_10_2014_LL374-v2,,LL1004,,1/6,YES,,,,,missing,missing,missing,,missing,missing,missing,missing,missing,,missing,,,MIGS.ba,missing,missing,missing,,missing,missing,missing,missing,missing,,missing,,,,,,,,,,,,missing,,,,,missing,,,,,not applicable,not applicable,,,,
SRX7195460,LL1004,,,,,,,,,,,,,Acetivibrio thermocellus,,,,,,,,,,,,9451416,Clostridium thermocellum DSM1313 LL1004 transcriptomics,RNA-Seq,TRANSCRIPTOMIC,other,PAIRED,ILLUMINA,Illumina HiSeq 2500,SRP230974,Ruminiclostridium thermocellum LL1004 transcriptomics - 040_CIV_15_10_2014_LL1004-v2 transcriptome,Transcriptome of Ruminiclostridium thermocellum strain for higher ethanol production to acquire transcriptional data for a comparison with Clostridium thermocellum (Ruminiclostridium thermocellum) DSM 1313. Sample collected from CIV chemostat,SRS5701234,Acetivibrio thermocellus,,LL1004,,SRR10506470,14158030,2859922060,9071392,SAMN09071392,Acetivibrio thermocellus,Ruminiclostridium thermocellum LL1004 transcriptomics - 040_CIV_15_10_2014_LL1004-v2,,LL1004,,1/6,YES,,,,,missing,missing,missing,,missing,missing,missing,missing,missing,,missing,,,MIGS.ba,missing,missing,missing,,missing,missing,missing,missing,missing,,missing,,,,,,,,,,,,missing,,,,,missing,,,,,not applicable,not applicable,,,,
SRX7195461,LL1004,,,,,,,,,,,,,Acetivibrio thermocellus,,,,,,,,,,,,9451417,Clostridium thermocellum DSM1313 LL1004 transcriptomics,RNA-Seq,TRANSCRIPTOMIC,other,PAIRED,ILLUMINA,Illumina HiSeq 2500,SRP230975,Ruminiclostridium thermocellum LL1004 transcriptomics - 019_CIII_03_05_2014_LL1004_Nlimit-v2 transcriptome,Transcriptome of Ruminiclostridium thermocellum strain for higher ethanol production to acquire transcriptional data for a comparison with Clostridium thermocellum (Ruminiclostridium thermocellum) DSM 1313. Sample collected from CIII chemostat under Nitrogen limited conditions,SRS5701235,Acetivibrio thermocellus,,LL1004,,SRR10506469,14862052,3002134504,9066740,SAMN09066740,Acetivibrio thermocellus,Ruminiclostridium thermocellum LL1004 transcriptomics - 019_CIII_03_05_2014_LL1004_Nlimit-v2,,LL1004,,1/6,YES,,,,,missing,missing,missing,,missing,missing,missing,missing,missing,,missing,,,MIGS.ba,missing,missing,missing,,missing,missing,missing,missing,missing,,missing,,,,,,,,,,,,missing,,,,,missing,,,,,not applicable,not applicable,,,,
SRX7195462,LL1004,,,,,,,,,,,,,Acetivibrio thermocellus,,,,,,,,,,,,9451418,Clostridium thermocellum DSM1313 LL1004 transcriptomics,RNA-Seq,TRANSCRIPTOMIC,other,PAIRED,ILLUMINA,Illumina HiSeq 2500,SRP230976,Ruminiclostridium thermocellum LL1004 transcriptomics - 020_CIV_03_05_2014_LL1004_Nlimit-v2 transcriptome,Transcriptome of Ruminiclostridium thermocellum strain for higher ethanol production to acquire transcriptional data for a comparison with Clostridium thermocellum (Ruminiclostridium thermocellum) DSM 1313. Sample collected from CIV chemostat under Nitrogen limited conditions,SRS5701236,Acetivibrio thermocellus,,LL1004,,SRR10506468,15961202,3224162804,9066739,SAMN09066739,Acetivibrio thermocellus,Ruminiclostridium thermocellum LL1004 transcriptomics - 020_CIV_03_05_2014_LL1004_Nlimit-v2,,LL1004,,1/6,YES,,,,,missing,missing,missing,,missing,missing,missing,missing,missing,,missing,,,MIGS.ba,missing,missing,missing,,missing,missing,missing,missing,missing,,missing,,,,,,,,,,,,missing,,,,,missing,,,,,not applicable,not applicable,,,,
