#qseqid	sseqid	evalue	bitscore	qstart	qend	sstart	send	pident	qcov	scov
Clo1313_0001	203119.Cthe_2371	6.19e-315	858.0	1	443	1	443	99.8	100.0	100.0
Clo1313_0002	203119.Cthe_2372	6.16e-260	712.0	1	366	1	366	99.7	100.0	100.0
Clo1313_0003	203119.Cthe_2373	1.39e-40	134.0	1	68	1	68	100.0	100.0	100.0
Clo1313_0004	203119.Cthe_2374	5.96e-264	723.0	1	369	1	369	99.7	100.0	100.0
Clo1313_0005	203119.Cthe_2375	3.63e-57	178.0	1	104	1	104	100.0	100.0	100.0
Clo1313_0006	203119.Cthe_2376	0.0	1277.0	1	641	1	641	100.0	100.0	100.0
Clo1313_0007	203119.Cthe_2377	2.79e-179	499.0	1	258	1	258	100.0	100.0	100.0
Clo1313_0008	203119.Cthe_2378	8.63e-194	539.0	1	289	1	289	100.0	100.0	100.0
Clo1313_0009	203119.Cthe_2379	1.06e-105	306.0	1	169	1	169	100.0	100.0	100.0
Clo1313_0010	203119.Cthe_2380	4.11e-127	367.0	1	246	1	246	100.0	100.0	100.0
Clo1313_0011	203119.Cthe_2381	6.3e-291	796.0	1	423	1	423	100.0	100.0	100.0
Clo1313_0012	203119.Cthe_2382	0.0	890.0	1	466	1	466	99.8	100.0	100.0
Clo1313_0013	203119.Cthe_2383	4.92e-212	586.0	1	304	1	304	99.7	100.0	100.0
Clo1313_0014	203119.Cthe_2384	6.78e-130	369.0	1	189	1	189	100.0	100.0	100.0
Clo1313_0015	203119.Cthe_2385	3.5e-92	273.0	1	177	1	177	100.0	100.0	100.0
Clo1313_0016	203119.Cthe_2386	0.0	1085.0	1	569	1	569	99.8	100.0	100.0
Clo1313_0017	203119.Cthe_2387	1.05e-314	856.0	1	423	1	423	99.3	100.0	100.0
Clo1313_0018	203119.Cthe_2388	4.7e-68	206.0	1	107	1	107	100.0	100.0	100.0
Clo1313_0019	203119.Cthe_2389	2.01e-53	168.0	1	92	1	92	100.0	100.0	100.0
Clo1313_0020	203119.Cthe_2390	5.57e-135	382.0	1	192	1	192	100.0	100.0	100.0
Clo1313_0021	203119.Cthe_2391	1.57e-61	189.0	1	101	1	101	100.0	100.0	100.0
Clo1313_0022	203119.Cthe_2392	8.75e-281	768.0	1	394	1	394	99.7	100.0	100.0
Clo1313_0023	203119.Cthe_2393	1.1e-232	639.0	1	311	1	311	100.0	100.0	100.0
Clo1313_0024	1499684.CCNP01000020_gene2489	0.00113	38.9	1	38	1	38	60.5	95.0	92.7
Clo1313_0025	720554.Clocl_0025	1.27e-45	162.0	3	277	2	275	38.8	98.6	97.9
Clo1313_0026	203119.Cthe_2395	1.68e-166	466.0	1	239	1	239	100.0	100.0	100.0
Clo1313_0027	203119.Cthe_2396	2.33e-55	172.0	1	87	5	91	100.0	100.0	95.6
Clo1313_0028	203119.Cthe_2397	1.57e-280	768.0	1	406	1	406	99.8	100.0	100.0
Clo1313_0029	203119.Cthe_2398	1.85e-240	660.0	1	329	1	329	100.0	100.0	100.0
Clo1313_0030	203119.Cthe_2399	0.0	1081.0	2	556	2	556	100.0	99.8	99.8
Clo1313_0031	203119.Cthe_2400	2.34e-208	576.0	1	291	1	291	100.0	100.0	100.0
Clo1313_0032	203119.Cthe_2401	4.48e-55	172.0	1	88	1	88	100.0	100.0	100.0
Clo1313_0033	203119.Cthe_2402	0.0	1008.0	1	522	1	522	100.0	100.0	100.0
Clo1313_0034	203119.Cthe_2403	1.97e-197	547.0	1	278	6	283	100.0	100.0	98.2
Clo1313_0035	203119.Cthe_2404	1.13e-155	437.0	1	230	1	230	99.6	100.0	100.0
Clo1313_0036	720554.Clocl_0036	5.55e-29	104.0	1	68	1	68	69.1	100.0	100.0
Clo1313_0037	203119.Cthe_2406	8.47e-117	334.0	1	170	1	170	100.0	100.0	100.0
Clo1313_0038	203119.Cthe_2407	0.0	1053.0	1	540	1	540	99.8	100.0	100.0
Clo1313_0039	203119.Cthe_2408	1.11e-152	431.0	1	242	1	242	100.0	100.0	100.0
Clo1313_0040	203119.Cthe_2409	4.07e-177	495.0	1	268	1	268	100.0	100.0	100.0
Clo1313_0041	203119.Cthe_2410	0.0	1028.0	1	530	1	530	99.8	100.0	100.0
Clo1313_0042	203119.Cthe_2411	1.24e-278	761.0	1	381	1	381	100.0	100.0	100.0
Clo1313_0043	203119.Cthe_2412	0.0	1543.0	1	883	1	883	100.0	100.0	100.0
Clo1313_0044	203119.Cthe_2413	3.34e-241	663.0	4	340	1	337	99.7	99.1	100.0
Clo1313_0046	203119.Cthe_2415	1.9e-169	473.0	2	233	2	233	100.0	99.6	99.6
Clo1313_0047	203119.Cthe_2416	0.0	918.0	1	464	1	464	99.8	100.0	100.0
Clo1313_0048	203119.Cthe_2417	1.62e-237	655.0	1	362	1	362	99.4	100.0	100.0
Clo1313_0049	203119.Cthe_2418	1.27e-247	680.0	1	347	1	347	100.0	100.0	100.0
Clo1313_0050	203119.Cthe_2419	8.64e-219	604.0	1	305	1	305	99.7	99.0	93.8
Clo1313_0051	203119.Cthe_2420	0.0	1179.0	1	593	1	593	99.7	100.0	100.0
Clo1313_0052	5821.PBANKA_111100	1.82	34.7	8	82	6348	6422	30.3	91.5	0.9
Clo1313_0053	1200792.AKYF01000021_gene5346	6.35e-05	53.1	20	202	26	212	26.9	51.3	49.5
Clo1313_0054	398512.JQKC01000006_gene632	6.71e-17	95.5	463	729	1357	1626	29.8	26.7	14.7
Clo1313_0055	203119.Cthe_2424	3.16e-194	539.0	1	276	1	276	100.0	100.0	100.0
Clo1313_0056	203119.Cthe_2425	1.01e-187	523.0	1	279	1	279	100.0	100.0	100.0
Clo1313_0057	203119.Cthe_2426	2.79e-183	510.0	1	266	1	266	99.6	100.0	100.0
Clo1313_0058	203119.Cthe_2427	7.86e-200	556.0	1	318	1	318	100.0	100.0	100.0
Clo1313_0059	203119.Cthe_2428	1.08e-214	593.0	1	302	1	302	99.7	100.0	100.0
Clo1313_0060	203119.Cthe_2429	8.93e-232	640.0	1	356	1	356	100.0	100.0	100.0
Clo1313_0061	203119.Cthe_2430	5.86e-311	848.0	1	439	1	439	100.0	100.0	100.0
Clo1313_0062	203119.Cthe_2431	1.37e-222	614.0	1	321	1	321	99.4	100.0	100.0
Clo1313_0063	203119.Cthe_2432	8.07e-126	359.0	1	197	1	197	99.5	100.0	100.0
Clo1313_0064	203119.Cthe_2433	8.04e-150	422.0	1	218	1	218	100.0	100.0	100.0
Clo1313_0065	203119.Cthe_2434	2.32e-124	355.0	1	195	1	195	100.0	100.0	100.0
Clo1313_0066	203119.Cthe_2435	1.67e-180	503.0	1	267	1	267	100.0	100.0	100.0
Clo1313_0067	720554.Clocl_0072	1.61e-30	109.0	4	75	7	78	76.4	92.3	80.0
Clo1313_0068	203119.Cthe_2437	2.16e-114	328.0	1	169	1	169	100.0	100.0	100.0
Clo1313_0070	203119.Cthe_2439	6.85e-113	323.0	1	159	1	159	99.4	100.0	100.0
Clo1313_0071	203119.Cthe_2440	1.75e-104	301.0	1	141	1	141	100.0	100.0	100.0
Clo1313_0072	203119.Cthe_2441	4.46e-185	515.0	1	267	1	267	100.0	100.0	100.0
Clo1313_0073	203119.Cthe_2442	0.0	1001.0	1	494	1	494	100.0	100.0	100.0
Clo1313_0074	203119.Cthe_2443	1.58e-204	565.0	1	278	1	278	100.0	100.0	100.0
Clo1313_0075	203119.Cthe_2444	7.37e-223	614.0	1	313	1	313	100.0	100.0	100.0
Clo1313_0076	203119.Cthe_2445	5.45e-258	706.0	1	347	1	347	100.0	100.0	100.0
Clo1313_0077	203119.Cthe_2446	3.83e-257	706.0	1	372	1	372	100.0	100.0	100.0
Clo1313_0078	203119.Cthe_2447	0.0	949.0	1	495	1	495	99.8	100.0	100.0
Clo1313_0079	203119.Cthe_2448	1.83e-198	554.0	1	327	1	327	100.0	100.0	100.0
Clo1313_0080	203119.Cthe_2449	3.6e-146	411.0	1	204	1	204	99.5	100.0	100.0
Clo1313_0081	203119.Cthe_2451	0.0	2130.0	1	1087	1	1087	99.9	100.0	100.0
Clo1313_0082	203119.Cthe_2452	0.0	1169.0	1	602	1	602	100.0	100.0	100.0
Clo1313_0083	203119.Cthe_2453	3.15e-78	233.0	1	118	1	118	100.0	100.0	100.0
Clo1313_0084	203119.Cthe_2454	0.0	2030.0	1	1042	1	1042	100.0	100.0	100.0
Clo1313_0085	203119.Cthe_2502	8.3e-115	328.0	1	161	1	161	99.4	100.0	100.0
Clo1313_0087	203119.Cthe_2503	2.65e-156	437.0	1	202	1	202	99.5	100.0	100.0
Clo1313_0088	203119.Cthe_2504	6.75e-305	832.0	1	429	1	429	99.8	100.0	100.0
Clo1313_0089	203119.Cthe_2505	9.85e-238	654.0	1	342	1	342	99.7	100.0	100.0
Clo1313_0090	203119.Cthe_2506	0.0	1708.0	1	1059	1	1013	94.6	100.0	100.0
Clo1313_0091	203119.Cthe_2507	5.06e-193	535.0	1	271	1	271	100.0	100.0	100.0
Clo1313_0092	720554.Clocl_4153	0.0	993.0	1	638	1	641	78.3	97.9	98.0
Clo1313_0093	203119.Cthe_2510	2.41e-198	550.0	1	285	1	285	100.0	100.0	100.0
Clo1313_0094	203119.Cthe_2511	2.56e-187	522.0	1	282	1	282	100.0	100.0	100.0
Clo1313_0095	203119.Cthe_2512	1.07e-43	141.0	1	66	1	66	100.0	100.0	100.0
Clo1313_0096	203119.Cthe_2513	1.39e-276	757.0	1	392	1	392	99.7	100.0	100.0
Clo1313_0097	203119.Cthe_2514	4.08e-62	190.0	1	97	1	97	100.0	100.0	100.0
Clo1313_0098	203119.Cthe_2515	1.84e-110	317.0	1	154	1	154	100.0	100.0	100.0
Clo1313_0099	203119.Cthe_2516	0.0	1069.0	1	542	1	542	100.0	100.0	100.0
Clo1313_0100	203119.Cthe_2517	2.93e-108	313.0	1	170	1	170	100.0	100.0	100.0
Clo1313_0101	203119.Cthe_2518	5.7e-236	649.0	1	331	1	331	100.0	100.0	100.0
Clo1313_0102	203119.Cthe_2519	0.0	1029.0	1	526	14	539	100.0	100.0	97.6
Clo1313_0103	203119.Cthe_2520	2.54e-55	172.0	1	85	1	85	98.8	100.0	100.0
Clo1313_0104	203119.Cthe_2521	1.81e-159	447.0	1	235	1	235	99.6	100.0	100.0
Clo1313_0105	203119.Cthe_2522	2.85e-234	662.0	1	539	1	539	99.8	99.8	99.8
Clo1313_0106	203119.Cthe_2523	7.78e-76	227.0	1	126	1	126	100.0	100.0	100.0
Clo1313_0107	203119.Cthe_2524	4.07e-97	283.0	1	147	1	147	100.0	100.0	100.0
Clo1313_0108	203119.Cthe_2525	4.68e-235	647.0	1	331	1	331	99.7	100.0	100.0
Clo1313_0109	203119.Cthe_2526	2.36e-93	273.0	16	157	1	142	99.3	90.4	100.0
Clo1313_0110	203119.Cthe_2527	4.2e-207	573.0	1	292	1	292	100.0	100.0	100.0
Clo1313_0111	203119.Cthe_2528	0.0	984.0	1	493	1	493	100.0	100.0	100.0
Clo1313_0112	203119.Cthe_2529	7.16e-232	638.0	1	326	1	326	100.0	100.0	100.0
Clo1313_0113	203119.Cthe_2530	1.8e-308	840.0	1	427	1	427	100.0	100.0	100.0
Clo1313_0114	203119.Cthe_2531	9.84e-261	714.0	1	356	1	356	100.0	100.0	100.0
Clo1313_0115	203119.Cthe_2532	1.34e-198	550.0	1	282	1	282	99.6	100.0	100.0
Clo1313_0116	203119.Cthe_2533	6.29e-194	540.0	1	294	1	294	100.0	100.0	100.0
Clo1313_0117	203119.Cthe_2534	4.29e-254	697.0	1	354	1	354	100.0	100.0	100.0
Clo1313_0118	203119.Cthe_2535	2.15e-178	496.0	1	239	1	239	99.6	100.0	100.0
Clo1313_0119	203119.Cthe_2536	5.41e-224	615.0	1	293	1	293	100.0	100.0	100.0
Clo1313_0120	203119.Cthe_2537	0.0	1176.0	1	599	1	599	100.0	100.0	100.0
Clo1313_0121	203119.Cthe_2538	1.23e-39	131.0	1	69	1	69	98.6	100.0	100.0
Clo1313_0122	203119.Cthe_2539	5.08e-197	545.0	1	270	1	270	100.0	100.0	100.0
Clo1313_0123	203119.Cthe_2540	3.7e-96	280.0	1	139	1	139	99.3	100.0	100.0
Clo1313_0124	203119.Cthe_2541	1.35e-202	561.0	1	290	1	290	99.7	100.0	100.0
Clo1313_0125	203119.Cthe_2542	7.23e-51	160.0	1	81	1	81	100.0	100.0	100.0
Clo1313_0126	203119.Cthe_2543	0.0	910.0	1	465	1	465	100.0	100.0	100.0
Clo1313_0127	203119.Cthe_2544	3.54e-128	365.0	7	193	1	187	100.0	96.9	100.0
Clo1313_0128	203119.Cthe_2545	5.35e-129	373.0	1	187	175	361	100.0	100.0	51.8
Clo1313_0129	203119.Cthe_2545	2.45e-96	289.0	1	144	1	144	100.0	88.9	39.9
Clo1313_0131	411901.BACCAC_02693	732.0	26.2	1	55	1	55	30.9	91.7	33.1
Clo1313_0132	1408311.JNJM01000011_gene728	0.847	36.6	14	40	243	269	63.0	25.0	3.0
Clo1313_0133	203119.Cthe_2548	0.0	1037.0	1	503	1	503	100.0	100.0	100.0
Clo1313_0134	35128.Thaps2433	11.8	31.2	5	48	119	162	31.8	75.9	9.8
Clo1313_0135	203119.Cthe_2549	3.2e-218	603.0	1	324	1	324	100.0	100.0	100.0
Clo1313_0136	203119.Cthe_2550	7.3e-246	674.0	1	327	1	327	100.0	100.0	100.0
Clo1313_0137	203119.Cthe_2551	1.01e-256	702.0	1	344	1	344	100.0	100.0	100.0
Clo1313_0138	203119.Cthe_2552	8.66e-256	700.0	1	340	1	340	99.7	100.0	100.0
Clo1313_0139	203119.Cthe_2553	1.62e-256	702.0	1	341	1	341	99.7	100.0	100.0
Clo1313_0140	203119.Cthe_2554	1.27e-312	850.0	1	417	1	417	99.8	100.0	100.0
Clo1313_0141	203119.Cthe_2555	2.14e-280	766.0	1	383	1	383	100.0	100.0	100.0
Clo1313_0142	203119.Cthe_2556	1.88e-253	694.0	1	337	1	337	100.0	100.0	100.0
Clo1313_0143	203119.Cthe_2557	0.0	1013.0	1	499	1	499	100.0	100.0	100.0
Clo1313_0144	203119.Cthe_2558	9.71e-224	616.0	1	305	1	305	100.0	100.0	100.0
Clo1313_0145	203119.Cthe_2559	0.0	947.0	1	457	1	457	99.6	100.0	100.0
Clo1313_0146	203119.Cthe_2560	1.01e-132	375.0	1	182	1	182	98.9	100.0	100.0
Clo1313_0147	203119.Cthe_2561	1.4e-283	773.0	1	379	1	379	99.7	100.0	100.0
Clo1313_0148	203119.Cthe_2562	7.54e-198	546.0	1	259	1	259	99.6	100.0	100.0
Clo1313_0149	1408813.AYMG01000020_gene3036	1.13e-08	63.5	230	352	45	172	30.5	20.7	65.0
Clo1313_0150	1144307.PMI04_04424	1.04e-290	794.0	1	407	1	407	100.0	100.0	100.0
Clo1313_0151	203119.Cthe_2564	1.23e-158	445.0	1	228	1	228	97.8	100.0	100.0
Clo1313_0152	203119.Cthe_2566	0.0	911.0	13	453	1	441	100.0	97.4	100.0
Clo1313_0153	1378168.N510_01596	9.85e-20	82.8	2	56	81	135	69.1	98.2	40.7
Clo1313_0154	203119.Cthe_2568	8.34e-155	435.0	1	224	1	224	100.0	100.0	100.0
Clo1313_0155	203119.Cthe_2569	2.39e-78	233.0	1	119	1	119	100.0	100.0	100.0
Clo1313_0156	1391646.AVSU01000126_gene2189	0.00813	40.0	5	52	6	53	41.7	69.6	31.4
Clo1313_0157	4098.XP_009601028.1	0.133	43.9	499	678	87	251	26.4	22.6	60.2
Clo1313_0159	203119.Cthe_2572	7e-154	431.0	1	206	1	206	100.0	100.0	100.0
Clo1313_0160	203119.Cthe_2573	3.14e-179	499.0	1	255	1	255	99.6	100.0	100.0
Clo1313_0161	203119.Cthe_2574	3.27e-168	473.0	1	270	1	270	100.0	100.0	100.0
Clo1313_0162	203119.Cthe_2575	2.52e-237	653.0	1	336	1	336	99.7	100.0	100.0
Clo1313_0163	203119.Cthe_2576	9.67e-317	862.0	1	430	1	430	99.5	100.0	100.0
Clo1313_0164	203119.Cthe_2577	1.97e-106	307.0	1	156	1	156	96.8	100.0	100.0
Clo1313_0165	203119.Cthe_2578	0.0	987.0	1	506	1	506	99.8	100.0	100.0
Clo1313_0166	203119.Cthe_2579	1.07e-261	717.0	1	368	1	368	99.7	100.0	100.0
Clo1313_0167	203119.Cthe_2580	6.82e-114	326.0	1	161	1	161	99.4	100.0	100.0
Clo1313_0168	203119.Cthe_2581	1.1e-278	762.0	1	393	1	393	99.5	100.0	100.0
Clo1313_0169	203119.Cthe_2582	5.18e-82	243.0	4	125	1	122	98.4	97.6	100.0
Clo1313_0170	203119.Cthe_2583	1.2e-121	347.0	1	171	1	171	100.0	100.0	100.0
Clo1313_0171	203119.Cthe_2584	5.09e-148	416.0	1	208	1	208	99.5	100.0	100.0
Clo1313_0172	203119.Cthe_2585	7.53e-240	659.0	1	338	1	338	99.4	100.0	100.0
Clo1313_0173	203119.Cthe_2586	4.01e-190	527.0	1	262	1	262	99.6	100.0	100.0
Clo1313_0174	509191.AEDB02000048_gene4643	8.07e-07	54.3	120	165	134	179	63.0	27.9	25.7
Clo1313_0175	203119.Cthe_2588	4.46e-179	499.0	1	255	1	255	100.0	100.0	100.0
Clo1313_0176	203119.Cthe_2589	4.16e-313	854.0	1	452	1	452	100.0	100.0	100.0
Clo1313_0177	203119.Cthe_2590	0.0	1262.0	1	639	1	639	100.0	100.0	100.0
Clo1313_0178	203119.Cthe_2591	6.38e-83	246.0	1	138	1	138	100.0	100.0	100.0
Clo1313_0179	203119.Cthe_3034	2.23e-14	72.4	45	119	8	82	42.7	48.4	66.4
Clo1313_0180	203119.Cthe_2593	3.19e-243	670.0	1	360	1	360	100.0	100.0	100.0
Clo1313_0181	203119.Cthe_2594	6.11e-152	429.0	2	246	2	246	100.0	99.6	99.6
Clo1313_0182	203119.Cthe_2595	1.66e-245	675.0	1	351	1	351	99.1	100.0	100.0
Clo1313_0183	203119.Cthe_2596	1.38e-112	323.0	1	159	1	159	100.0	100.0	100.0
Clo1313_0184	203119.Cthe_2597	2.75e-105	303.0	1	149	1	149	100.0	100.0	100.0
Clo1313_0185	203119.Cthe_2598	3.87e-148	417.0	1	209	1	209	99.5	100.0	100.0
Clo1313_0186	203119.Cthe_2599	4.88e-110	316.0	1	153	1	153	100.0	100.0	100.0
Clo1313_0187	203119.Cthe_2600	7.42e-241	665.0	2	376	2	376	100.0	99.7	99.7
Clo1313_0188	203119.Cthe_2601	5.6e-272	744.0	1	384	1	384	98.4	100.0	100.0
Clo1313_0189	203119.Cthe_2602	8.29e-173	483.0	1	251	1	251	100.0	100.0	100.0
Clo1313_0190	203119.Cthe_2603	4.34e-35	120.0	1	73	1	73	100.0	100.0	100.0
Clo1313_0191	203119.Cthe_2604	6.4e-47	158.0	1	181	1	181	100.0	100.0	100.0
Clo1313_0192	203119.Cthe_2605	1.94e-124	355.0	1	188	1	188	100.0	100.0	100.0
Clo1313_0193	203119.Cthe_2606	0.0	974.0	1	506	1	506	99.2	100.0	100.0
Clo1313_0194	203119.Cthe_2607	3.19e-208	576.0	1	295	1	295	100.0	100.0	100.0
Clo1313_0195	203119.Cthe_2608	0.0	904.0	1	464	1	464	100.0	100.0	100.0
Clo1313_0196	203119.Cthe_2609	1.93e-87	257.0	1	135	1	135	99.3	100.0	100.0
Clo1313_0197	203119.Cthe_2610	0.0	1159.0	1	584	1	584	100.0	100.0	100.0
Clo1313_0198	203119.Cthe_2611	0.0	3218.0	1	1628	1	1628	100.0	100.0	100.0
Clo1313_0199	203119.Cthe_2612	0.0	2546.0	1	1276	3	1278	99.9	100.0	99.8
Clo1313_0200	203119.Cthe_2613	4.74e-210	580.0	1	286	1	286	100.0	100.0	100.0
Clo1313_0201	203119.Cthe_2614	1.49e-170	477.0	2	250	2	250	100.0	99.6	99.6
Clo1313_0202	203119.Cthe_2615	3.52e-292	799.0	1	422	1	422	99.8	100.0	100.0
Clo1313_0203	203119.Cthe_2616	1.02e-235	649.0	1	334	1	334	99.4	100.0	100.0
Clo1313_0204	203119.Cthe_2617	6.98e-181	508.0	1	306	1	306	99.7	100.0	100.0
Clo1313_0205	203119.Cthe_2618	9.5e-52	163.0	1	87	1	87	98.9	100.0	100.0
Clo1313_0206	203119.Cthe_2619	1.91e-236	651.0	1	344	1	344	99.7	100.0	100.0
Clo1313_0207	203119.Cthe_2620	3.67e-180	502.0	1	259	1	259	99.6	100.0	100.0
Clo1313_0208	203119.Cthe_2621	5.02e-186	517.0	1	266	1	266	100.0	100.0	100.0
Clo1313_0209	203119.Cthe_2622	4.88e-72	217.0	1	116	1	116	100.0	100.0	100.0
Clo1313_0210	203119.Cthe_2623	3.28e-279	763.0	1	382	1	382	99.7	100.0	100.0
Clo1313_0211	1121335.Clst_0560	1.16e-41	144.0	1	101	1	101	68.3	87.1	44.7
Clo1313_0213	203119.Cthe_2625	9.64e-100	289.0	1	146	1	146	100.0	100.0	100.0
Clo1313_0214	203119.Cthe_2626	0.0	925.0	1	469	1	469	99.8	100.0	100.0
Clo1313_0215	203119.Cthe_2627	3.29e-194	538.0	1	272	1	272	100.0	100.0	100.0
Clo1313_0216	203119.Cthe_2628	2.7e-61	188.0	1	94	1	94	100.0	100.0	100.0
Clo1313_0217	203119.Cthe_2629	0.0	874.0	1	461	7	467	100.0	100.0	98.7
Clo1313_0218	203119.Cthe_2630	1.8e-222	614.0	1	320	1	320	99.7	100.0	100.0
Clo1313_0219	203119.Cthe_2631	1.34e-133	379.0	1	189	8	196	100.0	100.0	96.4
Clo1313_0220	203119.Cthe_2632	0.0	2293.0	1	1178	1	1178	99.7	100.0	100.0
Clo1313_0221	203119.Cthe_2633	8.58e-250	687.0	1	364	1	364	100.0	100.0	100.0
Clo1313_0222	720554.Clocl_1187	9.43e-08	51.2	4	31	1	28	85.7	87.5	18.9
Clo1313_0223	203119.Cthe_2634	3.15e-131	374.0	1	204	1	204	99.5	100.0	100.0
Clo1313_0224	203119.Cthe_2635	3.65e-103	298.0	1	144	1	144	100.0	100.0	100.0
Clo1313_0225	203119.Cthe_2636	0.0	930.0	1	512	1	512	100.0	100.0	100.0
Clo1313_0226	203119.Cthe_2637	7.33e-249	684.0	30	374	1	345	100.0	92.2	100.0
Clo1313_0227	203119.Cthe_2638	1.72e-286	785.0	1	428	1	428	100.0	100.0	100.0
Clo1313_0228	203119.Cthe_2639	9.03e-162	453.0	1	230	1	230	100.0	100.0	100.0
Clo1313_0229	203119.Cthe_2640	1.1e-277	759.0	1	391	1	391	100.0	100.0	100.0
Clo1313_0230	203119.Cthe_2641	2.8e-231	637.0	1	330	1	330	99.7	100.0	100.0
Clo1313_0231	203119.Cthe_2642	3.54e-103	303.0	1	214	1	214	100.0	100.0	100.0
Clo1313_0232	203119.Cthe_2643	7.7e-254	696.0	1	348	1	348	100.0	100.0	100.0
Clo1313_0233	203119.Cthe_2644	8.18e-288	785.0	1	389	1	389	99.7	100.0	100.0
Clo1313_0234	203119.Cthe_2645	1.46e-215	597.0	1	326	1	326	100.0	100.0	100.0
Clo1313_0235	203119.Cthe_2646	5.81e-292	797.0	1	405	3	407	99.8	100.0	99.5
Clo1313_0236	203119.Cthe_2647	3.32e-212	587.0	1	308	1	308	99.7	100.0	100.0
Clo1313_0237	203119.Cthe_2648	3.06e-137	389.0	1	202	1	202	100.0	100.0	100.0
Clo1313_0238	203119.Cthe_2649	4.16e-194	538.0	1	275	1	275	100.0	100.0	100.0
Clo1313_0239	203119.Cthe_2650	0.0	1170.0	1	607	1	607	99.8	100.0	100.0
Clo1313_0240	203119.Cthe_2651	2.48e-69	209.0	1	110	1	110	100.0	100.0	100.0
Clo1313_0241	203119.Cthe_2652	3.35e-142	403.0	3	223	2	222	100.0	99.1	99.5
Clo1313_0242	203119.Cthe_2653	1.67e-171	479.0	1	249	1	249	99.6	100.0	100.0
Clo1313_0243	203119.Cthe_2654	1.02e-170	476.0	1	236	1	236	100.0	100.0	100.0
Clo1313_0244	203119.Cthe_2655	8.6e-121	345.0	1	183	1	183	99.5	100.0	100.0
Clo1313_0245	203119.Cthe_2656	7.4e-181	504.0	1	261	1	261	99.6	100.0	100.0
Clo1313_0246	203119.Cthe_2657	2.65e-53	167.0	1	91	1	91	100.0	100.0	100.0
Clo1313_0247	203119.Cthe_2658	7.07e-48	153.0	1	79	1	79	100.0	100.0	100.0
Clo1313_0248	203119.Cthe_2659	1.81e-60	186.0	1	96	1	96	100.0	100.0	100.0
Clo1313_0249	203119.Cthe_2660	5.89e-103	299.0	1	169	1	169	99.4	100.0	100.0
Clo1313_0250	720554.Clocl_0334	1.31e-17	77.8	1	92	1	91	52.2	98.9	98.9
Clo1313_0251	203119.Cthe_2662	1.76e-90	265.0	1	140	1	140	100.0	100.0	100.0
Clo1313_0252	203119.Cthe_2663	1.01e-250	694.0	1	418	1	418	99.8	100.0	100.0
Clo1313_0253	203119.Cthe_2664	0.0	1089.0	1	566	8	573	99.8	100.0	98.8
Clo1313_0254	203119.Cthe_2665	3.91e-91	266.0	1	134	1	134	100.0	100.0	100.0
Clo1313_0255	203119.Cthe_2666	0.0	1610.0	1	864	1	864	99.9	100.0	100.0
Clo1313_0256	203119.Cthe_2667	2.21e-131	372.0	2	186	1	185	100.0	99.5	100.0
Clo1313_0258	720554.Clocl_0839	0.00314	42.4	3	77	4	77	24.7	48.1	94.9
Clo1313_0259	203119.Cthe_2674	5.14e-20	83.2	1	45	1	45	91.1	97.8	32.1
Clo1313_0260	504472.Slin_3195	9.43e-27	100.0	8	85	10	87	57.7	91.8	87.6
Clo1313_0261	2325.TKV_c07950	0.00255	39.7	3	51	21	69	51.0	92.5	55.1
Clo1313_0262	536233.CLO_1638	1.39e-15	72.4	11	88	11	87	52.6	87.6	86.5
Clo1313_0264	203119.Cthe_2674	2.81e-96	280.0	1	140	1	140	98.6	100.0	100.0
Clo1313_0265	5786.XP_003292813.1	48.0	33.9	162	218	11	62	33.3	25.7	7.3
Clo1313_0266	203119.Cthe_2676	0.0	914.0	1	476	1	476	99.8	100.0	100.0
Clo1313_0268	203119.Cthe_2678	3.84e-121	346.0	1	177	1	177	98.9	100.0	100.0
Clo1313_0269	203119.Cthe_2679	2.31e-257	706.0	1	361	1	361	100.0	100.0	100.0
Clo1313_0270	203119.Cthe_2680	3.57e-237	686.0	2	745	2	745	100.0	99.9	99.9
Clo1313_0271	203119.Cthe_2681	0.0	1514.0	1	798	1	798	100.0	100.0	100.0
Clo1313_0272	720554.Clocl_0383	1.27e-24	97.1	1	112	1	112	48.2	99.1	99.1
Clo1313_0273	203119.Cthe_2683	8.36e-140	396.0	23	227	1	205	99.5	90.3	100.0
Clo1313_0274	203119.Cthe_2684	6.71e-128	362.0	1	171	1	171	100.0	100.0	100.0
Clo1313_0275	203119.Cthe_2685	3.16e-233	641.0	1	322	1	322	100.0	100.0	100.0
Clo1313_0276	203119.Cthe_2686	9.7e-253	694.0	1	367	1	367	99.5	100.0	100.0
Clo1313_0277	203119.Cthe_2687	1.03e-111	321.0	1	167	1	167	100.0	100.0	100.0
Clo1313_0278	203119.Cthe_2688	0.0	946.0	1	517	1	517	100.0	100.0	100.0
Clo1313_0279	720554.Clocl_0397	7.51e-11	58.2	1	55	1	55	49.1	98.2	94.8
Clo1313_0280	203119.Cthe_2689	0.0	984.0	1	498	1	498	100.0	100.0	100.0
Clo1313_0281	203119.Cthe_2690	2.59e-201	559.0	1	301	1	301	99.7	100.0	100.0
Clo1313_0282	203119.Cthe_2691	6.63e-127	360.0	1	178	1	178	100.0	100.0	100.0
Clo1313_0283	203119.Cthe_2692	6.13e-240	662.0	1	367	1	367	100.0	100.0	100.0
Clo1313_0284	203119.Cthe_2693	7.3e-111	319.0	1	165	1	165	100.0	100.0	100.0
Clo1313_0285	203119.Cthe_2694	0.0	988.0	1	532	1	532	99.8	100.0	100.0
Clo1313_0286	203119.Cthe_2695	1.12e-127	365.0	1	210	1	210	100.0	100.0	100.0
Clo1313_0287	203119.Cthe_2696	0.0	1006.0	1	515	1	515	100.0	100.0	100.0
Clo1313_0288	203119.Cthe_2697	4e-280	766.0	1	391	1	391	100.0	100.0	100.0
Clo1313_0289	509191.AEDB02000028_gene2877	2.02e-47	153.0	1	91	1	91	93.4	95.8	98.9
Clo1313_0290	203119.Cthe_2699	2.51e-74	223.0	1	116	1	116	99.1	100.0	100.0
Clo1313_0291	203119.Cthe_2700	3.85e-97	284.0	1	165	1	165	100.0	100.0	100.0
Clo1313_0292	203119.Cthe_2701	3.99e-179	498.0	1	249	1	249	100.0	100.0	100.0
Clo1313_0293	203119.Cthe_2702	0.0	1440.0	1	745	1	745	100.0	100.0	100.0
Clo1313_0294	203119.Cthe_2703	9.03e-202	560.0	1	301	1	301	100.0	100.0	100.0
Clo1313_0295	203119.Cthe_2704	2.08e-206	570.0	1	281	1	281	100.0	100.0	100.0
Clo1313_0296	203119.Cthe_2705	7.89e-217	599.0	1	311	1	311	99.7	100.0	100.0
Clo1313_0297	203119.Cthe_2706	4.41e-234	647.0	1	369	1	369	100.0	100.0	100.0
Clo1313_0298	203119.Cthe_2707	5.49e-152	429.0	1	240	1	240	100.0	100.0	100.0
Clo1313_0299	203119.Cthe_2708	0.0	920.0	1	473	1	473	100.0	100.0	100.0
Clo1313_0300	203119.Cthe_2709	0.0	890.0	1	492	1	492	99.6	100.0	100.0
Clo1313_0301	203119.Cthe_2710	2.98e-248	683.0	1	369	1	369	99.7	100.0	100.0
Clo1313_0302	203119.Cthe_2711	4.01e-281	768.0	1	393	1	393	99.7	100.0	100.0
Clo1313_0303	203119.Cthe_2712	4.36e-153	432.0	1	239	1	239	100.0	100.0	100.0
Clo1313_0304	203119.Cthe_2713	0.0	1089.0	1	554	1	554	99.8	100.0	100.0
Clo1313_0305	203119.Cthe_2714	0.0	1093.0	1	555	1	555	100.0	100.0	100.0
Clo1313_0306	509191.AEDB02000020_gene3375	5.61e-26	95.9	1	49	6	54	89.8	100.0	90.7
Clo1313_0307	203119.Cthe_2718	6.25e-47	150.0	1	80	1	80	100.0	100.0	100.0
Clo1313_0308	203119.Cthe_2719	1.63e-122	349.0	1	177	1	177	100.0	100.0	100.0
Clo1313_0309	203119.Cthe_2720	6.6e-91	266.0	1	141	1	141	100.0	100.0	100.0
Clo1313_0310	203119.Cthe_2721	5.41e-159	446.0	1	231	1	231	100.0	100.0	100.0
Clo1313_0311	203119.Cthe_2722	8.99e-116	332.0	1	178	1	178	99.4	100.0	100.0
Clo1313_0312	203119.Cthe_2723	2.26e-65	201.0	1	129	1	129	100.0	100.0	100.0
Clo1313_0313	203119.Cthe_2724	0.0	2359.0	1	1250	1	1250	99.9	100.0	100.0
Clo1313_0314	203119.Cthe_2725	0.0	2260.0	1	1165	1	1165	99.8	100.0	100.0
Clo1313_0315	203119.Cthe_2726	5.82e-47	150.0	1	79	1	79	100.0	100.0	100.0
Clo1313_0316	203119.Cthe_2727	2.12e-92	270.0	1	142	1	142	100.0	100.0	100.0
Clo1313_0317	203119.Cthe_2728	3.99e-106	306.0	1	156	1	156	99.4	100.0	100.0
Clo1313_0318	203119.Cthe_2729	0.0	1368.0	1	697	1	697	100.0	100.0	100.0
Clo1313_0319	203119.Cthe_2730	8.58e-291	793.0	1	400	1	400	99.8	100.0	100.0
Clo1313_0320	203119.Cthe_2731	3.01e-126	359.0	1	184	1	184	99.5	100.0	100.0
Clo1313_0321	203119.Cthe_2732	1.4e-132	377.0	1	200	1	200	99.5	100.0	100.0
Clo1313_0322	509191.AEDB02000020_gene3358	7.34e-13	67.8	36	121	39	124	39.5	69.4	68.8
Clo1313_0323	203119.Cthe_2734	1.33e-192	535.0	1	279	1	279	100.0	100.0	100.0
Clo1313_0324	203119.Cthe_2735	5.64e-54	169.0	1	89	1	89	100.0	100.0	100.0
Clo1313_0325	203119.Cthe_2736	0.0	1080.0	17	584	1	568	100.0	97.3	100.0
Clo1313_0326	203119.Cthe_2737	0.0	1217.0	1	625	1	625	99.8	100.0	100.0
Clo1313_0327	203119.Cthe_2738	5.28e-177	492.0	1	235	1	235	100.0	100.0	100.0
Clo1313_0328	203119.Cthe_2739	8.34e-294	803.0	1	428	1	428	100.0	100.0	100.0
Clo1313_0329	203119.Cthe_2740	5.98e-131	372.0	1	194	1	194	100.0	100.0	100.0
Clo1313_0330	203119.Cthe_2741	4.37e-302	825.0	1	431	1	431	100.0	100.0	100.0
Clo1313_0331	203119.Cthe_2742	0.0	1069.0	1	558	1	558	99.8	100.0	100.0
Clo1313_0332	203119.Cthe_2743	9.91e-241	662.0	1	339	1	339	100.0	100.0	100.0
Clo1313_0333	203119.Cthe_2744	7.13e-158	443.0	1	228	1	228	99.6	100.0	100.0
Clo1313_0334	720554.Clocl_0678	5.06e-54	171.0	4	106	4	106	74.8	96.3	96.3
Clo1313_0335	203119.Cthe_2746	3.69e-111	319.0	1	156	1	156	100.0	100.0	100.0
Clo1313_0336	203119.Cthe_2747	4.01e-200	554.0	1	282	1	282	100.0	100.0	100.0
Clo1313_0337	203119.Cthe_2748	7.77e-103	298.0	1	154	1	154	100.0	100.0	100.0
Clo1313_0338	128390.XP_009471619.1	219.0	27.7	31	56	904	929	53.8	44.1	1.7
Clo1313_0339	203119.Cthe_2751	1.03e-85	253.0	1	127	1	127	98.4	97.7	94.8
Clo1313_0340	1123258.AQXZ01000016_gene2554	29.3	30.0	19	48	393	422	46.7	52.6	6.1
Clo1313_0341	203119.Cthe_2752	7.51e-316	860.0	1	443	1	443	99.8	100.0	100.0
Clo1313_0342	203119.Cthe_2753	8.23e-43	139.0	1	70	1	70	100.0	100.0	100.0
Clo1313_0343	203119.Cthe_2754	1.29e-174	486.0	1	238	1	238	100.0	100.0	100.0
Clo1313_0344	203119.Cthe_2755	4.33e-195	541.0	1	273	1	273	98.9	100.0	100.0
Clo1313_0346	203119.Cthe_2757	0.0	1015.0	1	538	1	538	99.4	100.0	100.0
Clo1313_0347	1123314.AUIO01000002_gene1871	3.24e-13	65.5	2	41	2	41	82.5	95.2	30.1
Clo1313_0348	203119.Cthe_2759	3.49e-215	593.0	1	292	1	292	100.0	100.0	100.0
Clo1313_0349	203119.Cthe_2760	0.0	1931.0	1	961	1	961	99.9	100.0	100.0
Clo1313_0350	203119.Cthe_2761	0.0	1417.0	2	675	2	675	99.9	95.3	95.3
Clo1313_0351	203119.Cthe_2762	0.0	876.0	1	445	1	445	99.1	100.0	100.0
Clo1313_0352	203119.Cthe_2763	1.6e-247	680.0	1	350	1	350	99.4	100.0	100.0
Clo1313_0353	203119.Cthe_2764	0.0	959.0	1	487	1	487	99.4	100.0	100.0
Clo1313_0354	203119.Cthe_2765	0.0	989.0	1	526	1	526	100.0	100.0	100.0
Clo1313_0355	67356.KL575591_gene1458	6.54e-12	62.4	12	78	9	75	49.3	84.8	84.8
Clo1313_0356	203119.Cthe_2767	0.0	922.0	1	465	1	465	99.4	100.0	100.0
Clo1313_0357	203119.Cthe_2768	0.0	1738.0	1	870	1	870	99.5	100.0	100.0
Clo1313_0358	203119.Cthe_2769	3.4e-163	457.0	1	233	1	233	100.0	100.0	100.0
Clo1313_0359	1195236.CTER_2119	1.11e-217	609.0	3	406	2	406	73.3	98.8	99.0
Clo1313_0360	203119.Cthe_2775	5.22e-162	454.0	1	232	1	232	100.0	100.0	100.0
Clo1313_0361	1517681.HW45_12255	9.29	35.8	117	168	463	518	35.7	25.2	9.8
Clo1313_0362	1201290.M902_1736	0.76	33.5	1	35	178	212	40.0	89.7	10.5
Clo1313_0363	224911.27353308	0.589	34.3	3	29	7	33	48.1	57.4	2.5
Clo1313_0364	203119.Cthe_2777	7.11e-161	451.0	1	234	1	234	100.0	100.0	100.0
Clo1313_0365	203119.Cthe_2778	5.01e-255	698.0	1	340	1	340	100.0	100.0	100.0
Clo1313_0366	1226325.HMPREF1548_04332	1.53e-05	50.1	3	128	6	124	24.6	98.4	59.2
Clo1313_0367	218851.Aquca_010_00431.1	9.89	31.2	1	60	44	109	28.8	98.4	52.4
Clo1313_0368	203119.Cthe_2780	3.09e-78	232.0	1	113	1	113	100.0	100.0	100.0
Clo1313_0369	1186051.BGIGA_220	0.000258	50.1	48	179	371	490	28.6	57.9	15.8
Clo1313_0370	203119.Cthe_2782	2.38e-180	501.0	1	246	7	252	100.0	100.0	97.6
Clo1313_0371	720554.Clocl_2717	1.46e-09	54.7	12	52	14	54	61.0	77.4	74.5
Clo1313_0372	203119.Cthe_2784	1.05e-151	427.0	1	221	1	221	100.0	100.0	100.0
Clo1313_0373	203119.Cthe_2785	2.78e-275	752.0	1	372	1	372	99.7	100.0	100.0
Clo1313_0374	203119.Cthe_2786	1.33e-253	696.0	1	355	1	355	99.2	100.0	100.0
Clo1313_0375	203119.Cthe_2787	0.0	1083.0	1	558	1	558	99.5	100.0	100.0
Clo1313_0376	203119.Cthe_2788	3.17e-156	438.0	1	218	1	218	99.5	100.0	100.0
Clo1313_0377	203119.Cthe_2789	2.91e-255	700.0	1	360	1	360	99.4	100.0	100.0
Clo1313_0378	203119.Cthe_2790	4.49e-190	528.0	1	268	1	268	100.0	100.0	100.0
Clo1313_0379	203119.Cthe_2791	3.18e-207	574.0	2	302	2	302	100.0	99.7	99.7
Clo1313_0380	203119.Cthe_2792	0.0	877.0	1	440	1	440	99.8	100.0	100.0
Clo1313_0381	203119.Cthe_2793	4.2e-286	781.0	1	390	1	390	99.7	100.0	100.0
Clo1313_0382	203119.Cthe_2794	2.58e-121	347.0	1	181	1	181	99.4	100.0	100.0
Clo1313_0383	203119.Cthe_2795	8.6e-69	207.0	1	103	1	103	100.0	100.0	100.0
Clo1313_0384	203119.Cthe_2796	1.2e-283	775.0	1	395	1	395	99.7	100.0	100.0
Clo1313_0385	203119.Cthe_2797	4.61e-220	606.0	1	301	1	301	100.0	100.0	100.0
Clo1313_0386	325452.fgenesh_scip_prom.46568.8393	595.0	26.9	1	43	152	198	31.9	61.4	14.4
Clo1313_0387	203119.Cthe_2798	3.71e-83	246.0	1	126	1	126	100.0	100.0	100.0
Clo1313_0388	203119.Cthe_2799	4.3e-277	758.0	1	386	1	386	100.0	100.0	100.0
Clo1313_0389	203119.Cthe_2800	1.17e-289	790.0	1	393	1	393	99.5	100.0	100.0
Clo1313_0390	203119.Cthe_2801	0.0	1326.0	1	670	1	670	99.9	100.0	100.0
Clo1313_0391	203119.Cthe_2802	6.36e-231	636.0	1	327	1	327	100.0	100.0	100.0
Clo1313_0392	203119.Cthe_2803	6.52e-174	486.0	1	259	1	259	100.0	100.0	100.0
Clo1313_0393	203119.Cthe_2804	8.34e-180	501.0	1	256	1	256	100.0	100.0	100.0
Clo1313_0394	203119.Cthe_2805	0.0	937.0	251	710	1	460	99.8	64.8	100.0
Clo1313_0395	203119.Cthe_2807	1.76e-261	714.0	1	343	1	343	100.0	100.0	100.0
Clo1313_0396	203119.Cthe_2808	5.76e-243	668.0	1	345	1	345	100.0	100.0	100.0
Clo1313_0397	203119.Cthe_2809	0.0	2620.0	1	1318	1	1318	98.6	89.8	99.8
Clo1313_0398	203119.Cthe_2810	0.0	1091.0	1	584	1	584	99.8	100.0	100.0
Clo1313_0399	203119.Cthe_2811	0.0	1179.0	1	591	1	591	100.0	100.0	100.0
Clo1313_0400	203119.Cthe_2812	0.0	1229.0	2	612	1	611	100.0	99.8	100.0
Clo1313_0401	203119.Cthe_2813	1.97e-161	452.0	1	231	1	231	100.0	100.0	100.0
Clo1313_0402	203119.Cthe_2814	0.0	1309.0	1	679	1	679	99.9	100.0	100.0
Clo1313_0403	203119.Cthe_2815	0.0	1098.0	1	533	1	533	100.0	100.0	100.0
Clo1313_0405	203119.Cthe_2817	7.15e-95	276.0	1	141	1	141	100.0	100.0	100.0
Clo1313_0406	203119.Cthe_2818	0.0	1128.0	1	602	1	602	99.8	100.0	100.0
Clo1313_0407	203119.Cthe_2819	1.34e-80	301.0	666	832	666	832	100.0	11.3	11.3
Clo1313_0408	203119.Cthe_2820	1.64e-201	557.0	1	277	1	277	100.0	100.0	100.0
Clo1313_0409	203119.Cthe_2821	1.24e-258	709.0	1	364	1	364	100.0	100.0	100.0
Clo1313_0410	203119.Cthe_2822	4.2e-241	662.0	1	328	1	328	100.0	100.0	100.0
Clo1313_0411	203119.Cthe_2870	2.04e-292	800.0	2	433	2	433	100.0	99.8	99.8
Clo1313_0412	203119.Cthe_2871	3.42e-107	310.0	1	170	1	170	100.0	100.0	100.0
Clo1313_0413	203119.Cthe_2872	0.0	1150.0	1	566	1	566	99.8	100.0	100.0
Clo1313_0414	203119.Cthe_2873	1.06e-166	466.0	1	233	1	233	99.6	100.0	100.0
Clo1313_0415	203119.Cthe_2874	0.0	1267.0	1	605	1	605	100.0	100.0	100.0
Clo1313_0416	203119.Cthe_2875	1.83e-119	342.0	1	177	1	177	100.0	100.0	100.0
Clo1313_0417	203119.Cthe_2876	0.0	1435.0	1	741	1	741	100.0	100.0	100.0
Clo1313_0418	203119.Cthe_2877	0.0	1137.0	2	585	2	585	100.0	99.8	99.8
Clo1313_0419	203119.Cthe_2878	7.01e-213	588.0	1	297	1	297	99.7	100.0	100.0
Clo1313_0420	203119.Cthe_2879	0.0	983.0	1	511	1	511	99.8	100.0	100.0
Clo1313_0421	203119.Cthe_2880	6.17e-300	818.0	1	418	1	418	99.8	100.0	100.0
Clo1313_0422	203119.Cthe_2881	9.37e-142	401.0	1	213	1	213	100.0	100.0	100.0
Clo1313_0423	203119.Cthe_2882	1.87e-305	833.0	1	435	1	435	99.8	100.0	100.0
Clo1313_0424	203119.Cthe_2883	2.23e-258	708.0	1	358	1	358	100.0	100.0	100.0
Clo1313_0425	203119.Cthe_2884	1.04e-136	387.0	1	195	1	195	100.0	100.0	100.0
Clo1313_0426	203119.Cthe_2885	8.57e-217	597.0	1	294	1	294	100.0	100.0	100.0
Clo1313_0427	203119.Cthe_2886	4.37e-143	404.0	1	203	1	203	99.5	98.5	99.5
Clo1313_0428	203119.Cthe_2887	1.68e-165	463.0	1	237	1	237	100.0	100.0	100.0
Clo1313_0429	203119.Cthe_2888	1.05e-176	493.0	1	253	1	253	100.0	100.0	100.0
Clo1313_0430	203119.Cthe_2889	3.55e-154	433.0	1	220	1	220	100.0	100.0	100.0
Clo1313_0431	203119.Cthe_2890	2.93e-281	768.0	1	389	1	389	100.0	100.0	100.0
Clo1313_0432	203119.Cthe_2891	2.14e-58	181.0	1	94	1	94	100.0	100.0	100.0
Clo1313_0433	203119.Cthe_2892	0.0	996.0	1	541	1	541	100.0	100.0	100.0
Clo1313_0434	509191.AEDB02000042_gene4887	2.78e-113	340.0	1	351	1	345	50.4	100.0	100.0
Clo1313_0435	203119.Cthe_2894	5.85e-111	320.0	2	176	2	176	100.0	99.4	99.4
Clo1313_0436	203119.Cthe_2895	0.0	1163.0	1	583	1	583	100.0	100.0	100.0
Clo1313_0437	509191.AEDB02000042_gene4884	5.98e-53	183.0	1	310	1	310	33.0	97.8	95.7
Clo1313_0438	203119.Cthe_2897	3.25e-102	296.0	1	159	1	159	100.0	100.0	100.0
Clo1313_0439	203119.Cthe_2898	4.25e-65	198.0	1	104	1	104	100.0	100.0	100.0
Clo1313_0440	203119.Cthe_2899	3.13e-86	254.0	1	130	1	130	99.2	100.0	100.0
Clo1313_0441	203119.Cthe_2900	1.22e-170	477.0	1	252	1	252	100.0	100.0	100.0
Clo1313_0442	203119.Cthe_2901	1.27e-94	276.0	1	144	1	144	98.6	100.0	100.0
Clo1313_0443	46681.XP_001734096.1	5280.0	23.5	4	48	148	187	33.3	86.5	12.3
Clo1313_0444	203119.Cthe_2902	5.61e-65	198.0	1	103	1	103	100.0	100.0	100.0
Clo1313_0445	203119.Cthe_2903	2.94e-149	420.0	1	212	1	212	100.0	100.0	100.0
Clo1313_0446	203119.Cthe_2904	3.7e-141	399.0	1	208	1	208	100.0	100.0	100.0
Clo1313_0447	203119.Cthe_2905	1.98e-76	228.0	1	117	1	117	100.0	100.0	100.0
Clo1313_0448	203119.Cthe_2906	6.07e-187	520.0	1	275	1	275	99.6	100.0	100.0
Clo1313_0449	203119.Cthe_2907	5.66e-63	192.0	1	94	1	94	100.0	100.0	100.0
Clo1313_0450	203119.Cthe_2908	4.93e-78	234.0	34	158	1	125	99.2	79.1	100.0
Clo1313_0451	203119.Cthe_2909	2.87e-147	416.0	1	226	1	226	100.0	100.0	100.0
Clo1313_0452	203119.Cthe_2910	1.27e-99	289.0	1	145	1	145	100.0	100.0	100.0
Clo1313_0453	203119.Cthe_2911	1.17e-34	119.0	1	67	1	67	100.0	100.0	100.0
Clo1313_0454	203119.Cthe_2912	3.35e-51	162.0	1	85	1	85	98.8	100.0	100.0
Clo1313_0455	203119.Cthe_2913	2.65e-81	241.0	1	122	1	122	100.0	100.0	100.0
Clo1313_0456	203119.Cthe_2914	4.51e-77	229.0	1	116	1	116	99.1	100.0	100.0
Clo1313_0457	203119.Cthe_2915	4.61e-124	353.0	1	180	3	182	100.0	100.0	98.9
Clo1313_0458	203119.Cthe_2916	1.76e-31	110.0	1	61	1	61	98.4	100.0	100.0
Clo1313_0459	203119.Cthe_2917	4.42e-87	256.0	1	132	1	132	100.0	100.0	100.0
Clo1313_0460	203119.Cthe_2918	1.55e-123	352.0	1	183	1	183	100.0	100.0	100.0
Clo1313_0461	203119.Cthe_2919	1.8e-79	236.0	1	122	1	122	100.0	100.0	100.0
Clo1313_0462	203119.Cthe_2920	1.12e-110	318.0	1	166	1	166	99.4	100.0	100.0
Clo1313_0463	203119.Cthe_2921	1.8e-30	107.0	1	59	1	59	98.3	100.0	100.0
Clo1313_0464	203119.Cthe_2922	1.04e-94	276.0	1	146	1	146	100.0	100.0	100.0
Clo1313_0465	203119.Cthe_2923	4.46e-293	801.0	1	427	1	427	100.0	100.0	100.0
Clo1313_0466	203119.Cthe_2924	1.46e-156	439.0	1	217	1	217	100.0	100.0	100.0
Clo1313_0467	203119.Cthe_2925	2.91e-180	502.0	1	256	1	256	100.0	100.0	100.0
Clo1313_0468	203119.Cthe_2926	7.09e-53	166.0	1	90	1	90	100.0	100.0	100.0
Clo1313_0469	203119.Cthe_2927	4.01e-44	143.0	1	72	1	72	98.6	100.0	100.0
Clo1313_0470	203119.Cthe_2928	4.08e-18	75.1	1	37	1	37	100.0	100.0	100.0
Clo1313_0471	203119.Cthe_2929	5.55e-79	235.0	1	123	1	123	100.0	100.0	100.0
Clo1313_0472	203119.Cthe_2930	7.01e-85	251.0	1	134	1	134	100.0	100.0	100.0
Clo1313_0473	203119.Cthe_2931	1.35e-143	405.0	1	208	1	208	100.0	100.0	100.0
Clo1313_0474	203119.Cthe_2932	6.78e-220	607.0	1	315	1	315	99.7	100.0	100.0
Clo1313_0475	203119.Cthe_2933	5.46e-115	330.0	1	174	1	174	99.4	100.0	100.0
Clo1313_0476	203119.Cthe_2934	1.64e-197	548.0	1	285	15	299	98.9	100.0	95.3
Clo1313_0477	203119.Cthe_2935	1.17e-138	392.0	1	196	1	196	99.5	100.0	100.0
Clo1313_0478	491915.Aflv_1175	7e-163	503.0	62	826	50	845	38.1	91.0	92.1
Clo1313_0479	1227453.C444_08765	1.02e-25	114.0	4	213	6	213	31.8	54.3	54.2
Clo1313_0480	204773.HEAR2198	1.5e-151	459.0	11	614	26	666	42.9	97.0	95.1
Clo1313_0481	1353537.TP2_01915	5.17	33.5	4	40	62	98	37.8	40.2	18.8
Clo1313_0482	643648.Slip_1135	0.0	1351.0	1	675	1	675	98.5	100.0	100.0
Clo1313_0483	643648.Slip_1936	1.04e-20	85.1	3	79	1	76	57.1	87.5	93.8
Clo1313_0484	643648.Slip_1938	3.98e-07	52.8	36	115	27	97	41.3	63.0	62.3
Clo1313_0485	720554.Clocl_0081	1.03e-231	647.0	1	419	1	419	74.5	95.4	99.1
Clo1313_0486	643648.Slip_0079	0.0	1132.0	1	568	1	568	98.1	100.0	99.8
Clo1313_0487	203119.Cthe_2936	4.65e-194	539.0	1	281	1	281	99.3	100.0	100.0
Clo1313_0488	203119.Cthe_2937	2.18e-177	496.0	1	269	1	269	99.3	100.0	100.0
Clo1313_0489	203119.Cthe_2938	2.21e-226	624.0	1	317	1	317	100.0	100.0	100.0
Clo1313_0490	203119.Cthe_2939	8.02e-172	479.0	1	244	1	244	100.0	100.0	100.0
Clo1313_0491	203119.Cthe_2940	6.59e-106	306.0	1	158	1	158	100.0	100.0	100.0
Clo1313_0492	203119.Cthe_2941	1.18e-165	463.0	1	237	1	237	99.6	100.0	100.0
Clo1313_0493	203119.Cthe_2942	8.65e-175	488.0	1	251	1	251	100.0	100.0	100.0
Clo1313_0494	203119.Cthe_2943	1.12e-268	738.0	1	405	1	405	99.5	100.0	100.0
Clo1313_0495	203119.Cthe_2944	0.0	1171.0	1	604	1	604	100.0	100.0	100.0
Clo1313_0496	203119.Cthe_2944	2.93e-187	548.0	14	611	12	603	48.5	97.1	98.0
Clo1313_0497	203119.Cthe_2946	1.02e-108	313.0	1	156	1	156	100.0	100.0	100.0
Clo1313_0498	203119.Cthe_2947	0.0	1129.0	1	572	1	572	99.7	100.0	100.0
Clo1313_0499	203119.Cthe_2948	3.19e-180	504.0	1	280	1	280	100.0	100.0	100.0
Clo1313_0500	203119.Cthe_2949	0.0	992.0	1	567	1	567	98.4	100.0	100.0
Clo1313_0501	203119.Cthe_2950	0.0	1013.0	2	554	2	554	99.6	99.8	99.8
Clo1313_0502	203119.Cthe_3077	3.84e-17	87.4	56	157	1698	1799	46.2	48.6	5.5
Clo1313_0503	203119.Cthe_2952	2.13e-170	476.0	1	241	1	241	98.3	100.0	100.0
Clo1313_0505	1033810.HLPCO_002188	0.241	40.0	7	74	769	836	29.4	39.3	8.1
Clo1313_0509	203119.Cthe_2960	1.33e-73	220.0	1	110	1	110	100.0	100.0	100.0
Clo1313_0510	203119.Cthe_2961	0.0	1099.0	1	541	1	541	100.0	100.0	100.0
Clo1313_0511	203119.Cthe_2962	2.02e-246	676.0	1	342	1	342	100.0	100.0	100.0
Clo1313_0512	203119.Cthe_2963	3.89e-242	665.0	1	338	1	338	100.0	100.0	100.0
Clo1313_0513	203119.Cthe_2964	1.18e-213	595.0	1	351	1	361	97.2	100.0	100.0
Clo1313_0514	203119.Cthe_2965	1.56e-205	570.0	1	307	1	307	100.0	100.0	100.0
Clo1313_0515	203119.Cthe_2966	8.35e-176	490.0	1	248	1	248	99.6	100.0	100.0
Clo1313_0516	203119.Cthe_2967	6.59e-275	753.0	1	392	1	392	99.7	100.0	100.0
Clo1313_0517	203119.Cthe_2968	2.92e-186	517.0	1	259	1	259	96.5	100.0	100.0
Clo1313_0518	203119.Cthe_2969	5.11e-80	238.0	1	124	1	124	97.6	100.0	100.0
Clo1313_0519	203119.Cthe_2970	1.84e-201	558.0	1	283	1	283	100.0	100.0	100.0
Clo1313_0520	203119.Cthe_2971	2.57e-125	358.0	1	203	1	203	100.0	100.0	100.0
Clo1313_0521	203119.Cthe_2972	0.0	1271.0	1	683	1	683	99.7	100.0	100.0
Clo1313_0522	203119.Cthe_2972	1.99e-304	842.0	1	429	1	427	98.8	93.9	62.5
Clo1313_0523	203119.Cthe_2973	3.97e-162	454.0	1	233	1	233	99.6	100.0	100.0
Clo1313_0524	203119.Cthe_2974	5.53e-187	531.0	2	404	1	403	97.5	99.8	100.0
Clo1313_0525	203119.Cthe_2975	4.82e-178	496.0	1	254	1	254	99.6	100.0	100.0
Clo1313_0526	203119.Cthe_2977	7.19e-95	298.0	1	456	1	375	78.3	100.0	100.0
Clo1313_0527	203119.Cthe_2978	1.61e-162	455.0	1	235	1	235	99.6	100.0	100.0
Clo1313_0528	203119.Cthe_2979	1.16e-22	88.6	1	65	1	65	100.0	100.0	100.0
Clo1313_0529	203119.Cthe_2980	3.77e-144	405.0	1	196	1	196	98.5	100.0	100.0
Clo1313_0530	203119.Cthe_2981	1.68e-110	319.0	1	170	14	183	100.0	100.0	92.9
Clo1313_0531	203119.Cthe_2982	1.68e-196	546.0	1	290	1	290	100.0	100.0	100.0
Clo1313_0532	203119.Cthe_2983	0.0	919.0	1	551	1	551	97.1	100.0	100.0
Clo1313_0534	697281.Mahau_1440	2.59e-51	170.0	1	103	1	103	73.8	88.8	35.5
Clo1313_0535	203119.Cthe_2986	7.04e-174	486.0	1	260	1	260	99.6	100.0	100.0
Clo1313_0536	697281.Mahau_1442	2.05e-35	132.0	1	117	273	389	54.7	100.0	30.1
Clo1313_0537	203119.Cthe_2988	6.41e-77	233.0	1	117	94	210	100.0	100.0	55.7
Clo1313_0538	203119.Cthe_2988	1.19e-55	178.0	1	90	1	90	97.8	90.9	42.9
Clo1313_0539	203119.Cthe_2989	0.0	1970.0	1	984	1	984	99.7	100.0	100.0
Clo1313_0540	203119.Cthe_3420	3.37e-50	158.0	1	73	1	73	100.0	100.0	100.0
Clo1313_0541	203119.Cthe_2990	3.76e-145	408.0	1	198	1	198	100.0	100.0	100.0
Clo1313_0542	203119.Cthe_2991	0.0	1278.0	1	645	1	645	99.8	100.0	100.0
Clo1313_0543	203119.Cthe_2992	2.32e-116	333.0	1	174	1	174	100.0	100.0	100.0
Clo1313_0544	203119.Cthe_2993	1.79e-243	669.0	1	348	1	348	100.0	100.0	100.0
Clo1313_0545	203119.Cthe_2994	0.0	1347.0	1	674	1	674	99.9	100.0	100.0
Clo1313_0546	203119.Cthe_2995	3.99e-45	145.0	8	77	1	70	98.6	90.9	100.0
Clo1313_0547	203119.Cthe_2996	6.04e-139	392.0	1	192	1	192	100.0	100.0	100.0
Clo1313_0548	1168034.FH5T_16455	5.14	37.4	34	77	675	718	31.8	17.0	5.4
Clo1313_0549	203119.Cthe_2998	0.0	1081.0	1	575	1	575	100.0	100.0	100.0
Clo1313_0550	203119.Cthe_2999	6.79e-135	382.0	1	190	1	190	100.0	100.0	100.0
Clo1313_0551	203119.Cthe_3000	1.13e-247	680.0	1	350	1	350	100.0	100.0	100.0
Clo1313_0552	203119.Cthe_3001	6.7e-148	416.0	1	207	1	207	100.0	100.0	100.0
Clo1313_0553	588596.U9UA59	173.0	31.6	7	52	409	448	32.6	25.3	7.1
Clo1313_0554	509191.AEDB02000018_gene239	0.0	1988.0	1	1139	1	1138	84.6	99.1	99.4
Clo1313_0555	203119.Cthe_3005	1.36e-225	630.0	1	423	1	423	99.8	100.0	100.0
Clo1313_0556	203119.Cthe_3006	1.04e-210	582.0	1	289	1	289	99.7	100.0	100.0
Clo1313_0557	203119.Cthe_3007	2.41e-166	464.0	1	230	1	230	100.0	100.0	100.0
Clo1313_0558	203119.Cthe_3008	7.23e-169	470.0	1	223	1	223	99.6	100.0	100.0
Clo1313_0559	862967.SIR_0891	15100.0	23.9	1	32	1	32	28.1	33.0	13.6
Clo1313_0562	203119.Cthe_3011	6.14e-87	255.0	1	127	1	127	98.4	100.0	100.0
Clo1313_0563	203119.Cthe_3012	0.0	1223.0	1	630	1	630	100.0	100.0	100.0
Clo1313_0564	203119.Cthe_3013	3.28e-232	639.0	1	325	1	325	100.0	100.0	100.0
Clo1313_0565	203119.Cthe_3014	6.11e-256	701.0	1	349	1	349	100.0	100.0	100.0
Clo1313_0566	203119.Cthe_3015	1.21e-44	144.0	1	75	1	75	100.0	100.0	100.0
Clo1313_0567	203119.Cthe_3016	0.0	1424.0	1	753	1	753	100.0	100.0	100.0
Clo1313_0568	203119.Cthe_3017	1.15e-153	431.0	1	217	1	217	100.0	100.0	100.0
Clo1313_0569	203119.Cthe_3018	1.42e-78	233.0	1	112	1	112	100.0	100.0	100.0
Clo1313_0570	203119.Cthe_3019	2.3e-78	234.0	1	128	1	128	100.0	100.0	100.0
Clo1313_0571	203119.Cthe_3020	7.82e-264	722.0	1	359	1	359	100.0	100.0	100.0
Clo1313_0572	203119.Cthe_3021	7.12e-80	237.0	1	119	1	119	99.2	100.0	100.0
Clo1313_0573	203119.Cthe_3022	1.95e-103	298.0	1	145	1	145	100.0	100.0	100.0
Clo1313_0574	203119.Cthe_3023	1.49e-195	543.0	1	291	1	291	100.0	100.0	100.0
Clo1313_0575	203119.Cthe_3024	0.0	1187.0	1	636	1	636	100.0	100.0	100.0
Clo1313_0576	42345.XP_008787444.1	3920.0	23.9	10	31	244	265	40.9	42.3	3.3
Clo1313_0577	203119.Cthe_3026	1.81e-113	325.0	1	160	1	160	100.0	100.0	100.0
Clo1313_0578	203119.Cthe_3027	0.0	904.0	1	456	1	456	100.0	100.0	100.0
Clo1313_0579	203119.Cthe_3028	4.48e-301	819.0	1	398	1	398	99.2	100.0	100.0
Clo1313_0580	203119.Cthe_3029	8.92e-111	318.0	1	163	1	163	99.4	100.0	100.0
Clo1313_0581	203119.Cthe_3030	0.0	1325.0	1	832	1	832	99.8	100.0	100.0
Clo1313_0582	1301100.HG529365_gene1372	0.997	35.4	34	73	27	66	40.0	29.0	48.2
Clo1313_0583	1121946.AUAX01000005_gene5288	1.42e-13	71.6	49	120	85	155	53.4	50.0	39.7
Clo1313_0584	35754.JNYJ01000004_gene5885	0.000351	46.6	40	113	113	184	35.1	53.2	36.7
Clo1313_0585	203119.Cthe_3034	3.84e-75	226.0	38	150	1	113	100.0	75.3	100.0
Clo1313_0586	203119.Cthe_3035	2.82e-280	766.0	1	391	1	391	100.0	100.0	100.0
Clo1313_0587	203119.Cthe_3036	7.65e-283	788.0	2	570	2	570	100.0	99.8	99.8
Clo1313_0588	203119.Cthe_3037	2.7e-145	410.0	1	212	1	212	99.5	100.0	100.0
Clo1313_0589	203119.Cthe_3038	1.18e-164	461.0	1	235	1	235	99.6	100.0	100.0
Clo1313_0590	203119.Cthe_3039	0.0	1483.0	1	821	10	830	98.1	100.0	98.9
Clo1313_0591	203119.Cthe_3040	5.18e-94	275.0	1	144	1	144	100.0	100.0	100.0
Clo1313_0592	203119.Cthe_3041	5.07e-213	590.0	1	320	1	320	99.4	100.0	100.0
Clo1313_0593	203119.Cthe_3042	2.92e-193	536.0	1	273	1	273	98.9	100.0	100.0
Clo1313_0594	203119.Cthe_3043	3.84e-145	409.0	1	212	1	212	100.0	100.0	100.0
Clo1313_0595	203119.Cthe_3044	6.09e-174	485.0	1	249	1	249	100.0	100.0	100.0
Clo1313_0596	203119.Cthe_3045	3.89e-97	284.0	1	149	26	174	100.0	100.0	85.6
Clo1313_0597	203119.Cthe_3046	3.84e-296	809.0	1	422	1	422	100.0	100.0	100.0
Clo1313_0598	203119.Cthe_3047	0.0	904.0	1	470	1	470	100.0	100.0	100.0
Clo1313_0599	203119.Cthe_3048	2.13e-151	426.0	1	221	1	221	99.1	100.0	100.0
Clo1313_0600	203119.Cthe_3049	7.19e-99	320.0	1	591	1	591	100.0	100.0	100.0
Clo1313_0601	203119.Cthe_3050	0.0	1052.0	1	624	1	624	99.8	85.8	93.6
Clo1313_0602	1144307.PMI04_04424	1.04e-290	794.0	1	407	1	407	100.0	100.0	100.0
Clo1313_0603	203119.Cthe_3052	0.0	5675.0	32	2973	1	2942	99.9	99.0	100.0
Clo1313_0604	203119.Cthe_3053	3.95e-127	362.0	1	185	1	185	100.0	100.0	100.0
Clo1313_0605	945021.TEH_07750	3.69	34.7	35	85	73	123	41.2	39.5	35.4
Clo1313_0606	1230342.CTM_15413	6.79e-07	47.8	2	39	4	41	47.4	84.4	61.3
Clo1313_0609	203119.Cthe_3058	1.43e-105	305.0	1	159	1	159	98.7	100.0	100.0
Clo1313_0610	203119.Cthe_3059	1.18e-128	365.0	1	179	4	182	99.4	100.0	98.4
Clo1313_0611	126957.SMAR007941-PA	3.11	33.9	38	80	702	744	32.6	53.8	2.9
Clo1313_0612	203119.Cthe_3062	4e-299	820.0	1	460	1	460	99.8	100.0	100.0
Clo1313_0613	203119.Cthe_3063	1.03e-237	652.0	1	320	1	320	100.0	100.0	100.0
Clo1313_0614	203119.Cthe_3064	0.0	884.0	1	535	1	535	100.0	100.0	100.0
Clo1313_0615	203119.Cthe_3065	5.44e-296	808.0	1	413	1	413	99.5	100.0	100.0
Clo1313_0616	203119.Cthe_3066	1.44e-168	471.0	1	241	1	241	100.0	100.0	100.0
Clo1313_0617	203119.Cthe_3067	1.15e-158	447.0	1	250	1	250	100.0	100.0	100.0
Clo1313_0618	203119.Cthe_3068	0.0	915.0	1	479	1	479	99.8	100.0	100.0
Clo1313_0619	203119.Cthe_3069	6.62e-164	458.0	1	230	1	230	100.0	100.0	100.0
Clo1313_0620	203119.Cthe_3070	2.75e-137	388.0	1	196	1	196	100.0	100.0	100.0
Clo1313_0621	203119.Cthe_3071	4.73e-39	129.0	1	58	1	58	100.0	100.0	100.0
Clo1313_0622	203119.Cthe_3072	1.06e-185	515.0	1	253	1	253	100.0	100.0	100.0
Clo1313_0623	203119.Cthe_3073	6.62e-156	437.0	1	223	1	223	99.6	100.0	100.0
Clo1313_0624	203119.Cthe_3074	2.89e-221	610.0	1	306	1	306	100.0	100.0	100.0
Clo1313_0625	203119.Cthe_3075	0.0	1027.0	3	538	1	536	99.8	99.6	100.0
Clo1313_0626	203119.Cthe_3076	0.0	880.0	1	430	1	430	100.0	100.0	100.0
Clo1313_0627	203119.Cthe_3077	0.0	2305.0	1	1352	1	1853	72.9	100.0	100.0
Clo1313_0628	203119.Cthe_3078	0.0	1463.0	1	1615	1	2313	68.1	100.0	100.0
Clo1313_0629	203119.Cthe_3079	0.0	1187.0	1	688	1	688	100.0	100.0	100.0
Clo1313_0630	203119.Cthe_3080	3.44e-286	786.0	1	445	1	447	98.2	100.0	100.0
Clo1313_0631	203119.Cthe_3081	1.91e-197	547.0	1	280	1	280	100.0	100.0	100.0
Clo1313_0632	1208321.D104_06180	0.508	35.4	9	65	95	150	35.1	85.1	19.0
Clo1313_0633	509191.AEDB02000059_gene394	4.02e-31	112.0	1	85	28	112	58.8	91.4	72.0
Clo1313_0634	203119.Cthe_3084	6.14e-282	769.0	1	378	1	378	100.0	100.0	100.0
Clo1313_0635	203119.Cthe_3085	1.16e-212	588.0	1	308	1	308	100.0	100.0	100.0
Clo1313_0636	203119.Cthe_3086	7.3e-306	833.0	1	423	1	423	100.0	100.0	100.0
Clo1313_0637	203119.Cthe_3087	1.56e-186	519.0	1	269	1	269	99.6	100.0	100.0
Clo1313_0638	720554.Clocl_3294	3.08e-50	160.0	1	91	1	91	92.3	100.0	98.9
Clo1313_0639	203119.Cthe_3089	4.01e-86	254.0	7	136	1	130	99.2	95.6	100.0
Clo1313_0640	203119.Cthe_3090	8.1e-199	551.0	1	280	1	280	100.0	100.0	100.0
Clo1313_0641	203119.Cthe_3091	3.24e-126	359.0	1	185	1	185	100.0	100.0	100.0
Clo1313_0642	203119.Cthe_3092	1.44e-42	139.0	1	68	1	68	98.5	100.0	100.0
Clo1313_0643	203119.Cthe_3093	3.81e-313	852.0	1	424	1	424	100.0	100.0	100.0
Clo1313_0644	203119.Cthe_2031	5.43e-114	326.0	1	158	1	158	99.4	100.0	100.0
Clo1313_0645	203119.Cthe_3094	3.55e-231	636.0	1	324	1	324	100.0	100.0	100.0
Clo1313_0646	203119.Cthe_3095	0.0	1927.0	2	968	2	968	99.9	99.9	99.9
Clo1313_0647	203119.Cthe_3096	1.33e-169	479.0	1	277	1	277	100.0	89.1	89.1
Clo1313_0648	203119.Cthe_3097	1.18e-223	617.0	1	321	1	321	100.0	100.0	100.0
Clo1313_0649	203119.Cthe_3098	3.86e-69	209.0	1	116	1	116	100.0	100.0	100.0
Clo1313_0650	203119.Cthe_3099	3.53e-160	449.0	1	232	1	232	100.0	100.0	100.0
Clo1313_0651	203119.Cthe_3100	1.59e-205	568.0	1	280	1	280	100.0	100.0	100.0
Clo1313_0652	203119.Cthe_3101	6.47e-307	835.0	1	410	1	410	100.0	100.0	100.0
Clo1313_0653	203119.Cthe_3102	8e-226	622.0	1	311	1	311	100.0	100.0	100.0
Clo1313_0654	203119.Cthe_3103	1.78e-242	665.0	1	328	1	328	99.7	100.0	100.0
Clo1313_0655	203119.Cthe_3104	3.72e-186	517.0	4	259	1	256	99.6	98.8	100.0
Clo1313_0656	203119.Cthe_3105	6.39e-158	442.0	1	222	1	222	100.0	100.0	100.0
Clo1313_0657	203119.Cthe_3106	1.63e-91	267.0	1	127	1	127	100.0	100.0	100.0
Clo1313_0658	203119.Cthe_3107	1.41e-155	436.0	1	210	1	210	100.0	100.0	100.0
Clo1313_0659	203119.Cthe_3108	1.38e-138	391.0	1	189	1	189	100.0	100.0	100.0
Clo1313_0660	203119.Cthe_3109	2.09e-130	370.0	1	192	1	192	100.0	100.0	100.0
Clo1313_0661	203119.Cthe_3110	3.54e-180	501.0	1	254	1	254	99.6	100.0	100.0
Clo1313_0662	203119.Cthe_1432	2.69e-114	327.0	1	158	1	158	100.0	100.0	100.0
Clo1313_0663	203119.Cthe_3111	1.68e-113	325.0	1	159	1	159	99.4	100.0	100.0
Clo1313_0665	203119.Cthe_3112	6.56e-255	697.0	1	330	1	330	100.0	100.0	100.0
Clo1313_0666	203119.Cthe_3113	3.5e-195	547.0	1	347	3	349	100.0	100.0	99.4
Clo1313_0667	203119.Cthe_3114	1.2e-281	769.0	1	391	1	391	100.0	100.0	100.0
Clo1313_0668	203119.Cthe_3115	1.68e-256	701.0	1	337	1	337	99.7	100.0	100.0
Clo1313_0669	203119.Cthe_3116	9.56e-267	729.0	1	363	1	363	100.0	100.0	100.0
Clo1313_0670	203119.Cthe_3117	5.05e-158	445.0	1	251	1	251	100.0	100.0	100.0
Clo1313_0671	203119.Cthe_3118	5.22e-89	261.0	1	129	1	129	100.0	100.0	100.0
Clo1313_0672	203119.Cthe_3119	1.84e-165	461.0	1	220	1	220	100.0	100.0	100.0
Clo1313_0673	203119.Cthe_3120	0.0	2346.0	1	1175	4	1178	100.0	100.0	99.7
Clo1313_0674	203119.Cthe_3121	4.78e-31	108.0	1	55	1	55	100.0	100.0	100.0
Clo1313_0675	203119.Cthe_3122	0.0	1275.0	1	692	1	692	100.0	83.0	100.0
Clo1313_0676	203119.Cthe_3123	0.0	2286.0	1	1153	148	1300	100.0	100.0	88.7
Clo1313_0677	203119.Cthe_3124	0.0	1120.0	1	545	1	545	100.0	100.0	100.0
Clo1313_0678	203119.Cthe_3125	7.85e-96	280.0	1	149	1	149	100.0	100.0	100.0
Clo1313_0679	203119.Cthe_3126	5.78e-215	593.0	1	303	1	303	99.7	100.0	100.0
Clo1313_0680	203119.Cthe_3127	0.0	892.0	1	462	1	462	100.0	100.0	100.0
Clo1313_0681	203119.Cthe_3128	0.0	904.0	1	445	1	445	100.0	100.0	100.0
Clo1313_0682	203119.Cthe_3129	1.49e-237	656.0	2	370	2	370	99.7	99.7	99.7
Clo1313_0683	203119.Cthe_3130	7.59e-161	452.0	2	244	2	244	100.0	99.6	99.6
Clo1313_0684	203119.Cthe_3131	0.0	1087.0	1	565	1	565	100.0	100.0	100.0
Clo1313_0685	203119.Cthe_3132	1.78e-284	778.0	1	411	1	411	100.0	100.0	100.0
Clo1313_0686	203119.Cthe_3133	5.96e-200	553.0	1	269	1	269	100.0	100.0	100.0
Clo1313_0688	203119.Cthe_3135	5.41e-73	219.0	1	110	1	110	99.1	100.0	100.0
Clo1313_0689	203119.Cthe_3136	4.8e-208	592.0	231	605	1	375	100.0	62.0	100.0
Clo1313_0690	313606.M23134_01925	66.3	28.9	10	35	266	292	51.9	48.1	7.8
Clo1313_0691	203119.Cthe_3139	2.29e-131	372.0	1	186	1	186	100.0	100.0	100.0
Clo1313_0692	203119.Cthe_3140	6.64e-146	411.0	1	212	1	212	100.0	100.0	100.0
Clo1313_0693	203119.Cthe_3141	0.0	1562.0	2	831	2	831	99.9	99.9	99.9
Clo1313_0694	203119.Cthe_3142	1.37e-109	315.0	1	162	1	162	99.4	100.0	100.0
Clo1313_0696	203119.Cthe_3145	1.27e-78	234.0	1	120	1	120	100.0	100.0	100.0
Clo1313_0697	203119.Cthe_3146	0.0	1409.0	1	728	1	728	100.0	100.0	100.0
Clo1313_0698	203119.Cthe_3147	0.0	1099.0	1	581	1	581	100.0	100.0	100.0
Clo1313_0699	203119.Cthe_3148	0.0	1212.0	1	632	1	632	99.8	100.0	100.0
Clo1313_0700	203119.Cthe_3149	0.0	929.0	5	480	1	476	100.0	99.2	100.0
Clo1313_0701	203119.Cthe_3150	7.54e-242	665.0	1	351	1	351	100.0	100.0	100.0
Clo1313_0702	203119.Cthe_3151	4.79e-129	367.0	1	187	1	187	100.0	100.0	100.0
Clo1313_0703	203119.Cthe_3152	2.36e-166	466.0	1	248	1	248	99.6	100.0	100.0
Clo1313_0704	203119.Cthe_3153	7.61e-144	405.0	1	196	1	196	100.0	100.0	100.0
Clo1313_0705	203119.Cthe_3154	1.43e-119	342.0	1	183	1	183	99.5	100.0	100.0
Clo1313_0706	203119.Cthe_3155	5.04e-175	488.0	1	244	1	244	100.0	100.0	100.0
Clo1313_0707	203119.Cthe_3156	1.98e-174	500.0	1	416	1	416	100.0	100.0	100.0
Clo1313_0708	203119.Cthe_3157	0.0	943.0	1	459	1	459	99.8	100.0	100.0
Clo1313_0709	203119.Cthe_3158	0.0	1246.0	1	642	1	642	99.8	100.0	100.0
Clo1313_0710	203119.Cthe_3159	8.66e-152	427.0	1	223	1	223	99.6	100.0	100.0
Clo1313_0711	203119.Cthe_3160	0.0	948.0	1	456	1	456	100.0	100.0	100.0
Clo1313_0712	203119.Cthe_3161	1.09e-169	474.0	1	244	1	244	99.6	100.0	100.0
Clo1313_0713	203119.Cthe_3162	1.7e-280	766.0	1	389	1	389	99.7	100.0	100.0
Clo1313_0714	203119.Cthe_3163	3.32e-81	244.0	1	121	1	121	100.0	74.2	74.2
Clo1313_0715	203119.Cthe_3164	0.0	1058.0	1	544	1	544	99.8	100.0	100.0
Clo1313_0716	203119.Cthe_3165	3.27e-248	684.0	1	368	15	382	100.0	100.0	96.3
Clo1313_0717	203119.Cthe_3166	0.0	870.0	1	426	1	426	99.8	100.0	100.0
Clo1313_0718	203119.Cthe_3167	4.33e-259	711.0	1	373	1	373	98.7	100.0	100.0
Clo1313_0719	203119.Cthe_3168	6.48e-211	582.0	1	292	1	292	100.0	100.0	100.0
Clo1313_0720	203119.Cthe_3169	5.4e-174	486.0	1	252	1	252	100.0	100.0	100.0
Clo1313_0721	203119.Cthe_3170	1.89e-148	419.0	29	245	1	217	99.5	88.6	100.0
Clo1313_0722	203119.Cthe_3171	0.0	1543.0	1	815	1	815	99.1	100.0	100.0
Clo1313_0723	203119.Cthe_3172	0.0	877.0	1	471	1	471	98.7	100.0	100.0
Clo1313_0724	203119.Cthe_3173	1.17e-224	620.0	1	332	1	332	100.0	100.0	100.0
Clo1313_0725	203119.Cthe_3174	1.62e-83	247.0	1	129	1	129	100.0	100.0	100.0
Clo1313_0726	203119.Cthe_3175	1.32e-148	419.0	2	227	2	227	100.0	99.6	99.6
Clo1313_0727	203119.Cthe_3176	1.09e-42	139.0	1	69	1	69	100.0	100.0	100.0
Clo1313_0728	203119.Cthe_3177	6.51e-308	838.0	1	421	1	421	99.8	100.0	100.0
Clo1313_0729	203119.Cthe_3178	0.0	1030.0	1	529	1	529	100.0	100.0	100.0
Clo1313_0730	203119.Cthe_3179	1.02e-274	753.0	1	396	23	418	99.7	100.0	94.7
Clo1313_0731	203119.Cthe_3180	1.93e-213	590.0	1	303	1	303	99.7	100.0	100.0
Clo1313_0732	203119.Cthe_3183	0.0	914.0	1	465	1	465	99.8	100.0	100.0
Clo1313_0733	203119.Cthe_3184	0.0	919.0	1	483	1	483	99.8	100.0	100.0
Clo1313_0734	203119.Cthe_3185	8e-254	695.0	1	344	1	344	99.7	100.0	100.0
Clo1313_0735	203119.Cthe_3186	0.0	1168.0	1	583	1	583	100.0	100.0	100.0
Clo1313_0736	203119.Cthe_3187	3.99e-96	280.0	1	140	1	140	100.0	100.0	100.0
Clo1313_0737	203119.Cthe_3188	0.0	999.0	1	495	1	495	100.0	100.0	100.0
Clo1313_0738	720554.Clocl_2855	9e-47	160.0	30	230	2	201	44.3	86.3	99.0
Clo1313_0739	203119.Cthe_3190	0.0	1304.0	4	677	1	674	99.7	95.2	94.9
Clo1313_0740	203119.Cthe_3191	7.15e-277	759.0	1	406	1	406	100.0	100.0	100.0
Clo1313_0741	203119.Cthe_3192	1.71e-151	425.0	1	209	1	209	100.0	100.0	100.0
Clo1313_0742	203119.Cthe_3193	1.29e-173	483.0	1	236	1	236	99.6	100.0	100.0
Clo1313_0743	720554.Clocl_2847	1.27e-26	108.0	1	213	1	214	35.9	98.6	98.6
Clo1313_0744	203119.Cthe_3195	4.83e-93	272.0	1	141	1	141	99.3	100.0	100.0
Clo1313_0745	203119.Cthe_3196	0.0	909.0	1	453	1	453	99.8	100.0	100.0
Clo1313_0746	203119.Cthe_3197	1.05e-126	360.0	1	184	1	184	99.5	100.0	100.0
Clo1313_0747	509191.AEDB02000065_gene702	3.66e-15	69.3	2	61	1	60	55.7	98.4	100.0
Clo1313_0748	203119.Cthe_3199	1.22e-230	637.0	1	349	1	349	99.7	100.0	100.0
Clo1313_0749	203119.Cthe_3200	0.0	1720.0	1	880	1	880	99.9	100.0	100.0
Clo1313_0750	203119.Cthe_3201	1.69e-127	381.0	1	237	1	237	81.9	95.2	38.7
Clo1313_0751	203119.Cthe_3205	4.25e-137	390.0	14	233	1	220	87.3	93.2	99.1
Clo1313_0752	37659.JNLN01000001_gene1710	0.00329	42.4	1	62	1	67	37.3	74.7	16.0
Clo1313_0753	37659.JNLN01000001_gene1710	1.41e-25	113.0	2	320	95	414	29.6	97.3	76.2
Clo1313_0754	37659.JNLN01000001_gene1711	5.11e-21	99.4	6	328	7	315	27.2	98.2	97.5
Clo1313_0755	37659.JNLN01000001_gene1712	4.7e-123	375.0	5	499	4	486	42.2	98.8	99.0
Clo1313_0756	37659.JNLN01000001_gene1713	4.11e-49	167.0	7	196	6	200	47.2	86.0	88.2
Clo1313_0757	37659.JNLN01000001_gene1714	6.76e-84	277.0	1	531	1	522	33.6	99.6	98.9
Clo1313_0758	37659.JNLN01000001_gene1715	1.55e-56	200.0	2	452	7	432	29.5	98.0	98.6
Clo1313_0759	37659.JNLN01000001_gene1716	8.92e-10	60.8	24	149	4	121	31.3	81.3	92.2
Clo1313_0760	37659.JNLN01000001_gene1717	2.71e-97	322.0	5	657	11	603	36.5	94.4	85.8
Clo1313_0761	102107.XP_008239062.1	2780.0	24.6	37	59	178	200	43.5	39.0	2.7
Clo1313_0762	203119.Cthe_3217	2.08e-310	848.0	59	488	1	430	100.0	88.1	100.0
Clo1313_0764	203119.Cthe_3219	3.12e-61	188.0	1	96	1	96	99.0	100.0	100.0
Clo1313_0765	203119.Cthe_3220	1.95e-149	420.0	1	203	1	203	99.5	97.1	99.5
Clo1313_0766	1144307.PMI04_04424	1.04e-290	794.0	1	407	1	407	100.0	100.0	100.0
Clo1313_0767	509191.AEDB02000099_gene4003	1.77e-17	82.8	4	70	421	487	55.2	81.7	13.7
Clo1313_0769	620914.JH621249_gene3351	23.9	34.7	48	107	230	289	36.1	27.9	11.4
Clo1313_0770	203119.Cthe_3222	9.84e-195	539.0	1	265	1	266	98.9	100.0	100.0
Clo1313_0771	1139219.I569_00788	13.5	34.3	37	104	142	213	32.5	41.2	30.3
Clo1313_0772	203119.Cthe_3224	2.45e-212	585.0	1	286	1	286	99.3	100.0	100.0
Clo1313_0773	203119.Cthe_0585	3.4e-277	758.0	1	383	1	383	100.0	100.0	100.0
Clo1313_0777	203119.Cthe_3225	2.95e-117	335.0	2	170	2	170	100.0	99.4	99.4
Clo1313_0778	203119.Cthe_3226	1.01e-183	511.0	1	262	1	262	99.2	100.0	100.0
Clo1313_0779	203119.Cthe_3227	9e-185	514.0	1	267	1	267	99.6	100.0	100.0
Clo1313_0780	203119.Cthe_3228	1.01e-185	516.0	1	266	1	266	100.0	100.0	100.0
Clo1313_0781	203119.Cthe_3230	0.0	1893.0	17	976	3	962	98.5	98.4	99.8
Clo1313_0782	203119.Cthe_3231	1.75e-115	330.0	1	159	1	159	100.0	100.0	100.0
Clo1313_0783	203119.Cthe_3232	0.0	2239.0	1	1666	1	1669	95.5	86.1	100.0
Clo1313_0784	203119.Cthe_0003	1.09e-222	613.0	1	309	1	309	100.0	100.0	100.0
Clo1313_0785	1121335.Clst_1745	4.51e-280	767.0	1	406	1	406	99.8	100.0	100.0
Clo1313_0786	203119.Cthe_0004	0.0	2398.0	1	1750	1	1750	96.0	99.2	90.1
Clo1313_0787	203119.Cthe_0004	6.43e-48	169.0	1	84	1756	1839	98.8	100.0	4.3
Clo1313_0788	203119.Cthe_0004	1.27e-45	162.0	1	77	1866	1942	97.4	100.0	4.0
Clo1313_0789	203119.Cthe_0005	3.06e-43	148.0	1	74	1	74	97.3	90.2	26.0
Clo1313_0790	1144307.PMI04_04424	1.04e-290	794.0	1	407	1	407	100.0	100.0	100.0
Clo1313_0791	203119.Cthe_1461	0.0	1050.0	1	520	1	520	99.8	99.4	99.8
Clo1313_0792	203119.Cthe_1459	2.57e-270	745.0	133	507	1	375	99.7	74.0	100.0
Clo1313_0793	203119.Cthe_1458	9.78e-190	527.0	1	269	1	269	100.0	100.0	100.0
Clo1313_0794	203119.Cthe_1457	2.92e-153	431.0	1	220	1	220	100.0	100.0	100.0
Clo1313_0795	203119.Cthe_1456	3.82e-183	509.0	1	261	1	261	99.6	100.0	100.0
Clo1313_0796	203119.Cthe_1455	3.72e-167	466.0	1	224	1	224	100.0	100.0	100.0
Clo1313_0797	203119.Cthe_1454	5.02e-88	258.0	1	123	19	141	100.0	100.0	87.2
Clo1313_0799	203119.Cthe_1452	1.76e-262	734.0	1	551	1	551	100.0	100.0	100.0
Clo1313_0800	203119.Cthe_1451	8.04e-111	318.0	1	157	1	157	99.4	100.0	100.0
Clo1313_0801	203119.Cthe_1450	8.46e-196	541.0	1	261	1	261	100.0	100.0	100.0
Clo1313_0802	203119.Cthe_1449	3.43e-96	281.0	1	152	1	152	99.3	100.0	100.0
Clo1313_0803	203119.Cthe_1448	0.0	909.0	1	470	1	470	100.0	100.0	100.0
Clo1313_0804	5786.XP_003286131.1	9.77	35.0	41	94	187	240	35.2	30.3	18.4
Clo1313_0805	203119.Cthe_1446	0.0	1627.0	1	845	1	845	99.9	100.0	100.0
Clo1313_0807	203119.Cthe_1445	8.06e-57	176.0	1	81	1	81	100.0	100.0	100.0
Clo1313_0809	203119.Cthe_1443	1.78e-211	585.0	1	307	1	307	100.0	100.0	100.0
Clo1313_0811	203119.Cthe_1438	6.23e-113	324.0	1	167	1	167	99.4	100.0	100.0
Clo1313_0812	203119.Cthe_1437	3.87e-207	573.0	1	300	1	300	99.7	100.0	100.0
Clo1313_0813	203119.Cthe_1435	1.32e-138	391.0	1	193	1	193	100.0	100.0	100.0
Clo1313_0814	203119.Cthe_1434	9.98e-140	394.0	1	196	1	196	100.0	100.0	100.0
Clo1313_0815	203119.Cthe_1433	3.01e-178	497.0	1	257	1	257	99.6	100.0	100.0
Clo1313_0816	203119.Cthe_1432	2.69e-114	327.0	1	158	1	158	100.0	100.0	100.0
Clo1313_0817	203119.Cthe_1431	0.0	1248.0	1	651	1	651	100.0	100.0	100.0
Clo1313_0818	203119.Cthe_1430	9.62e-247	677.0	1	337	1	337	100.0	100.0	100.0
Clo1313_0819	203119.Cthe_1429	1.55e-226	622.0	1	299	1	299	100.0	100.0	100.0
Clo1313_0820	203119.Cthe_1428	0.0	919.0	1	442	1	442	100.0	100.0	100.0
Clo1313_0821	203119.Cthe_1427	1.99e-59	184.0	1	100	1	100	100.0	100.0	100.0
Clo1313_0822	203119.Cthe_1426	3.36e-164	460.0	1	244	1	244	100.0	100.0	100.0
Clo1313_0823	203119.Cthe_1425	0.0	1265.0	1	689	1	689	100.0	97.5	99.3
Clo1313_0824	203119.Cthe_1424	1.61e-178	502.0	1	313	1	313	100.0	100.0	100.0
Clo1313_0825	203119.Cthe_1423	3.52e-236	653.0	5	372	1	368	100.0	98.9	100.0
Clo1313_0827	203119.Cthe_2031	5.43e-114	326.0	1	158	1	158	99.4	100.0	100.0
Clo1313_0828	203119.Cthe_1422	3.82e-181	504.0	1	257	1	257	100.0	100.0	100.0
Clo1313_0829	203119.Cthe_1421	1.09e-226	625.0	1	326	1	326	100.0	100.0	100.0
Clo1313_0830	203119.Cthe_1420	7.24e-134	380.0	1	198	1	198	100.0	100.0	100.0
Clo1313_0831	987059.RBXJA2T_01295	421.0	29.6	26	118	47	136	27.8	66.4	14.3
Clo1313_0832	203119.Cthe_1418	2.62e-154	452.0	1	224	1	224	100.0	32.0	98.2
Clo1313_0833	203119.Cthe_1415	2.23e-199	553.0	1	286	1	286	100.0	100.0	100.0
Clo1313_0834	203119.Cthe_1414	1.54e-288	789.0	1	417	1	417	100.0	100.0	100.0
Clo1313_0835	203119.Cthe_1413	0.0	1240.0	1	638	1	638	100.0	100.0	100.0
Clo1313_0836	203119.Cthe_1412	8.17e-286	780.0	1	394	1	394	99.5	100.0	100.0
Clo1313_0837	203119.Cthe_1411	7.44e-183	508.0	1	256	1	256	100.0	100.0	100.0
Clo1313_0838	203119.Cthe_1410	2.78e-219	606.0	1	316	18	333	99.7	100.0	94.9
Clo1313_0839	203119.Cthe_1409	1.31e-286	787.0	1	408	82	489	100.0	100.0	83.4
Clo1313_0840	203119.Cthe_1409	9.37e-33	125.0	1	65	1	65	100.0	75.6	13.3
Clo1313_0841	203119.Cthe_1408	3.83e-164	459.0	1	232	1	232	100.0	100.0	100.0
Clo1313_0842	203119.Cthe_1407	1.9e-162	454.0	1	228	1	228	98.7	100.0	100.0
Clo1313_0843	203119.Cthe_1406	1.36e-146	414.0	1	228	1	228	99.6	100.0	100.0
Clo1313_0844	203119.Cthe_1405	0.0	1045.0	1	703	1	709	97.2	100.0	100.0
Clo1313_0845	203119.Cthe_1404	0.0	1350.0	1	716	1	716	99.9	100.0	100.0
Clo1313_0846	203119.Cthe_1403	4.1e-47	151.0	1	79	1	79	100.0	100.0	100.0
Clo1313_0847	203119.Cthe_1402	2.89e-105	304.0	1	159	1	159	100.0	100.0	100.0
Clo1313_0848	203119.Cthe_1401	1.3e-68	208.0	8	116	2	110	100.0	94.0	99.1
Clo1313_0849	203119.Cthe_1400	1.82e-295	806.0	1	385	1	385	100.0	92.8	92.8
Clo1313_0850	203119.Cthe_1399	3.24e-102	296.0	1	148	25	172	100.0	100.0	86.0
Clo1313_0851	203119.Cthe_1398	0.0	1672.0	1	812	1	812	100.0	96.4	96.4
Clo1313_0852	203119.Cthe_1397	4.68e-194	538.0	1	272	1	272	100.0	100.0	100.0
Clo1313_0853	203119.Cthe_1396	0.0	1022.0	1	514	1	514	100.0	100.0	100.0
Clo1313_0855	203119.Cthe_1394	3.04e-166	465.0	4	239	1	236	99.6	98.7	100.0
Clo1313_0856	203119.Cthe_1393	0.0	1096.0	1	589	1	589	99.8	100.0	100.0
Clo1313_0857	203119.Cthe_1391	0.0	985.0	1	511	1	511	100.0	100.0	100.0
Clo1313_0858	203119.Cthe_1390	1.97e-230	633.0	1	310	1	310	99.7	100.0	100.0
Clo1313_0859	203119.Cthe_1389	0.0	874.0	1	442	1	442	100.0	100.0	100.0
Clo1313_0860	203119.Cthe_1388	7.04e-63	192.0	1	97	1	97	100.0	100.0	100.0
Clo1313_0861	509191.AEDB02000104_gene3900	0.000551	45.1	1	131	1	136	30.7	100.0	99.3
Clo1313_0862	203119.Cthe_1386	4.34e-131	373.0	2	199	2	199	100.0	99.5	99.5
Clo1313_0863	203119.Cthe_1385	0.0	1786.0	1	910	1	910	100.0	100.0	100.0
Clo1313_0864	203119.Cthe_1384	1.82e-313	853.0	1	428	1	428	99.8	100.0	100.0
Clo1313_0865	203119.Cthe_1383	2.27e-251	692.0	1	385	1	385	100.0	100.0	100.0
Clo1313_0866	203119.Cthe_1382	8.42e-274	749.0	1	373	1	373	100.0	96.9	99.7
Clo1313_0867	203119.Cthe_1381	0.0	984.0	1	499	1	499	100.0	100.0	100.0
Clo1313_0868	203119.Cthe_1380	7.55e-82	242.0	1	124	1	124	100.0	100.0	100.0
Clo1313_0869	203119.Cthe_1379	6.96e-264	722.0	1	362	1	362	99.7	100.0	100.0
Clo1313_0870	203119.Cthe_1378	0.0	983.0	25	530	1	506	99.6	95.5	100.0
Clo1313_0871	203119.Cthe_1377	3.21e-94	275.0	1	147	1	147	100.0	100.0	100.0
Clo1313_0872	203119.Cthe_1376	3.02e-294	803.0	1	415	1	415	100.0	100.0	100.0
Clo1313_0873	203119.Cthe_1375	0.0	873.0	1	449	1	449	100.0	100.0	100.0
Clo1313_0874	203119.Cthe_1374	5.87e-183	509.0	1	262	1	262	100.0	100.0	100.0
Clo1313_0875	203119.Cthe_1373	0.0	2732.0	1	1917	1	1917	97.2	100.0	100.0
Clo1313_0876	203119.Cthe_1372	9.88e-105	302.0	1	152	1	152	100.0	100.0	100.0
Clo1313_0877	1235793.C809_04210	0.0803	41.6	50	178	65	199	24.3	60.8	57.9
Clo1313_0878	1336803.PHEL49_0111	276.0	27.3	1	57	20	82	31.7	98.3	21.6
Clo1313_0879	6087.XP_002166379.2	11.7	32.7	5	48	406	450	37.8	47.8	5.1
Clo1313_0880	203119.Cthe_1371	0.0	2813.0	1	1959	1	1959	100.0	100.0	100.0
Clo1313_0881	1035308.AQYY01000002_gene114	31.9	33.1	1	54	139	191	37.0	35.3	15.1
Clo1313_0882	673862.BABL1_448	181.0	28.1	29	63	197	233	37.8	55.6	9.3
Clo1313_0883	203119.Cthe_1369	6.72e-78	231.0	1	114	1	114	99.1	100.0	100.0
Clo1313_0884	203119.Cthe_1368	0.0	1294.0	1	710	1	710	99.4	100.0	100.0
Clo1313_0885	203119.Cthe_2031	3.15e-113	324.0	1	158	1	158	98.7	100.0	100.0
Clo1313_0886	203119.Cthe_1367	1.18e-180	503.0	1	258	1	258	99.2	100.0	100.0
Clo1313_0887	203119.Cthe_1366	2.69e-133	377.0	1	183	1	183	100.0	100.0	100.0
Clo1313_0888	509191.AEDB02000065_gene696	9.78e-29	113.0	1	187	1	206	41.0	99.5	99.5
Clo1313_0889	203119.Cthe_1364	1.35e-283	775.0	1	392	1	392	99.7	100.0	100.0
Clo1313_0890	203119.Cthe_1363	0.0	872.0	1	464	1	464	99.6	100.0	100.0
Clo1313_0891	203119.Cthe_1362	4.8e-128	364.0	1	185	1	185	100.0	100.0	100.0
Clo1313_0892	203119.Cthe_1361	9.03e-257	703.0	1	347	1	347	100.0	100.0	100.0
Clo1313_0893	203119.Cthe_1360	2.47e-117	335.0	1	163	1	163	100.0	100.0	100.0
Clo1313_0894	203119.Cthe_1359	7.63e-117	334.0	1	164	1	164	99.4	100.0	100.0
Clo1313_0895	203119.Cthe_1358	2.04e-225	619.0	1	296	1	296	100.0	100.0	100.0
Clo1313_0896	203119.Cthe_1357	2.87e-257	706.0	18	381	1	364	100.0	95.5	100.0
Clo1313_0897	203119.Cthe_1356	1.82e-226	622.0	1	301	1	301	100.0	100.0	100.0
Clo1313_0898	203119.Cthe_1355	5e-224	617.0	1	310	1	310	100.0	100.0	100.0
Clo1313_0899	203119.Cthe_1354	5.27e-299	816.0	1	423	1	423	100.0	100.0	100.0
Clo1313_0900	203119.Cthe_1353	0.0	913.0	1	486	1	486	100.0	100.0	100.0
Clo1313_0901	203119.Cthe_1352	0.0	864.0	1	441	3	443	99.5	100.0	99.5
Clo1313_0902	203119.Cthe_1351	1.88e-101	295.0	1	159	1	159	98.7	100.0	100.0
Clo1313_0903	203119.Cthe_1350	2.54e-96	280.0	1	134	1	134	99.3	100.0	100.0
Clo1313_0904	203119.Cthe_1349	0.0	907.0	1	467	1	467	100.0	100.0	100.0
Clo1313_0905	203119.Cthe_1348	6.63e-28	101.0	1	58	1	58	98.3	100.0	100.0
Clo1313_0906	203119.Cthe_1347	3.6e-91	268.0	1	147	1	147	100.0	100.0	100.0
Clo1313_0907	203119.Cthe_1346	0.0	1624.0	1	827	1	827	100.0	100.0	100.0
Clo1313_0908	203119.Cthe_1345	7.82e-118	337.0	1	171	1	171	100.0	100.0	100.0
Clo1313_0909	203119.Cthe_1344	0.0	1424.0	1	724	1	724	99.9	100.0	100.0
Clo1313_0910	203119.Cthe_1343	3.08e-102	296.0	1	149	1	149	100.0	100.0	100.0
Clo1313_0911	203119.Cthe_1342	1.21e-147	415.0	1	201	1	201	100.0	100.0	100.0
Clo1313_0912	203119.Cthe_1341	0.0	983.0	1	505	1	505	99.6	100.0	100.0
Clo1313_0913	203119.Cthe_1340	2.01e-265	727.0	1	375	1	375	99.7	100.0	100.0
Clo1313_0914	203119.Cthe_1339	1.3e-282	774.0	1	412	1	412	100.0	100.0	100.0
Clo1313_0915	203119.Cthe_1338	1.65e-176	493.0	1	268	1	268	100.0	100.0	100.0
Clo1313_0916	203119.Cthe_1337	8.27e-192	534.0	1	289	1	289	99.7	100.0	100.0
Clo1313_0917	509191.AEDB02000065_gene715	5.12e-13	64.3	1	53	1	53	56.6	77.9	82.8
Clo1313_0918	203119.Cthe_1336	2.32e-145	412.0	1	233	1	233	100.0	100.0	100.0
Clo1313_0919	203119.Cthe_1335	1.01e-134	383.0	1	209	1	209	100.0	100.0	100.0
Clo1313_0920	203119.Cthe_1334	0.0	925.0	1	520	1	520	99.6	100.0	100.0
Clo1313_0921	203119.Cthe_1333	9.21e-267	731.0	1	376	1	376	100.0	100.0	100.0
Clo1313_0922	203119.Cthe_1332	1.94e-307	837.0	1	417	1	417	100.0	100.0	100.0
Clo1313_0923	203119.Cthe_1331	0.0	1181.0	1	595	1	595	99.8	100.0	100.0
Clo1313_0924	203119.Cthe_1330	2.47e-121	347.0	13	186	1	174	99.4	93.5	100.0
Clo1313_0925	203119.Cthe_1329	0.0	2821.0	1	1433	1	1433	99.7	100.0	100.0
Clo1313_0926	203119.Cthe_3350	9.64e-46	147.0	1	69	1	69	100.0	100.0	100.0
Clo1313_0927	203119.Cthe_1328	2.98e-306	835.0	1	425	1	425	100.0	100.0	100.0
Clo1313_0928	720554.Clocl_2774	7.98e-13	65.9	1	90	1	90	38.9	96.8	90.0
Clo1313_0929	203119.Cthe_1326	0.0	1178.0	1	603	1	603	100.0	100.0	100.0
Clo1313_0930	203119.Cthe_1325	4.33e-283	772.0	1	380	1	380	100.0	100.0	100.0
Clo1313_0931	203119.Cthe_1324	5.08e-240	661.0	1	351	1	351	100.0	100.0	100.0
Clo1313_0932	203119.Cthe_1323	6.27e-119	344.0	1	226	1	226	98.2	100.0	100.0
Clo1313_0933	203119.Cthe_1322	0.0	1143.0	1	608	1	608	100.0	100.0	100.0
Clo1313_0934	203119.Cthe_1321	1.34e-280	766.0	1	386	1	386	100.0	100.0	100.0
Clo1313_0935	203119.Cthe_1320	3.26e-226	623.0	1	313	1	313	99.7	100.0	100.0
Clo1313_0936	203119.Cthe_1319	2.59e-174	486.0	1	247	1	247	100.0	100.0	100.0
Clo1313_0937	203119.Cthe_1318	7.88e-79	234.0	1	123	1	123	100.0	100.0	100.0
Clo1313_0938	203275.BFO_3176	280.0	27.7	1	41	62	102	34.1	61.2	15.1
Clo1313_0939	203119.Cthe_1317	3.04e-201	558.0	1	294	1	294	100.0	100.0	100.0
Clo1313_0940	203119.Cthe_1316	4.53e-55	172.0	1	93	1	93	100.0	100.0	100.0
Clo1313_0941	203119.Cthe_1315	1.25e-141	400.0	1	203	1	203	99.5	100.0	100.0
Clo1313_0942	203119.Cthe_1314	4.47e-46	148.0	1	78	1	78	100.0	100.0	100.0
Clo1313_0943	203119.Cthe_1313	1.03e-281	772.0	36	433	1	398	99.7	91.9	100.0
Clo1313_0944	203119.Cthe_1312	0.0	974.0	1	462	1	462	100.0	100.0	100.0
Clo1313_0945	203119.Cthe_1311	5.53e-302	825.0	1	443	1	443	99.5	100.0	100.0
Clo1313_0946	33188.XP_002542559.1	13.9	30.8	18	47	3	32	43.3	55.6	3.5
Clo1313_0947	203119.Cthe_1310	9.13e-133	377.0	1	199	1	199	99.5	100.0	100.0
Clo1313_0948	203119.Cthe_1309	4.38e-269	735.0	1	357	1	357	99.7	100.0	100.0
Clo1313_0949	203119.Cthe_1308	0.0	1734.0	1	883	1	883	99.9	100.0	100.0
Clo1313_0950	203119.Cthe_1307	0.0	1164.0	1	631	1	631	99.7	100.0	100.0
Clo1313_0951	203119.Cthe_1306	5.15e-91	266.0	2	133	2	133	100.0	99.2	99.2
Clo1313_0952	203119.Cthe_1305	8.14e-75	224.0	1	115	1	115	100.0	100.0	100.0
Clo1313_0953	203119.Cthe_1304	0.0	904.0	1	457	1	457	99.8	100.0	100.0
Clo1313_0954	203119.Cthe_1303	2.45e-310	843.0	1	408	1	408	99.8	100.0	100.0
Clo1313_0955	203119.Cthe_1302	0.0	1082.0	1	555	1	555	99.8	100.0	100.0
Clo1313_0956	203119.Cthe_1301	1.95e-290	794.0	1	415	1	415	99.5	100.0	100.0
Clo1313_0957	203119.Cthe_1300	2.05e-191	536.0	1	332	3	334	100.0	100.0	99.4
Clo1313_0958	509191.AEDB02000063_gene498	2.53e-40	135.0	1	95	1	95	65.3	91.3	96.9
Clo1313_0959	203119.Cthe_1298	8.52e-70	210.0	1	105	1	105	100.0	100.0	100.0
Clo1313_0960	203119.Cthe_1297	1e-246	678.0	1	351	1	351	100.0	100.0	100.0
Clo1313_0961	720554.Clocl_2281	5.09e-27	110.0	1	215	1	218	35.3	94.3	92.4
Clo1313_0962	203119.Cthe_1295	1.8e-135	383.0	1	191	1	191	99.5	100.0	100.0
Clo1313_0964	203119.Cthe_1294	0.0	926.0	40	514	1	475	99.8	92.4	100.0
Clo1313_0965	203119.Cthe_1293	2.53e-241	663.0	1	335	1	335	100.0	100.0	100.0
Clo1313_0966	203119.Cthe_1292	6.14e-301	819.0	1	402	1	402	100.0	100.0	100.0
Clo1313_0967	203119.Cthe_1291	5.16e-215	592.0	1	288	1	288	100.0	100.0	100.0
Clo1313_0968	509191.AEDB02000063_gene479	4.67e-17	77.8	57	113	58	113	63.2	50.4	49.6
Clo1313_0969	509191.AEDB02000063_gene478	3.43e-16	72.0	1	62	1	62	59.7	100.0	100.0
Clo1313_0970	203119.Cthe_1288	1.02e-166	465.0	1	228	1	228	100.0	100.0	100.0
Clo1313_0971	203119.Cthe_1287	0.0	964.0	1	504	1	504	99.8	100.0	100.0
Clo1313_0972	203119.Cthe_1286	0.0	906.0	1	509	1	509	100.0	100.0	100.0
Clo1313_0973	203119.Cthe_1285	0.0	904.0	1	465	1	465	99.8	100.0	100.0
Clo1313_0974	203119.Cthe_1284	0.0	990.0	1	488	1	488	100.0	100.0	100.0
Clo1313_0975	203119.Cthe_1283	2.52e-155	435.0	1	213	1	213	100.0	100.0	100.0
Clo1313_0976	203119.Cthe_1282	0.0	1029.0	10	559	1	550	100.0	98.4	100.0
Clo1313_0977	203119.Cthe_1281	2.4e-162	454.0	1	231	1	231	99.6	100.0	100.0
Clo1313_0978	509191.AEDB02000063_gene468	2.25e-18	79.3	1	87	1	87	44.8	100.0	100.0
Clo1313_0979	203119.Cthe_1279	7.31e-38	126.0	1	62	1	62	100.0	100.0	100.0
Clo1313_0980	203119.Cthe_1278	0.0	1353.0	1	694	1	694	100.0	100.0	100.0
Clo1313_0981	203119.Cthe_1277	1.62e-131	374.0	1	191	20	210	100.0	100.0	91.0
Clo1313_0982	203119.Cthe_1276	1.81e-108	312.0	1	159	1	159	99.4	100.0	100.0
Clo1313_0983	203119.Cthe_1275	2.85e-78	235.0	10	154	1	145	100.0	94.2	100.0
Clo1313_0984	203119.Cthe_1274	7.13e-294	804.0	1	435	1	435	100.0	100.0	100.0
Clo1313_0985	203119.Cthe_1273	2.45e-222	627.0	1	481	1	481	100.0	100.0	100.0
Clo1313_0986	203119.Cthe_1272	4.29e-172	480.0	1	245	1	245	100.0	100.0	100.0
Clo1313_0987	203119.Cthe_1271	0.0	1323.0	1	679	1	679	100.0	100.0	100.0
Clo1313_0988	203119.Cthe_1270	4.14e-297	810.0	1	407	1	407	100.0	100.0	100.0
Clo1313_0989	203119.Cthe_1269	0.0	895.0	1	427	1	427	100.0	100.0	100.0
Clo1313_0990	203119.Cthe_1268	1.07e-264	727.0	1	392	1	392	99.5	100.0	100.0
Clo1313_0991	203119.Cthe_1267	4.29e-144	407.0	1	216	1	216	100.0	100.0	100.0
Clo1313_0992	203119.Cthe_1266	0.0	1495.0	1	822	1	822	99.3	100.0	100.0
Clo1313_0993	203119.Cthe_1265	0.0	1122.0	1	578	1	578	99.7	100.0	100.0
Clo1313_0994	203119.Cthe_1264	0.0	2318.0	1	1181	1	1181	99.8	100.0	100.0
Clo1313_0995	203119.Cthe_1263	2.47e-46	149.0	1	73	5	77	100.0	100.0	94.8
Clo1313_0996	203119.Cthe_1262	1.09e-38	129.0	1	65	1	65	100.0	100.0	100.0
Clo1313_0997	203119.Cthe_1261	1.33e-226	625.0	1	324	1	324	100.0	100.0	100.0
Clo1313_0998	203119.Cthe_1260	6.17e-99	286.0	1	138	1	138	99.3	100.0	100.0
Clo1313_0999	203119.Cthe_1259	4.97e-114	328.0	2	180	2	180	100.0	99.4	99.4
Clo1313_1000	203119.Cthe_1258	3.27e-183	509.0	1	259	1	259	100.0	100.0	100.0
Clo1313_1001	203119.Cthe_1257	0.0	1990.0	1	1050	1	1050	99.9	100.0	100.0
Clo1313_1002	203119.Cthe_1256	0.0	1488.0	1	755	1	755	100.0	100.0	100.0
Clo1313_1003	1196095.GAPWK_0657	1.66e-32	126.0	2	151	286	434	41.7	99.3	34.1
Clo1313_1004	203119.Cthe_1254	8.7e-30	109.0	1	97	26	122	97.9	100.0	79.5
Clo1313_1005	203119.Cthe_1253	0.0	1731.0	1	860	1	860	99.9	100.0	100.0
Clo1313_1006	203119.Cthe_1252	5.15e-227	628.0	1	336	26	361	100.0	100.0	93.1
Clo1313_1007	203119.Cthe_1251	2.81e-313	856.0	1	465	1	465	100.0	100.0	100.0
Clo1313_1008	203119.Cthe_1250	3.78e-101	295.0	1	173	1	173	100.0	100.0	100.0
Clo1313_1009	203119.Cthe_1249	0.0	974.0	1	488	1	488	99.8	100.0	100.0
Clo1313_1010	203119.Cthe_1248	1.22e-246	677.0	1	340	1	340	100.0	100.0	100.0
Clo1313_1011	203119.Cthe_1247	2.61e-146	412.0	1	209	1	209	99.5	100.0	100.0
Clo1313_1012	203119.Cthe_1246	0.0	996.0	1	514	1	514	99.8	100.0	100.0
Clo1313_1013	203119.Cthe_1245	3.09e-305	832.0	1	419	1	419	100.0	100.0	100.0
Clo1313_1014	203119.Cthe_1244	3.31e-283	773.0	1	390	1	390	99.7	100.0	100.0
Clo1313_1015	203119.Cthe_1243	7.5e-105	303.0	1	153	1	153	100.0	100.0	100.0
Clo1313_1016	203119.Cthe_1241	5.31e-149	419.0	1	206	1	206	100.0	100.0	100.0
Clo1313_1017	203119.Cthe_1240	7.06e-132	374.0	1	189	1	189	98.4	100.0	100.0
Clo1313_1018	720554.Clocl_3054	2.98e-27	109.0	106	196	104	194	57.1	46.0	46.9
Clo1313_1019	203119.Cthe_1238	9.6e-73	218.0	1	113	1	113	97.3	100.0	100.0
Clo1313_1020	203119.Cthe_1237	0.0	1694.0	1	825	1	825	100.0	100.0	100.0
Clo1313_1021	203119.Cthe_1235	0.0	13375.0	1071	7955	1	6885	99.8	86.5	100.0
Clo1313_1022	203119.Cthe_1234	1.03e-164	462.0	1	256	1	256	99.6	100.0	100.0
Clo1313_1023	509191.AEDB02000088_gene2658	3.13e-55	187.0	1	134	1	134	69.4	91.2	26.9
Clo1313_1024	203119.Cthe_1232	0.0	1121.0	1	576	1	576	99.8	100.0	100.0
Clo1313_1025	203119.Cthe_1231	2.01e-303	828.0	1	432	1	432	100.0	100.0	100.0
Clo1313_1026	203119.Cthe_1230	2.92e-184	515.0	1	296	1	296	99.7	100.0	100.0
Clo1313_1027	203119.Cthe_1229	8.2e-100	294.0	1	205	1	205	100.0	100.0	100.0
Clo1313_1028	211114.JOEF01000009_gene1700	1040.0	25.4	12	43	345	376	47.1	62.7	6.5
Clo1313_1029	203119.Cthe_1228	0.0	1287.0	1	635	1	635	100.0	100.0	100.0
Clo1313_1030	203119.Cthe_1227	1.21e-207	573.0	1	276	1	276	100.0	100.0	100.0
Clo1313_1031	203119.Cthe_1226	6.25e-122	347.0	1	167	1	167	100.0	100.0	100.0
Clo1313_1032	203119.Cthe_1225	3.82e-108	312.0	10	173	1	164	100.0	94.8	100.0
Clo1313_1033	203119.Cthe_1224	5.89e-34	117.0	1	65	1	65	100.0	100.0	100.0
Clo1313_1034	203119.Cthe_1223	2.6e-72	218.0	1	117	1	117	100.0	100.0	100.0
Clo1313_1035	203119.Cthe_1222	9.78e-189	524.0	1	267	1	267	99.6	100.0	100.0
Clo1313_1036	203119.Cthe_1221	0.0	5834.0	1	2922	1	2922	99.9	100.0	100.0
Clo1313_1037	509191.AEDB02000067_gene843	1.87e-32	129.0	1	298	16	302	30.9	100.0	95.0
Clo1313_1038	203119.Cthe_1219	1.43e-250	689.0	3	363	4	364	97.8	99.4	99.2
Clo1313_1039	203119.Cthe_1218	4.34e-175	487.0	1	233	1	233	100.0	100.0	100.0
Clo1313_1040	203119.Cthe_1217	0.0	1480.0	1	776	1	776	100.0	100.0	100.0
Clo1313_1041	203119.Cthe_1216	3.88e-61	188.0	1	99	1	99	100.0	100.0	100.0
Clo1313_1042	203119.Cthe_1215	2.75e-79	236.0	1	123	1	123	99.2	100.0	100.0
Clo1313_1043	203119.Cthe_1214	4.88e-79	235.0	1	126	1	126	100.0	100.0	100.0
Clo1313_1044	203119.Cthe_1213	1.43e-52	166.0	1	90	1	90	98.9	100.0	100.0
Clo1313_1045	203119.Cthe_1212	9.28e-221	609.0	1	312	1	312	99.7	100.0	100.0
Clo1313_1046	203119.Cthe_1211	0.0	915.0	1	454	1	454	100.0	100.0	100.0
Clo1313_1047	203119.Cthe_1210	9.29e-143	402.0	1	192	1	192	100.0	100.0	100.0
Clo1313_1048	203119.Cthe_1209	0.0	1110.0	1	599	1	599	99.8	100.0	100.0
Clo1313_1049	203119.Cthe_1208	1.01e-84	249.0	1	120	1	120	100.0	100.0	100.0
Clo1313_1050	756499.Desde_0560	7.74e-08	49.7	1	36	1	36	72.2	94.7	63.2
Clo1313_1051	203119.Cthe_1207	0.0	1005.0	1	507	1	507	100.0	100.0	100.0
Clo1313_1052	203119.Cthe_1205	0.0	1258.0	1	642	1	642	100.0	100.0	100.0
Clo1313_1053	203119.Cthe_1204	3.02e-286	783.0	1	404	19	422	100.0	100.0	95.7
Clo1313_1054	203119.Cthe_1203	0.0	933.0	1	462	1	462	100.0	100.0	100.0
Clo1313_1055	203119.Cthe_1202	1.6e-270	741.0	1	391	1	391	99.7	100.0	100.0
Clo1313_1056	203119.Cthe_1201	2.24e-198	549.0	1	275	1	275	100.0	100.0	100.0
Clo1313_1057	203119.Cthe_1200	2.84e-303	826.0	1	414	1	414	100.0	100.0	100.0
Clo1313_1058	203119.Cthe_1199	3.81e-312	850.0	1	431	1	431	99.8	100.0	100.0
Clo1313_1059	203119.Cthe_2047	1.4e-58	196.0	1	117	1	117	88.0	100.0	20.7
Clo1313_1060	203119.Cthe_2838	4.15e-245	689.0	55	451	217	613	88.9	88.0	64.8
Clo1313_1065	203119.Cthe_1196	5.67e-291	795.0	1	413	1	412	95.9	97.9	100.0
Clo1313_1066	1144307.PMI04_04424	1.04e-290	794.0	1	407	1	407	100.0	100.0	100.0
Clo1313_1067	203119.Cthe_1192	3.88e-240	660.0	1	343	1	343	99.7	100.0	100.0
Clo1313_1068	203119.Cthe_1191	1.19e-149	421.0	1	214	1	214	100.0	100.0	100.0
Clo1313_1069	203119.Cthe_1190	6e-106	305.0	1	143	21	163	100.0	100.0	87.7
Clo1313_1070	203119.Cthe_1189	3.69e-232	639.0	1	322	1	322	100.0	100.0	100.0
Clo1313_1071	203119.Cthe_1188	5.39e-178	496.0	1	260	1	260	99.6	100.0	100.0
Clo1313_1072	203119.Cthe_1187	2.83e-201	557.0	1	284	1	284	100.0	100.0	100.0
Clo1313_1073	203119.Cthe_1186	4.17e-237	650.0	1	311	1	311	100.0	100.0	100.0
Clo1313_1074	203119.Cthe_1185	4.58e-306	834.0	1	426	1	426	100.0	100.0	100.0
Clo1313_1075	203119.Cthe_1184	2.05e-154	434.0	1	222	1	222	100.0	100.0	100.0
Clo1313_1076	203119.Cthe_1183	2.46e-219	605.0	1	309	1	309	100.0	100.0	100.0
Clo1313_1077	203119.Cthe_1182	7.1e-292	798.0	1	422	1	422	99.5	100.0	100.0
Clo1313_1078	203119.Cthe_1181	0.0	1508.0	1	760	1	760	100.0	100.0	100.0
Clo1313_1079	509191.AEDB02000067_gene876	9.37e-27	103.0	10	126	12	126	41.9	91.4	88.5
Clo1313_1080	203119.Cthe_1179	8.69e-40	131.0	1	64	1	64	100.0	100.0	100.0
Clo1313_1081	203119.Cthe_1178	1.38e-157	442.0	1	224	18	241	100.0	100.0	92.9
Clo1313_1082	203119.Cthe_1177	0.0	978.0	1	486	1	486	100.0	100.0	100.0
Clo1313_1083	203119.Cthe_1176	2.09e-95	278.0	1	148	1	148	100.0	100.0	100.0
Clo1313_1084	203119.Cthe_1175	1.62e-188	524.0	1	269	1	269	100.0	100.0	100.0
Clo1313_1085	203119.Cthe_1174	1.75e-190	529.0	1	274	1	274	99.6	100.0	100.0
Clo1313_1086	203119.Cthe_1173	3.55e-147	415.0	1	215	1	215	99.5	100.0	100.0
Clo1313_1087	203119.Cthe_1172	2.48e-274	750.0	1	382	1	382	100.0	100.0	100.0
Clo1313_1088	509191.AEDB02000067_gene883	1.13	32.0	1	34	7	42	44.4	72.3	64.3
Clo1313_1089	203119.Cthe_1171	3.68e-295	806.0	1	415	1	415	100.0	100.0	100.0
Clo1313_1090	203119.Cthe_1170	2.07e-202	561.0	1	291	1	291	99.7	100.0	100.0
Clo1313_1091	203119.Cthe_1169	1e-269	739.0	1	383	1	383	99.7	100.0	100.0
Clo1313_1093	203119.Cthe_1168	0.0	905.0	1	462	1	462	99.8	100.0	100.0
Clo1313_1094	203119.Cthe_1167	5.75e-216	595.0	1	289	6	294	100.0	100.0	98.3
Clo1313_1095	203119.Cthe_1166	1.14e-195	544.0	1	292	1	292	100.0	100.0	100.0
Clo1313_1096	203119.Cthe_1165	9.15e-283	773.0	1	403	1	403	99.8	100.0	100.0
Clo1313_1097	203119.Cthe_1164	0.0	1038.0	1	528	1	528	99.8	100.0	100.0
Clo1313_1098	203119.Cthe_1163	0.0	868.0	1	449	1	449	99.8	100.0	100.0
Clo1313_1099	203119.Cthe_1162	0.0	1180.0	1	607	1	607	99.8	100.0	100.0
Clo1313_1100	203119.Cthe_1112	1.48e-85	252.0	1	132	1	132	99.2	100.0	100.0
Clo1313_1101	203119.Cthe_1111	1.85e-236	652.0	7	351	1	345	99.7	98.3	100.0
Clo1313_1102	203119.Cthe_1110	3.92e-95	276.0	1	133	1	133	100.0	100.0	100.0
Clo1313_1103	203119.Cthe_1109	4.82e-193	536.0	1	284	1	284	99.6	100.0	100.0
Clo1313_1104	203119.Cthe_0585	1.51e-53	177.0	1	92	1	92	100.0	98.9	24.0
Clo1313_1105	883109.HMPREF0380_01456	1150.0	26.2	8	54	232	274	36.2	66.2	15.2
Clo1313_1106	203119.Cthe_1107	0.0	1492.0	1	787	1	787	100.0	100.0	100.0
Clo1313_1107	203119.Cthe_1106	2.29e-252	692.0	1	351	1	351	99.7	100.0	100.0
Clo1313_1108	203119.Cthe_1105	1.26e-269	740.0	1	403	1	403	99.8	99.8	99.8
Clo1313_1109	203119.Cthe_1104	2.21e-55	179.0	1	165	1	175	59.3	98.2	99.4
Clo1313_1110	720554.Clocl_1394	6.41e-21	92.8	1	181	1	196	33.0	97.3	96.1
Clo1313_1111	720554.Clocl_1395	1.16e-43	150.0	4	182	3	184	44.5	97.8	98.4
Clo1313_1112	203119.Cthe_1101	9.33e-292	798.0	1	430	1	430	99.5	100.0	100.0
Clo1313_1113	720554.Clocl_1397	3.54e-12	69.3	6	160	3	178	30.5	89.6	87.6
Clo1313_1114	509191.AEDB02000081_gene2418	1.08e-115	379.0	3	849	3	859	32.1	99.8	99.8
Clo1313_1115	203119.Cthe_1098	7.79e-249	690.0	1	429	1	429	100.0	100.0	100.0
Clo1313_1116	203119.Cthe_1097	1.01e-176	493.0	1	257	1	257	99.6	100.0	100.0
Clo1313_1117	203119.Cthe_1096	1.04e-49	157.0	1	74	1	74	100.0	100.0	100.0
Clo1313_1118	203119.Cthe_1095	0.0	1457.0	1	808	1	808	99.9	100.0	100.0
Clo1313_1119	203119.Cthe_1094	0.0	1286.0	1	639	1	639	100.0	100.0	100.0
Clo1313_1120	203119.Cthe_1093	9.8e-198	548.0	1	285	1	285	100.0	100.0	100.0
Clo1313_1121	203119.Cthe_1092	7.72e-156	437.0	1	225	1	225	99.6	100.0	100.0
Clo1313_1122	203119.Cthe_1091	5.22e-267	744.0	1	524	1	524	98.7	100.0	100.0
Clo1313_1123	203119.Cthe_1090	2.41e-190	528.0	1	260	1	260	99.6	100.0	100.0
Clo1313_1124	203119.Cthe_1089	2.93e-51	162.0	1	88	1	88	100.0	100.0	100.0
Clo1313_1125	203119.Cthe_1088	1.77e-185	514.0	1	246	1	246	100.0	100.0	100.0
Clo1313_1126	720554.Clocl_1419	9.06e-32	113.0	3	86	4	86	61.9	96.6	95.4
Clo1313_1127	203119.Cthe_1086	3.75e-244	669.0	1	328	1	328	100.0	100.0	100.0
Clo1313_1128	203119.Cthe_1085	1.84e-298	815.0	1	430	1	430	99.8	100.0	100.0
Clo1313_1129	203119.Cthe_1084	4.29e-254	696.0	1	345	1	345	99.7	100.0	100.0
Clo1313_1130	203119.Cthe_1083	6.64e-260	711.0	1	349	1	349	100.0	100.0	100.0
Clo1313_1131	522772.Dacet_1122	30.1	31.2	17	36	217	236	70.0	23.5	6.8
Clo1313_1132	509191.AEDB02000017_gene169	1.43e-06	52.8	3	154	4	143	31.6	98.1	96.6
Clo1313_1133	203119.Cthe_1080	5.47e-76	226.0	1	107	1	107	100.0	100.0	100.0
Clo1313_1134	203119.Cthe_1079	0.0	1533.0	1	820	1	820	100.0	100.0	100.0
Clo1313_1135	203119.Cthe_1078	3.74e-73	219.0	1	105	1	105	100.0	100.0	100.0
Clo1313_1136	509191.AEDB02000017_gene173	8.65e-80	244.0	5	192	8	195	62.2	90.0	90.8
Clo1313_1137	203119.Cthe_1076	4.44e-161	452.0	1	237	1	237	99.6	100.0	100.0
Clo1313_1138	203119.Cthe_1075	3.65e-158	444.0	1	233	1	233	99.6	100.0	100.0
Clo1313_1139	203119.Cthe_1074	7.76e-233	640.0	1	320	1	320	100.0	100.0	100.0
Clo1313_1140	203119.Cthe_1073	1.26e-62	192.0	1	105	1	105	100.0	100.0	100.0
Clo1313_1141	203119.Cthe_1072	1.7e-280	767.0	1	398	1	398	100.0	100.0	100.0
Clo1313_1142	203119.Cthe_1071	2.45e-222	615.0	1	333	1	333	99.4	100.0	100.0
Clo1313_1143	203119.Cthe_1070	0.0	1341.0	1	733	1	733	99.9	100.0	100.0
Clo1313_1144	203119.Cthe_1069	1.37e-109	315.0	1	162	1	162	100.0	100.0	100.0
Clo1313_1145	203119.Cthe_1068	1.9e-86	254.0	1	128	1	128	100.0	100.0	100.0
Clo1313_1146	203119.Cthe_1067	1.42e-212	587.0	1	297	1	297	100.0	100.0	100.0
Clo1313_1147	720554.Clocl_1435	1.7e-12	61.6	1	43	1	43	67.4	91.5	91.5
Clo1313_1148	203119.Cthe_1066	6.35e-177	493.0	1	251	1	251	100.0	100.0	100.0
Clo1313_1149	203119.Cthe_1065	1.1e-157	442.0	1	220	1	220	100.0	100.0	100.0
Clo1313_1150	203119.Cthe_1064	6.33e-275	752.0	1	387	1	387	100.0	100.0	100.0
Clo1313_1151	203119.Cthe_1063	6.88e-277	758.0	1	392	1	392	99.7	100.0	100.0
Clo1313_1152	203119.Cthe_1062	0.0	900.0	1	474	8	481	100.0	100.0	98.5
Clo1313_1153	203119.Cthe_1061	7.49e-169	471.0	1	228	1	228	100.0	100.0	100.0
Clo1313_1154	203119.Cthe_1060	9.04e-231	635.0	1	327	1	327	100.0	100.0	100.0
Clo1313_1155	203119.Cthe_1058	6.96e-303	825.0	1	412	1	412	100.0	100.0	100.0
Clo1313_1156	203119.Cthe_1057	1.15e-35	121.0	1	64	1	64	100.0	100.0	100.0
Clo1313_1157	203119.Cthe_1056	0.0	1734.0	1	890	1	890	99.9	100.0	100.0
Clo1313_1158	203119.Cthe_1055	3.08e-285	780.0	1	402	1	402	100.0	100.0	100.0
Clo1313_1159	203119.Cthe_1054	1.48e-220	609.0	1	318	1	318	100.0	100.0	100.0
Clo1313_1160	203119.Cthe_1053	1.81e-225	621.0	1	317	1	317	100.0	100.0	100.0
Clo1313_1161	203119.Cthe_1052	1.13e-288	789.0	1	413	1	413	99.8	100.0	100.0
Clo1313_1162	203119.Cthe_1051	0.0	953.0	1	525	1	525	99.6	100.0	100.0
Clo1313_1163	203119.Cthe_1050	3.06e-240	661.0	1	349	1	349	100.0	100.0	100.0
Clo1313_1164	203119.Cthe_1049	3.05e-139	394.0	1	206	1	206	100.0	100.0	100.0
Clo1313_1165	203119.Cthe_1048	0.0	1002.0	1	511	1	511	99.8	100.0	100.0
Clo1313_1166	203119.Cthe_1047	9.74e-126	358.0	1	181	1	181	100.0	100.0	100.0
Clo1313_1167	203119.Cthe_1046	0.0	917.0	1	446	1	446	99.3	100.0	100.0
Clo1313_1168	1120968.AUBX01000010_gene783	9.61	33.5	36	69	168	199	52.9	31.5	6.5
Clo1313_1169	203122.Sde_2333	4.71	34.3	13	68	178	235	37.9	51.4	23.4
Clo1313_1170	1517681.HW45_07460	1.62	34.7	6	71	569	630	34.8	82.5	9.4
Clo1313_1171	203119.Cthe_1042	1.14e-123	352.0	1	179	1	179	100.0	100.0	100.0
Clo1313_1172	203119.Cthe_1041	0.0	908.0	1	466	1	466	99.6	100.0	100.0
Clo1313_1173	203119.Cthe_1040	4.59e-230	635.0	1	336	7	342	100.0	100.0	98.2
Clo1313_1174	203119.Cthe_1039	2.74e-48	155.0	1	89	27	115	98.9	100.0	77.4
Clo1313_1175	203119.Cthe_1038	1.16e-230	636.0	1	329	13	341	100.0	100.0	96.5
Clo1313_1176	203119.Cthe_1037	1.06e-195	543.0	1	282	1	282	100.0	100.0	100.0
Clo1313_1177	203119.Cthe_1036	3.92e-152	429.0	1	231	1	231	100.0	100.0	100.0
Clo1313_1178	203119.Cthe_1035	0.0	1271.0	1	663	1	663	99.8	100.0	100.0
Clo1313_1180	203119.Cthe_1034	4.42e-124	354.0	1	185	1	185	100.0	100.0	100.0
Clo1313_1181	203119.Cthe_1033	1.38e-59	184.0	1	95	1	95	100.0	100.0	100.0
Clo1313_1182	203119.Cthe_1032	0.0	945.0	1	486	1	486	99.8	100.0	100.0
Clo1313_1183	203119.Cthe_1031	0.0	939.0	1	477	1	477	100.0	100.0	100.0
Clo1313_1184	203119.Cthe_1030	1.23e-190	530.0	1	274	1	274	100.0	100.0	100.0
Clo1313_1185	203119.Cthe_1029	1.84e-241	665.0	1	358	1	358	99.2	100.0	100.0
Clo1313_1186	203119.Cthe_1028	1.04e-286	783.0	1	399	1	399	100.0	100.0	100.0
Clo1313_1187	203119.Cthe_1027	5.14e-121	345.0	1	167	1	167	100.0	100.0	100.0
Clo1313_1188	203119.Cthe_1026	2.63e-44	143.0	1	66	1	66	100.0	100.0	100.0
Clo1313_1189	203119.Cthe_1025	3.74e-316	861.0	1	440	6	445	100.0	100.0	98.9
Clo1313_1190	203119.Cthe_1024	5.67e-316	860.0	1	440	1	440	99.8	100.0	100.0
Clo1313_1191	203119.Cthe_1023	2.03e-145	410.0	1	216	4	219	100.0	100.0	98.6
Clo1313_1192	203119.Cthe_1022	5.49e-238	655.0	1	339	1	339	100.0	100.0	100.0
Clo1313_1193	203119.Cthe_1021	0.0	963.0	1	492	1	492	99.8	100.0	100.0
Clo1313_1194	203119.Cthe_1020	0.0	875.0	1	459	1	459	99.6	100.0	100.0
Clo1313_1195	203119.Cthe_1019	7.22e-237	651.0	1	327	1	327	99.4	100.0	100.0
Clo1313_1196	203119.Cthe_1018	3.83e-197	547.0	1	289	1	289	100.0	100.0	100.0
Clo1313_1197	203119.Cthe_1017	7.18e-57	177.0	1	98	3	100	100.0	100.0	98.0
Clo1313_1198	203119.Cthe_1016	1.79e-245	675.0	2	352	2	352	100.0	99.7	99.7
Clo1313_1199	203119.Cthe_1015	3.69e-92	270.0	1	140	1	140	100.0	100.0	100.0
Clo1313_1200	509191.AEDB02000108_gene1617	2.05e-25	95.9	1	70	1	70	64.3	100.0	100.0
Clo1313_1201	203119.Cthe_1014	0.0	1378.0	1	793	1	793	99.7	100.0	100.0
Clo1313_1202	203119.Cthe_1013	3.29e-164	470.0	1	360	1	360	98.3	100.0	100.0
Clo1313_1203	203119.Cthe_1012	7.3e-155	436.0	1	236	1	236	99.6	100.0	100.0
Clo1313_1204	203119.Cthe_1011	0.0	1060.0	1	551	1	551	100.0	100.0	100.0
Clo1313_1205	203119.Cthe_1010	5.75e-306	833.0	1	411	1	411	100.0	100.0	100.0
Clo1313_1206	203119.Cthe_1009	4.17e-149	419.0	1	212	1	212	100.0	100.0	100.0
Clo1313_1207	203119.Cthe_1008	3.87e-262	719.0	1	373	1	373	100.0	100.0	100.0
Clo1313_1208	203119.Cthe_1007	0.0	1204.0	1	614	1	614	99.8	100.0	100.0
Clo1313_1209	203119.Cthe_1006	1.22e-170	477.0	1	252	1	252	100.0	100.0	100.0
Clo1313_1210	203119.Cthe_1005	6.32e-141	399.0	1	215	1	215	100.0	100.0	100.0
Clo1313_1211	203119.Cthe_1004	8e-163	456.0	1	235	1	235	100.0	100.0	100.0
Clo1313_1212	203119.Cthe_1003	4.09e-119	341.0	1	183	1	183	99.5	100.0	100.0
Clo1313_1213	509191.AEDB02000108_gene1594	3.18e-09	54.7	1	66	1	66	39.4	100.0	100.0
Clo1313_1214	203119.Cthe_1001	1.98e-185	514.0	1	252	1	252	100.0	100.0	100.0
Clo1313_1215	203119.Cthe_1000	5.62e-189	526.0	2	278	2	278	100.0	99.6	99.6
Clo1313_1216	203119.Cthe_0999	1.81e-255	702.0	1	381	1	381	100.0	100.0	100.0
Clo1313_1217	203119.Cthe_0998	5.84e-292	798.0	1	424	1	424	100.0	100.0	100.0
Clo1313_1218	203119.Cthe_0997	4.22e-244	671.0	1	352	1	352	100.0	100.0	100.0
Clo1313_1219	203119.Cthe_0996	0.0	2831.0	1	1442	1	1442	99.9	100.0	100.0
Clo1313_1221	203119.Cthe_0995	2.71e-103	299.0	1	154	1	154	100.0	100.0	100.0
Clo1313_1222	203119.Cthe_0994	1.04e-268	738.0	1	387	1	387	100.0	95.8	95.8
Clo1313_1223	203119.Cthe_0993	4.54e-59	182.0	1	92	1	92	100.0	100.0	100.0
Clo1313_1224	203119.Cthe_0992	1.63e-75	226.0	1	117	1	117	100.0	100.0	100.0
Clo1313_1225	203119.Cthe_0991	0.0	1698.0	1	1035	1	1035	99.2	100.0	100.0
Clo1313_1226	203119.Cthe_0990	6.23e-76	227.0	1	123	1	123	99.2	100.0	100.0
Clo1313_1227	203119.Cthe_0989	1.61e-224	619.0	1	318	1	318	100.0	100.0	100.0
Clo1313_1228	203119.Cthe_0988	3.89e-210	581.0	1	297	1	297	100.0	100.0	100.0
Clo1313_1229	203119.Cthe_0987	1.43e-224	619.0	1	312	1	312	100.0	100.0	100.0
Clo1313_1230	720554.Clocl_2448	0.00018	42.0	1	55	1	57	46.7	100.0	98.3
Clo1313_1231	203119.Cthe_0986	9.28e-308	839.0	1	430	1	430	100.0	100.0	100.0
Clo1313_1232	203119.Cthe_0985	3.5e-310	845.0	1	425	3	427	100.0	100.0	99.5
Clo1313_1233	203119.Cthe_0984	3.85e-233	641.0	1	320	1	320	100.0	100.0	100.0
Clo1313_1234	720554.Clocl_2430	3.84e-14	66.2	3	48	4	49	67.4	92.0	76.7
Clo1313_1235	203119.Cthe_0983	3.02e-256	704.0	1	376	1	376	100.0	100.0	100.0
Clo1313_1236	203119.Cthe_0982	2.69e-98	285.0	2	144	1	143	99.3	99.3	100.0
Clo1313_1237	203119.Cthe_0981	2.43e-212	588.0	1	313	1	313	99.7	100.0	100.0
Clo1313_1238	203119.Cthe_0980	3.63e-105	304.0	1	162	1	162	100.0	100.0	100.0
Clo1313_1239	203119.Cthe_0979	0.0	1410.0	2	723	2	723	100.0	99.9	99.9
Clo1313_1240	203119.Cthe_0978	0.0	972.0	1	485	1	485	100.0	100.0	100.0
Clo1313_1241	203119.Cthe_0977	0.0	885.0	1	457	1	457	100.0	100.0	100.0
Clo1313_1242	203119.Cthe_0976	1.05e-230	635.0	1	328	3	330	100.0	100.0	99.4
Clo1313_1243	203119.Cthe_0975	1.31e-265	728.0	1	383	1	383	100.0	100.0	100.0
Clo1313_1244	203119.Cthe_0974	9.08e-259	710.0	1	369	1	369	99.7	100.0	100.0
Clo1313_1245	203119.Cthe_0973	2.17e-81	241.0	1	124	1	124	100.0	100.0	100.0
Clo1313_1246	558169.AGAV01000025_gene73	0.0989	41.6	14	121	267	374	30.3	53.5	26.7
Clo1313_1248	1144307.PMI04_04424	1.04e-290	794.0	1	407	1	407	100.0	100.0	100.0
Clo1313_1249	203119.Cthe_0968	0.0	1390.0	1	706	1	706	100.0	100.0	100.0
Clo1313_1250	1185653.A1A1_12662	0.000474	47.0	52	143	9	91	31.5	63.9	22.7
Clo1313_1251	203119.Cthe_0965	4.15e-120	343.0	1	176	1	176	99.4	100.0	100.0
Clo1313_1252	203119.Cthe_0964	6.68e-103	298.0	1	152	1	152	100.0	100.0	100.0
Clo1313_1253	203119.Cthe_0963	9.74e-177	493.0	1	252	1	252	100.0	100.0	100.0
Clo1313_1254	203119.Cthe_0962	7.26e-208	575.0	1	292	1	292	100.0	100.0	100.0
Clo1313_1255	203119.Cthe_0961	8.51e-243	666.0	1	332	1	332	100.0	100.0	100.0
Clo1313_1256	203119.Cthe_0960	0.0	1113.0	1	570	1	570	99.6	100.0	100.0
Clo1313_1257	203119.Cthe_0959	1.13e-247	679.0	1	341	1	341	100.0	100.0	100.0
Clo1313_1258	203119.Cthe_0958	3.03e-280	764.0	1	374	1	374	99.7	100.0	100.0
Clo1313_1259	203119.Cthe_0957	1.52e-58	181.0	1	99	1	99	100.0	100.0	100.0
Clo1313_1260	203119.Cthe_0956	8.7e-115	328.0	1	157	1	157	100.0	100.0	100.0
Clo1313_1261	203119.Cthe_0955	4.71e-84	249.0	1	136	1	136	100.0	100.0	100.0
Clo1313_1262	203119.Cthe_0954	8.62e-126	358.0	1	184	1	184	100.0	100.0	100.0
Clo1313_1263	1443122.Z958_06465	856.0	25.4	6	31	17	42	46.2	55.3	9.2
Clo1313_1264	203119.Cthe_0953	1.11e-212	588.0	1	312	1	312	100.0	100.0	100.0
Clo1313_1265	203119.Cthe_0952	1.33e-310	846.0	3	428	1	426	99.8	99.5	100.0
Clo1313_1266	203119.Cthe_0951	1.82e-228	629.0	1	314	1	314	100.0	100.0	100.0
Clo1313_1267	203119.Cthe_0950	3.46e-266	728.0	1	357	1	357	100.0	100.0	100.0
Clo1313_1268	203119.Cthe_0949	0.0	2080.0	1	1072	1	1072	100.0	100.0	100.0
Clo1313_1269	203119.Cthe_0948	1.45e-187	521.0	1	261	1	261	99.6	100.0	100.0
Clo1313_1270	203119.Cthe_0947	4.75e-216	597.0	1	307	1	307	100.0	100.0	100.0
Clo1313_1271	203119.Cthe_0946	2.07e-173	483.0	1	233	1	233	100.0	100.0	100.0
Clo1313_1272	203119.Cthe_0945	9.51e-239	656.0	1	330	1	330	100.0	100.0	100.0
Clo1313_1273	203119.Cthe_0944	1.46e-205	585.0	1	483	1	483	100.0	100.0	100.0
Clo1313_1274	203119.Cthe_0943	5.77e-24	93.2	1	83	1	83	100.0	100.0	100.0
Clo1313_1275	203119.Cthe_0942	0.0	879.0	1	453	1	453	99.8	100.0	100.0
Clo1313_1276	203119.Cthe_0941	1.75e-133	379.0	1	205	1	205	100.0	100.0	100.0
Clo1313_1277	381046.XP_002554025.1	17.6	33.9	92	146	338	391	34.5	37.7	7.2
Clo1313_1278	1408813.AYMG01000014_gene1599	0.0383	42.0	9	159	178	311	27.8	91.0	40.9
Clo1313_1279	203119.Cthe_0938	3.69e-116	334.0	1	182	7	188	100.0	100.0	96.8
Clo1313_1280	203119.Cthe_0937	3.04e-235	648.0	1	339	1	339	99.7	100.0	100.0
Clo1313_1281	203119.Cthe_0936	1.59e-242	665.0	1	331	1	331	99.7	100.0	100.0
Clo1313_1282	203119.Cthe_0935	3.08e-214	592.0	1	311	1	311	100.0	100.0	100.0
Clo1313_1283	203119.Cthe_0934	9.69e-170	474.0	1	247	1	247	100.0	100.0	100.0
Clo1313_1284	203119.Cthe_0933	2.58e-41	136.0	1	74	1	74	100.0	100.0	100.0
Clo1313_1285	203119.Cthe_0932	5.06e-300	818.0	1	411	1	411	100.0	100.0	100.0
Clo1313_1286	203119.Cthe_0931	8.64e-163	456.0	1	236	1	236	100.0	100.0	100.0
Clo1313_1287	203119.Cthe_0930	7.02e-245	672.0	1	338	1	338	100.0	100.0	100.0
Clo1313_1288	203119.Cthe_0929	2.44e-49	157.0	1	86	1	86	100.0	100.0	100.0
Clo1313_1289	203119.Cthe_0928	1.07e-240	662.0	2	340	2	340	100.0	99.7	99.7
Clo1313_1290	203119.Cthe_0927	0.0	1918.0	1	1190	1	1190	99.8	100.0	100.0
Clo1313_1291	203119.Cthe_0926	1.39e-201	560.0	1	302	1	302	100.0	100.0	100.0
Clo1313_1292	203119.Cthe_0925	1.4e-153	431.0	1	215	1	215	99.5	100.0	100.0
Clo1313_1293	203119.Cthe_0924	1.24e-176	491.0	1	237	1	237	100.0	100.0	100.0
Clo1313_1294	203119.Cthe_0923	9.1e-189	523.0	1	257	1	257	100.0	100.0	100.0
Clo1313_1295	203119.Cthe_0922	3.7e-239	657.0	1	329	6	334	100.0	100.0	98.5
Clo1313_1296	203119.Cthe_0921	3.19e-33	114.0	1	57	6	62	98.2	100.0	91.9
Clo1313_1297	509191.AEDB02000084_gene5170	5.13e-54	199.0	70	339	1005	1296	40.1	79.6	3.4
Clo1313_1298	203119.Cthe_0585	4.39e-210	584.0	1	291	93	383	100.0	100.0	76.0
Clo1313_1299	509191.AEDB02000084_gene5170	3.13e-61	220.0	1	356	929	1324	36.8	99.7	4.7
Clo1313_1300	1410666.JHXG01000006_gene1872	1.2e-91	342.0	578	1935	385	1910	24.7	67.5	64.3
Clo1313_1301	203119.Cthe_0917	0.0	1188.0	1	580	1	580	100.0	100.0	100.0
Clo1313_1302	203119.Cthe_0916	7.4e-227	623.0	1	294	1	294	100.0	100.0	100.0
Clo1313_1303	203119.Cthe_0915	9.03e-277	758.0	1	400	1	400	99.5	100.0	100.0
Clo1313_1304	203119.Cthe_0914	0.0	1483.0	1	844	1	850	99.1	100.0	100.0
Clo1313_1305	203119.Cthe_0912	0.0	2104.0	1	1077	1	1077	100.0	100.0	100.0
Clo1313_1306	203119.Cthe_0911	3.6e-206	569.0	1	279	1	279	99.3	100.0	100.0
Clo1313_1308	203119.Cthe_0910	0.0	1112.0	8	562	1	555	99.5	98.8	100.0
Clo1313_1309	203119.Cthe_0909	4.36e-103	298.0	1	151	1	151	100.0	100.0	100.0
Clo1313_1310	203119.Cthe_0908	1.04e-217	600.0	1	303	1	303	100.0	100.0	100.0
Clo1313_1311	203119.Cthe_0907	5.26e-20	80.5	1	46	1	46	100.0	100.0	100.0
Clo1313_1312	203119.Cthe_0906	0.0	927.0	1	450	1	450	100.0	100.0	100.0
Clo1313_1313	203119.Cthe_0905	9.03e-153	429.0	1	221	1	221	100.0	100.0	100.0
Clo1313_1314	203119.Cthe_0904	1.17e-304	832.0	1	445	1	445	99.8	100.0	100.0
Clo1313_1315	203119.Cthe_0903	5.79e-202	562.0	1	318	1	318	100.0	100.0	100.0
Clo1313_1316	203119.Cthe_0902	3.18e-202	560.0	1	283	1	283	100.0	100.0	100.0
Clo1313_1317	203119.Cthe_0901	1.14e-194	540.0	1	281	1	281	100.0	100.0	100.0
Clo1313_1318	203119.Cthe_0900	1.07e-82	244.0	1	126	1	126	100.0	100.0	100.0
Clo1313_1319	203119.Cthe_0899	2.03e-52	165.0	1	90	1	90	100.0	100.0	100.0
Clo1313_1320	203119.Cthe_0898	4.05e-243	668.0	1	345	1	345	99.7	100.0	100.0
Clo1313_1321	203119.Cthe_0897	2.32e-235	647.0	1	331	1	331	99.4	100.0	100.0
Clo1313_1323	203119.Cthe_0896	0.0	1154.0	1	600	1	600	100.0	100.0	100.0
Clo1313_1324	203119.Cthe_0895	9.14e-242	666.0	1	358	1	358	99.2	100.0	100.0
Clo1313_1325	203119.Cthe_0894	1.91e-42	139.0	1	72	1	72	100.0	100.0	100.0
Clo1313_1326	218851.Aquca_077_00050.1	4.26	32.3	31	55	367	391	60.0	44.6	2.8
Clo1313_1327	203119.Cthe_0893	2.31e-166	465.0	1	234	1	234	100.0	100.0	100.0
Clo1313_1328	203119.Cthe_0892	3.88e-264	723.0	1	368	1	368	100.0	100.0	100.0
Clo1313_1329	203119.Cthe_0891	1.66e-96	281.0	1	147	1	147	100.0	100.0	100.0
Clo1313_1330	203119.Cthe_0890	5.65e-151	425.0	1	220	1	220	100.0	100.0	100.0
Clo1313_1331	203119.Cthe_0889	3.68e-199	556.0	1	329	1	329	99.7	100.0	100.0
Clo1313_1332	203119.Cthe_0888	2.8e-164	459.0	1	232	2	233	100.0	100.0	99.6
Clo1313_1333	720554.Clocl_2646	2.35e-08	52.4	3	48	3	48	47.8	65.7	83.6
Clo1313_1334	203119.Cthe_0886	0.0	1729.0	1	894	1	894	100.0	100.0	100.0
Clo1313_1335	203119.Cthe_0885	9.96e-135	382.0	1	195	1	195	99.5	100.0	100.0
Clo1313_1336	203119.Cthe_0884	2.67e-131	372.0	1	188	1	188	99.5	100.0	100.0
Clo1313_1337	203119.Cthe_0883	1.4e-100	291.0	1	139	1	139	100.0	100.0	100.0
Clo1313_1338	203119.Cthe_0882	3.48e-192	535.0	2	296	2	296	100.0	99.7	99.7
Clo1313_1339	203119.Cthe_0881	4.8e-253	696.0	1	376	1	376	100.0	100.0	100.0
Clo1313_1340	203119.Cthe_0880	2.16e-239	658.0	1	338	1	338	100.0	100.0	100.0
Clo1313_1341	203119.Cthe_0878	2.08e-105	307.0	1	192	1	192	100.0	100.0	100.0
Clo1313_1342	203119.Cthe_0877	5.64e-255	700.0	1	364	1	364	100.0	100.0	100.0
Clo1313_1343	203119.Cthe_0876	1.61e-308	841.0	1	430	1	430	100.0	100.0	100.0
Clo1313_1344	203119.Cthe_0875	0.0	983.0	1	494	1	494	100.0	100.0	100.0
Clo1313_1345	203119.Cthe_0874	1.45e-140	397.0	1	196	1	196	99.5	100.0	97.5
Clo1313_1346	203119.Cthe_0873	2.85e-243	669.0	1	345	1	345	100.0	100.0	100.0
Clo1313_1347	203119.Cthe_0872	7.66e-178	496.0	1	260	1	260	100.0	100.0	100.0
Clo1313_1348	203119.Cthe_0871	2.92e-152	428.0	1	218	1	218	100.0	100.0	100.0
Clo1313_1349	203119.Cthe_0870	9.24e-140	394.0	1	195	1	195	99.5	100.0	100.0
Clo1313_1350	1265756.AWZW01000008_gene886	14.9	30.8	20	45	140	165	42.3	46.4	5.2
Clo1313_1351	203119.Cthe_0869	5.04e-155	435.0	1	222	1	222	100.0	100.0	100.0
Clo1313_1352	203119.Cthe_0868	5.9e-170	474.0	1	236	1	236	100.0	100.0	100.0
Clo1313_1353	203119.Cthe_0867	1.21e-32	114.0	1	68	1	68	100.0	100.0	100.0
Clo1313_1354	203119.Cthe_0866	1.74e-246	677.0	7	352	1	346	100.0	98.3	100.0
Clo1313_1355	203119.Cthe_0865	8.09e-183	508.0	1	248	1	248	100.0	100.0	100.0
Clo1313_1356	203119.Cthe_0864	3.04e-124	354.0	3	181	1	179	100.0	98.9	100.0
Clo1313_1357	203119.Cthe_0863	0.0	1392.0	1	705	1	705	100.0	100.0	100.0
Clo1313_1358	203119.Cthe_0862	1.58e-52	167.0	1	106	1	106	100.0	100.0	100.0
Clo1313_1359	203119.Cthe_0861	1.62e-277	758.0	1	378	1	378	100.0	100.0	100.0
Clo1313_1360	203119.Cthe_0860	2.39e-122	352.0	1	178	1	178	100.0	74.5	90.4
Clo1313_1361	1121324.CLIT_11c01090	0.345	38.9	156	179	156	179	70.8	13.3	13.4
Clo1313_1362	203119.Cthe_0858	2.95e-154	442.0	1	329	1	329	99.7	100.0	100.0
Clo1313_1363	203119.Cthe_0857	6.41e-95	278.0	1	163	1	163	99.4	100.0	100.0
Clo1313_1364	203119.Cthe_0856	8.79e-264	721.0	1	356	1	356	100.0	100.0	100.0
Clo1313_1365	203119.Cthe_0855	2.08e-111	320.0	1	167	1	167	100.0	100.0	100.0
Clo1313_1366	203119.Cthe_0854	1.35e-206	572.0	1	298	1	298	100.0	100.0	100.0
Clo1313_1367	203119.Cthe_0853	0.0	1048.0	1	561	1	561	100.0	100.0	100.0
Clo1313_1368	203119.Cthe_0852	2.62e-200	555.0	1	281	1	281	99.6	100.0	100.0
Clo1313_1369	203119.Cthe_0851	2.7e-56	175.0	1	88	1	88	100.0	100.0	100.0
Clo1313_1370	509191.AEDB02000109_gene5013	4.45e-147	421.0	4	285	3	284	69.9	95.3	97.9
Clo1313_1371	203119.Cthe_0849	2.21e-94	275.0	1	142	1	142	100.0	100.0	100.0
Clo1313_1372	203119.Cthe_0848	1.03e-243	671.0	1	359	1	359	99.7	100.0	100.0
Clo1313_1373	203119.Cthe_0847	2.58e-132	375.0	1	185	1	185	100.0	100.0	100.0
Clo1313_1374	203119.Cthe_0846	2.95e-87	257.0	1	136	1	136	100.0	100.0	100.0
Clo1313_1375	203119.Cthe_2031	5.43e-114	326.0	1	158	1	158	99.4	100.0	100.0
Clo1313_1376	203119.Cthe_0845	4.17e-236	650.0	1	336	1	336	100.0	100.0	100.0
Clo1313_1377	203119.Cthe_0844	8.06e-112	322.0	1	173	1	173	100.0	100.0	100.0
Clo1313_1378	203119.Cthe_0843	1.52e-31	110.0	1	64	1	64	100.0	100.0	100.0
Clo1313_1379	203119.Cthe_0842	6.56e-74	223.0	1	129	1	129	100.0	100.0	100.0
Clo1313_1380	203119.Cthe_0841	1.17e-256	708.0	1	409	1	409	100.0	100.0	100.0
Clo1313_1381	203119.Cthe_0840	2.99e-132	377.0	1	210	1	210	100.0	100.0	100.0
Clo1313_1382	203119.Cthe_0839	1.96e-115	334.0	1	207	1	207	100.0	100.0	100.0
Clo1313_1383	203119.Cthe_0838	1.9e-126	362.0	1	215	1	215	100.0	100.0	100.0
Clo1313_1384	203119.Cthe_0837	1.41e-84	250.0	1	134	1	134	99.3	100.0	100.0
Clo1313_1385	203119.Cthe_0836	2.99e-116	334.0	1	182	1	182	100.0	100.0	100.0
Clo1313_1386	203119.Cthe_0835	5.3e-48	153.0	1	77	8	84	100.0	100.0	91.7
Clo1313_1387	203119.Cthe_0834	6.79e-95	277.0	1	145	1	145	100.0	100.0	100.0
Clo1313_1388	203119.Cthe_0833	1.56e-294	804.0	1	411	1	411	100.0	100.0	100.0
Clo1313_1389	203119.Cthe_0832	6.03e-45	145.0	1	80	1	80	100.0	100.0	100.0
Clo1313_1390	203119.Cthe_0831	2.33e-204	566.0	4	298	1	295	99.3	99.0	100.0
Clo1313_1391	203119.Cthe_0830	6.99e-94	275.0	2	148	2	148	100.0	99.3	99.3
Clo1313_1392	203119.Cthe_0829	1.08e-143	408.0	1	242	1	242	99.6	100.0	100.0
Clo1313_1393	203119.Cthe_0828	0.0	1231.0	1	627	1	627	99.8	100.0	100.0
Clo1313_1394	203119.Cthe_0827	1.01e-187	522.0	1	270	1	270	99.6	100.0	100.0
Clo1313_1395	1233951.IO90_03610	11.1	36.2	12	83	414	494	38.6	27.6	15.8
Clo1313_1396	203119.Cthe_0825	0.0	1253.0	1	620	1	620	99.7	95.5	95.5
Clo1313_1397	203119.Cthe_0824	0.0	1151.0	1	591	1	591	99.8	100.0	100.0
Clo1313_1398	203119.Cthe_0821	0.0	1089.0	1	558	1	558	99.5	100.0	100.0
Clo1313_1399	1160721.RBI_II00110	638.0	28.9	93	117	323	347	44.0	18.9	5.6
Clo1313_1400	1443122.Z958_12620	0.0125	47.8	223	462	232	461	26.5	35.8	35.5
Clo1313_1401	203119.Cthe_0819	1.07e-202	561.0	1	287	1	287	100.0	100.0	100.0
Clo1313_1402	1367491.BN865_09580c	1.13	37.0	132	216	14	83	31.4	37.9	61.9
Clo1313_1404	203119.Cthe_0817	0.0	3469.0	1	1826	1	1826	99.9	100.0	100.0
Clo1313_1405	203119.Cthe_0816	2.62e-204	565.0	1	289	1	289	100.0	100.0	100.0
Clo1313_1406	203119.Cthe_0815	9.44e-99	287.0	1	153	1	153	100.0	100.0	100.0
Clo1313_1407	203119.Cthe_0814	0.0	959.0	1	570	1	570	99.5	100.0	100.0
Clo1313_1408	203119.Cthe_0813	6.38e-314	856.0	1	446	1	446	99.6	100.0	100.0
Clo1313_1409	203119.Cthe_0812	1.89e-187	521.0	1	269	1	269	99.6	100.0	100.0
Clo1313_1410	203119.Cthe_0811	1.39e-76	228.0	1	117	1	117	99.1	100.0	100.0
Clo1313_1411	203119.Cthe_0810	0.0	1355.0	1	715	1	715	99.7	100.0	100.0
Clo1313_1412	203119.Cthe_0809	1.27e-110	318.0	1	163	1	163	100.0	100.0	100.0
Clo1313_1413	203119.Cthe_0808	8.79e-199	550.0	1	272	1	272	100.0	100.0	100.0
Clo1313_1414	203119.Cthe_0807	1.71e-242	667.0	1	344	4	347	100.0	100.0	99.1
Clo1313_1415	203119.Cthe_0806	0.0	1720.0	1	902	1	902	100.0	100.0	100.0
Clo1313_1416	203119.Cthe_0805	1.16e-93	273.0	1	136	1	136	100.0	100.0	100.0
Clo1313_1417	203119.Cthe_0804	1.72e-128	365.0	1	190	1	190	99.5	100.0	100.0
Clo1313_1418	203119.Cthe_0803	9.05e-231	635.0	1	318	1	318	99.7	100.0	100.0
Clo1313_1419	720554.Clocl_1661	0.00477	42.0	8	76	206	271	40.6	80.2	23.0
Clo1313_1420	1463841.JOIR01000014_gene1338	5.84	32.0	1	54	50	100	42.6	94.7	20.4
Clo1313_1421	1144307.PMI04_04424	1.04e-290	794.0	1	407	1	407	100.0	100.0	100.0
Clo1313_1422	203119.Cthe_0800	2.4e-278	762.0	1	403	1	403	100.0	100.0	100.0
Clo1313_1423	203119.Cthe_0799	1.56e-155	437.0	1	225	1	225	100.0	100.0	100.0
Clo1313_1424	203119.Cthe_0798	0.0	1001.0	1	505	1	505	100.0	95.6	95.6
Clo1313_1425	203119.Cthe_0797	0.0	1560.0	2	814	2	814	99.9	99.9	99.9
Clo1313_1426	203119.Cthe_0795	0.0	1201.0	1	575	1	575	99.7	100.0	100.0
Clo1313_1427	203119.Cthe_0794	1.5e-313	853.0	1	430	1	430	99.8	100.0	100.0
Clo1313_1428	203119.Cthe_0793	1.67e-290	795.0	1	422	1	422	100.0	100.0	100.0
Clo1313_1429	203119.Cthe_0792	5e-161	451.0	1	234	1	234	100.0	100.0	100.0
Clo1313_1430	203119.Cthe_0791	7.41e-97	283.0	1	155	1	155	100.0	100.0	100.0
Clo1313_1431	203119.Cthe_0790	2.93e-56	175.0	1	94	1	94	100.0	100.0	100.0
Clo1313_1432	203119.Cthe_0789	2.21e-183	510.0	1	263	1	263	100.0	100.0	100.0
Clo1313_1433	203119.Cthe_0788	5.65e-96	280.0	1	154	1	154	100.0	100.0	100.0
Clo1313_1434	203119.Cthe_0787	0.0	1929.0	1	931	1	931	100.0	100.0	100.0
Clo1313_1435	203119.Cthe_0786	1.83e-258	708.0	1	360	1	360	99.7	100.0	100.0
Clo1313_1436	203119.Cthe_0785	6.65e-67	202.0	1	100	1	100	100.0	100.0	100.0
Clo1313_1437	203119.Cthe_0784	7.3e-212	585.0	1	291	1	291	99.3	100.0	100.0
Clo1313_1438	203119.Cthe_0783	0.0	959.0	1	480	1	480	99.8	100.0	100.0
Clo1313_1439	1499967.BAYZ01000090_gene4976	1.05e-24	110.0	76	388	18	322	28.6	80.3	93.6
Clo1313_1440	1122915.AUGY01000004_gene5433	3.94e-46	180.0	273	706	120	552	30.0	61.4	78.3
Clo1313_1441	203119.Cthe_0781	1.05e-113	326.0	1	162	1	162	100.0	100.0	100.0
Clo1313_1442	203119.Cthe_0780	4.84e-160	448.0	1	227	1	227	99.1	100.0	100.0
Clo1313_1443	203119.Cthe_0779	0.0	892.0	1	450	1	450	99.8	100.0	100.0
Clo1313_1444	203119.Cthe_0778	1.74e-83	247.0	1	130	1	130	100.0	100.0	100.0
Clo1313_1445	203119.Cthe_0777	0.0	1686.0	1	870	1	870	100.0	100.0	100.0
Clo1313_1446	203119.Cthe_0776	0.0	1322.0	1	755	1	755	99.5	100.0	100.0
Clo1313_1447	203119.Cthe_0775	5.56e-218	602.0	2	313	2	313	99.7	99.7	99.7
Clo1313_1448	203119.Cthe_0774	1.34e-51	162.0	1	82	1	82	98.8	100.0	100.0
Clo1313_1449	203119.Cthe_0773	1.06e-147	416.0	1	213	1	213	100.0	100.0	100.0
Clo1313_1450	509191.AEDB02000003_gene1050	3.73e-34	120.0	1	95	23	116	60.0	100.0	81.0
Clo1313_1451	203119.Cthe_0771	3.16e-73	220.0	1	117	1	117	100.0	100.0	100.0
Clo1313_1452	203119.Cthe_0770	1.03e-287	790.0	1	446	1	446	100.0	100.0	100.0
Clo1313_1453	203119.Cthe_0769	2.95e-50	159.0	1	81	1	81	100.0	100.0	100.0
Clo1313_1454	203119.Cthe_0768	4.38e-43	140.0	1	76	1	76	100.0	100.0	100.0
Clo1313_1455	203119.Cthe_0767	1.06e-121	347.0	1	174	1	174	99.4	100.0	100.0
Clo1313_1456	203119.Cthe_0766	9.4e-177	492.0	1	247	1	247	100.0	100.0	100.0
Clo1313_1457	203119.Cthe_0765	1.72e-71	215.0	1	114	1	114	99.1	100.0	100.0
Clo1313_1458	203119.Cthe_0764	1.24e-159	447.0	1	221	1	221	100.0	100.0	100.0
Clo1313_1459	203119.Cthe_0763	2.25e-206	571.0	1	291	1	291	100.0	100.0	100.0
Clo1313_1460	203119.Cthe_0762	1.1e-151	426.0	1	217	1	217	100.0	100.0	100.0
Clo1313_1461	203119.Cthe_0761	8.39e-179	498.0	6	261	1	256	100.0	98.1	100.0
Clo1313_1462	203119.Cthe_0760	0.0	1025.0	1	544	1	544	99.6	100.0	100.0
Clo1313_1463	203119.Cthe_0759	1.83e-59	183.0	1	94	1	94	100.0	100.0	100.0
Clo1313_1464	203119.Cthe_0758	1.55e-86	254.0	1	130	1	130	100.0	100.0	100.0
Clo1313_1465	203119.Cthe_0757	6.15e-159	445.0	2	224	1	223	99.6	99.6	100.0
Clo1313_1466	203119.Cthe_0756	3.4e-227	625.0	1	311	1	311	100.0	100.0	100.0
Clo1313_1467	203119.Cthe_0755	1.91e-280	767.0	1	395	1	395	100.0	100.0	100.0
Clo1313_1468	203119.Cthe_0754	5.97e-204	563.0	1	277	1	277	100.0	100.0	100.0
Clo1313_1469	1329516.JPST01000024_gene2137	13.9	35.0	139	188	496	544	36.0	26.2	8.6
Clo1313_1470	1123288.SOV_1c06440	1.47e-05	48.5	14	50	15	51	59.5	50.0	12.8
Clo1313_1471	203119.Cthe_0751	2.05e-126	359.0	1	179	1	179	100.0	100.0	100.0
Clo1313_1472	203119.Cthe_0750	4.47e-255	699.0	2	352	2	352	100.0	99.7	99.7
Clo1313_1473	203119.Cthe_0749	1.01e-185	517.0	1	275	1	275	100.0	100.0	100.0
Clo1313_1474	203119.Cthe_0748	8.21e-175	489.0	1	264	1	264	100.0	100.0	100.0
Clo1313_1475	203119.Cthe_0747	4.17e-261	714.0	1	354	1	354	100.0	100.0	100.0
Clo1313_1476	203119.Cthe_0746	1.52e-137	389.0	1	202	1	202	99.0	100.0	100.0
Clo1313_1477	203119.Cthe_0745	0.0	1428.0	1	699	1	699	100.0	95.8	95.8
Clo1313_1478	203119.Cthe_0744	0.0	1614.0	1	950	1	950	100.0	100.0	100.0
Clo1313_1479	203119.Cthe_0743	0.0	931.0	1	484	1	484	100.0	100.0	100.0
Clo1313_1480	1304880.JAGB01000003_gene1107	5.66e-15	74.3	33	126	24	115	37.2	69.1	60.9
Clo1313_1481	203119.Cthe_0741	0.0	915.0	1	475	1	475	99.8	100.0	100.0
Clo1313_1482	203119.Cthe_0740	8.66e-172	479.0	1	245	1	245	99.6	100.0	100.0
Clo1313_1483	203119.Cthe_0739	0.0	1161.0	1	574	1	574	100.0	100.0	100.0
Clo1313_1484	203119.Cthe_0738	6.78e-42	137.0	1	70	1	70	100.0	100.0	100.0
Clo1313_1485	509191.AEDB02000082_gene2512	5.09e-07	47.4	4	29	3	28	76.9	63.4	65.0
Clo1313_1486	203119.Cthe_0737	2.33e-149	420.0	1	209	1	209	99.5	100.0	100.0
Clo1313_1487	509191.AEDB02000088_gene2669	0.0	981.0	2	1305	4	1315	40.9	99.9	99.8
Clo1313_1488	720554.Clocl_2745	2.03e-43	163.0	108	261	33	187	49.7	57.5	25.0
Clo1313_1489	203119.Cthe_0734	4.45e-192	541.0	2	373	2	373	100.0	99.7	99.7
Clo1313_1490	509191.AEDB02000086_gene2777	3.74e-81	248.0	1	210	1	210	55.2	96.3	96.3
Clo1313_1491	203119.Cthe_0732	3.88e-284	776.0	1	394	1	394	100.0	100.0	100.0
Clo1313_1492	203119.Cthe_0731	2.84e-115	330.0	1	170	1	170	100.0	100.0	100.0
Clo1313_1493	203119.Cthe_0730	4.1e-152	428.0	1	227	1	227	99.6	100.0	100.0
Clo1313_1494	203119.Cthe_0729	1.17e-241	681.0	1	537	1	537	100.0	100.0	100.0
Clo1313_1495	203119.Cthe_0728	2.8e-231	637.0	1	330	1	330	100.0	100.0	100.0
Clo1313_1496	203119.Cthe_0727	1.87e-218	603.0	1	308	1	308	100.0	100.0	100.0
Clo1313_1497	203119.Cthe_0726	0.0	943.0	1	478	23	500	100.0	100.0	95.6
Clo1313_1498	203119.Cthe_0725	0.0	972.0	1	498	1	498	100.0	100.0	100.0
Clo1313_1499	203119.Cthe_0724	3.45e-197	545.0	1	265	1	265	100.0	100.0	100.0
Clo1313_1500	203119.Cthe_0723	9.03e-297	809.0	1	408	1	408	100.0	100.0	100.0
Clo1313_1501	203119.Cthe_0722	1.24e-260	714.0	1	359	1	359	100.0	100.0	100.0
Clo1313_1502	203119.Cthe_0721	1.93e-105	304.0	1	149	1	149	100.0	100.0	100.0
Clo1313_1503	203119.Cthe_0720	7.5e-282	770.0	1	394	1	394	100.0	100.0	100.0
Clo1313_1504	203119.Cthe_0719	1.05e-97	284.0	1	143	1	143	100.0	100.0	100.0
Clo1313_1505	720554.Clocl_1840	7.72e-48	154.0	1	92	4	95	79.3	96.8	96.8
Clo1313_1506	1291050.JAGE01000001_gene41	3.46e-07	49.3	2	44	10	52	58.1	84.3	51.8
Clo1313_1507	203119.Cthe_0717	6.64e-188	521.0	1	260	1	260	100.0	100.0	100.0
Clo1313_1508	203119.Cthe_0716	9.91e-95	276.0	1	136	1	136	100.0	100.0	100.0
Clo1313_1509	203119.Cthe_0715	4.04e-86	253.0	1	124	1	124	100.0	100.0	100.0
Clo1313_1510	203119.Cthe_0714	0.0	1310.0	1	694	1	694	99.9	100.0	100.0
Clo1313_1511	203119.Cthe_0713	5.09e-141	398.0	1	203	1	203	100.0	100.0	100.0
Clo1313_1512	203119.Cthe_0712	2.03e-152	429.0	1	227	1	227	100.0	100.0	100.0
Clo1313_1513	203119.Cthe_0711	1.9e-79	236.0	1	118	1	118	100.0	100.0	100.0
Clo1313_1514	203119.Cthe_0710	4.26e-93	272.0	1	144	1	144	98.6	100.0	100.0
Clo1313_1515	203119.Cthe_0709	1.53e-108	313.0	1	166	1	166	100.0	100.0	100.0
Clo1313_1516	203119.Cthe_0708	1e-289	791.0	1	409	1	409	100.0	100.0	100.0
Clo1313_1517	203119.Cthe_0707	2.61e-146	412.0	1	209	1	209	99.5	100.0	100.0
Clo1313_1518	203119.Cthe_0706	2.41e-205	569.0	1	299	1	299	100.0	100.0	100.0
Clo1313_1519	203119.Cthe_0705	1.47e-29	105.0	1	55	24	78	100.0	100.0	70.5
Clo1313_1520	203119.Cthe_0704	2.08e-164	458.0	1	215	1	215	100.0	100.0	100.0
Clo1313_1521	1121422.AUMW01000011_gene172	2.56e-09	57.0	4	80	54	125	44.2	96.3	57.6
Clo1313_1522	203119.Cthe_0702	1.29e-127	362.0	1	175	1	175	100.0	100.0	100.0
Clo1313_1523	203119.Cthe_0701	0.0	919.0	1	465	1	465	100.0	100.0	100.0
Clo1313_1524	203119.Cthe_0700	1.35e-56	179.0	1	104	1	104	99.0	78.8	78.8
Clo1313_1525	203119.Cthe_3326	5.12e-31	108.0	1	56	1	56	100.0	100.0	100.0
Clo1313_1526	203119.Cthe_0699	0.0	1003.0	1	516	1	516	100.0	100.0	100.0
Clo1313_1527	509191.AEDB02000003_gene1105	1.15e-80	249.0	13	241	13	241	54.1	93.9	93.9
Clo1313_1528	203119.Cthe_0696	3.94e-133	377.0	1	188	1	188	100.0	100.0	100.0
Clo1313_1529	203119.Cthe_0695	1.21e-209	579.0	1	289	1	289	100.0	100.0	100.0
Clo1313_1530	203119.Cthe_0694	8.48e-203	560.0	1	275	1	275	99.6	100.0	100.0
Clo1313_1531	203119.Cthe_0693	4.13e-167	467.0	1	239	1	239	100.0	100.0	100.0
Clo1313_1532	203119.Cthe_0691	1.48e-104	303.0	1	162	1	162	100.0	100.0	100.0
Clo1313_1533	509191.AEDB02000003_gene1097	1.17e-37	137.0	20	199	19	220	37.1	89.1	91.4
Clo1313_1534	203119.Cthe_0689	3e-133	377.0	1	189	1	189	100.0	100.0	100.0
Clo1313_1535	203119.Cthe_0688	1.25e-134	382.0	1	198	1	198	100.0	100.0	100.0
Clo1313_1536	203119.Cthe_0687	1.88e-180	503.0	1	264	1	264	99.6	100.0	100.0
Clo1313_1537	203119.Cthe_0686	2.3e-244	671.0	13	341	1	329	99.7	96.5	100.0
Clo1313_1538	203119.Cthe_0685	5.22e-153	430.0	1	223	1	223	100.0	100.0	100.0
Clo1313_1539	203119.Cthe_0684	0.0	1692.0	1	877	1	877	99.8	100.0	100.0
Clo1313_1540	203119.Cthe_0683	0.0	866.0	1	437	1	437	100.0	100.0	100.0
Clo1313_1541	203119.Cthe_0682	4.87e-234	644.0	2	325	2	325	100.0	99.7	99.7
Clo1313_1542	203119.Cthe_0681	0.0	981.0	1	497	1	497	100.0	100.0	100.0
Clo1313_1543	203119.Cthe_0680	2.13e-149	421.0	1	217	1	217	100.0	100.0	100.0
Clo1313_1544	203119.Cthe_0679	2.23e-279	765.0	2	404	2	404	99.8	99.8	99.8
Clo1313_1545	203119.Cthe_0678	5.82e-308	840.0	1	433	1	433	100.0	100.0	100.0
Clo1313_1546	203119.Cthe_0677	1.25e-286	782.0	1	388	1	388	100.0	100.0	100.0
Clo1313_1547	203119.Cthe_0676	1.02e-204	567.0	1	294	3	296	100.0	100.0	99.3
Clo1313_1548	203119.Cthe_0675	1.79e-120	346.0	26	209	1	184	100.0	88.0	100.0
Clo1313_1549	203119.Cthe_0674	7.4e-126	358.0	1	182	1	182	100.0	100.0	100.0
Clo1313_1550	203119.Cthe_0673	1.17e-105	304.0	1	147	1	147	100.0	100.0	100.0
Clo1313_1551	203119.Cthe_0672	1.23e-184	514.0	1	271	1	271	100.0	100.0	100.0
Clo1313_1552	203119.Cthe_0671	3.66e-108	311.0	1	159	1	159	100.0	100.0	100.0
Clo1313_1553	203119.Cthe_0670	2.97e-246	678.0	1	365	1	365	100.0	100.0	100.0
Clo1313_1554	755731.Clo1100_1551	0.000646	40.4	2	46	4	48	33.3	83.3	83.3
Clo1313_1555	203119.Cthe_0669	9.59e-304	829.0	1	436	1	436	100.0	100.0	100.0
Clo1313_1556	203119.Cthe_0668	4.57e-242	668.0	2	366	2	366	100.0	95.3	98.9
Clo1313_1557	203119.Cthe_0667	0.0	1117.0	1	589	1	589	99.8	100.0	100.0
Clo1313_1558	203119.Cthe_0666	2.44e-161	457.0	1	289	1	289	99.7	100.0	100.0
Clo1313_1559	203119.Cthe_0665	1.62e-210	584.0	1	322	1	322	100.0	100.0	100.0
Clo1313_1560	203119.Cthe_0664	8.2e-162	456.0	1	270	1	270	100.0	100.0	100.0
Clo1313_1561	203119.Cthe_0663	1e-131	374.0	1	189	1	189	100.0	100.0	100.0
Clo1313_1563	203119.Cthe_0661	0.0	900.0	2	545	2	545	99.8	95.3	95.3
Clo1313_1564	203119.Cthe_0660	0.0	1539.0	43	815	1	773	99.7	94.8	100.0
Clo1313_1565	203119.Cthe_0659	6.97e-89	262.0	34	162	1	129	100.0	79.6	100.0
Clo1313_1566	509191.AEDB02000003_gene1062	8.13e-58	186.0	1	183	1	191	46.6	100.0	100.0
Clo1313_1567	203119.Cthe_0657	1.58e-133	379.0	1	199	1	199	100.0	100.0	100.0
Clo1313_1568	509191.AEDB02000081_gene2463	1.04e-06	47.8	4	55	8	59	53.8	91.2	88.1
Clo1313_1569	203119.Cthe_0656	9.14e-263	720.0	1	368	1	368	100.0	100.0	100.0
Clo1313_1570	203119.Cthe_0655	9.73e-276	754.0	1	381	1	381	99.7	100.0	100.0
Clo1313_1571	203119.Cthe_0654	0.0	920.0	1	458	1	458	100.0	100.0	100.0
Clo1313_1572	203119.Cthe_0653	3.31e-52	164.0	1	87	1	87	100.0	100.0	100.0
Clo1313_1573	203119.Cthe_0652	2.03e-51	162.0	1	78	1	78	100.0	100.0	100.0
Clo1313_1574	720554.Clocl_0365	3.09e-24	106.0	1	214	177	393	35.0	95.5	53.8
Clo1313_1575	509191.AEDB02000033_gene5128	2.35e-10	65.9	3	140	14	147	26.8	83.1	35.0
Clo1313_1576	203119.Cthe_0650	2.71e-65	198.0	1	97	3	99	100.0	100.0	98.0
Clo1313_1577	1408324.JNJK01000005_gene995	3.22e-05	48.5	18	104	67	154	30.8	79.8	44.4
Clo1313_1578	203119.Cthe_0648	0.0	1102.0	1	546	1	546	100.0	100.0	100.0
Clo1313_1579	203119.Cthe_0647	1.51e-164	460.0	1	229	1	229	100.0	100.0	100.0
Clo1313_1580	203119.Cthe_0646	0.0	1444.0	1	696	1	696	100.0	100.0	100.0
Clo1313_1581	203119.Cthe_0645	0.0	1560.0	1	804	1	804	100.0	100.0	100.0
Clo1313_1582	203119.Cthe_0644	6.91e-149	419.0	1	214	1	214	100.0	100.0	100.0
Clo1313_1583	203119.Cthe_0643	1.31e-245	676.0	1	357	1	357	100.0	100.0	100.0
Clo1313_1584	203119.Cthe_0642	6.36e-34	116.0	1	61	1	61	100.0	100.0	100.0
Clo1313_1585	203119.Cthe_0641	1.08e-47	152.0	1	80	1	80	100.0	100.0	100.0
Clo1313_1586	1232449.BAHV02000021_gene1143	2.72	33.1	13	49	34	70	43.2	60.7	9.5
Clo1313_1587	203119.Cthe_0640	0.0	1142.0	1	550	1	550	100.0	94.5	94.5
Clo1313_1588	203119.Cthe_0639	5.54e-232	645.0	1	400	1	400	100.0	100.0	100.0
Clo1313_1589	203119.Cthe_0638	0.0	3068.0	1	1559	1	1559	100.0	100.0	100.0
Clo1313_1590	203119.Cthe_0637	6.94e-60	185.0	1	100	1	100	100.0	100.0	100.0
Clo1313_1591	203119.Cthe_0636	3.28e-52	164.0	1	82	1	82	100.0	100.0	100.0
Clo1313_1592	203119.Cthe_0635	1.23e-191	532.0	1	276	1	276	99.6	100.0	100.0
Clo1313_1593	203119.Cthe_0634	0.0	914.0	1	455	1	455	100.0	65.5	65.5
Clo1313_1594	720554.Clocl_3115	1.09e-19	87.8	1	138	1	140	39.0	85.7	83.8
Clo1313_1595	509191.AEDB02000073_gene1848	5.31e-30	115.0	1	135	1	149	42.0	67.5	100.0
Clo1313_1596	203119.Cthe_3321	1.72e-40	134.0	1	71	1	71	100.0	100.0	100.0
Clo1313_1597	203119.Cthe_0631	1.44e-199	554.0	1	294	1	294	100.0	100.0	100.0
Clo1313_1598	203119.Cthe_0630	2.33e-216	599.0	1	325	1	325	100.0	100.0	100.0
Clo1313_1599	203119.Cthe_0629	0.0	954.0	1	481	1	481	100.0	100.0	100.0
Clo1313_1600	203119.Cthe_0628	5.7e-198	548.0	1	278	1	278	99.6	100.0	100.0
Clo1313_1601	203119.Cthe_0627	7.21e-203	562.0	1	291	1	291	100.0	100.0	100.0
Clo1313_1602	203119.Cthe_0626	0.0	901.0	1	470	1	470	100.0	100.0	100.0
Clo1313_1603	203119.Cthe_0625	0.0	1423.0	1	710	1	710	100.0	100.0	100.0
Clo1313_1604	203119.Cthe_0624	0.0	3226.0	1	1601	1	1601	100.0	100.0	100.0
Clo1313_1605	203119.Cthe_0623	3.57e-150	422.0	1	212	1	212	99.5	100.0	100.0
Clo1313_1606	203119.Cthe_0622	1.11e-199	552.0	1	268	1	268	100.0	100.0	100.0
Clo1313_1607	203119.Cthe_0621	1.42e-246	677.0	1	342	1	342	100.0	100.0	100.0
Clo1313_1608	203119.Cthe_0620	9.32e-79	235.0	1	130	1	130	99.2	100.0	100.0
Clo1313_1609	203119.Cthe_0619	4.46e-46	148.0	1	73	1	73	100.0	100.0	100.0
Clo1313_1610	203119.Cthe_0618	0.0	1404.0	1	721	1	721	99.7	100.0	100.0
Clo1313_1611	755731.Clo1100_4101	2.16e-09	54.3	1	53	1	55	50.9	98.1	100.0
Clo1313_1612	203119.Cthe_0617	3.25e-309	843.0	1	432	1	432	100.0	100.0	100.0
Clo1313_1613	203119.Cthe_0616	3.38e-94	275.0	1	143	1	143	100.0	100.0	100.0
Clo1313_1614	203119.Cthe_0615	3.82e-313	853.0	1	433	1	433	99.8	100.0	100.0
Clo1313_1615	203119.Cthe_0614	1.36e-130	371.0	1	191	1	191	100.0	100.0	100.0
Clo1313_1616	203119.Cthe_0613	0.0	1151.0	1	578	24	601	99.8	100.0	96.2
Clo1313_1617	203119.Cthe_0612	0.0	939.0	1	503	1	503	99.2	100.0	100.0
Clo1313_1618	203119.Cthe_0611	0.0	1068.0	1	541	1	541	99.8	100.0	100.0
Clo1313_1619	203119.Cthe_0610	4.64e-254	697.0	1	355	1	355	99.7	100.0	100.0
Clo1313_1620	203119.Cthe_0609	5.22e-229	631.0	1	325	1	325	100.0	100.0	100.0
Clo1313_1621	203119.Cthe_0608	3.79e-250	686.0	1	349	1	349	99.7	100.0	100.0
Clo1313_1622	203119.Cthe_0607	4.62e-251	689.0	1	349	1	349	99.7	100.0	100.0
Clo1313_1623	203119.Cthe_0606	0.0	1427.0	1	766	13	778	100.0	100.0	98.5
Clo1313_1624	203119.Cthe_0605	6.78e-250	687.0	1	370	1	370	99.7	100.0	100.0
Clo1313_1625	342451.SSP1940	9.3	32.7	7	67	649	715	30.6	71.8	8.6
Clo1313_1626	203119.Cthe_0603	5.71e-126	358.0	1	174	1	174	100.0	100.0	100.0
Clo1313_1627	203119.Cthe_0602	2.14e-314	856.0	1	432	1	432	100.0	100.0	100.0
Clo1313_1628	203119.Cthe_0601	1.61e-250	688.0	1	356	1	356	100.0	100.0	100.0
Clo1313_1629	203119.Cthe_0600	3.57e-151	425.0	1	214	1	214	100.0	100.0	100.0
Clo1313_1630	203119.Cthe_0599	8.24e-271	740.0	1	369	1	369	100.0	100.0	100.0
Clo1313_1631	203119.Cthe_0598	1.74e-176	492.0	1	255	1	255	100.0	100.0	100.0
Clo1313_1632	203119.Cthe_0597	1.21e-40	134.0	1	66	1	66	100.0	100.0	100.0
Clo1313_1633	203119.Cthe_0596	1.07e-144	408.0	1	207	1	207	100.0	100.0	100.0
Clo1313_1634	203119.Cthe_0595	2e-264	723.0	1	355	1	355	100.0	100.0	100.0
Clo1313_1635	509191.AEDB02000108_gene1663	3.52e-08	50.4	4	40	7	43	67.6	88.1	82.2
Clo1313_1636	509191.AEDB02000108_gene1664	1.97e-28	103.0	1	64	1	64	68.8	97.0	97.0
Clo1313_1637	203119.Cthe_0593	7.41e-241	662.0	16	347	1	332	99.4	95.7	100.0
Clo1313_1638	203119.Cthe_0592	6.9e-159	445.0	1	220	2	221	100.0	100.0	99.5
Clo1313_1642	879212.DespoDRAFT_01284	2.15e-23	102.0	3	143	429	568	45.4	93.4	23.9
Clo1313_1643	879212.DespoDRAFT_01284	1.31e-146	434.0	2	382	3	397	55.2	99.5	67.5
Clo1313_1644	1167632.AJTR01000007_gene842	7.54	33.9	3	95	18	113	30.0	84.5	17.2
Clo1313_1645	2325.TKV_c06790	0.0	1323.0	1	712	1	712	92.3	100.0	100.0
Clo1313_1647	2325.TKV_c06770	0.0	1003.0	1	614	1	614	83.1	100.0	100.0
Clo1313_1648	880072.Desac_0050	1.54e-76	236.0	18	217	6	203	61.5	90.1	95.7
Clo1313_1649	891968.Anamo_1580	373.0	31.6	164	191	685	712	35.7	10.9	2.0
Clo1313_1650	592015.HMPREF1705_01967	7.25e-08	52.0	18	66	3	51	42.9	72.1	53.3
Clo1313_1651	203119.Cthe_0585	1.51e-53	177.0	1	92	1	92	100.0	98.9	24.0
Clo1313_1652	1131269.AQVV01000026_gene102	4.67e-06	55.1	64	253	41	218	27.2	69.6	69.5
Clo1313_1653	203119.Cthe_0584	1.27e-60	186.0	1	96	1	96	100.0	100.0	100.0
Clo1313_1654	203119.Cthe_0583	3.88e-284	776.0	1	394	1	394	100.0	100.0	100.0
Clo1313_1655	203119.Cthe_0582	0.0	1138.0	1	587	1	587	99.8	100.0	100.0
Clo1313_1656	203119.Cthe_0581	0.0	1161.0	1	588	1	588	99.8	100.0	100.0
Clo1313_1657	203119.Cthe_0580	3.22e-289	789.0	1	397	1	397	99.7	100.0	100.0
Clo1313_1658	203119.Cthe_0579	7.8e-119	340.0	1	173	1	173	100.0	100.0	100.0
Clo1313_1659	203119.Cthe_0578	0.0	1399.0	2	736	2	736	99.9	99.9	99.9
Clo1313_1660	203119.Cthe_0577	1.77e-150	423.0	1	212	1	212	99.5	100.0	100.0
Clo1313_1661	203119.Cthe_0576	4.15e-153	430.0	1	220	1	220	100.0	100.0	100.0
Clo1313_1662	203119.Cthe_0575	1.08e-210	582.0	1	294	1	294	99.7	100.0	100.0
Clo1313_1663	203119.Cthe_0574	0.0	1271.0	1	703	1	703	100.0	100.0	100.0
Clo1313_1664	203119.Cthe_0573	5.61e-168	470.0	1	245	1	245	99.6	100.0	100.0
Clo1313_1665	203119.Cthe_0572	8.93e-249	683.0	1	349	1	349	100.0	100.0	100.0
Clo1313_1666	203119.Cthe_0571	0.0	905.0	1	455	1	455	100.0	100.0	100.0
Clo1313_1667	203119.Cthe_0570	5.59e-150	423.0	1	227	1	227	100.0	100.0	100.0
Clo1313_1668	203119.Cthe_0569	5.63e-170	476.0	6	256	1	251	99.6	98.0	100.0
Clo1313_1669	203119.Cthe_0568	1.72e-226	624.0	15	325	1	311	99.4	95.7	100.0
Clo1313_1670	203119.Cthe_0567	6.42e-112	322.0	1	170	1	170	100.0	100.0	100.0
Clo1313_1671	203119.Cthe_0566	0.0	1626.0	1	815	1	815	100.0	100.0	100.0
Clo1313_1672	203119.Cthe_0565	5.89e-97	281.0	1	137	3	139	100.0	100.0	98.6
Clo1313_1673	203119.Cthe_0564	4.95e-219	605.0	1	318	1	318	99.4	100.0	100.0
Clo1313_1674	203119.Cthe_0563	1.7e-107	311.0	2	170	2	170	100.0	99.4	99.4
Clo1313_1675	203119.Cthe_0562	1.35e-85	252.0	1	126	1	126	100.0	100.0	100.0
Clo1313_1676	203119.Cthe_0561	4.33e-248	682.0	16	363	1	348	100.0	95.9	100.0
Clo1313_1677	203119.Cthe_0560	0.0	1170.0	1	591	1	591	100.0	100.0	100.0
Clo1313_1678	203119.Cthe_0559	1.32e-158	446.0	1	238	1	238	100.0	100.0	100.0
Clo1313_1679	203119.Cthe_0558	2.49e-148	419.0	29	244	1	216	99.5	88.5	100.0
Clo1313_1680	203119.Cthe_0557	5.46e-185	514.0	1	256	1	256	100.0	100.0	100.0
Clo1313_1681	203119.Cthe_0556	0.0	1244.0	1	613	1	613	99.8	100.0	100.0
Clo1313_1682	203119.Cthe_0555	1.05e-261	721.0	1	413	1	413	100.0	100.0	100.0
Clo1313_1683	203119.Cthe_0554	0.0	2476.0	1	1256	1	1256	99.9	100.0	100.0
Clo1313_1684	203119.Cthe_0553	1.4e-204	567.0	1	299	1	299	100.0	100.0	100.0
Clo1313_1685	203119.Cthe_0552	3.25e-125	357.0	1	183	1	183	100.0	100.0	100.0
Clo1313_1686	203119.Cthe_0551	0.0	1142.0	1	554	1	554	100.0	100.0	100.0
Clo1313_1687	203119.Cthe_0550	0.0	1248.0	1	634	1	634	100.0	100.0	100.0
Clo1313_1688	203119.Cthe_0549	5.06e-179	501.0	1	284	1	284	100.0	100.0	100.0
Clo1313_1689	203119.Cthe_0548	1.76e-187	520.0	1	259	1	259	100.0	100.0	100.0
Clo1313_1690	203119.Cthe_0547	3.16e-231	636.0	1	318	1	318	100.0	100.0	100.0
Clo1313_1691	203119.Cthe_0546	3.29e-99	287.0	1	139	1	139	100.0	100.0	100.0
Clo1313_1692	203119.Cthe_0545	3.38e-89	262.0	1	142	1	142	100.0	100.0	100.0
Clo1313_1693	203119.Cthe_0544	2.85e-209	578.0	1	291	1	291	99.7	100.0	100.0
Clo1313_1694	203119.Cthe_0543	0.0	1462.0	1	739	1	739	99.9	100.0	100.0
Clo1313_1695	203119.Cthe_0542	4.66e-175	488.0	1	243	1	243	100.0	100.0	100.0
Clo1313_1696	203119.Cthe_0541	1.43e-292	798.0	1	397	1	397	100.0	100.0	100.0
Clo1313_1697	203119.Cthe_0540	0.0	1661.0	1	868	1	868	99.9	100.0	100.0
Clo1313_1698	203119.Cthe_0539	3.66e-155	436.0	1	227	1	227	100.0	100.0	100.0
Clo1313_1699	203119.Cthe_0538	9.42e-234	644.0	2	338	2	338	100.0	99.7	99.7
Clo1313_1700	203119.Cthe_0537	1.34e-155	437.0	1	223	1	223	99.6	100.0	100.0
Clo1313_1701	203119.Cthe_0536	0.0	1100.0	1	563	1	563	100.0	100.0	100.0
Clo1313_1702	421072.IO89_05795	44.4	30.8	1	30	1	30	56.7	33.3	14.9
Clo1313_1703	203119.Cthe_0534	0.0	1379.0	1	727	1	727	99.9	100.0	100.0
Clo1313_1704	203119.Cthe_0533	0.0	1042.0	1	510	1	510	100.0	100.0	100.0
Clo1313_1705	203119.Cthe_0532	4.26e-118	337.0	1	163	1	163	100.0	100.0	100.0
Clo1313_1706	38727.Pavir.J02927.1.p	1.29	39.3	171	233	257	316	31.7	24.6	4.6
Clo1313_1707	4920.XP_004200532.1	20.3	37.0	441	485	565	606	40.0	8.8	4.9
Clo1313_1708	203119.Cthe_0530	4.63e-141	401.0	58	261	1	204	99.5	78.2	100.0
Clo1313_1709	203119.Cthe_0528	2.2e-91	267.0	1	131	1	131	100.0	100.0	100.0
Clo1313_1710	203119.Cthe_2031	5.43e-114	326.0	1	158	1	158	99.4	100.0	100.0
Clo1313_1711	203119.Cthe_0511	2.53e-310	849.0	62	501	1	440	100.0	87.8	100.0
Clo1313_1712	203119.Cthe_0509	4.51e-236	652.0	11	369	1	359	100.0	97.3	100.0
Clo1313_1713	720554.Clocl_1927	8.47e-08	50.1	3	47	1	45	51.1	84.9	93.8
Clo1313_1714	203119.Cthe_0508	5.74e-94	274.0	1	136	1	136	100.0	100.0	100.0
Clo1313_1715	203119.Cthe_0507	1.06e-148	419.0	1	215	1	215	100.0	100.0	100.0
Clo1313_1716	203119.Cthe_0506	1.83e-174	486.0	1	238	1	238	100.0	100.0	100.0
Clo1313_1717	203119.Cthe_0505	0.0	1486.0	1	742	1	742	100.0	100.0	100.0
Clo1313_1718	203119.Cthe_0504	2.93e-299	816.0	1	411	1	411	99.8	100.0	100.0
Clo1313_1719	203119.Cthe_0503	1.75e-129	367.0	1	183	1	183	99.5	100.0	100.0
Clo1313_1720	203119.Cthe_0502	3.54e-197	547.0	1	288	1	288	100.0	100.0	100.0
Clo1313_1721	203119.Cthe_0501	1.03e-83	254.0	1	209	1	209	100.0	100.0	100.0
Clo1313_1722	509191.AEDB02000074_gene1789	4.24e-45	155.0	1	194	1	201	49.8	100.0	100.0
Clo1313_1723	203119.Cthe_0499	8.63e-60	185.0	1	103	1	103	100.0	100.0	100.0
Clo1313_1724	203119.Cthe_0498	0.0	989.0	1	542	1	542	100.0	100.0	100.0
Clo1313_1725	720554.Clocl_1936	6.29e-143	407.0	1	256	1	256	79.7	100.0	100.0
Clo1313_1726	203119.Cthe_0494	2.19e-87	257.0	1	132	1	132	100.0	100.0	100.0
Clo1313_1727	203119.Cthe_0493	8.6e-108	311.0	1	161	1	161	100.0	100.0	100.0
Clo1313_1728	203119.Cthe_0492	4.46e-132	376.0	1	206	1	206	100.0	100.0	100.0
Clo1313_1729	203119.Cthe_0491	9.07e-102	295.0	1	154	1	154	98.7	100.0	100.0
Clo1313_1730	203119.Cthe_0490	0.0	1285.0	1	692	1	692	99.9	100.0	100.0
Clo1313_1731	203119.Cthe_0489	4.22e-245	674.0	1	354	1	354	100.0	100.0	100.0
Clo1313_1732	203119.Cthe_0488	4.14e-155	436.0	1	224	1	224	100.0	100.0	100.0
Clo1313_1733	203119.Cthe_0487	1.76e-204	567.0	1	302	1	302	99.7	100.0	100.0
Clo1313_1734	203119.Cthe_0486	1.69e-278	763.0	1	403	1	403	100.0	100.0	100.0
Clo1313_1735	203119.Cthe_0485	0.0	1226.0	2	676	2	676	100.0	99.9	99.9
Clo1313_1736	203119.Cthe_0484	5.79e-269	738.0	1	392	1	392	100.0	100.0	100.0
Clo1313_1737	203119.Cthe_0483	4.4e-173	484.0	1	261	1	261	99.6	100.0	100.0
Clo1313_1738	203119.Cthe_0482	6.35e-51	161.0	1	89	1	89	100.0	100.0	100.0
Clo1313_1739	203119.Cthe_0481	1.46e-166	468.0	1	260	1	260	100.0	100.0	100.0
Clo1313_1740	509191.AEDB02000074_gene1771	3.18e-45	153.0	2	165	6	166	50.0	99.4	95.8
Clo1313_1741	203119.Cthe_0479	1.05e-77	231.0	1	120	1	120	100.0	100.0	100.0
Clo1313_1742	203119.Cthe_0478	1.65e-243	674.0	1	406	1	406	99.8	100.0	100.0
Clo1313_1743	203119.Cthe_0477	1e-223	618.0	1	328	1	328	99.7	100.0	100.0
Clo1313_1744	203119.Cthe_0476	7.83e-107	309.0	1	167	1	167	99.4	100.0	100.0
Clo1313_1745	203119.Cthe_0475	9.8e-40	132.0	1	70	27	96	100.0	100.0	72.9
Clo1313_1746	203119.Cthe_0474	3.14e-311	848.0	1	440	1	440	100.0	100.0	100.0
Clo1313_1747	203119.Cthe_0473	7.41e-80	238.0	1	129	1	129	99.2	100.0	100.0
Clo1313_1748	203119.Cthe_0472	7.14e-210	582.0	1	323	1	323	99.4	100.0	100.0
Clo1313_1749	203119.Cthe_0471	0.0	937.0	1	528	1	528	99.8	100.0	100.0
Clo1313_1750	203119.Cthe_0470	1.1e-101	305.0	1	276	1	276	100.0	100.0	100.0
Clo1313_1751	203119.Cthe_0469	3.63e-82	245.0	2	152	2	152	100.0	99.3	99.3
Clo1313_1752	203119.Cthe_0468	1.68e-309	844.0	1	437	1	437	100.0	100.0	100.0
Clo1313_1753	203119.Cthe_0467	4.28e-149	424.0	1	263	1	263	99.6	100.0	100.0
Clo1313_1754	203119.Cthe_0466	8.29e-229	632.0	1	340	1	340	99.7	100.0	100.0
Clo1313_1755	203119.Cthe_0465	0.0	974.0	1	517	1	517	99.8	100.0	100.0
Clo1313_1756	203119.Cthe_0464	1.43e-63	194.0	1	104	1	104	100.0	100.0	100.0
Clo1313_1757	203119.Cthe_0463	2.86e-97	283.0	1	147	1	147	100.0	100.0	100.0
Clo1313_1758	203119.Cthe_0462	4.93e-85	251.0	1	134	1	134	99.3	100.0	100.0
Clo1313_1759	203119.Cthe_0461	0.0	866.0	1	436	1	436	100.0	100.0	100.0
Clo1313_1760	203119.Cthe_0460	0.0	1348.0	1	702	1	702	100.0	100.0	100.0
Clo1313_1761	203119.Cthe_0459	5.53e-265	726.0	1	370	1	370	100.0	100.0	100.0
Clo1313_1762	203119.Cthe_0458	5.09e-192	531.0	1	251	1	251	100.0	100.0	100.0
Clo1313_1763	203119.Cthe_0457	1.09e-79	236.0	2	120	2	120	99.2	99.2	99.2
Clo1313_1764	203119.Cthe_0456	4.34e-99	287.0	1	138	1	138	99.3	100.0	100.0
Clo1313_1765	203119.Cthe_0455	0.0	988.0	1	512	1	512	99.0	100.0	100.0
Clo1313_1766	203119.Cthe_0454	3.34e-92	269.0	1	134	1	134	100.0	100.0	100.0
Clo1313_1767	203119.Cthe_0453	1.8e-95	278.0	1	146	1	146	100.0	100.0	100.0
Clo1313_1768	720554.Clocl_1978	4.82e-41	150.0	29	263	104	324	37.0	89.4	68.2
Clo1313_1769	203119.Cthe_0451	0.0	1230.0	1	623	1	623	99.8	100.0	100.0
Clo1313_1770	203119.Cthe_0450	7.24e-102	295.0	1	151	1	151	100.0	100.0	100.0
Clo1313_1771	203119.Cthe_0449	4.71e-56	174.0	1	86	1	86	100.0	100.0	100.0
Clo1313_1772	203119.Cthe_0448	1.18e-175	490.0	1	257	1	257	100.0	100.0	100.0
Clo1313_1773	203119.Cthe_0447	2.03e-165	463.0	1	244	1	244	100.0	100.0	100.0
Clo1313_1774	203119.Cthe_0446	9.83e-204	565.0	1	297	1	297	100.0	100.0	100.0
Clo1313_1775	203119.Cthe_0445	3.16e-248	683.0	1	364	13	376	100.0	100.0	96.8
Clo1313_1776	203119.Cthe_0444	6.51e-288	787.0	2	413	2	413	100.0	99.8	99.8
Clo1313_1777	203119.Cthe_0443	3.44e-74	223.0	1	125	1	125	100.0	100.0	100.0
Clo1313_1778	203119.Cthe_0442	2.08e-204	565.0	1	286	1	286	99.7	100.0	100.0
Clo1313_1780	203119.Cthe_0440	0.0	912.0	1	467	1	467	100.0	100.0	100.0
Clo1313_1781	203119.Cthe_0439	1.84e-188	522.0	1	248	1	248	100.0	100.0	100.0
Clo1313_1782	1121335.Clst_1745	4.51e-280	767.0	1	406	1	406	99.8	100.0	100.0
Clo1313_1783	203119.Cthe_0640	7.02e-07	54.7	66	100	508	542	65.7	27.3	6.0
Clo1313_1784	203119.Cthe_0437	4.19e-106	306.0	1	152	1	152	98.7	100.0	100.0
Clo1313_1785	203119.Cthe_0436	6.36e-170	534.0	1	382	1	382	99.7	36.2	36.2
Clo1313_1786	203119.Cthe_0435	1.69e-223	622.0	61	409	2	350	100.0	85.3	99.7
Clo1313_1787	203119.Cthe_0434	3.23e-271	741.0	1	366	1	366	100.0	100.0	100.0
Clo1313_1788	203119.Cthe_0433	0.0	1592.0	1	759	1	759	100.0	96.2	96.2
Clo1313_1789	1121090.KB894697_gene1958	5.25	36.6	38	72	67	101	45.7	17.0	5.8
Clo1313_1790	203119.Cthe_0431	9.1e-54	168.0	1	81	1	81	100.0	100.0	100.0
Clo1313_1791	203119.Cthe_0430	0.0	1147.0	1	566	1	566	100.0	100.0	100.0
Clo1313_1792	203119.Cthe_0429	0.0	1221.0	1	624	1	624	100.0	100.0	100.0
Clo1313_1793	203119.Cthe_0428	6.51e-114	327.0	1	165	1	165	100.0	100.0	100.0
Clo1313_1794	203119.Cthe_0427	4.35e-283	773.0	1	389	1	389	99.7	100.0	100.0
Clo1313_1795	203119.Cthe_0426	0.0	1099.0	1	556	1	556	100.0	100.0	100.0
Clo1313_1796	203119.Cthe_0425	1.77e-51	162.0	1	81	1	81	100.0	100.0	100.0
Clo1313_1797	203119.Cthe_0424	1.34e-177	494.0	1	249	1	249	100.0	100.0	100.0
Clo1313_1798	203119.Cthe_0423	0.0	1697.0	1	873	1	873	100.0	100.0	100.0
Clo1313_1799	203119.Cthe_0422	3.66e-155	436.0	1	227	1	227	98.7	100.0	100.0
Clo1313_1800	203119.Cthe_0421	7.58e-134	379.0	1	194	1	194	100.0	100.0	100.0
Clo1313_1801	203119.Cthe_0420	1.99e-204	566.0	1	290	1	290	99.7	100.0	100.0
Clo1313_1802	203119.Cthe_0419	7.46e-297	810.0	1	419	1	419	100.0	100.0	100.0
Clo1313_1803	203119.Cthe_0418	0.0	1300.0	1	700	1	700	99.9	100.0	100.0
Clo1313_1804	203119.Cthe_0417	1.99e-53	167.0	1	87	1	87	100.0	100.0	100.0
Clo1313_1805	203119.Cthe_0416	1.8e-46	150.0	1	85	1	85	97.6	100.0	100.0
Clo1313_1806	203119.Cthe_0415	1.39e-57	177.0	1	81	1	81	100.0	100.0	100.0
Clo1313_1807	203119.Cthe_0414	1.65e-146	412.0	1	203	1	203	99.5	100.0	100.0
Clo1313_1808	203119.Cthe_0413	0.0	2472.0	1	1230	1	1224	99.1	100.0	100.0
Clo1313_1809	203119.Cthe_0412	0.0	1825.0	1	895	1	895	99.1	100.0	100.0
Clo1313_1810	203119.Cthe_0411	1.94e-245	674.0	1	344	1	344	99.7	100.0	100.0
Clo1313_1811	203119.Cthe_0410	2.68e-309	845.0	2	452	2	452	100.0	99.8	99.8
Clo1313_1812	203119.Cthe_0409	1.33e-52	166.0	1	89	1	89	100.0	100.0	100.0
Clo1313_1813	203119.Cthe_0408	0.0	1680.0	1	862	1	862	99.9	100.0	100.0
Clo1313_1814	203119.Cthe_0407	0.0	863.0	1	435	1	435	99.8	100.0	100.0
Clo1313_1815	203119.Cthe_0406	1.19e-178	497.0	1	245	1	245	100.0	100.0	100.0
Clo1313_1816	203119.Cthe_0405	0.0	1075.0	2	501	2	501	100.0	95.1	95.1
Clo1313_1817	203119.Cthe_0404	6.37e-316	867.0	1	522	1	522	100.0	100.0	100.0
Clo1313_1818	203119.Cthe_0403	1.23e-190	530.0	1	274	1	274	100.0	100.0	100.0
Clo1313_1819	203119.Cthe_0402	0.0	1298.0	1	732	1	732	100.0	100.0	100.0
Clo1313_1820	203119.Cthe_0401	0.0	1309.0	1	755	1	755	100.0	100.0	100.0
Clo1313_1821	203119.Cthe_0400	1.68e-254	697.0	1	342	1	342	100.0	100.0	100.0
Clo1313_1822	203119.Cthe_0399	3.92e-186	518.0	1	275	4	278	100.0	100.0	98.9
Clo1313_1823	203119.Cthe_0398	1.52e-68	207.0	1	106	1	106	100.0	100.0	100.0
Clo1313_1824	203119.Cthe_0397	0.0	1076.0	1	586	1	586	99.8	100.0	100.0
Clo1313_1825	203119.Cthe_0396	0.0	1058.0	1	574	1	574	100.0	100.0	100.0
Clo1313_1826	203119.Cthe_0395	8.26e-94	274.0	1	141	11	151	100.0	100.0	93.4
Clo1313_1827	203119.Cthe_0394	8.77e-283	772.0	1	389	1	389	100.0	100.0	100.0
Clo1313_1828	203119.Cthe_0393	1.5e-210	584.0	1	321	1	321	100.0	100.0	100.0
Clo1313_1829	203119.Cthe_0392	6.47e-226	625.0	1	349	1	349	99.7	100.0	100.0
Clo1313_1830	203119.Cthe_0391	0.0	975.0	1	499	1	499	100.0	100.0	100.0
Clo1313_1831	203119.Cthe_0390	2.54e-285	780.0	1	404	1	404	99.5	100.0	100.0
Clo1313_1832	203119.Cthe_0389	1.19e-233	642.0	1	323	1	323	100.0	100.0	100.0
Clo1313_1833	203119.Cthe_0388	6.57e-253	693.0	1	344	1	344	100.0	100.0	100.0
Clo1313_1834	189425.PGRAT_19450	7.29e-10	65.1	3	187	98	294	24.4	92.0	65.4
Clo1313_1835	189425.PGRAT_19450	6.33e-06	50.4	7	80	6	79	35.1	78.7	24.6
Clo1313_1838	203119.Cthe_0384	2.05e-166	465.0	1	237	1	237	100.0	100.0	100.0
Clo1313_1840	203119.Cthe_0381	9.08e-176	489.0	1	240	1	240	100.0	100.0	100.0
Clo1313_1841	720554.Clocl_2505	7.63e-19	86.7	12	75	3974	4037	64.1	81.0	1.6
Clo1313_1842	203119.Cthe_0379	2.25e-216	598.0	1	320	1	320	99.7	100.0	100.0
Clo1313_1843	203119.Cthe_0378	2.54e-145	409.0	2	202	2	202	100.0	99.5	99.5
Clo1313_1844	203119.Cthe_0377	1.06e-205	570.0	1	302	1	302	99.7	100.0	100.0
Clo1313_1845	203119.Cthe_0376	9.81e-77	229.0	1	117	1	117	100.0	100.0	100.0
Clo1313_1846	203119.Cthe_0375	0.0	1030.0	1	511	1	511	99.6	100.0	100.0
Clo1313_1847	203119.Cthe_0374	0.0	894.0	1	444	1	444	100.0	100.0	100.0
Clo1313_1848	203119.Cthe_0373	8.39e-197	546.0	1	281	1	281	100.0	100.0	100.0
Clo1313_1849	203119.Cthe_0372	0.0	926.0	1	464	1	464	99.8	100.0	100.0
Clo1313_1850	1144307.PMI04_04424	1.04e-290	794.0	1	407	1	407	100.0	100.0	100.0
Clo1313_1851	203119.Cthe_0370	2.71e-234	643.0	1	313	1	313	100.0	100.0	100.0
Clo1313_1852	203119.Cthe_0369	2.29e-294	803.0	1	407	1	407	100.0	100.0	100.0
Clo1313_1853	203119.Cthe_0368	1.43e-167	469.0	1	248	1	248	100.0	100.0	100.0
Clo1313_1854	203119.Cthe_0367	4.34e-203	562.0	1	289	1	289	99.7	100.0	100.0
Clo1313_1855	509191.AEDB02000067_gene805	1.99e-246	725.0	1	923	1	923	40.7	99.8	92.5
Clo1313_1856	203119.Cthe_0365	6.22e-249	684.0	1	350	8	357	99.7	100.0	98.0
Clo1313_1857	203119.Cthe_0364	1.28e-157	442.0	1	231	1	231	100.0	100.0	100.0
Clo1313_1858	203119.Cthe_0363	6.23e-288	785.0	1	390	1	390	100.0	100.0	100.0
Clo1313_1859	203119.Cthe_0362	2.78e-103	299.0	1	159	1	159	99.4	100.0	100.0
Clo1313_1860	4572.TRIUR3_34241-P1	28.7	30.8	11	50	904	947	38.6	55.6	3.8
Clo1313_1861	203119.Cthe_0361	1.31e-83	252.0	1	188	1	188	100.0	100.0	100.0
Clo1313_1862	203119.Cthe_0360	3.54e-73	219.0	1	109	1	109	100.0	100.0	100.0
Clo1313_1864	1121335.Clst_1745	4.51e-280	767.0	1	406	1	406	99.8	100.0	100.0
Clo1313_1865	203119.Cthe_0585	4.39e-210	584.0	1	291	93	383	100.0	100.0	76.0
Clo1313_1866	203119.Cthe_0358	4.82e-115	330.0	1	177	1	177	99.4	100.0	100.0
Clo1313_1867	203119.Cthe_0357	0.0	1734.0	1	855	1	855	99.9	100.0	100.0
Clo1313_1868	1144307.PMI04_04424	2.33e-158	451.0	1	225	183	407	100.0	100.0	55.3
Clo1313_1869	203119.Cthe_0355	1.26e-288	787.0	1	392	1	392	100.0	100.0	100.0
Clo1313_1870	203119.Cthe_0354	6.93e-236	649.0	1	329	1	329	99.7	100.0	100.0
Clo1313_1871	203119.Cthe_0353	3.09e-267	731.0	1	371	1	371	100.0	100.0	100.0
Clo1313_1872	203119.Cthe_0352	5.98e-242	664.0	1	330	1	330	100.0	100.0	100.0
Clo1313_1873	203119.Cthe_0351	0.0	890.0	1	463	1	463	100.0	100.0	100.0
Clo1313_1874	203119.Cthe_0350	1.78e-137	388.0	1	188	6	193	100.0	100.0	97.4
Clo1313_1875	203119.Cthe_0349	7.67e-223	614.0	1	309	1	309	100.0	100.0	100.0
Clo1313_1876	203119.Cthe_0347	6.2e-303	825.0	1	415	1	415	100.0	100.0	100.0
Clo1313_1877	203119.Cthe_0346	1.83e-72	218.0	1	117	1	117	100.0	100.0	100.0
Clo1313_1878	203119.Cthe_0345	7.65e-223	615.0	1	318	1	318	100.0	100.0	100.0
Clo1313_1879	203119.Cthe_0344	2.91e-277	758.0	1	390	1	390	99.7	100.0	100.0
Clo1313_1880	203119.Cthe_0343	1.41e-141	399.0	1	200	1	200	100.0	100.0	100.0
Clo1313_1881	203119.Cthe_0342	0.0	1171.0	1	582	1	582	99.8	100.0	100.0
Clo1313_1882	203119.Cthe_0341	0.0	1162.0	1	571	1	571	100.0	95.6	95.6
Clo1313_1883	203119.Cthe_0340	7.61e-81	239.0	1	122	1	122	100.0	100.0	100.0
Clo1313_1884	203119.Cthe_0339	1.48e-128	365.0	1	188	1	188	100.0	100.0	100.0
Clo1313_1885	203119.Cthe_0338	2.1e-119	340.0	1	165	1	165	100.0	100.0	100.0
Clo1313_1886	203119.Cthe_0337	1.14e-167	468.0	1	236	1	236	100.0	100.0	100.0
Clo1313_1887	203119.Cthe_0336	3.98e-70	211.0	1	109	1	109	100.0	100.0	100.0
Clo1313_1888	203119.Cthe_0335	3.04e-313	854.0	1	448	1	448	100.0	100.0	100.0
Clo1313_1889	203119.Cthe_0334	1.79e-101	294.0	1	149	1	149	98.7	100.0	100.0
Clo1313_1890	203119.Cthe_0333	1.69e-77	231.0	1	117	1	117	100.0	100.0	100.0
Clo1313_1891	203119.Cthe_0332	0.0	1098.0	1	557	1	557	100.0	100.0	100.0
Clo1313_1892	203119.Cthe_0331	4.6e-102	295.0	1	145	1	145	99.3	100.0	100.0
Clo1313_1894	203119.Cthe_0329	7.3e-210	578.0	1	278	1	278	99.6	100.0	100.0
Clo1313_1895	8932.XP_005498054.1	2.53	36.2	25	82	513	575	30.2	41.1	10.2
Clo1313_1896	203119.Cthe_0328	0.0	1068.0	1	533	1	533	100.0	100.0	100.0
Clo1313_1897	203119.Cthe_0327	0.0	1606.0	1	857	1	857	99.9	100.0	100.0
Clo1313_1898	203119.Cthe_2031	5.43e-114	326.0	1	158	1	158	99.4	100.0	100.0
Clo1313_1899	1349822.NSB1T_11855	11.1	31.2	1	50	242	291	34.0	87.7	17.1
Clo1313_1900	509191.AEDB02000104_gene3823	0.0176	37.7	29	65	34	70	51.4	55.2	51.4
Clo1313_1901	203119.Cthe_0325	0.0	1289.0	1	645	1	645	99.7	100.0	100.0
Clo1313_1902	203119.Cthe_0324	0.0	1778.0	1	884	1	884	99.8	100.0	100.0
Clo1313_1903	203119.Cthe_0323	1.48e-45	147.0	1	80	1	80	100.0	100.0	100.0
Clo1313_1904	203119.Cthe_0322	2.81e-316	862.0	1	444	1	444	100.0	100.0	100.0
Clo1313_1905	509191.AEDB02000104_gene3807	5.06e-84	263.0	14	319	12	317	41.5	95.3	95.9
Clo1313_1906	203119.Cthe_0320	3.42e-261	726.0	1	488	1	488	99.8	100.0	100.0
Clo1313_1907	203119.Cthe_0319	2.51e-151	425.0	1	214	1	214	100.0	100.0	100.0
Clo1313_1908	203119.Cthe_0318	4.33e-169	471.0	1	230	1	230	99.6	100.0	100.0
Clo1313_1909	203119.Cthe_0317	6.62e-156	437.0	1	223	1	223	99.6	100.0	100.0
Clo1313_1910	203119.Cthe_0316	0.0	1245.0	1	644	1	644	100.0	100.0	100.0
Clo1313_1911	203119.Cthe_0315	1.38e-170	477.0	1	249	1	249	99.6	100.0	100.0
Clo1313_1912	203119.Cthe_0314	8.65e-286	781.0	15	406	1	392	97.7	96.6	100.0
Clo1313_1913	203119.Cthe_0313	3.06e-239	658.0	1	342	2	343	99.4	100.0	99.7
Clo1313_1914	203119.Cthe_0312	0.0	1508.0	1	803	1	803	99.6	100.0	100.0
Clo1313_1915	203119.Cthe_0220	6.87e-229	630.0	1	315	1	315	100.0	100.0	100.0
Clo1313_1916	203119.Cthe_0311	0.0	1858.0	1	942	1	942	99.9	100.0	100.0
Clo1313_1917	203119.Cthe_0310	4.11e-217	603.0	1	348	1	348	99.7	100.0	100.0
Clo1313_1918	203119.Cthe_0309	0.0	1268.0	1	660	1	660	100.0	100.0	100.0
Clo1313_1920	203119.Cthe_0307	5.53e-58	182.0	1	119	7	125	100.0	100.0	95.2
Clo1313_1921	203119.Cthe_0306	0.0	1410.0	1	727	1	727	99.7	100.0	100.0
Clo1313_1922	203119.Cthe_0305	0.0	1314.0	1	661	1	661	100.0	100.0	100.0
Clo1313_1923	509191.AEDB02000073_gene1923	1.23e-25	103.0	16	139	44	166	43.5	83.8	65.8
Clo1313_1924	8128.ENSONIP00000006915	98.3	28.9	34	60	183	212	53.3	42.2	9.2
Clo1313_1925	203119.Cthe_0302	1.87e-97	283.0	1	146	1	146	100.0	100.0	100.0
Clo1313_1926	203119.Cthe_0301	1.73e-164	462.0	6	256	1	251	100.0	98.0	100.0
Clo1313_1927	203119.Cthe_0300	2.07e-141	399.0	1	205	1	205	96.1	100.0	100.0
Clo1313_1928	203119.Cthe_0299	8.61e-308	841.0	1	456	1	456	100.0	100.0	100.0
Clo1313_1929	203119.Cthe_0298	6.78e-274	773.0	147	746	1	600	98.8	80.4	100.0
Clo1313_1930	203119.Cthe_0296	0.0	942.0	1	491	1	491	99.8	100.0	100.0
Clo1313_1931	203119.Cthe_0295	1.01e-277	758.0	1	372	1	372	100.0	100.0	100.0
Clo1313_1933	573061.Clocel_0994	1.83	36.6	64	131	69	138	28.6	46.3	22.7
Clo1313_1935	203119.Cthe_0585	3.4e-277	758.0	1	383	1	383	100.0	100.0	100.0
Clo1313_1936	1007103.AFHW01000016_gene6005	6.34e-28	107.0	16	148	1	133	34.6	89.9	100.0
Clo1313_1937	203119.Cthe_0291	0.0	1388.0	1	680	1	680	100.0	100.0	100.0
Clo1313_1938	203119.Cthe_0290	1.26e-304	831.0	1	428	1	428	99.8	100.0	100.0
Clo1313_1939	203119.Cthe_0289	0.0	1575.0	1	785	1	785	99.9	100.0	100.0
Clo1313_1940	203119.Cthe_0288	4.08e-271	741.0	1	369	1	369	100.0	100.0	100.0
Clo1313_1942	203119.Cthe_0286	1.83e-295	807.0	1	424	1	424	100.0	100.0	100.0
Clo1313_1944	203119.Cthe_0285	1.89e-295	805.0	1	402	1	402	100.0	100.0	100.0
Clo1313_1945	203119.Cthe_0284	0.0	891.0	1	452	1	452	100.0	100.0	100.0
Clo1313_1946	203119.Cthe_0283	6.87e-229	630.0	1	315	1	315	99.7	100.0	100.0
Clo1313_1947	203119.Cthe_0282	0.0	969.0	1	480	1	480	100.0	100.0	100.0
Clo1313_1948	203119.Cthe_0280	6.1e-64	195.0	1	102	1	102	100.0	100.0	100.0
Clo1313_1949	696281.Desru_2514	7.31e-13	64.3	1	72	1	72	43.1	100.0	100.0
Clo1313_1950	203119.Cthe_0278	6.65e-169	471.0	1	231	1	231	100.0	100.0	100.0
Clo1313_1951	203119.Cthe_0277	2.11e-220	606.0	1	291	1	291	99.7	100.0	100.0
Clo1313_1952	720554.Clocl_1659	0.261	32.7	12	33	9	30	68.2	59.5	57.9
Clo1313_1953	203119.Cthe_0276	1.89e-228	629.0	1	319	1	319	100.0	100.0	100.0
Clo1313_1954	203119.Cthe_0275	0.0	1687.0	1	811	1	811	100.0	100.0	100.0
Clo1313_1955	203119.Cthe_0274	0.0	1086.0	1	563	1	563	100.0	100.0	100.0
Clo1313_1956	203119.Cthe_0273	0.0	1041.0	1	534	1	534	99.8	100.0	100.0
Clo1313_1957	203119.Cthe_0272	5.14e-268	734.0	1	384	1	384	100.0	100.0	100.0
Clo1313_1958	203119.Cthe_0271	1.23e-175	494.0	1	308	1	308	100.0	100.0	100.0
Clo1313_1959	203119.Cthe_0270	0.0	943.0	1	453	1	453	100.0	93.6	93.6
Clo1313_1960	203119.Cthe_0269	0.0	921.0	2	477	2	477	100.0	99.8	99.8
Clo1313_1961	203119.Cthe_0268	1.33e-185	516.0	1	265	1	265	99.6	100.0	100.0
Clo1313_1962	203119.Cthe_0267	0.0	890.0	8	678	1	671	100.0	99.0	100.0
Clo1313_1963	203119.Cthe_0266	9.57e-281	776.0	1	495	1	495	100.0	100.0	100.0
Clo1313_1964	203119.Cthe_0265	1.89e-278	760.0	1	373	1	373	100.0	100.0	100.0
Clo1313_1965	203119.Cthe_0264	1.69e-102	296.0	1	141	1	141	100.0	100.0	100.0
Clo1313_1966	203119.Cthe_0263	1.26e-84	249.0	1	123	1	123	100.0	100.0	100.0
Clo1313_1967	203119.Cthe_0262	1e-307	839.0	1	431	1	431	100.0	100.0	100.0
Clo1313_1968	203119.Cthe_0261	2.71e-152	428.0	1	217	1	217	100.0	100.0	100.0
Clo1313_1969	203119.Cthe_0260	0.0	1207.0	1	707	1	707	99.7	100.0	100.0
Clo1313_1970	203119.Cthe_0259	1.72e-130	371.0	1	194	1	194	99.5	100.0	100.0
Clo1313_1971	203119.Cthe_0258	1.81e-218	616.0	1	360	1	360	100.0	76.8	76.8
Clo1313_1972	203119.Cthe_0257	2.39e-233	644.0	1	350	1	350	100.0	100.0	100.0
Clo1313_1973	203119.Cthe_0256	0.0	1415.0	1	712	1	712	100.0	100.0	100.0
Clo1313_1974	720554.Clocl_1036	1.3e-30	118.0	1	204	1	201	38.2	98.6	99.0
Clo1313_1975	203119.Cthe_0254	0.0	891.0	1	446	1	446	100.0	100.0	100.0
Clo1313_1976	203119.Cthe_0253	1.15e-234	645.0	1	329	1	329	100.0	100.0	100.0
Clo1313_1977	203119.Cthe_0252	1.85e-265	728.0	1	383	1	383	100.0	100.0	100.0
Clo1313_1978	203119.Cthe_0251	0.0	1628.0	1	846	6	851	100.0	100.0	99.4
Clo1313_1979	203119.Cthe_0250	7.85e-285	778.0	1	396	1	396	100.0	100.0	100.0
Clo1313_1980	203119.Cthe_0249	0.0	1494.0	1	802	1	802	100.0	100.0	100.0
Clo1313_1981	203119.Cthe_0220	6.87e-229	630.0	1	315	1	315	100.0	100.0	100.0
Clo1313_1982	203119.Cthe_0247	0.0	1143.0	1	601	1	601	100.0	100.0	100.0
Clo1313_1983	203119.Cthe_0246	0.0	1581.0	1	820	1	820	99.3	100.0	100.0
Clo1313_1984	203119.Cthe_0245	8.46e-84	247.0	1	125	1	125	99.2	100.0	100.0
Clo1313_1985	203119.Cthe_0244	0.0	1313.0	1	707	1	707	99.9	100.0	100.0
Clo1313_1986	203119.Cthe_0243	5.53e-207	572.0	1	282	1	282	100.0	100.0	100.0
Clo1313_1987	203119.Cthe_0242	8.91e-217	598.0	1	299	1	299	99.7	100.0	100.0
Clo1313_1988	203119.Cthe_0241	1.59e-127	366.0	1	224	1	224	99.6	100.0	100.0
Clo1313_1989	203119.Cthe_0240	1.23e-183	511.0	1	260	1	260	99.6	100.0	100.0
Clo1313_1990	203119.Cthe_0239	0.0	2089.0	1	1051	1	1051	99.9	100.0	100.0
Clo1313_1992	203119.Cthe_0236	6.13e-281	766.0	1	376	1	376	99.7	100.0	100.0
Clo1313_1993	203119.Cthe_0235	2.93e-50	159.0	1	76	1	76	100.0	100.0	100.0
Clo1313_1994	203119.Cthe_0234	0.0	1723.0	1	843	1	843	99.9	100.0	100.0
Clo1313_1995	203119.Cthe_0233	4.07e-139	393.0	1	196	1	196	100.0	100.0	100.0
Clo1313_1996	203119.Cthe_0232	3.44e-237	652.0	1	331	1	331	100.0	100.0	100.0
Clo1313_1997	203119.Cthe_0231	0.0	915.0	1	445	1	445	100.0	100.0	100.0
Clo1313_1998	720554.Clocl_3964	2.16e-213	611.0	1	529	1	527	57.1	93.1	93.1
Clo1313_1999	203119.Cthe_0229	2.03e-249	684.0	1	339	1	339	100.0	100.0	100.0
Clo1313_2000	59926.EV02_1664	34.0	32.7	61	131	1	66	35.2	48.6	27.4
Clo1313_2001	203119.Cthe_0227	9.14e-85	249.0	1	114	1	114	99.1	100.0	100.0
Clo1313_2002	203119.Cthe_0226	2.34e-88	259.0	1	135	1	135	100.0	100.0	100.0
Clo1313_2004	871963.Desdi_1765	1.16e-222	636.0	3	576	4	591	56.1	99.1	99.2
Clo1313_2005	871963.Desdi_1764	5.29e-303	850.0	4	690	29	711	63.3	98.7	96.1
Clo1313_2006	398512.JQKC01000009_gene399	2.21e-166	489.0	3	505	4	547	49.4	98.8	98.6
Clo1313_2008	1144307.PMI04_04424	6.04e-290	792.0	1	407	1	407	99.8	100.0	100.0
Clo1313_2009	1340434.AXVA01000003_gene1622	9460.0	24.3	57	87	13	43	38.7	35.6	6.2
Clo1313_2010	1033737.CAEV01000069_gene2848	0.129	38.9	3	82	63	147	31.8	70.2	34.1
Clo1313_2011	1037409.BJ6T_87880	341.0	26.2	23	39	127	143	64.7	41.5	8.8
Clo1313_2012	203119.Cthe_0219	5.66e-111	318.0	1	157	1	157	100.0	100.0	100.0
Clo1313_2013	34349.G7E8G3	25.6	30.0	13	52	314	357	43.2	74.1	11.9
Clo1313_2014	203119.Cthe_0218	1.2e-194	539.0	1	268	1	268	100.0	100.0	100.0
Clo1313_2015	203119.Cthe_0217	0.0	899.0	1	448	1	448	100.0	100.0	100.0
Clo1313_2016	720554.Clocl_1321	3.19e-35	120.0	1	73	1	73	75.3	98.6	100.0
Clo1313_2017	203119.Cthe_0215	0.0	1548.0	1	795	1	795	100.0	100.0	100.0
Clo1313_2018	203119.Cthe_0214	2.27e-246	676.0	1	339	1	339	100.0	100.0	100.0
Clo1313_2019	203119.Cthe_0213	6.14e-162	456.0	1	257	1	257	99.6	100.0	100.0
Clo1313_2020	203119.Cthe_0212	0.0	929.0	1	448	24	471	100.0	100.0	95.1
Clo1313_2021	1384066.JAGT01000001_gene1356	0.000678	42.0	1	63	40	95	34.9	100.0	51.4
Clo1313_2022	203119.Cthe_0211	8.4e-235	646.0	1	334	1	334	100.0	100.0	100.0
Clo1313_2023	203119.Cthe_0210	3.12e-251	689.0	1	353	1	353	100.0	100.0	100.0
Clo1313_2024	203119.Cthe_0209	9.71e-70	210.0	1	102	1	102	100.0	100.0	100.0
Clo1313_2026	203119.Cthe_0207	1.08e-206	570.0	1	277	1	277	100.0	100.0	100.0
Clo1313_2027	203119.Cthe_0206	0.0	1482.0	1	743	1	743	99.9	100.0	100.0
Clo1313_2028	203119.Cthe_0205	0.0	1282.0	1	652	1	652	99.8	100.0	100.0
Clo1313_2029	203119.Cthe_0204	6.08e-63	192.0	1	95	1	95	100.0	100.0	100.0
Clo1313_2030	203119.Cthe_0203	9.19e-124	353.0	1	190	1	190	99.5	100.0	100.0
Clo1313_2031	203119.Cthe_0202	0.0	884.0	1	440	1	440	100.0	100.0	100.0
Clo1313_2032	203119.Cthe_0201	2.39e-146	415.0	1	240	1	240	99.6	100.0	100.0
Clo1313_2033	203119.Cthe_0200	1.49e-292	799.0	1	411	1	411	100.0	100.0	100.0
Clo1313_2034	203119.Cthe_0199	1.61e-107	309.0	1	142	10	151	100.0	100.0	94.0
Clo1313_2035	203119.Cthe_0198	0.0	992.0	1	501	1	501	99.8	100.0	100.0
Clo1313_2036	203119.Cthe_0197	4.41e-272	743.0	1	363	1	363	100.0	100.0	100.0
Clo1313_2038	203119.Cthe_0196	0.0	1385.0	1	697	1	697	99.9	100.0	100.0
Clo1313_2040	83344.XP_007925433.1	20.1	33.1	48	111	34	100	28.4	50.4	16.5
Clo1313_2041	203119.Cthe_0193	2.21e-258	711.0	1	394	1	394	100.0	100.0	100.0
Clo1313_2042	203119.Cthe_0191	0.0	1100.0	1	599	1	599	99.8	100.0	100.0
Clo1313_2043	203119.Cthe_0190	0.0	1142.0	1	600	1	600	100.0	100.0	100.0
Clo1313_2044	203119.Cthe_0189	1.03e-138	392.0	1	199	1	199	100.0	100.0	100.0
Clo1313_2045	203119.Cthe_0188	2.12e-181	505.0	1	263	1	263	99.6	100.0	100.0
Clo1313_2046	203119.Cthe_0187	1.04e-270	742.0	1	390	1	390	100.0	100.0	100.0
Clo1313_2047	203119.Cthe_0186	1.35e-239	659.0	1	329	26	354	100.0	100.0	92.9
Clo1313_2048	203119.Cthe_0185	0.0	1756.0	1	948	1	948	99.9	100.0	100.0
Clo1313_2049	203119.Cthe_0184	1.5e-256	704.0	1	367	1	367	100.0	100.0	100.0
Clo1313_2050	203119.Cthe_0183	3.99e-134	379.0	1	181	1	181	100.0	100.0	100.0
Clo1313_2051	203119.Cthe_0182	1.97e-231	637.0	1	330	1	330	100.0	100.0	100.0
Clo1313_2052	203119.Cthe_0181	7.74e-131	372.0	1	202	1	202	99.5	100.0	100.0
Clo1313_2053	203119.Cthe_0180	4.1e-111	319.0	1	162	1	162	100.0	100.0	100.0
Clo1313_2054	203119.Cthe_0179	1.68e-295	806.0	1	405	1	405	100.0	100.0	100.0
Clo1313_2055	203119.Cthe_0178	0.0	896.0	1	458	1	458	100.0	100.0	100.0
Clo1313_2056	509191.AEDB02000103_gene3769	7.32e-06	45.8	5	57	3	54	47.2	81.5	96.3
Clo1313_2057	203119.Cthe_0176	5.48e-69	209.0	1	116	1	116	100.0	100.0	100.0
Clo1313_2058	203119.Cthe_0175	3.36e-270	739.0	1	378	1	378	100.0	100.0	100.0
Clo1313_2059	203119.Cthe_0174	0.0	1233.0	1	630	1	630	100.0	100.0	100.0
Clo1313_2060	203119.Cthe_0173	9.91e-265	724.0	1	364	1	364	99.7	100.0	100.0
Clo1313_2061	203119.Cthe_0172	2.31e-42	139.0	1	71	10	80	100.0	100.0	88.8
Clo1313_2062	203119.Cthe_0171	2.03e-47	152.0	1	79	1	79	100.0	100.0	100.0
Clo1313_2063	203119.Cthe_0170	6.96e-92	270.0	1	150	8	157	94.7	100.0	95.5
Clo1313_2064	203119.Cthe_0169	1.59e-268	734.0	1	360	1	360	99.7	100.0	100.0
Clo1313_2065	203119.Cthe_0168	1.5e-101	295.0	1	156	1	156	99.4	100.0	100.0
Clo1313_2066	203119.Cthe_0167	6.26e-80	237.0	1	122	1	122	100.0	100.0	100.0
Clo1313_2067	203119.Cthe_0166	5.28e-168	468.0	1	226	1	226	100.0	100.0	100.0
Clo1313_2068	203119.Cthe_0165	5.38e-125	356.0	1	185	1	185	100.0	100.0	100.0
Clo1313_2069	203119.Cthe_0164	1.05e-59	184.0	1	96	1	96	100.0	100.0	100.0
Clo1313_2070	203119.Cthe_3301	5.8e-47	150.0	1	74	1	74	98.6	100.0	100.0
Clo1313_2071	203119.Cthe_0163	7.37e-311	846.0	1	424	1	424	100.0	100.0	100.0
Clo1313_2072	203119.Cthe_0162	2.25e-59	183.0	1	92	1	92	100.0	100.0	100.0
Clo1313_2073	203119.Cthe_0161	2.86e-74	222.0	1	113	1	113	100.0	100.0	100.0
Clo1313_2074	203119.Cthe_0160	1.01e-67	205.0	1	103	1	103	100.0	100.0	100.0
Clo1313_2075	203119.Cthe_0158	0.0	920.0	3	480	10	487	98.5	97.6	96.2
Clo1313_2076	203119.Cthe_0157	5.66e-194	538.0	1	279	1	279	99.6	100.0	100.0
Clo1313_2077	203119.Cthe_0156	0.0	1258.0	1	613	1	613	99.7	100.0	100.0
Clo1313_2078	203119.Cthe_0155	1.99e-263	720.0	1	353	1	353	100.0	100.0	100.0
Clo1313_2079	203119.Cthe_0154	1.27e-42	141.0	1	96	1	96	100.0	100.0	100.0
Clo1313_2080	203119.Cthe_0153	6.11e-96	279.0	1	141	1	141	100.0	100.0	100.0
Clo1313_2081	203119.Cthe_0152	6.87e-229	630.0	1	315	1	315	99.7	100.0	100.0
Clo1313_2082	203119.Cthe_0151	1.09e-56	176.0	1	90	1	90	100.0	100.0	100.0
Clo1313_2083	203119.Cthe_0150	5.87e-313	852.0	1	434	1	434	100.0	100.0	100.0
Clo1313_2084	203119.Cthe_0149	1.01e-47	152.0	1	75	11	85	100.0	100.0	88.2
Clo1313_2085	203119.Cthe_0147	2.44e-97	283.0	13	155	1	143	99.3	92.3	100.0
Clo1313_2086	203119.Cthe_0146	0.0	1473.0	1	757	1	757	99.9	100.0	100.0
Clo1313_2087	203119.Cthe_1432	2.69e-114	327.0	1	158	1	158	100.0	100.0	100.0
Clo1313_2088	203119.Cthe_0145	4.44e-123	351.0	1	183	1	183	100.0	100.0	100.0
Clo1313_2089	203119.Cthe_0144	1.01e-41	137.0	1	79	5	83	100.0	100.0	95.2
Clo1313_2090	203119.Cthe_0143	7.08e-309	842.0	1	433	1	433	100.0	100.0	100.0
Clo1313_2091	203119.Cthe_0142	0.0	1063.0	1	545	1	545	100.0	100.0	100.0
Clo1313_2092	203119.Cthe_0140	0.0	1026.0	1	511	1	511	100.0	100.0	100.0
Clo1313_2093	203119.Cthe_0139	3.83e-178	496.0	1	251	1	251	100.0	100.0	100.0
Clo1313_2094	203119.Cthe_0138	1.29e-279	765.0	1	397	1	397	100.0	100.0	100.0
Clo1313_2095	203119.Cthe_0137	6.91e-235	647.0	1	336	1	336	100.0	100.0	100.0
Clo1313_2096	203119.Cthe_0136	3.83e-173	483.0	1	241	1	241	100.0	100.0	100.0
Clo1313_2097	203119.Cthe_0135	0.0	5376.0	1	2754	1	2754	99.9	100.0	100.0
Clo1313_2098	203119.Cthe_0134	1.51e-236	650.0	1	323	1	323	99.4	100.0	100.0
Clo1313_2099	203119.Cthe_0133	0.0	990.0	1	494	1	494	100.0	100.0	100.0
Clo1313_2100	203119.Cthe_0132	1.95e-250	687.0	1	345	1	345	100.0	100.0	100.0
Clo1313_2101	203119.Cthe_0131	4.35e-52	164.0	1	81	1	81	100.0	100.0	100.0
Clo1313_2102	203119.Cthe_0130	1.86e-243	669.0	1	344	1	344	100.0	100.0	100.0
Clo1313_2103	203119.Cthe_0129	0.0	970.0	1	505	1	505	100.0	100.0	100.0
Clo1313_2104	203119.Cthe_0127	1.13e-118	338.0	1	164	1	164	100.0	100.0	100.0
Clo1313_2105	203119.Cthe_0126	2.6e-101	294.0	1	154	1	154	99.4	100.0	100.0
Clo1313_2106	203119.Cthe_0125	5.63e-127	362.0	6	192	1	187	99.5	97.4	100.0
Clo1313_2107	203119.Cthe_0124	1.99e-71	216.0	6	123	1	118	100.0	95.9	100.0
Clo1313_2108	203119.Cthe_0123	5.83e-240	659.0	12	340	1	329	100.0	96.8	100.0
Clo1313_2109	203119.Cthe_0122	3.91e-95	278.0	1	147	1	147	100.0	100.0	100.0
Clo1313_2110	34506.g6867	66.2	29.3	34	56	220	242	52.2	37.1	7.3
Clo1313_2111	203119.Cthe_0120	4.96e-163	457.0	3	248	1	246	100.0	99.2	100.0
Clo1313_2112	203119.Cthe_0119	2.44e-99	288.0	1	149	1	149	100.0	100.0	100.0
Clo1313_2113	203119.Cthe_0118	4.8e-72	216.0	1	111	1	111	99.1	100.0	100.0
Clo1313_2114	203119.Cthe_0117	1.6e-53	168.0	1	88	3	90	100.0	100.0	97.8
Clo1313_2115	203119.Cthe_0116	3.22e-216	598.0	4	317	1	314	99.7	99.1	100.0
Clo1313_2116	203119.Cthe_0115	0.0	1346.0	1	659	1	659	100.0	100.0	100.0
Clo1313_2117	203119.Cthe_0114	0.0	876.0	1	439	1	439	100.0	100.0	100.0
Clo1313_2118	203119.Cthe_0113	3.88e-207	573.0	1	291	1	291	100.0	100.0	100.0
Clo1313_2119	203119.Cthe_0112	3.08e-213	589.0	1	304	2	305	100.0	100.0	99.7
Clo1313_2120	203119.Cthe_0111	6.63e-174	484.0	1	241	1	241	99.6	100.0	100.0
Clo1313_2121	203119.Cthe_0110	7.98e-225	620.0	1	318	1	318	99.7	100.0	100.0
Clo1313_2122	1514668.JOOA01000002_gene1114	1.04	36.2	68	90	603	625	65.2	21.9	3.5
Clo1313_2123	203119.Cthe_0108	2.23e-149	420.0	1	213	1	213	100.0	100.0	100.0
Clo1313_2124	203119.Cthe_0107	8.72e-105	303.0	1	155	1	155	100.0	100.0	100.0
Clo1313_2125	203119.Cthe_0106	1.2e-299	817.0	1	413	1	413	100.0	100.0	100.0
Clo1313_2126	203119.Cthe_0105	1.97e-150	423.0	1	218	1	218	99.5	100.0	100.0
Clo1313_2127	203119.Cthe_0104	9.13e-260	712.0	4	368	1	365	99.7	99.2	100.0
Clo1313_2128	203119.Cthe_0103	7.99e-89	260.0	1	130	1	130	100.0	100.0	100.0
Clo1313_2129	203119.Cthe_0102	2.62e-164	458.0	1	218	1	218	100.0	100.0	100.0
Clo1313_2130	203119.Cthe_0101	2.34e-287	784.0	1	389	1	389	100.0	100.0	100.0
Clo1313_2131	203119.Cthe_0100	2.35e-172	482.0	1	260	1	260	100.0	100.0	100.0
Clo1313_2132	203119.Cthe_0099	2.97e-211	583.0	1	291	1	291	100.0	100.0	100.0
Clo1313_2133	203119.Cthe_0098	3.22e-183	511.0	25	293	1	269	100.0	91.8	100.0
Clo1313_2134	203119.Cthe_0097	3.48e-200	556.0	15	305	1	291	99.7	95.4	100.0
Clo1313_2135	203119.Cthe_0096	7.82e-51	161.0	1	87	1	87	98.9	100.0	100.0
Clo1313_2136	203119.Cthe_0095	7.37e-90	263.0	1	131	1	131	100.0	100.0	100.0
Clo1313_2137	203119.Cthe_0094	3.56e-57	177.0	1	94	1	94	100.0	100.0	100.0
Clo1313_2138	203119.Cthe_0093	7.99e-183	509.0	1	266	1	266	100.0	100.0	100.0
Clo1313_2139	203119.Cthe_0092	6.34e-156	438.0	1	227	1	227	99.6	100.0	100.0
Clo1313_2140	203119.Cthe_0091	0.0	1402.0	1	709	1	709	99.9	100.0	100.0
Clo1313_2141	203119.Cthe_0090	7.96e-109	315.0	1	176	1	176	100.0	100.0	100.0
Clo1313_2142	203119.Cthe_0089	1.43e-191	533.0	3	287	3	287	100.0	99.3	99.3
Clo1313_2143	203119.Cthe_0088	6.36e-233	642.0	1	340	1	340	100.0	100.0	100.0
Clo1313_2144	203119.Cthe_0087	1.52e-136	387.0	1	200	1	200	100.0	100.0	100.0
Clo1313_2145	203119.Cthe_0086	4.5e-203	563.0	1	294	1	294	100.0	100.0	100.0
Clo1313_2146	203119.Cthe_0085	1.27e-133	380.0	1	210	1	210	100.0	100.0	100.0
Clo1313_2147	203119.Cthe_0084	1.09e-122	350.0	1	181	1	181	100.0	100.0	100.0
Clo1313_2148	203119.Cthe_0083	0.0	1066.0	1	559	1	559	99.8	100.0	100.0
Clo1313_2149	203119.Cthe_0082	0.0	1542.0	1	815	1	815	99.9	100.0	100.0
Clo1313_2150	203119.Cthe_0081	1.65e-284	778.0	1	401	1	401	100.0	100.0	100.0
Clo1313_2151	203119.Cthe_0080	3.38e-94	275.0	1	143	1	143	98.6	100.0	100.0
Clo1313_2152	203119.Cthe_0079	8.48e-131	370.0	1	171	1	171	100.0	100.0	100.0
Clo1313_2153	509191.AEDB02000100_gene4088	8e-27	99.4	3	68	3	70	72.5	97.1	97.1
Clo1313_2154	509191.AEDB02000100_gene4087	9.08e-34	121.0	8	127	9	128	47.5	94.5	93.8
Clo1313_2155	203119.Cthe_0076	5.01e-34	122.0	1	129	1	129	100.0	100.0	100.0
Clo1313_2156	203119.Cthe_0075	2.22e-104	307.0	1	188	20	207	98.4	96.4	76.1
Clo1313_2157	697303.Thewi_0960	0.00915	39.7	5	53	3	51	36.7	92.5	12.8
Clo1313_2159	203119.Cthe_0073	5.35e-220	608.0	1	321	1	321	99.1	100.0	100.0
Clo1313_2160	203119.Cthe_0072	1.27e-109	315.0	1	161	1	161	100.0	100.0	100.0
Clo1313_2161	203119.Cthe_0071	0.0	1798.0	1	938	1	938	100.0	100.0	100.0
Clo1313_2162	203119.Cthe_0070	0.0	931.0	1	464	1	464	100.0	100.0	100.0
Clo1313_2163	203119.Cthe_0069	1.8e-248	681.0	1	340	1	340	99.7	100.0	100.0
Clo1313_2164	203119.Cthe_0068	1.58e-144	407.0	1	203	1	203	100.0	100.0	100.0
Clo1313_2165	203119.Cthe_0067	1.9e-173	483.0	1	241	1	241	100.0	100.0	100.0
Clo1313_2166	720554.Clocl_1085	8.71e-36	128.0	1	158	1	156	41.5	100.0	99.4
Clo1313_2167	203119.Cthe_0065	4.25e-71	214.0	1	112	1	112	99.1	100.0	100.0
Clo1313_2168	203119.Cthe_0064	1.52e-213	591.0	1	318	1	318	100.0	100.0	100.0
Clo1313_2169	203119.Cthe_0063	3.24e-79	234.0	1	111	1	111	100.0	100.0	100.0
Clo1313_2170	203119.Cthe_0062	0.0	1191.0	1	629	1	629	100.0	100.0	100.0
Clo1313_2171	203119.Cthe_0061	9.69e-122	348.0	1	182	1	182	99.5	100.0	100.0
Clo1313_2172	203119.Cthe_0060	2.18e-122	348.0	1	167	1	167	100.0	100.0	100.0
Clo1313_2173	203119.Cthe_0059	0.0	947.0	1	486	1	486	100.0	100.0	100.0
Clo1313_2174	203119.Cthe_0058	1.67e-176	492.0	1	251	1	251	99.6	99.2	98.0
Clo1313_2175	203119.Cthe_0057	1.03e-148	418.0	1	210	1	210	100.0	100.0	100.0
Clo1313_2176	203119.Cthe_0056	0.0	8694.0	1	4626	5	4630	99.8	100.0	99.9
Clo1313_2177	203119.Cthe_0055	4.12e-96	283.0	1	178	1	178	100.0	100.0	100.0
Clo1313_2178	203119.Cthe_0054	0.0	1472.0	1	729	1	729	100.0	100.0	100.0
Clo1313_2179	203119.Cthe_0053	0.0	1570.0	1	794	1	794	100.0	100.0	100.0
Clo1313_2180	203119.Cthe_0052	1.22e-311	848.0	1	419	1	419	99.8	100.0	100.0
Clo1313_2181	203119.Cthe_0051	9.08e-298	813.0	1	419	1	419	100.0	100.0	100.0
Clo1313_2182	203119.Cthe_0050	9.24e-220	607.0	1	319	1	319	100.0	100.0	100.0
Clo1313_2183	203119.Cthe_0049	3.41e-152	428.0	1	220	1	220	100.0	100.0	100.0
Clo1313_2184	203119.Cthe_0048	1.33e-187	521.0	1	269	1	269	99.6	100.0	100.0
Clo1313_2185	203119.Cthe_0047	1.05e-184	514.0	1	269	1	269	98.9	100.0	100.0
Clo1313_2186	203119.Cthe_0046	0.0	1791.0	1	900	1	900	98.2	100.0	100.0
Clo1313_2187	203119.Cthe_0045	2.21e-186	518.0	1	269	1	269	98.1	100.0	100.0
Clo1313_2188	203119.Cthe_0044	0.0	1029.0	1	533	1	533	99.2	100.0	100.0
Clo1313_2189	203119.Cthe_0043	0.0	1476.0	1	742	1	742	100.0	100.0	100.0
Clo1313_2190	203119.Cthe_0042	4.08e-289	789.0	1	400	1	400	100.0	100.0	100.0
Clo1313_2191	203119.Cthe_0041	4.43e-95	277.0	1	144	1	144	100.0	100.0	100.0
Clo1313_2192	203119.Cthe_0040	0.0	1818.0	1	887	1	887	99.8	100.0	100.0
Clo1313_2193	203119.Cthe_0039	5.07e-260	734.0	1	623	2	623	87.2	100.0	99.8
Clo1313_2194	935845.JADQ01000009_gene2494	4.59e-69	213.0	1	154	4	157	64.9	100.0	90.1
Clo1313_2195	203119.Cthe_0039	1.35e-286	801.0	1	623	1	623	91.8	100.0	100.0
Clo1313_2196	935845.JADQ01000009_gene2494	9.25e-69	212.0	1	154	4	157	64.9	100.0	90.1
Clo1313_2197	203119.Cthe_0037	3.4e-98	285.0	1	142	1	142	100.0	100.0	100.0
Clo1313_2198	203119.Cthe_0036	0.0	1079.0	1	542	1	542	100.0	100.0	100.0
Clo1313_2199	203119.Cthe_0035	5.48e-174	484.0	1	234	1	234	100.0	100.0	100.0
Clo1313_2200	203119.Cthe_0034	7.13e-149	419.0	1	219	1	219	100.0	100.0	100.0
Clo1313_2201	203119.Cthe_0033	0.0	1748.0	1	888	1	888	99.7	100.0	100.0
Clo1313_2202	203119.Cthe_0032	0.0	1172.0	1	590	1	590	100.0	100.0	100.0
Clo1313_2203	203119.Cthe_0029	1.21e-153	431.0	1	209	1	209	100.0	97.7	98.6
Clo1313_2204	203119.Cthe_0028	2.62e-239	658.0	1	336	1	336	99.7	100.0	100.0
Clo1313_2207	203119.Cthe_0025	0.0	938.0	1	457	1	457	99.8	100.0	100.0
Clo1313_2208	203119.Cthe_0024	3.88e-203	562.0	1	283	1	283	99.3	100.0	100.0
Clo1313_2209	203119.Cthe_0023	1.22e-180	503.0	1	250	9	258	100.0	100.0	96.9
Clo1313_2210	203119.Cthe_0022	6.95e-284	775.0	1	388	1	388	99.7	100.0	100.0
Clo1313_2211	203119.Cthe_0021	1.39e-172	481.0	1	244	1	244	99.6	100.0	100.0
Clo1313_2212	203119.Cthe_0020	6.38e-232	638.0	1	320	1	320	99.7	100.0	100.0
Clo1313_2214	203119.Cthe_0017	0.0	1033.0	1	620	1	620	99.5	100.0	100.0
Clo1313_2215	203119.Cthe_0016	2.79e-112	322.0	1	159	1	159	100.0	100.0	100.0
Clo1313_2216	203119.Cthe_0015	0.0	1276.0	2	707	2	707	100.0	99.9	99.9
Clo1313_2217	679199.HMPREF9332_01490	55.1	31.2	41	88	164	206	35.4	44.0	18.5
Clo1313_2219	1227360.C176_16202	0.244	37.7	12	101	21	112	33.0	72.0	67.2
Clo1313_2221	203119.Cthe_0008	9.45e-67	202.0	1	100	1	100	100.0	100.0	100.0
Clo1313_2222	7460.GB45479-PA	2.78	37.0	50	129	437	509	35.8	45.2	9.0
Clo1313_2223	203119.Cthe_0005	6.03e-154	434.0	1	210	76	285	98.6	100.0	73.7
Clo1313_2224	1144307.PMI04_04424	1.04e-290	794.0	1	407	1	407	100.0	100.0	100.0
Clo1313_2225	203119.Cthe_1462	8.58e-65	197.0	1	104	1	104	100.0	100.0	100.0
Clo1313_2226	203119.Cthe_1463	1.64e-74	223.0	1	115	1	115	100.0	100.0	100.0
Clo1313_2228	203119.Cthe_1465	1.47e-105	304.0	1	150	1	150	99.3	100.0	100.0
Clo1313_2229	203119.Cthe_1466	2.81e-134	379.0	1	181	1	181	100.0	100.0	100.0
Clo1313_2231	720554.Clocl_3517	1.48e-37	125.0	1	60	1	60	90.0	96.8	96.8
Clo1313_2232	203119.Cthe_1470	3.54e-126	360.0	1	187	19	205	100.0	100.0	91.2
Clo1313_2233	203119.Cthe_1471	0.0	1144.0	1	561	1	561	99.8	100.0	100.0
Clo1313_2234	203119.Cthe_1472	0.0	1751.0	1	900	1	900	99.3	100.0	100.0
Clo1313_2235	203119.Cthe_1473	2.47e-131	372.0	1	187	1	187	99.5	100.0	100.0
Clo1313_2237	1121115.AXVN01000127_gene5	0.00255	43.9	12	52	14	54	46.3	35.7	12.1
Clo1313_2238	416591.Tlet_0370	0.334	41.6	161	249	187	288	29.8	29.2	9.2
Clo1313_2239	203119.Cthe_1477	6.12e-123	350.0	1	178	1	178	98.9	100.0	100.0
Clo1313_2240	203119.Cthe_1478	8.3e-134	379.0	1	186	1	186	100.0	100.0	100.0
Clo1313_2241	203119.Cthe_1479	8.66e-128	365.0	1	202	1	202	100.0	100.0	100.0
Clo1313_2242	203119.Cthe_1480	0.0	1308.0	1	701	1	701	99.9	100.0	100.0
Clo1313_2243	203119.Cthe_1481	0.0	892.0	1	770	1	770	99.9	100.0	100.0
Clo1313_2244	203119.Cthe_1482	1.06e-194	540.0	1	271	1	271	99.6	100.0	100.0
Clo1313_2245	203119.Cthe_1483	6.7e-266	726.0	1	352	1	352	99.7	100.0	100.0
Clo1313_2246	203119.Cthe_1484	9.09e-174	484.0	1	236	1	236	100.0	100.0	100.0
Clo1313_2247	203119.Cthe_1485	1.19e-303	827.0	1	407	11	417	99.8	100.0	97.6
Clo1313_2248	203119.Cthe_1486	9.31e-93	270.0	1	131	1	131	100.0	100.0	100.0
Clo1313_2249	203119.Cthe_1487	2.86e-89	261.0	1	129	4	132	99.2	100.0	97.7
Clo1313_2250	203119.Cthe_1488	0.0	1328.0	1	758	1	758	99.7	100.0	100.0
Clo1313_2251	411465.PEPMIC_01327	15.8	33.5	49	103	38	100	34.9	43.0	11.9
Clo1313_2252	509191.AEDB02000093_gene3474	5.34e-113	328.0	1	202	4	205	76.2	98.1	97.1
Clo1313_2253	203119.Cthe_1491	1.36e-66	202.0	1	105	1	105	99.0	100.0	100.0
Clo1313_2254	203119.Cthe_1492	0.0	1094.0	1	540	1	540	99.6	100.0	100.0
Clo1313_2255	203119.Cthe_1493	3.26e-129	367.0	1	180	25	204	100.0	100.0	88.2
Clo1313_2256	203119.Cthe_1494	9.12e-87	256.0	1	137	1	137	100.0	100.0	100.0
Clo1313_2257	203119.Cthe_1495	2.9e-91	266.0	1	130	1	130	100.0	100.0	100.0
Clo1313_2258	203119.Cthe_1497	1.2e-157	441.0	1	212	1	212	98.1	100.0	100.0
Clo1313_2259	203119.Cthe_1498	6.49e-315	872.0	1	604	1	602	99.0	100.0	100.0
Clo1313_2260	203119.Cthe_1499	0.0	1129.0	1	584	1	584	99.3	100.0	100.0
Clo1313_2261	203119.Cthe_1500	0.0	1182.0	28	657	1	630	99.8	95.9	100.0
Clo1313_2262	203119.Cthe_1501	0.0	1073.0	1	578	1	578	99.8	100.0	100.0
Clo1313_2263	203119.Cthe_1502	2.79e-102	296.0	1	157	1	157	100.0	100.0	100.0
Clo1313_2264	203119.Cthe_1503	5.63e-77	229.0	1	119	1	119	100.0	100.0	100.0
Clo1313_2265	203119.Cthe_1504	3.69e-190	528.0	1	270	1	270	98.9	100.0	100.0
Clo1313_2266	203119.Cthe_1505	3.95e-154	434.0	24	246	1	223	94.2	90.7	100.0
Clo1313_2267	203119.Cthe_1506	4.66e-250	687.0	41	380	1	340	99.7	89.5	100.0
Clo1313_2269	203119.Cthe_1507	3.87e-111	318.0	1	152	1	152	98.7	100.0	100.0
Clo1313_2270	203119.Cthe_1508	2.13e-67	205.0	1	118	1	118	99.2	100.0	100.0
Clo1313_2271	203119.Cthe_1509	8.62e-292	797.0	1	411	1	411	97.8	100.0	100.0
Clo1313_2272	203119.Cthe_1510	6.9e-179	498.0	1	247	1	247	98.8	100.0	100.0
Clo1313_2273	203119.Cthe_1511	2.18e-248	680.0	1	329	1	329	99.4	100.0	100.0
Clo1313_2274	203119.Cthe_1512	2.89e-223	615.0	1	310	1	310	99.7	100.0	100.0
Clo1313_2275	203119.Cthe_1513	3.55e-230	633.0	1	313	1	313	99.7	100.0	100.0
Clo1313_2276	203119.Cthe_1514	1.16e-188	526.0	1	292	1	292	99.7	100.0	100.0
Clo1313_2278	203119.Cthe_1516	1.67e-245	674.0	1	350	1	343	96.9	100.0	100.0
Clo1313_2280	203119.Cthe_1517	2.29e-277	757.0	1	369	1	369	99.5	100.0	100.0
Clo1313_2282	926561.KB900623_gene1139	5.86e-05	53.5	38	93	1739	1793	55.4	18.2	1.5
Clo1313_2283	203119.Cthe_1519	1.11e-302	824.0	1	409	1	409	99.0	100.0	100.0
Clo1313_2284	203119.Cthe_1520	1.9e-127	362.0	1	180	1	180	100.0	100.0	100.0
Clo1313_2285	1338011.BD94_2377	11.1	35.4	80	175	56	144	26.9	50.0	11.1
Clo1313_2286	203119.Cthe_1827	1.62e-185	521.0	2	322	2	323	81.7	99.7	99.7
Clo1313_2287	1122925.KB895395_gene1742	35.3	33.5	14	142	10	135	26.1	68.6	45.0
Clo1313_2288	203119.Cthe_1522	9.51e-155	434.0	1	212	1	212	100.0	100.0	100.0
Clo1313_2289	203119.Cthe_1523	0.0	1184.0	1	597	30	626	99.3	100.0	95.4
Clo1313_2290	203119.Cthe_1524	3.29e-250	687.0	12	357	1	346	100.0	96.9	100.0
Clo1313_2291	203119.Cthe_1525	0.0	1126.0	1	622	1	622	98.4	100.0	100.0
Clo1313_2292	203119.Cthe_1526	5.63e-177	493.0	1	254	1	254	100.0	100.0	100.0
Clo1313_2293	203119.Cthe_1527	1.07e-237	654.0	1	343	1	343	99.4	100.0	100.0
Clo1313_2294	203119.Cthe_1528	3.29e-161	451.0	1	224	1	224	99.6	100.0	100.0
Clo1313_2296	203119.Cthe_1531	3.27e-121	347.0	60	221	1	162	99.4	73.3	100.0
Clo1313_2298	202752.JL53_02325	3.2	39.7	390	521	146	283	24.3	24.2	17.0
Clo1313_2299	203119.Cthe_1535	5.55e-168	471.0	1	254	1	254	99.6	100.0	100.0
Clo1313_2300	203119.Cthe_1536	1.42e-216	598.0	1	305	1	305	100.0	100.0	100.0
Clo1313_2301	203119.Cthe_1537	3.42e-41	135.0	1	68	1	68	100.0	100.0	100.0
Clo1313_2302	203119.Cthe_1538	1.36e-267	733.0	1	374	1	374	99.7	100.0	100.0
Clo1313_2303	203119.Cthe_1539	0.0	1375.0	1	701	1	701	99.7	100.0	100.0
Clo1313_2304	203119.Cthe_1540	0.0	927.0	1	471	1	471	99.8	100.0	100.0
Clo1313_2305	203119.Cthe_1541	0.0	954.0	1	486	1	486	99.2	100.0	100.0
Clo1313_2306	203119.Cthe_1542	5.58e-60	185.0	1	97	1	97	100.0	100.0	100.0
Clo1313_2307	203119.Cthe_1543	0.0	1167.0	1	581	1	581	100.0	100.0	100.0
Clo1313_2309	1291050.JAGE01000001_gene915	4.02e-13	67.8	6	38	49	81	90.9	64.7	13.5
Clo1313_2310	203119.Cthe_1546	2.66e-271	742.0	1	377	1	377	100.0	100.0	100.0
Clo1313_2311	203119.Cthe_1547	5.81e-91	267.0	1	144	1	144	99.3	100.0	100.0
Clo1313_2312	203119.Cthe_1548	1.06e-178	497.0	1	248	1	248	100.0	100.0	100.0
Clo1313_2314	203119.Cthe_1549	1.64e-165	462.0	1	223	1	223	100.0	100.0	100.0
Clo1313_2317	4006.Lus10028465	1470.0	27.7	27	98	180	245	29.7	55.4	18.0
Clo1313_2318	203119.Cthe_1553	1.81e-139	393.0	1	190	1	190	100.0	100.0	100.0
Clo1313_2319	203119.Cthe_1554	2.24e-128	364.0	1	175	1	175	100.0	100.0	100.0
Clo1313_2321	203119.Cthe_1555	3.31e-205	568.0	1	294	1	294	100.0	100.0	100.0
Clo1313_2322	203119.Cthe_1556	5.6e-159	446.0	1	236	1	236	100.0	100.0	100.0
Clo1313_2323	203119.Cthe_1557	1.33e-189	527.0	1	273	1	273	100.0	100.0	100.0
Clo1313_2324	203119.Cthe_1558	1.1e-93	274.0	1	148	4	151	99.3	100.0	98.0
Clo1313_2325	203119.Cthe_1559	1.28e-274	751.0	1	387	1	387	99.7	100.0	100.0
Clo1313_2326	203119.Cthe_1560	2.09e-212	587.0	1	302	1	302	100.0	100.0	100.0
Clo1313_2327	203119.Cthe_1561	3.23e-95	278.0	1	144	2	145	100.0	100.0	99.3
Clo1313_2328	203119.Cthe_1562	2.68e-275	754.0	1	403	1	403	100.0	100.0	100.0
Clo1313_2329	203119.Cthe_1563	2.81e-157	441.0	1	223	1	223	100.0	100.0	100.0
Clo1313_2330	203119.Cthe_1564	2.21e-121	347.0	1	179	1	179	100.0	100.0	100.0
Clo1313_2331	203119.Cthe_1565	0.0	995.0	1	491	1	491	100.0	100.0	100.0
Clo1313_2332	203119.Cthe_1566	0.0	902.0	1	447	1	447	100.0	100.0	100.0
Clo1313_2333	203119.Cthe_1567	6.06e-75	224.0	1	111	1	111	100.0	100.0	100.0
Clo1313_2334	203119.Cthe_1568	3.23e-215	593.0	1	291	1	291	99.7	100.0	100.0
Clo1313_2335	203119.Cthe_1569	0.0	868.0	1	438	1	438	100.0	100.0	100.0
Clo1313_2336	203119.Cthe_1570	1.06e-258	708.0	1	353	1	353	100.0	100.0	100.0
Clo1313_2337	203119.Cthe_1571	4.97e-249	684.0	1	355	1	355	100.0	100.0	100.0
Clo1313_2338	203119.Cthe_1572	5.27e-193	535.0	1	267	1	267	99.6	100.0	100.0
Clo1313_2339	203119.Cthe_1573	1.15e-200	556.0	1	284	1	284	100.0	100.0	100.0
Clo1313_2340	203119.Cthe_1574	4.66e-177	493.0	1	247	1	247	99.6	100.0	100.0
Clo1313_2341	203119.Cthe_1575	1.62e-167	468.0	1	236	1	236	100.0	100.0	100.0
Clo1313_2342	203119.Cthe_1576	1.63e-238	657.0	1	355	1	355	100.0	100.0	100.0
Clo1313_2343	203119.Cthe_1577	0.0	1023.0	1	509	6	514	99.8	100.0	99.0
Clo1313_2344	203119.Cthe_1578	1.57e-196	545.0	1	280	1	280	99.3	100.0	100.0
Clo1313_2345	203119.Cthe_1579	0.0	1011.0	1	520	1	520	99.8	100.0	100.0
Clo1313_2346	203119.Cthe_1580	3.29e-258	709.0	1	372	1	372	100.0	100.0	100.0
Clo1313_2347	203119.Cthe_1581	3.65e-222	612.0	1	311	1	311	100.0	100.0	100.0
Clo1313_2348	203119.Cthe_1582	5.93e-97	281.0	1	138	1	138	100.0	100.0	100.0
Clo1313_2349	203119.Cthe_1583	3.16e-158	443.0	1	222	1	222	100.0	100.0	100.0
Clo1313_2350	203119.Cthe_1584	3.56e-187	520.0	1	259	1	259	100.0	100.0	100.0
Clo1313_2351	203119.Cthe_1585	0.0	1098.0	1	574	1	574	100.0	100.0	100.0
Clo1313_2352	203119.Cthe_1586	0.0	999.0	1	551	1	551	100.0	100.0	100.0
Clo1313_2353	203119.Cthe_1587	1.64e-260	714.0	1	367	1	367	100.0	100.0	100.0
Clo1313_2354	203119.Cthe_1588	3.91e-248	683.0	1	368	1	368	100.0	100.0	100.0
Clo1313_2355	203119.Cthe_1589	4.44e-79	235.0	1	120	1	120	100.0	100.0	100.0
Clo1313_2356	203119.Cthe_1590	0.0	1456.0	1	754	1	754	99.9	100.0	100.0
Clo1313_2357	720554.Clocl_3681	0.00428	40.0	6	36	134	164	58.1	70.5	13.8
Clo1313_2358	1449063.JMLS01000024_gene3636	5.7e-08	56.2	17	113	39	136	30.6	70.8	62.0
Clo1313_2359	203119.Cthe_1592	7.15e-266	729.0	1	373	1	373	98.7	98.7	95.4
Clo1313_2361	562970.Btus_2106	0.00967	40.0	9	61	6	58	41.5	85.5	14.9
Clo1313_2365	1408311.JNJM01000013_gene2310	5.64e-116	357.0	6	480	6	484	41.3	98.8	98.2
Clo1313_2366	1408311.JNJM01000013_gene2311	0.0	1102.0	1	889	1	889	61.3	100.0	99.9
Clo1313_2367	1304880.JAGB01000002_gene1583	0.0	1177.0	3	851	2	843	68.1	99.8	99.6
Clo1313_2369	203119.Cthe_0585	3.4e-277	758.0	1	383	1	383	100.0	100.0	100.0
Clo1313_2370	1230343.CANP01000031_gene2337	5.85e-05	52.8	9	201	24	194	24.4	59.9	52.3
Clo1313_2371	671143.DAMO_1678	1.92e-112	330.0	3	246	2	248	65.2	99.2	98.8
Clo1313_2372	370438.PTH_1527	1.93e-84	249.0	1	133	1	133	91.0	100.0	99.3
Clo1313_2373	401526.TcarDRAFT_0659	5.71e-123	358.0	8	267	8	269	65.3	94.2	95.3
Clo1313_2374	203119.Cthe_1486	5.5e-67	205.0	1	128	1	128	74.2	97.7	97.7
Clo1313_2375	720554.Clocl_0509	2.75e-205	573.0	1	348	1	348	81.9	99.7	98.6
Clo1313_2376	1089553.Tph_c22970	0.0	998.0	1	522	1	522	97.5	100.0	100.0
Clo1313_2377	203119.Cthe_1608	8.46e-101	292.0	1	150	1	150	95.3	99.3	99.3
Clo1313_2378	720554.Clocl_3658	0.0	1010.0	1	522	1	522	98.1	100.0	100.0
Clo1313_2379	1089553.Tph_c23000	1.15e-43	142.0	1	72	1	72	98.6	100.0	100.0
Clo1313_2380	720554.Clocl_3660	3.81e-256	700.0	1	334	1	334	98.5	100.0	100.0
Clo1313_2381	203119.Cthe_1612	1.02e-93	273.0	1	139	1	139	99.3	100.0	100.0
Clo1313_2382	720554.Clocl_3703	0.0	1717.0	1	822	1	822	98.7	100.0	100.0
Clo1313_2383	580327.Tthe_0807	6.76e-131	372.0	1	191	1	191	97.4	100.0	100.0
Clo1313_2384	580327.Tthe_0806	9e-42	136.0	1	64	1	64	100.0	100.0	100.0
Clo1313_2385	697281.Mahau_2809	0.0	1645.0	1	840	1	840	98.5	100.0	100.0
Clo1313_2386	580327.Tthe_0804	5.83e-176	491.0	1	257	1	257	96.5	100.0	100.0
Clo1313_2387	720554.Clocl_3708	2.72e-256	733.0	1	728	1	728	99.3	100.0	100.0
Clo1313_2388	1121428.DESHY_10072___1	2.41e-41	135.0	1	63	1	63	98.4	100.0	100.0
Clo1313_2389	697281.Mahau_2813	6.64e-82	243.0	1	127	1	127	100.0	100.0	100.0
Clo1313_2390	720554.Clocl_3711	2.53e-139	394.0	1	199	1	199	99.5	100.0	100.0
Clo1313_2391	203119.Cthe_1624	2.25e-76	228.0	1	114	1	114	99.1	100.0	100.0
Clo1313_2392	697281.Mahau_2816	6.83e-94	274.0	1	143	1	143	99.3	100.0	100.0
Clo1313_2393	203119.Cthe_1626	1.13e-70	213.0	1	111	1	111	98.2	100.0	100.0
Clo1313_2394	1121428.DESHY_10066___1	2.02e-68	207.0	1	102	8	109	99.0	100.0	93.6
Clo1313_2395	580327.Tthe_0793	2.42e-281	769.0	1	400	1	400	99.8	100.0	100.0
Clo1313_2396	1089553.Tph_c23150	3.68e-171	478.0	1	241	1	241	99.6	100.0	100.0
Clo1313_2397	1089553.Tph_c23160	0.0	882.0	1	440	1	440	99.5	100.0	100.0
Clo1313_2398	1089553.Tph_c23180	0.0	1794.0	1	889	1	888	98.4	100.0	100.0
Clo1313_2399	720554.Clocl_3720	2.06e-38	128.0	1	64	1	64	96.9	100.0	100.0
Clo1313_2400	697281.Mahau_2824	1.51e-105	305.0	1	154	1	154	96.8	99.4	99.4
Clo1313_2401	1089553.Tph_c23210	7.86e-211	583.0	1	299	1	299	96.7	100.0	100.0
Clo1313_2402	1089553.Tph_c23220	1.45e-50	159.0	1	76	1	76	97.4	100.0	100.0
Clo1313_2403	1089553.Tph_c23230	3.24e-79	234.0	1	111	1	111	100.0	100.0	100.0
Clo1313_2404	1089553.Tph_c23240	2.38e-157	442.0	1	230	1	230	100.0	100.0	100.0
Clo1313_2405	1089553.Tph_c23250	3.12e-313	852.0	1	417	1	417	99.8	100.0	100.0
Clo1313_2406	203119.Cthe_1639	0.0	887.0	1	432	1	432	98.6	100.0	100.0
Clo1313_2407	203119.Cthe_1640	1.89e-133	377.0	1	183	1	183	99.5	100.0	100.0
Clo1313_2408	203119.Cthe_1641	1.96e-86	253.0	1	119	1	119	96.6	100.0	100.0
Clo1313_2409	203119.Cthe_1642	4.35e-56	174.0	1	80	1	80	98.8	100.0	100.0
Clo1313_2410	720554.Clocl_3675	7.53e-104	300.0	1	151	1	151	99.3	100.0	100.0
Clo1313_2411	720554.Clocl_3606	1.23e-62	191.0	1	95	1	95	98.9	100.0	100.0
Clo1313_2412	720554.Clocl_3677	0.0	1006.0	1	511	1	511	99.0	100.0	100.0
Clo1313_2414	720554.Clocl_3678	2.69e-156	439.0	1	225	1	225	100.0	100.0	100.0
Clo1313_2415	720554.Clocl_3679	0.0	1622.0	1	839	1	839	100.0	100.0	100.0
Clo1313_2416	720554.Clocl_3680	1.06e-233	644.0	1	335	1	335	99.4	100.0	100.0
Clo1313_2417	720554.Clocl_3681	1.2e-163	457.0	1	224	1	224	100.0	100.0	100.0
Clo1313_2418	720554.Clocl_3682	2.34e-196	543.0	1	258	1	258	100.0	100.0	100.0
Clo1313_2421	720554.Clocl_3685	1.83e-124	354.0	1	178	1	178	99.4	100.0	100.0
Clo1313_2422	580327.Tthe_2326	1.86e-138	395.0	1	240	1	238	86.4	100.0	100.0
Clo1313_2423	536233.CLO_3264	83.7	28.5	10	41	29	60	40.6	61.5	9.5
Clo1313_2424	1234364.AMSF01000033_gene395	2.61	32.3	11	40	1087	1119	45.5	66.7	2.8
Clo1313_2425	203119.Cthe_1751	0.0	896.0	1	452	1	452	98.9	99.3	99.8
Clo1313_2426	203119.Cthe_1752	3.69e-188	523.0	1	266	1	266	99.2	100.0	100.0
Clo1313_2427	203119.Cthe_1753	1.54e-228	632.0	1	348	1	348	100.0	100.0	100.0
Clo1313_2428	203119.Cthe_1754	9.71e-226	622.0	1	318	1	318	100.0	100.0	100.0
Clo1313_2429	203119.Cthe_1756	1.85e-217	607.0	1	368	1	368	100.0	94.8	94.8
Clo1313_2430	203119.Cthe_1757	2.36e-217	600.0	1	309	1	309	100.0	100.0	100.0
Clo1313_2431	203119.Cthe_1758	5.63e-55	176.0	1	145	1	145	100.0	100.0	100.0
Clo1313_2432	203119.Cthe_1759	2.66e-146	413.0	1	223	1	223	100.0	100.0	100.0
Clo1313_2433	203119.Cthe_1760	0.0	1583.0	1	824	1	824	99.9	100.0	100.0
Clo1313_2434	203119.Cthe_1761	3.08e-253	699.0	1	402	1	402	99.8	100.0	100.0
Clo1313_2435	203119.Cthe_1762	1.7e-255	706.0	1	421	1	421	100.0	100.0	100.0
Clo1313_2436	203119.Cthe_1763	5.19e-169	473.0	1	246	1	246	100.0	100.0	100.0
Clo1313_2437	203119.Cthe_1764	2.08e-217	605.0	1	362	1	362	100.0	100.0	100.0
Clo1313_2438	203119.Cthe_1765	2.07e-262	720.0	1	383	1	383	99.7	100.0	100.0
Clo1313_2439	203119.Cthe_1766	3.82e-191	531.0	1	277	1	277	100.0	100.0	100.0
Clo1313_2440	203119.Cthe_1767	9.46e-236	649.0	1	333	1	333	99.7	100.0	100.0
Clo1313_2441	203119.Cthe_1768	4.33e-169	471.0	1	230	1	230	100.0	100.0	100.0
Clo1313_2442	509191.AEDB02000093_gene3422	2.43e-27	105.0	1	130	1	129	40.0	100.0	100.0
Clo1313_2443	720554.Clocl_3830	8.73e-31	112.0	2	113	2	113	51.8	96.6	98.2
Clo1313_2444	203119.Cthe_1771	1.18e-132	375.0	1	184	1	184	100.0	100.0	100.0
Clo1313_2445	203119.Cthe_1772	4.96e-175	489.0	1	262	1	262	99.6	100.0	100.0
Clo1313_2446	203119.Cthe_1773	0.0	1570.0	1	814	1	814	99.8	100.0	100.0
Clo1313_2447	203119.Cthe_1774	4.19e-106	306.0	1	152	1	152	100.0	100.0	100.0
Clo1313_2448	203119.Cthe_1775	1.82e-164	460.0	1	236	1	236	100.0	100.0	100.0
Clo1313_2449	203119.Cthe_1776	9.32e-112	321.0	1	161	1	161	99.4	100.0	100.0
Clo1313_2450	203119.Cthe_1777	2.64e-285	780.0	1	400	1	400	99.5	100.0	100.0
Clo1313_2451	203119.Cthe_1778	1.43e-223	617.0	1	319	1	319	100.0	100.0	100.0
Clo1313_2452	203119.Cthe_1779	5.81e-88	258.0	1	127	4	130	100.0	100.0	97.7
Clo1313_2453	203119.Cthe_1780	5.06e-126	358.0	1	177	1	177	100.0	100.0	100.0
Clo1313_2454	9818.XP_007948750.1	0.074	39.3	29	69	242	284	44.2	39.8	13.8
Clo1313_2455	203119.Cthe_1782	2.58e-85	251.0	1	130	1	130	100.0	100.0	100.0
Clo1313_2456	203119.Cthe_1783	3.64e-99	288.0	1	145	1	145	100.0	100.0	100.0
Clo1313_2457	203119.Cthe_1784	4.44e-91	266.0	1	131	1	131	99.2	100.0	100.0
Clo1313_2458	203119.Cthe_1785	6.73e-245	674.0	1	360	1	360	99.7	100.0	100.0
Clo1313_2459	203119.Cthe_1786	0.0	882.0	1	454	1	454	99.8	100.0	100.0
Clo1313_2460	203119.Cthe_1787	0.0	1335.0	1	644	1	644	100.0	100.0	100.0
Clo1313_2461	203119.Cthe_1788	9.94e-317	861.0	1	418	1	418	100.0	100.0	100.0
Clo1313_2462	203119.Cthe_1789	0.0	1558.0	1	818	1	818	100.0	100.0	100.0
Clo1313_2463	203119.Cthe_1790	2.16e-240	661.0	1	340	1	340	100.0	100.0	100.0
Clo1313_2464	203119.Cthe_1791	2.17e-118	338.0	1	168	1	168	100.0	100.0	100.0
Clo1313_2465	203119.Cthe_1792	7.2e-103	298.0	1	153	1	153	100.0	100.0	100.0
Clo1313_2467	203119.Cthe_1794	0.0	1356.0	1	695	1	695	100.0	100.0	100.0
Clo1313_2468	203119.Cthe_1795	1.11e-238	657.0	1	341	1	341	99.7	100.0	100.0
Clo1313_2469	203119.Cthe_1796	8.44e-262	717.0	1	365	1	365	100.0	100.0	100.0
Clo1313_2470	203119.Cthe_1797	8.74e-298	813.0	1	423	1	423	99.8	100.0	100.0
Clo1313_2471	203119.Cthe_1798	4.68e-153	430.0	1	217	1	217	100.0	100.0	100.0
Clo1313_2472	203119.Cthe_1799	0.0	1121.0	1	638	1	638	100.0	100.0	100.0
Clo1313_2473	203119.Cthe_1800	0.0	1010.0	1	503	1	503	100.0	100.0	100.0
Clo1313_2474	203119.Cthe_1801	2.13e-181	504.0	1	254	1	254	100.0	100.0	100.0
Clo1313_2475	203119.Cthe_1802	8.27e-182	507.0	1	269	1	269	100.0	100.0	100.0
Clo1313_2476	203119.Cthe_1803	2.44e-243	669.0	1	352	1	352	100.0	100.0	100.0
Clo1313_2477	203119.Cthe_1804	8.87e-158	444.0	1	240	1	240	100.0	100.0	100.0
Clo1313_2478	203119.Cthe_1805	7.3e-217	599.0	1	310	1	310	100.0	100.0	100.0
Clo1313_2479	203119.Cthe_1806	0.0	2683.0	1	2300	1	2177	94.6	100.0	100.0
Clo1313_2481	509191.AEDB02000023_gene3587	1.48e-16	73.6	1	68	1	70	60.0	98.6	95.9
Clo1313_2482	203119.Cthe_1807	0.0	1079.0	1	554	1	554	100.0	100.0	100.0
Clo1313_2483	203119.Cthe_1809	2.04e-117	337.0	1	179	1	179	100.0	100.0	100.0
Clo1313_2484	203119.Cthe_1810	0.0	1419.0	1	750	1	750	100.0	100.0	100.0
Clo1313_2485	203119.Cthe_1811	4.91e-78	233.0	1	124	1	124	100.0	100.0	100.0
Clo1313_2486	203119.Cthe_1812	2.71e-188	523.0	1	262	1	262	100.0	100.0	100.0
Clo1313_2487	203119.Cthe_1813	4.72e-141	398.0	1	202	1	202	100.0	100.0	100.0
Clo1313_2488	203119.Cthe_1814	3.55e-173	483.0	1	240	1	240	100.0	100.0	100.0
Clo1313_2490	203119.Cthe_1816	0.0	1149.0	1	572	1	572	99.8	100.0	100.0
Clo1313_2491	203119.Cthe_1817	2.45e-86	253.0	1	122	1	122	100.0	100.0	100.0
Clo1313_2492	203119.Cthe_1818	1.06e-63	194.0	1	100	1	100	99.0	100.0	100.0
Clo1313_2493	203119.Cthe_1819	3.95e-164	459.0	1	231	4	234	100.0	100.0	98.7
Clo1313_2494	203119.Cthe_1820	2.22e-178	497.0	3	254	1	252	100.0	99.2	100.0
Clo1313_2495	203119.Cthe_1821	3.1e-268	735.0	1	382	1	382	100.0	100.0	100.0
Clo1313_2496	203119.Cthe_1822	4.14e-203	563.0	1	302	1	302	100.0	100.0	100.0
Clo1313_2497	203119.Cthe_1823	1.31e-306	835.0	1	419	1	419	100.0	100.0	100.0
Clo1313_2498	203119.Cthe_1824	5.26e-259	710.0	1	362	1	362	99.4	100.0	100.0
Clo1313_2499	203119.Cthe_1825	0.0	1727.0	1	932	1	932	100.0	100.0	100.0
Clo1313_2500	203119.Cthe_1826	1.3e-264	724.0	1	363	1	363	100.0	100.0	100.0
Clo1313_2502	203119.Cthe_1827	7.26e-217	600.0	3	324	2	323	91.0	99.4	99.7
Clo1313_2503	1121928.AUHE01000012_gene1377	25.6	34.3	117	170	150	201	35.2	28.4	7.3
Clo1313_2504	9483.ENSCJAP00000012656	1.13	38.1	79	128	71	120	36.0	26.2	15.2
Clo1313_2506	203119.Cthe_1830	2.71e-280	767.0	1	404	1	404	100.0	100.0	100.0
Clo1313_2507	203119.Cthe_1831	7.74e-239	672.0	347	689	1	343	98.3	49.8	100.0
Clo1313_2508	1144307.PMI04_04424	1.04e-290	794.0	1	407	1	407	100.0	100.0	100.0
Clo1313_2509	509191.AEDB02000073_gene1845	1.34e-68	233.0	28	226	26	225	59.7	87.3	21.7
Clo1313_2510	203119.Cthe_1827	3.94e-193	540.0	1	322	1	323	83.6	100.0	100.0
Clo1313_2511	1430331.EP10_15980	0.323	39.7	3	47	2	46	37.8	24.1	14.0
Clo1313_2515	203119.Cthe_1830	1.57e-279	765.0	1	404	1	404	99.5	100.0	100.0
Clo1313_2516	203119.Cthe_1831	9.5e-240	674.0	347	689	1	343	98.5	49.8	100.0
Clo1313_2518	509191.AEDB02000073_gene1845	8.87e-247	724.0	29	929	27	916	45.0	96.8	96.4
Clo1313_2519	203119.Cthe_1827	3.99e-232	639.0	1	323	1	323	98.8	100.0	100.0
Clo1313_2520	357808.RoseRS_2967	5.63	36.2	62	126	255	315	29.2	33.5	14.2
Clo1313_2521	203119.Cthe_1829	0.0	1795.0	15	1112	1	1098	99.5	98.7	100.0
Clo1313_2522	203119.Cthe_3229	4.31e-298	812.0	1	405	1	405	100.0	100.0	100.0
Clo1313_2523	203119.Cthe_1830	2.71e-280	767.0	1	404	1	404	100.0	100.0	100.0
Clo1313_2524	203119.Cthe_0046	0.0	1267.0	1	900	1	900	68.8	100.0	100.0
Clo1313_2525	203119.Cthe_1833	8.04e-189	525.0	1	269	1	269	100.0	100.0	100.0
Clo1313_2526	634956.Geoth_0549	0.000699	47.8	1	91	1	96	33.3	46.2	30.2
Clo1313_2528	203119.Cthe_1836	7.07e-225	620.0	1	320	3	322	100.0	100.0	99.4
Clo1313_2529	203119.Cthe_1837	7.57e-124	352.0	1	169	1	169	100.0	100.0	100.0
Clo1313_2530	203119.Cthe_1838	0.0	1205.0	1	594	1	594	100.0	96.0	96.0
Clo1313_2531	203119.Cthe_1839	5.95e-265	724.0	1	353	1	353	100.0	100.0	100.0
Clo1313_2532	203119.Cthe_1840	7.89e-217	599.0	1	311	1	311	99.7	100.0	100.0
Clo1313_2533	203119.Cthe_1841	5.05e-192	533.0	1	269	1	269	100.0	100.0	100.0
Clo1313_2534	203119.Cthe_1842	1.44e-311	848.0	1	430	1	430	100.0	100.0	100.0
Clo1313_2535	203119.Cthe_1843	1.41e-98	286.0	1	149	1	149	98.7	100.0	100.0
Clo1313_2536	203119.Cthe_1844	7.2e-103	298.0	1	153	1	153	99.3	100.0	100.0
Clo1313_2537	203119.Cthe_1845	2.7e-230	632.0	1	305	1	305	100.0	100.0	100.0
Clo1313_2538	203119.Cthe_1846	0.0	885.0	1	463	1	463	99.8	100.0	100.0
Clo1313_2539	203119.Cthe_1847	1.1e-164	461.0	1	234	1	234	100.0	100.0	100.0
Clo1313_2540	203119.Cthe_1848	0.0	1385.0	1	743	1	743	100.0	100.0	100.0
Clo1313_2541	203119.Cthe_1849	0.0	968.0	1	499	1	499	99.8	100.0	100.0
Clo1313_2542	203119.Cthe_1850	3.37e-115	330.0	1	163	1	163	100.0	100.0	100.0
Clo1313_2543	203119.Cthe_1851	1.58e-132	376.0	1	197	1	197	100.0	100.0	100.0
Clo1313_2544	203119.Cthe_1852	1.03e-209	580.0	1	296	1	296	100.0	100.0	100.0
Clo1313_2545	203119.Cthe_1853	1.04e-41	136.0	1	66	1	66	100.0	100.0	100.0
Clo1313_2546	203119.Cthe_1854	3.06e-77	229.0	1	106	1	106	100.0	100.0	100.0
Clo1313_2547	203119.Cthe_1855	1.09e-173	484.0	13	244	1	232	100.0	95.1	100.0
Clo1313_2548	203119.Cthe_1856	1.57e-30	107.0	1	57	1	57	98.2	100.0	100.0
Clo1313_2549	203119.Cthe_1857	3.35e-305	832.0	1	429	1	429	99.8	100.0	100.0
Clo1313_2550	203119.Cthe_1858	5.31e-222	617.0	2	375	2	375	100.0	99.7	99.7
Clo1313_2551	203119.Cthe_1859	1.88e-195	543.0	1	294	1	294	100.0	100.0	100.0
Clo1313_2552	203119.Cthe_1860	6.85e-164	459.0	1	235	1	235	99.6	100.0	100.0
Clo1313_2553	203119.Cthe_1861	8.64e-253	694.0	1	361	1	361	100.0	100.0	100.0
Clo1313_2554	203119.Cthe_1862	1.3e-263	722.0	1	370	1	370	100.0	100.0	100.0
Clo1313_2555	203119.Cthe_1863	6.05e-250	686.0	1	346	1	346	99.7	100.0	100.0
Clo1313_2556	203119.Cthe_1864	2.18e-215	595.0	1	304	1	304	99.7	100.0	100.0
Clo1313_2557	509191.AEDB02000023_gene3641	9.82e-80	245.0	1	220	10	229	50.5	100.0	95.7
Clo1313_2558	203119.Cthe_1866	2.57e-292	797.0	1	400	1	400	99.8	100.0	100.0
Clo1313_2559	203119.Cthe_1867	3.06e-263	720.0	1	354	1	354	99.7	100.0	100.0
Clo1313_2560	203119.Cthe_1868	0.0	2076.0	1	1067	1	1067	100.0	100.0	100.0
Clo1313_2561	203119.Cthe_1869	3.64e-220	607.0	1	307	1	307	100.0	100.0	100.0
Clo1313_2562	203119.Cthe_1870	3.81e-105	304.0	1	158	1	158	100.0	100.0	100.0
Clo1313_2563	203119.Cthe_0220	1.33e-226	624.0	1	315	1	315	98.7	100.0	100.0
Clo1313_2564	203119.Cthe_1890	8.95e-115	369.0	1	228	1	228	100.0	30.9	32.1
Clo1313_2565	748224.HMPREF9436_02757	1.2e-13	70.5	1	125	19	144	39.7	96.9	87.5
Clo1313_2567	203119.Cthe_1894	1.48e-99	289.0	1	147	1	147	100.0	100.0	100.0
Clo1313_2568	203119.Cthe_1895	1.64e-74	223.0	2	115	2	115	99.1	99.1	99.1
Clo1313_2569	203119.Cthe_1896	3.56e-184	511.0	1	253	1	253	99.6	100.0	100.0
Clo1313_2570	720554.Clocl_0152	1.26e-31	114.0	1	108	1	100	50.9	100.0	84.7
Clo1313_2572	203119.Cthe_1899	1.74e-193	538.0	1	289	1	289	99.7	100.0	100.0
Clo1313_2574	1144307.PMI04_04424	1.04e-290	794.0	1	407	1	407	100.0	100.0	100.0
Clo1313_2575	203119.Cthe_1902	4.14e-200	555.0	1	291	2	292	99.7	100.0	99.7
Clo1313_2576	203119.Cthe_1903	9.87e-187	517.0	1	245	1	245	100.0	100.0	100.0
Clo1313_2577	203119.Cthe_1904	0.0	3610.0	1	1833	1	1833	99.9	100.0	100.0
Clo1313_2578	203119.Cthe_1905	1.7e-302	824.0	1	410	1	410	99.8	100.0	100.0
Clo1313_2579	203119.Cthe_1906	1.77e-305	831.0	1	403	1	403	100.0	100.0	100.0
Clo1313_2580	203119.Cthe_1907	0.0	1238.0	1	625	1	625	99.7	100.0	100.0
Clo1313_2581	203119.Cthe_1908	2.26e-209	630.0	1	450	1	450	100.0	46.8	46.8
Clo1313_2582	203119.Cthe_1909	1.18e-241	677.0	1	490	1	490	100.0	100.0	100.0
Clo1313_2583	203119.Cthe_1910	4.35e-236	656.0	1	413	3	415	100.0	100.0	99.5
Clo1313_2584	203119.Cthe_1911	0.0	2615.0	1	1290	1	1290	99.8	100.0	100.0
Clo1313_2585	203119.Cthe_2031	5.43e-114	326.0	1	158	1	158	99.4	100.0	100.0
Clo1313_2586	203119.Cthe_1912	0.0	1028.0	1	535	1	535	100.0	100.0	100.0
Clo1313_2587	203119.Cthe_1913	2.35e-147	419.0	1	265	1	265	100.0	100.0	100.0
Clo1313_2588	203119.Cthe_1914	6.64e-315	857.0	1	426	1	426	100.0	100.0	100.0
Clo1313_2589	203119.Cthe_1915	0.0	882.0	1	463	1	463	99.6	100.0	100.0
Clo1313_2590	203119.Cthe_1916	1.45e-166	465.0	1	228	1	228	100.0	100.0	100.0
Clo1313_2591	203119.Cthe_1917	0.0	1710.0	1	905	1	905	99.8	100.0	100.0
Clo1313_2592	203119.Cthe_1918	0.0	950.0	1	486	1	486	99.8	100.0	100.0
Clo1313_2593	203119.Cthe_1919	1.68e-158	445.0	1	232	1	232	100.0	100.0	100.0
Clo1313_2594	203119.Cthe_1920	1.68e-158	445.0	1	232	1	232	99.6	100.0	100.0
Clo1313_2595	203119.Cthe_1921	1.53e-74	223.0	2	114	2	114	100.0	99.1	99.1
Clo1313_2596	203119.Cthe_1922	2.57e-207	576.0	1	322	1	322	100.0	100.0	100.0
Clo1313_2597	203119.Cthe_1923	0.0	1087.0	1	542	1	542	100.0	100.0	100.0
Clo1313_2599	203119.Cthe_2862	2.3e-98	290.0	2	205	1	200	64.7	99.5	100.0
Clo1313_2600	203119.Cthe_2825	5.12e-234	665.0	1	452	1	451	91.2	82.2	73.3
Clo1313_2601	203119.Cthe_1930	0.0	976.0	1	505	1	505	100.0	100.0	100.0
Clo1313_2602	203119.Cthe_1931	0.0	1032.0	1	521	1	521	100.0	100.0	100.0
Clo1313_2603	203119.Cthe_1932	0.0	1954.0	1	1001	1	1001	99.9	100.0	100.0
Clo1313_2604	203119.Cthe_1933	1.46e-153	431.0	1	211	1	211	100.0	100.0	100.0
Clo1313_2605	203119.Cthe_1934	1.28e-154	434.0	1	225	1	225	100.0	100.0	100.0
Clo1313_2606	203119.Cthe_1935	0.0	1110.0	1	564	1	564	100.0	100.0	100.0
Clo1313_2607	203119.Cthe_1936	3.04e-105	304.0	1	155	1	155	99.4	100.0	100.0
Clo1313_2608	203119.Cthe_1937	1.1e-190	529.0	1	268	1	268	100.0	100.0	100.0
Clo1313_2609	203119.Cthe_1938	3.26e-276	754.0	1	376	1	376	99.7	100.0	100.0
Clo1313_2610	203119.Cthe_1939	1.47e-302	827.0	1	444	1	444	100.0	100.0	100.0
Clo1313_2611	4155.Migut.G00503.1.p	9.26	30.8	10	41	146	177	43.8	71.1	4.2
Clo1313_2612	509191.AEDB02000085_gene2689	1.31e-30	123.0	1	223	1	215	39.3	90.7	64.8
Clo1313_2613	203119.Cthe_1941	4.02e-50	158.0	1	71	12	82	100.0	100.0	86.6
Clo1313_2614	203119.Cthe_1942	5.22e-184	515.0	1	299	1	299	99.7	100.0	100.0
Clo1313_2615	203119.Cthe_1943	1.03e-150	424.0	1	220	8	227	100.0	100.0	96.9
Clo1313_2616	203119.Cthe_1944	1.62e-129	367.0	1	182	1	182	100.0	100.0	100.0
Clo1313_2617	203119.Cthe_1945	7.22e-206	570.0	1	297	1	297	99.7	100.0	100.0
Clo1313_2618	203119.Cthe_1946	3.25e-311	847.0	1	427	1	427	100.0	100.0	100.0
Clo1313_2619	203119.Cthe_1947	9.96e-141	397.0	1	198	1	198	100.0	100.0	100.0
Clo1313_2620	203119.Cthe_1948	1.74e-146	414.0	1	222	1	222	99.5	100.0	100.0
Clo1313_2621	203119.Cthe_1950	1.74e-45	149.0	1	107	1	107	100.0	100.0	100.0
Clo1313_2622	203119.Cthe_1951	1.24e-94	277.0	1	153	1	153	100.0	100.0	100.0
Clo1313_2623	509191.AEDB02000022_gene3005	3.22e-08	55.5	1	97	1	95	39.4	78.2	84.8
Clo1313_2624	203119.Cthe_1953	7.41e-163	456.0	1	234	1	234	99.1	100.0	100.0
Clo1313_2625	203119.Cthe_1954	8.84e-186	518.0	1	287	1	287	99.7	100.0	100.0
Clo1313_2626	203119.Cthe_1955	0.0	1358.0	1	718	1	718	99.9	100.0	100.0
Clo1313_2627	203119.Cthe_1956	8.89e-218	601.0	1	310	1	310	100.0	100.0	100.0
Clo1313_2628	203119.Cthe_1957	0.0	877.0	1	446	1	446	99.8	100.0	100.0
Clo1313_2629	720554.Clocl_0593	1.62e-20	83.2	5	64	6	65	70.0	92.3	90.9
Clo1313_2630	203119.Cthe_1958	4.52e-237	651.0	1	321	1	321	100.0	100.0	100.0
Clo1313_2631	203119.Cthe_1959	3.4e-173	483.0	1	244	1	244	100.0	100.0	100.0
Clo1313_2632	203119.Cthe_1960	1.18e-254	699.0	1	360	1	360	100.0	100.0	100.0
Clo1313_2633	203119.Cthe_1961	0.0	1519.0	1	816	1	816	99.8	100.0	100.0
Clo1313_2634	203119.Cthe_1962	6.12e-230	633.0	1	320	1	320	100.0	100.0	100.0
Clo1313_2635	203119.Cthe_1963	0.0	1665.0	1	837	1	837	99.9	100.0	100.0
Clo1313_2637	203119.Cthe_1964	0.0	991.0	1	509	1	509	99.8	100.0	100.0
Clo1313_2638	203119.Cthe_1965	1.38e-137	388.0	1	187	1	187	100.0	100.0	100.0
Clo1313_2639	1121085.AUCI01000006_gene1530	5.14	31.6	11	44	467	500	47.1	73.9	5.3
Clo1313_2640	203119.Cthe_1966	8.74e-69	208.0	1	108	1	108	98.1	100.0	100.0
Clo1313_2641	203119.Cthe_1967	0.0	1152.0	1	578	1	578	99.8	100.0	100.0
Clo1313_2642	203119.Cthe_1968	0.0	2040.0	1	1066	1	1066	99.9	100.0	100.0
Clo1313_2643	203119.Cthe_1969	1.26e-152	448.0	1	459	1	459	100.0	100.0	100.0
Clo1313_2644	203119.Cthe_1970	9.42e-63	192.0	1	101	1	101	100.0	100.0	100.0
Clo1313_2645	203119.Cthe_1971	5.66e-70	211.0	1	109	1	109	100.0	100.0	100.0
Clo1313_2646	203119.Cthe_1972	5.11e-67	203.0	1	106	1	106	99.1	100.0	100.0
Clo1313_2647	203119.Cthe_1973	0.0	886.0	1	507	1	507	100.0	100.0	100.0
Clo1313_2648	203119.Cthe_1974	1.39e-96	285.0	1	187	1	187	99.5	100.0	100.0
Clo1313_2649	634956.Geoth_3564	8.35e-21	87.4	4	104	10	113	42.9	90.2	88.9
Clo1313_2650	634956.Geoth_3565	3.17e-20	89.7	7	70	281	343	60.9	79.0	17.1
Clo1313_2651	203119.Cthe_1979	2.33e-256	711.0	1	450	1	450	97.8	100.0	100.0
Clo1313_2653	1230342.CTM_15413	1.94e-06	46.6	2	39	4	41	47.4	84.4	61.3
Clo1313_2654	945021.TEH_07750	1.03	36.2	35	86	73	124	42.3	40.3	36.1
Clo1313_2655	246199.CUS_6832	0.0203	39.7	57	113	39	98	44.3	50.4	61.2
Clo1313_2657	1117108.PAALTS15_29241	1.18e-20	86.3	1	100	1	100	46.0	96.2	98.0
Clo1313_2658	272942.RCAP_rcc02587	0.0283	38.5	48	96	28	76	38.8	50.0	59.8
Clo1313_2659	203119.Cthe_2024	5.56e-275	754.0	26	417	1	392	91.1	93.6	99.0
Clo1313_2660	203119.Cthe_2025	6.41e-112	323.0	1	182	1	182	92.3	99.5	98.4
Clo1313_2661	1499498.EV05_1089	6.08	34.3	55	112	103	159	35.0	50.0	15.8
Clo1313_2663	203119.Cthe_0585	1.45e-53	177.0	1	92	1	92	100.0	100.0	24.0
Clo1313_2664	203119.Cthe_0220	6.87e-229	630.0	1	315	1	315	100.0	100.0	100.0
Clo1313_2665	720554.Clocl_0838	3.2e-69	210.0	1	123	1	123	82.9	100.0	100.0
Clo1313_2666	203119.Cthe_2834	2.34e-235	667.0	1	472	1	467	90.7	80.8	83.2
Clo1313_2667	203119.Cthe_2847	7.03e-175	506.0	3	257	1	255	93.3	95.1	35.6
Clo1313_2669	68886.XP_009691125.1	13.0	33.9	46	95	1103	1148	36.0	38.8	2.6
Clo1313_2670	203119.Cthe_1988	9.51e-61	186.0	1	92	1	92	100.0	100.0	100.0
Clo1313_2671	203119.Cthe_2834	3.81e-256	719.0	1	456	1	456	97.6	81.9	81.3
Clo1313_2672	203119.Cthe_2032	1.33e-45	164.0	9	114	1899	2004	97.2	92.2	5.3
Clo1313_2675	203119.Cthe_2857	6.62e-105	303.0	1	156	1	156	100.0	100.0	100.0
Clo1313_2677	203119.Cthe_2855	6.85e-294	802.0	1	412	1	412	94.7	100.0	100.0
Clo1313_2678	203119.Cthe_2825	0.0	1011.0	1	615	1	615	95.1	100.0	100.0
Clo1313_2680	1230342.CTM_15413	1.94e-06	46.6	2	39	4	41	47.4	84.4	61.3
Clo1313_2682	469378.Ccur_08280	12.1	35.0	3	111	84	185	32.4	54.8	37.4
Clo1313_2683	203119.Cthe_2030	2.09e-128	384.0	2	264	249	526	77.7	82.7	49.8
Clo1313_2684	203119.Cthe_2862	3.55e-125	358.0	4	205	3	200	84.7	98.5	99.0
Clo1313_2686	203119.Cthe_2031	1.33e-114	328.0	1	158	1	158	100.0	100.0	100.0
Clo1313_2687	203119.Cthe_2032	0.0	3880.0	1	2004	1	2004	99.9	100.0	100.0
Clo1313_2688	203119.Cthe_2033	2.88e-63	194.0	2	104	2	104	100.0	99.0	99.0
Clo1313_2689	203119.Cthe_2034	0.0	1249.0	1	627	1	627	99.8	100.0	100.0
Clo1313_2691	203119.Cthe_2036	3.39e-162	455.0	43	260	1	218	99.5	83.8	100.0
Clo1313_2693	203119.Cthe_2038	0.0	1594.0	1	807	1	807	99.9	100.0	100.0
Clo1313_2694	203119.Cthe_2039	0.0	2427.0	1	1251	1	1251	99.7	100.0	100.0
Clo1313_2695	203119.Cthe_2040	0.0	2261.0	1	1146	1	1146	99.8	100.0	100.0
Clo1313_2696	203119.Cthe_2041	3.46e-101	293.0	1	148	2	149	100.0	100.0	99.3
Clo1313_2698	203119.Cthe_2044	2.09e-141	399.0	1	201	1	200	99.5	100.0	100.0
Clo1313_2700	203119.Cthe_0585	3.4e-277	758.0	1	383	1	383	100.0	100.0	100.0
Clo1313_2702	203119.Cthe_2002	3.97e-107	309.0	1	158	1	158	99.4	100.0	100.0
Clo1313_2703	1293054.HSACCH_01911	0.017	39.3	8	64	54	108	39.7	89.1	28.1
Clo1313_2704	203119.Cthe_2047	2.16e-235	666.0	1	453	1	451	92.3	82.5	79.7
Clo1313_2705	203119.Cthe_2048	1.46e-119	342.0	3	175	1	173	100.0	98.9	100.0
Clo1313_2706	203119.Cthe_2049	3.97e-217	598.0	8	301	1	294	99.7	97.7	100.0
Clo1313_2707	203119.Cthe_2050	6.69e-202	558.0	1	279	1	279	100.0	100.0	100.0
Clo1313_2708	203119.Cthe_2051	2.41e-190	528.0	1	260	1	260	100.0	100.0	100.0
Clo1313_2709	203119.Cthe_2052	7.11e-92	268.0	1	130	1	130	100.0	100.0	100.0
Clo1313_2710	203119.Cthe_2053	2.45e-309	842.0	1	415	1	415	100.0	100.0	100.0
Clo1313_2711	203119.Cthe_2054	2.7e-132	374.0	2	181	2	181	100.0	99.4	99.4
Clo1313_2712	203119.Cthe_2055	0.0	1278.0	1	639	1	639	100.0	100.0	100.0
Clo1313_2713	203119.Cthe_2056	3.97e-227	625.0	1	313	1	313	99.7	100.0	100.0
Clo1313_2714	203119.Cthe_2057	0.0	1209.0	1	610	1	610	100.0	100.0	100.0
Clo1313_2715	203119.Cthe_2058	8.42e-124	352.0	1	175	1	175	100.0	100.0	100.0
Clo1313_2716	203119.Cthe_2059	5.01e-142	402.0	1	214	1	214	99.5	100.0	100.0
Clo1313_2717	1165096.ARWF01000001_gene343	56.3	27.7	1	27	195	221	44.4	90.0	10.8
Clo1313_2718	203119.Cthe_2060	7.39e-189	525.0	1	277	1	277	100.0	100.0	100.0
Clo1313_2719	203119.Cthe_2061	1.15e-95	278.0	1	140	1	140	100.0	100.0	100.0
Clo1313_2720	203119.Cthe_2062	0.0	963.0	1	511	1	511	100.0	100.0	100.0
Clo1313_2721	203119.Cthe_2063	1.36e-246	679.0	1	373	1	373	99.7	100.0	100.0
Clo1313_2722	203119.Cthe_2064	9.94e-304	828.0	1	423	1	423	99.8	100.0	100.0
Clo1313_2723	203119.Cthe_2065	0.0	936.0	1	468	1	468	100.0	100.0	100.0
Clo1313_2724	203119.Cthe_2066	1.19e-175	489.0	1	248	1	248	100.0	100.0	100.0
Clo1313_2725	203119.Cthe_2067	7.55e-85	251.0	1	135	1	135	100.0	100.0	100.0
Clo1313_2726	203119.Cthe_2068	3.37e-219	603.0	1	295	1	295	99.7	100.0	100.0
Clo1313_2727	203119.Cthe_2069	2.41e-189	525.0	1	258	1	258	100.0	100.0	100.0
Clo1313_2728	203119.Cthe_2070	1.24e-200	556.0	1	285	1	285	99.6	100.0	100.0
Clo1313_2729	203119.Cthe_2071	1.17e-216	598.0	1	307	1	307	100.0	100.0	100.0
Clo1313_2730	203119.Cthe_2072	2.91e-177	494.0	1	250	1	250	99.6	100.0	100.0
Clo1313_2731	203119.Cthe_2073	3.21e-287	784.0	1	393	1	393	100.0	100.0	100.0
Clo1313_2732	203119.Cthe_2074	2.62e-40	133.0	1	72	1	72	100.0	100.0	100.0
Clo1313_2733	203119.Cthe_3380	2.87e-28	102.0	1	56	1	56	98.2	100.0	100.0
Clo1313_2734	203119.Cthe_2075	1.14e-170	476.0	1	242	1	242	100.0	100.0	100.0
Clo1313_2735	203119.Cthe_2076	5.33e-267	732.0	1	387	1	387	99.7	100.0	100.0
Clo1313_2736	203119.Cthe_2077	1.51e-86	254.0	1	124	3	126	100.0	100.0	98.4
Clo1313_2737	203119.Cthe_2078	4.63e-147	415.0	1	218	2	219	100.0	100.0	99.5
Clo1313_2738	203119.Cthe_2079	1.61e-132	375.0	2	188	2	188	100.0	99.5	99.5
Clo1313_2739	203119.Cthe_2080	1.56e-99	292.0	1	146	1	146	100.0	76.8	76.8
Clo1313_2740	203119.Cthe_2081	0.0	1109.0	27	608	1	582	99.8	95.7	100.0
Clo1313_2741	203119.Cthe_2082	2.94e-50	159.0	1	74	6	79	100.0	100.0	93.7
Clo1313_2742	203119.Cthe_2083	8.63e-295	803.0	1	399	1	399	100.0	100.0	100.0
Clo1313_2743	203119.Cthe_2085	2.52e-119	341.0	1	172	1	172	100.0	100.0	100.0
Clo1313_2744	203119.Cthe_2086	0.0	1658.0	1	839	1	839	99.8	100.0	100.0
Clo1313_2745	203119.Cthe_2087	9.21e-212	585.0	1	294	1	294	99.7	100.0	100.0
Clo1313_2746	203119.Cthe_2088	5.67e-60	188.0	1	136	1	136	100.0	100.0	100.0
Clo1313_2747	203119.Cthe_2089	0.0	1494.0	4	744	1	741	99.5	99.6	100.0
Clo1313_2748	203119.Cthe_2090	2.03e-89	267.0	1	192	1	192	100.0	100.0	100.0
Clo1313_2749	203119.Cthe_2091	7.29e-274	753.0	1	432	1	432	100.0	100.0	100.0
Clo1313_2750	203119.Cthe_2092	3.03e-196	545.0	1	284	1	284	100.0	100.0	100.0
Clo1313_2751	203119.Cthe_2093	2.18e-246	677.0	1	352	1	352	99.7	100.0	100.0
Clo1313_2752	5016.M2UTC4	104.0	32.3	104	168	683	738	36.9	35.5	6.3
Clo1313_2753	203119.Cthe_2095	1.62e-181	505.0	1	255	1	255	99.6	100.0	100.0
Clo1313_2754	203119.Cthe_2096	0.0	1305.0	1	654	1	654	100.0	100.0	100.0
Clo1313_2755	203119.Cthe_2097	2.31e-259	709.0	1	347	1	347	100.0	100.0	100.0
Clo1313_2756	203119.Cthe_2098	4.82e-115	330.0	1	177	1	177	100.0	100.0	100.0
Clo1313_2757	203119.Cthe_2099	3.16e-143	404.0	2	210	2	210	100.0	99.5	99.5
Clo1313_2758	203119.Cthe_2100	1.08e-51	162.0	1	79	1	79	100.0	100.0	100.0
Clo1313_2759	203119.Cthe_2101	1.29e-195	543.0	1	280	1	280	99.6	100.0	100.0
Clo1313_2760	203119.Cthe_2102	1.02e-176	493.0	4	254	1	251	99.2	98.8	100.0
Clo1313_2761	203119.Cthe_2103	4.74e-21	84.0	1	56	5	60	100.0	100.0	93.3
Clo1313_2762	203119.Cthe_2104	1.17e-192	536.0	1	291	1	291	100.0	100.0	100.0
Clo1313_2763	203119.Cthe_2105	2.49e-229	632.0	1	329	1	329	99.7	100.0	100.0
Clo1313_2764	203119.Cthe_2106	1.2e-95	279.0	1	150	1	150	100.0	100.0	100.0
Clo1313_2765	203119.Cthe_2107	2.71e-166	464.0	1	227	1	227	100.0	100.0	100.0
Clo1313_2766	203119.Cthe_2108	0.0	949.0	1	479	7	485	99.8	100.0	98.8
Clo1313_2767	720554.Clocl_4032	4.97e-24	91.7	1	60	1	60	71.7	100.0	100.0
Clo1313_2768	203119.Cthe_2109	0.0	1638.0	1	845	1	845	99.6	100.0	100.0
Clo1313_2769	203119.Cthe_2110	2.69e-181	504.0	1	257	1	257	100.0	100.0	100.0
Clo1313_2770	203119.Cthe_2111	0.0	1263.0	1	685	1	685	100.0	100.0	100.0
Clo1313_2771	203119.Cthe_2112	1.68e-163	457.0	1	233	1	233	100.0	100.0	100.0
Clo1313_2772	203119.Cthe_2113	5.13e-244	670.0	1	341	1	341	100.0	100.0	100.0
Clo1313_2773	203119.Cthe_2115	8.02e-59	182.0	1	95	1	95	100.0	100.0	100.0
Clo1313_2774	203119.Cthe_2116	4.15e-158	446.0	1	253	1	253	99.6	100.0	100.0
Clo1313_2775	203119.Cthe_2117	3.25e-252	691.0	1	342	1	342	99.7	100.0	100.0
Clo1313_2776	203119.Cthe_2118	9.74e-176	490.0	1	250	1	250	100.0	100.0	100.0
Clo1313_2777	203119.Cthe_2119	0.0	1419.0	2	760	2	760	100.0	99.9	99.9
Clo1313_2778	203119.Cthe_2120	1.74e-175	489.0	1	253	1	253	99.6	100.0	100.0
Clo1313_2779	768710.DesyoDRAFT_4080	3.25e-16	83.6	19	223	15	209	29.5	86.9	66.6
Clo1313_2780	1122918.KB907248_gene4557	4.27	33.9	22	90	242	307	30.4	75.8	13.9
Clo1313_2781	203119.Cthe_2123	0.0	889.0	1	470	1	470	100.0	100.0	100.0
Clo1313_2782	1195236.CTER_4357	2.46e-40	157.0	10	447	12	431	26.8	98.0	97.0
Clo1313_2783	203119.Cthe_2125	6.62e-203	563.0	2	304	1	303	99.0	99.7	100.0
Clo1313_2784	203119.Cthe_2126	8.29e-199	552.0	20	303	1	284	100.0	93.7	100.0
Clo1313_2785	203119.Cthe_2127	4.43e-179	499.0	1	264	1	264	100.0	100.0	100.0
Clo1313_2786	203119.Cthe_2128	0.0	909.0	1	460	1	460	100.0	100.0	100.0
Clo1313_2788	203119.Cthe_2130	1.58e-236	657.0	1	400	31	430	99.8	100.0	93.0
Clo1313_2789	203119.Cthe_2131	5.57e-83	245.0	1	122	1	122	100.0	100.0	100.0
Clo1313_2790	203119.Cthe_2132	1.32e-308	841.0	1	432	1	432	99.8	100.0	100.0
Clo1313_2791	203119.Cthe_2133	2.34e-146	412.0	1	203	1	203	99.5	100.0	100.0
Clo1313_2793	203119.Cthe_2137	0.0	1554.0	21	771	1	751	100.0	92.7	95.1
Clo1313_2794	203119.Cthe_2138	0.0	1087.0	1	580	1	580	100.0	100.0	100.0
Clo1313_2795	203119.Cthe_2139	0.0	1847.0	1	982	1	982	99.7	100.0	100.0
Clo1313_2796	203119.Cthe_2140	0.0	874.0	1	440	1	440	100.0	100.0	100.0
Clo1313_2797	1235800.C819_04173	2.24e-10	59.7	1	49	1	49	51.0	76.6	31.6
Clo1313_2798	203119.Cthe_2141	5.8e-291	793.0	1	395	1	395	100.0	100.0	100.0
Clo1313_2800	203119.Cthe_2142	1.08e-140	397.0	1	199	1	199	100.0	100.0	100.0
Clo1313_2801	203119.Cthe_2143	1.86e-70	213.0	1	113	1	113	100.0	100.0	100.0
Clo1313_2802	203119.Cthe_2144	0.0	1052.0	1	547	1	547	99.6	100.0	100.0
Clo1313_2804	203119.Cthe_2146	5.78e-74	221.0	1	113	1	113	99.1	100.0	100.0
Clo1313_2805	203119.Cthe_2147	0.0	1272.0	1	660	1	660	99.5	100.0	100.0
Clo1313_2806	203119.Cthe_2148	4.49e-183	509.0	1	254	1	254	100.0	100.0	100.0
Clo1313_2807	203119.Cthe_2149	0.0	863.0	1	429	1	429	100.0	100.0	100.0
Clo1313_2808	203119.Cthe_2150	0.0	879.0	1	448	1	448	100.0	100.0	100.0
Clo1313_2809	203119.Cthe_2151	0.0	1389.0	59	789	1	731	99.9	92.6	100.0
Clo1313_2810	203119.Cthe_2152	4.18e-118	338.0	1	172	1	172	100.0	100.0	100.0
Clo1313_2811	203119.Cthe_2154	3.36e-217	598.0	1	291	1	291	99.7	100.0	100.0
Clo1313_2812	203119.Cthe_2155	0.0	1255.0	1	631	1	631	100.0	100.0	100.0
Clo1313_2813	546269.HMPREF0389_01391	1.21e-05	49.7	37	87	53	102	39.2	55.4	9.8
Clo1313_2814	1536773.R70331_03175	0.302	37.7	59	107	225	270	40.8	44.5	17.0
Clo1313_2815	203119.Cthe_2159	5.49e-168	473.0	2	286	2	286	99.3	99.7	99.7
Clo1313_2816	203119.Cthe_2160	0.0	1440.0	1	804	1	797	88.3	100.0	100.0
Clo1313_2817	509191.AEDB02000034_gene2293	2.12e-11	59.3	1	47	7	53	63.8	90.4	83.9
Clo1313_2818	1280692.AUJL01000018_gene1011	0.000196	40.8	1	40	1	40	47.5	100.0	97.6
Clo1313_2819	203119.Cthe_2161	9.44e-184	514.0	1	293	1	293	98.6	100.0	100.0
Clo1313_2820	203119.Cthe_2162	1.4e-178	496.0	1	238	1	238	99.2	100.0	100.0
Clo1313_2821	203119.Cthe_2163	3.95e-71	214.0	1	111	1	111	100.0	100.0	100.0
Clo1313_2822	509191.AEDB02000051_gene1328	5.96e-17	72.8	1	46	1	46	65.2	100.0	100.0
Clo1313_2823	203119.Cthe_2164	7.2e-36	120.0	1	52	1	52	100.0	100.0	100.0
Clo1313_2824	203119.Cthe_2165	9.22e-141	397.0	1	197	1	197	100.0	100.0	100.0
Clo1313_2825	203119.Cthe_2166	1.49e-273	748.0	1	378	1	378	100.0	100.0	100.0
Clo1313_2826	203119.Cthe_2167	2.06e-281	768.0	1	380	1	380	100.0	100.0	100.0
Clo1313_2827	203119.Cthe_2168	0.0	1428.0	1	731	1	731	100.0	100.0	100.0
Clo1313_2828	203119.Cthe_2169	2.64e-205	566.0	1	273	1	273	100.0	100.0	100.0
Clo1313_2829	203119.Cthe_2170	9.73e-279	760.0	1	369	1	369	100.0	100.0	100.0
Clo1313_2830	203119.Cthe_2171	0.0	1982.0	1	989	1	989	99.7	100.0	100.0
Clo1313_2831	203119.Cthe_2172	3.17e-46	148.0	1	67	4	70	100.0	100.0	95.7
Clo1313_2832	203119.Cthe_2174	0.0	1023.0	1	648	1	648	99.5	99.7	99.2
Clo1313_2833	509191.AEDB02000016_gene16	706.0	24.6	7	25	545	563	52.6	63.3	3.1
Clo1313_2834	203119.Cthe_2175	1.4e-161	452.0	1	222	1	222	100.0	100.0	100.0
Clo1313_2835	203119.Cthe_2176	3.64e-192	535.0	1	292	1	292	99.7	100.0	100.0
Clo1313_2837	203119.Cthe_2178	1.57e-106	307.0	1	153	1	153	100.0	100.0	100.0
Clo1313_2838	10141.ENSCPOP00000002259	0.876	33.9	14	46	173	210	50.0	67.3	8.7
Clo1313_2839	1440053.JOEI01000005_gene2212	1.41	35.4	64	96	253	289	37.8	34.0	11.3
Clo1313_2840	877415.JNJQ01000009_gene1031	6.99e-53	186.0	33	369	27	346	34.7	90.6	92.2
Clo1313_2841	5478.XP_448674.1	0.183	38.5	8	58	95	151	43.9	46.8	7.6
Clo1313_2842	203119.Cthe_2179	4.28e-232	662.0	1	348	572	922	94.9	100.0	38.1
Clo1313_2843	203119.Cthe_2179	0.0	1041.0	1	564	1	564	98.4	99.8	61.2
Clo1313_2844	203119.Cthe_2180	4.07e-306	835.0	1	432	4	435	98.8	100.0	99.3
Clo1313_2845	203119.Cthe_2181	3.03e-168	470.0	1	237	1	237	99.6	100.0	100.0
Clo1313_2846	203119.Cthe_2182	0.0	1785.0	1	929	1	929	100.0	100.0	100.0
Clo1313_2847	203119.Cthe_2183	2.62e-204	565.0	1	289	1	289	99.3	100.0	100.0
Clo1313_2848	203119.Cthe_2184	5.39e-186	518.0	2	276	2	276	100.0	99.6	99.6
Clo1313_2849	203119.Cthe_2185	8.72e-58	179.0	1	94	1	94	100.0	100.0	100.0
Clo1313_2850	203119.Cthe_2186	2.94e-97	282.0	1	138	1	138	100.0	100.0	100.0
Clo1313_2851	203119.Cthe_2187	7.12e-62	189.0	1	95	1	95	100.0	100.0	100.0
Clo1313_2852	203119.Cthe_2189	6.64e-298	813.0	1	415	1	415	99.8	100.0	100.0
Clo1313_2853	203119.Cthe_2190	4.68e-280	766.0	1	393	1	393	100.0	100.0	100.0
Clo1313_2854	203119.Cthe_2191	0.0	1569.0	1	737	1	737	100.0	100.0	100.0
Clo1313_2855	926692.AZYG01000036_gene2494	11.2	35.4	131	196	89	158	31.0	33.7	11.3
Clo1313_2856	203119.Cthe_2193	0.0	1884.0	1	948	1	948	99.9	100.0	100.0
Clo1313_2857	398512.JQKC01000017_gene3066	0.0	1098.0	1	656	1	669	75.5	90.2	89.6
Clo1313_2858	203119.Cthe_2194	0.0	942.0	1	474	1	474	97.3	94.2	94.6
Clo1313_2859	203119.Cthe_2195	0.0	1895.0	1	965	1	965	99.9	100.0	100.0
Clo1313_2860	203119.Cthe_2196	0.0	1078.0	1	533	1	533	100.0	100.0	100.0
Clo1313_2861	755731.Clo1100_0918	0.0	1516.0	1	981	1	980	75.2	96.3	96.6
Clo1313_2862	445335.CBN_2141	1.62e-58	205.0	3	429	1	455	34.9	99.1	99.8
Clo1313_2863	445335.CBN_2142	2.88e-53	204.0	1	760	1	682	28.9	99.7	100.0
Clo1313_2864	410358.Mlab_0010	3.02e-129	374.0	1	269	1	268	62.8	100.0	99.3
Clo1313_2865	1499683.CCFF01000017_gene1680	1.15e-217	630.0	5	668	5	679	53.3	99.1	99.3
Clo1313_2866	1499683.CCFF01000017_gene1679	9.64e-142	404.0	1	251	1	251	79.7	98.4	98.4
Clo1313_2867	509191.AEDB02000033_gene5139	1.76e-121	359.0	1	324	1	326	56.4	99.7	98.5
Clo1313_2868	1499683.CCFF01000017_gene1677	1.54e-115	335.0	3	223	2	222	72.9	99.1	99.5
Clo1313_2869	313590.MED134_03799	82.9	30.0	2	30	52	80	48.3	33.3	9.0
Clo1313_2870	935837.JAEK01000004_gene4798	2.39	37.0	46	115	291	360	32.9	40.0	16.5
Clo1313_2871	195105.CN97_09845	122.0	33.1	73	106	346	379	44.1	12.4	5.4
Clo1313_2872	449447.MAE_39910	24.4	32.7	49	107	520	579	34.4	49.6	8.6
Clo1313_2873	1144307.PMI04_01819	1.99e-146	416.0	1	203	1	203	99.5	95.8	68.6
Clo1313_2874	1463820.JOGW01000003_gene7422	1.5	38.1	121	176	123	175	31.6	25.9	16.5
Clo1313_2875	203119.Cthe_2202	3.53e-171	478.0	1	245	1	245	99.6	100.0	100.0
Clo1313_2876	203119.Cthe_2203	1.6e-127	363.0	1	187	1	187	100.0	100.0	100.0
Clo1313_2877	203119.Cthe_2204	0.0	1729.0	1	882	1	882	99.8	100.0	100.0
Clo1313_2878	203119.Cthe_2205	3.54e-184	513.0	1	263	1	263	99.6	96.3	97.8
Clo1313_2879	203119.Cthe_2206	4.75e-57	177.0	1	98	1	98	99.0	100.0	100.0
Clo1313_2880	203119.Cthe_2207	2.42e-281	769.0	1	391	1	391	100.0	100.0	100.0
Clo1313_2881	203119.Cthe_2208	2.94e-138	391.0	17	211	1	195	100.0	92.4	100.0
Clo1313_2882	203119.Cthe_2209	6.14e-258	707.0	1	362	1	362	100.0	100.0	100.0
Clo1313_2883	203119.Cthe_2210	1.03e-116	335.0	1	167	23	189	99.4	100.0	88.4
Clo1313_2884	203119.Cthe_2211	2.96e-303	827.0	1	419	1	419	100.0	100.0	100.0
Clo1313_2885	203119.Cthe_2212	1.6e-216	597.0	1	302	1	302	99.7	100.0	100.0
Clo1313_2886	203119.Cthe_2213	1.7e-140	397.0	1	205	1	205	100.0	100.0	100.0
Clo1313_2887	203119.Cthe_2214	7.06e-221	609.0	1	313	1	313	100.0	100.0	100.0
Clo1313_2888	203119.Cthe_2215	1.08e-216	599.0	1	315	1	315	100.0	100.0	100.0
Clo1313_2889	203119.Cthe_2216	1.01e-86	258.0	1	162	1	162	100.0	100.0	100.0
Clo1313_2890	203119.Cthe_2217	2.65e-89	262.0	1	134	1	134	100.0	100.0	100.0
Clo1313_2891	203119.Cthe_2218	0.0	1559.0	1	838	1	838	99.9	100.0	100.0
Clo1313_2892	203119.Cthe_2219	1.17e-77	232.0	1	131	1	131	97.7	100.0	100.0
Clo1313_2893	203119.Cthe_2220	4.16e-234	643.0	1	314	1	314	99.7	100.0	100.0
Clo1313_2894	203119.Cthe_2221	1.72e-289	789.0	1	389	1	389	100.0	100.0	100.0
Clo1313_2895	203119.Cthe_2222	3.52e-253	694.0	1	354	1	354	99.7	100.0	100.0
Clo1313_2896	203119.Cthe_2223	1.57e-165	462.0	1	227	1	227	99.6	100.0	100.0
Clo1313_2897	203119.Cthe_2224	1.17e-163	458.0	15	244	1	230	100.0	94.3	100.0
Clo1313_2898	203119.Cthe_2225	4.04e-94	274.0	1	136	1	136	100.0	100.0	100.0
Clo1313_2899	203119.Cthe_2226	0.0	1066.0	1	548	1	548	99.8	100.0	100.0
Clo1313_2900	203119.Cthe_2227	2.53e-42	138.0	1	71	1	71	100.0	100.0	100.0
Clo1313_2901	203119.Cthe_2228	1.65e-146	412.0	1	203	1	203	99.5	100.0	100.0
Clo1313_2902	203119.Cthe_2229	7.71e-255	698.0	1	350	1	350	99.7	100.0	100.0
Clo1313_2903	203119.Cthe_2230	2.23e-179	499.0	1	246	1	246	100.0	100.0	100.0
Clo1313_2904	203119.Cthe_2231	1.71e-158	443.0	1	214	1	214	100.0	100.0	100.0
Clo1313_2905	203119.Cthe_2232	6.33e-229	631.0	1	332	1	332	100.0	100.0	100.0
Clo1313_2906	203119.Cthe_2233	0.0	934.0	1	470	1	470	100.0	100.0	100.0
Clo1313_2907	203119.Cthe_2234	2.93e-85	251.0	1	127	1	127	100.0	100.0	100.0
Clo1313_2908	203119.Cthe_2235	0.0	1245.0	1	634	15	648	100.0	100.0	97.8
Clo1313_2909	203119.Cthe_2236	1.36e-177	496.0	1	272	1	272	99.3	100.0	100.0
Clo1313_2910	203119.Cthe_2237	6.96e-176	492.0	1	273	1	273	100.0	100.0	100.0
Clo1313_2911	203119.Cthe_2238	0.0	943.0	1	472	1	472	100.0	100.0	100.0
Clo1313_2912	203119.Cthe_2239	1.6e-40	134.0	2	75	2	75	98.6	98.7	98.7
Clo1313_2913	203119.Cthe_2240	1.28e-108	313.0	1	159	1	159	100.0	100.0	100.0
Clo1313_2914	203119.Cthe_2241	5.68e-119	342.0	1	192	1	192	100.0	100.0	100.0
Clo1313_2915	203119.Cthe_2242	1.51e-205	570.0	1	302	1	302	100.0	100.0	100.0
Clo1313_2916	203119.Cthe_2243	0.0	1008.0	1	519	1	519	100.0	100.0	100.0
Clo1313_2917	203119.Cthe_2244	0.0	940.0	1	489	1	489	99.2	100.0	100.0
Clo1313_2918	203119.Cthe_2245	1.2e-105	306.0	1	166	1	166	100.0	100.0	100.0
Clo1313_2919	203119.Cthe_2246	4.59e-59	182.0	1	97	1	97	100.0	100.0	100.0
Clo1313_2920	203119.Cthe_2247	6.77e-105	302.0	1	147	1	147	100.0	100.0	100.0
Clo1313_2921	203119.Cthe_2248	6.14e-155	435.0	1	220	1	220	99.5	100.0	100.0
Clo1313_2922	203119.Cthe_2249	0.0	1448.0	1	743	4	746	99.9	100.0	99.6
Clo1313_2923	203119.Cthe_2250	2.17e-79	237.0	1	134	1	134	100.0	100.0	100.0
Clo1313_2924	203119.Cthe_2251	2.54e-286	782.0	1	397	1	397	100.0	100.0	100.0
Clo1313_2925	203119.Cthe_2252	1.53e-88	260.0	1	134	1	134	100.0	100.0	100.0
Clo1313_2926	203119.Cthe_2253	0.0	1141.0	2	599	2	599	100.0	99.8	99.8
Clo1313_2927	203119.Cthe_2254	4.99e-125	356.0	1	184	1	184	100.0	100.0	100.0
Clo1313_2928	203119.Cthe_2255	0.0	920.0	1	470	1	470	100.0	100.0	100.0
Clo1313_2929	203119.Cthe_2256	8.04e-312	850.0	1	445	1	445	100.0	100.0	100.0
Clo1313_2930	203119.Cthe_2257	1.16e-92	271.0	1	148	1	148	100.0	100.0	100.0
Clo1313_2931	203119.Cthe_2258	0.0	1267.0	1	669	1	669	99.9	100.0	100.0
Clo1313_2932	203119.Cthe_2259	1.36e-72	218.0	1	113	1	113	100.0	100.0	100.0
Clo1313_2933	203119.Cthe_2260	6.65e-197	546.0	1	278	1	278	100.0	100.0	100.0
Clo1313_2934	509191.AEDB02000049_gene4409	9.51e-05	45.8	1	108	1	108	67.6	100.0	100.0
Clo1313_2935	203119.Cthe_2262	0.0	1221.0	1	651	1	651	100.0	100.0	100.0
Clo1313_2936	203119.Cthe_2263	4.47e-98	286.0	1	155	1	155	100.0	100.0	100.0
Clo1313_2937	203119.Cthe_2264	4.51e-70	218.0	1	198	1	198	100.0	100.0	100.0
Clo1313_2938	203119.Cthe_2265	3.4e-232	640.0	1	339	1	339	98.8	100.0	100.0
Clo1313_2939	203119.Cthe_2266	8.49e-66	200.0	1	106	1	106	96.2	100.0	100.0
Clo1313_2940	203119.Cthe_2267	0.0	1153.0	8	596	1	589	99.8	98.8	100.0
Clo1313_2941	203119.Cthe_2268	0.0	898.0	1	460	1	460	100.0	100.0	100.0
Clo1313_2942	203119.Cthe_2269	6.5e-142	402.0	1	222	1	222	99.5	100.0	100.0
Clo1313_2943	203119.Cthe_2270	0.0	1028.0	1	540	1	540	99.8	100.0	100.0
Clo1313_2944	203119.Cthe_2271	7.7e-85	254.0	1	178	1	178	100.0	100.0	100.0
Clo1313_2945	203119.Cthe_2272	4.14e-229	629.0	1	304	1	304	100.0	100.0	100.0
Clo1313_2946	203119.Cthe_2273	2.47e-274	749.0	1	373	1	373	100.0	100.0	100.0
Clo1313_2947	658086.HMPREF0994_03023	1.28e-53	179.0	1	206	34	238	47.1	100.0	81.3
Clo1313_2949	720554.Clocl_3847	1.47e-18	81.3	9	68	108	169	66.1	88.2	36.7
Clo1313_2950	203119.Cthe_2276	4.84e-277	758.0	1	392	1	392	100.0	100.0	100.0
Clo1313_2951	203119.Cthe_2277	3.08e-205	566.0	1	275	1	275	99.6	100.0	100.0
Clo1313_2952	203119.Cthe_2278	2.06e-200	555.0	1	287	1	287	100.0	100.0	100.0
Clo1313_2953	203119.Cthe_2279	4.33e-147	416.0	1	236	1	236	100.0	100.0	100.0
Clo1313_2954	203119.Cthe_2280	1.06e-191	532.0	1	274	1	274	99.3	100.0	100.0
Clo1313_2955	203119.Cthe_2281	3.15e-255	700.0	1	361	1	361	100.0	100.0	100.0
Clo1313_2956	203119.Cthe_2282	4.01e-194	538.0	1	270	1	270	98.9	100.0	100.0
Clo1313_2957	203119.Cthe_2283	3.07e-79	297.0	669	832	669	832	100.0	11.1	11.1
Clo1313_2958	203119.Cthe_2284	0.0	1325.0	1	702	1	702	100.0	100.0	100.0
Clo1313_2959	203119.Cthe_2285	2.91e-94	275.0	1	141	1	141	99.3	100.0	100.0
Clo1313_2961	203119.Cthe_2286	1.48e-132	375.0	1	186	3	188	100.0	100.0	98.9
Clo1313_2962	203119.Cthe_2287	2.04e-223	615.0	1	310	1	310	100.0	100.0	100.0
Clo1313_2963	203119.Cthe_2288	1.61e-130	370.0	1	184	1	184	100.0	100.0	100.0
Clo1313_2964	745718.JADT01000014_gene175	0.875	39.3	110	221	52	150	26.8	46.9	23.8
Clo1313_2965	203119.Cthe_2290	1.61e-153	432.0	1	226	1	226	100.0	100.0	100.0
Clo1313_2966	521460.Athe_0676	20.4	33.5	73	130	49	108	35.0	38.2	25.0
Clo1313_2967	1160721.RBI_I00340	3.11e-07	57.0	2	115	110	221	33.9	63.7	37.8
Clo1313_2968	9978.XP_004583804.1	3.35	34.3	23	77	88	147	33.3	57.9	19.7
Clo1313_2969	203119.Cthe_2296	6.15e-57	176.0	1	87	1	87	100.0	100.0	100.0
Clo1313_2970	203119.Cthe_2297	6.42e-237	651.0	1	330	1	330	100.0	100.0	100.0
Clo1313_2971	203119.Cthe_2298	1.92e-117	336.0	1	168	3	170	100.0	100.0	98.8
Clo1313_2972	203119.Cthe_2299	0.0	1486.0	1	750	1	750	100.0	100.0	100.0
Clo1313_2973	203119.Cthe_2300	7.43e-171	477.0	1	241	1	241	99.2	100.0	100.0
Clo1313_2974	203119.Cthe_2301	2.64e-211	583.0	1	294	1	294	100.0	100.0	100.0
Clo1313_2975	203119.Cthe_2302	0.0	1100.0	1	558	1	558	99.8	100.0	100.0
Clo1313_2976	203119.Cthe_2303	4.84e-171	477.0	1	240	1	240	100.0	100.0	100.0
Clo1313_2977	203119.Cthe_2304	4.1e-221	609.0	1	306	1	306	100.0	100.0	100.0
Clo1313_2978	203119.Cthe_2305	4.06e-179	500.0	2	272	2	272	99.6	99.6	99.6
Clo1313_2979	203119.Cthe_2306	0.0	887.0	1	469	1	469	99.8	100.0	100.0
Clo1313_2980	203119.Cthe_2307	3.42e-97	282.0	1	140	1	140	100.0	100.0	100.0
Clo1313_2981	203119.Cthe_2308	2.93e-107	309.0	1	154	1	154	100.0	100.0	100.0
Clo1313_2982	203119.Cthe_2309	4.33e-187	519.0	1	257	1	257	100.0	100.0	100.0
Clo1313_2983	203119.Cthe_2310	2.14e-175	488.0	1	242	1	242	100.0	100.0	100.0
Clo1313_2984	509191.AEDB02000055_gene3674	2.94e-32	130.0	2	227	2	246	33.7	94.6	47.0
Clo1313_2985	203119.Cthe_2312	1.09e-109	315.0	1	159	1	159	100.0	100.0	100.0
Clo1313_2986	203119.Cthe_2313	1.14e-179	500.0	1	251	1	251	100.0	100.0	100.0
Clo1313_2987	203119.Cthe_2326	7.97e-103	298.0	1	159	1	159	99.4	100.0	100.0
Clo1313_2988	203119.Cthe_2327	1.24e-189	526.0	1	263	1	263	100.0	100.0	100.0
Clo1313_2989	203119.Cthe_2328	1.44e-293	802.0	1	417	1	417	99.5	100.0	100.0
Clo1313_2990	203119.Cthe_2329	3.07e-202	559.0	1	278	1	278	100.0	100.0	100.0
Clo1313_2991	203119.Cthe_2330	0.0	977.0	1	488	1	488	100.0	100.0	100.0
Clo1313_2992	203119.Cthe_2331	2.06e-120	344.0	1	176	1	176	100.0	100.0	100.0
Clo1313_2993	203119.Cthe_2332	0.0	1152.0	1	600	1	600	100.0	100.0	100.0
Clo1313_2994	203119.Cthe_2333	7.11e-160	448.0	2	232	2	232	100.0	99.6	99.6
Clo1313_2995	411477.PARMER_02434	3.74	33.1	21	65	158	202	33.3	64.3	16.2
Clo1313_2996	720554.Clocl_4176	2.22e-16	73.2	1	70	1	70	52.9	98.6	97.2
Clo1313_2997	203119.Cthe_2334	0.0	1181.0	1	614	1	614	99.8	100.0	100.0
Clo1313_2998	203119.Cthe_2335	0.0	879.0	1	490	1	490	100.0	100.0	100.0
Clo1313_2999	203119.Cthe_2336	7.95e-272	743.0	1	375	1	375	99.7	100.0	100.0
Clo1313_3000	203119.Cthe_2337	1.11e-298	816.0	1	437	1	437	99.8	100.0	100.0
Clo1313_3001	203119.Cthe_2338	1.36e-308	839.0	1	410	1	410	100.0	100.0	100.0
Clo1313_3002	203119.Cthe_2339	8.07e-260	711.0	1	347	1	347	99.7	100.0	100.0
Clo1313_3003	203119.Cthe_2340	0.0	870.0	1	439	1	439	100.0	100.0	100.0
Clo1313_3004	203119.Cthe_2341	8.7e-278	759.0	1	388	1	388	99.7	100.0	100.0
Clo1313_3005	203119.Cthe_2342	2.34e-266	728.0	1	352	1	352	99.7	100.0	100.0
Clo1313_3006	203119.Cthe_2343	1.92e-102	296.0	1	152	1	152	100.0	100.0	100.0
Clo1313_3007	203119.Cthe_2344	4.47e-163	456.0	1	232	1	232	100.0	100.0	100.0
Clo1313_3008	203119.Cthe_2345	3.06e-284	775.0	1	382	1	382	99.7	100.0	100.0
Clo1313_3009	203119.Cthe_2346	0.0	1917.0	1	1009	1	1009	100.0	100.0	100.0
Clo1313_3010	203119.Cthe_2347	1.79e-241	671.0	1	426	1	426	100.0	100.0	100.0
Clo1313_3011	203119.Cthe_2348	0.0	1913.0	1	1035	1	1036	98.8	100.0	100.0
Clo1313_3012	203119.Cthe_2349	1.52e-32	112.0	1	56	1	56	100.0	100.0	100.0
Clo1313_3013	203119.Cthe_2350	4.58e-112	320.0	1	147	1	147	100.0	100.0	100.0
Clo1313_3014	203119.Cthe_2351	4.56e-104	300.0	1	149	1	149	100.0	100.0	100.0
Clo1313_3015	203119.Cthe_2352	2.48e-91	268.0	1	142	1	142	99.3	100.0	100.0
Clo1313_3016	203119.Cthe_2353	8.29e-273	746.0	1	382	1	382	99.7	100.0	100.0
Clo1313_3017	203119.Cthe_2354	4.99e-187	521.0	1	277	1	277	100.0	100.0	100.0
Clo1313_3018	203119.Cthe_2355	0.0	1042.0	1	532	1	532	99.8	100.0	100.0
Clo1313_3019	203119.Cthe_2356	1.08e-215	595.0	1	304	1	304	100.0	100.0	100.0
Clo1313_3020	203119.Cthe_2357	2e-284	776.0	1	390	1	390	99.7	100.0	100.0
Clo1313_3021	203119.Cthe_2358	1.88e-143	405.0	1	217	1	217	100.0	100.0	100.0
Clo1313_3022	203119.Cthe_2359	9.15e-145	408.0	1	205	1	205	100.0	100.0	100.0
Clo1313_3023	203119.Cthe_2360	0.0	1875.0	20	917	1	898	99.9	94.8	96.8
Clo1313_3024	203119.Cthe_2361	0.0	1516.0	1	827	1	827	100.0	100.0	100.0
Clo1313_3025	203119.Cthe_2362	1.09e-186	520.0	1	278	1	278	100.0	100.0	100.0
Clo1313_3026	203119.Cthe_2363	3.81e-169	473.0	1	242	1	242	100.0	100.0	100.0
Clo1313_3027	203119.Cthe_2364	0.0	1196.0	1	630	1	630	100.0	100.0	100.0
Clo1313_3028	203119.Cthe_2365	0.0	875.0	1	459	1	459	100.0	100.0	100.0
Clo1313_3029	203119.Cthe_2366	4.85e-136	386.0	1	206	1	206	99.5	100.0	100.0
Clo1313_3030	203119.Cthe_2367	1.74e-194	541.0	1	291	1	291	100.0	100.0	100.0
Clo1313_3031	203119.Cthe_2368	8.38e-50	157.0	1	71	1	71	98.6	100.0	100.0
Clo1313_3032	203119.Cthe_2369	4.34e-82	243.0	1	126	1	126	100.0	100.0	100.0
Clo1313_3033	203119.Cthe_2370	4.47e-18	75.5	1	44	1	44	97.7	100.0	100.0
