,gene_id,InterPro,uniprot,interpro_names
0,Clo1313_0001,IPR003593,UPI0001B1F046,AAA+_ATPase
1,Clo1313_0001,IPR001957,UPI0001B1F046,Chromosome_initiator_DnaA
2,Clo1313_0001,IPR020591,UPI0001B1F046,Chromosome_initiator_DnaA-like
3,Clo1313_0001,IPR018312,UPI0001B1F046,Chromosome_initiator_DnaA_CS
4,Clo1313_0001,IPR013159,UPI0001B1F046,DnaA_C
5,Clo1313_0001,IPR013317,UPI0001B1F046,DnaA_dom
6,Clo1313_0001,IPR024633,UPI0001B1F046,DnaA_N_dom
7,Clo1313_0001,IPR038454,UPI0001B1F046,DnaA_N_sf
8,Clo1313_0001,IPR027417,UPI0001B1F046,P-loop_NTPase
9,Clo1313_0001,IPR010921,UPI0001B1F046,Trp_repressor/repl_initiator
10,Clo1313_0001,,UPI0001B1F046,
11,Clo1313_0002,IPR046938,UPI00017E1F7F,DNA_clamp_sf
12,Clo1313_0002,IPR001001,UPI00017E1F7F,DNA_polIII_beta
13,Clo1313_0002,IPR022635,UPI00017E1F7F,DNA_polIII_beta_C
14,Clo1313_0002,IPR022637,UPI00017E1F7F,DNA_polIII_beta_cen
15,Clo1313_0002,IPR022634,UPI00017E1F7F,DNA_polIII_beta_N
16,Clo1313_0002,,UPI00017E1F7F,
17,Clo1313_0003,IPR014330,UPI000038F4E6,RNA-bd_S4-rel_YaaA
18,Clo1313_0003,IPR002942,UPI000038F4E6,S4_RNA-bd
19,Clo1313_0003,IPR036986,UPI000038F4E6,S4_RNA-bd_sf
20,Clo1313_0003,,UPI000038F4E6,
21,Clo1313_0004,IPR001238,UPI00003C8C54,DNA-binding_RecF
22,Clo1313_0004,IPR018078,UPI00003C8C54,DNA-binding_RecF_CS
23,Clo1313_0004,IPR027417,UPI00003C8C54,P-loop_NTPase
24,Clo1313_0004,IPR003395,UPI00003C8C54,RecF/RecN/SMC_N
25,Clo1313_0004,IPR042174,UPI00003C8C54,RecF_2
26,Clo1313_0004,,UPI00003C8C54,
27,Clo1313_0005,IPR007169,UPI000038F4E8,RemA-like
28,Clo1313_0005,,UPI000038F4E8,
29,Clo1313_0006,IPR002288,UPI000038F4E9,DNA_gyrase_B_C
30,Clo1313_0006,IPR011557,UPI000038F4E9,GyrB
31,Clo1313_0006,IPR036890,UPI000038F4E9,HATPase_C_sf
32,Clo1313_0006,IPR003594,UPI000038F4E9,HATPase_dom
33,Clo1313_0006,IPR020568,UPI000038F4E9,Ribosomal_Su5_D2-typ_SF
34,Clo1313_0006,IPR014721,UPI000038F4E9,Ribsml_uS5_D2-typ_fold_subgr
35,Clo1313_0006,IPR001241,UPI000038F4E9,Topo_IIA
36,Clo1313_0006,IPR013760,UPI000038F4E9,Topo_IIA-like_dom_sf
37,Clo1313_0006,IPR000565,UPI000038F4E9,Topo_IIA_B
38,Clo1313_0006,IPR013759,UPI000038F4E9,Topo_IIA_B_C
39,Clo1313_0006,IPR013506,UPI000038F4E9,Topo_IIA_bsu_dom2
40,Clo1313_0006,IPR018522,UPI000038F4E9,TopoIIA_CS
41,Clo1313_0006,IPR006171,UPI000038F4E9,TOPRIM_dom
42,Clo1313_0006,IPR034160,UPI000038F4E9,TOPRIM_GyrB
43,Clo1313_0006,,UPI000038F4E9,
44,Clo1313_0007,IPR025669,UPI00003C8C52,AAA_dom
45,Clo1313_0007,IPR050678,UPI00003C8C52,DNA_Partitioning_ATPase
46,Clo1313_0007,IPR027417,UPI00003C8C52,P-loop_NTPase
47,Clo1313_0007,,UPI00003C8C52,
48,Clo1313_0008,IPR050336,UPI000038F4EB,Chromosome_partition/occlusion
49,Clo1313_0008,IPR041468,UPI000038F4EB,HTH_ParB/Spo0J
50,Clo1313_0008,IPR004437,UPI000038F4EB,ParB/RepB/Spo0J
51,Clo1313_0008,IPR036086,UPI000038F4EB,ParB/Sulfiredoxin_sf
52,Clo1313_0008,IPR057240,UPI000038F4EB,ParB_dimer_C
53,Clo1313_0008,IPR003115,UPI000038F4EB,ParB_N
54,Clo1313_0008,,UPI000038F4EB,
55,Clo1313_0009,IPR027981,UPI000038F4EC,DUF4446
56,Clo1313_0009,,UPI000038F4EC,
57,Clo1313_0010,IPR011990,UPI00003C8C51,TPR-like_helical_dom_sf
58,Clo1313_0010,IPR019734,UPI00003C8C51,TPR_rpt
59,Clo1313_0010,,UPI00003C8C51,
60,Clo1313_0011,IPR002314,UPI0000534C70,aa-tRNA-synt_IIb
61,Clo1313_0011,IPR006195,UPI0000534C70,aa-tRNA-synth_II
62,Clo1313_0011,IPR045864,UPI0000534C70,aa-tRNA-synth_II/BPL/LPL
63,Clo1313_0011,IPR002317,UPI0000534C70,Ser-tRNA-ligase_type_1
64,Clo1313_0011,IPR015866,UPI0000534C70,Ser-tRNA-synth_1_N
65,Clo1313_0011,IPR042103,UPI0000534C70,SerRS_1_N_sf
66,Clo1313_0011,IPR033729,UPI0000534C70,SerRS_core
67,Clo1313_0011,IPR010978,UPI0000534C70,tRNA-bd_arm
68,Clo1313_0011,,UPI0000534C70,
69,Clo1313_0012,IPR011701,UPI00017E1DF9,MFS
70,Clo1313_0012,IPR020846,UPI00017E1DF9,MFS_dom
71,Clo1313_0012,IPR044770,UPI00017E1DF9,MFS_spinster-like
72,Clo1313_0012,IPR036259,UPI00017E1DF9,MFS_trans_sf
73,Clo1313_0012,,UPI00017E1DF9,
74,Clo1313_0013,IPR012854,UPI0001B1F045,Cu_amine_oxidase-like_N
75,Clo1313_0013,IPR036582,UPI0001B1F045,Mao_N_sf
76,Clo1313_0013,,UPI0001B1F045,
77,Clo1313_0014,IPR001119,UPI000038F4F2,SLH_dom
78,Clo1313_0014,,UPI000038F4F2,
79,Clo1313_0015,IPR052948,UPI00003C8C4F,Low_temp-induced_all0457
80,Clo1313_0015,,UPI00003C8C4F,
81,Clo1313_0016,IPR011098,UPI0001B1F044,G5_dom
82,Clo1313_0016,IPR052913,UPI0001B1F044,Glycopeptide_resist_protein
83,Clo1313_0016,IPR007391,UPI0001B1F044,Vancomycin_resist_VanW
84,Clo1313_0016,IPR022029,UPI0001B1F044,YoaR-like_PG-bd
85,Clo1313_0016,,UPI0001B1F044,
86,Clo1313_0017,IPR034274,UPI0001B1F043,ENP1_M14_CPD
87,Clo1313_0017,IPR018392,UPI0001B1F043,LysM
88,Clo1313_0017,IPR036779,UPI0001B1F043,LysM_dom_sf
89,Clo1313_0017,IPR000834,UPI0001B1F043,Peptidase_M14
90,Clo1313_0017,IPR002477,UPI0001B1F043,Peptidoglycan-bd-like
91,Clo1313_0017,IPR036365,UPI0001B1F043,PGBD-like_sf
92,Clo1313_0017,IPR036366,UPI0001B1F043,PGBDSf
93,Clo1313_0017,,UPI0001B1F043,
94,Clo1313_0018,IPR019644,UPI000038F4F6,DUF2508
95,Clo1313_0018,,UPI000038F4F6,
96,Clo1313_0019,IPR010001,UPI0000F218FF,BofA
97,Clo1313_0019,,UPI0000F218FF,
98,Clo1313_0020,IPR051626,UPI000038F4F8,Oxidoreductase_gamma_subunit
99,Clo1313_0020,IPR011894,UPI000038F4F8,PorC_KorC
100,Clo1313_0020,IPR019752,UPI000038F4F8,Pyrv/ketoisovalerate_OxRed_cat
101,Clo1313_0020,IPR002869,UPI000038F4F8,Pyrv_flavodox_OxRed_cen
102,Clo1313_0020,,UPI000038F4F8,
103,Clo1313_0021,IPR017896,UPI00003C8C4C,4Fe4S_Fe-S-bd
104,Clo1313_0021,IPR017900,UPI00003C8C4C,4Fe4S_Fe_S_CS
105,Clo1313_0021,IPR011898,UPI00003C8C4C,PorD_KorD
106,Clo1313_0021,,UPI00003C8C4C,
107,Clo1313_0022,IPR033412,UPI0001B1F042,PFOR_II
108,Clo1313_0022,IPR050722,UPI0001B1F042,Pyruvate:ferred/Flavod_OxRd
109,Clo1313_0022,IPR002880,UPI0001B1F042,Pyrv_Fd/Flavodoxin_OxRdtase_N
110,Clo1313_0022,IPR029061,UPI0001B1F042,THDP-binding
111,Clo1313_0022,IPR009014,UPI0001B1F042,Transketo_C/PFOR_II
112,Clo1313_0022,,UPI0001B1F042,
113,Clo1313_0023,IPR051479,UPI000038F4FA,PorB-like
114,Clo1313_0023,IPR029061,UPI000038F4FA,THDP-binding
115,Clo1313_0023,IPR011766,UPI000038F4FA,TPP_enzyme_TPP-bd
116,Clo1313_0023,,UPI000038F4FA,
117,Clo1313_0025,,UPI0000532F78,
118,Clo1313_0026,IPR001387,UPI0000537848,Cro/C1-type_HTH
119,Clo1313_0026,IPR010982,UPI0000537848,Lambda_DNA-bd_dom_sf
120,Clo1313_0026,,UPI0000537848,
121,Clo1313_0027,,UPI00017E1C6F,
122,Clo1313_0028,IPR050297,UPI0001F32934,LipidA_mod_glycosyltrf_83
123,Clo1313_0028,IPR038731,UPI0001F32934,RgtA/B/C-like
124,Clo1313_0028,,UPI0001F32934,
125,Clo1313_0029,IPR002575,UPI00003C8C48,Aminoglycoside_PTrfase
126,Clo1313_0029,IPR047175,UPI00003C8C48,CotS-like
127,Clo1313_0029,IPR011009,UPI00003C8C48,Kinase-like_dom_sf
128,Clo1313_0029,IPR014255,UPI00003C8C48,Spore_coat_CotS
129,Clo1313_0029,,UPI00003C8C48,
130,Clo1313_0030,IPR000559,UPI00005362CA,Formate_THF_ligase
131,Clo1313_0030,IPR020628,UPI00005362CA,Formate_THF_ligase_CS
132,Clo1313_0030,IPR027417,UPI00005362CA,P-loop_NTPase
133,Clo1313_0030,,UPI00005362CA,
134,Clo1313_0031,IPR008764,UPI00003C8C46,Peptidase_U57
135,Clo1313_0031,,UPI00003C8C46,
136,Clo1313_0032,IPR009366,UPI000038F503,Protein_Veg
137,Clo1313_0032,,UPI000038F503,
138,Clo1313_0033,IPR018392,UPI000038F504,LysM
139,Clo1313_0033,IPR036779,UPI000038F504,LysM_dom_sf
140,Clo1313_0033,IPR024300,UPI000038F504,SipL_SPOCS_dom
141,Clo1313_0033,,UPI000038F504,
142,Clo1313_0034,IPR013750,UPI0001B1F00C,GHMP_kinase_C_dom
143,Clo1313_0034,IPR036554,UPI0001B1F00C,GHMP_kinase_C_sf
144,Clo1313_0034,IPR006204,UPI0001B1F00C,GHMP_kinase_N_dom
145,Clo1313_0034,IPR004424,UPI0001B1F00C,IspE
146,Clo1313_0034,IPR020568,UPI0001B1F00C,Ribosomal_Su5_D2-typ_SF
147,Clo1313_0034,IPR014721,UPI0001B1F00C,Ribsml_uS5_D2-typ_fold_subgr
148,Clo1313_0034,,UPI0001B1F00C,
149,Clo1313_0036,IPR006121,UPI00003C8C45,HMA_dom
150,Clo1313_0036,IPR036163,UPI00003C8C45,HMA_dom_sf
151,Clo1313_0036,,UPI00003C8C45,
152,Clo1313_0037,IPR028976,UPI00005353E9,CheC-like_sf
153,Clo1313_0037,IPR028051,UPI00005353E9,CheX-like_dom
154,Clo1313_0037,,UPI00005353E9,
155,Clo1313_0038,IPR003593,UPI0001B1F00B,AAA+_ATPase
156,Clo1313_0038,IPR050168,UPI0001B1F00B,AAA_ATPase_domain
157,Clo1313_0038,IPR003959,UPI0001B1F00B,ATPase_AAA_core
158,Clo1313_0038,IPR027417,UPI0001B1F00B,P-loop_NTPase
159,Clo1313_0038,,UPI0001B1F00B,
160,Clo1313_0039,IPR007157,UPI000038F509,PspA_VIPP1
161,Clo1313_0039,,UPI000038F509,
162,Clo1313_0040,,UPI00003C8C42,
163,Clo1313_0041,IPR005646,UPI0001B1F00A,FapA
164,Clo1313_0041,IPR046865,UPI0001B1F00A,FapA_b_solenoid
165,Clo1313_0041,IPR046866,UPI0001B1F00A,FapA_N
166,Clo1313_0041,,UPI0001B1F00A,
167,Clo1313_0042,IPR004843,UPI0000531982,Calcineurin-like_PHP
168,Clo1313_0042,IPR050535,UPI0000531982,DNA_Repair-Maintenance_Comp
169,Clo1313_0042,IPR029052,UPI0000531982,Metallo-depent_PP-like
170,Clo1313_0042,IPR041796,UPI0000531982,Mre11_N
171,Clo1313_0042,,UPI0000531982,
172,Clo1313_0043,IPR027417,UPI000038F50D,P-loop_NTPase
173,Clo1313_0043,IPR038729,UPI000038F50D,Rad50/SbcC_AAA
174,Clo1313_0043,,UPI000038F50D,
175,Clo1313_0044,IPR000064,UPI0001B1F009,NLP_P60_dom
176,Clo1313_0044,IPR038765,UPI0001B1F009,Papain-like_cys_pep_sf
177,Clo1313_0044,IPR051202,UPI0001B1F009,Peptidase_C40
178,Clo1313_0044,IPR003646,UPI0001B1F009,SH3-like_bac-type
179,Clo1313_0044,IPR041382,UPI0001B1F009,SH3_16
180,Clo1313_0044,,UPI0001B1F009,
181,Clo1313_0046,IPR011105,UPI000053784E,Cell_wall_hydrolase_SleB
182,Clo1313_0046,IPR002477,UPI000053784E,Peptidoglycan-bd-like
183,Clo1313_0046,IPR036365,UPI000053784E,PGBD-like_sf
184,Clo1313_0046,IPR036366,UPI000053784E,PGBDSf
185,Clo1313_0046,IPR042047,UPI000053784E,SleB_dom1
186,Clo1313_0046,IPR014224,UPI000053784E,Spore_cortex_SleB
187,Clo1313_0046,,UPI000053784E,
188,Clo1313_0047,IPR048402,UPI00005370F8,YpeB_N
189,Clo1313_0047,IPR014239,UPI00005370F8,YpeB_PepSY1-2
190,Clo1313_0047,,UPI00005370F8,
191,Clo1313_0048,IPR052710,UPI0001B1F006,CAAX_protease
192,Clo1313_0048,IPR003675,UPI0001B1F006,Rce1/LyrA-like_dom
193,Clo1313_0048,,UPI0001B1F006,
194,Clo1313_0049,IPR003593,UPI000038FC13,AAA+_ATPase
195,Clo1313_0049,IPR002611,UPI000038FC13,IstB_ATP-bd
196,Clo1313_0049,IPR027417,UPI000038FC13,P-loop_NTPase
197,Clo1313_0049,,UPI000038FC13,
198,Clo1313_0051,IPR050135,UPI0001B1F004,dGTPase-like
199,Clo1313_0051,IPR003607,UPI0001B1F004,HD/PDEase_dom
200,Clo1313_0051,IPR006674,UPI0001B1F004,HD_domain
201,Clo1313_0051,,UPI0001B1F004,
202,Clo1313_0052,,UPI000038FC10,
203,Clo1313_0053,IPR032485,UPI000038FC0F,LRP1-like_beta_prop
204,Clo1313_0053,,UPI000038FC0F,
205,Clo1313_0054,IPR008965,UPI0001B1F003,CBM2/CBM3_carb-bd_dom_sf
206,Clo1313_0054,IPR001956,UPI0001B1F003,CBM3
207,Clo1313_0054,IPR036966,UPI0001B1F003,CBM3_sf
208,Clo1313_0054,IPR002035,UPI0001B1F003,VWF_A
209,Clo1313_0054,IPR036465,UPI0001B1F003,vWFA_dom_sf
210,Clo1313_0054,,UPI0001B1F003,
211,Clo1313_0055,IPR012854,UPI000038FC0C,Cu_amine_oxidase-like_N
212,Clo1313_0055,IPR036582,UPI000038FC0C,Mao_N_sf
213,Clo1313_0055,,UPI000038FC0C,
214,Clo1313_0056,IPR000540,UPI00005353E0,Flag_MotA_CS
215,Clo1313_0056,IPR047055,UPI00005353E0,MotA-like
216,Clo1313_0056,IPR002898,UPI00005353E0,MotA_ExbB_proton_chnl
217,Clo1313_0056,IPR046786,UPI00005353E0,MotA_N
218,Clo1313_0056,,UPI00005353E0,
219,Clo1313_0057,IPR050330,UPI0001B1EFD2,Bact_OuterMem_StrucFunc
220,Clo1313_0057,IPR025713,UPI0001B1EFD2,MotB-like_N_dom
221,Clo1313_0057,IPR006665,UPI0001B1EFD2,OmpA-like
222,Clo1313_0057,IPR036737,UPI0001B1EFD2,OmpA-like_sf
223,Clo1313_0057,,UPI0001B1EFD2,
224,Clo1313_0058,IPR010787,UPI000053868C,DUF1385
225,Clo1313_0058,,UPI000053868C,
226,Clo1313_0059,IPR002052,UPI000038FE00,DNA_methylase_N6_adenine_CS
227,Clo1313_0059,IPR004556,UPI000038FE00,HemK-like
228,Clo1313_0059,IPR025714,UPI000038FE00,Methyltranfer_dom
229,Clo1313_0059,IPR050320,UPI000038FE00,N5-glutamine_MTase
230,Clo1313_0059,IPR040758,UPI000038FE00,PrmC_N
231,Clo1313_0059,IPR019874,UPI000038FE00,RF_methyltr_PrmC
232,Clo1313_0059,IPR029063,UPI000038FE00,SAM-dependent_MTases_sf
233,Clo1313_0059,,UPI000038FE00,
234,Clo1313_0060,IPR002549,UPI00005320E2,AI-2E-like
235,Clo1313_0060,IPR014227,UPI00005320E2,YtvI-like
236,Clo1313_0060,,UPI00005320E2,
237,Clo1313_0061,IPR017896,UPI000038FE02,4Fe4S_Fe-S-bd
238,Clo1313_0061,IPR017900,UPI000038FE02,4Fe4S_Fe_S_CS
239,Clo1313_0061,IPR010208,UPI000038FE02,Ion_transpt_RnfC/RsxC
240,Clo1313_0061,IPR011538,UPI000038FE02,Nuo51_FMN-bd
241,Clo1313_0061,IPR037225,UPI000038FE02,Nuo51_FMN-bd_sf
242,Clo1313_0061,IPR026902,UPI000038FE02,RnfC_N
243,Clo1313_0061,IPR019554,UPI000038FE02,Soluble_ligand-bd
244,Clo1313_0061,,UPI000038FE02,
245,Clo1313_0062,IPR004338,UPI00017E1964,NqrB/RnfD
246,Clo1313_0062,IPR011303,UPI00017E1964,RnfD_bac
247,Clo1313_0062,,UPI00017E1964,
248,Clo1313_0063,IPR007329,UPI0000537F81,FMN-bd
249,Clo1313_0063,IPR010209,UPI0000537F81,Ion_transpt_RnfG/RsxG
250,Clo1313_0063,,UPI0000537F81,
251,Clo1313_0064,IPR003667,UPI0000F21917,NqrDE/RnfAE
252,Clo1313_0064,IPR010968,UPI0000F21917,RnfE
253,Clo1313_0064,,UPI0000F21917,
254,Clo1313_0065,IPR011293,UPI00003C8F2A,Ion_transpt_RnfA/RsxA
255,Clo1313_0065,IPR003667,UPI00003C8F2A,NqrDE/RnfAE
256,Clo1313_0065,IPR050133,UPI00003C8F2A,NqrDE/RnfAE_oxidrdctase
257,Clo1313_0065,,UPI00003C8F2A,
258,Clo1313_0066,IPR007202,UPI000038FE5A,4Fe-4S_dom
259,Clo1313_0066,IPR017896,UPI000038FE5A,4Fe4S_Fe-S-bd
260,Clo1313_0066,IPR017900,UPI000038FE5A,4Fe4S_Fe_S_CS
261,Clo1313_0066,IPR050395,UPI000038FE5A,4Fe4S_Ferredoxin_RnfB
262,Clo1313_0066,IPR010207,UPI000038FE5A,Elect_transpt_cplx_RnfB/RsxB
263,Clo1313_0066,,UPI000038FE5A,
264,Clo1313_0067,,UPI000038FE5B,
265,Clo1313_0068,IPR027417,UPI000038FE5C,P-loop_NTPase
266,Clo1313_0068,IPR031322,UPI000038FE5C,Shikimate/glucono_kinase
267,Clo1313_0068,IPR000623,UPI000038FE5C,Shikimate_kinase/TSH1
268,Clo1313_0068,,UPI000038FE5C,
269,Clo1313_0070,IPR016181,UPI0000F21919,Acyl_CoA_acyltransferase
270,Clo1313_0070,IPR000182,UPI0000F21919,GNAT_dom
271,Clo1313_0070,,UPI0000F21919,
272,Clo1313_0071,IPR025454,UPI00003C8F27,DUF4275
273,Clo1313_0071,,UPI00003C8F27,
274,Clo1313_0072,IPR050313,UPI00003C8F26,Carb_Metab_HTH_regulators
275,Clo1313_0072,IPR014036,UPI00003C8F26,DeoR-like_C
276,Clo1313_0072,IPR001034,UPI00003C8F26,DeoR_HTH
277,Clo1313_0072,IPR037171,UPI00003C8F26,NagB/RpiA_transferase-like
278,Clo1313_0072,IPR036388,UPI00003C8F26,WH-like_DNA-bd_sf
279,Clo1313_0072,IPR036390,UPI00003C8F26,WH_DNA-bd_sf
280,Clo1313_0072,,UPI00003C8F26,
281,Clo1313_0073,IPR043129,UPI000038FAE5,ATPase_NBD
282,Clo1313_0073,IPR000577,UPI000038FAE5,Carb_kinase_FGGY
283,Clo1313_0073,IPR018483,UPI000038FAE5,Carb_kinase_FGGY_CS
284,Clo1313_0073,IPR018485,UPI000038FAE5,FGGY_C
285,Clo1313_0073,IPR018484,UPI000038FAE5,FGGY_N
286,Clo1313_0073,,UPI000038FAE5,
287,Clo1313_0074,IPR029061,UPI00003C8F25,THDP-binding
288,Clo1313_0074,IPR049557,UPI00003C8F25,Transketolase_CS
289,Clo1313_0074,IPR005474,UPI00003C8F25,Transketolase_N
290,Clo1313_0074,,UPI00003C8F25,
291,Clo1313_0075,IPR051157,UPI00003C8F24,PDH/Transketolase
292,Clo1313_0075,IPR029061,UPI00003C8F24,THDP-binding
293,Clo1313_0075,IPR009014,UPI00003C8F24,Transketo_C/PFOR_II
294,Clo1313_0075,IPR005475,UPI00003C8F24,Transketolase-like_Pyr-bd
295,Clo1313_0075,IPR033248,UPI00003C8F24,Transketolase_C
296,Clo1313_0075,,UPI00003C8F24,
297,Clo1313_0076,IPR013149,UPI00003C8F23,ADH-like_C
298,Clo1313_0076,IPR013154,UPI00003C8F23,ADH-like_N
299,Clo1313_0076,IPR002328,UPI00003C8F23,ADH_Zn_CS
300,Clo1313_0076,IPR011032,UPI00003C8F23,GroES-like_sf
301,Clo1313_0076,IPR036291,UPI00003C8F23,NAD(P)-bd_dom_sf
302,Clo1313_0076,IPR045306,UPI00003C8F23,SDH-like
303,Clo1313_0076,,UPI00003C8F23,
304,Clo1313_0077,IPR050555,UPI00003C8F22,Bact_Solute-Bind_Prot2
305,Clo1313_0077,IPR028082,UPI00003C8F22,Peripla_BP_I
306,Clo1313_0077,IPR025997,UPI00003C8F22,SBP_2_dom
307,Clo1313_0077,,UPI00003C8F22,
308,Clo1313_0078,IPR003593,UPI0001B1EFD0,AAA+_ATPase
309,Clo1313_0078,IPR050107,UPI0001B1EFD0,ABC_carbohydrate_import_ATPase
310,Clo1313_0078,IPR003439,UPI0001B1EFD0,ABC_transporter-like_ATP-bd
311,Clo1313_0078,IPR017871,UPI0001B1EFD0,ABC_transporter-like_CS
312,Clo1313_0078,IPR027417,UPI0001B1EFD0,P-loop_NTPase
313,Clo1313_0078,,UPI0001B1EFD0,
314,Clo1313_0079,IPR001851,UPI00003C8F20,ABC_transp_permease
315,Clo1313_0079,,UPI00003C8F20,
316,Clo1313_0080,IPR013078,UPI00017E17C0,His_Pase_superF_clade-1
317,Clo1313_0080,IPR029033,UPI00017E17C0,His_PPase_superfam
318,Clo1313_0080,IPR001345,UPI00017E17C0,PG/BPGM_mutase_AS
319,Clo1313_0080,IPR051695,UPI00017E17C0,Phosphoglycerate_Mutase
320,Clo1313_0080,,UPI00017E17C0,
321,Clo1313_0081,IPR014001,UPI0001B1EFCF,Helicase_ATP-bd
322,Clo1313_0081,IPR001650,UPI0001B1EFCF,Helicase_C-like
323,Clo1313_0081,IPR013663,UPI0001B1EFCF,Helicase_SWF/SNF/SWI_bac
324,Clo1313_0081,IPR027417,UPI0001B1EFCF,P-loop_NTPase
325,Clo1313_0081,IPR038718,UPI0001B1EFCF,SNF2-like_sf
326,Clo1313_0081,IPR049730,UPI0001B1EFCF,SNF2/RAD54-like_C
327,Clo1313_0081,IPR000330,UPI0001B1EFCF,SNF2_N
328,Clo1313_0081,IPR007527,UPI0001B1EFCF,Znf_SWIM
329,Clo1313_0081,,UPI0001B1EFCF,
330,Clo1313_0082,IPR013647,UPI000038FADE,OligopepF_N_dom
331,Clo1313_0082,IPR042088,UPI000038FADE,OligoPept_F_C
332,Clo1313_0082,IPR045090,UPI000038FADE,Pept_M3A_M3B
333,Clo1313_0082,IPR001567,UPI000038FADE,Pept_M3A_M3B_dom
334,Clo1313_0082,IPR004438,UPI000038FADE,Peptidase_M3B
335,Clo1313_0082,,UPI000038FADE,
336,Clo1313_0083,IPR052555,UPI000038FADD,dCTP_Pyrophosphatase
337,Clo1313_0083,IPR025984,UPI000038FADD,DCTPP
338,Clo1313_0083,,UPI000038FADD,
339,Clo1313_0084,IPR003961,UPI000038FADC,FN3_dom
340,Clo1313_0084,IPR036116,UPI000038FADC,FN3_sf
341,Clo1313_0084,IPR013783,UPI000038FADC,Ig-like_fold
342,Clo1313_0084,IPR001119,UPI000038FADC,SLH_dom
343,Clo1313_0084,IPR050964,UPI000038FADC,Striated_Muscle_Regulatory
344,Clo1313_0084,,UPI000038FADC,
345,Clo1313_0085,IPR016192,UPI00005323D7,APOBEC/CMP_deaminase_Zn-bd
346,Clo1313_0085,IPR002125,UPI00005323D7,CMP_dCMP_dom
347,Clo1313_0085,IPR016193,UPI00005323D7,Cytidine_deaminase-like
348,Clo1313_0085,IPR058535,UPI00005323D7,
349,Clo1313_0085,IPR028883,UPI00005323D7,tRNA_aden_deaminase
350,Clo1313_0085,,UPI00005323D7,
351,Clo1313_0087,IPR013096,UPI000038FBE7,Cupin_2
352,Clo1313_0087,IPR052538,UPI000038FBE7,Flavonoid_dioxygenase-like
353,Clo1313_0087,IPR014710,UPI000038FBE7,RmlC-like_jellyroll
354,Clo1313_0087,IPR011051,UPI000038FBE7,RmlC_Cupin_sf
355,Clo1313_0087,,UPI000038FBE7,
356,Clo1313_0088,IPR010611,UPI000038FBE8,3D_dom
357,Clo1313_0088,IPR059180,UPI000038FBE8,3D_YorM
358,Clo1313_0088,IPR051933,UPI000038FBE8,Resuscitation_pf_RpfB
359,Clo1313_0088,IPR036908,UPI000038FBE8,RlpA-like_sf
360,Clo1313_0088,,UPI000038FBE8,
361,Clo1313_0089,IPR000843,UPI0001B1EFCE,HTH_LacI
362,Clo1313_0089,IPR046335,UPI0001B1EFCE,LacI/GalR-like_sensor
363,Clo1313_0089,IPR010982,UPI0001B1EFCE,Lambda_DNA-bd_dom_sf
364,Clo1313_0089,IPR028082,UPI0001B1EFCE,Peripla_BP_I
365,Clo1313_0089,,UPI0001B1EFCE,
366,Clo1313_0091,IPR008764,UPI000038FBEB,Peptidase_U57
367,Clo1313_0091,,UPI000038FBEB,
368,Clo1313_0092,IPR000380,UPI00017E526E,Topo_IA
369,Clo1313_0092,IPR003601,UPI00017E526E,Topo_IA_2
370,Clo1313_0092,IPR023406,UPI00017E526E,Topo_IA_AS
371,Clo1313_0092,IPR013497,UPI00017E526E,Topo_IA_cen
372,Clo1313_0092,IPR013824,UPI00017E526E,Topo_IA_cen_sub1
373,Clo1313_0092,IPR013825,UPI00017E526E,Topo_IA_cen_sub2
374,Clo1313_0092,IPR013826,UPI00017E526E,Topo_IA_cen_sub3
375,Clo1313_0092,IPR023405,UPI00017E526E,Topo_IA_core_domain
376,Clo1313_0092,IPR003602,UPI00017E526E,Topo_IA_DNA-bd_dom
377,Clo1313_0092,IPR005738,UPI00017E526E,TopoIII
378,Clo1313_0092,IPR006171,UPI00017E526E,TOPRIM_dom
379,Clo1313_0092,IPR034144,UPI00017E526E,TOPRIM_TopoIII
380,Clo1313_0092,,UPI00017E526E,
381,Clo1313_0093,IPR007163,UPI000038FBEF,VCA0040-like
382,Clo1313_0093,,UPI000038FBEF,
383,Clo1313_0094,IPR010920,UPI0000531C65,LSM_dom_sf
384,Clo1313_0094,IPR049278,UPI0000531C65,MS_channel_C
385,Clo1313_0094,IPR023408,UPI0000531C65,MscS_beta-dom_sf
386,Clo1313_0094,IPR006685,UPI0000531C65,MscS_channel_2nd
387,Clo1313_0094,IPR011066,UPI0000531C65,MscS_channel_C_sf
388,Clo1313_0094,IPR011014,UPI0000531C65,MscS_channel_TM-2
389,Clo1313_0094,IPR045276,UPI0000531C65,YbiO_bact
390,Clo1313_0094,,UPI0000531C65,
391,Clo1313_0095,IPR009296,UPI00005315BD,DUF951
392,Clo1313_0095,,UPI00005315BD,
393,Clo1313_0096,IPR001478,UPI00017E4E49,PDZ
394,Clo1313_0096,IPR036034,UPI00017E4E49,PDZ_sf
395,Clo1313_0096,IPR009003,UPI00017E4E49,Peptidase_S1_PA
396,Clo1313_0096,IPR001940,UPI00017E4E49,Peptidase_S1C
397,Clo1313_0096,,UPI00017E4E49,
398,Clo1313_0097,,UPI0000536D1E,
399,Clo1313_0098,IPR016192,UPI000038FBF3,APOBEC/CMP_deaminase_Zn-bd
400,Clo1313_0098,IPR002125,UPI000038FBF3,CMP_dCMP_dom
401,Clo1313_0098,IPR016193,UPI000038FBF3,Cytidine_deaminase-like
402,Clo1313_0098,,UPI000038FBF3,
403,Clo1313_0099,IPR012846,UPI00003C8E25,Acetolactate_synth_lsu
404,Clo1313_0099,IPR039368,UPI00003C8E25,AHAS_TPP
405,Clo1313_0099,IPR029035,UPI00003C8E25,DHS-like_NAD/FAD-binding_dom
406,Clo1313_0099,IPR029061,UPI00003C8E25,THDP-binding
407,Clo1313_0099,IPR012000,UPI00003C8E25,Thiamin_PyroP_enz_cen_dom
408,Clo1313_0099,IPR012001,UPI00003C8E25,Thiamin_PyroP_enz_TPP-bd_dom
409,Clo1313_0099,IPR000399,UPI00003C8E25,TPP-bd_CS
410,Clo1313_0099,IPR045229,UPI00003C8E25,TPP_enz
411,Clo1313_0099,IPR011766,UPI00003C8E25,TPP_enzyme_TPP-bd
412,Clo1313_0099,,UPI00003C8E25,
413,Clo1313_0100,IPR004789,UPI00003C8E24,Acetalactate_synth_ssu
414,Clo1313_0100,IPR027271,UPI00003C8E24,Acetolactate_synth/TF_NikR_C
415,Clo1313_0100,IPR019455,UPI00003C8E24,Acetolactate_synth_ssu_C
416,Clo1313_0100,IPR045865,UPI00003C8E24,ACT-like_dom_sf
417,Clo1313_0100,IPR002912,UPI00003C8E24,ACT_dom
418,Clo1313_0100,IPR039557,UPI00003C8E24,AHAS_ACT
419,Clo1313_0100,IPR054480,UPI00003C8E24,AHAS_small-like_ACT
420,Clo1313_0100,,UPI00003C8E24,
421,Clo1313_0101,IPR008927,UPI00003C8E23,6-PGluconate_DH-like_C_sf
422,Clo1313_0101,IPR013023,UPI00003C8E23,KARI
423,Clo1313_0101,IPR000506,UPI00003C8E23,KARI_C
424,Clo1313_0101,IPR013116,UPI00003C8E23,KARI_N
425,Clo1313_0101,IPR014359,UPI00003C8E23,KARI_prok
426,Clo1313_0101,IPR036291,UPI00003C8E23,NAD(P)-bd_dom_sf
427,Clo1313_0101,,UPI00003C8E23,
428,Clo1313_0102,IPR013709,UPI00005373E5,2-isopropylmalate_synth_dimer
429,Clo1313_0102,IPR002034,UPI00005373E5,AIPM/Hcit_synth_CS
430,Clo1313_0102,IPR013785,UPI00005373E5,Aldolase_TIM
431,Clo1313_0102,IPR005675,UPI00005373E5,Citramal_synthase
432,Clo1313_0102,IPR054691,UPI00005373E5,LeuA/HCS_post-cat
433,Clo1313_0102,IPR036230,UPI00005373E5,LeuA_allosteric_dom_sf
434,Clo1313_0102,IPR000891,UPI00005373E5,PYR_CT
435,Clo1313_0102,,UPI00005373E5,
436,Clo1313_0103,,UPI00003C8E21,
437,Clo1313_0104,IPR014284,UPI00017E4E56,RNA_pol_sigma-70_dom
438,Clo1313_0104,IPR014244,UPI00017E4E56,RNA_pol_sigma-I
439,Clo1313_0104,IPR007627,UPI00017E4E56,RNA_pol_sigma70_r2
440,Clo1313_0104,IPR013325,UPI00017E4E56,RNA_pol_sigma_r2
441,Clo1313_0104,,UPI00017E4E56,
442,Clo1313_0105,IPR024449,UPI0001B1F080,Anti-sigma_RsgI_N
443,Clo1313_0105,IPR055431,UPI0001B1F080,RsgI_M
444,Clo1313_0105,,UPI0001B1F080,
445,Clo1313_0106,IPR021279,UPI000038F751,DUF2721
446,Clo1313_0106,,UPI000038F751,
447,Clo1313_0107,IPR000944,UPI00003C8E1E,Tscrpt_reg_Rrf2
448,Clo1313_0107,IPR036388,UPI00003C8E1E,WH-like_DNA-bd_sf
449,Clo1313_0107,IPR036390,UPI00003C8E1E,WH_DNA-bd_sf
450,Clo1313_0107,,UPI00003C8E1E,
451,Clo1313_0108,IPR000343,UPI0000537B99,4pyrrol_synth_GluRdtase
452,Clo1313_0108,IPR015895,UPI0000537B99,4pyrrol_synth_GluRdtase_N
453,Clo1313_0108,IPR036343,UPI0000537B99,GluRdtase_N_sf
454,Clo1313_0108,IPR036291,UPI0000537B99,NAD(P)-bd_dom_sf
455,Clo1313_0108,IPR006151,UPI0000537B99,Shikm_DH/Glu-tRNA_Rdtase
456,Clo1313_0108,,UPI0000537B99,
457,Clo1313_0109,IPR028161,UPI00003C8E1C,Met8-like
458,Clo1313_0109,IPR036291,UPI00003C8E1C,NAD(P)-bd_dom_sf
459,Clo1313_0109,IPR006367,UPI00003C8E1C,Sirohaem_synthase_N
460,Clo1313_0109,,UPI00003C8E1C,
461,Clo1313_0110,IPR000860,UPI00003C8E1B,HemC
462,Clo1313_0110,IPR022417,UPI00003C8E1B,Porphobilin_deaminase_N
463,Clo1313_0110,IPR022418,UPI00003C8E1B,Porphobilinogen_deaminase_C
464,Clo1313_0110,IPR036803,UPI00003C8E1B,Porphobilinogen_deaminase_C_sf
465,Clo1313_0110,,UPI00003C8E1B,
466,Clo1313_0111,IPR000878,UPI000038F753,4pyrrol_Mease
467,Clo1313_0111,IPR035996,UPI000038F753,4pyrrol_Methylase_sf
468,Clo1313_0111,IPR036108,UPI000038F753,4pyrrol_syn_uPrphyn_synt_sf
469,Clo1313_0111,IPR003754,UPI000038F753,4pyrrol_synth_uPrphyn_synth
470,Clo1313_0111,IPR014777,UPI000038F753,4pyrrole_Mease_sub1
471,Clo1313_0111,IPR014776,UPI000038F753,4pyrrole_Mease_sub2
472,Clo1313_0111,IPR006366,UPI000038F753,CobA/CysG_C
473,Clo1313_0111,IPR050161,UPI000038F753,Siro_Cobalamin_biosynth
474,Clo1313_0111,IPR003043,UPI000038F753,Uropor_MeTrfase_CS
475,Clo1313_0111,,UPI000038F753,
476,Clo1313_0112,IPR001731,UPI000038F754,ALAD
477,Clo1313_0112,IPR030656,UPI000038F754,ALAD_AS
478,Clo1313_0112,IPR013785,UPI000038F754,Aldolase_TIM
479,Clo1313_0112,,UPI000038F754,
480,Clo1313_0113,IPR004639,UPI000038F755,4pyrrol_synth_GluAld_NH2Trfase
481,Clo1313_0113,IPR005814,UPI000038F755,Aminotrans_3
482,Clo1313_0113,IPR049704,UPI000038F755,Aminotrans_3_PPA_site
483,Clo1313_0113,IPR015424,UPI000038F755,PyrdxlP-dep_Trfase
484,Clo1313_0113,IPR015421,UPI000038F755,PyrdxlP-dep_Trfase_major
485,Clo1313_0113,IPR015422,UPI000038F755,PyrdxlP-dep_Trfase_small
486,Clo1313_0113,,UPI000038F755,
487,Clo1313_0114,IPR034408,UPI0000F2192F,Sulphate/thiosulphate_BS
488,Clo1313_0114,IPR005669,UPI0000F2192F,Thiosulph/SO4-bd
489,Clo1313_0114,,UPI0000F2192F,
490,Clo1313_0115,IPR011865,UPI00017E2FB4,CysT_permease
491,Clo1313_0115,IPR000515,UPI00017E2FB4,MetI-like
492,Clo1313_0115,IPR035906,UPI00017E2FB4,MetI-like_sf
493,Clo1313_0115,IPR005667,UPI00017E2FB4,Sulph_transpt2
494,Clo1313_0115,,UPI00017E2FB4,
495,Clo1313_0116,IPR011866,UPI00003C8AEF,CysW_permease
496,Clo1313_0116,IPR000515,UPI00003C8AEF,MetI-like
497,Clo1313_0116,IPR035906,UPI00003C8AEF,MetI-like_sf
498,Clo1313_0116,IPR005667,UPI00003C8AEF,Sulph_transpt2
499,Clo1313_0116,,UPI00003C8AEF,
500,Clo1313_0117,IPR003593,UPI000038F759,AAA+_ATPase
501,Clo1313_0117,IPR050093,UPI000038F759,ABC_SmlMolc_Importer
502,Clo1313_0117,IPR003439,UPI000038F759,ABC_transporter-like_ATP-bd
503,Clo1313_0117,IPR017871,UPI000038F759,ABC_transporter-like_CS
504,Clo1313_0117,IPR041193,UPI000038F759,CysA_C
505,Clo1313_0117,IPR008995,UPI000038F759,Mo/tungstate-bd_C_term_dom
506,Clo1313_0117,IPR027417,UPI000038F759,P-loop_NTPase
507,Clo1313_0117,IPR005666,UPI000038F759,Sulph_transpt1
508,Clo1313_0117,IPR024765,UPI000038F759,TOBE-like
509,Clo1313_0117,,UPI000038F759,
510,Clo1313_0118,IPR011798,UPI00017E2FB3,APS_reductase
511,Clo1313_0118,IPR004511,UPI00017E2FB3,PAPS/APS_Rdtase
512,Clo1313_0118,IPR002500,UPI00017E2FB3,PAPS_reduct_dom
513,Clo1313_0118,IPR014729,UPI00017E2FB3,Rossmann-like_a/b/a_fold
514,Clo1313_0118,,UPI00017E2FB3,
515,Clo1313_0119,IPR002500,UPI0000533E13,PAPS_reduct_dom
516,Clo1313_0119,IPR014729,UPI0000533E13,Rossmann-like_a/b/a_fold
517,Clo1313_0119,IPR011784,UPI0000533E13,SO4_adenylTrfase_ssu
518,Clo1313_0119,IPR050128,UPI0000533E13,Sulfate_adenylyltrnsfr_sub2
519,Clo1313_0119,,UPI0000533E13,
520,Clo1313_0120,IPR059117,UPI000038F75C,APS_kinase_dom
521,Clo1313_0120,IPR041757,UPI000038F75C,CysN_GTP-bd
522,Clo1313_0120,IPR044138,UPI000038F75C,CysN_II
523,Clo1313_0120,IPR044139,UPI000038F75C,CysN_NoDQ_III
524,Clo1313_0120,IPR031157,UPI000038F75C,G_TR_CS
525,Clo1313_0120,IPR054696,UPI000038F75C,GTP-eEF1A_C
526,Clo1313_0120,IPR027417,UPI000038F75C,P-loop_NTPase
527,Clo1313_0120,IPR011779,UPI000038F75C,SO4_adenylTrfase_lsu
528,Clo1313_0120,IPR000795,UPI000038F75C,T_Tr_GTP-bd_dom
529,Clo1313_0120,IPR050100,UPI000038F75C,TRAFAC_GTPase_members
530,Clo1313_0120,IPR009000,UPI000038F75C,Transl_B-barrel_sf
531,Clo1313_0120,IPR009001,UPI000038F75C,Transl_elong_EF1A/Init_IF2_C
532,Clo1313_0120,,UPI000038F75C,
533,Clo1313_0121,IPR012675,UPI0001B1F07F,Beta-grasp_dom_sf
534,Clo1313_0121,IPR016155,UPI0001B1F07F,Mopterin_synth/thiamin_S_b
535,Clo1313_0121,IPR010035,UPI0001B1F07F,Thi_S
536,Clo1313_0121,IPR003749,UPI0001B1F07F,ThiS/MoaD-like
537,Clo1313_0121,,UPI0001B1F07F,
538,Clo1313_0122,IPR045886,UPI000038F75E,ThiF/MoeB/HesA
539,Clo1313_0122,IPR000594,UPI000038F75E,ThiF_NAD_FAD-bd
540,Clo1313_0122,IPR035985,UPI000038F75E,Ubiquitin-activating_enz
541,Clo1313_0122,,UPI000038F75E,
542,Clo1313_0123,IPR028090,UPI00003C8AF1,JAB_dom_prok
543,Clo1313_0123,IPR000555,UPI00003C8AF1,JAMM/MPN+_dom
544,Clo1313_0123,IPR037518,UPI00003C8AF1,MPN
545,Clo1313_0123,IPR051929,UPI00003C8AF1,VirAsm_ModProt
546,Clo1313_0123,,UPI00003C8AF1,
547,Clo1313_0124,IPR017896,UPI00003C8AF2,4Fe4S_Fe-S-bd
548,Clo1313_0124,IPR017900,UPI00003C8AF2,4Fe4S_Fe_S_CS
549,Clo1313_0124,IPR051329,UPI00003C8AF2,NIR_SIR_4Fe-4S
550,Clo1313_0124,IPR005117,UPI00003C8AF2,NiRdtase/SiRdtase_haem-b_fer
551,Clo1313_0124,IPR036136,UPI00003C8AF2,Nit/Sulf_reduc_fer-like_dom_sf
552,Clo1313_0124,IPR006067,UPI00003C8AF2,NO2/SO3_Rdtase_4Fe4S_dom
553,Clo1313_0124,IPR045854,UPI00003C8AF2,NO2/SO3_Rdtase_4Fe4S_sf
554,Clo1313_0124,IPR006066,UPI00003C8AF2,NO2/SO3_Rdtase_FeS/sirohaem_BS
555,Clo1313_0124,,UPI00003C8AF2,
556,Clo1313_0125,IPR001455,UPI0000532837,TusA-like
557,Clo1313_0125,IPR036868,UPI0000532837,TusA-like_sf
558,Clo1313_0125,,UPI0000532837,
559,Clo1313_0126,IPR019606,UPI0000F21922,GerMN
560,Clo1313_0126,,UPI0000F21922,
561,Clo1313_0127,IPR039425,UPI000038F760,RNA_pol_sigma-70-like
562,Clo1313_0127,IPR014284,UPI000038F760,RNA_pol_sigma-70_dom
563,Clo1313_0127,IPR000838,UPI000038F760,RNA_pol_sigma70_ECF_CS
564,Clo1313_0127,IPR007627,UPI000038F760,RNA_pol_sigma70_r2
565,Clo1313_0127,IPR013249,UPI000038F760,RNA_pol_sigma70_r4_t2
566,Clo1313_0127,IPR013325,UPI000038F760,RNA_pol_sigma_r2
567,Clo1313_0127,IPR013324,UPI000038F760,RNA_pol_sigma_r3/r4-like
568,Clo1313_0127,IPR036388,UPI000038F760,WH-like_DNA-bd_sf
569,Clo1313_0127,,UPI000038F760,
570,Clo1313_0128,IPR036890,UPI0001F32953,HATPase_C_sf
571,Clo1313_0128,IPR032834,UPI0001F32953,NatK-like_C
572,Clo1313_0128,,UPI0001F32953,
573,Clo1313_0129,,UPI00017E2E15,
574,Clo1313_0131,,UPI00017E2E12,
575,Clo1313_0132,,UPI00003C8AF8,
576,Clo1313_0133,IPR010720,UPI000038F762,Alpha-L-AF_C
577,Clo1313_0133,IPR055235,UPI000038F762,ASD1_cat
578,Clo1313_0133,IPR017853,UPI000038F762,GH_hydrolase_sf
579,Clo1313_0133,IPR013780,UPI000038F762,Glyco_hydro_b
580,Clo1313_0133,,UPI000038F762,
581,Clo1313_0134,,UPI00017E2E11,
582,Clo1313_0135,IPR002105,UPI000038F763,Dockerin_1_rpt
583,Clo1313_0135,IPR016134,UPI000038F763,Dockerin_dom
584,Clo1313_0135,IPR036439,UPI000038F763,Dockerin_dom_sf
585,Clo1313_0135,IPR018247,UPI000038F763,EF_Hand_1_Ca_BS
586,Clo1313_0135,IPR015943,UPI000038F763,WD40/YVTN_repeat-like_dom_sf
587,Clo1313_0135,,UPI000038F763,
588,Clo1313_0136,IPR051706,UPI000038F764,Glycosyltransferase_domain
589,Clo1313_0136,IPR007577,UPI000038F764,GlycoTrfase_DXD_sugar-bd_CS
590,Clo1313_0136,IPR029044,UPI000038F764,Nucleotide-diphossugar_trans
591,Clo1313_0136,,UPI000038F764,
592,Clo1313_0137,IPR023885,UPI000038F765,4Fe4S-binding_SPASM_dom
593,Clo1313_0137,IPR034391,UPI000038F765,AdoMet-like_SPASM_containing
594,Clo1313_0137,IPR013785,UPI000038F765,Aldolase_TIM
595,Clo1313_0137,IPR050377,UPI000038F765,Radical_SAM_PqqE_MftC-like
596,Clo1313_0137,IPR007197,UPI000038F765,rSAM
597,Clo1313_0137,IPR058240,UPI000038F765,rSAM_sf
598,Clo1313_0137,,UPI000038F765,
599,Clo1313_0138,IPR023885,UPI00017E2E0D,4Fe4S-binding_SPASM_dom
600,Clo1313_0138,IPR034391,UPI00017E2E0D,AdoMet-like_SPASM_containing
601,Clo1313_0138,IPR013785,UPI00017E2E0D,Aldolase_TIM
602,Clo1313_0138,IPR050377,UPI00017E2E0D,Radical_SAM_PqqE_MftC-like
603,Clo1313_0138,IPR007197,UPI00017E2E0D,rSAM
604,Clo1313_0138,IPR058240,UPI00017E2E0D,rSAM_sf
605,Clo1313_0138,,UPI00017E2E0D,
606,Clo1313_0139,IPR023885,UPI0001B1F07C,4Fe4S-binding_SPASM_dom
607,Clo1313_0139,IPR034391,UPI0001B1F07C,AdoMet-like_SPASM_containing
608,Clo1313_0139,IPR013785,UPI0001B1F07C,Aldolase_TIM
609,Clo1313_0139,IPR006638,UPI0001B1F07C,Elp3/MiaA/NifB-like_rSAM
610,Clo1313_0139,IPR050377,UPI0001B1F07C,Radical_SAM_PqqE_MftC-like
611,Clo1313_0139,IPR007197,UPI0001B1F07C,rSAM
612,Clo1313_0139,IPR058240,UPI0001B1F07C,rSAM_sf
613,Clo1313_0139,,UPI0001B1F07C,
614,Clo1313_0140,,UPI00017E2E0B,
615,Clo1313_0141,IPR006342,UPI000038F769,FkbM_mtfrase
616,Clo1313_0141,IPR029063,UPI000038F769,SAM-dependent_MTases_sf
617,Clo1313_0141,,UPI000038F769,
618,Clo1313_0142,IPR023885,UPI00003C8AFA,4Fe4S-binding_SPASM_dom
619,Clo1313_0142,IPR034391,UPI00003C8AFA,AdoMet-like_SPASM_containing
620,Clo1313_0142,IPR013785,UPI00003C8AFA,Aldolase_TIM
621,Clo1313_0142,IPR050377,UPI00003C8AFA,Radical_SAM_PqqE_MftC-like
622,Clo1313_0142,IPR007197,UPI00003C8AFA,rSAM
623,Clo1313_0142,IPR058240,UPI00003C8AFA,rSAM_sf
624,Clo1313_0142,,UPI00003C8AFA,
625,Clo1313_0143,IPR001173,UPI000038F76A,Glyco_trans_2-like
626,Clo1313_0143,IPR029044,UPI000038F76A,Nucleotide-diphossugar_trans
627,Clo1313_0143,IPR029063,UPI000038F76A,SAM-dependent_MTases_sf
628,Clo1313_0143,,UPI000038F76A,
629,Clo1313_0144,IPR001509,UPI000038F76B,Epimerase_deHydtase
630,Clo1313_0144,IPR036291,UPI000038F76B,NAD(P)-bd_dom_sf
631,Clo1313_0144,,UPI000038F76B,
632,Clo1313_0145,IPR000653,UPI00017E2E09,DegT/StrS_aminotransferase
633,Clo1313_0145,IPR015424,UPI00017E2E09,PyrdxlP-dep_Trfase
634,Clo1313_0145,IPR015421,UPI00017E2E09,PyrdxlP-dep_Trfase_major
635,Clo1313_0145,IPR015422,UPI00017E2E09,PyrdxlP-dep_Trfase_small
636,Clo1313_0145,,UPI00017E2E09,
637,Clo1313_0146,IPR000888,UPI00017E2E08,RmlC-like
638,Clo1313_0146,IPR014710,UPI00017E2E08,RmlC-like_jellyroll
639,Clo1313_0146,IPR011051,UPI00017E2E08,RmlC_Cupin_sf
640,Clo1313_0146,,UPI00017E2E08,
641,Clo1313_0147,IPR013445,UPI0001B1F059,CDP_4_6_deHydtase
642,Clo1313_0147,IPR016040,UPI0001B1F059,NAD(P)-bd_dom
643,Clo1313_0147,IPR036291,UPI0001B1F059,NAD(P)-bd_dom_sf
644,Clo1313_0147,,UPI0001B1F059,
645,Clo1313_0148,IPR046981,UPI00003C8AFB,G1P_cyt_trans
646,Clo1313_0148,IPR013446,UPI00003C8AFB,G1P_cyt_trans-like
647,Clo1313_0148,IPR005835,UPI00003C8AFB,NTP_transferase_dom
648,Clo1313_0148,IPR029044,UPI00003C8AFB,Nucleotide-diphossugar_trans
649,Clo1313_0148,,UPI00003C8AFB,
650,Clo1313_0149,,UPI00017E2C81,
651,Clo1313_2574,IPR001207,UPI00003C8CB2,Transposase_mutator
652,Clo1313_2574,,UPI00003C8CB2,
653,Clo1313_0151,IPR024775,UPI0001B1F03F,EgtB_DinB-like
654,Clo1313_0151,IPR034660,UPI0001B1F03F,DinB/YfiT-like
655,Clo1313_0151,,UPI0001B1F03F,
656,Clo1313_0152,IPR051198,UPI000038F773,BchE-like
657,Clo1313_0152,IPR006158,UPI000038F773,Cobalamin-bd
658,Clo1313_0152,IPR025274,UPI000038F773,DUF4070
659,Clo1313_0152,IPR006638,UPI000038F773,Elp3/MiaA/NifB-like_rSAM
660,Clo1313_0152,IPR034466,UPI000038F773,Methyltransferase_Class_B
661,Clo1313_0152,IPR007197,UPI000038F773,rSAM
662,Clo1313_0152,IPR023404,UPI000038F773,rSAM_horseshoe
663,Clo1313_0152,IPR058240,UPI000038F773,rSAM_sf
664,Clo1313_0152,,UPI000038F773,
665,Clo1313_0153,IPR014710,UPI0001B1F03E,RmlC-like_jellyroll
666,Clo1313_0153,IPR011051,UPI0001B1F03E,RmlC_Cupin_sf
667,Clo1313_0153,,UPI0001B1F03E,
668,Clo1313_0154,,UPI000038F774,
669,Clo1313_0155,,UPI000038F775,
670,Clo1313_0156,,UPI00003C8AFE,
671,Clo1313_0157,,UPI00017E2C7C,
672,Clo1313_0159,,UPI000038F778,
673,Clo1313_0160,IPR003593,UPI0000537F83,AAA+_ATPase
674,Clo1313_0160,IPR003439,UPI0000537F83,ABC_transporter-like_ATP-bd
675,Clo1313_0160,IPR017871,UPI0000537F83,ABC_transporter-like_CS
676,Clo1313_0160,IPR050166,UPI0000537F83,ABC_transporter_ATP-bind
677,Clo1313_0160,IPR027417,UPI0000537F83,P-loop_NTPase
678,Clo1313_0160,,UPI0000537F83,
679,Clo1313_0161,IPR000515,UPI000038F77A,MetI-like
680,Clo1313_0161,IPR035906,UPI000038F77A,MetI-like_sf
681,Clo1313_0161,,UPI000038F77A,
682,Clo1313_0162,IPR015168,UPI00017E2C7B,SsuA/THI5
683,Clo1313_0162,,UPI00017E2C7B,
684,Clo1313_0163,,UPI00017E2C7A,
685,Clo1313_0164,IPR033469,UPI00017E2C79,CYTH-like_dom_sf
686,Clo1313_0164,IPR023577,UPI00017E2C79,CYTH_domain
687,Clo1313_0164,IPR012042,UPI00017E2C79,NeuTTM/CthTTM-like
688,Clo1313_0164,,UPI00017E2C79,
689,Clo1313_0165,IPR043129,UPI0001B1F03D,ATPase_NBD
690,Clo1313_0165,IPR050273,UPI0001B1F03D,GppA/Ppx_hydrolase
691,Clo1313_0165,IPR003607,UPI0001B1F03D,HD/PDEase_dom
692,Clo1313_0165,IPR048950,UPI0001B1F03D,Ppx_GppA_C
693,Clo1313_0165,IPR003695,UPI0001B1F03D,Ppx_GppA_N
694,Clo1313_0165,IPR030673,UPI0001B1F03D,PyroPPase_GppA_Ppx
695,Clo1313_0165,,UPI0001B1F03D,
696,Clo1313_0166,IPR001670,UPI00017E2C78,ADH_Fe/GldA
697,Clo1313_0166,IPR056798,UPI00017E2C78,ADH_Fe_C
698,Clo1313_0166,IPR039697,UPI00017E2C78,Alcohol_dehydrogenase_Fe
699,Clo1313_0166,,UPI00017E2C78,
700,Clo1313_0167,IPR024654,UPI0001B1F03C,Calcineurin-like_PHP_lpxH
701,Clo1313_0167,IPR029052,UPI0001B1F03C,Metallo-depent_PP-like
702,Clo1313_0167,IPR000979,UPI0001B1F03C,Phosphodiesterase_MJ0936/Vps29
703,Clo1313_0167,,UPI0001B1F03C,
704,Clo1313_0168,IPR045031,UPI0001B1F03B,DHP_synth-like
705,Clo1313_0168,IPR006390,UPI0001B1F03B,DHP_synth_dom
706,Clo1313_0168,IPR011005,UPI0001B1F03B,Dihydropteroate_synth-like_sf
707,Clo1313_0168,IPR000489,UPI0001B1F03B,Pterin-binding_dom
708,Clo1313_0168,,UPI0001B1F03B,
709,Clo1313_0169,IPR006156,UPI0001B1F03A,Dihydroneopterin_aldolase
710,Clo1313_0169,IPR006157,UPI0001B1F03A,FolB_dom
711,Clo1313_0169,IPR043133,UPI0001B1F03A,GTP-CH-I_C/QueF
712,Clo1313_0169,,UPI0001B1F03A,
713,Clo1313_0170,IPR000550,UPI000038F783,Hppk
714,Clo1313_0170,IPR035907,UPI000038F783,Hppk_sf
715,Clo1313_0170,,UPI000038F783,
716,Clo1313_0171,,UPI0001B1F039,
717,Clo1313_0172,IPR045864,UPI0001F3295B,aa-tRNA-synth_II/BPL/LPL
718,Clo1313_0172,IPR030855,UPI0001F3295B,Bifunct_BirA
719,Clo1313_0172,IPR004408,UPI0001F3295B,Biotin_CoA_COase_ligase
720,Clo1313_0172,IPR003142,UPI0001F3295B,BPL_C
721,Clo1313_0172,IPR004143,UPI0001F3295B,BPL_LPL_catalytic
722,Clo1313_0172,IPR013196,UPI0001F3295B,HTH_11
723,Clo1313_0172,IPR008988,UPI0001F3295B,Transcriptional_repressor_C
724,Clo1313_0172,IPR036388,UPI0001F3295B,WH-like_DNA-bd_sf
725,Clo1313_0172,IPR036390,UPI0001F3295B,WH_DNA-bd_sf
726,Clo1313_0172,,UPI0001F3295B,
727,Clo1313_0173,IPR032465,UPI00003C8B03,ACMSD
728,Clo1313_0173,IPR006680,UPI00003C8B03,Amidohydro-rel
729,Clo1313_0173,IPR032466,UPI00003C8B03,Metal_Hydrolase
730,Clo1313_0173,,UPI00003C8B03,
731,Clo1313_0174,,UPI0001B1F001,
732,Clo1313_0175,IPR043129,UPI000038F787,ATPase_NBD
733,Clo1313_0175,IPR004619,UPI000038F787,Type_III_PanK
734,Clo1313_0175,,UPI000038F787,
735,Clo1313_0176,IPR050297,UPI0000532F7C,LipidA_mod_glycosyltrf_83
736,Clo1313_0176,,UPI0000532F7C,
737,Clo1313_0177,IPR008969,UPI00003C8B05,CarboxyPept-like_regulatory
738,Clo1313_0177,IPR003305,UPI00003C8B05,CenC_carb-bd
739,Clo1313_0177,IPR002105,UPI00003C8B05,Dockerin_1_rpt
740,Clo1313_0177,IPR016134,UPI00003C8B05,Dockerin_dom
741,Clo1313_0177,IPR036439,UPI00003C8B05,Dockerin_dom_sf
742,Clo1313_0177,IPR018247,UPI00003C8B05,EF_Hand_1_Ca_BS
743,Clo1313_0177,IPR008979,UPI00003C8B05,Galactose-bd-like_sf
744,Clo1313_0177,IPR017853,UPI00003C8B05,GH_hydrolase_sf
745,Clo1313_0177,IPR044846,UPI00003C8B05,GH10
746,Clo1313_0177,IPR001000,UPI00003C8B05,GH10_dom
747,Clo1313_0177,,UPI00003C8B05,
748,Clo1313_0178,,UPI0000F21A5F,
749,Clo1313_0179,IPR021215,UPI00005369CA,DUF2752
750,Clo1313_0179,,UPI00005369CA,
751,Clo1313_0180,IPR005139,UPI00003C8B06,PCRF
752,Clo1313_0180,IPR000352,UPI00003C8B06,Pep_chain_release_fac_I
753,Clo1313_0180,IPR045853,UPI00003C8B06,Pep_chain_release_fac_I_sf
754,Clo1313_0180,IPR050057,UPI00003C8B06,Prokaryotic/Mito_RF
755,Clo1313_0180,IPR004373,UPI00003C8B06,RF-1
756,Clo1313_0180,,UPI00003C8B06,
757,Clo1313_0181,IPR003689,UPI000053197E,ZIP
758,Clo1313_0181,,UPI000053197E,
759,Clo1313_0182,IPR017945,UPI0001B1F000,DHBP_synth_RibB-like_a/b_dom
760,Clo1313_0182,IPR006070,UPI0001B1F000,Sua5-like_dom
761,Clo1313_0182,IPR038385,UPI0001B1F000,Sua5/YwlC_C
762,Clo1313_0182,IPR005145,UPI0001B1F000,Sua5_C
763,Clo1313_0182,IPR010923,UPI0001B1F000,T(6)A37_SUA5
764,Clo1313_0182,IPR050156,UPI0001B1F000,TC-AMP_synthase_SUA5
765,Clo1313_0182,,UPI0001B1F000,
766,Clo1313_0183,IPR050438,UPI000038FA12,LMW_PTPase
767,Clo1313_0183,IPR023485,UPI000038FA12,Ptyr_pPase
768,Clo1313_0183,IPR036196,UPI000038FA12,Ptyr_pPase_sf
769,Clo1313_0183,IPR017867,UPI000038FA12,Tyr_phospatase_low_mol_wt
770,Clo1313_0183,,UPI000038FA12,
771,Clo1313_0184,IPR004785,UPI0000535B83,RpiB
772,Clo1313_0184,IPR003500,UPI0000535B83,RpiB_LacA_LacB
773,Clo1313_0184,IPR036569,UPI0000535B83,RpiB_LacA_LacB_sf
774,Clo1313_0184,IPR051812,UPI0000535B83,SPI_LacAB/RpiB
775,Clo1313_0184,,UPI0000535B83,
776,Clo1313_0185,IPR029057,UPI0001B1EFFE,PRTase-like
777,Clo1313_0185,IPR000836,UPI0001B1EFFE,PRTase_dom
778,Clo1313_0185,IPR034332,UPI0001B1EFFE,Upp_B
779,Clo1313_0185,IPR005765,UPI0001B1EFFE,UPRT
780,Clo1313_0185,IPR050054,UPI0001B1EFFE,UPRTase/APRTase
781,Clo1313_0185,,UPI0001B1EFFE,
782,Clo1313_0186,IPR002125,UPI00003C8B09,CMP_dCMP_dom
783,Clo1313_0186,IPR016193,UPI00003C8B09,Cytidine_deaminase-like
784,Clo1313_0186,IPR016473,UPI00003C8B09,dCMP_deaminase
785,Clo1313_0186,IPR015517,UPI00003C8B09,dCMP_deaminase-rel
786,Clo1313_0186,IPR035105,UPI00003C8B09,Deoxycytidylate_deaminase_dom
787,Clo1313_0186,,UPI00003C8B09,
788,Clo1313_0187,IPR000715,UPI0000534C7C,Glycosyl_transferase_4
789,Clo1313_0187,IPR018480,UPI0000534C7C,PNAcMuramoyl-5peptid_Trfase_CS
790,Clo1313_0187,,UPI0000534C7C,
791,Clo1313_0188,IPR003331,UPI0001B1EFFD,UDP_GlcNAc_Epimerase_2_dom
792,Clo1313_0188,IPR029767,UPI0001B1EFFD,WecB-like
793,Clo1313_0188,,UPI0001B1EFFD,
794,Clo1313_0189,IPR045082,UPI000038FA0C,ATP_syn_F0_a_bact/chloroplast
795,Clo1313_0189,IPR000568,UPI000038FA0C,ATP_synth_F0_asu
796,Clo1313_0189,IPR035908,UPI000038FA0C,F0_ATP_A_sf
797,Clo1313_0189,,UPI000038FA0C,
798,Clo1313_0190,IPR005953,UPI000038FA0B,ATP_synth_csu_bac/chlpt
799,Clo1313_0190,IPR000454,UPI000038FA0B,ATP_synth_F0_csu
800,Clo1313_0190,IPR020537,UPI000038FA0B,ATP_synth_F0_csu_DDCD_BS
801,Clo1313_0190,IPR038662,UPI000038FA0B,ATP_synth_F0_csu_sf
802,Clo1313_0190,IPR002379,UPI000038FA0B,ATPase_proteolipid_c-like_dom
803,Clo1313_0190,IPR035921,UPI000038FA0B,F/V-ATP_Csub_sf
804,Clo1313_0190,,UPI000038FA0B,
805,Clo1313_0191,IPR028987,UPI00003C8B0B,ATP_synth_B-like_membr_sf
806,Clo1313_0191,IPR002146,UPI00003C8B0B,ATP_synth_b/b'su_bac/chlpt
807,Clo1313_0191,IPR005864,UPI00003C8B0B,ATP_synth_F0_bsu_bac
808,Clo1313_0191,IPR050059,UPI00003C8B0B,ATP_synthase_B_chain
809,Clo1313_0191,,UPI00003C8B0B,
810,Clo1313_0192,IPR026015,UPI000038FA09,ATP_synth_OSCP/delta_N_sf
811,Clo1313_0192,IPR000711,UPI000038FA09,ATPase_OSCP/dsu
812,Clo1313_0192,,UPI000038FA09,
813,Clo1313_0193,IPR023366,UPI00017E2947,ATP_synth_asu-like_sf
814,Clo1313_0193,IPR000793,UPI00017E2947,ATP_synth_asu_C
815,Clo1313_0193,IPR038376,UPI00017E2947,ATP_synth_asu_C_sf
816,Clo1313_0193,IPR033732,UPI00017E2947,ATP_synth_F1_a_nt-bd_dom
817,Clo1313_0193,IPR005294,UPI00017E2947,ATP_synth_F1_asu
818,Clo1313_0193,IPR020003,UPI00017E2947,ATPase_a/bsu_AS
819,Clo1313_0193,IPR004100,UPI00017E2947,ATPase_F1/V1/A1_a/bsu_N
820,Clo1313_0193,IPR036121,UPI00017E2947,ATPase_F1/V1/A1_a/bsu_N_sf
821,Clo1313_0193,IPR000194,UPI00017E2947,ATPase_F1/V1/A1_a/bsu_nucl-bd
822,Clo1313_0193,IPR027417,UPI00017E2947,P-loop_NTPase
823,Clo1313_0193,,UPI00017E2947,
824,Clo1313_0194,IPR035968,UPI000038FA07,ATP_synth_F1_ATPase_gsu
825,Clo1313_0194,IPR000131,UPI000038FA07,ATP_synth_F1_gsu
826,Clo1313_0194,,UPI000038FA07,
827,Clo1313_0195,IPR003593,UPI000038FA06,AAA+_ATPase
828,Clo1313_0195,IPR055190,UPI000038FA06,ATP-synt_VA_C
829,Clo1313_0195,IPR005722,UPI000038FA06,ATP_synth_F1_bsu
830,Clo1313_0195,IPR020003,UPI000038FA06,ATPase_a/bsu_AS
831,Clo1313_0195,IPR050053,UPI000038FA06,ATPase_alpha/beta_chains
832,Clo1313_0195,IPR004100,UPI000038FA06,ATPase_F1/V1/A1_a/bsu_N
833,Clo1313_0195,IPR036121,UPI000038FA06,ATPase_F1/V1/A1_a/bsu_N_sf
834,Clo1313_0195,IPR000194,UPI000038FA06,ATPase_F1/V1/A1_a/bsu_nucl-bd
835,Clo1313_0195,IPR024034,UPI000038FA06,ATPase_F1/V1_b/a_C
836,Clo1313_0195,IPR027417,UPI000038FA06,P-loop_NTPase
837,Clo1313_0195,,UPI000038FA06,
838,Clo1313_0196,IPR036794,UPI0000534568,ATP_F1_dsu/esu_C_sf
839,Clo1313_0196,IPR001469,UPI0000534568,ATP_synth_F1_dsu/esu
840,Clo1313_0196,IPR020546,UPI0000534568,ATP_synth_F1_dsu/esu_N
841,Clo1313_0196,IPR020547,UPI0000534568,ATP_synth_F1_esu_C
842,Clo1313_0196,IPR036771,UPI0000534568,ATPsynth_dsu/esu_N
843,Clo1313_0196,,UPI0000534568,
844,Clo1313_0197,IPR016772,UPI00003C8B0D,UCP020408
845,Clo1313_0197,,UPI00003C8B0D,
846,Clo1313_0198,IPR050991,UPI000038FA03,ECM_Regulatory_Proteins
847,Clo1313_0198,IPR003961,UPI000038FA03,FN3_dom
848,Clo1313_0198,IPR036116,UPI000038FA03,FN3_sf
849,Clo1313_0198,IPR013783,UPI000038FA03,Ig-like_fold
850,Clo1313_0198,IPR001119,UPI000038FA03,SLH_dom
851,Clo1313_0198,,UPI000038FA03,
852,Clo1313_0199,IPR003961,UPI0001F32969,FN3_dom
853,Clo1313_0199,IPR036116,UPI0001F32969,FN3_sf
854,Clo1313_0199,IPR013783,UPI0001F32969,Ig-like_fold
855,Clo1313_0199,IPR050379,UPI0001F32969,Type-I_Cytokine_Rcpt
856,Clo1313_0199,,UPI0001F32969,
857,Clo1313_0200,IPR051465,UPI000038FA01,Cell_Envelope_Struct_Comp
858,Clo1313_0200,IPR001119,UPI000038FA01,SLH_dom
859,Clo1313_0200,,UPI000038FA01,
860,Clo1313_0201,IPR014794,UPI0000535B6F,SpoIIT
861,Clo1313_0201,IPR036209,UPI0000535B6F,SpoIIT-like
862,Clo1313_0201,,UPI0000535B6F,
863,Clo1313_0202,IPR001986,UPI000038F9FF,Enolpyruvate_Tfrase_dom
864,Clo1313_0202,IPR036968,UPI000038F9FF,Enolpyruvate_Tfrase_sf
865,Clo1313_0202,IPR050068,UPI000038F9FF,
866,Clo1313_0202,IPR013792,UPI000038F9FF,RNA3'P_cycl/enolpyr_Trfase_a/b
867,Clo1313_0202,IPR005750,UPI000038F9FF,UDP_GlcNAc_COvinyl_MurA
868,Clo1313_0202,,UPI000038F9FF,
869,Clo1313_0203,IPR051922,UPI0001B1EFFC,Bact_Sporulation_Assoc
870,Clo1313_0203,IPR013486,UPI0001B1EFFC,SpoIID/LytB
871,Clo1313_0203,IPR013693,UPI0001B1EFFC,SpoIID/LytB_N
872,Clo1313_0203,IPR014225,UPI0001B1EFFC,Spore_II_D_firmicutes
873,Clo1313_0203,,UPI0001B1EFFC,
874,Clo1313_0204,IPR050570,UPI0000F21A63,Cell_wall_metabolism_enzyme
875,Clo1313_0204,IPR011055,UPI0000F21A63,Dup_hybrid_motif
876,Clo1313_0204,IPR016047,UPI0000F21A63,M23ase_b-sheet_dom
877,Clo1313_0204,,UPI0000F21A63,
878,Clo1313_0205,IPR014208,UPI00003C8B10,Spore_III_D
879,Clo1313_0205,IPR018356,UPI00003C8B10,Tscrpt_reg_HTH_DeoR_CS
880,Clo1313_0205,,UPI00003C8B10,
881,Clo1313_0206,IPR043129,UPI00005369C7,ATPase_NBD
882,Clo1313_0206,IPR004753,UPI00005369C7,MreB
883,Clo1313_0206,IPR056546,UPI00005369C7,MreB_MamK-like
884,Clo1313_0206,,UPI00005369C7,
885,Clo1313_0207,IPR001444,UPI0001B1EFCB,Flag_bb_rod_N
886,Clo1313_0207,IPR020013,UPI0001B1EFCB,Flagellar_FlgE/F/G
887,Clo1313_0207,IPR010930,UPI0001B1EFCB,Flg_bb/hook_C_dom
888,Clo1313_0207,IPR037925,UPI0001B1EFCB,FlgE/F/G-like
889,Clo1313_0207,IPR053967,UPI0001B1EFCB,LlgE_F_G-like_D1
890,Clo1313_0207,,UPI0001B1EFCB,
891,Clo1313_0208,IPR001444,UPI00003C8B13,Flag_bb_rod_N
892,Clo1313_0208,IPR019776,UPI00003C8B13,Flagellar_basal_body_rod_CS
893,Clo1313_0208,IPR020013,UPI00003C8B13,Flagellar_FlgE/F/G
894,Clo1313_0208,IPR010930,UPI00003C8B13,Flg_bb/hook_C_dom
895,Clo1313_0208,IPR037925,UPI00003C8B13,FlgE/F/G-like
896,Clo1313_0208,IPR012834,UPI00003C8B13,FlgG_G_neg
897,Clo1313_0208,IPR053967,UPI00003C8B13,LlgE_F_G-like_D1
898,Clo1313_0208,,UPI00003C8B13,
899,Clo1313_0209,IPR019301,UPI000038F718,Flagellar_prot_FlgJ_N
900,Clo1313_0209,,UPI000038F718,
901,Clo1313_0210,IPR018711,UPI00005369D3,NAGPA
902,Clo1313_0210,,UPI00005369D3,
903,Clo1313_0211,IPR003439,UPI000038F716,ABC_transporter-like_ATP-bd
904,Clo1313_0211,IPR027417,UPI000038F716,P-loop_NTPase
905,Clo1313_0211,,UPI000038F716,
906,Clo1313_0213,IPR013114,UPI000038F715,FabA_FabZ
907,Clo1313_0213,IPR010084,UPI000038F715,FabZ
908,Clo1313_0213,IPR029069,UPI000038F715,HotDog_dom_sf
909,Clo1313_0213,,UPI000038F715,
910,Clo1313_0214,IPR036565,UPI00005336A2,Mur-like_cat_sf
911,Clo1313_0214,IPR004101,UPI00005336A2,Mur_ligase_C
912,Clo1313_0214,IPR036615,UPI00005336A2,Mur_ligase_C_dom_sf
913,Clo1313_0214,IPR013221,UPI00005336A2,Mur_ligase_cen
914,Clo1313_0214,IPR000713,UPI00005336A2,Mur_ligase_N
915,Clo1313_0214,IPR050061,UPI00005336A2,MurCDEF_pg_biosynth
916,Clo1313_0214,IPR005758,UPI00005336A2,UDP-N-AcMur_Ala_ligase_MurC
917,Clo1313_0214,,UPI00005336A2,
918,Clo1313_0215,IPR029057,UPI000038F713,PRTase-like
919,Clo1313_0215,IPR000836,UPI000038F713,PRTase_dom
920,Clo1313_0215,IPR050118,UPI000038F713,Pur/Pyrimidine_PRTase
921,Clo1313_0215,IPR015265,UPI000038F713,PuR_N
922,Clo1313_0215,IPR010078,UPI000038F713,PurR_Bsub
923,Clo1313_0215,IPR036388,UPI000038F713,WH-like_DNA-bd_sf
924,Clo1313_0215,IPR036390,UPI000038F713,WH_DNA-bd_sf
925,Clo1313_0215,,UPI000038F713,
926,Clo1313_0216,IPR007170,UPI000038F712,SpoVG
927,Clo1313_0216,IPR036751,UPI000038F712,SpoVG_sf
928,Clo1313_0216,,UPI000038F712,
929,Clo1313_0217,IPR005882,UPI00003C8B16,Bifunctional_GlmU
930,Clo1313_0217,IPR050065,UPI00003C8B16,GlmU-like
931,Clo1313_0217,IPR038009,UPI00003C8B16,GlmU_C_LbH
932,Clo1313_0217,IPR056729,UPI00003C8B16,GMPPB_C
933,Clo1313_0217,IPR001451,UPI00003C8B16,Hexapep
934,Clo1313_0217,IPR005835,UPI00003C8B16,NTP_transferase_dom
935,Clo1313_0217,IPR029044,UPI00003C8B16,Nucleotide-diphossugar_trans
936,Clo1313_0217,IPR011004,UPI00003C8B16,Trimer_LpxA-like_sf
937,Clo1313_0217,,UPI00003C8B16,
938,Clo1313_0219,IPR001328,UPI00017E41FF,Pept_tRNA_hydro
939,Clo1313_0219,IPR018171,UPI00017E41FF,Pept_tRNA_hydro_CS
940,Clo1313_0219,IPR036416,UPI00017E41FF,Pept_tRNA_hydro_sf
941,Clo1313_0219,,UPI00017E41FF,
942,Clo1313_0220,IPR003711,UPI0001B1EFC9,CarD-like/TRCF_RID
943,Clo1313_0220,IPR036101,UPI0001B1EFC9,CarD-like/TRCF_RID_sf
944,Clo1313_0220,IPR011545,UPI0001B1EFC9,DEAD/DEAH_box_helicase_dom
945,Clo1313_0220,IPR014001,UPI0001B1EFC9,Helicase_ATP-bd
946,Clo1313_0220,IPR001650,UPI0001B1EFC9,Helicase_C-like
947,Clo1313_0220,IPR004576,UPI0001B1EFC9,Mfd
948,Clo1313_0220,IPR027417,UPI0001B1EFC9,P-loop_NTPase
949,Clo1313_0220,IPR047112,UPI0001B1EFC9,RecG/Mfd
950,Clo1313_0220,IPR037235,UPI0001B1EFC9,TRCF-like_C_D7
951,Clo1313_0220,IPR005118,UPI0001B1EFC9,TRCF_C
952,Clo1313_0220,IPR041471,UPI0001B1EFC9,UvrB_inter
953,Clo1313_0220,,UPI0001B1EFC9,
954,Clo1313_0221,IPR046357,UPI000038F70D,PPIase_dom_sf
955,Clo1313_0221,IPR000297,UPI000038F70D,PPIase_PpiC
956,Clo1313_0221,IPR050245,UPI000038F70D,PrsA_foldase
957,Clo1313_0221,IPR027304,UPI000038F70D,Trigger_fact/SurA_dom_sf
958,Clo1313_0221,,UPI000038F70D,
959,Clo1313_0222,,UPI00017E3E03,
960,Clo1313_0223,IPR009057,UPI000038F70C,Homeodomain-like_sf
961,Clo1313_0223,IPR018060,UPI000038F70C,HTH_AraC
962,Clo1313_0223,IPR018062,UPI000038F70C,HTH_AraC-typ_CS
963,Clo1313_0223,IPR020449,UPI000038F70C,Tscrpt_reg_AraC-type_HTH
964,Clo1313_0223,,UPI000038F70C,
965,Clo1313_0224,IPR011576,UPI000053282C,Pyridox_Oxase_N
966,Clo1313_0224,IPR012349,UPI000053282C,Split_barrel_FMN-bd
967,Clo1313_0224,,UPI000053282C,
968,Clo1313_0225,IPR051050,UPI0000532839,Lipid_II_flippase_MurJ/MviN
969,Clo1313_0225,IPR004268,UPI0000532839,MurJ
970,Clo1313_0225,,UPI0000532839,
971,Clo1313_0226,IPR001296,UPI000038F709,Glyco_trans_1
972,Clo1313_0226,IPR028098,UPI000038F709,Glyco_trans_4-like_N
973,Clo1313_0226,,UPI000038F709,
974,Clo1313_0227,IPR007016,UPI000038F708,O-antigen_ligase-rel_domated
975,Clo1313_0227,IPR051533,UPI000038F708,WaaL-like
976,Clo1313_0227,,UPI000038F708,
977,Clo1313_0228,IPR050793,UPI000038F707,CMP-NeuNAc_synthase
978,Clo1313_0228,IPR003329,UPI000038F707,Cytidylyl_trans
979,Clo1313_0228,IPR029044,UPI000038F707,Nucleotide-diphossugar_trans
980,Clo1313_0228,,UPI000038F707,
981,Clo1313_0229,IPR020004,UPI000038F706,UDP-GlcNAc_Epase
982,Clo1313_0229,IPR003331,UPI000038F706,UDP_GlcNAc_Epimerase_2_dom
983,Clo1313_0229,IPR029767,UPI000038F706,WecB-like
984,Clo1313_0229,,UPI000038F706,
985,Clo1313_0230,IPR036732,UPI00003C8B19,AFP_Neu5c_C_sf
986,Clo1313_0230,IPR013785,UPI00003C8B19,Aldolase_TIM
987,Clo1313_0230,IPR020007,UPI00003C8B19,NeuB/NeuA
988,Clo1313_0230,IPR051690,UPI00003C8B19,PseI-like
989,Clo1313_0230,IPR013132,UPI00003C8B19,PseI/NeuA/B-like_N
990,Clo1313_0230,IPR013974,UPI00003C8B19,SAF
991,Clo1313_0230,IPR006190,UPI00003C8B19,SAF_AFP_Neu5Ac
992,Clo1313_0230,IPR057736,UPI00003C8B19,SAF_PseI/NeuA/NeuB
993,Clo1313_0230,,UPI00003C8B19,
994,Clo1313_0231,IPR020019,UPI000038F704,AcTrfase_PglD-like
995,Clo1313_0231,IPR001451,UPI000038F704,Hexapep
996,Clo1313_0231,IPR018357,UPI000038F704,Hexapep_transf_CS
997,Clo1313_0231,IPR041561,UPI000038F704,PglD_N
998,Clo1313_0231,IPR050179,UPI000038F704,Trans_hexapeptide_repeat
999,Clo1313_0231,IPR011004,UPI000038F704,Trimer_LpxA-like_sf
1000,Clo1313_0231,,UPI000038F704,
1001,Clo1313_0232,IPR046342,UPI000038F703,CBS_dom_sf
1002,Clo1313_0232,IPR050486,UPI000038F703,Mannose-1P_guanyltransferase
1003,Clo1313_0232,IPR005835,UPI000038F703,NTP_transferase_dom
1004,Clo1313_0232,IPR029044,UPI000038F703,Nucleotide-diphossugar_trans
1005,Clo1313_0232,,UPI000038F703,
1006,Clo1313_0233,IPR000653,UPI000038F702,DegT/StrS_aminotransferase
1007,Clo1313_0233,IPR026385,UPI000038F702,LegC-like
1008,Clo1313_0233,IPR015424,UPI000038F702,PyrdxlP-dep_Trfase
1009,Clo1313_0233,IPR015421,UPI000038F702,PyrdxlP-dep_Trfase_major
1010,Clo1313_0233,IPR015422,UPI000038F702,PyrdxlP-dep_Trfase_small
1011,Clo1313_0233,,UPI000038F702,
1012,Clo1313_0234,IPR045869,UPI000038F701,Arna-like_SDR_e
1013,Clo1313_0234,IPR026390,UPI000038F701,LegB-like
1014,Clo1313_0234,IPR016040,UPI000038F701,NAD(P)-bd_dom
1015,Clo1313_0234,IPR036291,UPI000038F701,NAD(P)-bd_dom_sf
1016,Clo1313_0234,,UPI000038F701,
1017,Clo1313_0235,IPR007554,UPI00017E3DFF,Glycerophosphate_synth
1018,Clo1313_0235,IPR043148,UPI00017E3DFF,TagF_C
1019,Clo1313_0235,,UPI00017E3DFF,
1020,Clo1313_0236,IPR011761,UPI00003C8B1B,ATP-grasp
1021,Clo1313_0236,IPR013815,UPI00003C8B1B,ATP_grasp_subdomain_1
1022,Clo1313_0236,IPR011095,UPI00003C8B1B,Dala_Dala_lig_C
1023,Clo1313_0236,,UPI00003C8B1B,
1024,Clo1313_0237,IPR003362,UPI000038F6FE,Bact_transf
1025,Clo1313_0237,,UPI000038F6FE,
1026,Clo1313_0238,IPR005000,UPI00003C8B1C,Aldolase/citrate-lyase_domain
1027,Clo1313_0238,IPR015813,UPI00003C8B1C,Pyrv/PenolPyrv_kinase-like_dom
1028,Clo1313_0238,IPR040442,UPI00003C8B1C,Pyrv_kinase-like_dom_sf
1029,Clo1313_0238,,UPI00003C8B1C,
1030,Clo1313_0239,IPR036291,UPI0001B1EFC8,NAD(P)-bd_dom_sf
1031,Clo1313_0239,IPR003869,UPI0001B1EFC8,Polysac_CapD-like
1032,Clo1313_0239,IPR051203,UPI0001B1EFC8,Polysaccharide_Synthase-Rel
1033,Clo1313_0239,IPR029063,UPI0001B1EFC8,SAM-dependent_MTases_sf
1034,Clo1313_0239,,UPI0001B1EFC8,
1035,Clo1313_0240,,UPI000038F6FB,
1036,Clo1313_0241,IPR050445,UPI000038F6FA,Bact_polysacc_biosynth/exp
1037,Clo1313_0241,IPR003856,UPI000038F6FA,LPS_length_determ_N
1038,Clo1313_0241,,UPI000038F6FA,
1039,Clo1313_0242,IPR025669,UPI00003C8B1F,AAA_dom
1040,Clo1313_0242,IPR050445,UPI00003C8B1F,Bact_polysacc_biosynth/exp
1041,Clo1313_0242,IPR027417,UPI00003C8B1F,P-loop_NTPase
1042,Clo1313_0242,IPR005702,UPI00003C8B1F,Wzc-like_C
1043,Clo1313_0242,,UPI00003C8B1F,
1044,Clo1313_0243,IPR016667,UPI000038F6F8,Caps_polysacc_synth_CpsB/CapC
1045,Clo1313_0243,IPR016195,UPI000038F6F8,Pol/histidinol_Pase-like
1046,Clo1313_0243,,UPI000038F6F8,
1047,Clo1313_0244,IPR052731,UPI00003C8B20,B_subtilis_Trans_State_Reg
1048,Clo1313_0244,IPR029016,UPI00003C8B20,GAF-like_dom_sf
1049,Clo1313_0244,IPR014213,UPI00003C8B20,SpoVT
1050,Clo1313_0244,IPR007159,UPI00003C8B20,SpoVT-AbrB_dom
1051,Clo1313_0244,IPR037914,UPI00003C8B20,SpoVT-AbrB_sf
1052,Clo1313_0244,,UPI00003C8B20,
1053,Clo1313_0245,IPR004518,UPI0001B1EF8D,MazG-like_dom
1054,Clo1313_0245,IPR048011,UPI0001B1EF8D,NTP-PPase_MazG-like_C
1055,Clo1313_0245,IPR048015,UPI0001B1EF8D,NTP-PPase_MazG-like_N
1056,Clo1313_0245,IPR011551,UPI0001B1EF8D,NTP_PyrPHydrolase_MazG
1057,Clo1313_0245,,UPI0001B1EF8D,
1058,Clo1313_0246,IPR000119,UPI000038F6F5,Hist_DNA-bd
1059,Clo1313_0246,IPR020816,UPI000038F6F5,Histone-like_DNA-bd_CS
1060,Clo1313_0246,IPR010992,UPI000038F6F5,IHF-like_DNA-bd_dom_sf
1061,Clo1313_0246,,UPI000038F6F5,
1062,Clo1313_0247,IPR025490,UPI00003C8B21,RqcP
1063,Clo1313_0247,IPR002942,UPI00003C8B21,S4_RNA-bd
1064,Clo1313_0247,IPR036986,UPI00003C8B21,S4_RNA-bd_sf
1065,Clo1313_0247,,UPI00003C8B21,
1066,Clo1313_0248,IPR012504,UPI00003C8B22,Spore_YabP
1067,Clo1313_0248,IPR022476,UPI00003C8B22,Spore_YabP/YqfC
1068,Clo1313_0248,IPR038705,UPI00003C8B22,YabP_sf
1069,Clo1313_0248,,UPI00003C8B22,
1070,Clo1313_0249,IPR019074,UPI00005320D5,YabQ
1071,Clo1313_0249,,UPI00005320D5,
1072,Clo1313_0250,IPR007060,UPI00003C8B24,FtsL/DivIC
1073,Clo1313_0250,,UPI00003C8B24,
1074,Clo1313_0251,IPR012340,UPI00003C8B25,NA-bd_OB-fold
1075,Clo1313_0251,IPR050437,UPI00003C8B25,Ribos_protein_bS1-like
1076,Clo1313_0251,IPR003029,UPI00003C8B25,S1_domain
1077,Clo1313_0251,,UPI00003C8B25,
1078,Clo1313_0252,IPR003660,UPI00017E35CD,HAMP_dom
1079,Clo1313_0252,IPR004089,UPI00017E35CD,MCPsignal_dom
1080,Clo1313_0252,,UPI00017E35CD,
1081,Clo1313_0253,IPR004147,UPI00017E35CC,ABC1_dom
1082,Clo1313_0253,IPR011009,UPI00017E35CC,Kinase-like_dom_sf
1083,Clo1313_0253,IPR050154,UPI00017E35CC,UbiB_kinase
1084,Clo1313_0253,,UPI00017E35CC,
1085,Clo1313_0254,,UPI00005370E4,
1086,Clo1313_0255,IPR006068,UPI00017E35CB,ATPase_P-typ_cation-transptr_C
1087,Clo1313_0255,IPR004014,UPI00017E35CB,ATPase_P-typ_cation-transptr_N
1088,Clo1313_0255,IPR023299,UPI00017E35CB,ATPase_P-typ_cyto_dom_N
1089,Clo1313_0255,IPR018303,UPI00017E35CB,ATPase_P-typ_P_site
1090,Clo1313_0255,IPR023298,UPI00017E35CB,ATPase_P-typ_TM_dom_sf
1091,Clo1313_0255,IPR008250,UPI00017E35CB,ATPase_P-typ_transduc_dom_A_sf
1092,Clo1313_0255,IPR059000,UPI00017E35CB,ATPase_P-type_domA
1093,Clo1313_0255,IPR050510,UPI00017E35CB,Cation_transp_ATPase_P-type
1094,Clo1313_0255,IPR036412,UPI00017E35CB,HAD-like_sf
1095,Clo1313_0255,IPR023214,UPI00017E35CB,HAD_sf
1096,Clo1313_0255,IPR006408,UPI00017E35CB,P-type_ATPase_IIB
1097,Clo1313_0255,IPR001757,UPI00017E35CB,P_typ_ATPase
1098,Clo1313_0255,IPR044492,UPI00017E35CB,P_typ_ATPase_HD_dom
1099,Clo1313_0255,,UPI00017E35CB,
1100,Clo1313_0256,IPR009057,UPI00003C8B28,Homeodomain-like_sf
1101,Clo1313_0256,IPR050624,UPI00003C8B28,SlmA/HTH-type_Tr_Regulator
1102,Clo1313_0256,IPR001647,UPI00003C8B28,HTH_TetR
1103,Clo1313_0256,IPR039532,UPI00003C8B28,TetR_C_Firmicutes
1104,Clo1313_0256,,UPI00003C8B28,
1105,Clo1313_0258,,UPI0001B1EF8A,
1106,Clo1313_0259,,UPI0001B1EF89,
1107,Clo1313_0260,IPR025983,UPI0001F3298D,Cys_rich_CPCC
1108,Clo1313_0260,,UPI0001F3298D,
1109,Clo1313_0261,,UPI0001B1EF87,
1110,Clo1313_0262,IPR014719,UPI0001B1EF86,Ribosomal_bL12_C/ClpS-like
1111,Clo1313_0262,,UPI0001B1EF86,
1112,Clo1313_0264,,UPI0001B1EF83,
1113,Clo1313_0265,,UPI0000533C6B,
1114,Clo1313_0266,IPR002816,UPI0001B1EF82,TraB/PrgY/GumN_fam
1115,Clo1313_0266,IPR047111,UPI0001B1EF82,YbaP-like
1116,Clo1313_0266,,UPI0001B1EF82,
1117,Clo1313_0268,IPR021683,UPI00017E31BE,DUF3267
1118,Clo1313_0268,,UPI00017E31BE,
1119,Clo1313_0269,IPR011990,UPI000038F6ED,TPR-like_helical_dom_sf
1120,Clo1313_0269,,UPI000038F6ED,
1121,Clo1313_0270,IPR056833,UPI000038F6EC,ARM_TT21_N
1122,Clo1313_0270,IPR029045,UPI000038F6EC,ClpP/crotonase-like_dom_sf
1123,Clo1313_0270,IPR005151,UPI000038F6EC,Tail-specific_protease
1124,Clo1313_0270,IPR011990,UPI000038F6EC,TPR-like_helical_dom_sf
1125,Clo1313_0270,IPR019734,UPI000038F6EC,TPR_rpt
1126,Clo1313_0270,IPR051685,UPI000038F6EC,Ycf3/AcsC/BcsC/TPR_MFPF
1127,Clo1313_0270,,UPI000038F6EC,
1128,Clo1313_0271,IPR052016,UPI00003C8F9D,Bact_Sigma-Reg
1129,Clo1313_0271,IPR036457,UPI00003C8F9D,PPM-type-like_dom_sf
1130,Clo1313_0271,IPR001932,UPI00003C8F9D,PPM-type_phosphatase-like_dom
1131,Clo1313_0271,IPR014221,UPI00003C8F9D,SpoII_E
1132,Clo1313_0271,IPR045768,UPI00003C8F9D,SpoIIE_N
1133,Clo1313_0271,,UPI00003C8F9D,
1134,Clo1313_0272,,UPI000038F6EA,
1135,Clo1313_0273,,UPI0000536F63,
1136,Clo1313_0274,IPR009875,UPI0000F21A6F,PilZ_domain
1137,Clo1313_0274,,UPI0000F21A6F,
1138,Clo1313_0275,IPR013785,UPI000038F6E8,Aldolase_TIM
1139,Clo1313_0275,IPR035587,UPI000038F6E8,DUS-like_FMN-bd
1140,Clo1313_0275,IPR001269,UPI000038F6E8,DUS_fam
1141,Clo1313_0275,IPR004652,UPI000038F6E8,DusB-like
1142,Clo1313_0275,IPR024036,UPI000038F6E8,tRNA-dHydroUridine_Synthase_C
1143,Clo1313_0275,IPR018517,UPI000038F6E8,tRNA_hU_synthase_CS
1144,Clo1313_0275,,UPI000038F6E8,
1145,Clo1313_0276,IPR043129,UPI0001B1EF7F,ATPase_NBD
1146,Clo1313_0276,IPR050696,UPI0001B1EF7F,FtsA/MreB
1147,Clo1313_0276,IPR005883,UPI0001B1EF7F,PilM
1148,Clo1313_0276,IPR003494,UPI0001B1EF7F,SHS2_FtsA
1149,Clo1313_0276,,UPI0001B1EF7F,
1150,Clo1313_0277,IPR040170,UPI000038F6E6,Cytosol_ACT
1151,Clo1313_0277,IPR033120,UPI000038F6E6,HOTDOG_ACOT
1152,Clo1313_0277,IPR029069,UPI000038F6E6,HotDog_dom_sf
1153,Clo1313_0277,IPR006683,UPI000038F6E6,Thioestr_dom
1154,Clo1313_0277,,UPI000038F6E6,
1155,Clo1313_0278,IPR024923,UPI000038F6E5,PG_synth_SpoVB
1156,Clo1313_0278,IPR050833,UPI000038F6E5,Poly_Biosynth_Transport
1157,Clo1313_0278,IPR002797,UPI000038F6E5,Polysacc_synth
1158,Clo1313_0278,IPR014249,UPI000038F6E5,Spore_V_B
1159,Clo1313_0278,,UPI000038F6E5,
1160,Clo1313_0279,IPR037208,UPI00003C8F99,Spo0E-like_sf
1161,Clo1313_0279,,UPI00003C8F99,
1162,Clo1313_0280,IPR004839,UPI0000532DE1,Aminotransferase_I/II_large
1163,Clo1313_0280,IPR051446,UPI0000532DE1,HTH_trans_reg/aminotransferase
1164,Clo1313_0280,IPR015424,UPI0000532DE1,PyrdxlP-dep_Trfase
1165,Clo1313_0280,IPR015421,UPI0000532DE1,PyrdxlP-dep_Trfase_major
1166,Clo1313_0280,IPR015422,UPI0000532DE1,PyrdxlP-dep_Trfase_small
1167,Clo1313_0280,IPR000524,UPI0000532DE1,Tscrpt_reg_HTH_GntR
1168,Clo1313_0280,IPR036388,UPI0000532DE1,WH-like_DNA-bd_sf
1169,Clo1313_0280,IPR036390,UPI0000532DE1,WH_DNA-bd_sf
1170,Clo1313_0280,,UPI0000532DE1,
1171,Clo1313_0281,IPR039653,UPI0000F21A70,Prenyltransferase
1172,Clo1313_0281,IPR000537,UPI0000F21A70,UbiA_prenyltransferase
1173,Clo1313_0281,IPR044878,UPI0000F21A70,UbiA_sf
1174,Clo1313_0281,,UPI0000F21A70,
1175,Clo1313_0282,IPR001451,UPI0000F21A71,Hexapep
1176,Clo1313_0282,IPR051159,UPI0000F21A71,Hexapeptide_acetyltransf
1177,Clo1313_0282,IPR011004,UPI0000F21A71,Trimer_LpxA-like_sf
1178,Clo1313_0282,,UPI0000F21A71,
1179,Clo1313_0283,IPR001296,UPI0000F21A72,Glyco_trans_1
1180,Clo1313_0283,IPR028098,UPI0000F21A72,Glyco_trans_4-like_N
1181,Clo1313_0283,,UPI0000F21A72,
1182,Clo1313_0284,IPR025480,UPI00003C9046,DUF4330
1183,Clo1313_0284,,UPI00003C9046,
1184,Clo1313_0285,IPR007016,UPI00003C9045,O-antigen_ligase-rel_domated
1185,Clo1313_0285,IPR051533,UPI00003C9045,WaaL-like
1186,Clo1313_0285,,UPI00003C9045,
1187,Clo1313_0286,,UPI000038FD75,
1188,Clo1313_0287,IPR017953,UPI0000537EBD,Carbohydrate_kinase_pred_CS
1189,Clo1313_0287,IPR000631,UPI0000537EBD,CARKD
1190,Clo1313_0287,IPR030677,UPI0000537EBD,Nnr
1191,Clo1313_0287,IPR029056,UPI0000537EBD,Ribokinase-like
1192,Clo1313_0287,IPR004443,UPI0000537EBD,YjeF_N_dom
1193,Clo1313_0287,IPR036652,UPI0000537EBD,YjeF_N_dom_sf
1194,Clo1313_0287,,UPI0000537EBD,
1195,Clo1313_0288,IPR000821,UPI000038FD73,Ala_racemase
1196,Clo1313_0288,IPR009006,UPI000038FD73,Ala_racemase/Decarboxylase_C
1197,Clo1313_0288,IPR011079,UPI000038FD73,Ala_racemase_C
1198,Clo1313_0288,IPR001608,UPI000038FD73,Ala_racemase_N
1199,Clo1313_0288,IPR020622,UPI000038FD73,Ala_racemase_pyridoxalP-BS
1200,Clo1313_0288,IPR029066,UPI000038FD73,PLP-binding_barrel
1201,Clo1313_0288,,UPI000038FD73,
1202,Clo1313_0289,IPR013321,UPI00017E62BD,Arc_rbn_hlx_hlx
1203,Clo1313_0289,IPR002145,UPI00017E62BD,CopG
1204,Clo1313_0289,IPR010985,UPI00017E62BD,Ribbon_hlx_hlx
1205,Clo1313_0289,,UPI00017E62BD,
1206,Clo1313_0290,IPR003477,UPI000053189C,PemK-like
1207,Clo1313_0290,IPR011067,UPI000053189C,Plasmid_toxin/cell-grow_inhib
1208,Clo1313_0290,,UPI000053189C,
1209,Clo1313_0291,,UPI000038FD70,
1210,Clo1313_0292,IPR034714,UPI00003C9043,TagA_TarA
1211,Clo1313_0292,IPR004629,UPI00003C9043,WecG_TagA_CpsF
1212,Clo1313_0292,,UPI00003C9043,
1213,Clo1313_0293,IPR001296,UPI0000F21976,Glyco_trans_1
1214,Clo1313_0293,IPR028098,UPI0000F21976,Glyco_trans_4-like_N
1215,Clo1313_0293,IPR007345,UPI0000F21976,Polysacch_pyruvyl_Trfase
1216,Clo1313_0293,IPR019896,UPI0000F21976,Polysacch_pyruvyl_Trfase_CsaB
1217,Clo1313_0293,,UPI0000F21976,
1218,Clo1313_0294,IPR019264,UPI00003C9041,DUF2179
1219,Clo1313_0294,IPR015867,UPI00003C9041,N-reg_PII/ATP_PRibTrfase_C
1220,Clo1313_0294,IPR051461,UPI00003C9041,UPF0750_membrane
1221,Clo1313_0294,IPR003740,UPI00003C9041,YitT
1222,Clo1313_0294,,UPI00003C9041,
1223,Clo1313_0295,IPR029061,UPI00003C9040,THDP-binding
1224,Clo1313_0295,IPR049557,UPI00003C9040,Transketolase_CS
1225,Clo1313_0295,IPR005474,UPI00003C9040,Transketolase_N
1226,Clo1313_0295,,UPI00003C9040,
1227,Clo1313_0296,IPR051157,UPI0001B1EF42,PDH/Transketolase
1228,Clo1313_0296,IPR029061,UPI0001B1EF42,THDP-binding
1229,Clo1313_0296,IPR009014,UPI0001B1EF42,Transketo_C/PFOR_II
1230,Clo1313_0296,IPR005475,UPI0001B1EF42,Transketolase-like_Pyr-bd
1231,Clo1313_0296,IPR033248,UPI0001B1EF42,Transketolase_C
1232,Clo1313_0296,,UPI0001B1EF42,
1233,Clo1313_0297,IPR003593,UPI0000F21978,AAA+_ATPase
1234,Clo1313_0297,IPR003439,UPI0000F21978,ABC_transporter-like_ATP-bd
1235,Clo1313_0297,IPR027417,UPI0000F21978,P-loop_NTPase
1236,Clo1313_0297,,UPI0000F21978,
1237,Clo1313_0298,IPR051449,UPI0000F21979,ABC-2_transporter_component
1238,Clo1313_0298,,UPI0000F21979,
1239,Clo1313_0299,IPR019196,UPI0000F2197A,ABC_transp_unknown
1240,Clo1313_0299,IPR055396,UPI0000F2197A,DUF7088
1241,Clo1313_0299,,UPI0000F2197A,
1242,Clo1313_0300,IPR025641,UPI0001B1EF41,DUF4340
1243,Clo1313_0300,,UPI0001B1EF41,
1244,Clo1313_0301,IPR038728,UPI000053407C,YkvI-like
1245,Clo1313_0301,,UPI000053407C,
1246,Clo1313_0302,IPR043765,UPI0000F2197B,DUF5711
1247,Clo1313_0302,IPR011047,UPI0000F2197B,Quinoprotein_ADH-like_sf
1248,Clo1313_0302,,UPI0000F2197B,
1249,Clo1313_0303,IPR003825,UPI00005347A6,Colicin-V_CvpA
1250,Clo1313_0303,,UPI00005347A6,
1251,Clo1313_0304,IPR042096,UPI00017E5EA4,Dihydro-acid_dehy_C
1252,Clo1313_0304,IPR004404,UPI00017E5EA4,DihydroxyA_deHydtase
1253,Clo1313_0304,IPR020558,UPI00017E5EA4,DiOHA_6PGluconate_deHydtase_CS
1254,Clo1313_0304,IPR056740,UPI00017E5EA4,ILV_EDD_C
1255,Clo1313_0304,IPR000581,UPI00017E5EA4,ILV_EDD_N
1256,Clo1313_0304,IPR037237,UPI00017E5EA4,IlvD/EDD_N
1257,Clo1313_0304,,UPI00017E5EA4,
1258,Clo1313_0305,IPR012846,UPI0000537316,Acetolactate_synth_lsu
1259,Clo1313_0305,IPR039368,UPI0000537316,AHAS_TPP
1260,Clo1313_0305,IPR029035,UPI0000537316,DHS-like_NAD/FAD-binding_dom
1261,Clo1313_0305,IPR029061,UPI0000537316,THDP-binding
1262,Clo1313_0305,IPR012000,UPI0000537316,Thiamin_PyroP_enz_cen_dom
1263,Clo1313_0305,IPR012001,UPI0000537316,Thiamin_PyroP_enz_TPP-bd_dom
1264,Clo1313_0305,IPR000399,UPI0000537316,TPP-bd_CS
1265,Clo1313_0305,IPR045229,UPI0000537316,TPP_enz
1266,Clo1313_0305,IPR011766,UPI0000537316,TPP_enzyme_TPP-bd
1267,Clo1313_0305,,UPI0000537316,
1268,Clo1313_0306,IPR001705,UPI0000537E4B,Ribosomal_bL33
1269,Clo1313_0306,IPR018264,UPI0000537E4B,Ribosomal_bL33_CS
1270,Clo1313_0306,IPR038584,UPI0000537E4B,Ribosomal_bL33_sf
1271,Clo1313_0306,IPR011332,UPI0000537E4B,Ribosomal_zn-bd
1272,Clo1313_0306,,UPI0000537E4B,
1273,Clo1313_0307,IPR005807,UPI00003C915F,SecE_bac
1274,Clo1313_0307,IPR038379,UPI00003C915F,SecE_sf
1275,Clo1313_0307,IPR001901,UPI00003C915F,Translocase_SecE/Sec61-g
1276,Clo1313_0307,,UPI00003C915F,
1277,Clo1313_0308,IPR005824,UPI00003C915E,KOW
1278,Clo1313_0308,IPR047050,UPI00003C915E,NGN
1279,Clo1313_0308,IPR006645,UPI00003C915E,NGN-like_dom
1280,Clo1313_0308,IPR036735,UPI00003C915E,NGN_dom_sf
1281,Clo1313_0308,IPR043425,UPI00003C915E,NusG-like
1282,Clo1313_0308,IPR014722,UPI00003C915E,Rib_uL2_dom2
1283,Clo1313_0308,IPR001062,UPI00003C915E,Transcrpt_antiterm_NusG
1284,Clo1313_0308,IPR015869,UPI00003C915E,Transcrpt_antiterm_NusG_bac_CS
1285,Clo1313_0308,IPR008991,UPI00003C915E,Translation_prot_SH3-like_sf
1286,Clo1313_0308,,UPI00003C915E,
1287,Clo1313_0309,IPR000911,UPI00003C915D,Ribosomal_uL11
1288,Clo1313_0309,IPR006519,UPI00003C915D,Ribosomal_uL11_bact
1289,Clo1313_0309,IPR020783,UPI00003C915D,Ribosomal_uL11_C
1290,Clo1313_0309,IPR036769,UPI00003C915D,Ribosomal_uL11_C_sf
1291,Clo1313_0309,IPR020784,UPI00003C915D,Ribosomal_uL11_N
1292,Clo1313_0309,IPR036796,UPI00003C915D,Ribosomal_uL11_N_sf
1293,Clo1313_0309,,UPI00003C915D,
1294,Clo1313_0310,IPR005878,UPI00003C915C,Ribosom_uL1_bact
1295,Clo1313_0310,IPR002143,UPI00003C915C,Ribosomal_uL1
1296,Clo1313_0310,IPR023674,UPI00003C915C,Ribosomal_uL1-like
1297,Clo1313_0310,IPR028364,UPI00003C915C,Ribosomal_uL1/biogenesis
1298,Clo1313_0310,IPR016095,UPI00003C915C,Ribosomal_uL1_3-a/b-sand
1299,Clo1313_0310,IPR023673,UPI00003C915C,Ribosomal_uL1_CS
1300,Clo1313_0310,,UPI00003C915C,
1301,Clo1313_0311,IPR001790,UPI00003C90FF,Ribosomal_uL10_N
1302,Clo1313_0311,IPR043141,UPI00003C90FF,Ribosomal_uL10-like_sf
1303,Clo1313_0311,IPR022973,UPI00003C90FF,Ribosomal_uL10_bact
1304,Clo1313_0311,IPR047865,UPI00003C90FF,Ribosomal_uL10_bact_orga
1305,Clo1313_0311,IPR002363,UPI00003C90FF,Ribosomal_uL10_CS_bac
1306,Clo1313_0311,,UPI00003C90FF,
1307,Clo1313_0312,IPR000206,UPI000038FE24,Ribosomal_bL12
1308,Clo1313_0312,IPR013823,UPI000038FE24,Ribosomal_bL12_C
1309,Clo1313_0312,IPR014719,UPI000038FE24,Ribosomal_bL12_C/ClpS-like
1310,Clo1313_0312,IPR008932,UPI000038FE24,Ribosomal_bL12_oligo
1311,Clo1313_0312,IPR036235,UPI000038FE24,Ribosomal_bL12_oligo_N_sf
1312,Clo1313_0312,,UPI000038FE24,
1313,Clo1313_0313,IPR042107,UPI0001B1EF3F,DNA-dir_RNA_pol_bsu_ext_1_sf
1314,Clo1313_0313,IPR019462,UPI0001B1EF3F,DNA-dir_RNA_pol_bsu_external_1
1315,Clo1313_0313,IPR015712,UPI0001B1EF3F,DNA-dir_RNA_pol_su2
1316,Clo1313_0313,IPR007120,UPI0001B1EF3F,DNA-dir_RNAP_su2_dom
1317,Clo1313_0313,IPR037033,UPI0001B1EF3F,DNA-dir_RNAP_su2_hyb_sf
1318,Clo1313_0313,IPR010243,UPI0001B1EF3F,RNA_pol_bsu_bac
1319,Clo1313_0313,IPR007121,UPI0001B1EF3F,RNA_pol_bsu_CS
1320,Clo1313_0313,IPR007644,UPI0001B1EF3F,RNA_pol_bsu_protrusion
1321,Clo1313_0313,IPR007642,UPI0001B1EF3F,RNA_pol_Rpb2_2
1322,Clo1313_0313,IPR037034,UPI0001B1EF3F,RNA_pol_Rpb2_2_sf
1323,Clo1313_0313,IPR007645,UPI0001B1EF3F,RNA_pol_Rpb2_3
1324,Clo1313_0313,IPR007641,UPI0001B1EF3F,RNA_pol_Rpb2_7
1325,Clo1313_0313,IPR014724,UPI0001B1EF3F,RNA_pol_RPB2_OB-fold
1326,Clo1313_0313,,UPI0001B1EF3F,
1327,Clo1313_0314,IPR045867,UPI0001B1EF3E,DNA-dir_RpoC_beta_prime
1328,Clo1313_0314,IPR012754,UPI0001B1EF3E,DNA-dir_RpoC_beta_prime_bact
1329,Clo1313_0314,IPR000722,UPI0001B1EF3E,RNA_pol_asu
1330,Clo1313_0314,IPR006592,UPI0001B1EF3E,RNA_pol_N
1331,Clo1313_0314,IPR007080,UPI0001B1EF3E,RNA_pol_Rpb1_1
1332,Clo1313_0314,IPR007066,UPI0001B1EF3E,RNA_pol_Rpb1_3
1333,Clo1313_0314,IPR042102,UPI0001B1EF3E,RNA_pol_Rpb1_3_sf
1334,Clo1313_0314,IPR007083,UPI0001B1EF3E,RNA_pol_Rpb1_4
1335,Clo1313_0314,IPR007081,UPI0001B1EF3E,RNA_pol_Rpb1_5
1336,Clo1313_0314,IPR044893,UPI0001B1EF3E,RNA_pol_Rpb1_clamp_domain
1337,Clo1313_0314,IPR038120,UPI0001B1EF3E,Rpb1_funnel_sf
1338,Clo1313_0314,,UPI0001B1EF3E,
1339,Clo1313_0315,IPR029064,UPI00003C8DBE,Ribosomal_eL30-like_sf
1340,Clo1313_0315,IPR004038,UPI00003C8DBE,Ribosomal_eL8/eL30/eS12/Gad45
1341,Clo1313_0315,,UPI00003C8DBE,
1342,Clo1313_0316,IPR012340,UPI000053777A,NA-bd_OB-fold
1343,Clo1313_0316,IPR006032,UPI000053777A,Ribosomal_uS12
1344,Clo1313_0316,IPR005679,UPI000053777A,Ribosomal_uS12_bact
1345,Clo1313_0316,,UPI000053777A,
1346,Clo1313_0317,IPR000235,UPI00003C8DC0,Ribosomal_uS7
1347,Clo1313_0317,IPR005717,UPI00003C8DC0,Ribosomal_uS7_bact_org
1348,Clo1313_0317,IPR020606,UPI00003C8DC0,Ribosomal_uS7_CS
1349,Clo1313_0317,IPR023798,UPI00003C8DC0,Ribosomal_uS7_dom
1350,Clo1313_0317,IPR036823,UPI00003C8DC0,Ribosomal_uS7_dom_sf
1351,Clo1313_0317,,UPI00003C8DC0,
1352,Clo1313_0318,IPR041095,UPI00005335D5,EFG_II
1353,Clo1313_0318,IPR009022,UPI00005335D5,EFG_III
1354,Clo1313_0318,IPR035647,UPI00005335D5,EFG_III/V
1355,Clo1313_0318,IPR047872,UPI00005335D5,EFG_IV
1356,Clo1313_0318,IPR035649,UPI00005335D5,EFG_V
1357,Clo1313_0318,IPR000640,UPI00005335D5,EFG_V-like
1358,Clo1313_0318,IPR004161,UPI00005335D5,EFTu-like_2
1359,Clo1313_0318,IPR031157,UPI00005335D5,G_TR_CS
1360,Clo1313_0318,IPR027417,UPI00005335D5,P-loop_NTPase
1361,Clo1313_0318,IPR020568,UPI00005335D5,Ribosomal_Su5_D2-typ_SF
1362,Clo1313_0318,IPR014721,UPI00005335D5,Ribsml_uS5_D2-typ_fold_subgr
1363,Clo1313_0318,IPR005225,UPI00005335D5,Small_GTP-bd
1364,Clo1313_0318,IPR000795,UPI00005335D5,T_Tr_GTP-bd_dom
1365,Clo1313_0318,IPR009000,UPI00005335D5,Transl_B-barrel_sf
1366,Clo1313_0318,IPR004540,UPI00005335D5,Transl_elong_EFG/EF2
1367,Clo1313_0318,IPR005517,UPI00005335D5,Transl_elong_EFG/EF2_IV
1368,Clo1313_0318,,UPI00005335D5,
1369,Clo1313_0319,IPR041709,UPI00017E31C4,EF-Tu_GTP-bd
1370,Clo1313_0319,IPR050055,UPI00017E31C4,EF-Tu_GTPase
1371,Clo1313_0319,IPR004161,UPI00017E31C4,EFTu-like_2
1372,Clo1313_0319,IPR033720,UPI00017E31C4,EFTU_2
1373,Clo1313_0319,IPR031157,UPI00017E31C4,G_TR_CS
1374,Clo1313_0319,IPR027417,UPI00017E31C4,P-loop_NTPase
1375,Clo1313_0319,IPR005225,UPI00017E31C4,Small_GTP-bd
1376,Clo1313_0319,IPR000795,UPI00017E31C4,T_Tr_GTP-bd_dom
1377,Clo1313_0319,IPR009000,UPI00017E31C4,Transl_B-barrel_sf
1378,Clo1313_0319,IPR009001,UPI00017E31C4,Transl_elong_EF1A/Init_IF2_C
1379,Clo1313_0319,IPR004541,UPI00017E31C4,Transl_elong_EFTu/EF1A_bac/org
1380,Clo1313_0319,IPR004160,UPI00017E31C4,Transl_elong_EFTu/EF1A_C
1381,Clo1313_0319,,UPI00017E31C4,
1382,Clo1313_0320,IPR039425,UPI00003C8DC2,RNA_pol_sigma-70-like
1383,Clo1313_0320,IPR014284,UPI00003C8DC2,RNA_pol_sigma-70_dom
1384,Clo1313_0320,IPR007627,UPI00003C8DC2,RNA_pol_sigma70_r2
1385,Clo1313_0320,IPR013249,UPI00003C8DC2,RNA_pol_sigma70_r4_t2
1386,Clo1313_0320,IPR013325,UPI00003C8DC2,RNA_pol_sigma_r2
1387,Clo1313_0320,IPR013324,UPI00003C8DC2,RNA_pol_sigma_r3/r4-like
1388,Clo1313_0320,IPR036388,UPI00003C8DC2,WH-like_DNA-bd_sf
1389,Clo1313_0320,,UPI00003C8DC2,
1390,Clo1313_0321,IPR027383,UPI0001F329ED,Znf_put
1391,Clo1313_0321,,UPI0001F329ED,
1392,Clo1313_0322,,UPI000038FB52,
1393,Clo1313_0323,IPR052913,UPI000038FB51,Glycopeptide_resist_protein
1394,Clo1313_0323,IPR007391,UPI000038FB51,Vancomycin_resist_VanW
1395,Clo1313_0323,IPR022029,UPI000038FB51,YoaR-like_PG-bd
1396,Clo1313_0323,,UPI000038FB51,
1397,Clo1313_0324,IPR050399,UPI000038FB50,HPr
1398,Clo1313_0324,IPR000032,UPI000038FB50,HPr-like
1399,Clo1313_0324,IPR035895,UPI000038FB50,HPr-like_sf
1400,Clo1313_0324,IPR002114,UPI000038FB50,PTS_HPr_Ser_P_site
1401,Clo1313_0324,,UPI000038FB50,
1402,Clo1313_0325,IPR008279,UPI000038FB4F,PEP-util_enz_mobile_dom
1403,Clo1313_0325,IPR050499,UPI000038FB4F,PEP-utilizing_PTS_enzyme
1404,Clo1313_0325,IPR000121,UPI000038FB4F,PEP_util_C
1405,Clo1313_0325,IPR036637,UPI000038FB4F,Phosphohistidine_dom_sf
1406,Clo1313_0325,IPR024692,UPI000038FB4F,PTS_EI
1407,Clo1313_0325,IPR006318,UPI000038FB4F,PTS_EI-like
1408,Clo1313_0325,IPR008731,UPI000038FB4F,PTS_EIN
1409,Clo1313_0325,IPR036618,UPI000038FB4F,PtsI_HPr-bd_sf
1410,Clo1313_0325,IPR015813,UPI000038FB4F,Pyrv/PenolPyrv_kinase-like_dom
1411,Clo1313_0325,IPR040442,UPI000038FB4F,Pyrv_kinase-like_dom_sf
1412,Clo1313_0325,,UPI000038FB4F,
1413,Clo1313_0326,IPR000305,UPI00005385E1,GIY-YIG_endonuc
1414,Clo1313_0326,IPR035901,UPI00005385E1,GIY-YIG_endonuc_sf
1415,Clo1313_0326,IPR047296,UPI00005385E1,GIY-YIG_UvrC_Cho
1416,Clo1313_0326,IPR003583,UPI00005385E1,Hlx-hairpin-Hlx_DNA-bd_motif
1417,Clo1313_0326,IPR010994,UPI00005385E1,RuvA_2-like
1418,Clo1313_0326,IPR001943,UPI00005385E1,UVR_dom
1419,Clo1313_0326,IPR036876,UPI00005385E1,UVR_dom_sf
1420,Clo1313_0326,IPR050066,UPI00005385E1,UvrABC_protein_C
1421,Clo1313_0326,IPR004791,UPI00005385E1,UvrC
1422,Clo1313_0326,IPR001162,UPI00005385E1,UvrC_RNase_H_dom
1423,Clo1313_0326,IPR038476,UPI00005385E1,UvrC_RNase_H_dom_sf
1424,Clo1313_0326,,UPI00005385E1,
1425,Clo1313_0327,IPR004843,UPI000038FB4D,Calcineurin-like_PHP
1426,Clo1313_0327,IPR029052,UPI000038FB4D,Metallo-depent_PP-like
1427,Clo1313_0327,IPR051158,UPI000038FB4D,Metallophosphoesterase
1428,Clo1313_0327,IPR014578,UPI000038FB4D,Pesterase_CT488
1429,Clo1313_0327,,UPI000038FB4D,
1430,Clo1313_0328,IPR046357,UPI000038FB4C,PPIase_dom_sf
1431,Clo1313_0328,IPR001179,UPI000038FB4C,PPIase_FKBP_dom
1432,Clo1313_0328,IPR005215,UPI000038FB4C,Trig_fac
1433,Clo1313_0328,IPR008880,UPI000038FB4C,Trigger_fac_C
1434,Clo1313_0328,IPR037041,UPI000038FB4C,Trigger_fac_C_sf
1435,Clo1313_0328,IPR008881,UPI000038FB4C,Trigger_fac_ribosome-bd_bac
1436,Clo1313_0328,IPR036611,UPI000038FB4C,Trigger_fac_ribosome-bd_sf
1437,Clo1313_0328,IPR027304,UPI000038FB4C,Trigger_fact/SurA_dom_sf
1438,Clo1313_0328,,UPI000038FB4C,
1439,Clo1313_0329,IPR001907,UPI000038FB4B,ClpP
1440,Clo1313_0329,IPR029045,UPI000038FB4B,ClpP/crotonase-like_dom_sf
1441,Clo1313_0329,IPR023562,UPI000038FB4B,ClpP/TepA
1442,Clo1313_0329,IPR033135,UPI000038FB4B,ClpP_His_AS
1443,Clo1313_0329,IPR018215,UPI000038FB4B,ClpP_Ser_AS
1444,Clo1313_0329,,UPI000038FB4B,
1445,Clo1313_0330,IPR003593,UPI000038FB4A,AAA+_ATPase
1446,Clo1313_0330,IPR050052,UPI000038FB4A,ATP-dep_Clp_protease_ClpX
1447,Clo1313_0330,IPR003959,UPI000038FB4A,ATPase_AAA_core
1448,Clo1313_0330,IPR019489,UPI000038FB4A,Clp_ATPase_C
1449,Clo1313_0330,IPR004487,UPI000038FB4A,Clp_protease_ATP-bd_su_ClpX
1450,Clo1313_0330,IPR046425,UPI000038FB4A,ClpX_bact
1451,Clo1313_0330,IPR027417,UPI000038FB4A,P-loop_NTPase
1452,Clo1313_0330,IPR059188,UPI000038FB4A,Znf_CLPX-like
1453,Clo1313_0330,IPR010603,UPI000038FB4A,Znf_CppX_C4
1454,Clo1313_0330,IPR038366,UPI000038FB4A,Znf_CppX_C4_sf
1455,Clo1313_0330,,UPI000038FB4A,
1456,Clo1313_0331,IPR003593,UPI0001F329EE,AAA+_ATPase
1457,Clo1313_0331,IPR008269,UPI0001F329EE,Lon_proteolytic
1458,Clo1313_0331,IPR027065,UPI0001F329EE,Lon_Prtase
1459,Clo1313_0331,IPR000523,UPI0001F329EE,Mg_chelatse_chII-like_cat_dom
1460,Clo1313_0331,IPR027417,UPI0001F329EE,P-loop_NTPase
1461,Clo1313_0331,IPR008268,UPI0001F329EE,Peptidase_S16_AS
1462,Clo1313_0331,IPR020568,UPI0001F329EE,Ribosomal_Su5_D2-typ_SF
1463,Clo1313_0331,IPR014721,UPI0001F329EE,Ribsml_uS5_D2-typ_fold_subgr
1464,Clo1313_0331,IPR002078,UPI0001F329EE,Sigma_54_int
1465,Clo1313_0331,IPR025943,UPI0001F329EE,Sigma_54_int_dom_ATP-bd_2
1466,Clo1313_0331,IPR014251,UPI0001F329EE,Spore_LonB
1467,Clo1313_0331,,UPI0001F329EE,
1468,Clo1313_0332,IPR043129,UPI000038FB48,ATPase_NBD
1469,Clo1313_0332,IPR000905,UPI000038FB48,Gcp-like_dom
1470,Clo1313_0332,IPR017861,UPI000038FB48,KAE1/TsaD
1471,Clo1313_0332,IPR017860,UPI000038FB48,Peptidase_M22_CS
1472,Clo1313_0332,IPR022450,UPI000038FB48,TsaD
1473,Clo1313_0332,,UPI000038FB48,
1474,Clo1313_0333,IPR023346,UPI00003C8DC3,Lysozyme-like_dom_sf
1475,Clo1313_0333,IPR000189,UPI00003C8DC3,Transglyc_AS
1476,Clo1313_0333,IPR008258,UPI00003C8DC3,Transglycosylase_SLT_dom_1
1477,Clo1313_0333,,UPI00003C8DC3,
1478,Clo1313_0334,,UPI00003C8DC4,
1479,Clo1313_0335,IPR007295,UPI00003C8DC5,DUF402
1480,Clo1313_0335,IPR035930,UPI00003C8DC5,FomD-like_sf
1481,Clo1313_0335,,UPI00003C8DC5,
1482,Clo1313_0336,IPR004013,UPI00003C8DC6,PHP_dom
1483,Clo1313_0336,IPR052018,UPI00003C8DC6,PHP_domain
1484,Clo1313_0336,IPR003141,UPI00003C8DC6,Pol/His_phosphatase_N
1485,Clo1313_0336,IPR016195,UPI00003C8DC6,Pol/histidinol_Pase-like
1486,Clo1313_0336,,UPI00003C8DC6,
1487,Clo1313_0337,IPR023620,UPI0000536904,SmpB
1488,Clo1313_0337,IPR000037,UPI0000536904,SsrA-bd_prot
1489,Clo1313_0337,IPR020081,UPI0000536904,SsrA-bd_prot_CS
1490,Clo1313_0337,,UPI0000536904,
1491,Clo1313_0338,,UPI00017E22EA,
1492,Clo1313_0339,IPR038692,UPI00017E22EB,Cthe_2751_sf
1493,Clo1313_0339,IPR031837,UPI00017E22EB,DUF5071
1494,Clo1313_0339,,UPI00017E22EB,
1495,Clo1313_0340,,UPI00003C8DCB,
1496,Clo1313_0341,IPR035681,UPI00017E22EC,ComA-like_MBL
1497,Clo1313_0341,IPR052159,UPI00017E22EC,Competence_DNA_uptake
1498,Clo1313_0341,IPR001279,UPI00017E22EC,Metallo-B-lactamas
1499,Clo1313_0341,IPR036866,UPI00017E22EC,RibonucZ/Hydroxyglut_hydro
1500,Clo1313_0341,,UPI00017E22EC,
1501,Clo1313_0342,IPR021377,UPI000038FC00,DUF3006
1502,Clo1313_0342,,UPI000038FC00,
1503,Clo1313_0343,IPR001279,UPI000038FBFF,Metallo-B-lactamas
1504,Clo1313_0343,IPR050855,UPI000038FBFF,NDM-1-like
1505,Clo1313_0343,IPR036866,UPI000038FBFF,RibonucZ/Hydroxyglut_hydro
1506,Clo1313_0343,,UPI000038FBFF,
1507,Clo1313_0344,IPR050792,UPI00017E22ED,ADP-ribosylglycohydrolase
1508,Clo1313_0344,IPR005502,UPI00017E22ED,Ribosyl_crysJ1
1509,Clo1313_0344,IPR036705,UPI00017E22ED,Ribosyl_crysJ1_sf
1510,Clo1313_0344,,UPI00017E22ED,
1511,Clo1313_0346,IPR006153,UPI0001F329EF,Cation/H_exchanger_TM
1512,Clo1313_0346,IPR038770,UPI0001F329EF,Na+/solute_symporter_sf
1513,Clo1313_0346,IPR006037,UPI0001F329EF,RCK_C
1514,Clo1313_0346,IPR036721,UPI0001F329EF,RCK_C_sf
1515,Clo1313_0346,,UPI0001F329EF,
1516,Clo1313_0347,IPR043519,UPI0001B1EF07,NT_sf
1517,Clo1313_0347,IPR002934,UPI0001B1EF07,Polymerase_NTP_transf_dom
1518,Clo1313_0347,,UPI0001B1EF07,
1519,Clo1313_0348,IPR010499,UPI0000532E9E,AraC_E-bd
1520,Clo1313_0348,IPR029442,UPI0000532E9E,GyrI-like
1521,Clo1313_0348,IPR009057,UPI0000532E9E,Homeodomain-like_sf
1522,Clo1313_0348,IPR018060,UPI0000532E9E,HTH_AraC
1523,Clo1313_0348,IPR050959,UPI0000532E9E,MarA-like
1524,Clo1313_0348,IPR011256,UPI0000532E9E,Reg_factor_effector_dom_sf
1525,Clo1313_0348,IPR020449,UPI0000532E9E,Tscrpt_reg_AraC-type_HTH
1526,Clo1313_0348,,UPI0000532E9E,
1527,Clo1313_0349,IPR008928,UPI0001B1EF06,6-hairpin_glycosidase_sf
1528,Clo1313_0349,IPR012341,UPI0001B1EF06,6hp_glycosidase-like_sf
1529,Clo1313_0349,IPR008965,UPI0001B1EF06,CBM2/CBM3_carb-bd_dom_sf
1530,Clo1313_0349,IPR001956,UPI0001B1EF06,CBM3
1531,Clo1313_0349,IPR036966,UPI0001B1EF06,CBM3_sf
1532,Clo1313_0349,IPR002105,UPI0001B1EF06,Dockerin_1_rpt
1533,Clo1313_0349,IPR016134,UPI0001B1EF06,Dockerin_dom
1534,Clo1313_0349,IPR036439,UPI0001B1EF06,Dockerin_dom_sf
1535,Clo1313_0349,IPR018247,UPI0001B1EF06,EF_Hand_1_Ca_BS
1536,Clo1313_0349,IPR001701,UPI0001B1EF06,Glyco_hydro_9
1537,Clo1313_0349,,UPI0001B1EF06,
1538,Clo1313_0350,IPR008928,UPI00017E22F0,6-hairpin_glycosidase_sf
1539,Clo1313_0350,IPR012341,UPI00017E22F0,6hp_glycosidase-like_sf
1540,Clo1313_0350,IPR008965,UPI00017E22F0,CBM2/CBM3_carb-bd_dom_sf
1541,Clo1313_0350,IPR001956,UPI00017E22F0,CBM3
1542,Clo1313_0350,IPR036966,UPI00017E22F0,CBM3_sf
1543,Clo1313_0350,IPR002105,UPI00017E22F0,Dockerin_1_rpt
1544,Clo1313_0350,IPR016134,UPI00017E22F0,Dockerin_dom
1545,Clo1313_0350,IPR036439,UPI00017E22F0,Dockerin_dom_sf
1546,Clo1313_0350,IPR018247,UPI00017E22F0,EF_Hand_1_Ca_BS
1547,Clo1313_0350,IPR001701,UPI00017E22F0,Glyco_hydro_9
1548,Clo1313_0350,IPR018221,UPI00017E22F0,Glyco_hydro_9_His_AS
1549,Clo1313_0350,,UPI00017E22F0,
1550,Clo1313_0352,,UPI00017E22F1,
1551,Clo1313_0353,IPR052652,UPI0001F32A1C,Telomerase_Complex_Comp
1552,Clo1313_0353,IPR008858,UPI0001F32A1C,TROVE_dom
1553,Clo1313_0353,IPR037214,UPI0001F32A1C,TROVE_dom_sf
1554,Clo1313_0353,IPR056800,UPI0001F32A1C,vWA_Ro60
1555,Clo1313_0353,IPR036465,UPI0001F32A1C,vWFA_dom_sf
1556,Clo1313_0353,,UPI0001F32A1C,
1557,Clo1313_0354,IPR011989,UPI000038F6DE,ARM-like
1558,Clo1313_0354,IPR016024,UPI000038F6DE,ARM-type_fold
1559,Clo1313_0354,,UPI000038F6DE,
1560,Clo1313_0355,IPR029083,UPI0001B1EED4,Imm32
1561,Clo1313_0355,,UPI0001B1EED4,
1562,Clo1313_0356,IPR024026,UPI0001B1EED3,3'-RNA_MeTfrase_Hen1_bac
1563,Clo1313_0356,IPR026610,UPI0001B1EED3,Hen1
1564,Clo1313_0356,IPR024740,UPI0001B1EED3,Hen1_N
1565,Clo1313_0356,IPR038546,UPI0001B1EED3,Hen1_N_sf
1566,Clo1313_0356,IPR013217,UPI0001B1EED3,Methyltransf_12
1567,Clo1313_0356,IPR029063,UPI0001B1EED3,SAM-dependent_MTases_sf
1568,Clo1313_0356,,UPI0001B1EED3,
1569,Clo1313_0357,IPR050126,UPI00017E247D,Ap4A_hydrolase
1570,Clo1313_0357,IPR004843,UPI00017E247D,Calcineurin-like_PHP
1571,Clo1313_0357,IPR029052,UPI00017E247D,Metallo-depent_PP-like
1572,Clo1313_0357,IPR041780,UPI00017E247D,MPP_PrpE-like
1573,Clo1313_0357,IPR027417,UPI00017E247D,P-loop_NTPase
1574,Clo1313_0357,IPR024028,UPI00017E247D,PNKP_bac
1575,Clo1313_0357,IPR032380,UPI00017E247D,PNKP_ligase_dom
1576,Clo1313_0357,IPR006186,UPI00017E247D,Ser/Thr-sp_prot-phosphatase
1577,Clo1313_0357,,UPI00017E247D,
1578,Clo1313_0358,IPR012312,UPI0001B1EED2,Hemerythrin-like
1579,Clo1313_0358,IPR019903,UPI0001B1EED2,RIC_family
1580,Clo1313_0358,IPR038062,UPI0001B1EED2,ScdA-like_N_sf
1581,Clo1313_0358,,UPI0001B1EED2,
1582,Clo1313_0359,IPR008254,UPI0001B1EED1,Flavodoxin/NO_synth
1583,Clo1313_0359,IPR001226,UPI0001B1EED1,Flavodoxin_CS
1584,Clo1313_0359,IPR029039,UPI0001B1EED1,Flavoprotein-like_sf
1585,Clo1313_0359,IPR001279,UPI0001B1EED1,Metallo-B-lactamas
1586,Clo1313_0359,IPR045761,UPI0001B1EED1,ODP_dom
1587,Clo1313_0359,IPR036866,UPI0001B1EED1,RibonucZ/Hydroxyglut_hydro
1588,Clo1313_0359,IPR016440,UPI0001B1EED1,Rubredoxin-O_OxRdtase
1589,Clo1313_0359,,UPI0001B1EED1,
1590,Clo1313_0360,IPR000595,UPI000038F6D7,cNMP-bd_dom
1591,Clo1313_0360,IPR018490,UPI000038F6D7,cNMP-bd_dom_sf
1592,Clo1313_0360,IPR050397,UPI000038F6D7,Env_Response_Regulators
1593,Clo1313_0360,IPR012318,UPI000038F6D7,HTH_CRP
1594,Clo1313_0360,IPR014710,UPI000038F6D7,RmlC-like_jellyroll
1595,Clo1313_0360,IPR018335,UPI000038F6D7,Tscrpt_reg_HTH_Crp-type_CS
1596,Clo1313_0360,IPR036388,UPI000038F6D7,WH-like_DNA-bd_sf
1597,Clo1313_0360,IPR036390,UPI000038F6D7,WH_DNA-bd_sf
1598,Clo1313_0360,,UPI000038F6D7,
1599,Clo1313_0361,,UPI0001B1EED0,
1600,Clo1313_0362,,UPI0001B1EECF,
1601,Clo1313_0363,,UPI0001F32A1D,
1602,Clo1313_0364,IPR006419,UPI000038F6D5,NMN_transpt_PnuC
1603,Clo1313_0364,,UPI000038F6D5,
1604,Clo1313_0365,IPR004821,UPI000038F6D4,Cyt_trans-like
1605,Clo1313_0365,IPR052735,UPI000038F6D4,NAD_biosynth-regulator
1606,Clo1313_0365,IPR038727,UPI000038F6D4,NadR/Ttd14_AAA_dom
1607,Clo1313_0365,IPR027417,UPI000038F6D4,P-loop_NTPase
1608,Clo1313_0365,IPR014729,UPI000038F6D4,Rossmann-like_a/b/a_fold
1609,Clo1313_0365,,UPI000038F6D4,
1610,Clo1313_0366,IPR026870,UPI00003C8BD5,Zinc_ribbon_dom
1611,Clo1313_0366,,UPI00003C8BD5,
1612,Clo1313_0367,,UPI0001B1EECE,
1613,Clo1313_0368,IPR014922,UPI000038F6D3,YdhG-like
1614,Clo1313_0368,,UPI000038F6D3,
1615,Clo1313_0369,IPR035906,UPI0001B1EECD,MetI-like_sf
1616,Clo1313_0369,,UPI0001B1EECD,
1617,Clo1313_0370,IPR036505,UPI0001B1EECC,Amidase/PGRP_sf
1618,Clo1313_0370,IPR002502,UPI0001B1EECC,Amidase_domain
1619,Clo1313_0370,IPR051206,UPI0001B1EECC,NAMLAA_amidase_2
1620,Clo1313_0370,IPR001119,UPI0001B1EECC,SLH_dom
1621,Clo1313_0370,,UPI0001B1EECC,
1622,Clo1313_0371,IPR018743,UPI0000F219D6,DUF2292
1623,Clo1313_0371,,UPI0000F219D6,
1624,Clo1313_0372,IPR003759,UPI00005329B2,Cbl-bd_cap
1625,Clo1313_0372,IPR006158,UPI00005329B2,Cobalamin-bd
1626,Clo1313_0372,IPR036724,UPI00005329B2,Cobalamin-bd_sf
1627,Clo1313_0372,IPR050554,UPI00005329B2,Met_Synthase/Corrinoid
1628,Clo1313_0372,IPR036594,UPI00005329B2,Meth_synthase_dom
1629,Clo1313_0372,,UPI00005329B2,
1630,Clo1313_0373,IPR052024,UPI0000536B0D,Methanogen_methyltrans
1631,Clo1313_0373,IPR006360,UPI0000536B0D,Mtase_MtaA_CmuA
1632,Clo1313_0373,IPR038071,UPI0000536B0D,UROD/MetE-like_sf
1633,Clo1313_0373,IPR000257,UPI0000536B0D,Uroporphyrinogen_deCOase
1634,Clo1313_0373,,UPI0000536B0D,
1635,Clo1313_0374,IPR052024,UPI0001B1EECB,Methanogen_methyltrans
1636,Clo1313_0374,IPR006360,UPI0001B1EECB,Mtase_MtaA_CmuA
1637,Clo1313_0374,IPR038071,UPI0001B1EECB,UROD/MetE-like_sf
1638,Clo1313_0374,IPR000257,UPI0001B1EECB,Uroporphyrinogen_deCOase
1639,Clo1313_0374,,UPI0001B1EECB,
1640,Clo1313_0375,IPR036010,UPI0001B1EECA,2Fe-2S_ferredoxin-like_sf
1641,Clo1313_0375,IPR001041,UPI0001B1EECA,2Fe-2S_ferredoxin-type
1642,Clo1313_0375,IPR012675,UPI0001B1EECA,Beta-grasp_dom_sf
1643,Clo1313_0375,IPR052911,UPI0001B1EECA,Corrinoid_activation_enz
1644,Clo1313_0375,IPR041414,UPI0001B1EECA,RamQ-like_middle
1645,Clo1313_0375,IPR042259,UPI0001B1EECA,RamQ-like_middle_sf
1646,Clo1313_0375,IPR027980,UPI0001B1EECA,RamQ_C
1647,Clo1313_0375,,UPI0001B1EECA,
1648,Clo1313_0376,IPR014997,UPI00017E248D,DUF1847
1649,Clo1313_0376,,UPI00017E248D,
1650,Clo1313_0377,IPR044527,UPI0001B1EEC9,NrtA/CpmA_ABC-bd_dom
1651,Clo1313_0377,IPR001638,UPI0001B1EEC9,Solute-binding_3/MltF_N
1652,Clo1313_0377,IPR015168,UPI0001B1EEC9,SsuA/THI5
1653,Clo1313_0377,,UPI0001B1EEC9,
1654,Clo1313_0378,IPR003593,UPI000038F6C9,AAA+_ATPase
1655,Clo1313_0378,IPR003439,UPI000038F6C9,ABC_transporter-like_ATP-bd
1656,Clo1313_0378,IPR017871,UPI000038F6C9,ABC_transporter-like_CS
1657,Clo1313_0378,IPR050166,UPI000038F6C9,ABC_transporter_ATP-bind
1658,Clo1313_0378,IPR027417,UPI000038F6C9,P-loop_NTPase
1659,Clo1313_0378,,UPI000038F6C9,
1660,Clo1313_0379,IPR000515,UPI00003C8BDC,MetI-like
1661,Clo1313_0379,IPR035906,UPI00003C8BDC,MetI-like_sf
1662,Clo1313_0379,,UPI00003C8BDC,
1663,Clo1313_0380,IPR045851,UPI000038F6C7,AMP-b_sf
1664,Clo1313_0380,IPR028154,UPI000038F6C7,AMP-dep_Lig_C
1665,Clo1313_0380,IPR000873,UPI000038F6C7,AMP-dep_synth/lig_dom
1666,Clo1313_0380,IPR042099,UPI000038F6C7,ANL_N_sf
1667,Clo1313_0380,IPR011880,UPI000038F6C7,PA_CoA_ligase
1668,Clo1313_0380,,UPI000038F6C7,
1669,Clo1313_0381,IPR004839,UPI0001F32A1E,Aminotransferase_I/II_large
1670,Clo1313_0381,IPR051326,UPI0001F32A1E,Kynurenine-oxoglutarate_AT
1671,Clo1313_0381,IPR004838,UPI0001F32A1E,NHTrfase_class1_PyrdxlP-BS
1672,Clo1313_0381,IPR015424,UPI0001F32A1E,PyrdxlP-dep_Trfase
1673,Clo1313_0381,IPR015421,UPI0001F32A1E,PyrdxlP-dep_Trfase_major
1674,Clo1313_0381,IPR015422,UPI0001F32A1E,PyrdxlP-dep_Trfase_small
1675,Clo1313_0381,,UPI0001F32A1E,
1676,Clo1313_0382,IPR051626,UPI0001B1EEC7,Oxidoreductase_gamma_subunit
1677,Clo1313_0382,IPR011894,UPI0001B1EEC7,PorC_KorC
1678,Clo1313_0382,IPR019752,UPI0001B1EEC7,Pyrv/ketoisovalerate_OxRed_cat
1679,Clo1313_0382,IPR002869,UPI0001B1EEC7,Pyrv_flavodox_OxRed_cen
1680,Clo1313_0382,,UPI0001B1EEC7,
1681,Clo1313_0383,IPR017896,UPI00003C8BE0,4Fe4S_Fe-S-bd
1682,Clo1313_0383,IPR017900,UPI00003C8BE0,4Fe4S_Fe_S_CS
1683,Clo1313_0383,IPR011898,UPI00003C8BE0,PorD_KorD
1684,Clo1313_0383,,UPI00003C8BE0,
1685,Clo1313_0384,IPR033412,UPI0001B1EEC6,PFOR_II
1686,Clo1313_0384,IPR050722,UPI0001B1EEC6,Pyruvate:ferred/Flavod_OxRd
1687,Clo1313_0384,IPR002880,UPI0001B1EEC6,Pyrv_Fd/Flavodoxin_OxRdtase_N
1688,Clo1313_0384,IPR029061,UPI0001B1EEC6,THDP-binding
1689,Clo1313_0384,IPR009014,UPI0001B1EEC6,Transketo_C/PFOR_II
1690,Clo1313_0384,,UPI0001B1EEC6,
1691,Clo1313_0385,IPR051479,UPI000038F6C3,PorB-like
1692,Clo1313_0385,IPR029061,UPI000038F6C3,THDP-binding
1693,Clo1313_0385,IPR011766,UPI000038F6C3,TPP_enzyme_TPP-bd
1694,Clo1313_0385,,UPI000038F6C3,
1695,Clo1313_0386,IPR017900,UPI00003C8BE1,4Fe4S_Fe_S_CS
1696,Clo1313_0386,IPR037208,UPI00003C8BE1,Spo0E-like_sf
1697,Clo1313_0386,,UPI00003C8BE1,
1698,Clo1313_0387,IPR006056,UPI00003C8BE2,RidA
1699,Clo1313_0387,IPR019897,UPI00003C8BE2,RidA_CS
1700,Clo1313_0387,IPR035959,UPI00003C8BE2,RutC-like_sf
1701,Clo1313_0387,IPR006175,UPI00003C8BE2,YjgF/YER057c/UK114
1702,Clo1313_0387,,UPI00003C8BE2,
1703,Clo1313_0388,IPR000277,UPI00003C8BE3,Cys/Met-Metab_PyrdxlP-dep_enz
1704,Clo1313_0388,IPR054542,UPI00003C8BE3,Cys_met_metab_PP
1705,Clo1313_0388,IPR015424,UPI00003C8BE3,PyrdxlP-dep_Trfase
1706,Clo1313_0388,IPR015421,UPI00003C8BE3,PyrdxlP-dep_Trfase_major
1707,Clo1313_0388,IPR015422,UPI00003C8BE3,PyrdxlP-dep_Trfase_small
1708,Clo1313_0388,,UPI00003C8BE3,
1709,Clo1313_0389,IPR004839,UPI0001B1EEC5,Aminotransferase_I/II_large
1710,Clo1313_0389,IPR027619,UPI0001B1EEC5,C-S_lyase_PatB-like
1711,Clo1313_0389,IPR051798,UPI0001B1EEC5,Class-II_PLP-Dep_Aminotrans
1712,Clo1313_0389,IPR015424,UPI0001B1EEC5,PyrdxlP-dep_Trfase
1713,Clo1313_0389,IPR015421,UPI0001B1EEC5,PyrdxlP-dep_Trfase_major
1714,Clo1313_0389,IPR015422,UPI0001B1EEC5,PyrdxlP-dep_Trfase_small
1715,Clo1313_0389,,UPI0001B1EEC5,
1716,Clo1313_0390,IPR016101,UPI0001B1EEC4,CO_DH_a-bundle
1717,Clo1313_0390,IPR010047,UPI0001B1EEC4,CODH
1718,Clo1313_0390,IPR004137,UPI0001B1EEC4,HCP/CODH
1719,Clo1313_0390,IPR016099,UPI0001B1EEC4,Prismane-like_a/b-sand
1720,Clo1313_0390,IPR011254,UPI0001B1EEC4,Prismane-like_sf
1721,Clo1313_0390,,UPI0001B1EEC4,
1722,Clo1313_0391,IPR044527,UPI00003C8CC1,NrtA/CpmA_ABC-bd_dom
1723,Clo1313_0391,IPR001638,UPI00003C8CC1,Solute-binding_3/MltF_N
1724,Clo1313_0391,,UPI00003C8CC1,
1725,Clo1313_0392,IPR000515,UPI00003C8CC2,MetI-like
1726,Clo1313_0392,IPR035906,UPI00003C8CC2,MetI-like_sf
1727,Clo1313_0392,,UPI00003C8CC2,
1728,Clo1313_0393,IPR003593,UPI00003C8CC3,AAA+_ATPase
1729,Clo1313_0393,IPR003439,UPI00003C8CC3,ABC_transporter-like_ATP-bd
1730,Clo1313_0393,IPR017871,UPI00003C8CC3,ABC_transporter-like_CS
1731,Clo1313_0393,IPR050166,UPI00003C8CC3,ABC_transporter_ATP-bind
1732,Clo1313_0393,IPR027417,UPI00003C8CC3,P-loop_NTPase
1733,Clo1313_0393,,UPI00003C8CC3,
1734,Clo1313_0394,IPR013783,UPI0001B1EE8A,Ig-like_fold
1735,Clo1313_0394,IPR014756,UPI0001B1EE8A,Ig_E-set
1736,Clo1313_0394,,UPI0001B1EE8A,
1737,Clo1313_0395,IPR017853,UPI000012BDDE,GH_hydrolase_sf
1738,Clo1313_0395,IPR001547,UPI000012BDDE,Glyco_hydro_5
1739,Clo1313_0395,IPR018087,UPI000012BDDE,Glyco_hydro_5_CS
1740,Clo1313_0395,IPR050386,UPI000012BDDE,Glycosyl_hydrolase_5
1741,Clo1313_0395,,UPI000012BDDE,
1742,Clo1313_0396,IPR000843,UPI00000613CF,HTH_LacI
1743,Clo1313_0396,IPR046335,UPI00000613CF,LacI/GalR-like_sensor
1744,Clo1313_0396,IPR010982,UPI00000613CF,Lambda_DNA-bd_dom_sf
1745,Clo1313_0396,IPR028082,UPI00000613CF,Peripla_BP_I
1746,Clo1313_0396,,UPI00000613CF,
1747,Clo1313_0397,IPR000757,UPI0001B1EE89,Beta-glucanase-like
1748,Clo1313_0397,IPR003305,UPI0001B1EE89,CenC_carb-bd
1749,Clo1313_0397,IPR013320,UPI0001B1EE89,ConA-like_dom_sf
1750,Clo1313_0397,IPR008979,UPI0001B1EE89,Galactose-bd-like_sf
1751,Clo1313_0397,IPR050546,UPI0001B1EE89,Glycosyl_Hydrlase_16
1752,Clo1313_0397,IPR001119,UPI0001B1EE89,SLH_dom
1753,Clo1313_0397,,UPI0001B1EE89,
1754,Clo1313_0398,IPR003841,UPI0001B1EE88,Na/Pi_transpt
1755,Clo1313_0398,IPR004633,UPI0001B1EE88,NaPi_cotrn-rel/YqeW-like
1756,Clo1313_0398,IPR038078,UPI0001B1EE88,PhoU-like_sf
1757,Clo1313_0398,IPR026022,UPI0001B1EE88,PhoU_dom
1758,Clo1313_0398,,UPI0001B1EE88,
1759,Clo1313_0399,IPR005084,UPI00005325A2,CBM6
1760,Clo1313_0399,IPR002105,UPI00005325A2,Dockerin_1_rpt
1761,Clo1313_0399,IPR016134,UPI00005325A2,Dockerin_dom
1762,Clo1313_0399,IPR036439,UPI00005325A2,Dockerin_dom_sf
1763,Clo1313_0399,IPR018247,UPI00005325A2,EF_Hand_1_Ca_BS
1764,Clo1313_0399,IPR008979,UPI00005325A2,Galactose-bd-like_sf
1765,Clo1313_0399,IPR017853,UPI00005325A2,GH_hydrolase_sf
1766,Clo1313_0399,IPR022790,UPI00005325A2,GH26_dom
1767,Clo1313_0399,IPR000805,UPI00005325A2,Glyco_hydro_26
1768,Clo1313_0399,IPR001763,UPI00005325A2,Rhodanese-like_dom
1769,Clo1313_0399,,UPI00005325A2,
1770,Clo1313_0400,IPR008928,UPI0000536EA1,6-hairpin_glycosidase_sf
1771,Clo1313_0400,IPR012341,UPI0000536EA1,6hp_glycosidase-like_sf
1772,Clo1313_0400,IPR002105,UPI0000536EA1,Dockerin_1_rpt
1773,Clo1313_0400,IPR016134,UPI0000536EA1,Dockerin_dom
1774,Clo1313_0400,IPR036439,UPI0000536EA1,Dockerin_dom_sf
1775,Clo1313_0400,IPR018247,UPI0000536EA1,EF_Hand_1_Ca_BS
1776,Clo1313_0400,IPR001701,UPI0000536EA1,Glyco_hydro_9
1777,Clo1313_0400,IPR018221,UPI0000536EA1,Glyco_hydro_9_His_AS
1778,Clo1313_0400,,UPI0000536EA1,
1779,Clo1313_0401,IPR011006,UPI0000536E90,CheY-like_superfamily
1780,Clo1313_0401,IPR001867,UPI0000536E90,OmpR/PhoB-type_DNA-bd
1781,Clo1313_0401,IPR016032,UPI0000536E90,Sig_transdc_resp-reg_C-effctor
1782,Clo1313_0401,IPR001789,UPI0000536E90,Sig_transdc_resp-reg_receiver
1783,Clo1313_0401,IPR039420,UPI0000536E90,WalR-like
1784,Clo1313_0401,IPR036388,UPI0000536E90,WH-like_DNA-bd_sf
1785,Clo1313_0401,,UPI0000536E90,
1786,Clo1313_0402,IPR036890,UPI00003C8CC8,HATPase_C_sf
1787,Clo1313_0402,IPR003594,UPI00003C8CC8,HATPase_dom
1788,Clo1313_0402,IPR005467,UPI00003C8CC8,His_kinase_dom
1789,Clo1313_0402,IPR003661,UPI00003C8CC8,HisK_dim/P_dom
1790,Clo1313_0402,IPR036097,UPI00003C8CC8,HisK_dim/P_sf
1791,Clo1313_0402,IPR050398,UPI00003C8CC8,HssS/ArlS-like
1792,Clo1313_0402,,UPI00003C8CC8,
1793,Clo1313_0403,IPR020751,UPI0000F21A0A,aa-tRNA-synth_I_codon-bd_sub2
1794,Clo1313_0403,IPR001412,UPI0000F21A0A,aa-tRNA-synth_I_CS
1795,Clo1313_0403,IPR008925,UPI0000F21A0A,aa_tRNA-synth_I_cd-bd_sf
1796,Clo1313_0403,IPR002904,UPI0000F21A0A,Lys-tRNA-ligase
1797,Clo1313_0403,IPR042078,UPI0000F21A0A,Lys-tRNA-ligase_SC_fold
1798,Clo1313_0403,IPR014729,UPI0000F21A0A,Rossmann-like_a/b/a_fold
1799,Clo1313_0403,,UPI0000F21A0A,
1800,Clo1313_0405,IPR039315,UPI000038F6B4,CheW
1801,Clo1313_0405,IPR036061,UPI000038F6B4,CheW-like_dom_sf
1802,Clo1313_0405,IPR002545,UPI000038F6B4,CheW-lke_dom
1803,Clo1313_0405,,UPI000038F6B4,
1804,Clo1313_0406,IPR051315,UPI0001B1EF5F,Bact_Chemotaxis_CheA
1805,Clo1313_0406,IPR004105,UPI0001B1EF5F,CheA-like_dim
1806,Clo1313_0406,IPR037006,UPI0001B1EF5F,CheA-like_homodim_sf
1807,Clo1313_0406,IPR036061,UPI0001B1EF5F,CheW-like_dom_sf
1808,Clo1313_0406,IPR002545,UPI0001B1EF5F,CheW-lke_dom
1809,Clo1313_0406,IPR036890,UPI0001B1EF5F,HATPase_C_sf
1810,Clo1313_0406,IPR003594,UPI0001B1EF5F,HATPase_dom
1811,Clo1313_0406,IPR005467,UPI0001B1EF5F,His_kinase_dom
1812,Clo1313_0406,IPR036097,UPI0001B1EF5F,HisK_dim/P_sf
1813,Clo1313_0406,IPR036641,UPI0001B1EF5F,HPT_dom_sf
1814,Clo1313_0406,IPR004358,UPI0001B1EF5F,Sig_transdc_His_kin-like_C
1815,Clo1313_0406,IPR008207,UPI0001B1EF5F,Sig_transdc_His_kin_Hpt_dom
1816,Clo1313_0406,,UPI0001B1EF5F,
1817,Clo1313_0407,IPR004090,UPI00003C904E,Chemotax_Me-accpt_rcpt
1818,Clo1313_0407,IPR004089,UPI00003C904E,MCPsignal_dom
1819,Clo1313_0407,,UPI00003C904E,
1820,Clo1313_0408,IPR050903,UPI000038F6AE,Bact_Chemotaxis_MeTrfase
1821,Clo1313_0408,IPR022642,UPI000038F6AE,CheR_C
1822,Clo1313_0408,IPR000780,UPI000038F6AE,CheR_MeTrfase
1823,Clo1313_0408,IPR036804,UPI000038F6AE,CheR_N_sf
1824,Clo1313_0408,IPR029063,UPI000038F6AE,SAM-dependent_MTases_sf
1825,Clo1313_0408,,UPI000038F6AE,
1826,Clo1313_0409,IPR008248,UPI000038F6AD,CheB-like
1827,Clo1313_0409,IPR035909,UPI000038F6AD,CheB_C
1828,Clo1313_0409,IPR011006,UPI000038F6AD,CheY-like_superfamily
1829,Clo1313_0409,IPR000673,UPI000038F6AD,Sig_transdc_resp-reg_Me-estase
1830,Clo1313_0409,IPR001789,UPI000038F6AD,Sig_transdc_resp-reg_receiver
1831,Clo1313_0409,,UPI000038F6AD,
1832,Clo1313_0410,IPR000683,UPI000038F6AC,Gfo/Idh/MocA-like_OxRdtase_N
1833,Clo1313_0410,IPR050984,UPI000038F6AC,Gfo/Idh/MocA_domain
1834,Clo1313_0410,IPR055170,UPI000038F6AC,GFO_IDH_MocA-like_dom
1835,Clo1313_0410,IPR036291,UPI000038F6AC,NAD(P)-bd_dom_sf
1836,Clo1313_0410,,UPI000038F6AC,
1837,Clo1313_0411,IPR000644,UPI00003C8DB1,CBS_dom
1838,Clo1313_0411,IPR046342,UPI00003C8DB1,CBS_dom_sf
1839,Clo1313_0411,IPR002550,UPI00003C8DB1,CNNM
1840,Clo1313_0411,IPR036318,UPI00003C8DB1,FAD-bd_PCMH-like_sf
1841,Clo1313_0411,IPR016169,UPI00003C8DB1,FAD-bd_PCMH_sub2
1842,Clo1313_0411,IPR044751,UPI00003C8DB1,Ion_transp-like_CBS
1843,Clo1313_0411,IPR005170,UPI00003C8DB1,Transptr-assoc_dom
1844,Clo1313_0411,,UPI00003C8DB1,
1845,Clo1313_0412,IPR036244,UPI000038F816,TipA-like_antibiotic-bd
1846,Clo1313_0412,IPR012925,UPI000038F816,TipAS_dom
1847,Clo1313_0412,,UPI000038F816,
1848,Clo1313_0413,IPR002105,UPI0001B1EF5E,Dockerin_1_rpt
1849,Clo1313_0413,IPR016134,UPI0001B1EF5E,Dockerin_dom
1850,Clo1313_0413,IPR036439,UPI0001B1EF5E,Dockerin_dom_sf
1851,Clo1313_0413,IPR018247,UPI0001B1EF5E,EF_Hand_1_Ca_BS
1852,Clo1313_0413,IPR017853,UPI0001B1EF5E,GH_hydrolase_sf
1853,Clo1313_0413,IPR001547,UPI0001B1EF5E,Glyco_hydro_5
1854,Clo1313_0413,IPR018087,UPI0001B1EF5E,Glyco_hydro_5_CS
1855,Clo1313_0413,,UPI0001B1EF5E,
1856,Clo1313_0414,IPR021994,UPI0001B1EF5D,DUF3592
1857,Clo1313_0414,,UPI0001B1EF5D,
1858,Clo1313_0415,IPR018091,UPI000038F814,PEP_carboxykin_GTP_CS
1859,Clo1313_0415,IPR013035,UPI000038F814,PEP_carboxykinase_C
1860,Clo1313_0415,IPR008209,UPI000038F814,PEP_carboxykinase_GTP
1861,Clo1313_0415,IPR035077,UPI000038F814,PEP_carboxykinase_GTP_C
1862,Clo1313_0415,IPR035078,UPI000038F814,PEP_carboxykinase_GTP_N
1863,Clo1313_0415,IPR008210,UPI000038F814,PEP_carboxykinase_N
1864,Clo1313_0415,,UPI000038F814,
1865,Clo1313_0416,IPR050574,UPI000038F813,HPF/YfiA_ribosome-assoc
1866,Clo1313_0416,IPR034694,UPI000038F813,HPF_long/plastid
1867,Clo1313_0416,IPR036567,UPI000038F813,RHF-like
1868,Clo1313_0416,IPR003489,UPI000038F813,RHF/RaiA
1869,Clo1313_0416,IPR032528,UPI000038F813,Ribosom_S30AE_C
1870,Clo1313_0416,IPR038416,UPI000038F813,Ribosom_S30AE_C_sf
1871,Clo1313_0416,,UPI000038F813,
1872,Clo1313_0417,IPR005751,UPI000038F812,ATP-dep_DNA_helicase_PcrA
1873,Clo1313_0417,IPR013986,UPI000038F812,DExx_box_DNA_helicase_dom_sf
1874,Clo1313_0417,IPR014017,UPI000038F812,UvrD-like_C
1875,Clo1313_0417,IPR000212,UPI000038F812,UvrD-like
1876,Clo1313_0417,IPR027417,UPI000038F812,P-loop_NTPase
1877,Clo1313_0417,IPR014016,UPI000038F812,UvrD-like_ATP-bd
1878,Clo1313_0417,,UPI000038F812,
1879,Clo1313_0418,IPR051465,UPI000038F811,Cell_Envelope_Struct_Comp
1880,Clo1313_0418,IPR020481,UPI000038F811,Intracell_prot_inh_BsuPI
1881,Clo1313_0418,IPR038144,UPI000038F811,IPI
1882,Clo1313_0418,IPR001119,UPI000038F811,SLH_dom
1883,Clo1313_0418,,UPI000038F811,
1884,Clo1313_0419,IPR005074,UPI00017E45F2,Peptidase_C39
1885,Clo1313_0419,,UPI00017E45F2,
1886,Clo1313_0420,IPR002105,UPI00017E45F3,Dockerin_1_rpt
1887,Clo1313_0420,IPR016134,UPI00017E45F3,Dockerin_dom
1888,Clo1313_0420,IPR036439,UPI00017E45F3,Dockerin_dom_sf
1889,Clo1313_0420,IPR018247,UPI00017E45F3,EF_Hand_1_Ca_BS
1890,Clo1313_0420,IPR005181,UPI00017E45F3,SASA
1891,Clo1313_0420,IPR036514,UPI00017E45F3,SGNH_hydro_sf
1892,Clo1313_0420,,UPI00017E45F3,
1893,Clo1313_0421,IPR006195,UPI00003C8DB4,aa-tRNA-synth_II
1894,Clo1313_0421,IPR045864,UPI00003C8DB4,aa-tRNA-synth_II/BPL/LPL
1895,Clo1313_0421,IPR036621,UPI00003C8DB4,Anticodon-bd_dom_sf
1896,Clo1313_0421,IPR041715,UPI00003C8DB4,HisRS-like_core
1897,Clo1313_0421,IPR004516,UPI00003C8DB4,HisRS/HisZ
1898,Clo1313_0421,IPR004517,UPI00003C8DB4,HisZ
1899,Clo1313_0421,,UPI00003C8DB4,
1900,Clo1313_0422,IPR013820,UPI000038F80E,ATP_PRibTrfase_cat
1901,Clo1313_0422,IPR018198,UPI000038F80E,ATP_PRibTrfase_CS
1902,Clo1313_0422,IPR001348,UPI000038F80E,ATP_PRibTrfase_HisG
1903,Clo1313_0422,IPR024893,UPI000038F80E,ATP_PRibTrfase_HisG_short
1904,Clo1313_0422,,UPI000038F80E,
1905,Clo1313_0423,IPR016161,UPI00017E45F4,Ald_DH/histidinol_DH
1906,Clo1313_0423,IPR001692,UPI00017E45F4,Histidinol_DH_CS
1907,Clo1313_0423,IPR022695,UPI00017E45F4,Histidinol_DH_monofunct
1908,Clo1313_0423,IPR012131,UPI00017E45F4,Hstdl_DH
1909,Clo1313_0423,,UPI00017E45F4,
1910,Clo1313_0424,IPR004839,UPI00003C8DB6,Aminotransferase_I/II_large
1911,Clo1313_0424,IPR005861,UPI00003C8DB6,HisP_aminotrans
1912,Clo1313_0424,IPR015424,UPI00003C8DB6,PyrdxlP-dep_Trfase
1913,Clo1313_0424,IPR015421,UPI00003C8DB6,PyrdxlP-dep_Trfase_major
1914,Clo1313_0424,IPR015422,UPI00003C8DB6,PyrdxlP-dep_Trfase_small
1915,Clo1313_0424,,UPI00003C8DB6,
1916,Clo1313_0425,IPR038494,UPI00003C8DB7,IGPD_sf
1917,Clo1313_0425,IPR000807,UPI00003C8DB7,ImidazoleglycerolP_deHydtase
1918,Clo1313_0425,IPR020565,UPI00003C8DB7,ImidazoleglycerP_deHydtase_CS
1919,Clo1313_0425,IPR020568,UPI00003C8DB7,Ribosomal_Su5_D2-typ_SF
1920,Clo1313_0425,,UPI00003C8DB7,
1921,Clo1313_0426,IPR028923,UPI000038F80C,SAICAR_synt/ADE2_N
1922,Clo1313_0426,IPR001636,UPI000038F80C,SAICAR_synth
1923,Clo1313_0426,IPR018236,UPI000038F80C,SAICAR_synthetase_CS
1924,Clo1313_0426,,UPI000038F80C,
1925,Clo1313_0427,IPR029062,UPI0001B1EF5C,Class_I_gatase-like
1926,Clo1313_0427,IPR017926,UPI0001B1EF5C,GATASE
1927,Clo1313_0427,IPR010139,UPI0001B1EF5C,Imidazole-glycPsynth_HisH
1928,Clo1313_0427,,UPI0001B1EF5C,
1929,Clo1313_0428,IPR013785,UPI000038F80A,Aldolase_TIM
1930,Clo1313_0428,IPR006062,UPI000038F80A,His_biosynth
1931,Clo1313_0428,IPR023016,UPI000038F80A,HisA/PriA
1932,Clo1313_0428,IPR006063,UPI000038F80A,HisA_bact_arch
1933,Clo1313_0428,IPR044524,UPI000038F80A,Isoase_HisA-like
1934,Clo1313_0428,IPR011060,UPI000038F80A,RibuloseP-bd_barrel
1935,Clo1313_0428,,UPI000038F80A,
1936,Clo1313_0429,IPR013785,UPI000038F809,Aldolase_TIM
1937,Clo1313_0429,IPR006062,UPI000038F809,His_biosynth
1938,Clo1313_0429,IPR004651,UPI000038F809,HisF
1939,Clo1313_0429,IPR050064,UPI000038F809,IGPS_HisA/HisF
1940,Clo1313_0429,IPR011060,UPI000038F809,RibuloseP-bd_barrel
1941,Clo1313_0429,,UPI000038F809,
1942,Clo1313_0430,IPR023019,UPI000038F808,His_synth_HisIE
1943,Clo1313_0430,IPR008179,UPI000038F808,HisE
1944,Clo1313_0430,IPR026660,UPI000038F808,PRA-CH
1945,Clo1313_0430,IPR021130,UPI000038F808,PRib-ATP_PPHydrolase-like
1946,Clo1313_0430,IPR002496,UPI000038F808,PRib_AMP_CycHydrolase_dom
1947,Clo1313_0430,IPR038019,UPI000038F808,PRib_AMP_CycHydrolase_sf
1948,Clo1313_0430,,UPI000038F808,
1949,Clo1313_0431,IPR038475,UPI000038F807,RecG_C_sf
1950,Clo1313_0431,IPR007421,UPI000038F807,Schlafen_AlbA_2_dom
1951,Clo1313_0431,IPR038461,UPI000038F807,Schlafen_AlbA_2_dom_sf
1952,Clo1313_0431,,UPI000038F807,
1953,Clo1313_0432,IPR020818,UPI0000127616,Chaperonin_GroES
1954,Clo1313_0432,IPR037124,UPI0000127616,Chaperonin_GroES_sf
1955,Clo1313_0432,IPR018369,UPI0000127616,Chaprnonin_Cpn10_CS
1956,Clo1313_0432,IPR011032,UPI0000127616,GroES-like_sf
1957,Clo1313_0432,,UPI0000127616,
1958,Clo1313_0433,IPR018370,UPI000016EB8E,Chaperonin_Cpn60_CS
1959,Clo1313_0433,IPR001844,UPI000016EB8E,Cpn60/GroEL
1960,Clo1313_0433,IPR002423,UPI000016EB8E,Cpn60/GroEL/TCP-1
1961,Clo1313_0433,IPR027409,UPI000016EB8E,GroEL-like_apical_dom_sf
1962,Clo1313_0433,IPR027413,UPI000016EB8E,GROEL-like_equatorial_sf
1963,Clo1313_0433,IPR027410,UPI000016EB8E,TCP-1-like_intermed_sf
1964,Clo1313_0433,,UPI000016EB8E,
1965,Clo1313_0434,IPR009875,UPI00017E4A0D,PilZ_domain
1966,Clo1313_0434,,UPI00017E4A0D,
1967,Clo1313_0435,IPR046088,UPI000038F7FD,DUF6106
1968,Clo1313_0435,,UPI000038F7FD,
1969,Clo1313_0436,IPR041704,UPI000038F7FC,CFLE_GH18
1970,Clo1313_0436,IPR011583,UPI000038F7FC,Chitinase_II/V-like_cat
1971,Clo1313_0436,IPR029070,UPI000038F7FC,Chitinase_insertion_sf
1972,Clo1313_0436,IPR012854,UPI000038F7FC,Cu_amine_oxidase-like_N
1973,Clo1313_0436,IPR017853,UPI000038F7FC,GH_hydrolase_sf
1974,Clo1313_0436,IPR001223,UPI000038F7FC,Glyco_hydro18_cat
1975,Clo1313_0436,IPR036582,UPI000038F7FC,Mao_N_sf
1976,Clo1313_0436,,UPI000038F7FC,
1977,Clo1313_0437,,UPI000038F7FB,
1978,Clo1313_0438,IPR036953,UPI000038F7FA,GreA/GreB_C_sf
1979,Clo1313_0438,IPR018151,UPI000038F7FA,TF_GreA/GreB_CS
1980,Clo1313_0438,IPR006359,UPI000038F7FA,Tscrpt_elong_fac_GreA
1981,Clo1313_0438,IPR028624,UPI000038F7FA,Tscrpt_elong_fac_GreA/B
1982,Clo1313_0438,IPR001437,UPI000038F7FA,Tscrpt_elong_fac_GreA/B_C
1983,Clo1313_0438,IPR023459,UPI000038F7FA,Tscrpt_elong_fac_GreA/B_fam
1984,Clo1313_0438,IPR022691,UPI000038F7FA,Tscrpt_elong_fac_GreA/B_N
1985,Clo1313_0438,IPR036805,UPI000038F7FA,Tscrpt_elong_fac_GreA/B_N_sf
1986,Clo1313_0438,,UPI000038F7FA,
1987,Clo1313_0439,IPR003658,UPI000038F7F9,Anti-sigma_ant
1988,Clo1313_0439,IPR002645,UPI000038F7F9,STAS_dom
1989,Clo1313_0439,IPR036513,UPI000038F7F9,STAS_dom_sf
1990,Clo1313_0439,,UPI000038F7F9,
1991,Clo1313_0440,IPR036890,UPI0001F32A72,HATPase_C_sf
1992,Clo1313_0440,IPR003594,UPI0001F32A72,HATPase_dom
1993,Clo1313_0440,,UPI0001F32A72,
1994,Clo1313_0441,IPR001387,UPI00003C8DBB,Cro/C1-type_HTH
1995,Clo1313_0441,IPR014284,UPI00003C8DBB,RNA_pol_sigma-70_dom
1996,Clo1313_0441,IPR014322,UPI00003C8DBB,RNA_pol_sigma-B/F/G
1997,Clo1313_0441,IPR000943,UPI00003C8DBB,RNA_pol_sigma70
1998,Clo1313_0441,IPR007627,UPI00003C8DBB,RNA_pol_sigma70_r2
1999,Clo1313_0441,IPR007624,UPI00003C8DBB,RNA_pol_sigma70_r3
2000,Clo1313_0441,IPR007630,UPI00003C8DBB,RNA_pol_sigma70_r4
2001,Clo1313_0441,IPR013325,UPI00003C8DBB,RNA_pol_sigma_r2
2002,Clo1313_0441,IPR013324,UPI00003C8DBB,RNA_pol_sigma_r3/r4-like
2003,Clo1313_0441,,UPI00003C8DBB,
2004,Clo1313_0442,IPR050267,UPI00017E4A11,Anti-sigma-factor_SerPK
2005,Clo1313_0442,IPR036890,UPI00017E4A11,HATPase_C_sf
2006,Clo1313_0442,IPR003594,UPI00017E4A11,HATPase_dom
2007,Clo1313_0442,,UPI00017E4A11,
2008,Clo1313_0443,,UPI00003C9087,
2009,Clo1313_0444,IPR001848,UPI00003C9086,Ribosomal_uS10
2010,Clo1313_0444,IPR018268,UPI00003C9086,Ribosomal_uS10_CS
2011,Clo1313_0444,IPR027486,UPI00003C9086,Ribosomal_uS10_dom
2012,Clo1313_0444,IPR036838,UPI00003C9086,Ribosomal_uS10_dom_sf
2013,Clo1313_0444,,UPI00003C9086,
2014,Clo1313_0445,IPR000597,UPI00003C9085,Ribosomal_uL3
2015,Clo1313_0445,IPR019927,UPI00003C9085,Ribosomal_uL3_bact_org
2016,Clo1313_0445,IPR019926,UPI00003C9085,Ribosomal_uL3_CS
2017,Clo1313_0445,IPR009000,UPI00003C9085,Transl_B-barrel_sf
2018,Clo1313_0445,,UPI00003C9085,
2019,Clo1313_0446,IPR002136,UPI0000532EE1,Ribosomal_uL4
2020,Clo1313_0446,IPR013005,UPI0000532EE1,Ribosomal_uL4-like
2021,Clo1313_0446,IPR023574,UPI0000532EE1,Ribosomal_uL4_dom_sf
2022,Clo1313_0446,,UPI0000532EE1,
2023,Clo1313_0447,IPR012677,UPI000038FD43,Nucleotide-bd_a/b_plait_sf
2024,Clo1313_0447,IPR013025,UPI000038FD43,Ribosomal_uL23-like
2025,Clo1313_0447,IPR012678,UPI000038FD43,Ribosomal_uL23/eL15/eS24_sf
2026,Clo1313_0447,,UPI000038FD43,
2027,Clo1313_0448,IPR012340,UPI0001B1EE3F,NA-bd_OB-fold
2028,Clo1313_0448,IPR014722,UPI0001B1EE3F,Rib_uL2_dom2
2029,Clo1313_0448,IPR002171,UPI0001B1EE3F,Ribosomal_uL2
2030,Clo1313_0448,IPR005880,UPI0001B1EE3F,Ribosomal_uL2_bact_org
2031,Clo1313_0448,IPR022669,UPI0001B1EE3F,Ribosomal_uL2_C
2032,Clo1313_0448,IPR022671,UPI0001B1EE3F,Ribosomal_uL2_CS
2033,Clo1313_0448,IPR014726,UPI0001B1EE3F,Ribosomal_uL2_dom3
2034,Clo1313_0448,IPR022666,UPI0001B1EE3F,Ribosomal_uL2_RNA-bd_dom
2035,Clo1313_0448,IPR008991,UPI0001B1EE3F,Translation_prot_SH3-like_sf
2036,Clo1313_0448,,UPI0001B1EE3F,
2037,Clo1313_0449,IPR002222,UPI0000532EEC,Ribosomal_uS19
2038,Clo1313_0449,IPR005732,UPI0000532EEC,Ribosomal_uS19_bact
2039,Clo1313_0449,IPR020934,UPI0000532EEC,Ribosomal_uS19_CS
2040,Clo1313_0449,IPR023575,UPI0000532EEC,Ribosomal_uS19_SF
2041,Clo1313_0449,,UPI0000532EEC,
2042,Clo1313_0450,IPR001063,UPI000038FD40,Ribosomal_uL22
2043,Clo1313_0450,IPR005727,UPI000038FD40,Ribosomal_uL22_bac/chlpt-type
2044,Clo1313_0450,IPR047867,UPI000038FD40,Ribosomal_uL22_bact_org
2045,Clo1313_0450,IPR018260,UPI000038FD40,Ribosomal_uL22_CS
2046,Clo1313_0450,IPR036394,UPI000038FD40,Ribosomal_uL22_sf
2047,Clo1313_0450,,UPI000038FD40,
2048,Clo1313_0451,IPR004087,UPI000038FD3F,KH_dom
2049,Clo1313_0451,IPR015946,UPI000038FD3F,KH_dom-like_a/b
2050,Clo1313_0451,IPR004044,UPI000038FD3F,KH_dom_type_2
2051,Clo1313_0451,IPR009019,UPI000038FD3F,KH_sf_prok-type
2052,Clo1313_0451,IPR036419,UPI000038FD3F,Ribosomal_S3_C_sf
2053,Clo1313_0451,IPR057258,UPI000038FD3F,Ribosomal_uS3
2054,Clo1313_0451,IPR005704,UPI000038FD3F,Ribosomal_uS3_bact
2055,Clo1313_0451,IPR001351,UPI000038FD3F,Ribosomal_uS3_C
2056,Clo1313_0451,IPR018280,UPI000038FD3F,Ribosomal_uS3_CS
2057,Clo1313_0451,,UPI000038FD3F,
2058,Clo1313_0452,IPR047873,UPI000038FD3E,Ribosomal_uL16
2059,Clo1313_0452,IPR000114,UPI000038FD3E,Ribosomal_uL16_bact
2060,Clo1313_0452,IPR020798,UPI000038FD3E,Ribosomal_uL16_CS
2061,Clo1313_0452,IPR016180,UPI000038FD3E,Ribosomal_uL16_dom
2062,Clo1313_0452,IPR036920,UPI000038FD3E,Ribosomal_uL16_sf
2063,Clo1313_0452,,UPI000038FD3E,
2064,Clo1313_0453,IPR050063,UPI00003C9081,Ribosomal_protein_uL29
2065,Clo1313_0453,IPR001854,UPI00003C9081,Ribosomal_uL29
2066,Clo1313_0453,IPR018254,UPI00003C9081,Ribosomal_uL29_CS
2067,Clo1313_0453,IPR036049,UPI00003C9081,Ribosomal_uL29_sf
2068,Clo1313_0453,,UPI00003C9081,
2069,Clo1313_0454,IPR012340,UPI00003C9080,NA-bd_OB-fold
2070,Clo1313_0454,IPR000266,UPI00003C9080,Ribosomal_uS17
2071,Clo1313_0454,IPR019984,UPI00003C9080,Ribosomal_uS17_bact/chlr
2072,Clo1313_0454,IPR019979,UPI00003C9080,Ribosomal_uS17_CS
2073,Clo1313_0454,,UPI00003C9080,
2074,Clo1313_0455,IPR000218,UPI000038FD3C,Ribosomal_uL14
2075,Clo1313_0455,IPR005745,UPI000038FD3C,Ribosomal_uL14_bact
2076,Clo1313_0455,IPR036853,UPI000038FD3C,Ribosomal_uL14_sf
2077,Clo1313_0455,,UPI000038FD3C,
2078,Clo1313_0456,IPR014722,UPI00003C907F,Rib_uL2_dom2
2079,Clo1313_0456,IPR003256,UPI00003C907F,Ribosomal_uL24
2080,Clo1313_0456,IPR057264,UPI00003C907F,Ribosomal_uL24_C
2081,Clo1313_0456,IPR041988,UPI00003C907F,Ribosomal_uL24_KOW
2082,Clo1313_0456,IPR008991,UPI00003C907F,Translation_prot_SH3-like_sf
2083,Clo1313_0456,,UPI00003C907F,
2084,Clo1313_0457,IPR002132,UPI00017E31C7,Ribosomal_uL5
2085,Clo1313_0457,IPR020930,UPI00017E31C7,Ribosomal_uL5_bact
2086,Clo1313_0457,IPR031309,UPI00017E31C7,Ribosomal_uL5_C
2087,Clo1313_0457,IPR020929,UPI00017E31C7,Ribosomal_uL5_CS
2088,Clo1313_0457,IPR022803,UPI00017E31C7,Ribosomal_uL5_dom_sf
2089,Clo1313_0457,IPR031310,UPI00017E31C7,Ribosomal_uL5_N
2090,Clo1313_0457,,UPI00017E31C7,
2091,Clo1313_0458,IPR001209,UPI00003C907E,Ribosomal_uS14
2092,Clo1313_0458,IPR023053,UPI00003C907E,Ribosomal_uS14_bact
2093,Clo1313_0458,IPR018271,UPI00003C907E,Ribosomal_uS14_CS
2094,Clo1313_0458,IPR043140,UPI00003C907E,Ribosomal_uS14_sf
2095,Clo1313_0458,,UPI00003C907E,
2096,Clo1313_0459,IPR000630,UPI000038FD3A,Ribosomal_uS8
2097,Clo1313_0459,IPR047863,UPI000038FD3A,Ribosomal_uS8_CS
2098,Clo1313_0459,IPR035987,UPI000038FD3A,Ribosomal_uS8_sf
2099,Clo1313_0459,,UPI000038FD3A,
2100,Clo1313_0460,IPR000702,UPI000053278D,Ribosomal_uL6-like
2101,Clo1313_0460,IPR036789,UPI000053278D,Ribosomal_uL6-like_a/b-dom_sf
2102,Clo1313_0460,IPR020040,UPI000053278D,Ribosomal_uL6_a/b-dom
2103,Clo1313_0460,IPR019906,UPI000053278D,Ribosomal_uL6_bact
2104,Clo1313_0460,IPR002358,UPI000053278D,Ribosomal_uL6_CS
2105,Clo1313_0460,,UPI000053278D,
2106,Clo1313_0461,IPR057268,UPI00003C907D,Ribosomal_L18
2107,Clo1313_0461,IPR004389,UPI00003C907D,Ribosomal_uL18_bact
2108,Clo1313_0461,IPR005484,UPI00003C907D,Ribosomal_uL18_bac/plant/anim
2109,Clo1313_0461,,UPI00003C907D,
2110,Clo1313_0462,IPR020568,UPI0000535AEC,Ribosomal_Su5_D2-typ_SF
2111,Clo1313_0462,IPR000851,UPI0000535AEC,Ribosomal_uS5
2112,Clo1313_0462,IPR005712,UPI0000535AEC,Ribosomal_uS5_bact
2113,Clo1313_0462,IPR005324,UPI0000535AEC,Ribosomal_uS5_C
2114,Clo1313_0462,IPR013810,UPI0000535AEC,Ribosomal_uS5_N
2115,Clo1313_0462,IPR018192,UPI0000535AEC,Ribosomal_uS5_N_CS
2116,Clo1313_0462,IPR014721,UPI0000535AEC,Ribsml_uS5_D2-typ_fold_subgr
2117,Clo1313_0462,,UPI0000535AEC,
2118,Clo1313_0463,IPR036919,UPI000038FD37,Ribo_uL30_ferredoxin-like_sf
2119,Clo1313_0463,IPR005996,UPI000038FD37,Ribosomal_uL30_bact
2120,Clo1313_0463,IPR016082,UPI000038FD37,Ribosomal_uL30_ferredoxin-like
2121,Clo1313_0463,,UPI000038FD37,
2122,Clo1313_0464,IPR030878,UPI000038FD36,Ribosomal_uL15
2123,Clo1313_0464,IPR021131,UPI000038FD36,Ribosomal_uL15/eL18
2124,Clo1313_0464,IPR036227,UPI000038FD36,Ribosomal_uL15/eL18_sf
2125,Clo1313_0464,IPR005749,UPI000038FD36,Ribosomal_uL15_bact
2126,Clo1313_0464,,UPI000038FD36,
2127,Clo1313_0465,IPR026593,UPI00003C907B,SecY
2128,Clo1313_0465,IPR002208,UPI00003C907B,SecY/SEC61-alpha
2129,Clo1313_0465,IPR030659,UPI00003C907B,SecY_CS
2130,Clo1313_0465,IPR023201,UPI00003C907B,SecY_dom_sf
2131,Clo1313_0465,,UPI00003C907B,
2132,Clo1313_0466,IPR006259,UPI00003C907A,Adenyl_kin_sub
2133,Clo1313_0466,IPR000850,UPI00003C907A,Adenylat/UMP-CMP_kin
2134,Clo1313_0466,IPR033690,UPI00003C907A,Adenylat_kinase_CS
2135,Clo1313_0466,IPR007862,UPI00003C907A,Adenylate_kinase_lid-dom
2136,Clo1313_0466,IPR027417,UPI00003C907A,P-loop_NTPase
2137,Clo1313_0466,,UPI00003C907A,
2138,Clo1313_0467,IPR036005,UPI00003C9079,Creatinase/aminopeptidase-like
2139,Clo1313_0467,IPR000994,UPI00003C9079,Pept_M24
2140,Clo1313_0467,IPR001714,UPI00003C9079,Pept_M24_MAP
2141,Clo1313_0467,IPR002467,UPI00003C9079,Pept_M24A_MAP1
2142,Clo1313_0467,,UPI00003C9079,
2143,Clo1313_0468,IPR014722,UPI00003C9078,Rib_uL2_dom2
2144,Clo1313_0468,IPR041985,UPI00003C9078,Ribosomal_eL14_KOW
2145,Clo1313_0468,IPR008991,UPI00003C9078,Translation_prot_SH3-like_sf
2146,Clo1313_0468,,UPI00003C9078,
2147,Clo1313_0469,IPR012340,UPI0000F21A62,NA-bd_OB-fold
2148,Clo1313_0469,IPR006196,UPI0000F21A62,RNA-binding_domain_S1_IF1
2149,Clo1313_0469,IPR003029,UPI0000F21A62,S1_domain
2150,Clo1313_0469,IPR004368,UPI0000F21A62,TIF_IF1
2151,Clo1313_0469,,UPI0000F21A62,
2152,Clo1313_0470,IPR000473,UPI0000534E62,Ribosomal_bL36
2153,Clo1313_0470,IPR035977,UPI0000534E62,Ribosomal_bL36_sp
2154,Clo1313_0470,,UPI0000534E62,
2155,Clo1313_0471,IPR027437,UPI000038FD58,Rbsml_uS13_C
2156,Clo1313_0471,IPR001892,UPI000038FD58,Ribosomal_uS13
2157,Clo1313_0471,IPR010979,UPI000038FD58,Ribosomal_uS13-like_H2TH
2158,Clo1313_0471,IPR019980,UPI000038FD58,Ribosomal_uS13_bact
2159,Clo1313_0471,IPR018269,UPI000038FD58,Ribosomal_uS13_CS
2160,Clo1313_0471,,UPI000038FD58,
2161,Clo1313_0472,IPR001971,UPI000038FD57,Ribosomal_uS11
2162,Clo1313_0472,IPR019981,UPI000038FD57,Ribosomal_uS11_bact
2163,Clo1313_0472,IPR018102,UPI000038FD57,Ribosomal_uS11_CS
2164,Clo1313_0472,IPR036967,UPI000038FD57,Ribosomal_uS11_sf
2165,Clo1313_0472,,UPI000038FD57,
2166,Clo1313_0473,IPR022801,UPI000038FD56,Ribosomal_uS4
2167,Clo1313_0473,IPR005709,UPI000038FD56,Ribosomal_uS4_bact
2168,Clo1313_0473,IPR018079,UPI000038FD56,Ribosomal_uS4_CS
2169,Clo1313_0473,IPR001912,UPI000038FD56,Ribosomal_uS4_N
2170,Clo1313_0473,IPR002942,UPI000038FD56,S4_RNA-bd
2171,Clo1313_0473,IPR036986,UPI000038FD56,S4_RNA-bd_sf
2172,Clo1313_0473,,UPI000038FD56,
2173,Clo1313_0474,IPR011262,UPI00017E22E5,DNA-dir_RNA_pol_insert
2174,Clo1313_0474,IPR011263,UPI00017E22E5,DNA-dir_RNA_pol_RpoA/D/Rpb3
2175,Clo1313_0474,IPR011773,UPI00017E22E5,DNA-dir_RpoA
2176,Clo1313_0474,IPR036603,UPI00017E22E5,RBP11-like
2177,Clo1313_0474,IPR011260,UPI00017E22E5,RNAP_asu_C
2178,Clo1313_0474,IPR036643,UPI00017E22E5,RNApol_insert_sf
2179,Clo1313_0474,,UPI00017E22E5,
2180,Clo1313_0475,IPR000456,UPI00017E22E6,Ribosomal_bL17
2181,Clo1313_0475,IPR036373,UPI00017E22E6,Ribosomal_bL17_sf
2182,Clo1313_0475,,UPI00017E22E6,
2183,Clo1313_0476,IPR003593,UPI0001B1EE3D,AAA+_ATPase
2184,Clo1313_0476,IPR003439,UPI0001B1EE3D,ABC_transporter-like_ATP-bd
2185,Clo1313_0476,IPR017871,UPI0001B1EE3D,ABC_transporter-like_CS
2186,Clo1313_0476,IPR015856,UPI0001B1EE3D,ABC_transpr_CbiO/EcfA_su
2187,Clo1313_0476,IPR050095,UPI0001B1EE3D,ECF_ABC_transporter_ATP-bd
2188,Clo1313_0476,IPR030947,UPI0001B1EE3D,EcfA_1
2189,Clo1313_0476,IPR027417,UPI0001B1EE3D,P-loop_NTPase
2190,Clo1313_0476,,UPI0001B1EE3D,
2191,Clo1313_0477,IPR046977,UPI0001B1EE3C,RsmC/RlmG
2192,Clo1313_0477,IPR029063,UPI0001B1EE3C,SAM-dependent_MTases_sf
2193,Clo1313_0477,IPR007848,UPI0001B1EE3C,Small_mtfrase_dom
2194,Clo1313_0477,,UPI0001B1EE3C,
2195,Clo1313_0478,IPR006935,UPI0001B1EE3B,Helicase/UvrB_N
2196,Clo1313_0478,IPR050742,UPI0001B1EE3B,
2197,Clo1313_0478,IPR027417,UPI0001B1EE3B,P-loop_NTPase
2198,Clo1313_0478,IPR014833,UPI0001B1EE3B,TnsA_N
2199,Clo1313_0478,,UPI0001B1EE3B,
2200,Clo1313_0479,IPR002740,UPI0001B1EE3A,EVE_domain
2201,Clo1313_0479,IPR015947,UPI0001B1EE3A,PUA-like_sf
2202,Clo1313_0479,,UPI0001B1EE3A,
2203,Clo1313_0480,IPR002941,UPI0001B1EE39,DNA_methylase_N4/N6
2204,Clo1313_0480,IPR002052,UPI0001B1EE39,DNA_methylase_N6_adenine_CS
2205,Clo1313_0480,IPR002295,UPI0001B1EE39,N4/N6-MTase_EcoPI_Mod-like
2206,Clo1313_0480,IPR029063,UPI0001B1EE39,SAM-dependent_MTases_sf
2207,Clo1313_0480,,UPI0001B1EE39,
2208,Clo1313_0481,,UPI0001B1EE38,
2209,Clo1313_0482,IPR001034,UPI0001B1EE37,DeoR_HTH
2210,Clo1313_0482,IPR013196,UPI0001B1EE37,HTH_11
2211,Clo1313_0482,IPR027417,UPI0001B1EE37,P-loop_NTPase
2212,Clo1313_0482,IPR034154,UPI0001B1EE37,TOPRIM_DnaG/twinkle
2213,Clo1313_0482,IPR018356,UPI0001B1EE37,Tscrpt_reg_HTH_DeoR_CS
2214,Clo1313_0482,IPR036388,UPI0001B1EE37,WH-like_DNA-bd_sf
2215,Clo1313_0482,IPR036390,UPI0001B1EE37,WH_DNA-bd_sf
2216,Clo1313_0482,,UPI0001B1EE37,
2217,Clo1313_0483,,UPI0001B1EDF6,
2218,Clo1313_0484,,UPI0001B1EDF5,
2219,Clo1313_0485,IPR011583,UPI0001B1EDF4,Chitinase_II/V-like_cat
2220,Clo1313_0485,IPR012854,UPI0001B1EDF4,Cu_amine_oxidase-like_N
2221,Clo1313_0485,IPR017853,UPI0001B1EDF4,GH_hydrolase_sf
2222,Clo1313_0485,IPR001223,UPI0001B1EDF4,Glyco_hydro18_cat
2223,Clo1313_0485,IPR036582,UPI0001B1EDF4,Mao_N_sf
2224,Clo1313_0485,,UPI0001B1EDF4,
2225,Clo1313_0486,IPR038109,UPI0001B1EDF3,DNA_bind_recomb_sf
2226,Clo1313_0486,IPR011109,UPI0001B1EDF3,DNA_bind_recombinase_dom
2227,Clo1313_0486,IPR006119,UPI0001B1EDF3,Resolv_N
2228,Clo1313_0486,IPR036162,UPI0001B1EDF3,Resolvase-like_N_sf
2229,Clo1313_0486,IPR050639,UPI0001B1EDF3,SSR_resolvase
2230,Clo1313_0486,IPR025827,UPI0001B1EDF3,Zn_ribbon_recom_dom
2231,Clo1313_0486,,UPI0001B1EDF3,
2232,Clo1313_0487,IPR003593,UPI0001B1EDF2,AAA+_ATPase
2233,Clo1313_0487,IPR003439,UPI0001B1EDF2,ABC_transporter-like_ATP-bd
2234,Clo1313_0487,IPR017871,UPI0001B1EDF2,ABC_transporter-like_CS
2235,Clo1313_0487,IPR015856,UPI0001B1EDF2,ABC_transpr_CbiO/EcfA_su
2236,Clo1313_0487,IPR050095,UPI0001B1EDF2,ECF_ABC_transporter_ATP-bd
2237,Clo1313_0487,IPR030946,UPI0001B1EDF2,EcfA2
2238,Clo1313_0487,IPR027417,UPI0001B1EDF2,P-loop_NTPase
2239,Clo1313_0487,,UPI0001B1EDF2,
2240,Clo1313_0488,IPR003339,UPI0001B1EDF1,ABC/ECF_trnsptr_transmembrane
2241,Clo1313_0488,IPR051611,UPI0001B1EDF1,ECF_transporter_component
2242,Clo1313_0488,IPR024919,UPI0001B1EDF1,EcfT
2243,Clo1313_0488,,UPI0001B1EDF1,
2244,Clo1313_0489,IPR043129,UPI000038FD4F,ATPase_NBD
2245,Clo1313_0489,IPR000600,UPI000038FD4F,ROK
2246,Clo1313_0489,IPR049874,UPI000038FD4F,ROK_cs
2247,Clo1313_0489,IPR004654,UPI000038FD4F,ROK_glcA
2248,Clo1313_0489,,UPI000038FD4F,
2249,Clo1313_0490,IPR020103,UPI00003C8F08,PsdUridine_synth_cat_dom_sf
2250,Clo1313_0490,IPR001406,UPI00003C8F08,PsdUridine_synth_TruA
2251,Clo1313_0490,IPR020097,UPI00003C8F08,PsdUridine_synth_TruA_a/b_dom
2252,Clo1313_0490,IPR020095,UPI00003C8F08,PsdUridine_synth_TruA_C
2253,Clo1313_0490,IPR020094,UPI00003C8F08,TruA/RsuA/RluB/E/F_N
2254,Clo1313_0490,,UPI00003C8F08,
2255,Clo1313_0491,IPR003711,UPI00003C8F09,CarD-like/TRCF_RID
2256,Clo1313_0491,IPR036101,UPI00003C8F09,CarD-like/TRCF_RID_sf
2257,Clo1313_0491,IPR042215,UPI00003C8F09,CarD-like_C
2258,Clo1313_0491,IPR052531,UPI00003C8F09,CarD-like_regulator
2259,Clo1313_0491,IPR048792,UPI00003C8F09,CarD_C
2260,Clo1313_0491,,UPI00003C8F09,
2261,Clo1313_0492,IPR001228,UPI00017E2474,IspD
2262,Clo1313_0492,IPR034683,UPI00017E2474,IspD/TarI
2263,Clo1313_0492,IPR050088,UPI00017E2474,IspD/TarI_cytidylyltransf_bact
2264,Clo1313_0492,IPR018294,UPI00017E2474,ISPD_synthase_CS
2265,Clo1313_0492,IPR029044,UPI00017E2474,Nucleotide-diphossugar_trans
2266,Clo1313_0492,,UPI00017E2474,
2267,Clo1313_0493,IPR003593,UPI000038FDCB,AAA+_ATPase
2268,Clo1313_0493,IPR003439,UPI000038FDCB,ABC_transporter-like_ATP-bd
2269,Clo1313_0493,IPR017871,UPI000038FDCB,ABC_transporter-like_CS
2270,Clo1313_0493,IPR050763,UPI000038FDCB,ABC_transporter_ATP-binding
2271,Clo1313_0493,IPR027417,UPI000038FDCB,P-loop_NTPase
2272,Clo1313_0493,,UPI000038FDCB,
2273,Clo1313_0494,,UPI00017E2475,
2274,Clo1313_0495,IPR033479,UPI000038FDCD,dCache_1
2275,Clo1313_0495,IPR036890,UPI000038FDCD,HATPase_C_sf
2276,Clo1313_0495,IPR003594,UPI000038FDCD,HATPase_dom
2277,Clo1313_0495,IPR005467,UPI000038FDCD,His_kinase_dom
2278,Clo1313_0495,IPR003661,UPI000038FDCD,HisK_dim/P_dom
2279,Clo1313_0495,IPR036097,UPI000038FDCD,HisK_dim/P_sf
2280,Clo1313_0495,IPR004358,UPI000038FDCD,Sig_transdc_His_kin-like_C
2281,Clo1313_0495,,UPI000038FDCD,
2282,Clo1313_0496,IPR033479,UPI00003C8F0B,dCache_1
2283,Clo1313_0496,IPR036890,UPI00003C8F0B,HATPase_C_sf
2284,Clo1313_0496,IPR003594,UPI00003C8F0B,HATPase_dom
2285,Clo1313_0496,IPR005467,UPI00003C8F0B,His_kinase_dom
2286,Clo1313_0496,IPR004358,UPI00003C8F0B,Sig_transdc_His_kin-like_C
2287,Clo1313_0496,,UPI00003C8F0B,
2288,Clo1313_0497,IPR003526,UPI00003C8F0C,MECDP_synthase
2289,Clo1313_0497,IPR020555,UPI00003C8F0C,MECDP_synthase_CS
2290,Clo1313_0497,IPR036571,UPI00003C8F0C,MECDP_synthase_sf
2291,Clo1313_0497,,UPI00003C8F0C,
2292,Clo1313_0498,IPR002314,UPI0001B1EDF0,aa-tRNA-synt_IIb
2293,Clo1313_0498,IPR006195,UPI0001B1EDF0,aa-tRNA-synth_II
2294,Clo1313_0498,IPR045864,UPI0001B1EDF0,aa-tRNA-synth_II/BPL/LPL
2295,Clo1313_0498,IPR004154,UPI0001B1EDF0,Anticodon-bd
2296,Clo1313_0498,IPR036621,UPI0001B1EDF0,Anticodon-bd_dom_sf
2297,Clo1313_0498,IPR002316,UPI0001B1EDF0,Pro-tRNA-ligase_IIa
2298,Clo1313_0498,IPR004500,UPI0001B1EDF0,Pro-tRNA-synth_IIa_bac-type
2299,Clo1313_0498,IPR023717,UPI0001B1EDF0,Pro-tRNA-Synthase_IIa_type1
2300,Clo1313_0498,IPR050062,UPI0001B1EDF0,Pro-tRNA_synthetase
2301,Clo1313_0498,IPR044140,UPI0001B1EDF0,ProRS_anticodon_short
2302,Clo1313_0498,IPR033730,UPI0001B1EDF0,ProRS_core_prok
2303,Clo1313_0498,IPR036754,UPI0001B1EDF0,YbaK/aa-tRNA-synt-asso_dom_sf
2304,Clo1313_0498,IPR007214,UPI0001B1EDF0,YbaK/aa-tRNA-synth-assoc-dom
2305,Clo1313_0498,,UPI0001B1EDF0,
2306,Clo1313_0499,IPR014044,UPI00003C8F0E,CAP_dom
2307,Clo1313_0499,IPR014258,UPI00003C8F0E,CAP_domain_YkwD-like
2308,Clo1313_0499,IPR035940,UPI00003C8F0E,CAP_sf
2309,Clo1313_0499,IPR003646,UPI00003C8F0E,SH3-like_bac-type
2310,Clo1313_0499,,UPI00003C8F0E,
2311,Clo1313_0500,IPR002105,UPI0001B1EDEF,Dockerin_1_rpt
2312,Clo1313_0500,IPR016134,UPI0001B1EDEF,Dockerin_dom
2313,Clo1313_0500,IPR036439,UPI0001B1EDEF,Dockerin_dom_sf
2314,Clo1313_0500,IPR018247,UPI0001B1EDEF,EF_Hand_1_Ca_BS
2315,Clo1313_0500,IPR012334,UPI0001B1EDEF,Pectin_lyas_fold
2316,Clo1313_0500,IPR011050,UPI0001B1EDEF,Pectin_lyase_fold/virulence
2317,Clo1313_0500,IPR033131,UPI0001B1EDEF,Pectinesterase_Asp_AS
2318,Clo1313_0500,IPR000070,UPI0001B1EDEF,Pectinesterase_cat
2319,Clo1313_0500,IPR018040,UPI0001B1EDEF,Pectinesterase_Tyr_AS
2320,Clo1313_0500,,UPI0001B1EDEF,
2321,Clo1313_0501,IPR005084,UPI0001B1EDEE,CBM6
2322,Clo1313_0501,IPR006584,UPI0001B1EDEE,Cellulose-bd_IV
2323,Clo1313_0501,IPR002105,UPI0001B1EDEE,Dockerin_1_rpt
2324,Clo1313_0501,IPR016134,UPI0001B1EDEE,Dockerin_dom
2325,Clo1313_0501,IPR036439,UPI0001B1EDEE,Dockerin_dom_sf
2326,Clo1313_0501,IPR008979,UPI0001B1EDEE,Galactose-bd-like_sf
2327,Clo1313_0501,IPR002022,UPI0001B1EDEE,Pec_lyase
2328,Clo1313_0501,IPR012334,UPI0001B1EDEE,Pectin_lyas_fold
2329,Clo1313_0501,IPR011050,UPI0001B1EDEE,Pectin_lyase_fold/virulence
2330,Clo1313_0501,IPR045032,UPI0001B1EDEE,PEL
2331,Clo1313_0501,,UPI0001B1EDEE,
2332,Clo1313_0502,IPR008969,UPI0001F328CE,CarboxyPept-like_regulatory
2333,Clo1313_0502,,UPI0001F328CE,
2334,Clo1313_0503,IPR028350,UPI0001B1EDEC,DNAC/IstB-like
2335,Clo1313_0503,IPR047661,UPI0001B1EDEC,IstB
2336,Clo1313_0503,IPR002611,UPI0001B1EDEC,IstB_ATP-bd
2337,Clo1313_0503,IPR027417,UPI0001B1EDEC,P-loop_NTPase
2338,Clo1313_0503,,UPI0001B1EDEC,
2339,Clo1313_0505,,UPI000038FCF4,
2340,Clo1313_0509,,UPI000038FD23,
2341,Clo1313_0510,IPR030678,UPI000038FD22,Peptide/Ni-bd
2342,Clo1313_0510,IPR039424,UPI000038FD22,SBP_5
2343,Clo1313_0510,IPR023765,UPI000038FD22,SBP_5_CS
2344,Clo1313_0510,IPR000914,UPI000038FD22,SBP_5_dom
2345,Clo1313_0510,,UPI000038FD22,
2346,Clo1313_0511,IPR003593,UPI000038FD21,AAA+_ATPase
2347,Clo1313_0511,IPR050319,UPI000038FD21,ABC_transp_ATP-bind
2348,Clo1313_0511,IPR003439,UPI000038FD21,ABC_transporter-like_ATP-bd
2349,Clo1313_0511,IPR017871,UPI000038FD21,ABC_transporter-like_CS
2350,Clo1313_0511,IPR013563,UPI000038FD21,Oligopep_ABC_C
2351,Clo1313_0511,IPR027417,UPI000038FD21,P-loop_NTPase
2352,Clo1313_0511,,UPI000038FD21,
2353,Clo1313_0512,IPR003593,UPI000038FD20,AAA+_ATPase
2354,Clo1313_0512,IPR050388,UPI000038FD20,ABC_Ni/Peptide_Import
2355,Clo1313_0512,IPR003439,UPI000038FD20,ABC_transporter-like_ATP-bd
2356,Clo1313_0512,IPR017871,UPI000038FD20,ABC_transporter-like_CS
2357,Clo1313_0512,IPR013563,UPI000038FD20,Oligopep_ABC_C
2358,Clo1313_0512,IPR027417,UPI000038FD20,P-loop_NTPase
2359,Clo1313_0512,,UPI000038FD20,
2360,Clo1313_0513,IPR050366,UPI0001F328CF,BP-dependent_transpt_permease
2361,Clo1313_0513,IPR000515,UPI0001F328CF,MetI-like
2362,Clo1313_0513,IPR035906,UPI0001F328CF,MetI-like_sf
2363,Clo1313_0513,IPR025966,UPI0001F328CF,OppC_N
2364,Clo1313_0513,,UPI0001F328CF,
2365,Clo1313_0514,IPR045621,UPI0000537F0F,BPD_transp_1_N
2366,Clo1313_0514,IPR000515,UPI0000537F0F,MetI-like
2367,Clo1313_0514,IPR035906,UPI0000537F0F,MetI-like_sf
2368,Clo1313_0514,,UPI0000537F0F,
2369,Clo1313_0515,IPR012854,UPI0000537EFC,Cu_amine_oxidase-like_N
2370,Clo1313_0515,,UPI0000537EFC,
2371,Clo1313_0516,IPR011701,UPI0001B1EEFA,MFS
2372,Clo1313_0516,IPR020846,UPI0001B1EEFA,MFS_dom
2373,Clo1313_0516,IPR036259,UPI0001B1EEFA,MFS_trans_sf
2374,Clo1313_0516,IPR051788,UPI0001B1EEFA,MFS_Transporter
2375,Clo1313_0516,,UPI0001B1EEFA,
2376,Clo1313_0517,IPR017896,UPI0001B1EEC3,4Fe4S_Fe-S-bd
2377,Clo1313_0517,IPR017900,UPI0001B1EEC3,4Fe4S_Fe_S_CS
2378,Clo1313_0517,IPR047964,UPI0001B1EEC3,EFR1-like
2379,Clo1313_0517,IPR001226,UPI0001B1EEC3,Flavodoxin_CS
2380,Clo1313_0517,IPR026816,UPI0001B1EEC3,Flavodoxin_dom
2381,Clo1313_0517,IPR029039,UPI0001B1EEC3,Flavoprotein-like_sf
2382,Clo1313_0517,,UPI0001B1EEC3,
2383,Clo1313_0518,IPR000524,UPI0001B1EEC2,Tscrpt_reg_HTH_GntR
2384,Clo1313_0518,IPR036388,UPI0001B1EEC2,WH-like_DNA-bd_sf
2385,Clo1313_0518,IPR036390,UPI0001B1EEC2,WH_DNA-bd_sf
2386,Clo1313_0518,,UPI0001B1EEC2,
2387,Clo1313_0519,IPR003593,UPI00003C8DE3,AAA+_ATPase
2388,Clo1313_0519,IPR003439,UPI00003C8DE3,ABC_transporter-like_ATP-bd
2389,Clo1313_0519,IPR051782,UPI00003C8DE3,ABC_Transporter_VariousFunc
2390,Clo1313_0519,IPR027417,UPI00003C8DE3,P-loop_NTPase
2391,Clo1313_0519,,UPI00003C8DE3,
2392,Clo1313_0520,IPR025699,UPI00003C8DE2,ABC2_memb-like
2393,Clo1313_0520,,UPI00003C8DE2,
2394,Clo1313_0522,IPR005084,UPI00000AF81E,CBM6
2395,Clo1313_0522,IPR006584,UPI00000AF81E,Cellulose-bd_IV
2396,Clo1313_0522,IPR013320,UPI00000AF81E,ConA-like_dom_sf
2397,Clo1313_0522,IPR002105,UPI00000AF81E,Dockerin_1_rpt
2398,Clo1313_0522,IPR016134,UPI00000AF81E,Dockerin_dom
2399,Clo1313_0522,IPR036439,UPI00000AF81E,Dockerin_dom_sf
2400,Clo1313_0522,IPR018247,UPI00000AF81E,EF_Hand_1_Ca_BS
2401,Clo1313_0522,IPR008979,UPI00000AF81E,Galactose-bd-like_sf
2402,Clo1313_0522,IPR013319,UPI00000AF81E,GH11/12
2403,Clo1313_0522,IPR018208,UPI00000AF81E,GH11_AS_1
2404,Clo1313_0522,IPR033119,UPI00000AF81E,GH11_AS_2
2405,Clo1313_0522,IPR033123,UPI00000AF81E,GH11_dom
2406,Clo1313_0522,IPR001137,UPI00000AF81E,Glyco_hydro_11
2407,Clo1313_0522,,UPI00000AF81E,
2408,Clo1313_0523,IPR005224,UPI0001B1EEE4,SfsA
2409,Clo1313_0523,IPR040452,UPI0001B1EEE4,SfsA_C
2410,Clo1313_0523,IPR041465,UPI0001B1EEE4,SfsA_N
2411,Clo1313_0523,,UPI0001B1EEE4,
2412,Clo1313_0524,IPR024449,UPI0001F328D1,Anti-sigma_RsgI_N
2413,Clo1313_0524,IPR055431,UPI0001F328D1,RsgI_M
2414,Clo1313_0524,,UPI0001F328D1,
2415,Clo1313_0525,IPR014244,UPI0000538615,RNA_pol_sigma-I
2416,Clo1313_0525,IPR007627,UPI0000538615,RNA_pol_sigma70_r2
2417,Clo1313_0525,IPR013325,UPI0000538615,RNA_pol_sigma_r2
2418,Clo1313_0525,,UPI0000538615,
2419,Clo1313_0526,,UPI0001B1EEE1,
2420,Clo1313_0527,IPR000595,UPI000053277B,cNMP-bd_dom
2421,Clo1313_0527,IPR018490,UPI000053277B,cNMP-bd_dom_sf
2422,Clo1313_0527,IPR050397,UPI000053277B,Env_Response_Regulators
2423,Clo1313_0527,IPR012318,UPI000053277B,HTH_CRP
2424,Clo1313_0527,IPR014710,UPI000053277B,RmlC-like_jellyroll
2425,Clo1313_0527,IPR036388,UPI000053277B,WH-like_DNA-bd_sf
2426,Clo1313_0527,IPR036390,UPI000053277B,WH_DNA-bd_sf
2427,Clo1313_0527,,UPI000053277B,
2428,Clo1313_0528,IPR017896,UPI00003C8DDF,4Fe4S_Fe-S-bd
2429,Clo1313_0528,IPR017900,UPI00003C8DDF,4Fe4S_Fe_S_CS
2430,Clo1313_0528,IPR050572,UPI00003C8DDF,Fe-S_Ferredoxin
2431,Clo1313_0528,,UPI00003C8DDF,
2432,Clo1313_0529,IPR017896,UPI00017E27B5,4Fe4S_Fe-S-bd
2433,Clo1313_0529,,UPI00017E27B5,
2434,Clo1313_0530,IPR024529,UPI0000535AC8,ECF_trnsprt_substrate-spec
2435,Clo1313_0530,,UPI0000535AC8,
2436,Clo1313_0531,IPR001638,UPI000038F885,Solute-binding_3/MltF_N
2437,Clo1313_0531,,UPI000038F885,
2438,Clo1313_0532,IPR003660,UPI0001B1EEE0,HAMP_dom
2439,Clo1313_0532,IPR004089,UPI0001B1EEE0,MCPsignal_dom
2440,Clo1313_0532,,UPI0001B1EEE0,
2441,Clo1313_0534,,UPI00003C8DDB,
2442,Clo1313_0535,,UPI0000F21A6C,
2443,Clo1313_0536,,UPI0001B1EEDF,
2444,Clo1313_0537,,UPI00017E27BB,
2445,Clo1313_0538,,UPI0001B1EEDE,
2446,Clo1313_0539,IPR008928,UPI00017E27BD,6-hairpin_glycosidase_sf
2447,Clo1313_0539,IPR012341,UPI00017E27BD,6hp_glycosidase-like_sf
2448,Clo1313_0539,IPR011013,UPI00017E27BD,Gal_mutarotase_sf_dom
2449,Clo1313_0539,IPR037018,UPI00017E27BD,GH65_N
2450,Clo1313_0539,IPR033432,UPI00017E27BD,GH94_catalytic
2451,Clo1313_0539,IPR052047,UPI00017E27BD,GH94_Enzymes
2452,Clo1313_0539,IPR010383,UPI00017E27BD,Glyco_hydrolase_94_b-supersand
2453,Clo1313_0539,,UPI00017E27BD,
2454,Clo1313_0540,,UPI00003C8DD8,
2455,Clo1313_0541,IPR002569,UPI000038F87D,Met_Sox_Rdtase_MsrA_dom
2456,Clo1313_0541,IPR036509,UPI000038F87D,Met_Sox_Rdtase_MsrA_sf
2457,Clo1313_0541,,UPI000038F87D,
2458,Clo1313_0542,IPR013785,UPI0001B1EEDD,Aldolase_TIM
2459,Clo1313_0542,IPR036188,UPI0001B1EEDD,FAD/NAD-bd_sf
2460,Clo1313_0542,IPR023753,UPI0001B1EEDD,FAD/NAD-binding_dom
2461,Clo1313_0542,IPR051793,UPI0001B1EEDD,NADH:flavin_oxidoreductase
2462,Clo1313_0542,IPR001155,UPI0001B1EEDD,OxRdtase_FMN_N
2463,Clo1313_0542,,UPI0001B1EEDD,
2464,Clo1313_0543,IPR039425,UPI0000533605,RNA_pol_sigma-70-like
2465,Clo1313_0543,IPR014284,UPI0000533605,RNA_pol_sigma-70_dom
2466,Clo1313_0543,IPR007627,UPI0000533605,RNA_pol_sigma70_r2
2467,Clo1313_0543,IPR013249,UPI0000533605,RNA_pol_sigma70_r4_t2
2468,Clo1313_0543,IPR013325,UPI0000533605,RNA_pol_sigma_r2
2469,Clo1313_0543,IPR013324,UPI0000533605,RNA_pol_sigma_r3/r4-like
2470,Clo1313_0543,IPR036388,UPI0000533605,WH-like_DNA-bd_sf
2471,Clo1313_0543,,UPI0000533605,
2472,Clo1313_0544,,UPI000038F87B,
2473,Clo1313_0545,,UPI0001F328FE,
2474,Clo1313_0546,,UPI0001B1EEDB,
2475,Clo1313_0547,IPR006286,UPI00003C8DD6,C56_PfpI-like
2476,Clo1313_0547,IPR029062,UPI00003C8DD6,Class_I_gatase-like
2477,Clo1313_0547,IPR002818,UPI00003C8DD6,DJ-1/PfpI
2478,Clo1313_0547,,UPI00003C8DD6,
2479,Clo1313_0548,,UPI000053622E,
2480,Clo1313_0549,IPR003593,UPI0000F21A73,AAA+_ATPase
2481,Clo1313_0549,IPR011527,UPI0000F21A73,ABC1_TM_dom
2482,Clo1313_0549,IPR036640,UPI0000F21A73,ABC1_TM_sf
2483,Clo1313_0549,IPR003439,UPI0000F21A73,ABC_transporter-like_ATP-bd
2484,Clo1313_0549,IPR017871,UPI0000F21A73,ABC_transporter-like_CS
2485,Clo1313_0549,IPR027417,UPI0000F21A73,P-loop_NTPase
2486,Clo1313_0549,IPR039421,UPI0000F21A73,Type_1_exporter
2487,Clo1313_0549,,UPI0000F21A73,
2488,Clo1313_0550,IPR016181,UPI0000F21A74,Acyl_CoA_acyltransferase
2489,Clo1313_0550,IPR000182,UPI0000F21A74,GNAT_dom
2490,Clo1313_0550,,UPI0000F21A74,
2491,Clo1313_0551,IPR001204,UPI00003C8F6D,Phos_transporter
2492,Clo1313_0551,,UPI00003C8F6D,
2493,Clo1313_0552,IPR038078,UPI00003C8F6C,PhoU-like_sf
2494,Clo1313_0552,IPR018445,UPI00003C8F6C,Put_Phosphate_transp_reg
2495,Clo1313_0552,IPR052912,UPI00003C8F6C,UPF0111_domain
2496,Clo1313_0552,,UPI00003C8F6C,
2497,Clo1313_0553,,UPI00005376C1,
2498,Clo1313_0554,IPR042204,UPI0001B1EEDA,2Fe-2S-bd_N
2499,Clo1313_0554,IPR036010,UPI0001B1EEDA,2Fe-2S_ferredoxin-like_sf
2500,Clo1313_0554,IPR001041,UPI0001B1EEDA,2Fe-2S_ferredoxin-type
2501,Clo1313_0554,IPR017896,UPI0001B1EEDA,4Fe4S_Fe-S-bd
2502,Clo1313_0554,IPR017900,UPI0001B1EEDA,4Fe4S_Fe_S_CS
2503,Clo1313_0554,IPR028261,UPI0001B1EEDA,DPD_II
2504,Clo1313_0554,IPR036188,UPI0001B1EEDA,FAD/NAD-bd_sf
2505,Clo1313_0554,IPR023753,UPI0001B1EEDA,FAD/NAD-binding_dom
2506,Clo1313_0554,IPR009016,UPI0001B1EEDA,Fe_hydrogenase
2507,Clo1313_0554,IPR004108,UPI0001B1EEDA,Fe_hydrogenase_lsu_C
2508,Clo1313_0554,IPR003149,UPI0001B1EEDA,Fe_hydrogenase_ssu
2509,Clo1313_0554,IPR036991,UPI0001B1EEDA,Fe_hydrogenase_ssu_sf
2510,Clo1313_0554,IPR013352,UPI0001B1EEDA,Fe_hydrogenase_subset
2511,Clo1313_0554,IPR009051,UPI0001B1EEDA,Helical_ferredxn
2512,Clo1313_0554,,UPI0001B1EEDA,
2513,Clo1313_0555,IPR018392,UPI00017E5E91,LysM
2514,Clo1313_0555,IPR036779,UPI00017E5E91,LysM_dom_sf
2515,Clo1313_0555,,UPI00017E5E91,
2516,Clo1313_0556,IPR050979,UPI0001B1EE9B,LD-transpeptidase
2517,Clo1313_0556,IPR005490,UPI0001B1EE9B,LD_TPept_cat_dom
2518,Clo1313_0556,IPR018392,UPI0001B1EE9B,LysM
2519,Clo1313_0556,IPR036779,UPI0001B1EE9B,LysM_dom_sf
2520,Clo1313_0556,IPR038063,UPI0001B1EE9B,Transpep_catalytic_dom
2521,Clo1313_0556,,UPI0001B1EE9B,
2522,Clo1313_0557,IPR005490,UPI000038F871,LD_TPept_cat_dom
2523,Clo1313_0557,IPR018392,UPI000038F871,LysM
2524,Clo1313_0557,IPR036779,UPI000038F871,LysM_dom_sf
2525,Clo1313_0557,IPR038063,UPI000038F871,Transpep_catalytic_dom
2526,Clo1313_0557,,UPI000038F871,
2527,Clo1313_0558,IPR050265,UPI00017E5E93,Fe/Mn_Superoxide_Dismutase
2528,Clo1313_0558,IPR001189,UPI00017E5E93,Mn/Fe_SOD
2529,Clo1313_0558,IPR019833,UPI00017E5E93,Mn/Fe_SOD_BS
2530,Clo1313_0558,IPR019832,UPI00017E5E93,Mn/Fe_SOD_C
2531,Clo1313_0558,IPR019831,UPI00017E5E93,Mn/Fe_SOD_N
2532,Clo1313_0558,IPR036324,UPI00017E5E93,Mn/Fe_SOD_N_sf
2533,Clo1313_0558,IPR036314,UPI00017E5E93,SOD_C_sf
2534,Clo1313_0558,,UPI00017E5E93,
2535,Clo1313_0559,,UPI00017E5E94,
2536,Clo1313_0562,,UPI00017E5E96,
2537,Clo1313_0563,IPR005084,UPI00003C8F69,CBM6
2538,Clo1313_0563,IPR006584,UPI00003C8F69,Cellulose-bd_IV
2539,Clo1313_0563,IPR002105,UPI00003C8F69,Dockerin_1_rpt
2540,Clo1313_0563,IPR016134,UPI00003C8F69,Dockerin_dom
2541,Clo1313_0563,IPR036439,UPI00003C8F69,Dockerin_dom_sf
2542,Clo1313_0563,IPR018247,UPI00003C8F69,EF_Hand_1_Ca_BS
2543,Clo1313_0563,IPR008979,UPI00003C8F69,Galactose-bd-like_sf
2544,Clo1313_0563,IPR017853,UPI00003C8F69,GH_hydrolase_sf
2545,Clo1313_0563,IPR033452,UPI00003C8F69,GH30_C
2546,Clo1313_0563,IPR001139,UPI00003C8F69,Glyco_hydro_30
2547,Clo1313_0563,IPR013780,UPI00003C8F69,Glyco_hydro_b
2548,Clo1313_0563,,UPI00003C8F69,
2549,Clo1313_0564,IPR011854,UPI0000534AE5,HypE
2550,Clo1313_0564,IPR010918,UPI0000534AE5,PurM-like_C_dom
2551,Clo1313_0564,IPR036676,UPI0000534AE5,PurM-like_C_sf
2552,Clo1313_0564,IPR016188,UPI0000534AE5,PurM-like_N
2553,Clo1313_0564,IPR036921,UPI0000534AE5,PurM-like_N_sf
2554,Clo1313_0564,,UPI0000534AE5,
2555,Clo1313_0565,IPR002780,UPI00003C8F67,Hyd_form_HypD
2556,Clo1313_0565,IPR042243,UPI00003C8F67,HypD_1
2557,Clo1313_0565,IPR042244,UPI00003C8F67,HypD_2_sf
2558,Clo1313_0565,,UPI00003C8F67,
2559,Clo1313_0566,IPR019812,UPI00003C8F66,Hydgase_assmbl_chp_CS
2560,Clo1313_0566,IPR001109,UPI00003C8F66,Hydrogenase_HupF/HypC
2561,Clo1313_0566,,UPI00003C8F66,
2562,Clo1313_0567,IPR001792,UPI00003C8F65,Acylphosphatase-like_dom
2563,Clo1313_0567,IPR036046,UPI00003C8F65,Acylphosphatase-like_dom_sf
2564,Clo1313_0567,IPR017968,UPI00003C8F65,Acylphosphatase_CS
2565,Clo1313_0567,IPR043129,UPI00003C8F65,ATPase_NBD
2566,Clo1313_0567,IPR051060,UPI00003C8F65,Carbamoyltrans_HypF-like
2567,Clo1313_0567,IPR004421,UPI00003C8F65,Carbamoyltransferase_HypF
2568,Clo1313_0567,IPR017945,UPI00003C8F65,DHBP_synth_RibB-like_a/b_dom
2569,Clo1313_0567,IPR041440,UPI00003C8F65,HypF_C
2570,Clo1313_0567,IPR055128,UPI00003C8F65,HypF_C_2
2571,Clo1313_0567,IPR006070,UPI00003C8F65,Sua5-like_dom
2572,Clo1313_0567,IPR011125,UPI00003C8F65,Znf_HypF
2573,Clo1313_0567,,UPI00003C8F65,
2574,Clo1313_0568,IPR003495,UPI000038FDA4,CobW/HypB/UreG_nucleotide-bd
2575,Clo1313_0568,IPR004392,UPI000038FDA4,Hyd_mat_HypB
2576,Clo1313_0568,IPR027417,UPI000038FDA4,P-loop_NTPase
2577,Clo1313_0568,,UPI000038FDA4,
2578,Clo1313_0569,IPR000688,UPI00005376D0,HypA/HybF
2579,Clo1313_0569,,UPI00005376D0,
2580,Clo1313_0570,IPR017896,UPI0000F2197C,4Fe4S_Fe-S-bd
2581,Clo1313_0570,IPR017900,UPI0000F2197C,4Fe4S_Fe_S_CS
2582,Clo1313_0570,IPR010226,UPI0000F2197C,NADH_quinone_OxRdtase_chainI
2583,Clo1313_0570,,UPI0000F2197C,
2584,Clo1313_0571,IPR052197,UPI00003C8F62,ComplexI_49kDa-like
2585,Clo1313_0571,IPR001135,UPI00003C8F62,NADH_Q_OxRdtase_suD
2586,Clo1313_0571,IPR014029,UPI00003C8F62,NADH_UbQ_OxRdtase_49kDa_CS
2587,Clo1313_0571,IPR001501,UPI00003C8F62,Ni-dep_hyd_lsu
2588,Clo1313_0571,IPR018194,UPI00003C8F62,Ni-dep_hyd_lsu_Ni_BS
2589,Clo1313_0571,IPR029014,UPI00003C8F62,NiFe-Hase_large
2590,Clo1313_0571,,UPI00003C8F62,
2591,Clo1313_0572,IPR037232,UPI00017E5E99,NADH_quin_OxRdtase_su_C/D-like
2592,Clo1313_0572,IPR001268,UPI00017E5E99,NADH_UbQ_OxRdtase_30kDa_su
2593,Clo1313_0572,,UPI00017E5E99,
2594,Clo1313_0573,IPR052375,UPI000038FDA0,Complex_I_20kDa-like
2595,Clo1313_0573,IPR006137,UPI000038FDA0,NADH_UbQ_OxRdtase-like_20kDa
2596,Clo1313_0573,,UPI000038FDA0,
2597,Clo1313_0574,IPR052561,UPI00003C8F61,ComplexI_Subunit1
2598,Clo1313_0574,IPR001694,UPI00003C8F61,NADH_UbQ_OxRdtase_su1/FPO
2599,Clo1313_0574,,UPI00003C8F61,
2600,Clo1313_0575,IPR050616,UPI0000F2197D,CPA3_Na-H_Antiporter_A
2601,Clo1313_0575,IPR001750,UPI0000F2197D,ND/Mrp_TM
2602,Clo1313_0575,IPR001516,UPI0000F2197D,Proton_antipo_N
2603,Clo1313_0575,,UPI0000F2197D,
2604,Clo1313_0576,,UPI00017E5E9A,
2605,Clo1313_0577,IPR036953,UPI00005360EA,GreA/GreB_C_sf
2606,Clo1313_0577,IPR001437,UPI00005360EA,Tscrpt_elong_fac_GreA/B_C
2607,Clo1313_0577,IPR023459,UPI00005360EA,Tscrpt_elong_fac_GreA/B_fam
2608,Clo1313_0577,,UPI00005360EA,
2609,Clo1313_0578,IPR016142,UPI000038FDD4,Citrate_synth-like_lrg_a-sub
2610,Clo1313_0578,IPR016143,UPI000038FDD4,Citrate_synth-like_sm_a-sub
2611,Clo1313_0578,IPR002020,UPI000038FDD4,Citrate_synthase
2612,Clo1313_0578,IPR024176,UPI000038FDD4,Citrate_synthase_bac-typ
2613,Clo1313_0578,IPR036969,UPI000038FDD4,Citrate_synthase_sf
2614,Clo1313_0578,,UPI000038FDD4,
2615,Clo1313_0579,IPR051151,UPI0001B1EE9A,Group_II_decarboxylase
2616,Clo1313_0579,IPR002129,UPI0001B1EE9A,PyrdxlP-dep_de-COase
2617,Clo1313_0579,IPR015424,UPI0001B1EE9A,PyrdxlP-dep_Trfase
2618,Clo1313_0579,IPR015421,UPI0001B1EE9A,PyrdxlP-dep_Trfase_major
2619,Clo1313_0579,IPR015422,UPI0001B1EE9A,PyrdxlP-dep_Trfase_small
2620,Clo1313_0579,IPR021115,UPI0001B1EE9A,Pyridoxal-P_BS
2621,Clo1313_0579,,UPI0001B1EE9A,
2622,Clo1313_0580,IPR039315,UPI0001B1EE99,CheW
2623,Clo1313_0580,IPR036061,UPI0001B1EE99,CheW-like_dom_sf
2624,Clo1313_0580,IPR002545,UPI0001B1EE99,CheW-lke_dom
2625,Clo1313_0580,,UPI0001B1EE99,
2626,Clo1313_0581,IPR033479,UPI0001B1EE98,dCache_1
2627,Clo1313_0581,IPR003660,UPI0001B1EE98,HAMP_dom
2628,Clo1313_0581,IPR051310,UPI0001B1EE98,
2629,Clo1313_0581,IPR004089,UPI0001B1EE98,MCPsignal_dom
2630,Clo1313_0581,,UPI0001B1EE98,
2631,Clo1313_0582,,UPI0001B1EE97,
2632,Clo1313_0583,IPR025241,UPI00003C8FFE,DUF4190
2633,Clo1313_0583,IPR026870,UPI00003C8FFE,Zinc_ribbon_dom
2634,Clo1313_0583,,UPI00003C8FFE,
2635,Clo1313_0584,IPR025241,UPI00003C8FFF,DUF4190
2636,Clo1313_0584,,UPI00003C8FFF,
2637,Clo1313_0585,IPR021215,UPI00017E4E42,DUF2752
2638,Clo1313_0585,,UPI00017E4E42,
2639,Clo1313_0586,IPR045865,UPI000038FDE5,ACT-like_dom_sf
2640,Clo1313_0586,IPR002912,UPI000038FDE5,ACT_dom
2641,Clo1313_0586,IPR006139,UPI000038FDE5,D-isomer_2_OHA_DH_cat_dom
2642,Clo1313_0586,IPR029753,UPI000038FDE5,D-isomer_DH_CS
2643,Clo1313_0586,IPR029752,UPI000038FDE5,D-isomer_DH_CS1
2644,Clo1313_0586,IPR006140,UPI000038FDE5,D-isomer_DH_NAD-bd
2645,Clo1313_0586,IPR036291,UPI000038FDE5,NAD(P)-bd_dom_sf
2646,Clo1313_0586,,UPI000038FDE5,
2647,Clo1313_0587,IPR003660,UPI000038FDE6,HAMP_dom
2648,Clo1313_0587,IPR004089,UPI000038FDE6,MCPsignal_dom
2649,Clo1313_0587,,UPI000038FDE6,
2650,Clo1313_0588,IPR029479,UPI000038FDE7,Nitroreductase
2651,Clo1313_0588,IPR000415,UPI000038FDE7,Nitroreductase-like
2652,Clo1313_0588,IPR050627,UPI000038FDE7,Nitroreductase/BluB
2653,Clo1313_0588,,UPI000038FDE7,
2654,Clo1313_0589,IPR012854,UPI00003C9002,Cu_amine_oxidase-like_N
2655,Clo1313_0589,IPR036582,UPI00003C9002,Mao_N_sf
2656,Clo1313_0589,,UPI00003C9002,
2657,Clo1313_0590,IPR050206,UPI00017E4E44,FtsK/SpoIIIE/SftA
2658,Clo1313_0590,IPR041027,UPI00017E4E44,FtsK_alpha
2659,Clo1313_0590,IPR002543,UPI00017E4E44,FtsK_dom
2660,Clo1313_0590,IPR018541,UPI00017E4E44,Ftsk_gamma
2661,Clo1313_0590,IPR027417,UPI00017E4E44,P-loop_NTPase
2662,Clo1313_0590,IPR036388,UPI00017E4E44,WH-like_DNA-bd_sf
2663,Clo1313_0590,IPR036390,UPI00017E4E44,WH_DNA-bd_sf
2664,Clo1313_0590,,UPI00017E4E44,
2665,Clo1313_0591,IPR019052,UPI0000532DA6,DUF2383
2666,Clo1313_0591,IPR012347,UPI0000532DA6,Ferritin-like
2667,Clo1313_0591,IPR009078,UPI0000532DA6,Ferritin-like_SF
2668,Clo1313_0591,,UPI0000532DA6,
2669,Clo1313_0592,IPR000537,UPI00017E4E45,UbiA_prenyltransferase
2670,Clo1313_0592,IPR044878,UPI00017E4E45,UbiA_sf
2671,Clo1313_0592,IPR026046,UPI00017E4E45,UBIAD1
2672,Clo1313_0592,,UPI00017E4E45,
2673,Clo1313_0593,IPR035952,UPI0001B1EE96,Rhomboid-like_sf
2674,Clo1313_0593,,UPI0001B1EE96,
2675,Clo1313_0594,IPR023299,UPI0000536D8C,ATPase_P-typ_cyto_dom_N
2676,Clo1313_0594,,UPI0000536D8C,
2677,Clo1313_0595,IPR010380,UPI0000536D8D,DUF975
2678,Clo1313_0595,,UPI0000536D8D,
2679,Clo1313_0596,IPR050923,UPI0001B1EE6C,Cell_Proc_Reg/RNA_Proc
2680,Clo1313_0596,IPR000253,UPI0001B1EE6C,FHA_dom
2681,Clo1313_0596,IPR008984,UPI0001B1EE6C,SMAD_FHA_dom_sf
2682,Clo1313_0596,,UPI0001B1EE6C,
2683,Clo1313_0597,IPR001182,UPI0000F21995,FtsW/RodA
2684,Clo1313_0597,,UPI0000F21995,
2685,Clo1313_0598,IPR050515,UPI0000532EF7,Beta-lactam/transpept
2686,Clo1313_0598,IPR012338,UPI0000532EF7,Beta-lactam/transpept-like
2687,Clo1313_0598,IPR054120,UPI0000532EF7,PBPA_dimer
2688,Clo1313_0598,IPR001460,UPI0000532EF7,PCN-bd_Tpept
2689,Clo1313_0598,,UPI0000532EF7,
2690,Clo1313_0599,IPR037518,UPI00017E5269,MPN
2691,Clo1313_0599,IPR025657,UPI00017E5269,RadC_JAB
2692,Clo1313_0599,IPR001405,UPI00017E5269,UPF0758
2693,Clo1313_0599,IPR020891,UPI00017E5269,UPF0758_CS
2694,Clo1313_0599,IPR046778,UPI00017E5269,UPF0758_N
2695,Clo1313_0599,,UPI00017E5269,
2696,Clo1313_0600,IPR011990,UPI00017E526A,TPR-like_helical_dom_sf
2697,Clo1313_0600,IPR019734,UPI00017E526A,TPR_rpt
2698,Clo1313_0600,IPR051685,UPI00017E526A,Ycf3/AcsC/BcsC/TPR_MFPF
2699,Clo1313_0600,,UPI00017E526A,
2700,Clo1313_0601,IPR003961,UPI0001F3292D,FN3_dom
2701,Clo1313_0601,IPR036116,UPI0001F3292D,FN3_sf
2702,Clo1313_0601,IPR013783,UPI0001F3292D,Ig-like_fold
2703,Clo1313_0601,IPR050713,UPI0001F3292D,RTP_Phos/Ushers
2704,Clo1313_0601,,UPI0001F3292D,
2705,Clo1313_0603,IPR045351,UPI0001F32936,DUF6531
2706,Clo1313_0603,IPR015915,UPI0001F32936,Kelch-typ_b-propeller
2707,Clo1313_0603,IPR006652,UPI0001F32936,Kelch_1
2708,Clo1313_0603,IPR022385,UPI0001F32936,Rhs_assc_core
2709,Clo1313_0603,IPR031325,UPI0001F32936,RHS_repeat
2710,Clo1313_0603,IPR050708,UPI0001F32936,T6SS_VgrG/RHS
2711,Clo1313_0603,IPR056823,UPI0001F32936,TEN-like_YD-shell
2712,Clo1313_0603,IPR006530,UPI0001F32936,YD
2713,Clo1313_0603,,UPI0001F32936,
2714,Clo1313_0604,,UPI000038FC82,
2715,Clo1313_0605,,UPI000038FC83,
2716,Clo1313_0606,,UPI00017E566F,
2717,Clo1313_0609,,UPI00017E5672,
2718,Clo1313_0610,IPR002745,UPI00017E5673,Ptrans_KptA/Tpt1
2719,Clo1313_0610,IPR042081,UPI00017E5673,RNA_2'-PTrans_C
2720,Clo1313_0610,IPR022928,UPI00017E5673,RNA_2'-PTrans_KptA
2721,Clo1313_0610,IPR042080,UPI00017E5673,RNA_2'-PTrans_N
2722,Clo1313_0610,,UPI00017E5673,
2723,Clo1313_0611,IPR001876,UPI00017E5674,Znf_RanBP2
2724,Clo1313_0611,,UPI00017E5674,
2725,Clo1313_0612,IPR033463,UPI0001B1EF70,sCache_3
2726,Clo1313_0612,IPR029151,UPI0001B1EF70,Sensor-like_sf
2727,Clo1313_0612,,UPI0001B1EF70,
2728,Clo1313_0613,IPR029058,UPI000038FDEB,AB_hydrolase_fold
2729,Clo1313_0613,IPR008391,UPI000038FDEB,AXE1_dom
2730,Clo1313_0613,IPR039069,UPI000038FDEB,CE7
2731,Clo1313_0613,,UPI000038FDEB,
2732,Clo1313_0614,IPR024923,UPI0000F219AD,PG_synth_SpoVB
2733,Clo1313_0614,IPR050833,UPI0000F219AD,Poly_Biosynth_Transport
2734,Clo1313_0614,IPR002797,UPI0000F219AD,Polysacc_synth
2735,Clo1313_0614,,UPI0000F219AD,
2736,Clo1313_0615,,UPI0001B1EE7D,
2737,Clo1313_0616,IPR003593,UPI000038FDDD,AAA+_ATPase
2738,Clo1313_0616,IPR003439,UPI000038FDDD,ABC_transporter-like_ATP-bd
2739,Clo1313_0616,IPR017871,UPI000038FDDD,ABC_transporter-like_CS
2740,Clo1313_0616,IPR027417,UPI000038FDDD,P-loop_NTPase
2741,Clo1313_0616,,UPI000038FDDD,
2742,Clo1313_0617,,UPI000038FDDC,
2743,Clo1313_0618,IPR003660,UPI0001B1EE4C,HAMP_dom
2744,Clo1313_0618,IPR036890,UPI0001B1EE4C,HATPase_C_sf
2745,Clo1313_0618,IPR003594,UPI0001B1EE4C,HATPase_dom
2746,Clo1313_0618,IPR005467,UPI0001B1EE4C,His_kinase_dom
2747,Clo1313_0618,IPR003661,UPI0001B1EE4C,HisK_dim/P_dom
2748,Clo1313_0618,IPR036097,UPI0001B1EE4C,HisK_dim/P_sf
2749,Clo1313_0618,IPR050398,UPI0001B1EE4C,HssS/ArlS-like
2750,Clo1313_0618,IPR004358,UPI0001B1EE4C,Sig_transdc_His_kin-like_C
2751,Clo1313_0618,,UPI0001B1EE4C,
2752,Clo1313_0619,IPR011006,UPI00003C90FA,CheY-like_superfamily
2753,Clo1313_0619,IPR001867,UPI00003C90FA,OmpR/PhoB-type_DNA-bd
2754,Clo1313_0619,IPR001789,UPI00003C90FA,Sig_transdc_resp-reg_receiver
2755,Clo1313_0619,IPR039420,UPI00003C90FA,WalR-like
2756,Clo1313_0619,IPR036388,UPI00003C90FA,WH-like_DNA-bd_sf
2757,Clo1313_0619,,UPI00003C90FA,
2758,Clo1313_0620,IPR023430,UPI0000532ECA,Pept_HybD-like_dom_sf
2759,Clo1313_0620,IPR009665,UPI0000532ECA,YyaC
2760,Clo1313_0620,,UPI0000532ECA,
2761,Clo1313_0621,IPR011437,UPI0000F219C4,DUF1540
2762,Clo1313_0621,,UPI0000F219C4,
2763,Clo1313_0622,IPR049427,UPI00003C8EEC,Acyl-ACP_TE_C
2764,Clo1313_0622,IPR002864,UPI00003C8EEC,Acyl-ACP_thioesterase_NHD
2765,Clo1313_0622,IPR045023,UPI00003C8EEC,FATA/B
2766,Clo1313_0622,IPR029069,UPI00003C8EEC,HotDog_dom_sf
2767,Clo1313_0622,,UPI00003C8EEC,
2768,Clo1313_0623,IPR036412,UPI00003C8EED,HAD-like_sf
2769,Clo1313_0623,IPR006439,UPI00003C8EED,HAD-SF_hydro_IA
2770,Clo1313_0623,IPR041492,UPI00003C8EED,HAD_2
2771,Clo1313_0623,IPR023214,UPI00003C8EED,HAD_sf
2772,Clo1313_0623,IPR023198,UPI00003C8EED,PGP-like_dom2
2773,Clo1313_0623,,UPI00003C8EED,
2774,Clo1313_0624,IPR000150,UPI0000533AF8,Cof
2775,Clo1313_0624,IPR036412,UPI0000533AF8,HAD-like_sf
2776,Clo1313_0624,IPR006379,UPI0000533AF8,HAD-SF_hydro_IIB
2777,Clo1313_0624,IPR023214,UPI0000533AF8,HAD_sf
2778,Clo1313_0624,,UPI0000533AF8,
2779,Clo1313_0625,IPR051266,UPI00017E35CF,CLCR
2780,Clo1313_0625,IPR022156,UPI00017E35CF,Uncharacterised_YfbK_N
2781,Clo1313_0625,IPR002035,UPI00017E35CF,VWF_A
2782,Clo1313_0625,IPR036465,UPI00017E35CF,vWFA_dom_sf
2783,Clo1313_0625,IPR021908,UPI00017E35CF,YfbK_C
2784,Clo1313_0625,,UPI00017E35CF,
2785,Clo1313_0626,IPR023885,UPI00003C8EEF,4Fe4S-binding_SPASM_dom
2786,Clo1313_0626,IPR013785,UPI00003C8EEF,Aldolase_TIM
2787,Clo1313_0626,IPR050377,UPI00003C8EEF,Radical_SAM_PqqE_MftC-like
2788,Clo1313_0626,IPR007197,UPI00003C8EEF,rSAM
2789,Clo1313_0626,IPR058240,UPI00003C8EEF,rSAM_sf
2790,Clo1313_0626,,UPI00003C8EEF,
2791,Clo1313_0629,IPR008965,UPI0000135A22,CBM2/CBM3_carb-bd_dom_sf
2792,Clo1313_0629,IPR051465,UPI0000135A22,Cell_Envelope_Struct_Comp
2793,Clo1313_0629,IPR002102,UPI0000135A22,Cohesin_dom
2794,Clo1313_0629,IPR001119,UPI0000135A22,SLH_dom
2795,Clo1313_0629,,UPI0000135A22,
2796,Clo1313_0630,IPR008965,UPI0001B1EE80,CBM2/CBM3_carb-bd_dom_sf
2797,Clo1313_0630,IPR051465,UPI0001B1EE80,Cell_Envelope_Struct_Comp
2798,Clo1313_0630,IPR002102,UPI0001B1EE80,Cohesin_dom
2799,Clo1313_0630,IPR001119,UPI0001B1EE80,SLH_dom
2800,Clo1313_0630,,UPI0001B1EE80,
2801,Clo1313_0631,IPR038765,UPI000038FC7B,Papain-like_cys_pep_sf
2802,Clo1313_0631,IPR002931,UPI000038FC7B,Transglutaminase-like
2803,Clo1313_0631,,UPI000038FC7B,
2804,Clo1313_0632,,UPI000038FC7A,
2805,Clo1313_0633,,UPI000038FC79,
2806,Clo1313_0634,IPR002052,UPI000038FC78,DNA_methylase_N6_adenine_CS
2807,Clo1313_0634,IPR000241,UPI000038FC78,RlmKL-like_Mtase
2808,Clo1313_0634,IPR054170,UPI000038FC78,RlmL_1st
2809,Clo1313_0634,IPR029063,UPI000038FC78,SAM-dependent_MTases_sf
2810,Clo1313_0634,IPR004114,UPI000038FC78,THUMP_dom
2811,Clo1313_0634,,UPI000038FC78,
2812,Clo1313_0635,IPR050595,UPI000038FC77,Bact_response_regulator
2813,Clo1313_0635,IPR011006,UPI000038FC77,CheY-like_superfamily
2814,Clo1313_0635,IPR043128,UPI000038FC77,Rev_trsase/Diguanyl_cyclase
2815,Clo1313_0635,IPR001789,UPI000038FC77,Sig_transdc_resp-reg_receiver
2816,Clo1313_0635,,UPI000038FC77,
2817,Clo1313_0636,IPR001986,UPI000038FC76,Enolpyruvate_Tfrase_dom
2818,Clo1313_0636,IPR036968,UPI000038FC76,Enolpyruvate_Tfrase_sf
2819,Clo1313_0636,IPR006264,UPI000038FC76,EPSP_synthase
2820,Clo1313_0636,IPR023193,UPI000038FC76,EPSP_synthase_CS
2821,Clo1313_0636,IPR013792,UPI000038FC76,RNA3'P_cycl/enolpyr_Trfase_a/b
2822,Clo1313_0636,,UPI000038FC76,
2823,Clo1313_0637,IPR011006,UPI0001F32945,CheY-like_superfamily
2824,Clo1313_0637,IPR016032,UPI0001F32945,Sig_transdc_resp-reg_C-effctor
2825,Clo1313_0637,IPR001789,UPI0001F32945,Sig_transdc_resp-reg_receiver
2826,Clo1313_0637,IPR014879,UPI0001F32945,Spo0A_C
2827,Clo1313_0637,IPR012052,UPI0001F32945,Spore_0_A
2828,Clo1313_0637,IPR039420,UPI0001F32945,WalR-like
2829,Clo1313_0637,IPR036388,UPI0001F32945,WH-like_DNA-bd_sf
2830,Clo1313_0637,,UPI0001F32945,
2831,Clo1313_0638,IPR000119,UPI0001B1EE7F,Hist_DNA-bd
2832,Clo1313_0638,IPR020816,UPI0001B1EE7F,Histone-like_DNA-bd_CS
2833,Clo1313_0638,IPR010992,UPI0001B1EE7F,IHF-like_DNA-bd_dom_sf
2834,Clo1313_0638,,UPI0001B1EE7F,
2835,Clo1313_0639,IPR052023,UPI00003C8EF6,Histidine_kinase_KdpD
2836,Clo1313_0639,IPR014729,UPI00003C8EF6,Rossmann-like_a/b/a_fold
2837,Clo1313_0639,IPR006016,UPI00003C8EF6,UspA
2838,Clo1313_0639,,UPI00003C8EF6,
2839,Clo1313_0640,IPR051208,UPI00003C8EF7,Class-I_Fumarase/Tartrate_DH
2840,Clo1313_0640,IPR004646,UPI00003C8EF7,Fe-S_hydro-lyase_TtdA-typ_cat
2841,Clo1313_0640,,UPI00003C8EF7,
2842,Clo1313_0641,IPR004647,UPI0000F219D7,Fe-S_hydro-lyase_TtdB-typ_cat
2843,Clo1313_0641,IPR036660,UPI0000F219D7,Fe-S_hydroAse_TtdB_cat_sf
2844,Clo1313_0641,,UPI0000F219D7,
2845,Clo1313_0642,IPR023883,UPI000053389D,CHP03980_redox-disulphide
2846,Clo1313_0642,IPR015077,UPI000053389D,DUF1858
2847,Clo1313_0642,IPR038062,UPI000053389D,ScdA-like_N_sf
2848,Clo1313_0642,,UPI000053389D,
2849,Clo1313_0643,IPR018220,UPI00003C8FB9,Adenylosuccin_syn_GTP-bd
2850,Clo1313_0643,IPR033128,UPI00003C8FB9,Adenylosuccin_syn_Lys_AS
2851,Clo1313_0643,IPR042109,UPI00003C8FB9,Adenylosuccinate_synth_dom1
2852,Clo1313_0643,IPR042110,UPI00003C8FB9,Adenylosuccinate_synth_dom2
2853,Clo1313_0643,IPR042111,UPI00003C8FB9,Adenylosuccinate_synth_dom3
2854,Clo1313_0643,IPR001114,UPI00003C8FB9,Adenylosuccinate_synthetase
2855,Clo1313_0643,IPR027417,UPI00003C8FB9,P-loop_NTPase
2856,Clo1313_0643,,UPI00003C8FB9,
2857,Clo1313_2585,IPR002686,UPI00017E3E22,Transposase_17
2858,Clo1313_2585,IPR036515,UPI00017E3E22,Transposase_17_sf
2859,Clo1313_2585,,UPI00017E3E22,
2860,Clo1313_0645,IPR001173,UPI000038FE60,Glyco_trans_2-like
2861,Clo1313_0645,IPR050256,UPI000038FE60,Glycosyltransferase_2
2862,Clo1313_0645,IPR029044,UPI000038FE60,Nucleotide-diphossugar_trans
2863,Clo1313_0645,,UPI000038FE60,
2864,Clo1313_0646,IPR003342,UPI00017E5E9E,ArnT-like_N
2865,Clo1313_0646,IPR008979,UPI00017E5E9E,Galactose-bd-like_sf
2866,Clo1313_0646,IPR027005,UPI00017E5E9E,PMT-like
2867,Clo1313_0646,IPR032421,UPI00017E5E9E,PMT_4TMC
2868,Clo1313_0646,,UPI00017E5E9E,
2869,Clo1313_0647,IPR008979,UPI00003C8FBD,Galactose-bd-like_sf
2870,Clo1313_0647,,UPI00003C8FBD,
2871,Clo1313_0648,IPR001173,UPI00003C8FBE,Glyco_trans_2-like
2872,Clo1313_0648,IPR050256,UPI00003C8FBE,Glycosyltransferase_2
2873,Clo1313_0648,IPR029044,UPI00003C8FBE,Nucleotide-diphossugar_trans
2874,Clo1313_0648,,UPI00003C8FBE,
2875,Clo1313_0649,IPR019277,UPI00003C8FBF,DUF2304
2876,Clo1313_0649,,UPI00003C8FBF,
2877,Clo1313_0650,IPR001173,UPI00003C8FC0,Glyco_trans_2-like
2878,Clo1313_0650,IPR050256,UPI00003C8FC0,Glycosyltransferase_2
2879,Clo1313_0650,IPR029044,UPI00003C8FC0,Nucleotide-diphossugar_trans
2880,Clo1313_0650,,UPI00003C8FC0,
2881,Clo1313_0651,IPR018510,UPI00003C8FC1,DAP_epimerase_AS
2882,Clo1313_0651,IPR001653,UPI00003C8FC1,DAP_epimerase_DapF
2883,Clo1313_0651,,UPI00003C8FC1,
2884,Clo1313_0652,IPR004839,UPI000038FD33,Aminotransferase_I/II_large
2885,Clo1313_0652,IPR019942,UPI000038FD33,DapL/ALD1
2886,Clo1313_0652,IPR015424,UPI000038FD33,PyrdxlP-dep_Trfase
2887,Clo1313_0652,IPR015421,UPI000038FD33,PyrdxlP-dep_Trfase_major
2888,Clo1313_0652,IPR015422,UPI000038FD33,PyrdxlP-dep_Trfase_small
2889,Clo1313_0652,,UPI000038FD33,
2890,Clo1313_0653,IPR050922,UPI000038FD32,LytR/CpsA/Psr_CW_biosynth
2891,Clo1313_0653,IPR004474,UPI000038FD32,LytR_CpsA_psr
2892,Clo1313_0653,,UPI000038FD32,
2893,Clo1313_0654,IPR010327,UPI000053813B,FldB/FldC_alpha/beta
2894,Clo1313_0654,,UPI000053813B,
2895,Clo1313_0655,IPR002731,UPI000038FD30,ATPase_BadF
2896,Clo1313_0655,IPR043129,UPI000038FD30,ATPase_NBD
2897,Clo1313_0655,IPR008275,UPI000038FD30,CoA_E_activase_dom
2898,Clo1313_0655,IPR051805,UPI000038FD30,Dehydratase_Activator_Redct
2899,Clo1313_0655,,UPI000038FD30,
2900,Clo1313_0656,IPR018317,UPI000038FD2F,QueC
2901,Clo1313_0656,IPR014729,UPI000038FD2F,Rossmann-like_a/b/a_fold
2902,Clo1313_0656,,UPI000038FD2F,
2903,Clo1313_0657,IPR007115,UPI000038FD2E,6-PTP_synth/QueD
2904,Clo1313_0657,IPR038418,UPI000038FD2E,6-PTP_synth/QueD_sf
2905,Clo1313_0657,,UPI000038FD2E,
2906,Clo1313_0658,IPR024924,UPI00003C8FC2,7-CO-7-deazaguanine_synth-like
2907,Clo1313_0658,IPR013785,UPI00003C8FC2,Aldolase_TIM
2908,Clo1313_0658,IPR007197,UPI00003C8FC2,rSAM
2909,Clo1313_0658,IPR058240,UPI00003C8FC2,rSAM_sf
2910,Clo1313_0658,,UPI00003C8FC2,
2911,Clo1313_0659,IPR051536,UPI00003C8FC3,UDG_Type-4/5
2912,Clo1313_0659,IPR005273,UPI00003C8FC3,Ura-DNA_glyco_family4
2913,Clo1313_0659,IPR005122,UPI00003C8FC3,Uracil-DNA_glycosylase-like
2914,Clo1313_0659,IPR036895,UPI00003C8FC3,Uracil-DNA_glycosylase-like_sf
2915,Clo1313_0659,,UPI00003C8FC3,
2916,Clo1313_0660,IPR051536,UPI000038FD2B,UDG_Type-4/5
2917,Clo1313_0660,IPR005273,UPI000038FD2B,Ura-DNA_glyco_family4
2918,Clo1313_0660,IPR005122,UPI000038FD2B,Uracil-DNA_glycosylase-like
2919,Clo1313_0660,IPR036895,UPI000038FD2B,Uracil-DNA_glycosylase-like_sf
2920,Clo1313_0660,,UPI000038FD2B,
2921,Clo1313_0661,IPR045886,UPI0001B1EFE5,ThiF/MoeB/HesA
2922,Clo1313_0661,IPR000594,UPI0001B1EFE5,ThiF_NAD_FAD-bd
2923,Clo1313_0661,IPR035985,UPI0001B1EFE5,Ubiquitin-activating_enz
2924,Clo1313_0661,,UPI0001B1EFE5,
2925,Clo1313_2087,IPR002686,UPI00003C8EC4,Transposase_17
2926,Clo1313_2087,IPR036515,UPI00003C8EC4,Transposase_17_sf
2927,Clo1313_2087,,UPI00003C8EC4,
2928,Clo1313_0663,IPR045352,UPI00017E2E2A,DUF6530
2929,Clo1313_0663,,UPI00017E2E2A,
2930,Clo1313_0664,,UPI0001F32946,
2931,Clo1313_0665,IPR023296,UPI0000534E01,Glyco_hydro_beta-prop_sf
2932,Clo1313_0665,IPR007184,UPI0000534E01,Mannoside_phosphorylase
2933,Clo1313_0665,,UPI0000534E01,
2934,Clo1313_0666,IPR056729,UPI00017E2FC5,GMPPB_C
2935,Clo1313_0666,IPR050486,UPI00017E2FC5,Mannose-1P_guanyltransferase
2936,Clo1313_0666,IPR005835,UPI00017E2FC5,NTP_transferase_dom
2937,Clo1313_0666,IPR029044,UPI00017E2FC5,Nucleotide-diphossugar_trans
2938,Clo1313_0666,IPR011004,UPI00017E2FC5,Trimer_LpxA-like_sf
2939,Clo1313_0666,,UPI00017E2FC5,
2940,Clo1313_0667,IPR001296,UPI00003C8D6B,Glyco_trans_1
2941,Clo1313_0667,IPR028098,UPI00003C8D6B,Glyco_trans_4-like_N
2942,Clo1313_0667,,UPI00003C8D6B,
2943,Clo1313_0668,IPR008928,UPI00017E2FC6,6-hairpin_glycosidase_sf
2944,Clo1313_0668,,UPI00017E2FC6,
2945,Clo1313_0669,IPR051804,UPI00003C8D6A,Carb_Metab_Reg_Kinase/Isom
2946,Clo1313_0669,IPR014628,UPI00003C8D6A,Man6P_isomerase_Firm_short
2947,Clo1313_0669,IPR049071,UPI00003C8D6A,MPI_cupin_dom
2948,Clo1313_0669,IPR046457,UPI00003C8D6A,PMI_typeI_cat
2949,Clo1313_0669,IPR014710,UPI00003C8D6A,RmlC-like_jellyroll
2950,Clo1313_0669,IPR011051,UPI00003C8D6A,RmlC_Cupin_sf
2951,Clo1313_0669,,UPI00003C8D6A,
2952,Clo1313_0670,IPR003689,UPI000038F4DC,ZIP
2953,Clo1313_0670,,UPI000038F4DC,
2954,Clo1313_0671,IPR050669,UPI000038F4DB,Hemerythrin
2955,Clo1313_0671,IPR012312,UPI000038F4DB,Hemerythrin-like
2956,Clo1313_0671,IPR035938,UPI000038F4DB,Hemerythrin-like_sf
2957,Clo1313_0671,IPR012827,UPI000038F4DB,Hemerythrin_metal-bd
2958,Clo1313_0671,,UPI000038F4DB,
2959,Clo1313_0672,IPR002563,UPI000038F4DA,Flavin_Rdtase-like_dom
2960,Clo1313_0672,IPR050268,UPI000038F4DA,NADH-dep_flavin_reductase
2961,Clo1313_0672,IPR024934,UPI000038F4DA,Rubredoxin-like_dom
2962,Clo1313_0672,IPR024935,UPI000038F4DA,Rubredoxin_dom
2963,Clo1313_0672,IPR048574,UPI000038F4DA,RUBY_RBDX
2964,Clo1313_0672,IPR012349,UPI000038F4DA,Split_barrel_FMN-bd
2965,Clo1313_0672,,UPI000038F4DA,
2966,Clo1313_0673,IPR017896,UPI0000536424,4Fe4S_Fe-S-bd
2967,Clo1313_0673,IPR017900,UPI0000536424,4Fe4S_Fe_S_CS
2968,Clo1313_0673,IPR033412,UPI0000536424,PFOR_II
2969,Clo1313_0673,IPR050722,UPI0000536424,Pyruvate:ferred/Flavod_OxRd
2970,Clo1313_0673,IPR037112,UPI0000536424,Pyrv-flavodox_OxR_EKR_sf
2971,Clo1313_0673,IPR019456,UPI0000536424,Pyrv-flavodox_OxRtase_EKR
2972,Clo1313_0673,IPR019752,UPI0000536424,Pyrv/ketoisovalerate_OxRed_cat
2973,Clo1313_0673,IPR002880,UPI0000536424,Pyrv_Fd/Flavodoxin_OxRdtase_N
2974,Clo1313_0673,IPR011895,UPI0000536424,Pyrv_flavodox_OxRed
2975,Clo1313_0673,IPR002869,UPI0000536424,Pyrv_flavodox_OxRed_cen
2976,Clo1313_0673,IPR029061,UPI0000536424,THDP-binding
2977,Clo1313_0673,IPR011766,UPI0000536424,TPP_enzyme_TPP-bd
2978,Clo1313_0673,IPR009014,UPI0000536424,Transketo_C/PFOR_II
2979,Clo1313_0673,,UPI0000536424,
2980,Clo1313_0674,IPR024209,UPI000038F4D8,CDIF630_02480-like
2981,Clo1313_0674,,UPI000038F4D8,
2982,Clo1313_0675,IPR053180,UPI0001B1EED9,Ca-binding_acidic-rpt_prot
2983,Clo1313_0675,IPR001119,UPI0001B1EED9,SLH_dom
2984,Clo1313_0675,IPR059100,UPI0001B1EED9,TSP3_bac
2985,Clo1313_0675,IPR028974,UPI0001B1EED9,TSP_type-3_rpt
2986,Clo1313_0675,IPR002035,UPI0001B1EED9,VWF_A
2987,Clo1313_0675,IPR036465,UPI0001B1EED9,vWFA_dom_sf
2988,Clo1313_0675,,UPI0001B1EED9,
2989,Clo1313_0676,IPR036365,UPI0001B1EED8,PGBD-like_sf
2990,Clo1313_0676,IPR036366,UPI0001B1EED8,PGBDSf
2991,Clo1313_0676,IPR036465,UPI0001B1EED8,vWFA_dom_sf
2992,Clo1313_0676,,UPI0001B1EED8,
2993,Clo1313_0677,IPR025110,UPI000038F4D5,AMP-bd_C
2994,Clo1313_0677,IPR045851,UPI000038F4D5,AMP-b_sf
2995,Clo1313_0677,IPR020845,UPI000038F4D5,AMP-binding_CS
2996,Clo1313_0677,IPR000873,UPI000038F4D5,AMP-dep_synth/lig_dom
2997,Clo1313_0677,IPR042099,UPI000038F4D5,ANL_N_sf
2998,Clo1313_0677,,UPI000038F4D5,
2999,Clo1313_0678,IPR002068,UPI00003C8D68,A-crystallin/Hsp20_dom
3000,Clo1313_0678,IPR008978,UPI00003C8D68,HSP20-like_chaperone
3001,Clo1313_0678,IPR031107,UPI00003C8D68,Small_HSP
3002,Clo1313_0678,,UPI00003C8D68,
3003,Clo1313_0679,IPR020476,UPI0001F3294E,Nudix_hydrolase
3004,Clo1313_0679,IPR015797,UPI0001F3294E,NUDIX_hydrolase-like_dom_sf
3005,Clo1313_0679,IPR020084,UPI0001F3294E,NUDIX_hydrolase_CS
3006,Clo1313_0679,IPR000086,UPI0001F3294E,NUDIX_hydrolase_dom
3007,Clo1313_0679,IPR036388,UPI0001F3294E,WH-like_DNA-bd_sf
3008,Clo1313_0679,IPR036390,UPI0001F3294E,WH_DNA-bd_sf
3009,Clo1313_0679,IPR054105,UPI0001F3294E,WHD_NrtR
3010,Clo1313_0679,,UPI0001F3294E,
3011,Clo1313_0680,IPR052173,UPI000038F4D2,Beta-lactam_resp_regulator
3012,Clo1313_0680,IPR032250,UPI000038F4D2,DUF4825
3013,Clo1313_0680,IPR008756,UPI000038F4D2,Peptidase_M56
3014,Clo1313_0680,,UPI000038F4D2,
3015,Clo1313_0681,IPR029039,UPI000038F4D1,Flavoprotein-like_sf
3016,Clo1313_0681,IPR005025,UPI000038F4D1,FMN_Rdtase-like_dom
3017,Clo1313_0681,IPR051796,UPI000038F4D1,ISF_SsuE-like
3018,Clo1313_0681,,UPI000038F4D1,
3019,Clo1313_0682,IPR004680,UPI0001B1EED6,Cit_transptr-like_dom
3020,Clo1313_0682,IPR051475,UPI0001B1EED6,Diverse_Ion_Transporter
3021,Clo1313_0682,,UPI0001B1EED6,
3022,Clo1313_0683,,UPI000038F4CF,
3023,Clo1313_0684,IPR051266,UPI000038F4CE,CLCR
3024,Clo1313_0684,IPR002035,UPI000038F4CE,VWF_A
3025,Clo1313_0684,IPR036465,UPI000038F4CE,vWFA_dom_sf
3026,Clo1313_0684,,UPI000038F4CE,
3027,Clo1313_0685,IPR035940,UPI000038F4CD,CAP_sf
3028,Clo1313_0685,IPR002105,UPI000038F4CD,Dockerin_1_rpt
3029,Clo1313_0685,IPR016134,UPI000038F4CD,Dockerin_dom
3030,Clo1313_0685,IPR036439,UPI000038F4CD,Dockerin_dom_sf
3031,Clo1313_0685,IPR018247,UPI000038F4CD,EF_Hand_1_Ca_BS
3032,Clo1313_0685,,UPI000038F4CD,
3033,Clo1313_0686,IPR000073,UPI00003C8D65,AB_hydrolase_1
3034,Clo1313_0686,IPR029058,UPI00003C8D65,AB_hydrolase_fold
3035,Clo1313_0686,IPR050266,UPI00003C8D65,AB_hydrolase_sf
3036,Clo1313_0686,IPR000639,UPI00003C8D65,Epox_hydrolase-like
3037,Clo1313_0686,,UPI00003C8D65,
3038,Clo1313_0688,,UPI00003C8D64,
3039,Clo1313_0689,IPR002105,UPI00017E17D7,Dockerin_1_rpt
3040,Clo1313_0689,IPR016134,UPI00017E17D7,Dockerin_dom
3041,Clo1313_0689,IPR036439,UPI00017E17D7,Dockerin_dom_sf
3042,Clo1313_0689,IPR018247,UPI00017E17D7,EF_Hand_1_Ca_BS
3043,Clo1313_0689,IPR054399,UPI00017E17D7,Fervidolysin-like_N_prodom
3044,Clo1313_0689,IPR000209,UPI00017E17D7,Peptidase_S8/S53_dom
3045,Clo1313_0689,IPR036852,UPI00017E17D7,Peptidase_S8/S53_dom_sf
3046,Clo1313_0689,IPR023827,UPI00017E17D7,Peptidase_S8_Asp-AS
3047,Clo1313_0689,IPR022398,UPI00017E17D7,Peptidase_S8_His-AS
3048,Clo1313_0689,IPR023828,UPI00017E17D7,Peptidase_S8_Ser-AS
3049,Clo1313_0689,IPR050131,UPI00017E17D7,Peptidase_S8_subtilisin-like
3050,Clo1313_0689,IPR015500,UPI00017E17D7,Peptidase_S8_subtilisin-rel
3051,Clo1313_0689,IPR034204,UPI00017E17D7,Sub1_cat_dom
3052,Clo1313_0689,,UPI00017E17D7,
3053,Clo1313_0690,,UPI00017E17D8,
3054,Clo1313_0691,,UPI00003C8D62,
3055,Clo1313_0692,IPR009057,UPI00005337FD,Homeodomain-like_sf
3056,Clo1313_0692,IPR050624,UPI00005337FD,SlmA/HTH-type_Tr_Regulator
3057,Clo1313_0692,IPR001647,UPI00005337FD,HTH_TetR
3058,Clo1313_0692,IPR036271,UPI00005337FD,Tet_transcr_reg_TetR-rel_C_sf
3059,Clo1313_0692,,UPI00005337FD,
3060,Clo1313_0693,IPR049033,UPI0001B1EED5,AGA-YXIM_GBD
3061,Clo1313_0693,IPR041342,UPI0001B1EED5,CBM35
3062,Clo1313_0693,IPR005084,UPI0001B1EED5,CBM6
3063,Clo1313_0693,IPR002105,UPI0001B1EED5,Dockerin_1_rpt
3064,Clo1313_0693,IPR016134,UPI0001B1EED5,Dockerin_dom
3065,Clo1313_0693,IPR036439,UPI0001B1EED5,Dockerin_dom_sf
3066,Clo1313_0693,IPR018247,UPI0001B1EED5,EF_Hand_1_Ca_BS
3067,Clo1313_0693,IPR008979,UPI0001B1EED5,Galactose-bd-like_sf
3068,Clo1313_0693,IPR001087,UPI0001B1EED5,GDSL
3069,Clo1313_0693,IPR037459,UPI0001B1EED5,RhgT-like
3070,Clo1313_0693,IPR013830,UPI0001B1EED5,SGNH_hydro
3071,Clo1313_0693,IPR036514,UPI0001B1EED5,SGNH_hydro_sf
3072,Clo1313_0693,,UPI0001B1EED5,
3073,Clo1313_0694,IPR001226,UPI00017E17DC,Flavodoxin_CS
3074,Clo1313_0694,IPR026816,UPI00017E17DC,Flavodoxin_dom
3075,Clo1313_0694,IPR029039,UPI00017E17DC,Flavoprotein-like_sf
3076,Clo1313_0694,,UPI00017E17DC,
3077,Clo1313_0696,IPR005650,UPI00003C8D5F,BlaI_family
3078,Clo1313_0696,IPR036388,UPI00003C8D5F,WH-like_DNA-bd_sf
3079,Clo1313_0696,IPR036390,UPI00003C8D5F,WH_DNA-bd_sf
3080,Clo1313_0696,,UPI00003C8D5F,
3081,Clo1313_0697,IPR052173,UPI0000533F91,Beta-lactam_resp_regulator
3082,Clo1313_0697,IPR032256,UPI0000533F91,DUF4829
3083,Clo1313_0697,IPR032257,UPI0000533F91,DUF4830
3084,Clo1313_0697,IPR008756,UPI0000533F91,Peptidase_M56
3085,Clo1313_0697,,UPI0000533F91,
3086,Clo1313_0698,IPR003593,UPI000038F4C0,AAA+_ATPase
3087,Clo1313_0698,IPR011527,UPI000038F4C0,ABC1_TM_dom
3088,Clo1313_0698,IPR036640,UPI000038F4C0,ABC1_TM_sf
3089,Clo1313_0698,IPR003439,UPI000038F4C0,ABC_transporter-like_ATP-bd
3090,Clo1313_0698,IPR017871,UPI000038F4C0,ABC_transporter-like_CS
3091,Clo1313_0698,IPR027417,UPI000038F4C0,P-loop_NTPase
3092,Clo1313_0698,IPR039421,UPI000038F4C0,Type_1_exporter
3093,Clo1313_0698,,UPI000038F4C0,
3094,Clo1313_0699,IPR003593,UPI00003C8D5D,AAA+_ATPase
3095,Clo1313_0699,IPR011527,UPI00003C8D5D,ABC1_TM_dom
3096,Clo1313_0699,IPR036640,UPI00003C8D5D,ABC1_TM_sf
3097,Clo1313_0699,IPR003439,UPI00003C8D5D,ABC_transporter-like_ATP-bd
3098,Clo1313_0699,IPR017871,UPI00003C8D5D,ABC_transporter-like_CS
3099,Clo1313_0699,IPR027417,UPI00003C8D5D,P-loop_NTPase
3100,Clo1313_0699,IPR039421,UPI00003C8D5D,Type_1_exporter
3101,Clo1313_0699,,UPI00003C8D5D,
3102,Clo1313_0700,IPR036264,UPI000038F4BE,Bact_exopeptidase_dim_dom
3103,Clo1313_0700,IPR002933,UPI000038F4BE,Peptidase_M20
3104,Clo1313_0700,IPR011650,UPI000038F4BE,Peptidase_M20_dimer
3105,Clo1313_0700,IPR001160,UPI000038F4BE,Peptidase_M20C
3106,Clo1313_0700,,UPI000038F4BE,
3107,Clo1313_0701,IPR004485,UPI0000F21A42,Cobalamin_biosynth_CobD/CbiB
3108,Clo1313_0701,,UPI0000F21A42,
3109,Clo1313_0702,IPR003203,UPI00003C8D5A,CobU/CobP
3110,Clo1313_0702,IPR027417,UPI00003C8D5A,P-loop_NTPase
3111,Clo1313_0702,,UPI00003C8D5A,
3112,Clo1313_0703,IPR003805,UPI0000534699,CobS
3113,Clo1313_0703,,UPI0000534699,
3114,Clo1313_0704,IPR013078,UPI00003C8D58,His_Pase_superF_clade-1
3115,Clo1313_0704,IPR029033,UPI00003C8D58,His_PPase_superfam
3116,Clo1313_0704,IPR001345,UPI00003C8D58,PG/BPGM_mutase_AS
3117,Clo1313_0704,IPR005952,UPI00003C8D58,Phosphogly_mut1
3118,Clo1313_0704,IPR017578,UPI00003C8D58,Ribazole_CobC
3119,Clo1313_0704,,UPI00003C8D58,
3120,Clo1313_0705,IPR009825,UPI0001B1EE95,ECF_substrate-spec-like
3121,Clo1313_0705,,UPI0001B1EE95,
3122,Clo1313_0706,IPR001279,UPI00003C8EDE,Metallo-B-lactamas
3123,Clo1313_0706,IPR036866,UPI00003C8EDE,RibonucZ/Hydroxyglut_hydro
3124,Clo1313_0706,,UPI00003C8EDE,
3125,Clo1313_0707,IPR004089,UPI00003C8EDF,MCPsignal_dom
3126,Clo1313_0707,,UPI00003C8EDF,
3127,Clo1313_0708,IPR050073,UPI0001B1EE94,2-IPM_HCS-like
3128,Clo1313_0708,IPR013785,UPI0001B1EE94,Aldolase_TIM
3129,Clo1313_0708,IPR000891,UPI0001B1EE94,PYR_CT
3130,Clo1313_0708,,UPI0001B1EE94,
3131,Clo1313_0709,IPR015931,UPI000038F4BB,Acnase/IPM_dHydase_lsu_aba_1/3
3132,Clo1313_0709,IPR001030,UPI000038F4BB,Acoase/IPM_deHydtase_lsu_aba
3133,Clo1313_0709,IPR015928,UPI000038F4BB,Aconitase/3IPM_dehydase_swvl
3134,Clo1313_0709,IPR050926,UPI000038F4BB,Aconitase/IPM_isomerase
3135,Clo1313_0709,IPR018136,UPI000038F4BB,Aconitase_4Fe-4S_BS
3136,Clo1313_0709,IPR036008,UPI000038F4BB,Aconitase_4Fe-4S_dom
3137,Clo1313_0709,IPR006250,UPI000038F4BB,Aconitase_put
3138,Clo1313_0709,IPR000573,UPI000038F4BB,AconitaseA/IPMdHydase_ssu_swvl
3139,Clo1313_0709,,UPI000038F4BB,
3140,Clo1313_0710,IPR011711,UPI000038F4BA,GntR_C
3141,Clo1313_0710,IPR008920,UPI000038F4BA,TF_FadR/GntR_C
3142,Clo1313_0710,IPR000524,UPI000038F4BA,Tscrpt_reg_HTH_GntR
3143,Clo1313_0710,IPR036388,UPI000038F4BA,WH-like_DNA-bd_sf
3144,Clo1313_0710,IPR036390,UPI000038F4BA,WH_DNA-bd_sf
3145,Clo1313_0710,,UPI000038F4BA,
3146,Clo1313_0711,IPR031341,UPI0000532007,Methyltr_RsmF_N
3147,Clo1313_0711,IPR049560,UPI0000532007,MeTrfase_RsmB-F_NOP2_cat
3148,Clo1313_0711,IPR001678,UPI0000532007,MeTrfase_RsmB-F_NOP2_dom
3149,Clo1313_0711,IPR027391,UPI0000532007,Nol1_Nop2_Fmu_2
3150,Clo1313_0711,IPR011023,UPI0000532007,Nop2p
3151,Clo1313_0711,IPR023267,UPI0000532007,RCMT
3152,Clo1313_0711,IPR018314,UPI0000532007,RsmB/NOL1/NOP2-like_CS
3153,Clo1313_0711,IPR031340,UPI0000532007,RsmF_methylt_CI
3154,Clo1313_0711,IPR029063,UPI0000532007,SAM-dependent_MTases_sf
3155,Clo1313_0711,,UPI0000532007,
3156,Clo1313_0712,IPR042092,UPI00003C8EE1,PsdUridine_s_RsuA/RluB/E/F_cat
3157,Clo1313_0712,IPR020103,UPI00003C8EE1,PsdUridine_synth_cat_dom_sf
3158,Clo1313_0712,IPR006145,UPI00003C8EE1,PsdUridine_synth_RsuA/RluA
3159,Clo1313_0712,IPR000748,UPI00003C8EE1,PsdUridine_synth_RsuA/RluB/E/F
3160,Clo1313_0712,IPR018496,UPI00003C8EE1,PsdUridine_synth_RsuA/RluB_CS
3161,Clo1313_0712,IPR050343,UPI00003C8EE1,RsuA_PseudoU_synthase
3162,Clo1313_0712,IPR002942,UPI00003C8EE1,S4_RNA-bd
3163,Clo1313_0712,IPR036986,UPI00003C8EE1,S4_RNA-bd_sf
3164,Clo1313_0712,IPR020094,UPI00003C8EE1,TruA/RsuA/RluB/E/F_N
3165,Clo1313_0712,,UPI00003C8EE1,
3166,Clo1313_0713,IPR025714,UPI0001B1EE91,Methyltranfer_dom
3167,Clo1313_0713,IPR029063,UPI0001B1EE91,SAM-dependent_MTases_sf
3168,Clo1313_0713,,UPI0001B1EE91,
3169,Clo1313_0714,IPR005085,UPI0001B1EE90,CBM25
3170,Clo1313_0714,IPR013783,UPI0001B1EE90,Ig-like_fold
3171,Clo1313_0714,,UPI0001B1EE90,
3172,Clo1313_0715,IPR041522,UPI00005361EF,CdaR_GGDEF
3173,Clo1313_0715,IPR011006,UPI00005361EF,CheY-like_superfamily
3174,Clo1313_0715,IPR009057,UPI00005361EF,Homeodomain-like_sf
3175,Clo1313_0715,IPR051552,UPI00005361EF,HptR
3176,Clo1313_0715,IPR018060,UPI00005361EF,HTH_AraC
3177,Clo1313_0715,IPR001789,UPI00005361EF,Sig_transdc_resp-reg_receiver
3178,Clo1313_0715,,UPI00005361EF,
3179,Clo1313_0716,IPR046357,UPI00017E2E01,PPIase_dom_sf
3180,Clo1313_0716,IPR050245,UPI00017E2E01,PrsA_foldase
3181,Clo1313_0716,,UPI00017E2E01,
3182,Clo1313_0717,IPR011831,UPI0001B1EE8F,ADP-Glc_PPase
3183,Clo1313_0717,IPR005836,UPI0001B1EE8F,ADP_Glu_pyroP_CS
3184,Clo1313_0717,IPR023049,UPI0001B1EE8F,GlgC_bac
3185,Clo1313_0717,IPR056818,UPI0001B1EE8F,GlmU/GlgC-like_hexapep
3186,Clo1313_0717,IPR005835,UPI0001B1EE8F,NTP_transferase_dom
3187,Clo1313_0717,IPR029044,UPI0001B1EE8F,Nucleotide-diphossugar_trans
3188,Clo1313_0717,IPR011004,UPI0001B1EE8F,Trimer_LpxA-like_sf
3189,Clo1313_0717,,UPI0001B1EE8F,
3190,Clo1313_0718,IPR011831,UPI0001B1EE8E,ADP-Glc_PPase
3191,Clo1313_0718,IPR005836,UPI0001B1EE8E,ADP_Glu_pyroP_CS
3192,Clo1313_0718,IPR011832,UPI0001B1EE8E,GlgDAde_trans
3193,Clo1313_0718,IPR056818,UPI0001B1EE8E,GlmU/GlgC-like_hexapep
3194,Clo1313_0718,IPR005835,UPI0001B1EE8E,NTP_transferase_dom
3195,Clo1313_0718,IPR029044,UPI0001B1EE8E,Nucleotide-diphossugar_trans
3196,Clo1313_0718,IPR011004,UPI0001B1EE8E,Trimer_LpxA-like_sf
3197,Clo1313_0718,,UPI0001B1EE8E,
3198,Clo1313_0719,IPR017438,UPI000038F4B1,ATP-NAD_kinase_N
3199,Clo1313_0719,IPR005218,UPI000038F4B1,Diacylglycerol/lipid_kinase
3200,Clo1313_0719,IPR001206,UPI000038F4B1,Diacylglycerol_kinase_cat_dom
3201,Clo1313_0719,IPR050187,UPI000038F4B1,Lipid_Phosphate_FormReg
3202,Clo1313_0719,IPR016064,UPI000038F4B1,NAD/diacylglycerol_kinase_sf
3203,Clo1313_0719,IPR045540,UPI000038F4B1,YegS/DAGK_C
3204,Clo1313_0719,,UPI000038F4B1,
3205,Clo1313_0720,IPR014358,UPI000038F4B0,Enoyl-ACP_Rdtase_NADH
3206,Clo1313_0720,IPR036291,UPI000038F4B0,NAD(P)-bd_dom_sf
3207,Clo1313_0720,IPR002347,UPI000038F4B0,SDR_fam
3208,Clo1313_0720,,UPI000038F4B0,
3209,Clo1313_0722,IPR013783,UPI0001B1EE8C,Ig-like_fold
3210,Clo1313_0722,,UPI0001B1EE8C,
3211,Clo1313_0723,IPR003838,UPI0001B1EE8B,ABC3_permease_C
3212,Clo1313_0723,IPR025857,UPI0001B1EE8B,MacB_PCD
3213,Clo1313_0723,IPR050250,UPI0001B1EE8B,Macrolide_Exporter_MacB
3214,Clo1313_0723,,UPI0001B1EE8B,
3215,Clo1313_0724,IPR004481,UPI0000535A95,K/Na/Ca-exchanger
3216,Clo1313_0724,IPR004837,UPI0000535A95,NaCa_Exmemb
3217,Clo1313_0724,IPR044880,UPI0000535A95,NCX_ion-bd_dom_sf
3218,Clo1313_0724,,UPI0000535A95,
3219,Clo1313_0725,IPR025373,UPI000038F4AB,DUF4363
3220,Clo1313_0725,,UPI000038F4AB,
3221,Clo1313_0726,IPR007353,UPI000038F4AA,DUF421
3222,Clo1313_0726,IPR023090,UPI000038F4AA,UPF0702_alpha/beta_dom_sf
3223,Clo1313_0726,,UPI000038F4AA,
3224,Clo1313_0727,IPR001448,UPI0000532008,SASP_alpha/beta-type
3225,Clo1313_0727,IPR018126,UPI0000532008,SASP_alpha/beta-type_CS
3226,Clo1313_0727,IPR050847,UPI0000532008,SASP_DNA-binding
3227,Clo1313_0727,IPR038300,UPI0000532008,SASP_sf_alpha/beta
3228,Clo1313_0727,,UPI0000532008,
3229,Clo1313_0728,IPR009695,UPI00017E2FA3,Diacylglyc_glucosyltr_N
3230,Clo1313_0728,IPR050519,UPI00017E2FA3,Glycosyltransf_28_UgtP
3231,Clo1313_0728,,UPI00017E2FA3,
3232,Clo1313_0729,IPR005646,UPI000038F4A7,FapA
3233,Clo1313_0729,IPR046865,UPI000038F4A7,FapA_b_solenoid
3234,Clo1313_0729,IPR046866,UPI000038F4A7,FapA_N
3235,Clo1313_0729,,UPI000038F4A7,
3236,Clo1313_0730,IPR012338,UPI0001B1EE5B,Beta-lactam/transpept-like
3237,Clo1313_0730,IPR015956,UPI0001B1EE5B,Peniciliin-bd_prot_C_sf
3238,Clo1313_0730,IPR018044,UPI0001B1EE5B,Peptidase_S11
3239,Clo1313_0730,IPR012907,UPI0001B1EE5B,Peptidase_S11_C
3240,Clo1313_0730,IPR037167,UPI0001B1EE5B,Peptidase_S11_C_sf
3241,Clo1313_0730,IPR001967,UPI0001B1EE5B,Peptidase_S11_N
3242,Clo1313_0730,,UPI0001B1EE5B,
3243,Clo1313_0731,IPR025981,UPI00003C8EEA,rRNA_MeTrfase
3244,Clo1313_0731,IPR029063,UPI00003C8EEA,SAM-dependent_MTases_sf
3245,Clo1313_0731,,UPI00003C8EEA,
3246,Clo1313_0732,IPR006141,UPI00017E2FA6,Intein_N
3247,Clo1313_0732,IPR006036,UPI00017E2FA6,K_uptake_TrkA
3248,Clo1313_0732,IPR036291,UPI00017E2FA6,NAD(P)-bd_dom_sf
3249,Clo1313_0732,IPR006037,UPI00017E2FA6,RCK_C
3250,Clo1313_0732,IPR036721,UPI00017E2FA6,RCK_C_sf
3251,Clo1313_0732,IPR003148,UPI00017E2FA6,RCK_N
3252,Clo1313_0732,IPR050721,UPI00017E2FA6,Trk_Ktr_HKT_K-transport
3253,Clo1313_0732,,UPI00017E2FA6,
3254,Clo1313_0733,IPR003445,UPI00017E2FA7,Cat_transpt
3255,Clo1313_0733,IPR004772,UPI00017E2FA7,TrkH
3256,Clo1313_0733,,UPI00017E2FA7,
3257,Clo1313_0734,IPR050076,UPI0001F32954,ArchSynthase1/Queuine_TRR
3258,Clo1313_0734,IPR036511,UPI0001F32954,TGT-like_sf
3259,Clo1313_0734,IPR002616,UPI0001F32954,tRNA_ribo_trans-like
3260,Clo1313_0734,,UPI0001F32954,
3261,Clo1313_0735,IPR051198,UPI00003C8D2B,BchE-like
3262,Clo1313_0735,IPR006158,UPI00003C8D2B,Cobalamin-bd
3263,Clo1313_0735,IPR025288,UPI00003C8D2B,DUF4080
3264,Clo1313_0735,IPR006638,UPI00003C8D2B,Elp3/MiaA/NifB-like_rSAM
3265,Clo1313_0735,IPR034466,UPI00003C8D2B,Methyltransferase_Class_B
3266,Clo1313_0735,IPR007197,UPI00003C8D2B,rSAM
3267,Clo1313_0735,IPR023404,UPI00003C8D2B,rSAM_horseshoe
3268,Clo1313_0735,IPR058240,UPI00003C8D2B,rSAM_sf
3269,Clo1313_0735,,UPI00003C8D2B,
3270,Clo1313_0736,IPR036890,UPI000038F49F,HATPase_C_sf
3271,Clo1313_0736,IPR003594,UPI000038F49F,HATPase_dom
3272,Clo1313_0736,,UPI000038F49F,
3273,Clo1313_0737,IPR012854,UPI00003C8D2A,Cu_amine_oxidase-like_N
3274,Clo1313_0737,IPR036582,UPI00003C8D2A,Mao_N_sf
3275,Clo1313_0737,,UPI00003C8D2A,
3276,Clo1313_0738,,UPI0001B1EE59,
3277,Clo1313_0740,IPR025669,UPI000038F49A,AAA_dom
3278,Clo1313_0740,IPR050678,UPI000038F49A,DNA_Partitioning_ATPase
3279,Clo1313_0740,IPR027417,UPI000038F49A,P-loop_NTPase
3280,Clo1313_0740,,UPI000038F49A,
3281,Clo1313_0741,,UPI000038F499,
3282,Clo1313_0742,IPR008947,UPI00017E17B2,PLipase_C/P1_nuclease_dom_sf
3283,Clo1313_0742,IPR029002,UPI00017E17B2,PLPC/GPLD1
3284,Clo1313_0742,IPR001531,UPI00017E17B2,Zn_PLipaseC
3285,Clo1313_0742,,UPI00017E17B2,
3286,Clo1313_0743,IPR019076,UPI000038F497,Spore_lipoprot_YhcN/YlaJ-like
3287,Clo1313_0743,,UPI000038F497,
3288,Clo1313_0744,,UPI00017E17B3,
3289,Clo1313_0745,IPR008323,UPI00017E17B4,UCP033563
3290,Clo1313_0745,,UPI00017E17B4,
3291,Clo1313_0746,IPR027275,UPI0000536944,PRC-brl_dom
3292,Clo1313_0746,IPR011033,UPI0000536944,PRC_barrel-like_sf
3293,Clo1313_0746,,UPI0000536944,
3294,Clo1313_0747,,UPI0000F21A60,
3295,Clo1313_0748,IPR002549,UPI0001B1EE58,AI-2E-like
3296,Clo1313_0748,,UPI0001B1EE58,
3297,Clo1313_0749,IPR045864,UPI0001B1EE57,aa-tRNA-synth_II/BPL/LPL
3298,Clo1313_0749,IPR002318,UPI0001B1EE57,Ala-tRNA-lgiase_IIc
3299,Clo1313_0749,IPR018162,UPI0001B1EE57,Ala-tRNA-ligase_IIc_anticod-bd
3300,Clo1313_0749,IPR018165,UPI0001B1EE57,Ala-tRNA-synth_IIc_core
3301,Clo1313_0749,IPR018164,UPI0001B1EE57,Ala-tRNA-synth_IIc_N
3302,Clo1313_0749,IPR050058,UPI0001B1EE57,Ala-tRNA_ligase
3303,Clo1313_0749,IPR023033,UPI0001B1EE57,Ala_tRNA_ligase_euk/bac
3304,Clo1313_0749,IPR003156,UPI0001B1EE57,DHHA1_dom
3305,Clo1313_0749,IPR018163,UPI0001B1EE57,Thr/Ala-tRNA-synth_IIc_edit
3306,Clo1313_0749,IPR009000,UPI0001B1EE57,Transl_B-barrel_sf
3307,Clo1313_0749,IPR012947,UPI0001B1EE57,tRNA_SAD
3308,Clo1313_0749,,UPI0001B1EE57,
3309,Clo1313_0750,IPR013389,UPI0001B1EE56,CRISPR-assoc_prot_Cas8b
3310,Clo1313_0750,,UPI0001B1EE56,
3311,Clo1313_0751,IPR020209,UPI0001B1EE55,Cas6b_C
3312,Clo1313_0751,IPR041528,UPI0001B1EE55,Cas6b_N
3313,Clo1313_0751,,UPI0001B1EE55,
3314,Clo1313_0752,,UPI0001B1EE54,
3315,Clo1313_0753,IPR011335,UPI0001F3295D,Restrct_endonuc-II-like
3316,Clo1313_0753,IPR011856,UPI0001F3295D,tRNA_endonuc-like_dom_sf
3317,Clo1313_0753,,UPI0001F3295D,
3318,Clo1313_0754,IPR011335,UPI0001F3295E,Restrct_endonuc-II-like
3319,Clo1313_0754,,UPI0001F3295E,
3320,Clo1313_0755,IPR043128,UPI0001B1EE4F,Rev_trsase/Diguanyl_cyclase
3321,Clo1313_0755,,UPI0001B1EE4F,
3322,Clo1313_0756,IPR052216,UPI0001B1EE4E,CRISPR_Csm3_endoribonuclease
3323,Clo1313_0756,IPR005537,UPI0001B1EE4E,RAMP_III_fam
3324,Clo1313_0756,,UPI0001B1EE4E,
3325,Clo1313_0757,IPR005537,UPI0001B1EE4D,RAMP_III_fam
3326,Clo1313_0757,,UPI0001B1EE4D,
3327,Clo1313_0758,IPR052216,UPI0001B1EE22,CRISPR_Csm3_endoribonuclease
3328,Clo1313_0758,IPR005537,UPI0001B1EE22,RAMP_III_fam
3329,Clo1313_0758,,UPI0001B1EE22,
3330,Clo1313_0759,,UPI0001B1EE21,
3331,Clo1313_0760,IPR023825,UPI0001B1EE20,CRISPR-assoc_RAMP_BGP1436
3332,Clo1313_0760,,UPI0001B1EE20,
3333,Clo1313_0761,,UPI0001F3295F,
3334,Clo1313_0762,IPR014082,UPI0001B1EE1E,CRISPR-assoc_prot_Cas02710
3335,Clo1313_0762,IPR054008,UPI0001B1EE1E,Csm6_6H
3336,Clo1313_0762,IPR011335,UPI0001B1EE1E,Restrct_endonuc-II-like
3337,Clo1313_0762,,UPI0001B1EE1E,
3338,Clo1313_0764,IPR021127,UPI0001B1EE1B,CRISPR_associated_Cas2
3339,Clo1313_0764,IPR019199,UPI0001B1EE1B,Virulence_VapD/CRISPR_Cas2
3340,Clo1313_0764,,UPI0001B1EE1B,
3341,Clo1313_0765,IPR051827,UPI0001B1EE1A,Cas4_exonuclease
3342,Clo1313_0765,IPR013343,UPI0001B1EE1A,CRISPR-assoc_prot_Cas4
3343,Clo1313_0765,IPR022765,UPI0001B1EE1A,Dna2/Cas4_DUF83
3344,Clo1313_0765,IPR011604,UPI0001B1EE1A,PDDEXK-like_dom_sf
3345,Clo1313_0765,,UPI0001B1EE1A,
3346,Clo1313_0767,,UPI0001F32960,
3347,Clo1313_0769,,UPI0001F32961,
3348,Clo1313_0770,,UPI0001B1EF75,
3349,Clo1313_0771,,UPI0001B1EF74,
3350,Clo1313_0772,IPR015943,UPI0001B1EF73,WD40/YVTN_repeat-like_dom_sf
3351,Clo1313_0772,,UPI0001B1EF73,
3352,Clo1313_2700,IPR009057,UPI0001F32952,Homeodomain-like_sf
3353,Clo1313_2700,IPR025948,UPI0001F32952,HTH-like_dom
3354,Clo1313_2700,IPR001584,UPI0001F32952,Integrase_cat-core
3355,Clo1313_2700,IPR012337,UPI0001F32952,RNaseH-like_sf
3356,Clo1313_2700,IPR036397,UPI0001F32952,RNaseH_sf
3357,Clo1313_2700,IPR048020,UPI0001F32952,Transpos_IS3
3358,Clo1313_2700,IPR002514,UPI0001F32952,Transposase_8
3359,Clo1313_2700,IPR050900,UPI0001F32952,Transposase_IS3/IS150/IS904
3360,Clo1313_2700,IPR036388,UPI0001F32952,WH-like_DNA-bd_sf
3361,Clo1313_2700,,UPI0001F32952,
3362,Clo1313_0777,IPR031344,UPI0000537939,DUF5104
3363,Clo1313_0777,,UPI0000537939,
3364,Clo1313_0778,IPR012854,UPI0001B1EF38,Cu_amine_oxidase-like_N
3365,Clo1313_0778,IPR036582,UPI0001B1EF38,Mao_N_sf
3366,Clo1313_0778,,UPI0001B1EF38,
3367,Clo1313_0779,IPR012854,UPI0001B1EF37,Cu_amine_oxidase-like_N
3368,Clo1313_0779,IPR036582,UPI0001B1EF37,Mao_N_sf
3369,Clo1313_0779,,UPI0001B1EF37,
3370,Clo1313_0780,IPR012854,UPI00003C8D4B,Cu_amine_oxidase-like_N
3371,Clo1313_0780,IPR036582,UPI00003C8D4B,Mao_N_sf
3372,Clo1313_0780,,UPI00003C8D4B,
3373,Clo1313_0781,,UPI0001B1EF36,
3374,Clo1313_0782,,UPI00003C8D49,
3375,Clo1313_0784,IPR002110,UPI000038FC28,Ankyrin_rpt
3376,Clo1313_0784,IPR036770,UPI000038FC28,Ankyrin_rpt-contain_sf
3377,Clo1313_0784,IPR050745,UPI000038FC28,Multifunctional_regulatory
3378,Clo1313_0784,,UPI000038FC28,
3379,Clo1313_1864,IPR001207,UPI0000533609,Transposase_mutator
3380,Clo1313_1864,,UPI0000533609,
3381,Clo1313_0787,,UPI0001B1EFBB,
3382,Clo1313_0788,,UPI0001B1EFBC,
3383,Clo1313_0789,,UPI0001F3296C,
3384,Clo1313_0791,IPR006076,UPI0001F3296D,FAD-dep_OxRdtase
3385,Clo1313_0791,IPR036188,UPI0001F3296D,FAD/NAD-bd_sf
3386,Clo1313_0791,IPR017941,UPI0001F3296D,Rieske_2Fe-2S
3387,Clo1313_0791,IPR036922,UPI0001F3296D,Rieske_2Fe-2S_sf
3388,Clo1313_0791,IPR005805,UPI0001F3296D,Rieske_Fe-S_prot_C
3389,Clo1313_0791,IPR038010,UPI0001F3296D,YhfW_C
3390,Clo1313_0791,,UPI0001F3296D,
3391,Clo1313_0792,,UPI00017E66D3,
3392,Clo1313_0793,IPR001638,UPI0000532269,Solute-binding_3/MltF_N
3393,Clo1313_0793,,UPI0000532269,
3394,Clo1313_0794,IPR010065,UPI0000533A8B,AA_ABC_transptr_permease_3TM
3395,Clo1313_0794,IPR043429,UPI0000533A8B,ArtM/GltK/GlnP/TcyL/YhdX-like
3396,Clo1313_0794,IPR000515,UPI0000533A8B,MetI-like
3397,Clo1313_0794,IPR035906,UPI0000533A8B,MetI-like_sf
3398,Clo1313_0794,,UPI0000533A8B,
3399,Clo1313_0795,IPR003593,UPI00017E1F9B,AAA+_ATPase
3400,Clo1313_0795,IPR030679,UPI00017E1F9B,ABC_ATPase_HisP-typ
3401,Clo1313_0795,IPR003439,UPI00017E1F9B,ABC_transporter-like_ATP-bd
3402,Clo1313_0795,IPR017871,UPI00017E1F9B,ABC_transporter-like_CS
3403,Clo1313_0795,IPR050086,UPI00017E1F9B,MetN_ABC_transporter-like
3404,Clo1313_0795,IPR027417,UPI00017E1F9B,P-loop_NTPase
3405,Clo1313_0795,,UPI00017E1F9B,
3406,Clo1313_0796,IPR016024,UPI00003C8ED2,ARM-type_fold
3407,Clo1313_0796,IPR014825,UPI00003C8ED2,DNA_alkylation
3408,Clo1313_0796,,UPI00003C8ED2,
3409,Clo1313_0799,IPR032774,UPI00017E1F99,WG_beta_rep
3410,Clo1313_0799,,UPI00017E1F99,
3411,Clo1313_0800,IPR016181,UPI00017E1F98,Acyl_CoA_acyltransferase
3412,Clo1313_0800,IPR000182,UPI00017E1F98,GNAT_dom
3413,Clo1313_0800,,UPI00017E1F98,
3414,Clo1313_0801,IPR028994,UPI000038FA95,Integrin_alpha_N
3415,Clo1313_0801,,UPI000038FA95,
3416,Clo1313_0802,IPR000835,UPI0000F21967,HTH_MarR-typ
3417,Clo1313_0802,IPR023187,UPI0000F21967,Tscrpt_reg_MarR-type_CS
3418,Clo1313_0802,IPR036388,UPI0000F21967,WH-like_DNA-bd_sf
3419,Clo1313_0802,IPR036390,UPI0000F21967,WH_DNA-bd_sf
3420,Clo1313_0802,,UPI0000F21967,
3421,Clo1313_0803,IPR002528,UPI00003C8ECD,MATE_fam
3422,Clo1313_0803,IPR045070,UPI00003C8ECD,MATE_MepA-like
3423,Clo1313_0803,IPR051327,UPI00003C8ECD,MATE_MepA_subfamily
3424,Clo1313_0803,IPR048279,UPI00003C8ECD,MdtK-like
3425,Clo1313_0803,,UPI00003C8ECD,
3426,Clo1313_0804,,UPI00005341DB,
3427,Clo1313_0805,IPR009003,UPI0000534905,Peptidase_S1_PA
3428,Clo1313_0805,IPR001940,UPI0000534905,Peptidase_S1C
3429,Clo1313_0805,IPR000157,UPI0000534905,TIR_dom
3430,Clo1313_0805,IPR035897,UPI0000534905,Toll_tir_struct_dom_sf
3431,Clo1313_0805,,UPI0000534905,
3432,Clo1313_0807,IPR025868,UPI0000F21966,Zn_ribbon_dom_put
3433,Clo1313_0807,,UPI0000F21966,
3434,Clo1313_0809,IPR021328,UPI000038FA8F,CotB-like
3435,Clo1313_0809,,UPI000038FA8F,
3436,Clo1313_0811,IPR039425,UPI000038FA8E,RNA_pol_sigma-70-like
3437,Clo1313_0811,IPR014284,UPI000038FA8E,RNA_pol_sigma-70_dom
3438,Clo1313_0811,IPR007627,UPI000038FA8E,RNA_pol_sigma70_r2
3439,Clo1313_0811,IPR013249,UPI000038FA8E,RNA_pol_sigma70_r4_t2
3440,Clo1313_0811,IPR013325,UPI000038FA8E,RNA_pol_sigma_r2
3441,Clo1313_0811,IPR013324,UPI000038FA8E,RNA_pol_sigma_r3/r4-like
3442,Clo1313_0811,IPR036388,UPI000038FA8E,WH-like_DNA-bd_sf
3443,Clo1313_0811,,UPI000038FA8E,
3444,Clo1313_0812,IPR021729,UPI0001B1ED83,DUF3298
3445,Clo1313_0812,IPR025303,UPI0001B1ED83,PdaC
3446,Clo1313_0812,IPR037126,UPI0001B1ED83,PdaC/RsiV-like_sf
3447,Clo1313_0812,,UPI0001B1ED83,
3448,Clo1313_0813,IPR013078,UPI000038FA8B,His_Pase_superF_clade-1
3449,Clo1313_0813,IPR029033,UPI000038FA8B,His_PPase_superfam
3450,Clo1313_0813,IPR050275,UPI000038FA8B,PGM_Phosphatase
3451,Clo1313_0813,,UPI000038FA8B,
3452,Clo1313_0814,IPR038765,UPI000038FA8A,Papain-like_cys_pep_sf
3453,Clo1313_0814,,UPI000038FA8A,
3454,Clo1313_0815,IPR036291,UPI0001B1ED82,NAD(P)-bd_dom_sf
3455,Clo1313_0815,IPR002347,UPI0001B1ED82,SDR_fam
3456,Clo1313_0815,,UPI0001B1ED82,
3457,Clo1313_0817,,UPI000038FA88,
3458,Clo1313_0818,IPR029322,UPI00003C8EC2,DUF4474
3459,Clo1313_0818,,UPI00003C8EC2,
3460,Clo1313_0819,IPR004843,UPI000053506E,Calcineurin-like_PHP
3461,Clo1313_0819,IPR043461,UPI000053506E,LpxH-like
3462,Clo1313_0819,IPR029052,UPI000053506E,Metallo-depent_PP-like
3463,Clo1313_0819,,UPI000053506E,
3464,Clo1313_0820,IPR017853,UPI000053664A,GH_hydrolase_sf
3465,Clo1313_0820,IPR001360,UPI000053664A,Glyco_hydro_1
3466,Clo1313_0820,IPR018120,UPI000053664A,Glyco_hydro_1_AS
3467,Clo1313_0820,,UPI000053664A,
3468,Clo1313_0821,IPR008407,UPI00003C8EC1,Brnchd-chn_aa_trnsp_AzlD
3469,Clo1313_0821,,UPI00003C8EC1,
3470,Clo1313_0822,IPR011606,UPI00003C8EC0,Brnchd-chn_aa_trnsp_permease
3471,Clo1313_0822,,UPI00003C8EC0,
3472,Clo1313_0823,IPR004131,UPI0001B1EF31,PPase-energised_H-pump
3473,Clo1313_0823,,UPI0001B1EF31,
3474,Clo1313_0824,,UPI0000F2195D,
3475,Clo1313_0825,IPR002549,UPI00017E1E1E,AI-2E-like
3476,Clo1313_0825,,UPI00017E1E1E,
3477,Clo1313_0826,,UPI0001F3298E,
3478,Clo1313_0828,IPR011008,UPI00003C8EBD,Dimeric_a/b-barrel
3479,Clo1313_0828,IPR051791,UPI00003C8EBD,Pra-immunoreactive
3480,Clo1313_0828,IPR010432,UPI00003C8EBD,RDD
3481,Clo1313_0828,IPR008000,UPI00003C8EBD,Rham/fucose_mutarotase
3482,Clo1313_0828,,UPI00003C8EBD,
3483,Clo1313_0829,IPR029045,UPI0000F2195C,ClpP/crotonase-like_dom_sf
3484,Clo1313_0829,IPR004635,UPI0000F2195C,Pept_S49_SppA
3485,Clo1313_0829,IPR002142,UPI0000F2195C,Peptidase_S49
3486,Clo1313_0829,IPR047272,UPI0000F2195C,S49_SppA_C
3487,Clo1313_0829,,UPI0000F2195C,
3488,Clo1313_0830,IPR003810,UPI0000F2195B,Mntp/YtaF
3489,Clo1313_0830,IPR022929,UPI0000F2195B,MntP
3490,Clo1313_0830,,UPI0000F2195B,
3491,Clo1313_0831,,UPI00003C8E81,
3492,Clo1313_0832,,UPI00017E1E1B,
3493,Clo1313_0833,IPR003593,UPI000038FBCC,AAA+_ATPase
3494,Clo1313_0833,IPR003439,UPI000038FBCC,ABC_transporter-like_ATP-bd
3495,Clo1313_0833,IPR017871,UPI000038FBCC,ABC_transporter-like_CS
3496,Clo1313_0833,IPR027417,UPI000038FBCC,P-loop_NTPase
3497,Clo1313_0833,,UPI000038FBCC,
3498,Clo1313_0834,,UPI000038FBCB,
3499,Clo1313_0835,,UPI00003C8E83,
3500,Clo1313_0836,IPR006653,UPI0001B1F058,Trp_synth_b_CS
3501,Clo1313_0836,IPR006654,UPI0001B1F058,Trp_synth_beta
3502,Clo1313_0836,IPR023026,UPI0001B1F058,Trp_synth_beta/beta-like
3503,Clo1313_0836,IPR001926,UPI0001B1F058,TrpB-like_PALP
3504,Clo1313_0836,IPR036052,UPI0001B1F058,TrpB-like_PALP_sf
3505,Clo1313_0836,,UPI0001B1F058,
3506,Clo1313_0837,IPR013785,UPI000038FBC7,Aldolase_TIM
3507,Clo1313_0837,IPR011060,UPI000038FBC7,RibuloseP-bd_barrel
3508,Clo1313_0837,IPR018204,UPI000038FBC7,Trp_synthase_alpha_AS
3509,Clo1313_0837,IPR002028,UPI000038FBC7,Trp_synthase_suA
3510,Clo1313_0837,,UPI000038FBC7,
3511,Clo1313_0838,IPR002524,UPI0001B1F057,Cation_efflux
3512,Clo1313_0838,IPR027470,UPI0001B1F057,Cation_efflux_CTD
3513,Clo1313_0838,IPR036837,UPI0001B1F057,Cation_efflux_CTD_sf
3514,Clo1313_0838,IPR058533,UPI0001B1F057,Cation_efflux_TM
3515,Clo1313_0838,IPR027469,UPI0001B1F057,Cation_efflux_TMD_sf
3516,Clo1313_0838,IPR050291,UPI0001B1F057,FieF-like
3517,Clo1313_0838,,UPI0001B1F057,
3518,Clo1313_0841,IPR011006,UPI000038FBC4,CheY-like_superfamily
3519,Clo1313_0841,IPR001867,UPI000038FBC4,OmpR/PhoB-type_DNA-bd
3520,Clo1313_0841,IPR016032,UPI000038FBC4,Sig_transdc_resp-reg_C-effctor
3521,Clo1313_0841,IPR001789,UPI000038FBC4,Sig_transdc_resp-reg_receiver
3522,Clo1313_0841,IPR039420,UPI000038FBC4,WalR-like
3523,Clo1313_0841,IPR036388,UPI000038FBC4,WH-like_DNA-bd_sf
3524,Clo1313_0841,,UPI000038FBC4,
3525,Clo1313_0842,IPR018966,UPI0001B1F056,VTC_domain
3526,Clo1313_0842,IPR042267,UPI0001B1F056,VTC_sf
3527,Clo1313_0842,,UPI0001B1F056,
3528,Clo1313_0843,IPR032531,UPI0001B1F055,DUF4956
3529,Clo1313_0843,,UPI0001B1F055,
3530,Clo1313_0844,IPR014867,UPI0001B1F054,Spore_coat_CotH_CotH2/3/7
3531,Clo1313_0844,,UPI0001B1F054,
3532,Clo1313_0845,IPR003373,UPI00017E45F7,Fe2_transport_prot-B
3533,Clo1313_0845,IPR011640,UPI00017E45F7,Fe2_transport_prot_B_C
3534,Clo1313_0845,IPR041069,UPI00017E45F7,FeoB_Cyto
3535,Clo1313_0845,IPR050860,UPI00017E45F7,FeoB_GTPase
3536,Clo1313_0845,IPR030389,UPI00017E45F7,G_FEOB_dom
3537,Clo1313_0845,IPR011642,UPI00017E45F7,Gate_dom
3538,Clo1313_0845,IPR027417,UPI00017E45F7,P-loop_NTPase
3539,Clo1313_0845,,UPI00017E45F7,
3540,Clo1313_0846,IPR007167,UPI000038FDE2,Fe-transptr_FeoA-like
3541,Clo1313_0846,IPR052713,UPI000038FDE2,FeoA
3542,Clo1313_0846,IPR038157,UPI000038FDE2,FeoA_core_dom
3543,Clo1313_0846,IPR008988,UPI000038FDE2,Transcriptional_repressor_C
3544,Clo1313_0846,,UPI000038FDE2,
3545,Clo1313_0847,IPR050536,UPI00003C8E88,MntR_IdeR_Metal-Reg
3546,Clo1313_0847,IPR001367,UPI00003C8E88,Fe_dep_repressor
3547,Clo1313_0847,IPR036421,UPI00003C8E88,Fe_dep_repressor_sf
3548,Clo1313_0847,IPR022687,UPI00003C8E88,HTH_DTXR
3549,Clo1313_0847,IPR000835,UPI00003C8E88,HTH_MarR-typ
3550,Clo1313_0847,IPR000281,UPI00003C8E88,HTH_RpiR
3551,Clo1313_0847,IPR022689,UPI00003C8E88,Iron_dep_repressor
3552,Clo1313_0847,IPR036388,UPI00003C8E88,WH-like_DNA-bd_sf
3553,Clo1313_0847,IPR036390,UPI00003C8E88,WH_DNA-bd_sf
3554,Clo1313_0847,,UPI00003C8E88,
3555,Clo1313_0849,IPR002105,UPI000038FD59,Dockerin_1_rpt
3556,Clo1313_0849,IPR016134,UPI000038FD59,Dockerin_dom
3557,Clo1313_0849,IPR036439,UPI000038FD59,Dockerin_dom_sf
3558,Clo1313_0849,IPR018247,UPI000038FD59,EF_Hand_1_Ca_BS
3559,Clo1313_0849,IPR017853,UPI000038FD59,GH_hydrolase_sf
3560,Clo1313_0849,IPR011683,UPI000038FD59,Glyco_hydro_53
3561,Clo1313_0849,,UPI000038FD59,
3562,Clo1313_0850,IPR010181,UPI00017E4208,CGCAxxGCC_motif
3563,Clo1313_0850,,UPI00017E4208,
3564,Clo1313_0851,IPR002105,UPI000038FD5B,Dockerin_1_rpt
3565,Clo1313_0851,IPR016134,UPI000038FD5B,Dockerin_dom
3566,Clo1313_0851,IPR036439,UPI000038FD5B,Dockerin_dom_sf
3567,Clo1313_0851,IPR018247,UPI000038FD5B,EF_Hand_1_Ca_BS
3568,Clo1313_0851,IPR015943,UPI000038FD5B,WD40/YVTN_repeat-like_dom_sf
3569,Clo1313_0851,IPR052025,UPI000038FD5B,Xyloglucanase_GH74
3570,Clo1313_0851,,UPI000038FD5B,
3571,Clo1313_0852,IPR002495,UPI0000532AD9,Glyco_trans_8
3572,Clo1313_0852,IPR050748,UPI0000532AD9,Glycosyltrans_8_dom-fam
3573,Clo1313_0852,IPR029044,UPI0000532AD9,Nucleotide-diphossugar_trans
3574,Clo1313_0852,,UPI0000532AD9,
3575,Clo1313_0853,IPR022924,UPI000038FD5D,Cardiolipin_synthase
3576,Clo1313_0853,IPR027379,UPI000038FD5D,CLS_N
3577,Clo1313_0853,IPR025202,UPI000038FD5D,PLD-like_dom
3578,Clo1313_0853,IPR001736,UPI000038FD5D,PLipase_D/transphosphatidylase
3579,Clo1313_0853,,UPI000038FD5D,
3580,Clo1313_0855,IPR011006,UPI00017E4207,CheY-like_superfamily
3581,Clo1313_0855,IPR001867,UPI00017E4207,OmpR/PhoB-type_DNA-bd
3582,Clo1313_0855,IPR016032,UPI00017E4207,Sig_transdc_resp-reg_C-effctor
3583,Clo1313_0855,IPR001789,UPI00017E4207,Sig_transdc_resp-reg_receiver
3584,Clo1313_0855,IPR039420,UPI00017E4207,WalR-like
3585,Clo1313_0855,IPR036388,UPI00017E4207,WH-like_DNA-bd_sf
3586,Clo1313_0855,,UPI00017E4207,
3587,Clo1313_0856,IPR050351,UPI00017E4206,BphY/WalK/GraS-like
3588,Clo1313_0856,IPR003660,UPI00017E4206,HAMP_dom
3589,Clo1313_0856,IPR036890,UPI00017E4206,HATPase_C_sf
3590,Clo1313_0856,IPR003594,UPI00017E4206,HATPase_dom
3591,Clo1313_0856,IPR005467,UPI00017E4206,His_kinase_dom
3592,Clo1313_0856,IPR003661,UPI00017E4206,HisK_dim/P_dom
3593,Clo1313_0856,IPR036097,UPI00017E4206,HisK_dim/P_sf
3594,Clo1313_0856,IPR000014,UPI00017E4206,PAS
3595,Clo1313_0856,IPR035965,UPI00017E4206,PAS-like_dom_sf
3596,Clo1313_0856,IPR013767,UPI00017E4206,PAS_fold
3597,Clo1313_0856,IPR004358,UPI00017E4206,Sig_transdc_His_kin-like_C
3598,Clo1313_0856,,UPI00017E4206,
3599,Clo1313_0857,IPR050073,UPI000038FD9C,2-IPM_HCS-like
3600,Clo1313_0857,IPR013709,UPI000038FD9C,2-isopropylmalate_synth_dimer
3601,Clo1313_0857,IPR002034,UPI000038FD9C,AIPM/Hcit_synth_CS
3602,Clo1313_0857,IPR013785,UPI000038FD9C,Aldolase_TIM
3603,Clo1313_0857,IPR054691,UPI000038FD9C,LeuA/HCS_post-cat
3604,Clo1313_0857,IPR036230,UPI000038FD9C,LeuA_allosteric_dom_sf
3605,Clo1313_0857,IPR005671,UPI000038FD9C,LeuA_bact_synth
3606,Clo1313_0857,IPR000891,UPI000038FD9C,PYR_CT
3607,Clo1313_0857,,UPI000038FD9C,
3608,Clo1313_0858,IPR029058,UPI0001B1F028,AB_hydrolase_fold
3609,Clo1313_0858,IPR022742,UPI0001B1F028,ABHD17C-like
3610,Clo1313_0858,IPR051044,UPI0001B1F028,MAG_DAG_Lipase
3611,Clo1313_0858,,UPI0001B1F028,
3612,Clo1313_0859,IPR050264,UPI00005348BF,Bact_CCA-adding_enz_type3_sf
3613,Clo1313_0859,IPR003607,UPI00005348BF,HD/PDEase_dom
3614,Clo1313_0859,IPR006674,UPI00005348BF,HD_domain
3615,Clo1313_0859,IPR006675,UPI00005348BF,HDIG_dom
3616,Clo1313_0859,IPR043519,UPI00005348BF,NT_sf
3617,Clo1313_0859,IPR002646,UPI00005348BF,PolA_pol_head_dom
3618,Clo1313_0859,IPR032828,UPI00005348BF,PolyA_RNA-bd
3619,Clo1313_0859,,UPI00005348BF,
3620,Clo1313_0860,IPR000831,UPI00005341AC,Trp_repress
3621,Clo1313_0860,IPR010921,UPI00005341AC,Trp_repressor/repl_initiator
3622,Clo1313_0860,IPR038116,UPI00005341AC,TrpR-like_sf
3623,Clo1313_0860,IPR013368,UPI00005341AC,YecD_YerC
3624,Clo1313_0860,,UPI00005341AC,
3625,Clo1313_0861,,UPI00003C8FE9,
3626,Clo1313_0862,IPR035168,UPI0000537C05,DUF5317
3627,Clo1313_0862,,UPI0000537C05,
3628,Clo1313_0863,IPR014001,UPI000038FCB3,Helicase_ATP-bd
3629,Clo1313_0863,IPR027417,UPI000038FCB3,P-loop_NTPase
3630,Clo1313_0863,IPR004027,UPI000038FCB3,SEC_C_motif
3631,Clo1313_0863,IPR000185,UPI000038FCB3,SecA
3632,Clo1313_0863,IPR020937,UPI000038FCB3,SecA_CS
3633,Clo1313_0863,IPR011115,UPI000038FCB3,SecA_DEAD
3634,Clo1313_0863,IPR014018,UPI000038FCB3,SecA_motor_DEAD
3635,Clo1313_0863,IPR011130,UPI000038FCB3,SecA_preprotein_X-link_dom
3636,Clo1313_0863,IPR044722,UPI000038FCB3,SecA_SF2_C
3637,Clo1313_0863,IPR011116,UPI000038FCB3,SecA_Wing/Scaffold
3638,Clo1313_0863,IPR036266,UPI000038FCB3,SecA_Wing/Scaffold_sf
3639,Clo1313_0863,IPR036670,UPI000038FCB3,SecA_X-link_sf
3640,Clo1313_0863,,UPI000038FCB3,
3641,Clo1313_0864,IPR001645,UPI000038FCB2,Folylpolyglutamate_synth
3642,Clo1313_0864,IPR018109,UPI000038FCB2,Folylpolyglutamate_synth_CS
3643,Clo1313_0864,IPR036565,UPI000038FCB2,Mur-like_cat_sf
3644,Clo1313_0864,IPR004101,UPI000038FCB2,Mur_ligase_C
3645,Clo1313_0864,IPR036615,UPI000038FCB2,Mur_ligase_C_dom_sf
3646,Clo1313_0864,IPR013221,UPI000038FCB2,Mur_ligase_cen
3647,Clo1313_0864,,UPI000038FCB2,
3648,Clo1313_0865,IPR051012,UPI000038FCB1,
3649,Clo1313_0865,IPR011990,UPI000038FCB1,TPR-like_helical_dom_sf
3650,Clo1313_0865,IPR019734,UPI000038FCB1,TPR_rpt
3651,Clo1313_0865,,UPI000038FCB1,
3652,Clo1313_0866,IPR016035,UPI00017E5E9C,Acyl_Trfase/lysoPLipase
3653,Clo1313_0866,IPR052580,UPI00017E5E9C,Lipid_Hydrolase
3654,Clo1313_0866,IPR002641,UPI00017E5E9C,PNPLA_dom
3655,Clo1313_0866,,UPI00017E5E9C,
3656,Clo1313_0867,IPR029144,UPI0000F21946,Thr_synth_N
3657,Clo1313_0867,IPR037158,UPI0000F21946,Thr_synth_N_sf
3658,Clo1313_0867,IPR004450,UPI0000F21946,Thr_synthase-like
3659,Clo1313_0867,IPR001926,UPI0000F21946,TrpB-like_PALP
3660,Clo1313_0867,IPR036052,UPI0000F21946,TrpB-like_PALP_sf
3661,Clo1313_0867,,UPI0000F21946,
3662,Clo1313_0868,IPR011006,UPI000038FCAE,CheY-like_superfamily
3663,Clo1313_0868,IPR001789,UPI000038FCAE,Sig_transdc_resp-reg_receiver
3664,Clo1313_0868,IPR052048,UPI000038FCAE,ST_Response_Regulator
3665,Clo1313_0868,,UPI000038FCAE,
3666,Clo1313_0869,IPR000683,UPI0001B1F026,Gfo/Idh/MocA-like_OxRdtase_N
3667,Clo1313_0869,IPR051450,UPI0001B1F026,Gfo/Idh/MocA_Oxidoreductases
3668,Clo1313_0869,IPR055170,UPI0001B1F026,GFO_IDH_MocA-like_dom
3669,Clo1313_0869,IPR036291,UPI0001B1F026,NAD(P)-bd_dom_sf
3670,Clo1313_0869,,UPI0001B1F026,
3671,Clo1313_0871,IPR045865,UPI00003C8FE4,ACT-like_dom_sf
3672,Clo1313_0871,IPR002912,UPI00003C8FE4,ACT_dom
3673,Clo1313_0871,IPR008310,UPI00003C8FE4,UPF0735_ACT_dom-cont
3674,Clo1313_0871,,UPI00003C8FE4,
3675,Clo1313_0872,IPR005106,UPI0000F21945,Asp/hSer_DH_NAD-bd
3676,Clo1313_0872,IPR016204,UPI0000F21945,HDH
3677,Clo1313_0872,IPR001342,UPI0000F21945,HDH_cat
3678,Clo1313_0872,IPR019811,UPI0000F21945,HDH_CS
3679,Clo1313_0872,IPR036291,UPI0000F21945,NAD(P)-bd_dom_sf
3680,Clo1313_0872,,UPI0000F21945,
3681,Clo1313_0873,IPR036393,UPI0000F21944,AceGlu_kinase-like_sf
3682,Clo1313_0873,IPR045865,UPI0000F21944,ACT-like_dom_sf
3683,Clo1313_0873,IPR054352,UPI0000F21944,ACT_Aspartokinase
3684,Clo1313_0873,IPR002912,UPI0000F21944,ACT_dom
3685,Clo1313_0873,IPR035804,UPI0000F21944,AKIII_YclM_N
3686,Clo1313_0873,IPR001048,UPI0000F21944,Asp/Glu/Uridylate_kinase
3687,Clo1313_0873,IPR005260,UPI0000F21944,Asp_kin_monofn
3688,Clo1313_0873,IPR001341,UPI0000F21944,Asp_kinase
3689,Clo1313_0873,IPR042199,UPI0000F21944,AsparK_Bifunc_asparK/hSer_DH
3690,Clo1313_0873,IPR018042,UPI0000F21944,Aspartate_kinase_CS
3691,Clo1313_0873,,UPI0000F21944,
3692,Clo1313_0874,IPR012854,UPI00005377AE,Cu_amine_oxidase-like_N
3693,Clo1313_0874,IPR036582,UPI00005377AE,Mao_N_sf
3694,Clo1313_0874,,UPI00005377AE,
3695,Clo1313_0875,IPR025479,UPI0001C1466C,DUF4329
3696,Clo1313_0875,IPR045351,UPI0001C1466C,DUF6531
3697,Clo1313_0875,IPR036689,UPI0001C1466C,ESAT-6-like_sf
3698,Clo1313_0875,IPR011047,UPI0001C1466C,Quinoprotein_ADH-like_sf
3699,Clo1313_0875,IPR022385,UPI0001C1466C,Rhs_assc_core
3700,Clo1313_0875,IPR031325,UPI0001C1466C,RHS_repeat
3701,Clo1313_0875,IPR050708,UPI0001C1466C,T6SS_VgrG/RHS
3702,Clo1313_0875,IPR056823,UPI0001C1466C,TEN-like_YD-shell
3703,Clo1313_0875,IPR006530,UPI0001C1466C,YD
3704,Clo1313_0875,,UPI0001C1466C,
3705,Clo1313_0876,,UPI00003C900C,
3706,Clo1313_0877,,UPI0001B1EEBB,
3707,Clo1313_0878,,UPI0001B1EEBA,
3708,Clo1313_0879,,UPI0001B1EEB9,
3709,Clo1313_0880,IPR045351,UPI00003C900B,DUF6531
3710,Clo1313_0880,IPR011048,UPI00003C900B,Haem_d1_sf
3711,Clo1313_0880,IPR022385,UPI00003C900B,Rhs_assc_core
3712,Clo1313_0880,IPR031325,UPI00003C900B,RHS_repeat
3713,Clo1313_0880,IPR050708,UPI00003C900B,T6SS_VgrG/RHS
3714,Clo1313_0880,IPR056823,UPI00003C900B,TEN-like_YD-shell
3715,Clo1313_0880,IPR006530,UPI00003C900B,YD
3716,Clo1313_0880,,UPI00003C900B,
3717,Clo1313_0881,,UPI0000F2193D,
3718,Clo1313_0882,,UPI0001B1EEB8,
3719,Clo1313_0883,IPR001310,UPI0000537F00,Histidine_triad_HIT
3720,Clo1313_0883,IPR011146,UPI0000537F00,HIT-like
3721,Clo1313_0883,IPR036265,UPI0000537F00,HIT-like_sf
3722,Clo1313_0883,,UPI0000537F00,
3723,Clo1313_0884,IPR051465,UPI0001B1EEB7,Cell_Envelope_Struct_Comp
3724,Clo1313_0884,IPR001119,UPI0001B1EEB7,SLH_dom
3725,Clo1313_0884,,UPI0001B1EEB7,
3726,Clo1313_0885,IPR002686,UPI0001F329F0,Transposase_17
3727,Clo1313_0885,IPR036515,UPI0001F329F0,Transposase_17_sf
3728,Clo1313_0885,,UPI0001F329F0,
3729,Clo1313_0886,IPR016667,UPI0001B1EF97,Caps_polysacc_synth_CpsB/CapC
3730,Clo1313_0886,IPR016195,UPI0001B1EF97,Pol/histidinol_Pase-like
3731,Clo1313_0886,,UPI0001B1EF97,
3732,Clo1313_0887,IPR000888,UPI00003C9008,RmlC-like
3733,Clo1313_0887,IPR014710,UPI00003C9008,RmlC-like_jellyroll
3734,Clo1313_0887,IPR011051,UPI00003C9008,RmlC_Cupin_sf
3735,Clo1313_0887,,UPI00003C9008,
3736,Clo1313_0888,,UPI000038FCA1,
3737,Clo1313_0889,IPR013830,UPI0001B1EF51,SGNH_hydro
3738,Clo1313_0889,IPR036514,UPI0001B1EF51,SGNH_hydro_sf
3739,Clo1313_0889,,UPI0001B1EF51,
3740,Clo1313_0890,IPR025669,UPI0001B1EF50,AAA_dom
3741,Clo1313_0890,IPR050445,UPI0001B1EF50,Bact_polysacc_biosynth/exp
3742,Clo1313_0890,IPR032807,UPI0001B1EF50,GNVR
3743,Clo1313_0890,IPR003856,UPI0001B1EF50,LPS_length_determ_N
3744,Clo1313_0890,IPR027417,UPI0001B1EF50,P-loop_NTPase
3745,Clo1313_0890,IPR005702,UPI0001B1EF50,Wzc-like_C
3746,Clo1313_0890,,UPI0001B1EF50,
3747,Clo1313_0891,IPR006645,UPI000038FC9F,NGN-like_dom
3748,Clo1313_0891,IPR036735,UPI000038FC9F,NGN_dom_sf
3749,Clo1313_0891,IPR043425,UPI000038FC9F,NusG-like
3750,Clo1313_0891,IPR014722,UPI000038FC9F,Rib_uL2_dom2
3751,Clo1313_0891,IPR047663,UPI000038FC9F,Transcription_antiterm_LoaP
3752,Clo1313_0891,IPR008991,UPI000038FC9F,Translation_prot_SH3-like_sf
3753,Clo1313_0891,,UPI000038FC9F,
3754,Clo1313_0892,IPR016040,UPI000038FC9E,NAD(P)-bd_dom
3755,Clo1313_0892,IPR036291,UPI000038FC9E,NAD(P)-bd_dom_sf
3756,Clo1313_0892,,UPI000038FC9E,
3757,Clo1313_0893,IPR013969,UPI00003C9032,Oligosacch_biosynth_Alg14
3758,Clo1313_0893,,UPI00003C9032,
3759,Clo1313_0894,IPR039042,UPI00003C9033,Alg13-like
3760,Clo1313_0894,IPR048097,UPI00003C9033,Cps14G-like
3761,Clo1313_0894,IPR007235,UPI00003C9033,Glyco_trans_28_C
3762,Clo1313_0894,,UPI00003C9033,
3763,Clo1313_0895,IPR029465,UPI000038FC9C,ATPgrasp_TupA
3764,Clo1313_0895,,UPI000038FC9C,
3765,Clo1313_0896,IPR001296,UPI000038FC9B,Glyco_trans_1
3766,Clo1313_0896,IPR028098,UPI000038FC9B,Glyco_trans_4-like_N
3767,Clo1313_0896,,UPI000038FC9B,
3768,Clo1313_0897,IPR029465,UPI000038FC9A,ATPgrasp_TupA
3769,Clo1313_0897,,UPI000038FC9A,
3770,Clo1313_0898,IPR001173,UPI000038FC99,Glyco_trans_2-like
3771,Clo1313_0898,IPR029044,UPI000038FC99,Nucleotide-diphossugar_trans
3772,Clo1313_0898,,UPI000038FC99,
3773,Clo1313_0899,IPR051533,UPI0000F218C1,WaaL-like
3774,Clo1313_0899,,UPI0000F218C1,
3775,Clo1313_0900,IPR002797,UPI00005352B4,Polysacc_synth
3776,Clo1313_0900,IPR052556,UPI00005352B4,PolySynth_Transporter
3777,Clo1313_0900,,UPI00005352B4,
3778,Clo1313_0901,IPR008927,UPI0001B1EF4D,6-PGluconate_DH-like_C_sf
3779,Clo1313_0901,IPR036291,UPI0001B1EF4D,NAD(P)-bd_dom_sf
3780,Clo1313_0901,IPR017476,UPI0001B1EF4D,UDP-Glc/GDP-Man
3781,Clo1313_0901,IPR014027,UPI0001B1EF4D,UDP-Glc/GDP-Man_DH_C
3782,Clo1313_0901,IPR036220,UPI0001B1EF4D,UDP-Glc/GDP-Man_DH_C_sf
3783,Clo1313_0901,IPR014026,UPI0001B1EF4D,UDP-Glc/GDP-Man_DH_dimer
3784,Clo1313_0901,IPR001732,UPI0001B1EF4D,UDP-Glc/GDP-Man_DH_N
3785,Clo1313_0901,IPR028357,UPI0001B1EF4D,UDPglc_DH_bac
3786,Clo1313_0901,,UPI0001B1EF4D,
3787,Clo1313_0902,IPR016747,UPI0001B1EF4C,Phosphotransbutyrylase
3788,Clo1313_0902,IPR006976,UPI0001B1EF4C,VanZ-LLP1
3789,Clo1313_0902,,UPI0001B1EF4C,
3790,Clo1313_0903,IPR012340,UPI0001B1EF4B,NA-bd_OB-fold
3791,Clo1313_0903,IPR000424,UPI0001B1EF4B,Primosome_PriB/ssb
3792,Clo1313_0903,IPR011344,UPI0001B1EF4B,ssDNA-bd
3793,Clo1313_0903,,UPI0001B1EF4B,
3794,Clo1313_0904,IPR003362,UPI000053770F,Bact_transf
3795,Clo1313_0904,IPR017475,UPI000053770F,EPS_sugar_tfrase
3796,Clo1313_0904,,UPI000053770F,
3797,Clo1313_0905,IPR001911,UPI00003C903A,Ribosomal_bS21
3798,Clo1313_0905,IPR018278,UPI00003C903A,Ribosomal_bS21_CS
3799,Clo1313_0905,IPR038380,UPI00003C903A,Ribosomal_bS21_sf
3800,Clo1313_0905,,UPI00003C903A,
3801,Clo1313_0906,IPR003789,UPI000053186B,Asn/Gln_tRNA_amidoTrase-B-like
3802,Clo1313_0906,IPR023168,UPI000053186B,GatB_Yqey_C_2
3803,Clo1313_0906,IPR019004,UPI000053186B,YqeY/Aim41
3804,Clo1313_0906,IPR042184,UPI000053186B,YqeY/Aim41_N
3805,Clo1313_0906,,UPI000053186B,
3806,Clo1313_0907,IPR001667,UPI0000F218C0,DDH_dom
3807,Clo1313_0907,IPR038763,UPI0000F218C0,DHH_sf
3808,Clo1313_0907,IPR003156,UPI0000F218C0,DHHA1_dom
3809,Clo1313_0907,IPR004610,UPI0000F218C0,RecJ
3810,Clo1313_0907,IPR041122,UPI0000F218C0,RecJ_OB
3811,Clo1313_0907,IPR051673,UPI0000F218C0,SSDNA_exonuclease_RecJ
3812,Clo1313_0907,,UPI0000F218C0,
3813,Clo1313_0908,IPR005764,UPI00003C8A6C,Ade_phspho_trans
3814,Clo1313_0908,IPR029057,UPI00003C8A6C,PRTase-like
3815,Clo1313_0908,IPR000836,UPI00003C8A6C,PRTase_dom
3816,Clo1313_0908,IPR050054,UPI00003C8A6C,UPRTase/APRTase
3817,Clo1313_0908,,UPI00003C8A6C,
3818,Clo1313_0909,IPR045865,UPI0001B1EF4A,ACT-like_dom_sf
3819,Clo1313_0909,IPR002912,UPI0001B1EF4A,ACT_dom
3820,Clo1313_0909,IPR012675,UPI0001B1EF4A,Beta-grasp_dom_sf
3821,Clo1313_0909,IPR003607,UPI0001B1EF4A,HD/PDEase_dom
3822,Clo1313_0909,IPR006674,UPI0001B1EF4A,HD_domain
3823,Clo1313_0909,IPR043519,UPI0001B1EF4A,NT_sf
3824,Clo1313_0909,IPR004811,UPI0001B1EF4A,RelA/Spo_fam
3825,Clo1313_0909,IPR045600,UPI0001B1EF4A,RelA/SpoT_AH_RIS
3826,Clo1313_0909,IPR007685,UPI0001B1EF4A,RelA_SpoT
3827,Clo1313_0909,IPR004095,UPI0001B1EF4A,TGS
3828,Clo1313_0909,IPR012676,UPI0001B1EF4A,TGS-like
3829,Clo1313_0909,IPR033655,UPI0001B1EF4A,TGS_RelA/SpoT
3830,Clo1313_0909,,UPI0001B1EF4A,
3831,Clo1313_0910,IPR003732,UPI000038FB43,Daa-tRNA_deacyls_DTD
3832,Clo1313_0910,IPR023509,UPI000038FB43,DTD-like_sf
3833,Clo1313_0910,,UPI000038FB43,
3834,Clo1313_0911,IPR051453,UPI0000534945,MBL_Glyoxalase_II
3835,Clo1313_0911,IPR001279,UPI0000534945,Metallo-B-lactamas
3836,Clo1313_0911,IPR036866,UPI0000534945,RibonucZ/Hydroxyglut_hydro
3837,Clo1313_0911,,UPI0000534945,
3838,Clo1313_0912,IPR034505,UPI0001B1EF49,Coproporphyrinogen-III_oxidase
3839,Clo1313_0912,IPR006638,UPI0001B1EF49,Elp3/MiaA/NifB-like_rSAM
3840,Clo1313_0912,IPR023995,UPI0001B1EF49,HemZ
3841,Clo1313_0912,IPR007197,UPI0001B1EF49,rSAM
3842,Clo1313_0912,IPR023404,UPI0001B1EF49,rSAM_horseshoe
3843,Clo1313_0912,IPR058240,UPI0001B1EF49,rSAM_sf
3844,Clo1313_0912,,UPI0001B1EF49,
3845,Clo1313_0913,IPR027417,UPI00017E5A81,P-loop_NTPase
3846,Clo1313_0913,IPR049086,UPI00017E5A81,TadZ-like_ARD
3847,Clo1313_0913,,UPI00017E5A81,
3848,Clo1313_0914,IPR027417,UPI000038FB3F,P-loop_NTPase
3849,Clo1313_0914,IPR001482,UPI000038FB3F,T2SS/T4SS_dom
3850,Clo1313_0914,IPR050921,UPI000038FB3F,
3851,Clo1313_0914,,UPI000038FB3F,
3852,Clo1313_0915,IPR018076,UPI000038FB3E,T2SS_GspF_dom
3853,Clo1313_0915,,UPI000038FB3E,
3854,Clo1313_0916,IPR018076,UPI00017E566D,T2SS_GspF_dom
3855,Clo1313_0916,,UPI00017E566D,
3856,Clo1313_0917,IPR031564,UPI00017E566C,Flp1-like
3857,Clo1313_0917,,UPI00017E566C,
3858,Clo1313_0918,,UPI000038FB3B,
3859,Clo1313_0919,IPR000045,UPI00003C8A70,Prepilin_IV_endopep_pep
3860,Clo1313_0919,IPR050882,UPI00003C8A70,Prepilin_peptidase/N-MTase
3861,Clo1313_0919,,UPI00003C8A70,
3862,Clo1313_0920,IPR050923,UPI0001B1EF48,Cell_Proc_Reg/RNA_Proc
3863,Clo1313_0920,IPR045962,UPI0001B1EF48,DUF6382
3864,Clo1313_0920,IPR000253,UPI0001B1EF48,FHA_dom
3865,Clo1313_0920,IPR008984,UPI0001B1EF48,SMAD_FHA_dom_sf
3866,Clo1313_0920,,UPI0001B1EF48,
3867,Clo1313_0921,,UPI000038FB38,
3868,Clo1313_0922,IPR006195,UPI00005324EC,aa-tRNA-synth_II
3869,Clo1313_0922,IPR045864,UPI00005324EC,aa-tRNA-synth_II/BPL/LPL
3870,Clo1313_0922,IPR004154,UPI00005324EC,Anticodon-bd
3871,Clo1313_0922,IPR036621,UPI00005324EC,Anticodon-bd_dom_sf
3872,Clo1313_0922,IPR015807,UPI00005324EC,His-tRNA-ligase
3873,Clo1313_0922,IPR041715,UPI00005324EC,HisRS-like_core
3874,Clo1313_0922,IPR004516,UPI00005324EC,HisRS/HisZ
3875,Clo1313_0922,IPR033656,UPI00005324EC,HisRS_anticodon
3876,Clo1313_0922,,UPI00005324EC,
3877,Clo1313_0923,IPR004364,UPI00017E566A,Aa-tRNA-synt_II
3878,Clo1313_0923,IPR006195,UPI00017E566A,aa-tRNA-synth_II
3879,Clo1313_0923,IPR045864,UPI00017E566A,aa-tRNA-synth_II/BPL/LPL
3880,Clo1313_0923,IPR004524,UPI00017E566A,Asp-tRNA-ligase_1
3881,Clo1313_0923,IPR047089,UPI00017E566A,Asp-tRNA-ligase_1_N
3882,Clo1313_0923,IPR002312,UPI00017E566A,Asp/Asn-tRNA-synth_IIb
3883,Clo1313_0923,IPR047090,UPI00017E566A,AspRS_core
3884,Clo1313_0923,IPR004115,UPI00017E566A,GAD-like_sf
3885,Clo1313_0923,IPR029351,UPI00017E566A,GAD_dom
3886,Clo1313_0923,IPR012340,UPI00017E566A,NA-bd_OB-fold
3887,Clo1313_0923,IPR004365,UPI00017E566A,NA-bd_OB_tRNA
3888,Clo1313_0923,,UPI00017E566A,
3889,Clo1313_0925,IPR002731,UPI0001B1EF19,ATPase_BadF
3890,Clo1313_0925,IPR043129,UPI0001B1EF19,ATPase_NBD
3891,Clo1313_0925,IPR018709,UPI0001B1EF19,CoA_activase_DUF2229
3892,Clo1313_0925,IPR051805,UPI0001B1EF19,Dehydratase_Activator_Redct
3893,Clo1313_0925,,UPI0001B1EF19,
3894,Clo1313_0926,,UPI00017E5668,
3895,Clo1313_0927,IPR010897,UPI000038FDD2,Spore_II_P
3896,Clo1313_0927,,UPI000038FDD2,
3897,Clo1313_0928,,UPI00017E5667,
3898,Clo1313_0929,IPR006297,UPI000038FDD0,EF-4
3899,Clo1313_0929,IPR035647,UPI000038FDD0,EFG_III/V
3900,Clo1313_0929,IPR000640,UPI000038FDD0,EFG_V-like
3901,Clo1313_0929,IPR004161,UPI000038FDD0,EFTu-like_2
3902,Clo1313_0929,IPR031157,UPI000038FDD0,G_TR_CS
3903,Clo1313_0929,IPR038363,UPI000038FDD0,LepA_C_sf
3904,Clo1313_0929,IPR013842,UPI000038FDD0,LepA_CTD
3905,Clo1313_0929,IPR035654,UPI000038FDD0,LepA_IV
3906,Clo1313_0929,IPR027417,UPI000038FDD0,P-loop_NTPase
3907,Clo1313_0929,IPR005225,UPI000038FDD0,Small_GTP-bd
3908,Clo1313_0929,IPR000795,UPI000038FDD0,T_Tr_GTP-bd_dom
3909,Clo1313_0929,IPR009000,UPI000038FDD0,Transl_B-barrel_sf
3910,Clo1313_0929,,UPI000038FDD0,
3911,Clo1313_0930,IPR013785,UPI00003C8A74,Aldolase_TIM
3912,Clo1313_0930,IPR034505,UPI00003C8A74,Coproporphyrinogen-III_oxidase
3913,Clo1313_0930,IPR006638,UPI00003C8A74,Elp3/MiaA/NifB-like_rSAM
3914,Clo1313_0930,IPR010723,UPI00003C8A74,HemN_C
3915,Clo1313_0930,IPR004559,UPI00003C8A74,HemW-like
3916,Clo1313_0930,IPR007197,UPI00003C8A74,rSAM
3917,Clo1313_0930,IPR058240,UPI00003C8A74,rSAM_sf
3918,Clo1313_0930,,UPI00003C8A74,
3919,Clo1313_0931,IPR029016,UPI00003C8A75,GAF-like_dom_sf
3920,Clo1313_0931,IPR002571,UPI00003C8A75,HrcA
3921,Clo1313_0931,IPR021153,UPI00003C8A75,HrcA_C
3922,Clo1313_0931,IPR036388,UPI00003C8A75,WH-like_DNA-bd_sf
3923,Clo1313_0931,IPR036390,UPI00003C8A75,WH_DNA-bd_sf
3924,Clo1313_0931,IPR023120,UPI00003C8A75,WHTH_transcript_rep_HrcA_IDD
3925,Clo1313_0931,,UPI00003C8A75,
3926,Clo1313_0932,IPR000740,UPI0001B1EF18,GrpE
3927,Clo1313_0932,IPR013805,UPI0001B1EF18,GrpE_CC
3928,Clo1313_0932,IPR009012,UPI0001B1EF18,GrpE_head
3929,Clo1313_0932,,UPI0001B1EF18,
3930,Clo1313_0933,IPR043129,UPI00003C8A77,ATPase_NBD
3931,Clo1313_0933,IPR012725,UPI00003C8A77,Chaperone_DnaK
3932,Clo1313_0933,IPR018181,UPI00003C8A77,Heat_shock_70_CS
3933,Clo1313_0933,IPR029048,UPI00003C8A77,HSP70_C_sf
3934,Clo1313_0933,IPR029047,UPI00003C8A77,HSP70_peptide-bd_sf
3935,Clo1313_0933,IPR013126,UPI00003C8A77,Hsp_70_fam
3936,Clo1313_0933,,UPI00003C8A77,
3937,Clo1313_0934,IPR012724,UPI000038FCB9,DnaJ
3938,Clo1313_0934,IPR002939,UPI000038FCB9,DnaJ_C
3939,Clo1313_0934,IPR001623,UPI000038FCB9,DnaJ_domain
3940,Clo1313_0934,IPR018253,UPI000038FCB9,DnaJ_domain_CS
3941,Clo1313_0934,IPR008971,UPI000038FCB9,HSP40/DnaJ_pept-bd
3942,Clo1313_0934,IPR001305,UPI000038FCB9,HSP_DnaJ_Cys-rich_dom
3943,Clo1313_0934,IPR036410,UPI000038FCB9,HSP_DnaJ_Cys-rich_dom_sf
3944,Clo1313_0934,IPR036869,UPI000038FCB9,J_dom_sf
3945,Clo1313_0934,,UPI000038FCB9,
3946,Clo1313_0935,IPR050078,UPI000038FCBA,Ribosomal_L11_MeTrfase_PrmA
3947,Clo1313_0935,IPR004498,UPI000038FCBA,Ribosomal_PrmA_MeTrfase
3948,Clo1313_0935,IPR029063,UPI000038FCBA,SAM-dependent_MTases_sf
3949,Clo1313_0935,,UPI000038FCBA,
3950,Clo1313_0936,IPR029028,UPI00003C8A78,Alpha/beta_knot_MTases
3951,Clo1313_0936,IPR015947,UPI00003C8A78,PUA-like_sf
3952,Clo1313_0936,IPR006700,UPI00003C8A78,RsmE
3953,Clo1313_0936,IPR046886,UPI00003C8A78,RsmE_MTase_dom
3954,Clo1313_0936,IPR046887,UPI00003C8A78,RsmE_PUA-like
3955,Clo1313_0936,IPR029026,UPI00003C8A78,tRNA_m1G_MTases_N
3956,Clo1313_0936,,UPI00003C8A78,
3957,Clo1313_0937,IPR011006,UPI000038FCBC,CheY-like_superfamily
3958,Clo1313_0937,IPR001789,UPI000038FCBC,Sig_transdc_resp-reg_receiver
3959,Clo1313_0937,,UPI000038FCBC,
3960,Clo1313_0938,,UPI00017E5261,
3961,Clo1313_0939,IPR013551,UPI000038FCBD,YicC-like_C
3962,Clo1313_0939,IPR013527,UPI000038FCBD,YicC-like_N
3963,Clo1313_0939,IPR005229,UPI000038FCBD,YicC/YloC-like
3964,Clo1313_0939,,UPI000038FCBD,
3965,Clo1313_0940,IPR007169,UPI000038FCBE,RemA-like
3966,Clo1313_0940,,UPI000038FCBE,
3967,Clo1313_0941,IPR008145,UPI0001B1EF17,GK/Ca_channel_bsu
3968,Clo1313_0941,IPR008144,UPI0001B1EF17,Guanylate_kin-like_dom
3969,Clo1313_0941,IPR017665,UPI0001B1EF17,Guanylate_kinase
3970,Clo1313_0941,IPR020590,UPI0001B1EF17,Guanylate_kinase_CS
3971,Clo1313_0941,IPR027417,UPI0001B1EF17,P-loop_NTPase
3972,Clo1313_0941,,UPI0001B1EF17,
3973,Clo1313_0942,IPR003716,UPI000038FCC0,DNA-dir_RNA_pol_omega
3974,Clo1313_0942,IPR006110,UPI000038FCC0,Pol_omega/Rpo6/RPB6
3975,Clo1313_0942,IPR036161,UPI000038FCC0,RPB6/omega-like_sf
3976,Clo1313_0942,,UPI000038FCC0,
3977,Clo1313_0943,IPR035929,UPI00005366A1,CoaB-like_sf
3978,Clo1313_0943,IPR005252,UPI00005366A1,CoaBC
3979,Clo1313_0943,IPR007085,UPI00005366A1,DNA/pantothenate-metab_flavo_C
3980,Clo1313_0943,IPR036551,UPI00005366A1,Flavin_trans-like
3981,Clo1313_0943,IPR003382,UPI00005366A1,Flavoprotein
3982,Clo1313_0943,,UPI00005366A1,
3983,Clo1313_0944,IPR002314,UPI000038FCC2,aa-tRNA-synt_IIb
3984,Clo1313_0944,IPR006195,UPI000038FCC2,aa-tRNA-synth_II
3985,Clo1313_0944,IPR045864,UPI000038FCC2,aa-tRNA-synth_II/BPL/LPL
3986,Clo1313_0944,IPR004154,UPI000038FCC2,Anticodon-bd
3987,Clo1313_0944,IPR036621,UPI000038FCC2,Anticodon-bd_dom_sf
3988,Clo1313_0944,IPR027031,UPI000038FCC2,Gly-tRNA_synthase/POLG2
3989,Clo1313_0944,IPR022961,UPI000038FCC2,Gly_tRNA_ligase_bac
3990,Clo1313_0944,IPR033731,UPI000038FCC2,GlyRS-like_core
3991,Clo1313_0944,IPR002315,UPI000038FCC2,tRNA-synt_gly
3992,Clo1313_0944,,UPI000038FCC2,
3993,Clo1313_0945,IPR036890,UPI0001B1EF16,HATPase_C_sf
3994,Clo1313_0945,IPR032834,UPI0001B1EF16,NatK-like_C
3995,Clo1313_0945,,UPI0001B1EF16,
3996,Clo1313_0946,IPR009229,UPI00003C8A7C,AgrD
3997,Clo1313_0946,,UPI00003C8A7C,
3998,Clo1313_0947,IPR006741,UPI0001B1EF15,AgrB
3999,Clo1313_0947,,UPI0001B1EF15,
4000,Clo1313_0948,IPR023885,UPI0000537507,4Fe4S-binding_SPASM_dom
4001,Clo1313_0948,IPR013785,UPI0000537507,Aldolase_TIM
4002,Clo1313_0948,IPR006638,UPI0000537507,Elp3/MiaA/NifB-like_rSAM
4003,Clo1313_0948,IPR017200,UPI0000537507,PqqE-like
4004,Clo1313_0948,IPR050377,UPI0000537507,Radical_SAM_PqqE_MftC-like
4005,Clo1313_0948,IPR007197,UPI0000537507,rSAM
4006,Clo1313_0948,IPR058240,UPI0000537507,rSAM_sf
4007,Clo1313_0948,,UPI0000537507,
4008,Clo1313_0949,IPR013815,UPI0001B1EF14,ATP_grasp_subdomain_1
4009,Clo1313_0949,IPR008279,UPI0001B1EF14,PEP-util_enz_mobile_dom
4010,Clo1313_0949,IPR018274,UPI0001B1EF14,PEP_util_AS
4011,Clo1313_0949,IPR000121,UPI0001B1EF14,PEP_util_C
4012,Clo1313_0949,IPR023151,UPI0001B1EF14,PEP_util_CS
4013,Clo1313_0949,IPR036637,UPI0001B1EF14,Phosphohistidine_dom_sf
4014,Clo1313_0949,IPR002192,UPI0001B1EF14,PPDK_AMP/ATP-bd
4015,Clo1313_0949,IPR010121,UPI0001B1EF14,Pyruvate_phosphate_dikinase
4016,Clo1313_0949,IPR015813,UPI0001B1EF14,Pyrv/PenolPyrv_kinase-like_dom
4017,Clo1313_0949,IPR040442,UPI0001B1EF14,Pyrv_kinase-like_dom_sf
4018,Clo1313_0949,,UPI0001B1EF14,
4019,Clo1313_0950,IPR008965,UPI0001B1EF13,CBM2/CBM3_carb-bd_dom_sf
4020,Clo1313_0950,IPR051465,UPI0001B1EF13,Cell_Envelope_Struct_Comp
4021,Clo1313_0950,IPR002102,UPI0001B1EF13,Cohesin_dom
4022,Clo1313_0950,IPR001119,UPI0001B1EF13,SLH_dom
4023,Clo1313_0950,,UPI0001B1EF13,
4024,Clo1313_0951,,UPI00003C8A7E,
4025,Clo1313_0952,IPR013096,UPI00003C8A7F,Cupin_2
4026,Clo1313_0952,IPR051610,UPI00003C8A7F,GPI/OXD
4027,Clo1313_0952,IPR014710,UPI00003C8A7F,RmlC-like_jellyroll
4028,Clo1313_0952,IPR011051,UPI00003C8A7F,RmlC_Cupin_sf
4029,Clo1313_0952,,UPI00003C8A7F,
4030,Clo1313_0953,IPR027417,UPI0000F218A4,P-loop_NTPase
4031,Clo1313_0953,IPR003714,UPI0000F218A4,PhoH
4032,Clo1313_0953,IPR051451,UPI0000F218A4,PhoH2-like
4033,Clo1313_0953,IPR029060,UPI0000F218A4,PIN-like_dom_sf
4034,Clo1313_0953,IPR002716,UPI0000F218A4,PIN_dom
4035,Clo1313_0953,,UPI0000F218A4,
4036,Clo1313_0954,IPR001296,UPI00017E628F,Glyco_trans_1
4037,Clo1313_0954,IPR028098,UPI00017E628F,Glyco_trans_4-like_N
4038,Clo1313_0954,IPR050194,UPI00017E628F,Glycosyltransferase_grp1
4039,Clo1313_0954,,UPI00017E628F,
4040,Clo1313_0955,IPR001279,UPI000038F682,Metallo-B-lactamas
4041,Clo1313_0955,IPR036866,UPI000038F682,RibonucZ/Hydroxyglut_hydro
4042,Clo1313_0955,IPR011108,UPI000038F682,RMMBL
4043,Clo1313_0955,IPR004613,UPI000038F682,RNase_J
4044,Clo1313_0955,IPR042173,UPI000038F682,RNase_J_2
4045,Clo1313_0955,IPR055132,UPI000038F682,RNase_J_b_CASP
4046,Clo1313_0955,IPR030854,UPI000038F682,RNase_J_bac
4047,Clo1313_0955,IPR041636,UPI000038F682,RNase_J_C
4048,Clo1313_0955,,UPI000038F682,
4049,Clo1313_0956,IPR014729,UPI0001F32A48,Rossmann-like_a/b/a_fold
4050,Clo1313_0956,IPR008513,UPI0001F32A48,tRNA(Met)_cyd_acetate_ligase
4051,Clo1313_0956,,UPI0001F32A48,
4052,Clo1313_0957,,UPI00003C8A82,
4053,Clo1313_0958,,UPI000038F685,
4054,Clo1313_0959,IPR020056,UPI000038F686,Rbsml_bL25/Gln-tRNA_synth_N
4055,Clo1313_0959,IPR011035,UPI000038F686,Ribosomal_bL25/Gln-tRNA_synth
4056,Clo1313_0959,IPR029751,UPI000038F686,Ribosomal_L25_dom
4057,Clo1313_0959,IPR020930,UPI000038F686,Ribosomal_uL5_bact
4058,Clo1313_0959,,UPI000038F686,
4059,Clo1313_0960,IPR003200,UPI00005350A6,Nict_dMeBzImd_PRibTrfase
4060,Clo1313_0960,IPR017846,UPI00005350A6,Nict_dMeBzImd_PRibTrfase_bact
4061,Clo1313_0960,IPR023195,UPI00005350A6,Nict_dMeBzImd_PRibTrfase_N
4062,Clo1313_0960,IPR036087,UPI00005350A6,Nict_dMeBzImd_PRibTrfase_sf
4063,Clo1313_0960,,UPI00005350A6,
4064,Clo1313_0961,,UPI000038FD6D,
4065,Clo1313_0962,IPR002698,UPI0000535F92,FTHF_cligase
4066,Clo1313_0962,IPR024185,UPI0000535F92,FTHF_cligase-like_sf
4067,Clo1313_0962,IPR037171,UPI0000535F92,NagB/RpiA_transferase-like
4068,Clo1313_0962,,UPI0000535F92,
4069,Clo1313_0963,,UPI00017E628D,
4070,Clo1313_0965,IPR003607,UPI000038FD6A,HD/PDEase_dom
4071,Clo1313_0965,IPR006674,UPI000038FD6A,HD_domain
4072,Clo1313_0965,IPR037522,UPI000038FD6A,HD_GYP_dom
4073,Clo1313_0965,,UPI000038FD6A,
4074,Clo1313_0966,IPR017850,UPI000038FD69,Alkaline_phosphatase_core_sf
4075,Clo1313_0966,IPR023665,UPI000038FD69,ApgAM_prokaryotes
4076,Clo1313_0966,IPR006124,UPI000038FD69,Metalloenzyme
4077,Clo1313_0966,IPR004456,UPI000038FD69,Pglycerate_mutase_ApgM
4078,Clo1313_0966,IPR042253,UPI000038FD69,Pglycerate_mutase_ApgM_sf
4079,Clo1313_0966,,UPI000038FD69,
4080,Clo1313_0967,IPR032465,UPI000038FD68,ACMSD
4081,Clo1313_0967,IPR006680,UPI000038FD68,Amidohydro-rel
4082,Clo1313_0967,IPR032466,UPI000038FD68,Metal_Hydrolase
4083,Clo1313_0967,,UPI000038FD68,
4084,Clo1313_0968,IPR005899,UPI00003C8A84,Na_pump_deCOase
4085,Clo1313_0968,,UPI00003C8A84,
4086,Clo1313_0969,,UPI00017E628C,
4087,Clo1313_0970,IPR011006,UPI00003C8A86,CheY-like_superfamily
4088,Clo1313_0970,IPR001867,UPI00003C8A86,OmpR/PhoB-type_DNA-bd
4089,Clo1313_0970,IPR016032,UPI00003C8A86,Sig_transdc_resp-reg_C-effctor
4090,Clo1313_0970,IPR001789,UPI00003C8A86,Sig_transdc_resp-reg_receiver
4091,Clo1313_0970,IPR039420,UPI00003C8A86,WalR-like
4092,Clo1313_0970,IPR036388,UPI00003C8A86,WH-like_DNA-bd_sf
4093,Clo1313_0970,,UPI00003C8A86,
4094,Clo1313_0971,IPR003660,UPI0001B1ED0E,HAMP_dom
4095,Clo1313_0971,IPR036890,UPI0001B1ED0E,HATPase_C_sf
4096,Clo1313_0971,IPR003594,UPI0001B1ED0E,HATPase_dom
4097,Clo1313_0971,IPR005467,UPI0001B1ED0E,His_kinase_dom
4098,Clo1313_0971,IPR003661,UPI0001B1ED0E,HisK_dim/P_dom
4099,Clo1313_0971,IPR036097,UPI0001B1ED0E,HisK_dim/P_sf
4100,Clo1313_0971,IPR050398,UPI0001B1ED0E,HssS/ArlS-like
4101,Clo1313_0971,IPR004358,UPI0001B1ED0E,Sig_transdc_His_kin-like_C
4102,Clo1313_0971,,UPI0001B1ED0E,
4103,Clo1313_0972,IPR051201,UPI000053167A,Chloro_Bact_Ser_Proteases
4104,Clo1313_0972,IPR001478,UPI000053167A,PDZ
4105,Clo1313_0972,IPR036034,UPI000053167A,PDZ_sf
4106,Clo1313_0972,IPR009003,UPI000053167A,Peptidase_S1_PA
4107,Clo1313_0972,IPR001940,UPI000053167A,Peptidase_S1C
4108,Clo1313_0972,,UPI000053167A,
4109,Clo1313_0973,IPR003018,UPI0001F32A4A,GAF
4110,Clo1313_0973,IPR029016,UPI0001F32A4A,GAF-like_dom_sf
4111,Clo1313_0973,IPR003607,UPI0001F32A4A,HD/PDEase_dom
4112,Clo1313_0973,IPR037522,UPI0001F32A4A,HD_GYP_dom
4113,Clo1313_0973,,UPI0001F32A4A,
4114,Clo1313_0974,IPR001296,UPI000038FC89,Glyco_trans_1
4115,Clo1313_0974,IPR011835,UPI000038FC89,GS/SS
4116,Clo1313_0974,IPR013534,UPI000038FC89,Starch_synth_cat_dom
4117,Clo1313_0974,,UPI000038FC89,
4118,Clo1313_0975,IPR011257,UPI0000533AC7,DNA_glycosylase
4119,Clo1313_0975,IPR004036,UPI0000533AC7,Endonuclease-III-like_CS2
4120,Clo1313_0975,IPR003651,UPI0000533AC7,Endonuclease3_FeS-loop_motif
4121,Clo1313_0975,IPR003265,UPI0000533AC7,HhH-GPD_domain
4122,Clo1313_0975,IPR023170,UPI0000533AC7,HhH_base_excis_C
4123,Clo1313_0975,IPR000445,UPI0000533AC7,HhH_motif
4124,Clo1313_0975,IPR005759,UPI0000533AC7,Nth
4125,Clo1313_0975,,UPI0000533AC7,
4126,Clo1313_0976,IPR050469,UPI00003C8A88,Diguanylate_Cyclase
4127,Clo1313_0976,IPR003018,UPI00003C8A88,GAF
4128,Clo1313_0976,IPR029016,UPI00003C8A88,GAF-like_dom_sf
4129,Clo1313_0976,IPR000160,UPI00003C8A88,GGDEF_dom
4130,Clo1313_0976,IPR029787,UPI00003C8A88,Nucleotide_cyclase
4131,Clo1313_0976,IPR043128,UPI00003C8A88,Rev_trsase/Diguanyl_cyclase
4132,Clo1313_0976,,UPI00003C8A88,
4133,Clo1313_0977,,UPI0000531674,
4134,Clo1313_0978,,UPI00005324EE,
4135,Clo1313_0979,IPR050096,UPI00003C8A8A,Bacterial_rp_bL28
4136,Clo1313_0979,IPR026569,UPI00003C8A8A,Ribosomal_bL28
4137,Clo1313_0979,IPR034704,UPI00003C8A8A,Ribosomal_bL28/bL31-like_sf
4138,Clo1313_0979,IPR001383,UPI00003C8A8A,Ribosomal_bL28_bact
4139,Clo1313_0979,IPR037147,UPI00003C8A8A,Ribosomal_bL28_sf
4140,Clo1313_0979,,UPI00003C8A8A,
4141,Clo1313_0980,IPR004609,UPI0000531D8F,ATP-dep_DNA_helicase_RecG
4142,Clo1313_0980,IPR011545,UPI0000531D8F,DEAD/DEAH_box_helicase_dom
4143,Clo1313_0980,IPR014001,UPI0000531D8F,Helicase_ATP-bd
4144,Clo1313_0980,IPR001650,UPI0000531D8F,Helicase_C-like
4145,Clo1313_0980,IPR012340,UPI0000531D8F,NA-bd_OB-fold
4146,Clo1313_0980,IPR027417,UPI0000531D8F,P-loop_NTPase
4147,Clo1313_0980,IPR047112,UPI0000531D8F,RecG/Mfd
4148,Clo1313_0980,IPR045562,UPI0000531D8F,RecG_dom3_C
4149,Clo1313_0980,IPR033454,UPI0000531D8F,RecG_wedge
4150,Clo1313_0980,,UPI0000531D8F,
4151,Clo1313_0981,IPR002052,UPI00003C8A8D,DNA_methylase_N6_adenine_CS
4152,Clo1313_0981,IPR004398,UPI00003C8A8D,RNA_MeTrfase_RsmD
4153,Clo1313_0981,IPR029063,UPI00003C8A8D,SAM-dependent_MTases_sf
4154,Clo1313_0981,,UPI00003C8A8D,
4155,Clo1313_0982,IPR004821,UPI000038F688,Cyt_trans-like
4156,Clo1313_0982,IPR001980,UPI000038F688,PPAT
4157,Clo1313_0982,IPR014729,UPI000038F688,Rossmann-like_a/b/a_fold
4158,Clo1313_0982,,UPI000038F688,
4159,Clo1313_0983,,UPI0001F32A73,
4160,Clo1313_0984,IPR011642,UPI00003C8A8E,Gate_dom
4161,Clo1313_0984,IPR014226,UPI00003C8A8E,Spore_IM_YlbJ
4162,Clo1313_0984,,UPI00003C8A8E,
4163,Clo1313_0985,IPR007934,UPI000038F68A,AbfB_ABD
4164,Clo1313_0985,IPR036195,UPI000038F68A,AbfB_ABD_sf
4165,Clo1313_0985,IPR024449,UPI000038F68A,Anti-sigma_RsgI_N
4166,Clo1313_0985,IPR055431,UPI000038F68A,RsgI_M
4167,Clo1313_0985,,UPI000038F68A,
4168,Clo1313_0986,IPR014244,UPI000038F68B,RNA_pol_sigma-I
4169,Clo1313_0986,IPR007627,UPI000038F68B,RNA_pol_sigma70_r2
4170,Clo1313_0986,IPR013325,UPI000038F68B,RNA_pol_sigma_r2
4171,Clo1313_0986,,UPI000038F68B,
4172,Clo1313_0987,IPR005084,UPI000038F68C,CBM6
4173,Clo1313_0987,IPR006584,UPI000038F68C,Cellulose-bd_IV
4174,Clo1313_0987,IPR002105,UPI000038F68C,Dockerin_1_rpt
4175,Clo1313_0987,IPR016134,UPI000038F68C,Dockerin_dom
4176,Clo1313_0987,IPR036439,UPI000038F68C,Dockerin_dom_sf
4177,Clo1313_0987,IPR018247,UPI000038F68C,EF_Hand_1_Ca_BS
4178,Clo1313_0987,IPR008979,UPI000038F68C,Galactose-bd-like_sf
4179,Clo1313_0987,IPR006710,UPI000038F68C,Glyco_hydro_43
4180,Clo1313_0987,IPR023296,UPI000038F68C,Glyco_hydro_beta-prop_sf
4181,Clo1313_0987,IPR052176,UPI000038F68C,Glycosyl_Hydrlase_43_Enz
4182,Clo1313_0987,,UPI000038F68C,
4183,Clo1313_0988,IPR023795,UPI0000534222,Serpin_CS
4184,Clo1313_0988,IPR023796,UPI0000534222,Serpin_dom
4185,Clo1313_0988,IPR000215,UPI0000534222,Serpin_fam
4186,Clo1313_0988,IPR036186,UPI0000534222,Serpin_sf
4187,Clo1313_0988,IPR042178,UPI0000534222,Serpin_sf_1
4188,Clo1313_0988,IPR042185,UPI0000534222,Serpin_sf_2
4189,Clo1313_0988,,UPI0000534222,
4190,Clo1313_0989,IPR007160,UPI000038F68E,DUF362
4191,Clo1313_0989,,UPI000038F68E,
4192,Clo1313_0990,IPR008595,UPI0001B1ED09,DegS
4193,Clo1313_0990,IPR036890,UPI0001B1ED09,HATPase_C_sf
4194,Clo1313_0990,IPR003594,UPI0001B1ED09,HATPase_dom
4195,Clo1313_0990,IPR005467,UPI0001B1ED09,His_kinase_dom
4196,Clo1313_0990,IPR050482,UPI0001B1ED09,Sensor_HK_TwoCompSys
4197,Clo1313_0990,IPR004358,UPI0001B1ED09,Sig_transdc_His_kin-like_C
4198,Clo1313_0990,IPR011712,UPI0001B1ED09,Sig_transdc_His_kin_sub3_dim/P
4199,Clo1313_0990,IPR016381,UPI0001B1ED09,Sig_transdc_His_kinase_DegS
4200,Clo1313_0990,,UPI0001B1ED09,
4201,Clo1313_0991,IPR011006,UPI000038F690,CheY-like_superfamily
4202,Clo1313_0991,IPR058245,UPI000038F690,NreC/VraR/RcsB-like_REC
4203,Clo1313_0991,IPR016032,UPI000038F690,Sig_transdc_resp-reg_C-effctor
4204,Clo1313_0991,IPR001789,UPI000038F690,Sig_transdc_resp-reg_receiver
4205,Clo1313_0991,IPR000792,UPI000038F690,Tscrpt_reg_LuxR_C
4206,Clo1313_0991,IPR039420,UPI000038F690,WalR-like
4207,Clo1313_0991,,UPI000038F690,
4208,Clo1313_0992,IPR033479,UPI0001B1F07B,dCache_1
4209,Clo1313_0992,IPR003660,UPI0001B1F07B,HAMP_dom
4210,Clo1313_0992,IPR004089,UPI0001B1F07B,MCPsignal_dom
4211,Clo1313_0992,,UPI0001B1F07B,
4212,Clo1313_0993,IPR005844,UPI00017E35C0,A-D-PHexomutase_a/b/a-I
4213,Clo1313_0993,IPR016055,UPI00017E35C0,A-D-PHexomutase_a/b/a-I/II/III
4214,Clo1313_0993,IPR005845,UPI00017E35C0,A-D-PHexomutase_a/b/a-II
4215,Clo1313_0993,IPR005846,UPI00017E35C0,A-D-PHexomutase_a/b/a-III
4216,Clo1313_0993,IPR005843,UPI00017E35C0,A-D-PHexomutase_C
4217,Clo1313_0993,IPR036900,UPI00017E35C0,A-D-PHexomutase_C_sf
4218,Clo1313_0993,IPR016066,UPI00017E35C0,A-D-PHexomutase_CS
4219,Clo1313_0993,IPR005841,UPI00017E35C0,Alpha-D-phosphohexomutase_SF
4220,Clo1313_0993,,UPI00017E35C0,
4221,Clo1313_0994,IPR011708,UPI0001B1F07A,DNA_pol3_alpha_NTPase_dom
4222,Clo1313_0994,IPR041931,UPI0001B1F07A,DNA_pol3_alpha_thumb_dom
4223,Clo1313_0994,IPR040982,UPI0001B1F07A,DNA_pol3_finger
4224,Clo1313_0994,IPR004805,UPI0001B1F07A,DnaE2/DnaE/PolC
4225,Clo1313_0994,IPR029460,UPI0001B1F07A,DNAPol_HHH
4226,Clo1313_0994,IPR012340,UPI0001B1F07A,NA-bd_OB-fold
4227,Clo1313_0994,IPR004365,UPI0001B1F07A,NA-bd_OB_tRNA
4228,Clo1313_0994,IPR004013,UPI0001B1F07A,PHP_dom
4229,Clo1313_0994,IPR003141,UPI0001B1F07A,Pol/His_phosphatase_N
4230,Clo1313_0994,IPR016195,UPI0001B1F07A,Pol/histidinol_Pase-like
4231,Clo1313_0994,,UPI0001B1F07A,
4232,Clo1313_0995,IPR000824,UPI00003C8A93,MtrB
4233,Clo1313_0995,IPR016031,UPI00003C8A93,Trp_RNA-bd_attenuator-like_dom
4234,Clo1313_0995,IPR023558,UPI00003C8A93,Trp_RNA-bd_attenuator_dom
4235,Clo1313_0995,,UPI00003C8A93,
4236,Clo1313_0996,,UPI00003C8A94,
4237,Clo1313_0997,IPR022953,UPI000038F695,ATP_PFK
4238,Clo1313_0997,IPR012003,UPI000038F695,ATP_PFK_prok-type
4239,Clo1313_0997,IPR012828,UPI000038F695,PFKA_ATP_prok
4240,Clo1313_0997,IPR015912,UPI000038F695,Phosphofructokinase_CS
4241,Clo1313_0997,IPR000023,UPI000038F695,Phosphofructokinase_dom
4242,Clo1313_0997,IPR035966,UPI000038F695,PKF_sf
4243,Clo1313_0997,,UPI000038F695,
4244,Clo1313_0998,IPR050563,UPI00003C8A95,4-hydroxybenzoyl-CoA_TE
4245,Clo1313_0998,IPR029069,UPI00003C8A95,HotDog_dom_sf
4246,Clo1313_0998,IPR006684,UPI00003C8A95,YbgC/YbaW
4247,Clo1313_0998,,UPI00003C8A95,
4248,Clo1313_0999,IPR050324,UPI000038F697,CDP-alcohol_PTase-I
4249,Clo1313_0999,IPR000462,UPI000038F697,CDP-OH_P_trans
4250,Clo1313_0999,IPR043130,UPI000038F697,CDP-OH_PTrfase_TM_dom
4251,Clo1313_0999,IPR048254,UPI000038F697,CDP_ALCOHOL_P_TRANSF_CS
4252,Clo1313_0999,IPR004570,UPI000038F697,Phosphatidylglycerol_P_synth
4253,Clo1313_0999,,UPI000038F697,
4254,Clo1313_1000,IPR012854,UPI0000534226,Cu_amine_oxidase-like_N
4255,Clo1313_1000,IPR036582,UPI0000534226,Mao_N_sf
4256,Clo1313_1000,,UPI0000534226,
4257,Clo1313_1001,IPR008965,UPI0001B1F079,CBM2/CBM3_carb-bd_dom_sf
4258,Clo1313_1001,IPR001956,UPI0001B1F079,CBM3
4259,Clo1313_1001,IPR036966,UPI0001B1F079,CBM3_sf
4260,Clo1313_1001,IPR003305,UPI0001B1F079,CenC_carb-bd
4261,Clo1313_1001,IPR008979,UPI0001B1F079,Galactose-bd-like_sf
4262,Clo1313_1001,IPR002035,UPI0001B1F079,VWF_A
4263,Clo1313_1001,IPR036465,UPI0001B1F079,vWFA_dom_sf
4264,Clo1313_1001,,UPI0001B1F079,
4265,Clo1313_1002,IPR050288,UPI000053581D,Cellulose_deg_GH3
4266,Clo1313_1002,IPR026891,UPI000053581D,Fn3-like
4267,Clo1313_1002,IPR017853,UPI000053581D,GH_hydrolase_sf
4268,Clo1313_1002,IPR019800,UPI000053581D,Glyco_hydro_3_AS
4269,Clo1313_1002,IPR002772,UPI000053581D,Glyco_hydro_3_C
4270,Clo1313_1002,IPR036881,UPI000053581D,Glyco_hydro_3_C_sf
4271,Clo1313_1002,IPR001764,UPI000053581D,Glyco_hydro_3_N
4272,Clo1313_1002,IPR036962,UPI000053581D,Glyco_hydro_3_N_sf
4273,Clo1313_1002,IPR013783,UPI000053581D,Ig-like_fold
4274,Clo1313_1002,,UPI000053581D,
4275,Clo1313_1003,,UPI000038F69B,
4276,Clo1313_1004,IPR024307,UPI00017E17E6,GerY
4277,Clo1313_1004,,UPI00017E17E6,
4278,Clo1313_1005,IPR013815,UPI0001B1F078,ATP_grasp_subdomain_1
4279,Clo1313_1005,IPR006319,UPI0001B1F078,PEP_synth
4280,Clo1313_1005,IPR002192,UPI0001B1F078,PPDK_AMP/ATP-bd
4281,Clo1313_1005,,UPI0001B1F078,
4282,Clo1313_1006,IPR004776,UPI00017E17E5,Mem_transp_PIN-like
4283,Clo1313_1006,IPR038770,UPI00017E17E5,Na+/solute_symporter_sf
4284,Clo1313_1006,,UPI00017E17E5,
4285,Clo1313_1007,IPR045018,UPI00003C8A99,Azg-like
4286,Clo1313_1007,IPR026033,UPI00003C8A99,Azg-like_bact_archaea
4287,Clo1313_1007,IPR006043,UPI00003C8A99,NCS2
4288,Clo1313_1007,,UPI00003C8A99,
4289,Clo1313_1008,IPR033747,UPI000038F7D4,PurE_ClassI
4290,Clo1313_1008,IPR000031,UPI000038F7D4,PurE_dom
4291,Clo1313_1008,IPR024694,UPI000038F7D4,PurE_prokaryotes
4292,Clo1313_1008,,UPI000038F7D4,
4293,Clo1313_1010,IPR010918,UPI000038F7D2,PurM-like_C_dom
4294,Clo1313_1010,IPR036676,UPI000038F7D2,PurM-like_C_sf
4295,Clo1313_1010,IPR016188,UPI000038F7D2,PurM-like_N
4296,Clo1313_1010,IPR036921,UPI000038F7D2,PurM-like_N_sf
4297,Clo1313_1010,IPR004733,UPI000038F7D2,PurM_cligase
4298,Clo1313_1010,,UPI000038F7D2,
4299,Clo1313_1011,IPR002376,UPI0001B1F076,Formyl_transf_N
4300,Clo1313_1011,IPR036477,UPI0001B1F076,Formyl_transf_N_sf
4301,Clo1313_1011,IPR004607,UPI0001B1F076,GART
4302,Clo1313_1011,,UPI0001B1F076,
4303,Clo1313_1012,IPR024051,UPI0001B1F075,AICAR_Tfase_dup_dom_sf
4304,Clo1313_1012,IPR016193,UPI0001B1F075,Cytidine_deaminase-like
4305,Clo1313_1012,IPR011607,UPI0001B1F075,MGS-like_dom
4306,Clo1313_1012,IPR036914,UPI0001B1F075,MGS-like_dom_sf
4307,Clo1313_1012,IPR002695,UPI0001B1F075,PurH-like
4308,Clo1313_1012,,UPI0001B1F075,
4309,Clo1313_1013,IPR011761,UPI000038F69E,ATP-grasp
4310,Clo1313_1013,IPR013815,UPI000038F69E,ATP_grasp_subdomain_1
4311,Clo1313_1013,IPR016185,UPI000038F69E,PreATP-grasp_dom_sf
4312,Clo1313_1013,IPR020561,UPI000038F69E,PRibGlycinamid_synth_ATP-grasp
4313,Clo1313_1013,IPR000115,UPI000038F69E,PRibGlycinamide_synth
4314,Clo1313_1013,IPR020560,UPI000038F69E,PRibGlycinamide_synth_C-dom
4315,Clo1313_1013,IPR037123,UPI000038F69E,PRibGlycinamide_synth_C_sf
4316,Clo1313_1013,IPR020559,UPI000038F69E,PRibGlycinamide_synth_CS
4317,Clo1313_1013,IPR020562,UPI000038F69E,PRibGlycinamide_synth_N
4318,Clo1313_1013,IPR011054,UPI000038F69E,Rudment_hybrid_motif
4319,Clo1313_1013,,UPI000038F69E,
4320,Clo1313_1014,IPR001173,UPI0001B1F074,Glyco_trans_2-like
4321,Clo1313_1014,IPR029044,UPI0001B1F074,Nucleotide-diphossugar_trans
4322,Clo1313_1014,IPR011990,UPI0001B1F074,TPR-like_helical_dom_sf
4323,Clo1313_1014,IPR013105,UPI0001B1F074,TPR_2
4324,Clo1313_1014,IPR019734,UPI0001B1F074,TPR_rpt
4325,Clo1313_1014,,UPI0001B1F074,
4326,Clo1313_1015,IPR016181,UPI000038F6A0,Acyl_CoA_acyltransferase
4327,Clo1313_1015,IPR000182,UPI000038F6A0,GNAT_dom
4328,Clo1313_1015,IPR050769,UPI000038F6A0,NAT_camello-type
4329,Clo1313_1015,,UPI000038F6A0,
4330,Clo1313_1016,IPR004821,UPI000038F6A1,Cyt_trans-like
4331,Clo1313_1016,IPR005248,UPI000038F6A1,NadD/NMNAT
4332,Clo1313_1016,IPR014729,UPI000038F6A1,Rossmann-like_a/b/a_fold
4333,Clo1313_1016,,UPI000038F6A1,
4334,Clo1313_1017,IPR051094,UPI00017E2152,Diverse_Catalytic_Enzymes
4335,Clo1313_1017,IPR003607,UPI00017E2152,HD/PDEase_dom
4336,Clo1313_1017,IPR006674,UPI00017E2152,HD_domain
4337,Clo1313_1017,IPR006675,UPI00017E2152,HDIG_dom
4338,Clo1313_1017,IPR005249,UPI00017E2152,YqeK
4339,Clo1313_1017,,UPI00017E2152,
4340,Clo1313_1018,IPR027381,UPI0001B1F073,LytR/CpsA/Psr_C
4341,Clo1313_1018,,UPI0001B1F073,
4342,Clo1313_1019,IPR004394,UPI0001B1F072,Iojap/RsfS/C7orf30
4343,Clo1313_1019,IPR043519,UPI0001B1F072,NT_sf
4344,Clo1313_1019,,UPI0001B1F072,
4345,Clo1313_1020,IPR001412,UPI000038F6A5,aa-tRNA-synth_I_CS
4346,Clo1313_1020,IPR002300,UPI000038F6A5,aa-tRNA-synth_Ia
4347,Clo1313_1020,IPR002302,UPI000038F6A5,Leu-tRNA-ligase
4348,Clo1313_1020,IPR025709,UPI000038F6A5,Leu_tRNA-synth_edit
4349,Clo1313_1020,IPR013155,UPI000038F6A5,M/V/L/I-tRNA-synth_anticd-bd
4350,Clo1313_1020,IPR015413,UPI000038F6A5,Methionyl/Leucyl_tRNA_Synth
4351,Clo1313_1020,IPR014729,UPI000038F6A5,Rossmann-like_a/b/a_fold
4352,Clo1313_1020,IPR009080,UPI000038F6A5,tRNAsynth_Ia_anticodon-bd
4353,Clo1313_1020,IPR009008,UPI000038F6A5,Val/Leu/Ile-tRNA-synth_edit
4354,Clo1313_1020,,UPI000038F6A5,
4355,Clo1313_1022,IPR004089,UPI0001B1ED43,MCPsignal_dom
4356,Clo1313_1022,,UPI0001B1ED43,
4357,Clo1313_1023,,UPI00017E214F,
4358,Clo1313_1024,IPR045851,UPI00017E214E,AMP-b_sf
4359,Clo1313_1024,IPR020845,UPI00017E214E,AMP-binding_CS
4360,Clo1313_1024,IPR000873,UPI00017E214E,AMP-dep_synth/lig_dom
4361,Clo1313_1024,IPR042099,UPI00017E214E,ANL_N_sf
4362,Clo1313_1024,,UPI00017E214E,
4363,Clo1313_1025,IPR012338,UPI000038F7CD,Beta-lactam/transpept-like
4364,Clo1313_1025,IPR015956,UPI000038F7CD,Peniciliin-bd_prot_C_sf
4365,Clo1313_1025,IPR018044,UPI000038F7CD,Peptidase_S11
4366,Clo1313_1025,IPR012907,UPI000038F7CD,Peptidase_S11_C
4367,Clo1313_1025,IPR037167,UPI000038F7CD,Peptidase_S11_C_sf
4368,Clo1313_1025,IPR001967,UPI000038F7CD,Peptidase_S11_N
4369,Clo1313_1025,,UPI000038F7CD,
4370,Clo1313_1026,IPR004509,UPI0000F2189B,Competence_ComEA_HhH
4371,Clo1313_1026,IPR051675,UPI0000F2189B,Endo/Exo/Phosphatase_dom_1
4372,Clo1313_1026,IPR003583,UPI0000F2189B,Hlx-hairpin-Hlx_DNA-bd_motif
4373,Clo1313_1026,IPR010994,UPI0000F2189B,RuvA_2-like
4374,Clo1313_1026,IPR019554,UPI0000F2189B,Soluble_ligand-bd
4375,Clo1313_1026,,UPI0000F2189B,
4376,Clo1313_1027,IPR019606,UPI00003C8BFB,GerMN
4377,Clo1313_1027,,UPI00003C8BFB,
4378,Clo1313_1028,,UPI0001F32AA1,
4379,Clo1313_1029,IPR002314,UPI00003C8BFA,aa-tRNA-synt_IIb
4380,Clo1313_1029,IPR006195,UPI00003C8BFA,aa-tRNA-synth_II
4381,Clo1313_1029,IPR045864,UPI00003C8BFA,aa-tRNA-synth_II/BPL/LPL
4382,Clo1313_1029,IPR004154,UPI00003C8BFA,Anticodon-bd
4383,Clo1313_1029,IPR036621,UPI00003C8BFA,Anticodon-bd_dom_sf
4384,Clo1313_1029,IPR012675,UPI00003C8BFA,Beta-grasp_dom_sf
4385,Clo1313_1029,IPR004095,UPI00003C8BFA,TGS
4386,Clo1313_1029,IPR012676,UPI00003C8BFA,TGS-like
4387,Clo1313_1029,IPR002320,UPI00003C8BFA,Thr-tRNA-ligase_IIa
4388,Clo1313_1029,IPR018163,UPI00003C8BFA,Thr/Ala-tRNA-synth_IIc_edit
4389,Clo1313_1029,IPR047246,UPI00003C8BFA,ThrRS_anticodon
4390,Clo1313_1029,IPR033728,UPI00003C8BFA,ThrRS_core
4391,Clo1313_1029,IPR012947,UPI00003C8BFA,tRNA_SAD
4392,Clo1313_1029,,UPI00003C8BFA,
4393,Clo1313_1030,IPR045097,UPI00003C8BF9,Thymidate_synth/dCMP_Mease
4394,Clo1313_1030,IPR023451,UPI00003C8BF9,Thymidate_synth/dCMP_Mease_dom
4395,Clo1313_1030,IPR036926,UPI00003C8BF9,Thymidate_synth/dCMP_Mease_sf
4396,Clo1313_1030,IPR000398,UPI00003C8BF9,Thymidylate_synthase
4397,Clo1313_1030,IPR020940,UPI00003C8BF9,Thymidylate_synthase_AS
4398,Clo1313_1030,,UPI00003C8BF9,
4399,Clo1313_1031,IPR012259,UPI000038F7CA,DHFR
4400,Clo1313_1031,IPR024072,UPI000038F7CA,DHFR-like_dom_sf
4401,Clo1313_1031,IPR001796,UPI000038F7CA,DHFR_dom
4402,Clo1313_1031,,UPI000038F7CA,
4403,Clo1313_1032,IPR036788,UPI000038F7C9,T_IF-3_C_sf
4404,Clo1313_1032,IPR036787,UPI000038F7C9,T_IF-3_N_sf
4405,Clo1313_1032,IPR019813,UPI000038F7C9,Translation_initiation_fac3_CS
4406,Clo1313_1032,IPR001288,UPI000038F7C9,Translation_initiation_fac_3
4407,Clo1313_1032,IPR019815,UPI000038F7C9,Translation_initiation_fac_3_C
4408,Clo1313_1032,IPR019814,UPI000038F7C9,Translation_initiation_fac_3_N
4409,Clo1313_1032,,UPI000038F7C9,
4410,Clo1313_1033,IPR001706,UPI0000537FB9,Ribosomal_bL35
4411,Clo1313_1033,IPR021137,UPI0000537FB9,Ribosomal_bL35-like
4412,Clo1313_1033,IPR018265,UPI0000537FB9,Ribosomal_bL35_CS
4413,Clo1313_1033,IPR037229,UPI0000537FB9,Ribosomal_bL35_sf
4414,Clo1313_1033,,UPI0000537FB9,
4415,Clo1313_1034,IPR005813,UPI000038F7C8,Ribosomal_bL20
4416,Clo1313_1034,IPR049946,UPI000038F7C8,RIBOSOMAL_L20_CS
4417,Clo1313_1034,IPR035566,UPI000038F7C8,Ribosomal_protein_bL20_C
4418,Clo1313_1034,,UPI000038F7C8,
4419,Clo1313_1035,IPR029028,UPI0001B1EFA8,Alpha/beta_knot_MTases
4420,Clo1313_1035,IPR053888,UPI0001B1EFA8,MRM3-like_sub_bind
4421,Clo1313_1035,IPR029064,UPI0001B1EFA8,Ribosomal_eL30-like_sf
4422,Clo1313_1035,IPR051259,UPI0001B1EFA8,rRNA_Methyltransferase
4423,Clo1313_1035,IPR004441,UPI0001B1EFA8,rRNA_MeTrfase_TrmH
4424,Clo1313_1035,IPR001537,UPI0001B1EFA8,SpoU_MeTrfase
4425,Clo1313_1035,IPR013123,UPI0001B1EFA8,SpoU_subst-bd
4426,Clo1313_1035,IPR029026,UPI0001B1EFA8,tRNA_m1G_MTases_N
4427,Clo1313_1035,,UPI0001B1EFA8,
4428,Clo1313_1036,IPR008928,UPI0001B1EFA7,6-hairpin_glycosidase_sf
4429,Clo1313_1036,IPR012341,UPI0001B1EFA7,6hp_glycosidase-like_sf
4430,Clo1313_1036,IPR011013,UPI0001B1EFA7,Gal_mutarotase_sf_dom
4431,Clo1313_1036,IPR037018,UPI0001B1EFA7,GH65_N
4432,Clo1313_1036,IPR033432,UPI0001B1EFA7,GH94_catalytic
4433,Clo1313_1036,IPR052047,UPI0001B1EFA7,GH94_Enzymes
4434,Clo1313_1036,IPR037824,UPI0001B1EFA7,GH94N_2_NdvB
4435,Clo1313_1036,IPR037820,UPI0001B1EFA7,GH94N_NdvB
4436,Clo1313_1036,IPR010383,UPI0001B1EFA7,Glyco_hydrolase_94_b-supersand
4437,Clo1313_1036,IPR019282,UPI0001B1EFA7,Glycoamylase-like_cons_dom
4438,Clo1313_1036,,UPI0001B1EFA7,
4439,Clo1313_1037,,UPI0000532864,
4440,Clo1313_1038,IPR024294,UPI0001B1EFA6,DUF3810
4441,Clo1313_1038,,UPI0001B1EFA6,
4442,Clo1313_1039,IPR016181,UPI000038F7C3,Acyl_CoA_acyltransferase
4443,Clo1313_1039,IPR004616,UPI000038F7C3,Leu/Phe-tRNA_Trfase
4444,Clo1313_1039,IPR042203,UPI000038F7C3,Leu/Phe-tRNA_Trfase_C
4445,Clo1313_1039,IPR042221,UPI000038F7C3,Leu/Phe-tRNA_Trfase_N
4446,Clo1313_1039,,UPI000038F7C3,
4447,Clo1313_1040,IPR003593,UPI000038F7C2,AAA+_ATPase
4448,Clo1313_1040,IPR003959,UPI000038F7C2,ATPase_AAA_core
4449,Clo1313_1040,IPR019489,UPI000038F7C2,Clp_ATPase_C
4450,Clo1313_1040,IPR036628,UPI000038F7C2,Clp_N_dom_sf
4451,Clo1313_1040,IPR004176,UPI000038F7C2,Clp_R_N
4452,Clo1313_1040,IPR013461,UPI000038F7C2,ClpA
4453,Clo1313_1040,IPR001270,UPI000038F7C2,ClpA/B
4454,Clo1313_1040,IPR018368,UPI000038F7C2,ClpA/B_CS1
4455,Clo1313_1040,IPR028299,UPI000038F7C2,ClpA/B_CS2
4456,Clo1313_1040,IPR041546,UPI000038F7C2,ClpA/ClpB_AAA_lid
4457,Clo1313_1040,IPR050130,UPI000038F7C2,ClpA_ClpB
4458,Clo1313_1040,IPR027417,UPI000038F7C2,P-loop_NTPase
4459,Clo1313_1040,,UPI000038F7C2,
4460,Clo1313_1041,IPR022935,UPI000038F7C1,ClpS
4461,Clo1313_1041,IPR003769,UPI000038F7C1,ClpS_core
4462,Clo1313_1041,IPR014719,UPI000038F7C1,Ribosomal_bL12_C/ClpS-like
4463,Clo1313_1041,,UPI000038F7C1,
4464,Clo1313_1042,IPR002781,UPI0000536306,TM_pro_TauE-like
4465,Clo1313_1042,IPR051598,UPI0000536306,TSUP/Inactive_protease-like
4466,Clo1313_1042,,UPI0000536306,
4467,Clo1313_1043,IPR002781,UPI000038F7BF,TM_pro_TauE-like
4468,Clo1313_1043,IPR051598,UPI000038F7BF,TSUP/Inactive_protease-like
4469,Clo1313_1043,,UPI000038F7BF,
4470,Clo1313_1044,,UPI0001F328D2,
4471,Clo1313_1045,,UPI00017E4E32,
4472,Clo1313_1046,IPR006316,UPI00003C8BF5,Trp_synth_b-like
4473,Clo1313_1046,IPR006654,UPI00003C8BF5,Trp_synth_beta
4474,Clo1313_1046,IPR023026,UPI00003C8BF5,Trp_synth_beta/beta-like
4475,Clo1313_1046,IPR001926,UPI00003C8BF5,TrpB-like_PALP
4476,Clo1313_1046,IPR036052,UPI00003C8BF5,TrpB-like_PALP_sf
4477,Clo1313_1046,,UPI00003C8BF5,
4478,Clo1313_1047,,UPI0000534CA3,
4479,Clo1313_1048,,UPI0001B1EFA5,
4480,Clo1313_1049,IPR016181,UPI00003C8BF3,Acyl_CoA_acyltransferase
4481,Clo1313_1049,IPR000182,UPI00003C8BF3,GNAT_dom
4482,Clo1313_1049,IPR051531,UPI00003C8BF3,N-acetyltransferase
4483,Clo1313_1049,,UPI00003C8BF3,
4484,Clo1313_1050,IPR018739,UPI00017E4A16,DUF2281
4485,Clo1313_1050,,UPI00017E4A16,
4486,Clo1313_1051,IPR050297,UPI000053786A,LipidA_mod_glycosyltrf_83
4487,Clo1313_1051,IPR038731,UPI000053786A,RgtA/B/C-like
4488,Clo1313_1051,,UPI000053786A,
4489,Clo1313_1052,IPR027417,UPI000038FB8F,P-loop_NTPase
4490,Clo1313_1052,IPR013153,UPI000038FB8F,Prk_AAA
4491,Clo1313_1052,IPR016230,UPI000038FB8F,PrkA/YeaG
4492,Clo1313_1052,IPR010650,UPI000038FB8F,PrkA_C
4493,Clo1313_1052,,UPI000038FB8F,
4494,Clo1313_1053,IPR014230,UPI00017E4A15,Spore_YhbH
4495,Clo1313_1053,IPR006698,UPI00017E4A15,UPF0229
4496,Clo1313_1053,IPR036465,UPI00017E4A15,vWFA_dom_sf
4497,Clo1313_1053,,UPI00017E4A15,
4498,Clo1313_1054,IPR007390,UPI000038FB8D,Spore_V_R
4499,Clo1313_1054,IPR057008,UPI000038FB8D,SpoVR-like_C
4500,Clo1313_1054,IPR056174,UPI000038FB8D,SpoVR_N
4501,Clo1313_1054,,UPI000038FB8D,
4502,Clo1313_1055,IPR026032,UPI00017E4A14,HcaT-like
4503,Clo1313_1055,IPR024989,UPI00017E4A14,MFS_assoc_dom
4504,Clo1313_1055,IPR020846,UPI00017E4A14,MFS_dom
4505,Clo1313_1055,IPR036259,UPI00017E4A14,MFS_trans_sf
4506,Clo1313_1055,,UPI00017E4A14,
4507,Clo1313_1056,IPR000845,UPI00005386C2,Nucleoside_phosphorylase_d
4508,Clo1313_1056,IPR035994,UPI00005386C2,Nucleoside_phosphorylase_sf
4509,Clo1313_1056,IPR011270,UPI00005386C2,Pur_Nuc_Pase_Ino/Guo-sp
4510,Clo1313_1056,IPR011268,UPI00005386C2,Purine_phosphorylase
4511,Clo1313_1056,IPR018099,UPI00005386C2,Purine_phosphorylase-2_CS
4512,Clo1313_1056,,UPI00005386C2,
4513,Clo1313_1057,IPR042172,UPI000038FB8A,Adenosylhomocyst_ase-like_sf
4514,Clo1313_1057,IPR000043,UPI000038FB8A,Adenosylhomocysteinase-like
4515,Clo1313_1057,IPR015878,UPI000038FB8A,Ado_hCys_hydrolase_NAD-bd
4516,Clo1313_1057,IPR036291,UPI000038FB8A,NAD(P)-bd_dom_sf
4517,Clo1313_1057,IPR020082,UPI000038FB8A,S-Ado-L-homoCys_hydrolase_CS
4518,Clo1313_1057,,UPI000038FB8A,
4519,Clo1313_1058,IPR006680,UPI00003C8BED,Amidohydro-rel
4520,Clo1313_1058,IPR023512,UPI00003C8BED,Deaminase_MtaD/DadD
4521,Clo1313_1058,IPR011059,UPI00003C8BED,Metal-dep_hydrolase_composite
4522,Clo1313_1058,IPR032466,UPI00003C8BED,Metal_Hydrolase
4523,Clo1313_1058,IPR050287,UPI00003C8BED,MTA/SAH_deaminase
4524,Clo1313_1058,,UPI00003C8BED,
4525,Clo1313_1059,,UPI00003C8BEC,
4526,Clo1313_1060,IPR003587,UPI0001B1EF63,Hint_dom_N
4527,Clo1313_1060,IPR036844,UPI0001B1EF63,Hint_dom_sf
4528,Clo1313_1060,IPR030934,UPI0001B1EF63,Intein_C
4529,Clo1313_1060,IPR006141,UPI0001B1EF63,Intein_N
4530,Clo1313_1060,,UPI0001B1EF63,
4531,Clo1313_1065,IPR028983,UPI0001F328D3,PA2201-like_C
4532,Clo1313_1065,IPR015025,UPI0001F328D3,PoNi_C
4533,Clo1313_1065,IPR015024,UPI0001F328D3,PoNi_N
4534,Clo1313_1065,,UPI0001F328D3,
4535,Clo1313_1067,IPR020481,UPI0001B1EF00,Intracell_prot_inh_BsuPI
4536,Clo1313_1067,IPR038144,UPI0001B1EF00,IPI
4537,Clo1313_1067,IPR001119,UPI0001B1EF00,SLH_dom
4538,Clo1313_1067,,UPI0001B1EF00,
4539,Clo1313_1068,IPR050155,UPI0000535143,HAD-like_hydrolase_sf
4540,Clo1313_1068,IPR036412,UPI0000535143,HAD-like_sf
4541,Clo1313_1068,IPR006439,UPI0000535143,HAD-SF_hydro_IA
4542,Clo1313_1068,IPR041492,UPI0000535143,HAD_2
4543,Clo1313_1068,IPR023214,UPI0000535143,HAD_sf
4544,Clo1313_1068,IPR023198,UPI0000535143,PGP-like_dom2
4545,Clo1313_1068,,UPI0000535143,
4546,Clo1313_1069,,UPI00003C8E18,
4547,Clo1313_1070,IPR003593,UPI0000533413,AAA+_ATPase
4548,Clo1313_1070,IPR003439,UPI0000533413,ABC_transporter-like_ATP-bd
4549,Clo1313_1070,IPR050763,UPI0000533413,ABC_transporter_ATP-binding
4550,Clo1313_1070,IPR027417,UPI0000533413,P-loop_NTPase
4551,Clo1313_1070,,UPI0000533413,
4552,Clo1313_1071,IPR010390,UPI00017E66EB,ABC-2_transporter-like
4553,Clo1313_1071,,UPI00017E66EB,
4554,Clo1313_1072,IPR010390,UPI000038F93D,ABC-2_transporter-like
4555,Clo1313_1072,,UPI000038F93D,
4556,Clo1313_1073,IPR013094,UPI000038F93C,AB_hydrolase_3
4557,Clo1313_1073,IPR029058,UPI000038F93C,AB_hydrolase_fold
4558,Clo1313_1073,IPR050300,UPI000038F93C,GDXG_lipolytic_enzyme
4559,Clo1313_1073,,UPI000038F93C,
4560,Clo1313_1074,,UPI000038F93B,
4561,Clo1313_1075,IPR046283,UPI00003C8E14,DUF6320
4562,Clo1313_1075,,UPI00003C8E14,
4563,Clo1313_1076,IPR011703,UPI000038F939,ATPase_AAA-3
4564,Clo1313_1076,IPR050764,UPI000038F939,CbbQ/NirQ/NorQ/GpvN
4565,Clo1313_1076,IPR041628,UPI000038F939,ChlI/MoxR_AAA_lid
4566,Clo1313_1076,IPR027417,UPI000038F939,P-loop_NTPase
4567,Clo1313_1076,,UPI000038F939,
4568,Clo1313_1077,,UPI0001F328FF,
4569,Clo1313_1078,IPR052901,UPI00003C8E13,Bact_TGase-like
4570,Clo1313_1078,IPR038765,UPI00003C8E13,Papain-like_cys_pep_sf
4571,Clo1313_1078,IPR021878,UPI00003C8E13,TgpA_N
4572,Clo1313_1078,IPR002931,UPI00003C8E13,Transglutaminase-like
4573,Clo1313_1078,,UPI00003C8E13,
4574,Clo1313_1079,IPR031493,UPI000038F935,Zinc_ribbon_15
4575,Clo1313_1079,,UPI000038F935,
4576,Clo1313_1080,IPR012610,UPI000038F934,SASP_SspH
4577,Clo1313_1080,,UPI000038F934,
4578,Clo1313_1081,IPR000868,UPI0001B1ED80,Isochorismatase-like_dom
4579,Clo1313_1081,IPR036380,UPI0001B1ED80,Isochorismatase-like_sf
4580,Clo1313_1081,IPR044717,UPI0001B1ED80,NIC1
4581,Clo1313_1081,,UPI0001B1ED80,
4582,Clo1313_1082,IPR013785,UPI000038F932,Aldolase_TIM
4583,Clo1313_1082,IPR041525,UPI000038F932,N/Namide_PRibTrfase
4584,Clo1313_1082,IPR041619,UPI000038F932,NAPRTase_C
4585,Clo1313_1082,IPR040727,UPI000038F932,NAPRTase_N
4586,Clo1313_1082,IPR007229,UPI000038F932,Nic_PRibTrfase-Fam
4587,Clo1313_1082,IPR006405,UPI000038F932,Nic_PRibTrfase_pncB
4588,Clo1313_1082,IPR036068,UPI000038F932,Nicotinate_pribotase-like_C
4589,Clo1313_1082,,UPI000038F932,
4590,Clo1313_1083,IPR028976,UPI00003C8E10,CheC-like_sf
4591,Clo1313_1083,IPR038756,UPI00003C8E10,CheX-like
4592,Clo1313_1083,IPR028051,UPI00003C8E10,CheX-like_dom
4593,Clo1313_1083,,UPI00003C8E10,
4594,Clo1313_1084,IPR003734,UPI000038F930,DUF155
4595,Clo1313_1084,IPR051624,UPI000038F930,RMD1/Sad1-interacting
4596,Clo1313_1084,,UPI000038F930,
4597,Clo1313_1085,IPR003734,UPI0000536019,DUF155
4598,Clo1313_1085,IPR051624,UPI0000536019,RMD1/Sad1-interacting
4599,Clo1313_1085,,UPI0000536019,
4600,Clo1313_1086,IPR009875,UPI0001B1ED7F,PilZ_domain
4601,Clo1313_1086,,UPI0001B1ED7F,
4602,Clo1313_1087,IPR017896,UPI000038F92D,4Fe4S_Fe-S-bd
4603,Clo1313_1087,IPR017900,UPI000038F92D,4Fe4S_Fe_S_CS
4604,Clo1313_1087,IPR007160,UPI000038F92D,DUF362
4605,Clo1313_1087,IPR050572,UPI000038F92D,Fe-S_Ferredoxin
4606,Clo1313_1087,,UPI000038F92D,
4607,Clo1313_1088,,UPI00017E6AFA,
4608,Clo1313_1089,IPR012338,UPI000038F92C,Beta-lactam/transpept-like
4609,Clo1313_1089,IPR015956,UPI000038F92C,Peniciliin-bd_prot_C_sf
4610,Clo1313_1089,IPR018044,UPI000038F92C,Peptidase_S11
4611,Clo1313_1089,IPR012907,UPI000038F92C,Peptidase_S11_C
4612,Clo1313_1089,IPR001967,UPI000038F92C,Peptidase_S11_N
4613,Clo1313_1089,,UPI000038F92C,
4614,Clo1313_1090,IPR022663,UPI00003C8E0E,DapB_C
4615,Clo1313_1090,IPR000846,UPI00003C8E0E,DapB_N
4616,Clo1313_1090,IPR023940,UPI00003C8E0E,DHDPR_bac
4617,Clo1313_1090,IPR036291,UPI00003C8E0E,NAD(P)-bd_dom_sf
4618,Clo1313_1090,,UPI00003C8E0E,
4619,Clo1313_1091,IPR012338,UPI000038F92A,Beta-lactam/transpept-like
4620,Clo1313_1091,IPR045155,UPI000038F92A,Beta-lactam_cat
4621,Clo1313_1091,IPR000871,UPI000038F92A,Beta-lactam_class-A
4622,Clo1313_1091,,UPI000038F92A,
4623,Clo1313_1092,,UPI0001F32900,
4624,Clo1313_1093,IPR023473,UPI00017E6AFB,AMMECR1
4625,Clo1313_1093,IPR036071,UPI00017E6AFB,AMMECR1_dom_sf
4626,Clo1313_1093,IPR002733,UPI00017E6AFB,AMMECR1_domain
4627,Clo1313_1093,IPR027485,UPI00017E6AFB,AMMECR1_N
4628,Clo1313_1093,IPR027623,UPI00017E6AFB,AmmeMemoSam_A
4629,Clo1313_1093,IPR004183,UPI00017E6AFB,Xdiol_dOase_suB
4630,Clo1313_1093,,UPI00017E6AFB,
4631,Clo1313_1094,IPR013785,UPI00005349D7,Aldolase_TIM
4632,Clo1313_1094,IPR027596,UPI00005349D7,AmmeMemoSam_rS
4633,Clo1313_1094,IPR034457,UPI00005349D7,Organic_radical-activating
4634,Clo1313_1094,IPR016431,UPI00005349D7,Pyrv-formate_lyase-activ_prd
4635,Clo1313_1094,IPR007197,UPI00005349D7,rSAM
4636,Clo1313_1094,IPR058240,UPI00005349D7,rSAM_sf
4637,Clo1313_1094,,UPI00005349D7,
4638,Clo1313_1095,IPR014046,UPI000038F927,C-di-AMP_synthase
4639,Clo1313_1095,IPR034701,UPI000038F927,CdaA
4640,Clo1313_1095,IPR045585,UPI000038F927,CdaA_N
4641,Clo1313_1095,IPR050338,UPI000038F927,DisA
4642,Clo1313_1095,IPR036888,UPI000038F927,DNA_integrity_DisA_N_sf
4643,Clo1313_1095,IPR003390,UPI000038F927,DNA_integrity_scan_DisA_N
4644,Clo1313_1095,,UPI000038F927,
4645,Clo1313_1096,IPR053154,UPI0001B1ED46,c-di-AMP_regulator
4646,Clo1313_1096,IPR012505,UPI0001B1ED46,YbbR
4647,Clo1313_1096,,UPI0001B1ED46,
4648,Clo1313_1097,IPR028348,UPI0001B1ED45,FAD-binding_protein
4649,Clo1313_1097,IPR049516,UPI0001B1ED45,FAD-depend_C
4650,Clo1313_1097,IPR036188,UPI0001B1ED45,FAD/NAD-bd_sf
4651,Clo1313_1097,,UPI0001B1ED45,
4652,Clo1313_1098,IPR005844,UPI0000538420,A-D-PHexomutase_a/b/a-I
4653,Clo1313_1098,IPR016055,UPI0000538420,A-D-PHexomutase_a/b/a-I/II/III
4654,Clo1313_1098,IPR005845,UPI0000538420,A-D-PHexomutase_a/b/a-II
4655,Clo1313_1098,IPR005846,UPI0000538420,A-D-PHexomutase_a/b/a-III
4656,Clo1313_1098,IPR005843,UPI0000538420,A-D-PHexomutase_C
4657,Clo1313_1098,IPR036900,UPI0000538420,A-D-PHexomutase_C_sf
4658,Clo1313_1098,IPR016066,UPI0000538420,A-D-PHexomutase_CS
4659,Clo1313_1098,IPR005841,UPI0000538420,Alpha-D-phosphohexomutase_SF
4660,Clo1313_1098,IPR006352,UPI0000538420,GlmM_bact
4661,Clo1313_1098,IPR050060,UPI0000538420,Phosphoglucosamine_mutase
4662,Clo1313_1098,,UPI0000538420,
4663,Clo1313_1099,IPR017932,UPI000038F923,GATase_2_dom
4664,Clo1313_1099,IPR005855,UPI000038F923,GFAT
4665,Clo1313_1099,IPR047084,UPI000038F923,GFAT_N
4666,Clo1313_1099,IPR035466,UPI000038F923,GlmS/AgaS_SIS
4667,Clo1313_1099,IPR035490,UPI000038F923,GlmS/FrlB_SIS
4668,Clo1313_1099,IPR029055,UPI000038F923,Ntn_hydrolases_N
4669,Clo1313_1099,IPR001347,UPI000038F923,SIS_dom
4670,Clo1313_1099,IPR046348,UPI000038F923,SIS_dom_sf
4671,Clo1313_1099,,UPI000038F923,
4672,Clo1313_1100,IPR011991,UPI00003C8BCF,ArsR-like_HTH
4673,Clo1313_1100,IPR001845,UPI00003C8BCF,HTH_ArsR_DNA-bd_dom
4674,Clo1313_1100,IPR051081,UPI00003C8BCF,HTH_MetalResp_TranReg
4675,Clo1313_1100,IPR036388,UPI00003C8BCF,WH-like_DNA-bd_sf
4676,Clo1313_1100,IPR036390,UPI00003C8BCF,WH_DNA-bd_sf
4677,Clo1313_1100,,UPI00003C8BCF,
4678,Clo1313_1101,IPR004706,UPI00017E3E06,Arsenical-R_Acr3
4679,Clo1313_1101,IPR002657,UPI00017E3E06,BilAc:Na_symport/Acr3
4680,Clo1313_1101,IPR038770,UPI00017E3E06,Na+/solute_symporter_sf
4681,Clo1313_1101,,UPI00017E3E06,
4682,Clo1313_1102,IPR023485,UPI000038FAA2,Ptyr_pPase
4683,Clo1313_1102,IPR036196,UPI000038FAA2,Ptyr_pPase_sf
4684,Clo1313_1102,,UPI000038FAA2,
4685,Clo1313_1103,IPR005524,UPI0001B1ED44,DUF318
4686,Clo1313_1103,IPR053166,UPI0001B1ED44,UPF0718_permease
4687,Clo1313_1103,,UPI0001B1ED44,
4688,Clo1313_1106,IPR003593,UPI00005337F3,AAA+_ATPase
4689,Clo1313_1106,IPR027417,UPI00005337F3,P-loop_NTPase
4690,Clo1313_1106,IPR001482,UPI00005337F3,T2SS/T4SS_dom
4691,Clo1313_1106,IPR037257,UPI00005337F3,T2SS_E_N_sf
4692,Clo1313_1106,IPR007831,UPI00005337F3,T2SS_GspE_N
4693,Clo1313_1106,,UPI00005337F3,
4694,Clo1313_1107,IPR003593,UPI0001B1ED50,AAA+_ATPase
4695,Clo1313_1107,IPR027417,UPI0001B1ED50,P-loop_NTPase
4696,Clo1313_1107,IPR006321,UPI0001B1ED50,PilT/PilU
4697,Clo1313_1107,IPR001482,UPI0001B1ED50,T2SS/T4SS_dom
4698,Clo1313_1107,IPR050921,UPI0001B1ED50,
4699,Clo1313_1107,,UPI0001B1ED50,
4700,Clo1313_1108,IPR003004,UPI0001B1ED4F,GspF/PilC
4701,Clo1313_1108,IPR001992,UPI0001B1ED4F,T2SS_GspF/T4SS_PilC_CS
4702,Clo1313_1108,IPR018076,UPI0001B1ED4F,T2SS_GspF_dom
4703,Clo1313_1108,IPR042094,UPI0001B1ED4F,T2SS_GspF_sf
4704,Clo1313_1108,,UPI0001B1ED4F,
4705,Clo1313_1109,IPR012902,UPI0001B1ED4E,N_methyl_site
4706,Clo1313_1109,IPR045584,UPI0001B1ED4E,Pilin-like
4707,Clo1313_1109,,UPI0001B1ED4E,
4708,Clo1313_1110,IPR012902,UPI0001B1ED4D,N_methyl_site
4709,Clo1313_1110,,UPI0001B1ED4D,
4710,Clo1313_1111,IPR052534,UPI000038FA9A,Extracell_DNA_Util/SecSys_Comp
4711,Clo1313_1111,IPR007813,UPI000038FA9A,PilN
4712,Clo1313_1111,,UPI000038FA9A,
4713,Clo1313_1112,,UPI0001B1ED4C,
4714,Clo1313_1113,IPR012902,UPI0001B1ED4B,N_methyl_site
4715,Clo1313_1113,IPR045584,UPI0001B1ED4B,Pilin-like
4716,Clo1313_1113,,UPI0001B1ED4B,
4717,Clo1313_1114,,UPI0001B1ED4A,
4718,Clo1313_1115,,UPI0000534698,
4719,Clo1313_1116,IPR029045,UPI00003C8BC5,ClpP/crotonase-like_dom_sf
4720,Clo1313_1116,IPR023562,UPI00003C8BC5,ClpP/TepA
4721,Clo1313_1116,,UPI00003C8BC5,
4722,Clo1313_1117,IPR025619,UPI00003C8BC4,YlzJ
4723,Clo1313_1117,,UPI00003C8BC4,
4724,Clo1313_1118,IPR003593,UPI00003C8BC3,AAA+_ATPase
4725,Clo1313_1118,IPR050206,UPI00003C8BC3,FtsK/SpoIIIE/SftA
4726,Clo1313_1118,IPR025199,UPI00003C8BC3,FtsK_4TM
4727,Clo1313_1118,IPR041027,UPI00003C8BC3,FtsK_alpha
4728,Clo1313_1118,IPR002543,UPI00003C8BC3,FtsK_dom
4729,Clo1313_1118,IPR018541,UPI00003C8BC3,Ftsk_gamma
4730,Clo1313_1118,IPR027417,UPI00003C8BC3,P-loop_NTPase
4731,Clo1313_1118,IPR036388,UPI00003C8BC3,WH-like_DNA-bd_sf
4732,Clo1313_1118,IPR036390,UPI00003C8BC3,WH_DNA-bd_sf
4733,Clo1313_1118,,UPI00003C8BC3,
4734,Clo1313_1119,IPR006638,UPI00003C8BC2,Elp3/MiaA/NifB-like_rSAM
4735,Clo1313_1119,IPR007197,UPI00003C8BC2,rSAM
4736,Clo1313_1119,IPR023404,UPI00003C8BC2,rSAM_horseshoe
4737,Clo1313_1119,IPR058240,UPI00003C8BC2,rSAM_sf
4738,Clo1313_1119,IPR022946,UPI00003C8BC2,UPF0313
4739,Clo1313_1119,IPR024560,UPI00003C8BC2,UPF0313_C
4740,Clo1313_1119,IPR013704,UPI00003C8BC2,UPF0313_N
4741,Clo1313_1119,,UPI00003C8BC2,
4742,Clo1313_1120,IPR046346,UPI00003C8BC1,Aminoacid_DH-like_N_sf
4743,Clo1313_1120,IPR036291,UPI00003C8BC1,NAD(P)-bd_dom_sf
4744,Clo1313_1120,IPR000672,UPI00003C8BC1,THF_DH/CycHdrlase
4745,Clo1313_1120,IPR020630,UPI00003C8BC1,THF_DH/CycHdrlase_cat_dom
4746,Clo1313_1120,IPR020867,UPI00003C8BC1,THF_DH/CycHdrlase_CS
4747,Clo1313_1120,IPR020631,UPI00003C8BC1,THF_DH/CycHdrlase_NAD-bd_dom
4748,Clo1313_1120,,UPI00003C8BC1,
4749,Clo1313_1121,IPR027417,UPI00003C8BC0,P-loop_NTPase
4750,Clo1313_1121,,UPI00003C8BC0,
4751,Clo1313_1122,IPR003607,UPI0001B1ED2B,HD/PDEase_dom
4752,Clo1313_1122,IPR006674,UPI0001B1ED2B,HD_domain
4753,Clo1313_1122,IPR006675,UPI0001B1ED2B,HDIG_dom
4754,Clo1313_1122,IPR004087,UPI0001B1ED2B,KH_dom
4755,Clo1313_1122,IPR004088,UPI0001B1ED2B,KH_dom_type_1
4756,Clo1313_1122,IPR036612,UPI0001B1ED2B,KH_dom_type_1_sf
4757,Clo1313_1122,IPR017705,UPI0001B1ED2B,Ribonuclease_Y
4758,Clo1313_1122,IPR022711,UPI0001B1ED2B,RNase_Y_N
4759,Clo1313_1122,,UPI0001B1ED2B,
4760,Clo1313_1123,IPR029052,UPI0000F218DE,Metallo-depent_PP-like
4761,Clo1313_1123,IPR005235,UPI0000F218DE,YmdB-like
4762,Clo1313_1123,,UPI0000F218DE,
4763,Clo1313_1124,IPR036882,UPI00003C8BBC,Alba-like_dom_sf
4764,Clo1313_1124,IPR007347,UPI00003C8BBC,SpoVS
4765,Clo1313_1124,,UPI00003C8BBC,
4766,Clo1313_1125,,UPI00003C8BBB,
4767,Clo1313_1126,IPR021778,UPI00003C8BBA,Se/S_carrier-like
4768,Clo1313_1126,,UPI00003C8BBA,
4769,Clo1313_1127,IPR016040,UPI00003C8BB9,NAD(P)-bd_dom
4770,Clo1313_1127,IPR036291,UPI00003C8BB9,NAD(P)-bd_dom_sf
4771,Clo1313_1127,,UPI00003C8BB9,
4772,Clo1313_1128,IPR001296,UPI0001B1ED2A,Glyco_trans_1
4773,Clo1313_1128,IPR028098,UPI0001B1ED2A,Glyco_trans_4-like_N
4774,Clo1313_1128,,UPI0001B1ED2A,
4775,Clo1313_1129,IPR002575,UPI00005313AB,Aminoglycoside_PTrfase
4776,Clo1313_1129,IPR047175,UPI00005313AB,CotS-like
4777,Clo1313_1129,IPR011009,UPI00005313AB,Kinase-like_dom_sf
4778,Clo1313_1129,IPR014255,UPI00005313AB,Spore_coat_CotS
4779,Clo1313_1129,,UPI00005313AB,
4780,Clo1313_1130,IPR002575,UPI0000533808,Aminoglycoside_PTrfase
4781,Clo1313_1130,IPR047175,UPI0000533808,CotS-like
4782,Clo1313_1130,IPR011009,UPI0000533808,Kinase-like_dom_sf
4783,Clo1313_1130,IPR014255,UPI0000533808,Spore_coat_CotS
4784,Clo1313_1130,,UPI0000533808,
4785,Clo1313_1131,IPR027598,UPI000038F901,Amphi-Trp_dom
4786,Clo1313_1131,,UPI000038F901,
4787,Clo1313_1132,,UPI000038F900,
4788,Clo1313_1133,IPR005085,UPI0000536AFA,CBM25
4789,Clo1313_1133,IPR013783,UPI0000536AFA,Ig-like_fold
4790,Clo1313_1133,,UPI0000536AFA,
4791,Clo1313_1134,IPR005844,UPI0000534DDE,A-D-PHexomutase_a/b/a-I
4792,Clo1313_1134,IPR016055,UPI0000534DDE,A-D-PHexomutase_a/b/a-I/II/III
4793,Clo1313_1134,IPR005846,UPI0000534DDE,A-D-PHexomutase_a/b/a-III
4794,Clo1313_1134,IPR036900,UPI0000534DDE,A-D-PHexomutase_C_sf
4795,Clo1313_1134,IPR056729,UPI0000534DDE,GMPPB_C
4796,Clo1313_1134,IPR050486,UPI0000534DDE,Mannose-1P_guanyltransferase
4797,Clo1313_1134,IPR005835,UPI0000534DDE,NTP_transferase_dom
4798,Clo1313_1134,IPR029044,UPI0000534DDE,Nucleotide-diphossugar_trans
4799,Clo1313_1134,IPR011004,UPI0000534DDE,Trimer_LpxA-like_sf
4800,Clo1313_1134,,UPI0000534DDE,
4801,Clo1313_1135,,UPI00003C8BB6,
4802,Clo1313_1136,,UPI00003C8BB5,
4803,Clo1313_1138,IPR010273,UPI0001B1ED29,DUF881
4804,Clo1313_1138,,UPI0001B1ED29,
4805,Clo1313_1139,IPR011330,UPI000038F8F9,Glyco_hydro/deAcase_b/a-brl
4806,Clo1313_1139,IPR002509,UPI000038F8F9,NODB_dom
4807,Clo1313_1139,IPR050248,UPI000038F8F9,Polysacc_deacetylase_ArnD
4808,Clo1313_1139,IPR014235,UPI000038F8F9,Spore_PdaA
4809,Clo1313_1139,,UPI000038F8F9,
4810,Clo1313_1140,IPR022476,UPI000038F8F8,Spore_YabP/YqfC
4811,Clo1313_1140,IPR022477,UPI000038F8F8,Spore_YqfC
4812,Clo1313_1140,IPR038705,UPI000038F8F8,YabP_sf
4813,Clo1313_1140,,UPI000038F8F8,
4814,Clo1313_1141,IPR010690,UPI000038F8F7,YqfD
4815,Clo1313_1141,,UPI000038F8F7,
4816,Clo1313_1142,IPR036612,UPI00017E5E8A,KH_dom_type_1_sf
4817,Clo1313_1142,IPR027417,UPI00017E5E8A,P-loop_NTPase
4818,Clo1313_1142,IPR003714,UPI00017E5E8A,PhoH
4819,Clo1313_1142,IPR051451,UPI00017E5E8A,PhoH2-like
4820,Clo1313_1142,,UPI00017E5E8A,
4821,Clo1313_1143,IPR003607,UPI00017E5E89,HD/PDEase_dom
4822,Clo1313_1143,IPR006674,UPI00017E5E89,HD_domain
4823,Clo1313_1143,IPR006675,UPI00017E5E89,HDIG_dom
4824,Clo1313_1143,IPR011624,UPI00017E5E89,Metal-dep_PHydrolase_7TM_extra
4825,Clo1313_1143,IPR011621,UPI00017E5E89,Metal-dep_PHydrolase_7TM_intra
4826,Clo1313_1143,IPR052722,UPI00017E5E89,PgpH_phosphodiesterase
4827,Clo1313_1143,,UPI00017E5E89,
4828,Clo1313_1144,IPR023091,UPI000038F8F4,MetalPrtase_cat_dom_sf_prd
4829,Clo1313_1144,IPR002036,UPI000038F8F4,YbeY
4830,Clo1313_1144,,UPI000038F8F4,
4831,Clo1313_1145,IPR016192,UPI000038F8F3,APOBEC/CMP_deaminase_Zn-bd
4832,Clo1313_1145,IPR002125,UPI000038F8F3,CMP_dCMP_dom
4833,Clo1313_1145,IPR050202,UPI000038F8F3,Cyt/Deoxycyt_deaminase
4834,Clo1313_1145,IPR006262,UPI000038F8F3,Cyt_deam_tetra
4835,Clo1313_1145,IPR016193,UPI000038F8F3,Cytidine_deaminase-like
4836,Clo1313_1145,,UPI000038F8F3,
4837,Clo1313_1146,IPR030388,UPI000038F8F2,G_ERA_dom
4838,Clo1313_1146,IPR006073,UPI000038F8F2,GTP-bd
4839,Clo1313_1146,IPR005662,UPI000038F8F2,GTPase_Era-like
4840,Clo1313_1146,IPR015946,UPI000038F8F2,KH_dom-like_a/b
4841,Clo1313_1146,IPR004044,UPI000038F8F2,KH_dom_type_2
4842,Clo1313_1146,IPR009019,UPI000038F8F2,KH_sf_prok-type
4843,Clo1313_1146,IPR027417,UPI000038F8F2,P-loop_NTPase
4844,Clo1313_1146,IPR005225,UPI000038F8F2,Small_GTP-bd
4845,Clo1313_1146,,UPI000038F8F2,
4846,Clo1313_1147,IPR025617,UPI00017E5E88,YqzL
4847,Clo1313_1147,,UPI00017E5E88,
4848,Clo1313_1148,IPR037278,UPI000038F8F1,ARFGAP/RecO
4849,Clo1313_1148,IPR022572,UPI000038F8F1,DNA_rep/recomb_RecO_N
4850,Clo1313_1148,IPR012340,UPI000038F8F1,NA-bd_OB-fold
4851,Clo1313_1148,IPR003717,UPI000038F8F1,RecO
4852,Clo1313_1148,IPR042242,UPI000038F8F1,RecO_C
4853,Clo1313_1148,,UPI000038F8F1,
4854,Clo1313_1149,IPR009875,UPI0000532248,PilZ_domain
4855,Clo1313_1149,,UPI0000532248,
4856,Clo1313_1150,IPR000192,UPI000038F8EF,Aminotrans_V_dom
4857,Clo1313_1150,IPR020578,UPI000038F8EF,Aminotrans_V_PyrdxlP_BS
4858,Clo1313_1150,IPR016454,UPI000038F8EF,Cysteine_dSase
4859,Clo1313_1150,IPR015424,UPI000038F8EF,PyrdxlP-dep_Trfase
4860,Clo1313_1150,IPR015421,UPI000038F8EF,PyrdxlP-dep_Trfase_major
4861,Clo1313_1150,IPR015422,UPI000038F8EF,PyrdxlP-dep_Trfase_small
4862,Clo1313_1150,,UPI000038F8EF,
4863,Clo1313_1151,IPR014729,UPI0001B1ED28,Rossmann-like_a/b/a_fold
4864,Clo1313_1151,IPR020536,UPI0001B1ED28,ThiI_AANH
4865,Clo1313_1151,IPR054173,UPI0001B1ED28,ThiI_fer
4866,Clo1313_1151,IPR049961,UPI0001B1ED28,ThiI_N
4867,Clo1313_1151,IPR004114,UPI0001B1ED28,THUMP_dom
4868,Clo1313_1151,IPR049962,UPI0001B1ED28,THUMP_ThiI
4869,Clo1313_1151,IPR003720,UPI0001B1ED28,tRNA_STrfase
4870,Clo1313_1151,IPR050102,UPI0001B1ED28,tRNA_sulfurtransferase_ThiI
4871,Clo1313_1151,,UPI0001B1ED28,
4872,Clo1313_1152,IPR011098,UPI0001B1ED27,G5_dom
4873,Clo1313_1152,IPR052913,UPI0001B1ED27,Glycopeptide_resist_protein
4874,Clo1313_1152,IPR007391,UPI0001B1ED27,Vancomycin_resist_VanW
4875,Clo1313_1152,IPR022029,UPI0001B1ED27,YoaR-like_PG-bd
4876,Clo1313_1152,,UPI0001B1ED27,
4877,Clo1313_1153,IPR018708,UPI000038F8EC,DUF2225
4878,Clo1313_1153,IPR011990,UPI000038F8EC,TPR-like_helical_dom_sf
4879,Clo1313_1153,,UPI000038F8EC,
4880,Clo1313_1154,IPR011854,UPI0000F218D7,HypE
4881,Clo1313_1154,IPR010918,UPI0000F218D7,PurM-like_C_dom
4882,Clo1313_1154,IPR036676,UPI0000F218D7,PurM-like_C_sf
4883,Clo1313_1154,IPR016188,UPI0000F218D7,PurM-like_N
4884,Clo1313_1154,IPR036921,UPI0000F218D7,PurM-like_N_sf
4885,Clo1313_1154,,UPI0000F218D7,
4886,Clo1313_1155,IPR015424,UPI000038F8EA,PyrdxlP-dep_Trfase
4887,Clo1313_1155,IPR015421,UPI000038F8EA,PyrdxlP-dep_Trfase_major
4888,Clo1313_1155,IPR015422,UPI000038F8EA,PyrdxlP-dep_Trfase_small
4889,Clo1313_1155,IPR001085,UPI000038F8EA,Ser_HO-MeTrfase
4890,Clo1313_1155,IPR049943,UPI000038F8EA,Ser_HO-MeTrfase-like
4891,Clo1313_1155,IPR019798,UPI000038F8EA,Ser_HO-MeTrfase_PLP_BS
4892,Clo1313_1155,IPR039429,UPI000038F8EA,SHMT-like_dom
4893,Clo1313_1155,,UPI000038F8EA,
4894,Clo1313_1156,IPR007168,UPI000038F8E9,Phageshock_PspC_N
4895,Clo1313_1156,IPR052027,UPI000038F8E9,PspC
4896,Clo1313_1156,,UPI000038F8E9,
4897,Clo1313_1157,IPR052901,UPI0001B1ED26,Bact_TGase-like
4898,Clo1313_1157,IPR038765,UPI0001B1ED26,Papain-like_cys_pep_sf
4899,Clo1313_1157,IPR025403,UPI0001B1ED26,TgpA-like_C
4900,Clo1313_1157,IPR002931,UPI0001B1ED26,Transglutaminase-like
4901,Clo1313_1157,,UPI0001B1ED26,
4902,Clo1313_1158,IPR002881,UPI000053553C,DUF58
4903,Clo1313_1158,,UPI000053553C,
4904,Clo1313_1159,IPR011703,UPI000038F8E6,ATPase_AAA-3
4905,Clo1313_1159,IPR050764,UPI000038F8E6,CbbQ/NirQ/NorQ/GpvN
4906,Clo1313_1159,IPR041628,UPI000038F8E6,ChlI/MoxR_AAA_lid
4907,Clo1313_1159,IPR027417,UPI000038F8E6,P-loop_NTPase
4908,Clo1313_1159,,UPI000038F8E6,
4909,Clo1313_1160,IPR001557,UPI000038F8E5,L-lactate/malate_DH
4910,Clo1313_1160,IPR011304,UPI000038F8E5,L-lactate_DH
4911,Clo1313_1160,IPR018177,UPI000038F8E5,L-lactate_DH_AS
4912,Clo1313_1160,IPR022383,UPI000038F8E5,Lactate/malate_DH_C
4913,Clo1313_1160,IPR001236,UPI000038F8E5,Lactate/malate_DH_N
4914,Clo1313_1160,IPR015955,UPI000038F8E5,Lactate_DH/Glyco_Ohase_4_C
4915,Clo1313_1160,IPR036291,UPI000038F8E5,NAD(P)-bd_dom_sf
4916,Clo1313_1160,,UPI000038F8E5,
4917,Clo1313_1161,IPR050101,UPI0001B1ED02,CinA
4918,Clo1313_1161,IPR036653,UPI0001B1ED02,CinA-like_C
4919,Clo1313_1161,IPR008136,UPI0001B1ED02,CinA_C
4920,Clo1313_1161,IPR041424,UPI0001B1ED02,CinA_KH
4921,Clo1313_1161,IPR008135,UPI0001B1ED02,Competence-induced_CinA
4922,Clo1313_1161,IPR036425,UPI0001B1ED02,MoaB/Mog-like_dom_sf
4923,Clo1313_1161,IPR001453,UPI0001B1ED02,MoaB/Mog_dom
4924,Clo1313_1161,,UPI0001B1ED02,
4925,Clo1313_1162,IPR051050,UPI0001B1ED01,Lipid_II_flippase_MurJ/MviN
4926,Clo1313_1162,IPR004268,UPI0001B1ED01,MurJ
4927,Clo1313_1162,,UPI0001B1ED01,
4928,Clo1313_1163,IPR003593,UPI00003C8BAB,AAA+_ATPase
4929,Clo1313_1163,IPR013765,UPI00003C8BAB,DNA_recomb/repair_RecA
4930,Clo1313_1163,IPR020584,UPI00003C8BAB,DNA_recomb/repair_RecA_CS
4931,Clo1313_1163,IPR027417,UPI00003C8BAB,P-loop_NTPase
4932,Clo1313_1163,IPR049261,UPI00003C8BAB,RecA-like_C
4933,Clo1313_1163,IPR049428,UPI00003C8BAB,RecA-like_N
4934,Clo1313_1163,IPR020588,UPI00003C8BAB,RecA_ATP-bd
4935,Clo1313_1163,IPR023400,UPI00003C8BAB,RecA_C_sf
4936,Clo1313_1163,IPR020587,UPI00003C8BAB,RecA_monomer-monomer_interface
4937,Clo1313_1163,,UPI00003C8BAB,
4938,Clo1313_1164,IPR053926,UPI00005313B9,RecX_HTH_1st
4939,Clo1313_1164,IPR053924,UPI00005313B9,RecX_HTH_2nd
4940,Clo1313_1164,IPR053925,UPI00005313B9,RecX_HTH_3rd
4941,Clo1313_1164,IPR003783,UPI00005313B9,Regulatory_RecX
4942,Clo1313_1164,IPR036388,UPI00005313B9,WH-like_DNA-bd_sf
4943,Clo1313_1164,,UPI00005313B9,
4944,Clo1313_1165,IPR022764,UPI00003C8BAA,Peptidase_S54_rhomboid_dom
4945,Clo1313_1165,IPR035952,UPI00003C8BAA,Rhomboid-like_sf
4946,Clo1313_1165,IPR050925,UPI00003C8BAA,Rhomboid_protease_S54
4947,Clo1313_1165,IPR011990,UPI00003C8BAA,TPR-like_helical_dom_sf
4948,Clo1313_1165,IPR019734,UPI00003C8BAA,TPR_rpt
4949,Clo1313_1165,,UPI00003C8BAA,
4950,Clo1313_1166,,UPI000038F8E0,
4951,Clo1313_1168,,UPI000038F8DE,
4952,Clo1313_1169,,UPI000038F8DD,
4953,Clo1313_1170,,UPI000038F8DC,
4954,Clo1313_1171,IPR043519,UPI00005337E3,NT_sf
4955,Clo1313_1171,,UPI00005337E3,
4956,Clo1313_1172,IPR036565,UPI0001F32939,Mur-like_cat_sf
4957,Clo1313_1172,IPR004101,UPI0001F32939,Mur_ligase_C
4958,Clo1313_1172,IPR036615,UPI0001F32939,Mur_ligase_C_dom_sf
4959,Clo1313_1172,IPR013221,UPI0001F32939,Mur_ligase_cen
4960,Clo1313_1172,IPR005762,UPI0001F32939,MurD
4961,Clo1313_1172,,UPI0001F32939,
4962,Clo1313_1173,IPR008921,UPI0001B1ECFE,DNA_pol3_clamp-load_cplx_C
4963,Clo1313_1173,IPR048466,UPI0001B1ECFE,DNA_pol3_delta-like_C
4964,Clo1313_1173,IPR010372,UPI0001B1ECFE,DNA_pol3_delta_N
4965,Clo1313_1173,IPR005790,UPI0001B1ECFE,DNA_polIII_delta
4966,Clo1313_1173,IPR027417,UPI0001B1ECFE,P-loop_NTPase
4967,Clo1313_1173,,UPI0001B1ECFE,
4968,Clo1313_1174,IPR002583,UPI0001B1ECFD,Ribosomal_bS20
4969,Clo1313_1174,IPR036510,UPI0001B1ECFD,Ribosomal_bS20_sf
4970,Clo1313_1174,,UPI0001B1ECFD,
4971,Clo1313_1175,IPR023430,UPI0001B1ECFC,Pept_HybD-like_dom_sf
4972,Clo1313_1175,IPR005080,UPI0001B1ECFC,Peptidase_A25
4973,Clo1313_1175,,UPI0001B1ECFC,
4974,Clo1313_1176,IPR002508,UPI0000536B72,MurNAc-LAA_cat
4975,Clo1313_1176,IPR050695,UPI0000536B72,N-acetylmuramoyl_amidase_3
4976,Clo1313_1176,,UPI0000536B72,
4977,Clo1313_1177,IPR049500,UPI0000F218BC,Peptidase_M50B-like
4978,Clo1313_1177,,UPI0000F218BC,
4979,Clo1313_1178,IPR001357,UPI00005322B4,BRCT_dom
4980,Clo1313_1178,IPR036420,UPI00005322B4,BRCT_dom_sf
4981,Clo1313_1178,IPR041663,UPI00005322B4,DisA/LigA_HHH
4982,Clo1313_1178,IPR001679,UPI00005322B4,DNA_ligase
4983,Clo1313_1178,IPR018239,UPI00005322B4,DNA_ligase_AS
4984,Clo1313_1178,IPR013839,UPI00005322B4,DNAligase_adenylation
4985,Clo1313_1178,IPR013840,UPI00005322B4,DNAligase_N
4986,Clo1313_1178,IPR003583,UPI00005322B4,Hlx-hairpin-Hlx_DNA-bd_motif
4987,Clo1313_1178,IPR012340,UPI00005322B4,NA-bd_OB-fold
4988,Clo1313_1178,IPR004150,UPI00005322B4,NAD_DNA_ligase_OB
4989,Clo1313_1178,IPR010994,UPI00005322B4,RuvA_2-like
4990,Clo1313_1178,IPR004149,UPI00005322B4,Znf_DNAligase_C4
4991,Clo1313_1178,,UPI00005322B4,
4992,Clo1313_1179,,UPI00017E460E,
4993,Clo1313_1180,IPR037891,UPI0000537A2E,Cdil-like_sf
4994,Clo1313_1180,,UPI0000537A2E,
4995,Clo1313_1181,IPR036113,UPI00003C8FA8,Asp/Glu-ADT_sf_sub_c
4996,Clo1313_1181,IPR003837,UPI00003C8FA8,GatC
4997,Clo1313_1181,,UPI00003C8FA8,
4998,Clo1313_1182,IPR000120,UPI000038FC55,Amidase
4999,Clo1313_1182,IPR020556,UPI000038FC55,Amidase_CS
5000,Clo1313_1182,IPR023631,UPI000038FC55,Amidase_dom
5001,Clo1313_1182,IPR036928,UPI000038FC55,AS_sf
5002,Clo1313_1182,IPR004412,UPI000038FC55,GatA
5003,Clo1313_1182,,UPI000038FC55,
5004,Clo1313_1183,IPR017959,UPI0000536B89,Asn/Gln-tRNA_amidoTrfase_suB/E
5005,Clo1313_1183,IPR006075,UPI0000536B89,Asn/Gln-tRNA_Trfase_suB/E_cat
5006,Clo1313_1183,IPR018027,UPI0000536B89,Asn/Gln_amidotransferase
5007,Clo1313_1183,IPR003789,UPI0000536B89,Asn/Gln_tRNA_amidoTrase-B-like
5008,Clo1313_1183,IPR004413,UPI0000536B89,GatB
5009,Clo1313_1183,IPR042114,UPI0000536B89,GatB_C_1
5010,Clo1313_1183,IPR023168,UPI0000536B89,GatB_Yqey_C_2
5011,Clo1313_1183,IPR017958,UPI0000536B89,Gln-tRNA_amidoTrfase_suB_CS
5012,Clo1313_1183,IPR014746,UPI0000536B89,Gln_synth/guanido_kin_cat_dom
5013,Clo1313_1183,,UPI0000536B89,
5014,Clo1313_1184,IPR051012,UPI000038FC57,
5015,Clo1313_1184,IPR011990,UPI000038FC57,TPR-like_helical_dom_sf
5016,Clo1313_1184,IPR019734,UPI000038FC57,TPR_rpt
5017,Clo1313_1184,,UPI000038FC57,
5018,Clo1313_1185,IPR012147,UPI0001F32947,P_Ac_Bu_trans
5019,Clo1313_1185,IPR004614,UPI0001F32947,P_AcTrfase
5020,Clo1313_1185,IPR042113,UPI0001F32947,P_AcTrfase_dom1
5021,Clo1313_1185,IPR042112,UPI0001F32947,P_AcTrfase_dom2
5022,Clo1313_1185,IPR050500,UPI0001F32947,Phos_Acetyltrans/Butyryltrans
5023,Clo1313_1185,IPR002505,UPI0001F32947,PTA_PTB
5024,Clo1313_1185,,UPI0001F32947,
5025,Clo1313_1186,IPR004372,UPI000012528A,Ac/propionate_kinase
5026,Clo1313_1186,IPR000890,UPI000012528A,Aliphatic_acid_kin_short-chain
5027,Clo1313_1186,IPR023865,UPI000012528A,Aliphatic_acid_kinase_CS
5028,Clo1313_1186,IPR043129,UPI000012528A,ATPase_NBD
5029,Clo1313_1186,,UPI000012528A,
5030,Clo1313_1187,IPR003772,UPI00003C8FAB,YceD
5031,Clo1313_1187,,UPI00003C8FAB,
5032,Clo1313_1188,IPR002677,UPI00003C8FAC,Ribosomal_bL32
5033,Clo1313_1188,IPR044957,UPI00003C8FAC,Ribosomal_bL32_bact
5034,Clo1313_1188,IPR011332,UPI00003C8FAC,Ribosomal_zn-bd
5035,Clo1313_1188,,UPI00003C8FAC,
5036,Clo1313_1189,IPR013785,UPI0001B1ECFB,Aldolase_TIM
5037,Clo1313_1189,IPR007549,UPI0001B1ECFB,DUF512
5038,Clo1313_1189,IPR001478,UPI0001B1ECFB,PDZ
5039,Clo1313_1189,IPR041489,UPI0001B1ECFB,PDZ_6
5040,Clo1313_1189,IPR036034,UPI0001B1ECFB,PDZ_sf
5041,Clo1313_1189,IPR045375,UPI0001B1ECFB,Put_radical_SAM-like_M
5042,Clo1313_1189,IPR058240,UPI0001B1ECFB,rSAM_sf
5043,Clo1313_1189,,UPI0001B1ECFB,
5044,Clo1313_1190,IPR031166,UPI0000531B26,G_ENGA
5045,Clo1313_1190,IPR006073,UPI0000531B26,GTP-bd
5046,Clo1313_1190,IPR016484,UPI0000531B26,GTPase_Der
5047,Clo1313_1190,IPR032859,UPI0000531B26,KH_dom-like
5048,Clo1313_1190,IPR015946,UPI0000531B26,KH_dom-like_a/b
5049,Clo1313_1190,IPR027417,UPI0000531B26,P-loop_NTPase
5050,Clo1313_1190,IPR005225,UPI0000531B26,Small_GTP-bd
5051,Clo1313_1190,,UPI0000531B26,
5052,Clo1313_1191,IPR003811,UPI0001B1ECFA,G3P_acylTferase_PlsY
5053,Clo1313_1191,,UPI0001B1ECFA,
5054,Clo1313_1192,IPR008927,UPI0000533FF3,6-PGluconate_DH-like_C_sf
5055,Clo1313_1192,IPR013328,UPI0000533FF3,6PGD_dom2
5056,Clo1313_1192,IPR006168,UPI0000533FF3,G3P_DH_NAD-dep
5057,Clo1313_1192,IPR006109,UPI0000533FF3,G3P_DH_NAD-dep_C
5058,Clo1313_1192,IPR011128,UPI0000533FF3,G3P_DH_NAD-dep_N
5059,Clo1313_1192,IPR036291,UPI0000533FF3,NAD(P)-bd_dom_sf
5060,Clo1313_1192,,UPI0000533FF3,
5061,Clo1313_1193,IPR027417,UPI00003C8FB1,P-loop_NTPase
5062,Clo1313_1193,IPR046842,UPI00003C8FB1,SpoIVA_ATPase
5063,Clo1313_1193,IPR046840,UPI00003C8FB1,SpoIVA_C
5064,Clo1313_1193,IPR046841,UPI00003C8FB1,SpoIVA_middle
5065,Clo1313_1193,IPR014201,UPI00003C8FB1,Spore_IV_A
5066,Clo1313_1193,,UPI00003C8FB1,
5067,Clo1313_1194,IPR006059,UPI0001B1ECF9,SBP
5068,Clo1313_1194,,UPI0001B1ECF9,
5069,Clo1313_1195,IPR051393,UPI0001B1F068,ABC_transporter_permease
5070,Clo1313_1195,IPR000515,UPI0001B1F068,MetI-like
5071,Clo1313_1195,IPR035906,UPI0001B1F068,MetI-like_sf
5072,Clo1313_1195,,UPI0001B1F068,
5073,Clo1313_1196,IPR050901,UPI0000F218BA,BP-dep_ABC_trans_perm
5074,Clo1313_1196,IPR000515,UPI0000F218BA,MetI-like
5075,Clo1313_1196,IPR035906,UPI0000F218BA,MetI-like_sf
5076,Clo1313_1196,,UPI0000F218BA,
5077,Clo1313_1198,IPR012854,UPI000038FCD6,Cu_amine_oxidase-like_N
5078,Clo1313_1198,IPR036582,UPI000038FCD6,Mao_N_sf
5079,Clo1313_1198,IPR002508,UPI000038FCD6,MurNAc-LAA_cat
5080,Clo1313_1198,IPR050695,UPI000038FCD6,N-acetylmuramoyl_amidase_3
5081,Clo1313_1198,,UPI000038FCD6,
5082,Clo1313_1199,IPR024208,UPI000038FCD5,DUF3842
5083,Clo1313_1199,,UPI000038FCD5,
5084,Clo1313_1200,,UPI000038FCD4,
5085,Clo1313_1201,IPR000432,UPI0001B1F067,DNA_mismatch_repair_MutS_C
5086,Clo1313_1201,IPR007696,UPI0001B1F067,DNA_mismatch_repair_MutS_core
5087,Clo1313_1201,IPR036187,UPI0001B1F067,DNA_mismatch_repair_MutS_sf
5088,Clo1313_1201,IPR046893,UPI0001B1F067,MSSS
5089,Clo1313_1201,IPR045076,UPI0001B1F067,MutS
5090,Clo1313_1201,IPR005747,UPI0001B1F067,MutS2
5091,Clo1313_1201,IPR027417,UPI0001B1F067,P-loop_NTPase
5092,Clo1313_1201,IPR002625,UPI0001B1F067,Smr_dom
5093,Clo1313_1201,IPR036063,UPI0001B1F067,Smr_dom_sf
5094,Clo1313_1201,,UPI0001B1F067,
5095,Clo1313_1202,IPR002549,UPI0001B1F066,AI-2E-like
5096,Clo1313_1202,IPR014227,UPI0001B1F066,YtvI-like
5097,Clo1313_1202,,UPI0001B1F066,
5098,Clo1313_1203,IPR001387,UPI00003C9071,Cro/C1-type_HTH
5099,Clo1313_1203,IPR014284,UPI00003C9071,RNA_pol_sigma-70_dom
5100,Clo1313_1203,IPR014209,UPI00003C9071,RNA_pol_sigma-K
5101,Clo1313_1203,IPR000943,UPI00003C9071,RNA_pol_sigma70
5102,Clo1313_1203,IPR007627,UPI00003C9071,RNA_pol_sigma70_r2
5103,Clo1313_1203,IPR007630,UPI00003C9071,RNA_pol_sigma70_r4
5104,Clo1313_1203,IPR013325,UPI00003C9071,RNA_pol_sigma_r2
5105,Clo1313_1203,IPR013324,UPI00003C9071,RNA_pol_sigma_r3/r4-like
5106,Clo1313_1203,IPR050813,UPI00003C9071,Sigma-70_Factor
5107,Clo1313_1203,IPR036388,UPI00003C9071,WH-like_DNA-bd_sf
5108,Clo1313_1203,,UPI00003C9071,
5109,Clo1313_1204,IPR050515,UPI00003C9070,Beta-lactam/transpept
5110,Clo1313_1204,IPR012338,UPI00003C9070,Beta-lactam/transpept-like
5111,Clo1313_1204,IPR005311,UPI00003C9070,PBP_dimer
5112,Clo1313_1204,IPR036138,UPI00003C9070,PBP_dimer_sf
5113,Clo1313_1204,IPR001460,UPI00003C9070,PCN-bd_Tpept
5114,Clo1313_1204,,UPI00003C9070,
5115,Clo1313_1205,IPR001539,UPI000038FDC5,Peptidase_U32
5116,Clo1313_1205,IPR032525,UPI000038FDC5,Peptidase_U32_C
5117,Clo1313_1205,IPR051454,UPI000038FDC5,
5118,Clo1313_1205,,UPI000038FDC5,
5119,Clo1313_1206,IPR050362,UPI000038FDC6,Cation-dep_OMT
5120,Clo1313_1206,IPR029063,UPI000038FDC6,SAM-dependent_MTases_sf
5121,Clo1313_1206,IPR002935,UPI000038FDC6,SAM_O-MeTrfase
5122,Clo1313_1206,IPR043675,UPI000038FDC6,TrmR_methyltr
5123,Clo1313_1206,,UPI000038FDC6,
5124,Clo1313_1207,IPR003770,UPI0000537A67,MLTG-like
5125,Clo1313_1207,,UPI0000537A67,
5126,Clo1313_1208,IPR006298,UPI0000F218B9,BipA
5127,Clo1313_1208,IPR048876,UPI0000F218B9,BipA_C
5128,Clo1313_1208,IPR047041,UPI0000F218B9,BipA_GTP-bd_dom
5129,Clo1313_1208,IPR047042,UPI0000F218B9,BipA_II
5130,Clo1313_1208,IPR047043,UPI0000F218B9,BipA_III
5131,Clo1313_1208,IPR035651,UPI0000F218B9,BipA_V
5132,Clo1313_1208,IPR035647,UPI0000F218B9,EFG_III/V
5133,Clo1313_1208,IPR000640,UPI0000F218B9,EFG_V-like
5134,Clo1313_1208,IPR004161,UPI0000F218B9,EFTu-like_2
5135,Clo1313_1208,IPR031157,UPI0000F218B9,G_TR_CS
5136,Clo1313_1208,IPR027417,UPI0000F218B9,P-loop_NTPase
5137,Clo1313_1208,IPR005225,UPI0000F218B9,Small_GTP-bd
5138,Clo1313_1208,IPR000795,UPI0000F218B9,T_Tr_GTP-bd_dom
5139,Clo1313_1208,IPR009000,UPI0000F218B9,Transl_B-barrel_sf
5140,Clo1313_1208,IPR042116,UPI0000F218B9,TypA/BipA_C
5141,Clo1313_1208,,UPI0000F218B9,
5142,Clo1313_1209,IPR001865,UPI0000F218B8,Ribosomal_uS2
5143,Clo1313_1209,IPR005706,UPI0000F218B8,Ribosomal_uS2_bac/mit/plastid
5144,Clo1313_1209,IPR018130,UPI0000F218B8,Ribosomal_uS2_CS
5145,Clo1313_1209,IPR023591,UPI0000F218B8,Ribosomal_uS2_flav_dom_sf
5146,Clo1313_1209,,UPI0000F218B8,
5147,Clo1313_1210,IPR036402,UPI0000F218B7,EF-Ts_dimer_sf
5148,Clo1313_1210,IPR001816,UPI0000F218B7,Transl_elong_EFTs/EF1B
5149,Clo1313_1210,IPR014039,UPI0000F218B7,Transl_elong_EFTs/EF1B_dimer
5150,Clo1313_1210,IPR018101,UPI0000F218B7,Transl_elong_Ts_CS
5151,Clo1313_1210,IPR009060,UPI0000F218B7,UBA-like_sf
5152,Clo1313_1210,,UPI0000F218B7,
5153,Clo1313_1211,IPR036393,UPI0000F218B6,AceGlu_kinase-like_sf
5154,Clo1313_1211,IPR001048,UPI0000F218B6,Asp/Glu/Uridylate_kinase
5155,Clo1313_1211,IPR011817,UPI0000F218B6,Uridylate_kinase
5156,Clo1313_1211,IPR015963,UPI0000F218B6,Uridylate_kinase_bac
5157,Clo1313_1211,,UPI0000F218B6,
5158,Clo1313_1212,IPR002661,UPI0001B1F064,Ribosome_recyc_fac
5159,Clo1313_1212,IPR023584,UPI0001B1F064,Ribosome_recyc_fac_dom
5160,Clo1313_1212,IPR036191,UPI0001B1F064,RRF_sf
5161,Clo1313_1212,,UPI0001B1F064,
5162,Clo1313_1213,,UPI0000F218AE,
5163,Clo1313_1214,IPR001441,UPI0000F218AD,UPP_synth-like
5164,Clo1313_1214,IPR018520,UPI0000F218AD,UPP_synth-like_CS
5165,Clo1313_1214,IPR036424,UPI0000F218AD,UPP_synth-like_sf
5166,Clo1313_1214,,UPI0000F218AD,
5167,Clo1313_1215,,UPI0000F218AC,
5168,Clo1313_1216,IPR003821,UPI00003C90DB,DXP_reductoisomerase
5169,Clo1313_1216,IPR013644,UPI00003C90DB,DXP_reductoisomerase_C
5170,Clo1313_1216,IPR013512,UPI00003C90DB,DXP_reductoisomerase_N
5171,Clo1313_1216,IPR026877,UPI00003C90DB,DXPR_C
5172,Clo1313_1216,IPR036169,UPI00003C90DB,DXPR_C_sf
5173,Clo1313_1216,IPR036291,UPI00003C90DB,NAD(P)-bd_dom_sf
5174,Clo1313_1216,,UPI00003C90DB,
5175,Clo1313_1217,IPR001478,UPI0000535550,PDZ
5176,Clo1313_1217,IPR041489,UPI0000535550,PDZ_6
5177,Clo1313_1217,IPR036034,UPI0000535550,PDZ_sf
5178,Clo1313_1217,IPR004387,UPI0000535550,Pept_M50_Zn
5179,Clo1313_1217,IPR008915,UPI0000535550,Peptidase_M50
5180,Clo1313_1217,,UPI0000535550,
5181,Clo1313_1218,IPR011005,UPI000038FD61,Dihydropteroate_synth-like_sf
5182,Clo1313_1218,IPR016425,UPI000038FD61,IspG_bac
5183,Clo1313_1218,IPR004588,UPI000038FD61,IspG_bac-typ
5184,Clo1313_1218,IPR058579,UPI000038FD61,IspG_C
5185,Clo1313_1218,IPR058578,UPI000038FD61,IspG_TIM
5186,Clo1313_1218,IPR045854,UPI000038FD61,NO2/SO3_Rdtase_4Fe4S_sf
5187,Clo1313_1218,,UPI000038FD61,
5188,Clo1313_1219,IPR011708,UPI0001B1F063,DNA_pol3_alpha_NTPase_dom
5189,Clo1313_1219,IPR040982,UPI0001B1F063,DNA_pol3_finger
5190,Clo1313_1219,IPR024754,UPI0001B1F063,DNA_PolC-like_N_II
5191,Clo1313_1219,IPR028112,UPI0001B1F063,DNA_PolC-type_N_I
5192,Clo1313_1219,IPR004805,UPI0001B1F063,DnaE2/DnaE/PolC
5193,Clo1313_1219,IPR029460,UPI0001B1F063,DNAPol_HHH
5194,Clo1313_1219,IPR006054,UPI0001B1F063,DnaQ
5195,Clo1313_1219,IPR012340,UPI0001B1F063,NA-bd_OB-fold
5196,Clo1313_1219,IPR004013,UPI0001B1F063,PHP_dom
5197,Clo1313_1219,IPR003141,UPI0001B1F063,Pol/His_phosphatase_N
5198,Clo1313_1219,IPR006308,UPI0001B1F063,Pol_III_a_PolC-type_gram_pos
5199,Clo1313_1219,IPR044923,UPI0001B1F063,PolC_middle_finger_sf
5200,Clo1313_1219,IPR013520,UPI0001B1F063,Ribonucl_H
5201,Clo1313_1219,IPR012337,UPI0001B1F063,RNaseH-like_sf
5202,Clo1313_1219,IPR036397,UPI0001B1F063,RNaseH_sf
5203,Clo1313_1219,,UPI0001B1F063,
5204,Clo1313_1220,,UPI0001F3294F,
5205,Clo1313_1221,IPR003728,UPI00003C90DE,Ribosome_maturation_RimP
5206,Clo1313_1221,IPR028998,UPI00003C90DE,RimP_C
5207,Clo1313_1221,IPR036847,UPI00003C90DE,RimP_C_sf
5208,Clo1313_1221,IPR028989,UPI00003C90DE,RimP_N
5209,Clo1313_1221,IPR035956,UPI00003C90DE,RimP_N_sf
5210,Clo1313_1221,,UPI00003C90DE,
5211,Clo1313_1222,IPR004087,UPI0000F218AB,KH_dom
5212,Clo1313_1222,IPR015946,UPI0000F218AB,KH_dom-like_a/b
5213,Clo1313_1222,IPR058582,UPI0000F218AB,KH_NusA_2nd
5214,Clo1313_1222,IPR009019,UPI0000F218AB,KH_sf_prok-type
5215,Clo1313_1222,IPR012340,UPI0000F218AB,NA-bd_OB-fold
5216,Clo1313_1222,IPR036555,UPI0000F218AB,NusA_N_sf
5217,Clo1313_1222,IPR003029,UPI0000F218AB,S1_domain
5218,Clo1313_1222,IPR010213,UPI0000F218AB,TF_NusA
5219,Clo1313_1222,IPR030842,UPI0000F218AB,TF_NusA_prokaryotes
5220,Clo1313_1222,IPR025249,UPI0000F218AB,TF_NusA_KH_1st
5221,Clo1313_1222,IPR013735,UPI0000F218AB,TF_NusA_N
5222,Clo1313_1222,,UPI0000F218AB,
5223,Clo1313_1223,IPR037465,UPI0000F218AA,YlxR
5224,Clo1313_1223,IPR035931,UPI0000F218AA,YlxR-like_sf
5225,Clo1313_1223,IPR007393,UPI0000F218AA,YlxR_dom
5226,Clo1313_1223,,UPI0000F218AA,
5227,Clo1313_1224,IPR029064,UPI0000F218A9,Ribosomal_eL30-like_sf
5228,Clo1313_1224,IPR004038,UPI0000F218A9,Ribosomal_eL8/eL30/eS12/Gad45
5229,Clo1313_1224,,UPI0000F218A9,
5230,Clo1313_1226,IPR015946,UPI0001B1F061,KH_dom-like_a/b
5231,Clo1313_1226,IPR000238,UPI0001B1F061,RbfA
5232,Clo1313_1226,IPR023799,UPI0001B1F061,RbfA_dom_sf
5233,Clo1313_1226,IPR020053,UPI0001B1F061,Ribosome-bd_factorA_CS
5234,Clo1313_1226,,UPI0001B1F061,
5235,Clo1313_1227,IPR001667,UPI000038FBAD,DDH_dom
5236,Clo1313_1227,IPR038763,UPI000038FBAD,DHH_sf
5237,Clo1313_1227,IPR003156,UPI000038FBAD,DHHA1_dom
5238,Clo1313_1227,IPR051319,UPI000038FBAD,Oligoribo/pAp-PDE_c-di-AMP_PDE
5239,Clo1313_1227,,UPI000038FBAD,
5240,Clo1313_1228,IPR020103,UPI000038FBAC,PsdUridine_synth_cat_dom_sf
5241,Clo1313_1228,IPR002501,UPI000038FBAC,PsdUridine_synth_N
5242,Clo1313_1228,IPR014780,UPI000038FBAC,tRNA_psdUridine_synth_TruB
5243,Clo1313_1228,IPR032819,UPI000038FBAC,TruB_C
5244,Clo1313_1228,,UPI000038FBAC,
5245,Clo1313_1229,IPR015864,UPI000038FBAB,FAD_synthase
5246,Clo1313_1229,IPR023468,UPI000038FBAB,Riboflavin_kinase
5247,Clo1313_1229,IPR002606,UPI000038FBAB,Riboflavin_kinase_bac
5248,Clo1313_1229,IPR015865,UPI000038FBAB,Riboflavin_kinase_bac/euk
5249,Clo1313_1229,IPR023465,UPI000038FBAB,Riboflavin_kinase_dom_sf
5250,Clo1313_1229,IPR014729,UPI000038FBAB,Rossmann-like_a/b/a_fold
5251,Clo1313_1229,,UPI000038FBAB,
5252,Clo1313_1230,,UPI00003C8F42,
5253,Clo1313_1231,IPR011249,UPI00003C8F43,Metalloenz_LuxS/M16
5254,Clo1313_1231,IPR050361,UPI00003C8F43,MPP/UQCRC_Complex
5255,Clo1313_1231,IPR007863,UPI00003C8F43,Peptidase_M16_C
5256,Clo1313_1231,,UPI00003C8F43,
5257,Clo1313_1232,IPR011249,UPI0001B1F041,Metalloenz_LuxS/M16
5258,Clo1313_1232,IPR050361,UPI0001B1F041,MPP/UQCRC_Complex
5259,Clo1313_1232,IPR011765,UPI0001B1F041,Pept_M16_N
5260,Clo1313_1232,IPR007863,UPI0001B1F041,Peptidase_M16_C
5261,Clo1313_1232,,UPI0001B1F041,
5262,Clo1313_1233,IPR001640,UPI000038FBA8,Lgt
5263,Clo1313_1233,,UPI000038FBA8,
5264,Clo1313_1234,IPR018540,UPI00017E6AFE,Spo0E-like
5265,Clo1313_1234,IPR037208,UPI00017E6AFE,Spo0E-like_sf
5266,Clo1313_1234,,UPI00017E6AFE,
5267,Clo1313_1235,IPR018365,UPI00005328C4,Cell_cycle_FtsW-rel_CS
5268,Clo1313_1235,IPR001182,UPI00005328C4,FtsW/RodA
5269,Clo1313_1235,IPR011923,UPI00005328C4,RodA/MrdB
5270,Clo1313_1235,,UPI00005328C4,
5271,Clo1313_1236,IPR003444,UPI0001F32951,MraZ
5272,Clo1313_1236,IPR035644,UPI0001F32951,MraZ_C
5273,Clo1313_1236,IPR020603,UPI0001F32951,MraZ_dom
5274,Clo1313_1236,IPR035642,UPI0001F32951,MraZ_N
5275,Clo1313_1236,IPR038619,UPI0001F32951,MraZ_sf
5276,Clo1313_1236,IPR007159,UPI0001F32951,SpoVT-AbrB_dom
5277,Clo1313_1236,IPR037914,UPI0001F32951,SpoVT-AbrB_sf
5278,Clo1313_1236,,UPI0001F32951,
5279,Clo1313_1237,IPR002903,UPI00017E6EDC,RsmH
5280,Clo1313_1237,IPR023397,UPI00017E6EDC,SAM-dep_MeTrfase_MraW_recog
5281,Clo1313_1237,IPR029063,UPI00017E6EDC,SAM-dependent_MTases_sf
5282,Clo1313_1237,,UPI00017E6EDC,
5283,Clo1313_1238,,UPI000038FBA4,
5284,Clo1313_1239,IPR050515,UPI00003C8F44,Beta-lactam/transpept
5285,Clo1313_1239,IPR012338,UPI00003C8F44,Beta-lactam/transpept-like
5286,Clo1313_1239,IPR005543,UPI00003C8F44,PASTA_dom
5287,Clo1313_1239,IPR005311,UPI00003C8F44,PBP_dimer
5288,Clo1313_1239,IPR036138,UPI00003C8F44,PBP_dimer_sf
5289,Clo1313_1239,IPR001460,UPI00003C8F44,PCN-bd_Tpept
5290,Clo1313_1239,,UPI00003C8F44,
5291,Clo1313_1240,IPR018109,UPI00003C8F45,Folylpolyglutamate_synth_CS
5292,Clo1313_1240,IPR036565,UPI00003C8F45,Mur-like_cat_sf
5293,Clo1313_1240,IPR004101,UPI00003C8F45,Mur_ligase_C
5294,Clo1313_1240,IPR036615,UPI00003C8F45,Mur_ligase_C_dom_sf
5295,Clo1313_1240,IPR013221,UPI00003C8F45,Mur_ligase_cen
5296,Clo1313_1240,IPR000713,UPI00003C8F45,Mur_ligase_N
5297,Clo1313_1240,IPR035911,UPI00003C8F45,MurE/MurF_N
5298,Clo1313_1240,IPR005761,UPI00003C8F45,UDP-N-AcMur-Glu-dNH2Pim_ligase
5299,Clo1313_1240,,UPI00003C8F45,
5300,Clo1313_1241,IPR036565,UPI00003C8F46,Mur-like_cat_sf
5301,Clo1313_1241,IPR004101,UPI00003C8F46,Mur_ligase_C
5302,Clo1313_1241,IPR036615,UPI00003C8F46,Mur_ligase_C_dom_sf
5303,Clo1313_1241,IPR013221,UPI00003C8F46,Mur_ligase_cen
5304,Clo1313_1241,IPR000713,UPI00003C8F46,Mur_ligase_N
5305,Clo1313_1241,IPR051046,UPI00003C8F46,MurCDEF_CellWall_CoF430Synth
5306,Clo1313_1241,IPR035911,UPI00003C8F46,MurE/MurF_N
5307,Clo1313_1241,IPR005863,UPI00003C8F46,UDP-N-AcMur_synth
5308,Clo1313_1241,,UPI00003C8F46,
5309,Clo1313_1242,IPR000715,UPI00017E4211,Glycosyl_transferase_4
5310,Clo1313_1242,IPR003524,UPI00017E4211,PNAcMuramoyl-5peptid_Trfase
5311,Clo1313_1242,IPR018480,UPI00017E4211,PNAcMuramoyl-5peptid_Trfase_CS
5312,Clo1313_1242,,UPI00017E4211,
5313,Clo1313_1243,IPR013437,UPI00003C8F48,FtsW
5314,Clo1313_1243,IPR001182,UPI00003C8F48,FtsW/RodA
5315,Clo1313_1243,IPR013438,UPI00003C8F48,SpoVE
5316,Clo1313_1243,,UPI00003C8F48,
5317,Clo1313_1244,IPR006009,UPI000053217F,GlcNAc_MurG
5318,Clo1313_1244,IPR007235,UPI000053217F,Glyco_trans_28_C
5319,Clo1313_1244,IPR004276,UPI000053217F,GlycoTrans_28_N
5320,Clo1313_1244,,UPI000053217F,
5321,Clo1313_1245,IPR001986,UPI00003C8F49,Enolpyruvate_Tfrase_dom
5322,Clo1313_1245,IPR036968,UPI00003C8F49,Enolpyruvate_Tfrase_sf
5323,Clo1313_1245,IPR050068,UPI00003C8F49,
5324,Clo1313_1245,IPR013792,UPI00003C8F49,RNA3'P_cycl/enolpyr_Trfase_a/b
5325,Clo1313_1245,,UPI00003C8F49,
5326,Clo1313_1246,,UPI000038FE64,
5327,Clo1313_1249,IPR013986,UPI000038FE6D,DExx_box_DNA_helicase_dom_sf
5328,Clo1313_1249,IPR014017,UPI000038FE6D,UvrD-like_C
5329,Clo1313_1249,IPR000212,UPI000038FE6D,UvrD-like
5330,Clo1313_1249,IPR027417,UPI000038FE6D,P-loop_NTPase
5331,Clo1313_1249,IPR014016,UPI000038FE6D,UvrD-like_ATP-bd
5332,Clo1313_1249,,UPI000038FE6D,
5333,Clo1313_1250,IPR012854,UPI000038FB68,Cu_amine_oxidase-like_N
5334,Clo1313_1250,IPR036582,UPI000038FB68,Mao_N_sf
5335,Clo1313_1250,,UPI000038FB68,
5336,Clo1313_1251,IPR003724,UPI000038FB67,CblAdoTrfase_CobA
5337,Clo1313_1251,IPR027417,UPI000038FB67,P-loop_NTPase
5338,Clo1313_1251,,UPI000038FB67,
5339,Clo1313_1252,IPR045865,UPI00003C8DFF,ACT-like_dom_sf
5340,Clo1313_1252,,UPI00003C8DFF,
5341,Clo1313_1253,IPR022663,UPI00003C8DFE,DapB_C
5342,Clo1313_1253,IPR000846,UPI00003C8DFE,DapB_N
5343,Clo1313_1253,IPR022664,UPI00003C8DFE,DapB_N_CS
5344,Clo1313_1253,IPR023940,UPI00003C8DFE,DHDPR_bac
5345,Clo1313_1253,IPR036291,UPI00003C8DFE,NAD(P)-bd_dom_sf
5346,Clo1313_1253,,UPI00003C8DFE,
5347,Clo1313_1254,IPR013785,UPI0000531BF6,Aldolase_TIM
5348,Clo1313_1254,IPR005263,UPI0000531BF6,DapA
5349,Clo1313_1254,IPR002220,UPI0000531BF6,DapA-like
5350,Clo1313_1254,IPR020625,UPI0000531BF6,Schiff_base-form_aldolases_AS
5351,Clo1313_1254,IPR020624,UPI0000531BF6,Schiff_base-form_aldolases_CS
5352,Clo1313_1254,,UPI0000531BF6,
5353,Clo1313_1255,IPR012080,UPI000038FB63,Asp_semialdehyde_DH
5354,Clo1313_1255,IPR005986,UPI000038FB63,Asp_semialdehyde_DH_beta
5355,Clo1313_1255,IPR036291,UPI000038FB63,NAD(P)-bd_dom_sf
5356,Clo1313_1255,IPR000534,UPI000038FB63,Semialdehyde_DH_NAD-bd
5357,Clo1313_1255,IPR012280,UPI000038FB63,Semialdhyde_DH_dimer_dom
5358,Clo1313_1255,,UPI000038FB63,
5359,Clo1313_1256,IPR051922,UPI0001B1EE7C,Bact_Sporulation_Assoc
5360,Clo1313_1256,IPR013486,UPI0001B1EE7C,SpoIID/LytB
5361,Clo1313_1256,IPR013693,UPI0001B1EE7C,SpoIID/LytB_N
5362,Clo1313_1256,,UPI0001B1EE7C,
5363,Clo1313_1257,IPR003699,UPI000038FB61,QueA
5364,Clo1313_1257,IPR042118,UPI000038FB61,QueA_dom1
5365,Clo1313_1257,IPR042119,UPI000038FB61,QueA_dom2
5366,Clo1313_1257,IPR036100,UPI000038FB61,QueA_sf
5367,Clo1313_1257,,UPI000038FB61,
5368,Clo1313_1258,IPR050076,UPI00017E5EA1,ArchSynthase1/Queuine_TRR
5369,Clo1313_1258,IPR004803,UPI00017E5EA1,TGT
5370,Clo1313_1258,IPR036511,UPI00017E5EA1,TGT-like_sf
5371,Clo1313_1258,IPR002616,UPI00017E5EA1,tRNA_ribo_trans-like
5372,Clo1313_1258,,UPI00017E5EA1,
5373,Clo1313_1259,IPR003849,UPI0000F218A3,Preprotein_translocase_YajC
5374,Clo1313_1259,,UPI0000F218A3,
5375,Clo1313_1260,IPR005085,UPI000038FB5E,CBM25
5376,Clo1313_1260,IPR013783,UPI000038FB5E,Ig-like_fold
5377,Clo1313_1260,,UPI000038FB5E,
5378,Clo1313_1261,IPR023804,UPI000038FB5D,DUF3792_TM
5379,Clo1313_1261,,UPI000038FB5D,
5380,Clo1313_1262,IPR029057,UPI00003C8DFA,PRTase-like
5381,Clo1313_1262,IPR000836,UPI00003C8DFA,PRTase_dom
5382,Clo1313_1262,IPR023050,UPI00003C8DFA,PyrR
5383,Clo1313_1262,IPR050137,UPI00003C8DFA,PyrR_bifunctional
5384,Clo1313_1262,,UPI00003C8DFA,
5385,Clo1313_1263,,UPI00017E4A21,
5386,Clo1313_1264,IPR006132,UPI00003C8DF9,Asp/Orn_carbamoyltranf_P-bd
5387,Clo1313_1264,IPR006130,UPI00003C8DF9,Asp/Orn_carbamoylTrfase
5388,Clo1313_1264,IPR036901,UPI00003C8DF9,Asp/Orn_carbamoylTrfase_sf
5389,Clo1313_1264,IPR002082,UPI00003C8DF9,Asp_carbamoyltransf
5390,Clo1313_1264,IPR006131,UPI00003C8DF9,Asp_carbamoyltransf_Asp/Orn-bd
5391,Clo1313_1264,,UPI00003C8DF9,
5392,Clo1313_1265,IPR004722,UPI000038FB5A,DHOase
5393,Clo1313_1265,IPR050138,UPI000038FB5A,DHOase/Allantoinase_Hydrolase
5394,Clo1313_1265,IPR024403,UPI000038FB5A,DHOase_cat
5395,Clo1313_1265,IPR002195,UPI000038FB5A,Dihydroorotase_CS
5396,Clo1313_1265,IPR011059,UPI000038FB5A,Metal-dep_hydrolase_composite
5397,Clo1313_1265,IPR032466,UPI000038FB5A,Metal_Hydrolase
5398,Clo1313_1265,,UPI000038FB5A,
5399,Clo1313_1266,IPR013785,UPI00003C8DF7,Aldolase_TIM
5400,Clo1313_1266,IPR018089,UPI00003C8DF7,OMPdecase_AS
5401,Clo1313_1266,IPR011995,UPI00003C8DF7,OMPdecase_type-2
5402,Clo1313_1266,IPR001754,UPI00003C8DF7,OMPdeCOase_dom
5403,Clo1313_1266,IPR011060,UPI00003C8DF7,RibuloseP-bd_barrel
5404,Clo1313_1266,,UPI00003C8DF7,
5405,Clo1313_1267,IPR050472,UPI000038FB58,Anth_synth/Amidotransfase
5406,Clo1313_1267,IPR006274,UPI000038FB58,CarbamoylP_synth_ssu
5407,Clo1313_1267,IPR002474,UPI000038FB58,CarbamoylP_synth_ssu_N
5408,Clo1313_1267,IPR036480,UPI000038FB58,CarbP_synth_ssu_N_sf
5409,Clo1313_1267,IPR029062,UPI000038FB58,Class_I_gatase-like
5410,Clo1313_1267,IPR035686,UPI000038FB58,CPSase_GATase1
5411,Clo1313_1267,IPR017926,UPI000038FB58,GATASE
5412,Clo1313_1267,,UPI000038FB58,
5413,Clo1313_1268,IPR011761,UPI00003C8DF6,ATP-grasp
5414,Clo1313_1268,IPR013815,UPI00003C8DF6,ATP_grasp_subdomain_1
5415,Clo1313_1268,IPR036897,UPI00003C8DF6,CarbamoylP_synth_lsu_oligo_sf
5416,Clo1313_1268,IPR005479,UPI00003C8DF6,CPAse_ATP-bd
5417,Clo1313_1268,IPR005483,UPI00003C8DF6,CPSase_dom
5418,Clo1313_1268,IPR006275,UPI00003C8DF6,CPSase_lsu
5419,Clo1313_1268,IPR005480,UPI00003C8DF6,CPSase_lsu_oligo
5420,Clo1313_1268,IPR058047,UPI00003C8DF6,CPSase_preATP-grasp
5421,Clo1313_1268,IPR011607,UPI00003C8DF6,MGS-like_dom
5422,Clo1313_1268,IPR036914,UPI00003C8DF6,MGS-like_dom_sf
5423,Clo1313_1268,IPR033937,UPI00003C8DF6,MGS_CPS_CarB
5424,Clo1313_1268,IPR016185,UPI00003C8DF6,PreATP-grasp_dom_sf
5425,Clo1313_1268,,UPI00003C8DF6,
5426,Clo1313_1269,IPR008333,UPI00017E4A23,Cbr1-like_FAD-bd_dom
5427,Clo1313_1269,IPR012165,UPI00017E4A23,Cyt_c3_hydrogenase_gsu
5428,Clo1313_1269,IPR037117,UPI00017E4A23,Dihydroorotate_DH_ele_sf
5429,Clo1313_1269,IPR019480,UPI00017E4A23,Dihydroorotate_DH_Fe-S-bd
5430,Clo1313_1269,IPR023455,UPI00017E4A23,Dihydroorotate_DHASE_ETsu
5431,Clo1313_1269,IPR017927,UPI00017E4A23,FAD-bd_FR_type
5432,Clo1313_1269,IPR039261,UPI00017E4A23,FNR_nucleotide-bd
5433,Clo1313_1269,IPR001433,UPI00017E4A23,OxRdtase_FAD/NAD-bd
5434,Clo1313_1269,IPR050353,UPI00017E4A23,PyrK_electron_transfer
5435,Clo1313_1269,IPR017938,UPI00017E4A23,Riboflavin_synthase-like_b-brl
5436,Clo1313_1269,,UPI00017E4A23,
5437,Clo1313_1270,IPR013785,UPI00003C8DF4,Aldolase_TIM
5438,Clo1313_1270,IPR050074,UPI00003C8DF4,DHO_dehydrogenase
5439,Clo1313_1270,IPR033888,UPI00003C8DF4,DHOD_1B
5440,Clo1313_1270,IPR024920,UPI00003C8DF4,Dihydroorotate_DH_1
5441,Clo1313_1270,IPR012135,UPI00003C8DF4,Dihydroorotate_DH_1_2
5442,Clo1313_1270,IPR005720,UPI00003C8DF4,Dihydroorotate_DH_cat
5443,Clo1313_1270,IPR001295,UPI00003C8DF4,Dihydroorotate_DH_CS
5444,Clo1313_1270,IPR049622,UPI00003C8DF4,Dihydroorotate_DH_I
5445,Clo1313_1270,,UPI00003C8DF4,
5446,Clo1313_1271,IPR013078,UPI00003C8DF3,His_Pase_superF_clade-1
5447,Clo1313_1271,IPR029033,UPI00003C8DF3,His_PPase_superfam
5448,Clo1313_1271,IPR051695,UPI00003C8DF3,Phosphoglycerate_Mutase
5449,Clo1313_1271,,UPI00003C8DF3,
5450,Clo1313_1272,IPR004843,UPI000038FBD8,Calcineurin-like_PHP
5451,Clo1313_1272,IPR050535,UPI000038FBD8,DNA_Repair-Maintenance_Comp
5452,Clo1313_1272,IPR029052,UPI000038FBD8,Metallo-depent_PP-like
5453,Clo1313_1272,,UPI000038FBD8,
5454,Clo1313_1273,IPR027417,UPI0001B1EE78,P-loop_NTPase
5455,Clo1313_1273,IPR038729,UPI0001B1EE78,Rad50/SbcC_AAA
5456,Clo1313_1273,,UPI0001B1EE78,
5457,Clo1313_1274,,UPI000038FBDA,
5458,Clo1313_1275,IPR006638,UPI0000533949,Elp3/MiaA/NifB-like_rSAM
5459,Clo1313_1275,IPR005839,UPI0000533949,Methylthiotransferase
5460,Clo1313_1275,IPR020612,UPI0000533949,Methylthiotransferase_CS
5461,Clo1313_1275,IPR013848,UPI0000533949,Methylthiotransferase_N
5462,Clo1313_1275,IPR038135,UPI0000533949,Methylthiotransferase_N_sf
5463,Clo1313_1275,IPR012340,UPI0000533949,NA-bd_OB-fold
5464,Clo1313_1275,IPR005840,UPI0000533949,Ribosomal_uS12_MeSTrfase_RimO
5465,Clo1313_1275,IPR007197,UPI0000533949,rSAM
5466,Clo1313_1275,IPR023404,UPI0000533949,rSAM_horseshoe
5467,Clo1313_1275,IPR058240,UPI0000533949,rSAM_sf
5468,Clo1313_1275,IPR002792,UPI0000533949,TRAM_dom
5469,Clo1313_1275,,UPI0000533949,
5470,Clo1313_1276,IPR050324,UPI000038FBDC,CDP-alcohol_PTase-I
5471,Clo1313_1276,IPR000462,UPI000038FBDC,CDP-OH_P_trans
5472,Clo1313_1276,IPR043130,UPI000038FBDC,CDP-OH_PTrfase_TM_dom
5473,Clo1313_1276,IPR048254,UPI000038FBDC,CDP_ALCOHOL_P_TRANSF_CS
5474,Clo1313_1276,IPR004570,UPI000038FBDC,Phosphatidylglycerol_P_synth
5475,Clo1313_1276,,UPI000038FBDC,
5476,Clo1313_1277,,UPI0001B1EE77,
5477,Clo1313_1278,IPR011042,UPI000038FBDE,6-blade_b-propeller_TolB-like
5478,Clo1313_1278,,UPI000038FBDE,
5479,Clo1313_1279,IPR001034,UPI0001B1EE76,DeoR_HTH
5480,Clo1313_1279,IPR029069,UPI0001B1EE76,HotDog_dom_sf
5481,Clo1313_1279,IPR017275,UPI0001B1EE76,Transcription_factor_FapR
5482,Clo1313_1279,IPR036388,UPI0001B1EE76,WH-like_DNA-bd_sf
5483,Clo1313_1279,IPR036390,UPI0001B1EE76,WH_DNA-bd_sf
5484,Clo1313_1279,,UPI0001B1EE76,
5485,Clo1313_1280,IPR003664,UPI0000537AD0,FA_synthesis
5486,Clo1313_1280,IPR012281,UPI0000537AD0,Phospholipid_synth_PlsX-like
5487,Clo1313_1280,,UPI0000537AD0,
5488,Clo1313_1281,IPR013747,UPI0000534F31,ACP_syn_III_C
5489,Clo1313_1281,IPR013751,UPI0000534F31,ACP_syn_III_N
5490,Clo1313_1281,IPR004655,UPI0000534F31,FabH
5491,Clo1313_1281,IPR016039,UPI0000534F31,Thiolase-like
5492,Clo1313_1281,,UPI0000534F31,
5493,Clo1313_1282,IPR001227,UPI00003C8DEF,Ac_transferase_dom_sf
5494,Clo1313_1282,IPR014043,UPI00003C8DEF,Acyl_transferase_dom
5495,Clo1313_1282,IPR016035,UPI00003C8DEF,Acyl_Trfase/lysoPLipase
5496,Clo1313_1282,IPR050858,UPI00003C8DEF,Mal-CoA-ACP_Trans/PKS_FabD
5497,Clo1313_1282,IPR024925,UPI00003C8DEF,Malonyl_CoA-ACP_transAc
5498,Clo1313_1282,IPR004410,UPI00003C8DEF,Malonyl_CoA-ACP_transAc_FabD
5499,Clo1313_1282,IPR016036,UPI00003C8DEF,Malonyl_transacylase_ACP-bd
5500,Clo1313_1282,,UPI00003C8DEF,
5501,Clo1313_1283,IPR011284,UPI00003C8DEE,3oxo_ACP_reduc
5502,Clo1313_1283,IPR057326,UPI00003C8DEE,KR_dom
5503,Clo1313_1283,IPR036291,UPI00003C8DEE,NAD(P)-bd_dom_sf
5504,Clo1313_1283,IPR020904,UPI00003C8DEE,Sc_DH/Rdtase_CS
5505,Clo1313_1283,IPR050259,UPI00003C8DEE,SDR
5506,Clo1313_1283,IPR002347,UPI00003C8DEE,SDR_fam
5507,Clo1313_1283,,UPI00003C8DEE,
5508,Clo1313_1284,IPR003231,UPI000038FBE4,ACP
5509,Clo1313_1284,IPR036736,UPI000038FBE4,ACP-like_sf
5510,Clo1313_1284,IPR020806,UPI000038FBE4,PKS_PP-bd
5511,Clo1313_1284,IPR009081,UPI000038FBE4,PP-bd_ACP
5512,Clo1313_1284,IPR006162,UPI000038FBE4,Ppantetheine_attach_site
5513,Clo1313_1284,,UPI000038FBE4,
5514,Clo1313_1285,IPR017568,UPI00003C8DED,3-oxoacyl-ACP_synth-2
5515,Clo1313_1285,IPR000794,UPI00003C8DED,Beta-ketoacyl_synthase
5516,Clo1313_1285,IPR018201,UPI00003C8DED,Ketoacyl_synth_AS
5517,Clo1313_1285,IPR014031,UPI00003C8DED,KAS_C
5518,Clo1313_1285,IPR014030,UPI00003C8DED,KAS_N
5519,Clo1313_1285,IPR020841,UPI00003C8DED,PKS_Beta-ketoAc_synthase_dom
5520,Clo1313_1285,IPR016039,UPI00003C8DED,Thiolase-like
5521,Clo1313_1285,,UPI00003C8DED,
5522,Clo1313_1286,IPR014720,UPI0000F218A0,dsRBD_dom
5523,Clo1313_1286,IPR011907,UPI0000F218A0,RNase_III
5524,Clo1313_1286,IPR000999,UPI0000F218A0,RNase_III_dom
5525,Clo1313_1286,IPR036389,UPI0000F218A0,RNase_III_sf
5526,Clo1313_1286,,UPI0000F218A0,
5527,Clo1313_1287,IPR039661,UPI00003C9190,ELP3
5528,Clo1313_1287,IPR006638,UPI00003C9190,Elp3/MiaA/NifB-like_rSAM
5529,Clo1313_1287,IPR032432,UPI00003C9190,Radical_SAM_C
5530,Clo1313_1287,IPR007197,UPI00003C9190,rSAM
5531,Clo1313_1287,IPR023404,UPI00003C9190,rSAM_horseshoe
5532,Clo1313_1287,IPR058240,UPI00003C9190,rSAM_sf
5533,Clo1313_1287,,UPI00003C9190,
5534,Clo1313_1288,IPR036882,UPI0000F2189F,Alba-like_dom_sf
5535,Clo1313_1288,IPR007347,UPI0000F2189F,SpoVS
5536,Clo1313_1288,,UPI0000F2189F,
5537,Clo1313_1289,IPR005255,UPI00003C90CD,PdxA_fam
5538,Clo1313_1289,,UPI00003C90CD,
5539,Clo1313_1290,IPR027417,UPI0001C14691,P-loop_NTPase
5540,Clo1313_1290,IPR003395,UPI0001C14691,RecF/RecN/SMC_N
5541,Clo1313_1290,IPR024704,UPI0001C14691,SMC
5542,Clo1313_1290,IPR010935,UPI0001C14691,SMC_hinge
5543,Clo1313_1290,IPR036277,UPI0001C14691,SMC_hinge_sf
5544,Clo1313_1290,IPR011890,UPI0001C14691,SMC_prok
5545,Clo1313_1290,,UPI0001C14691,
5546,Clo1313_1291,IPR003593,UPI00005323B6,AAA+_ATPase
5547,Clo1313_1291,IPR027417,UPI00005323B6,P-loop_NTPase
5548,Clo1313_1291,IPR013822,UPI00005323B6,Signal_recog_particl_SRP54_hlx
5549,Clo1313_1291,IPR004390,UPI00005323B6,SR_rcpt_FtsY
5550,Clo1313_1291,IPR036225,UPI00005323B6,SRP/SRP_N
5551,Clo1313_1291,IPR000897,UPI00005323B6,SRP54_GTPase_dom
5552,Clo1313_1291,IPR042101,UPI00005323B6,SRP54_N_sf
5553,Clo1313_1291,,UPI00005323B6,
5554,Clo1313_1292,IPR051599,UPI00017E45FA,Cell_Envelope_Assoc
5555,Clo1313_1292,IPR003848,UPI00017E45FA,DUF218
5556,Clo1313_1292,IPR014729,UPI00017E45FA,Rossmann-like_a/b/a_fold
5557,Clo1313_1292,,UPI00017E45FA,
5558,Clo1313_1293,IPR057174,UPI00003C90D1,DUF7852
5559,Clo1313_1293,,UPI00003C90D1,
5560,Clo1313_1294,IPR057174,UPI00003C90D2,DUF7852
5561,Clo1313_1294,IPR054845,UPI00003C90D2,Exosporium_prot_C
5562,Clo1313_1294,,UPI00003C90D2,
5563,Clo1313_1295,IPR010190,UPI00017E45FB,Diaminopimelate_DH_Ddh
5564,Clo1313_1295,IPR032094,UPI00017E45FB,Meso-DAP_DH_C
5565,Clo1313_1295,IPR036291,UPI00017E45FB,NAD(P)-bd_dom_sf
5566,Clo1313_1295,,UPI00017E45FB,
5567,Clo1313_1296,,UPI00017E45FC,
5568,Clo1313_1297,,UPI0001B1EE40,
5569,Clo1313_1299,IPR011050,UPI0001F32962,Pectin_lyase_fold/virulence
5570,Clo1313_1299,,UPI0001F32962,
5571,Clo1313_1300,IPR008969,UPI0001F32963,CarboxyPept-like_regulatory
5572,Clo1313_1300,IPR002105,UPI0001F32963,Dockerin_1_rpt
5573,Clo1313_1300,IPR016134,UPI0001F32963,Dockerin_dom
5574,Clo1313_1300,IPR036439,UPI0001F32963,Dockerin_dom_sf
5575,Clo1313_1300,,UPI0001F32963,
5576,Clo1313_1301,IPR004514,UPI00003C90C2,Gln-tRNA-synth
5577,Clo1313_1301,IPR050132,UPI00003C90C2,Gln/Glu-tRNA_Ligase
5578,Clo1313_1301,IPR022861,UPI00003C90C2,Gln_tRNA_ligase_bac
5579,Clo1313_1301,IPR000924,UPI00003C90C2,Glu/Gln-tRNA-synth
5580,Clo1313_1301,IPR020058,UPI00003C90C2,Glu/Gln-tRNA-synth_Ib_cat-dom
5581,Clo1313_1301,IPR020059,UPI00003C90C2,Glu/Gln-tRNA-synth_Ib_codon-bd
5582,Clo1313_1301,IPR020056,UPI00003C90C2,Rbsml_bL25/Gln-tRNA_synth_N
5583,Clo1313_1301,IPR011035,UPI00003C90C2,Ribosomal_bL25/Gln-tRNA_synth
5584,Clo1313_1301,IPR014729,UPI00003C90C2,Rossmann-like_a/b/a_fold
5585,Clo1313_1301,IPR049437,UPI00003C90C2,tRNA-synt_1c_C2
5586,Clo1313_1301,,UPI00003C90C2,
5587,Clo1313_1302,,UPI00003C90C3,
5588,Clo1313_1303,,UPI0001B1EFDA,
5589,Clo1313_1304,IPR019286,UPI0001B1EFD9,DUF2339_TM
5590,Clo1313_1304,,UPI0001B1EFD9,
5591,Clo1313_1305,IPR029058,UPI000038FC06,AB_hydrolase_fold
5592,Clo1313_1305,IPR003305,UPI000038FC06,CenC_carb-bd
5593,Clo1313_1305,IPR002105,UPI000038FC06,Dockerin_1_rpt
5594,Clo1313_1305,IPR016134,UPI000038FC06,Dockerin_dom
5595,Clo1313_1305,IPR036439,UPI000038FC06,Dockerin_dom_sf
5596,Clo1313_1305,IPR018247,UPI000038FC06,EF_Hand_1_Ca_BS
5597,Clo1313_1305,IPR000801,UPI000038FC06,Esterase-like
5598,Clo1313_1305,IPR008979,UPI000038FC06,Galactose-bd-like_sf
5599,Clo1313_1305,IPR017853,UPI000038FC06,GH_hydrolase_sf
5600,Clo1313_1305,IPR044846,UPI000038FC06,GH10
5601,Clo1313_1305,IPR031158,UPI000038FC06,GH10_AS
5602,Clo1313_1305,IPR001000,UPI000038FC06,GH10_dom
5603,Clo1313_1305,,UPI000038FC06,
5604,Clo1313_1306,IPR003730,UPI0001B1EFD8,Cu_polyphenol_OxRdtase
5605,Clo1313_1306,IPR038371,UPI0001B1EFD8,Cu_polyphenol_OxRdtase_sf
5606,Clo1313_1306,IPR011324,UPI0001B1EFD8,Cytotoxic_necrot_fac-like_cat
5607,Clo1313_1306,,UPI0001B1EFD8,
5608,Clo1313_1308,IPR030678,UPI0001F32965,Peptide/Ni-bd
5609,Clo1313_1308,IPR039424,UPI0001F32965,SBP_5
5610,Clo1313_1308,IPR000914,UPI0001F32965,SBP_5_dom
5611,Clo1313_1308,,UPI0001F32965,
5612,Clo1313_1309,IPR001872,UPI00003C8EB8,Peptidase_A8
5613,Clo1313_1309,,UPI00003C8EB8,
5614,Clo1313_1310,IPR020103,UPI000038FC0A,PsdUridine_synth_cat_dom_sf
5615,Clo1313_1310,IPR006224,UPI000038FC0A,PsdUridine_synth_RluA-like_CS
5616,Clo1313_1310,IPR006225,UPI000038FC0A,PsdUridine_synth_RluC/D
5617,Clo1313_1310,IPR006145,UPI000038FC0A,PsdUridine_synth_RsuA/RluA
5618,Clo1313_1310,IPR050188,UPI000038FC0A,RluA_PseudoU_synthase
5619,Clo1313_1310,IPR002942,UPI000038FC0A,S4_RNA-bd
5620,Clo1313_1310,IPR036986,UPI000038FC0A,S4_RNA-bd_sf
5621,Clo1313_1310,,UPI000038FC0A,
5622,Clo1313_1311,IPR023975,UPI0000F21898,Six-Cys_pep_SCIFF
5623,Clo1313_1311,,UPI0000F21898,
5624,Clo1313_1312,IPR023885,UPI00003C8EB7,4Fe4S-binding_SPASM_dom
5625,Clo1313_1312,IPR013785,UPI00003C8EB7,Aldolase_TIM
5626,Clo1313_1312,IPR000385,UPI00003C8EB7,MoaA_NifB_PqqE_Fe-S-bd_CS
5627,Clo1313_1312,IPR007197,UPI00003C8EB7,rSAM
5628,Clo1313_1312,IPR058240,UPI00003C8EB7,rSAM_sf
5629,Clo1313_1312,IPR024025,UPI00003C8EB7,SCIFF_rSAM_maturase
5630,Clo1313_1312,IPR047602,UPI00003C8EB7,SPASM_CteB-like
5631,Clo1313_1312,IPR023867,UPI00003C8EB7,Sulphatase_maturase_rSAM
5632,Clo1313_1312,,UPI00003C8EB7,
5633,Clo1313_1313,IPR003607,UPI00003C8EB6,HD/PDEase_dom
5634,Clo1313_1313,IPR006674,UPI00003C8EB6,HD_domain
5635,Clo1313_1313,IPR039967,UPI00003C8EB6,MJ1020-like
5636,Clo1313_1313,,UPI00003C8EB6,
5637,Clo1313_1314,IPR001036,UPI00017E4A19,Acrflvin-R
5638,Clo1313_1314,IPR005791,UPI00017E4A19,SecD
5639,Clo1313_1314,IPR022813,UPI00017E4A19,SecD/SecF_arch_bac
5640,Clo1313_1314,IPR048634,UPI00017E4A19,SecD_SecF_C
5641,Clo1313_1314,IPR055344,UPI00017E4A19,SecD_SecF_C_bact
5642,Clo1313_1314,IPR054384,UPI00017E4A19,SecDF_P1_head
5643,Clo1313_1314,,UPI00017E4A19,
5644,Clo1313_1315,IPR022813,UPI00003C8EB4,SecD/SecF_arch_bac
5645,Clo1313_1315,IPR022645,UPI00003C8EB4,SecD/SecF_bac
5646,Clo1313_1315,IPR048634,UPI00003C8EB4,SecD_SecF_C
5647,Clo1313_1315,IPR055344,UPI00003C8EB4,SecD_SecF_C_bact
5648,Clo1313_1315,IPR005665,UPI00003C8EB4,SecF_bac
5649,Clo1313_1315,,UPI00003C8EB4,
5650,Clo1313_1316,IPR003700,UPI0000F21897,Pantoate_hydroxy_MeTrfase
5651,Clo1313_1316,IPR015813,UPI0000F21897,Pyrv/PenolPyrv_kinase-like_dom
5652,Clo1313_1316,IPR040442,UPI0000F21897,Pyrv_kinase-like_dom_sf
5653,Clo1313_1316,,UPI0000F21897,
5654,Clo1313_1317,IPR003721,UPI00003C8EB2,Pantoate_ligase
5655,Clo1313_1317,IPR042176,UPI00003C8EB2,Pantoate_ligase_C
5656,Clo1313_1317,IPR014729,UPI00003C8EB2,Rossmann-like_a/b/a_fold
5657,Clo1313_1317,,UPI00003C8EB2,
5658,Clo1313_1318,IPR009010,UPI000038FD8A,Asp_de-COase-like_dom_sf
5659,Clo1313_1318,IPR003190,UPI000038FD8A,Asp_decarbox
5660,Clo1313_1318,,UPI000038FD8A,
5661,Clo1313_1319,,UPI000038FD89,
5662,Clo1313_1320,IPR003607,UPI000038FD88,HD/PDEase_dom
5663,Clo1313_1320,IPR006674,UPI000038FD88,HD_domain
5664,Clo1313_1320,IPR037522,UPI000038FD88,HD_GYP_dom
5665,Clo1313_1320,IPR006675,UPI000038FD88,HDIG_dom
5666,Clo1313_1320,,UPI000038FD88,
5667,Clo1313_1321,IPR006261,UPI0001B1EFD6,dGTPase
5668,Clo1313_1321,IPR051094,UPI0001B1EFD6,Diverse_Catalytic_Enzymes
5669,Clo1313_1321,IPR023023,UPI0001B1EFD6,dNTPase_2
5670,Clo1313_1321,IPR003607,UPI0001B1EFD6,HD/PDEase_dom
5671,Clo1313_1321,IPR006674,UPI0001B1EFD6,HD_domain
5672,Clo1313_1321,IPR026875,UPI0001B1EFD6,PHydrolase_assoc_dom
5673,Clo1313_1321,,UPI0001B1EFD6,
5674,Clo1313_1322,,UPI0001F3296E,
5675,Clo1313_1323,IPR016136,UPI000038FD86,DNA_helicase_N/primase_C
5676,Clo1313_1323,IPR037068,UPI000038FD86,DNA_primase_core_N_sf
5677,Clo1313_1323,IPR019475,UPI000038FD86,DNA_primase_DnaB-bd
5678,Clo1313_1323,IPR006295,UPI000038FD86,DNA_primase_DnaG
5679,Clo1313_1323,IPR036977,UPI000038FD86,DNA_primase_Znf_CHC2
5680,Clo1313_1323,IPR030846,UPI000038FD86,DnaG_bac
5681,Clo1313_1323,IPR013264,UPI000038FD86,DNAG_N
5682,Clo1313_1323,IPR050219,UPI000038FD86,DnaG_primase
5683,Clo1313_1323,IPR034151,UPI000038FD86,TOPRIM_DnaG_bac
5684,Clo1313_1323,IPR006171,UPI000038FD86,TOPRIM_dom
5685,Clo1313_1323,IPR002694,UPI000038FD86,Znf_CHC2
5686,Clo1313_1323,,UPI000038FD86,
5687,Clo1313_1324,IPR014284,UPI0001B1EFD3,RNA_pol_sigma-70_dom
5688,Clo1313_1324,IPR000943,UPI0001B1EFD3,RNA_pol_sigma70
5689,Clo1313_1324,IPR009042,UPI0001B1EFD3,RNA_pol_sigma70_r1_2
5690,Clo1313_1324,IPR007627,UPI0001B1EFD3,RNA_pol_sigma70_r2
5691,Clo1313_1324,IPR007624,UPI0001B1EFD3,RNA_pol_sigma70_r3
5692,Clo1313_1324,IPR007630,UPI0001B1EFD3,RNA_pol_sigma70_r4
5693,Clo1313_1324,IPR007127,UPI0001B1EFD3,RNA_pol_sigma_70_r1_1
5694,Clo1313_1324,IPR042189,UPI0001B1EFD3,RNA_pol_sigma_70_r1_1_sf
5695,Clo1313_1324,IPR013325,UPI0001B1EFD3,RNA_pol_sigma_r2
5696,Clo1313_1324,IPR013324,UPI0001B1EFD3,RNA_pol_sigma_r3/r4-like
5697,Clo1313_1324,IPR012760,UPI0001B1EFD3,RNA_pol_sigma_RpoD_C
5698,Clo1313_1324,IPR050239,UPI0001B1EFD3,Sigma-70_RNA_pol_init_factors
5699,Clo1313_1324,IPR028630,UPI0001B1EFD3,Sigma70_RpoD
5700,Clo1313_1324,IPR036388,UPI0001B1EFD3,WH-like_DNA-bd_sf
5701,Clo1313_1324,,UPI0001B1EFD3,
5702,Clo1313_1325,IPR012347,UPI0000F21896,Ferritin-like
5703,Clo1313_1325,IPR009078,UPI0000F21896,Ferritin-like_SF
5704,Clo1313_1325,IPR003251,UPI0000F21896,Rr_diiron-bd_dom
5705,Clo1313_1325,,UPI0000F21896,
5706,Clo1313_1326,,UPI00003C8EB0,
5707,Clo1313_1327,IPR029063,UPI00003C8EAF,SAM-dependent_MTases_sf
5708,Clo1313_1327,IPR006901,UPI00003C8EAF,TrmK
5709,Clo1313_1327,,UPI00003C8EAF,
5710,Clo1313_1328,IPR002678,UPI00003C8EAE,DUF34/NIF3
5711,Clo1313_1328,IPR017221,UPI00003C8EAE,DUF34/NIF3_bac
5712,Clo1313_1328,IPR036069,UPI00003C8EAE,DUF34/NIF3_sf
5713,Clo1313_1328,IPR015867,UPI00003C8EAE,N-reg_PII/ATP_PRibTrfase_C
5714,Clo1313_1328,,UPI00003C8EAE,
5715,Clo1313_1329,IPR050595,UPI000038FD07,Bact_response_regulator
5716,Clo1313_1329,IPR011006,UPI000038FD07,CheY-like_superfamily
5717,Clo1313_1329,IPR001789,UPI000038FD07,Sig_transdc_resp-reg_receiver
5718,Clo1313_1329,,UPI000038FD07,
5719,Clo1313_1330,IPR039425,UPI000038FD06,RNA_pol_sigma-70-like
5720,Clo1313_1330,IPR014284,UPI000038FD06,RNA_pol_sigma-70_dom
5721,Clo1313_1330,IPR007627,UPI000038FD06,RNA_pol_sigma70_r2
5722,Clo1313_1330,IPR013249,UPI000038FD06,RNA_pol_sigma70_r4_t2
5723,Clo1313_1330,IPR013325,UPI000038FD06,RNA_pol_sigma_r2
5724,Clo1313_1330,IPR013324,UPI000038FD06,RNA_pol_sigma_r3/r4-like
5725,Clo1313_1330,IPR036388,UPI000038FD06,WH-like_DNA-bd_sf
5726,Clo1313_1330,,UPI000038FD06,
5727,Clo1313_1332,IPR009875,UPI0001F3296F,PilZ_domain
5728,Clo1313_1332,,UPI0001F3296F,
5729,Clo1313_1333,,UPI00003C8EAC,
5730,Clo1313_1334,IPR002562,UPI000038FD02,3'-5'_exonuclease_dom
5731,Clo1313_1334,IPR020046,UPI000038FD02,5-3_exonucl_a-hlix_arch_N
5732,Clo1313_1334,IPR002421,UPI000038FD02,5-3_exonuclease
5733,Clo1313_1334,IPR036279,UPI000038FD02,5-3_exonuclease_C_sf
5734,Clo1313_1334,IPR019760,UPI000038FD02,DNA-dir_DNA_pol_A_CS
5735,Clo1313_1334,IPR001098,UPI000038FD02,DNA-dir_DNA_pol_A_palm_dom
5736,Clo1313_1334,IPR043502,UPI000038FD02,DNA/RNA_pol_sf
5737,Clo1313_1334,IPR054690,UPI000038FD02,DNA_polI_exonuclease
5738,Clo1313_1334,IPR020045,UPI000038FD02,DNA_polI_H3TH
5739,Clo1313_1334,IPR018320,UPI000038FD02,DNA_polymerase_1
5740,Clo1313_1334,IPR002298,UPI000038FD02,DNA_polymerase_A
5741,Clo1313_1334,IPR008918,UPI000038FD02,HhH2
5742,Clo1313_1334,IPR029060,UPI000038FD02,PIN-like_dom_sf
5743,Clo1313_1334,IPR012337,UPI000038FD02,RNaseH-like_sf
5744,Clo1313_1334,IPR036397,UPI000038FD02,RNaseH_sf
5745,Clo1313_1334,,UPI000038FD02,
5746,Clo1313_1335,IPR001977,UPI00005336DA,Depp_CoAkinase
5747,Clo1313_1335,IPR027417,UPI00005336DA,P-loop_NTPase
5748,Clo1313_1335,,UPI00005336DA,
5749,Clo1313_1336,IPR023346,UPI0000F218FC,Lysozyme-like_dom_sf
5750,Clo1313_1336,IPR000189,UPI0000F218FC,Transglyc_AS
5751,Clo1313_1336,IPR008258,UPI0000F218FC,Transglycosylase_SLT_dom_1
5752,Clo1313_1336,,UPI0000F218FC,
5753,Clo1313_1337,,UPI000038FCFF,
5754,Clo1313_1338,IPR050638,UPI0000533E3F,AA-Vitamin_Transporters
5755,Clo1313_1338,IPR000620,UPI0000533E3F,EamA_dom
5756,Clo1313_1338,IPR037185,UPI0000533E3F,EmrE-like
5757,Clo1313_1338,,UPI0000533E3F,
5758,Clo1313_1339,IPR050469,UPI00003C8EAA,Diguanylate_Cyclase
5759,Clo1313_1339,IPR000160,UPI00003C8EAA,GGDEF_dom
5760,Clo1313_1339,IPR029787,UPI00003C8EAA,Nucleotide_cyclase
5761,Clo1313_1339,IPR043128,UPI00003C8EAA,Rev_trsase/Diguanyl_cyclase
5762,Clo1313_1339,,UPI00003C8EAA,
5763,Clo1313_1340,IPR013785,UPI00003C8EA9,Aldolase_TIM
5764,Clo1313_1340,IPR052899,UPI00003C8EA9,Class-I_DAHP_synthase
5765,Clo1313_1340,IPR006218,UPI00003C8EA9,DAHP1/KDSA
5766,Clo1313_1340,IPR041071,UPI00003C8EA9,DAHP_snth_FXD
5767,Clo1313_1340,IPR006268,UPI00003C8EA9,DAHP_syn_2
5768,Clo1313_1340,,UPI00003C8EA9,
5769,Clo1313_1341,IPR039315,UPI0000F218FB,CheW
5770,Clo1313_1341,IPR036061,UPI0000F218FB,CheW-like_dom_sf
5771,Clo1313_1341,IPR002545,UPI0000F218FB,CheW-lke_dom
5772,Clo1313_1341,,UPI0000F218FB,
5773,Clo1313_1342,IPR004396,UPI0000538579,ATPase_YchF/OLA1
5774,Clo1313_1342,IPR012675,UPI0000538579,Beta-grasp_dom_sf
5775,Clo1313_1342,IPR031167,UPI0000538579,G_OBG
5776,Clo1313_1342,IPR006073,UPI0000538579,GTP-bd
5777,Clo1313_1342,IPR027417,UPI0000538579,P-loop_NTPase
5778,Clo1313_1342,IPR004095,UPI0000538579,TGS
5779,Clo1313_1342,IPR012676,UPI0000538579,TGS-like
5780,Clo1313_1342,IPR023192,UPI0000538579,TGS-like_dom_sf
5781,Clo1313_1342,IPR013029,UPI0000538579,YchF_C
5782,Clo1313_1342,IPR041706,UPI0000538579,YchF_N
5783,Clo1313_1342,,UPI0000538579,
5784,Clo1313_1343,IPR050297,UPI00003C8F3B,LipidA_mod_glycosyltrf_83
5785,Clo1313_1343,IPR038731,UPI00003C8F3B,RgtA/B/C-like
5786,Clo1313_1343,,UPI00003C8F3B,
5787,Clo1313_1344,IPR005801,UPI00001375B7,ADC_synthase
5788,Clo1313_1344,IPR019999,UPI00001375B7,Anth_synth_I-like
5789,Clo1313_1344,IPR006805,UPI00001375B7,Anth_synth_I_N
5790,Clo1313_1344,IPR005256,UPI00001375B7,Anth_synth_I_PabB
5791,Clo1313_1344,IPR015890,UPI00001375B7,Chorismate_C
5792,Clo1313_1344,,UPI00001375B7,
5793,Clo1313_1345,IPR050472,UPI0001B1EF9C,Anth_synth/Amidotransfase
5794,Clo1313_1345,IPR029062,UPI0001B1EF9C,Class_I_gatase-like
5795,Clo1313_1345,IPR017926,UPI0001B1EF9C,GATASE
5796,Clo1313_1345,IPR006221,UPI0001B1EF9C,TrpG/PapA_dom
5797,Clo1313_1345,,UPI0001B1EF9C,
5798,Clo1313_1346,IPR005940,UPI000038FDEF,Anthranilate_Pribosyl_Tfrase
5799,Clo1313_1346,IPR000312,UPI000038FDEF,Glycosyl_Trfase_fam3
5800,Clo1313_1346,IPR017459,UPI000038FDEF,Glycosyl_Trfase_fam3_N_dom
5801,Clo1313_1346,IPR036320,UPI000038FDEF,Glycosyl_Trfase_fam3_N_dom_sf
5802,Clo1313_1346,IPR035902,UPI000038FDEF,Nuc_phospho_transferase
5803,Clo1313_1346,,UPI000038FDEF,
5804,Clo1313_1347,IPR013785,UPI000038FDEE,Aldolase_TIM
5805,Clo1313_1347,IPR045186,UPI000038FDEE,Indole-3-glycerol_P_synth
5806,Clo1313_1347,IPR013798,UPI000038FDEE,Indole-3-glycerol_P_synth_dom
5807,Clo1313_1347,IPR001468,UPI000038FDEE,Indole-3-GlycerolPSynthase_CS
5808,Clo1313_1347,IPR011060,UPI000038FDEE,RibuloseP-bd_barrel
5809,Clo1313_1347,,UPI000038FDEE,
5810,Clo1313_1348,IPR013785,UPI000038FDED,Aldolase_TIM
5811,Clo1313_1348,IPR001240,UPI000038FDED,PRAI_dom
5812,Clo1313_1348,IPR011060,UPI000038FDED,RibuloseP-bd_barrel
5813,Clo1313_1348,IPR044643,UPI000038FDED,TrpF_fam
5814,Clo1313_1348,,UPI000038FDED,
5815,Clo1313_1349,IPR029039,UPI00017E567D,Flavoprotein-like_sf
5816,Clo1313_1349,IPR005025,UPI00017E567D,FMN_Rdtase-like_dom
5817,Clo1313_1349,IPR051796,UPI00017E567D,ISF_SsuE-like
5818,Clo1313_1349,,UPI00017E567D,
5819,Clo1313_1350,,UPI00017E567E,
5820,Clo1313_1351,IPR027417,UPI00003C8F38,P-loop_NTPase
5821,Clo1313_1351,,UPI00003C8F38,
5822,Clo1313_1352,IPR009875,UPI00003C8F37,PilZ_domain
5823,Clo1313_1352,,UPI00003C8F37,
5824,Clo1313_1353,IPR017896,UPI00003C8F36,4Fe4S_Fe-S-bd
5825,Clo1313_1353,IPR017900,UPI00003C8F36,4Fe4S_Fe_S_CS
5826,Clo1313_1353,,UPI00003C8F36,
5827,Clo1313_1354,IPR052368,UPI00003C8F35,2-oxoacid_oxidoreductase
5828,Clo1313_1354,IPR033412,UPI00003C8F35,PFOR_II
5829,Clo1313_1354,IPR002880,UPI00003C8F35,Pyrv_Fd/Flavodoxin_OxRdtase_N
5830,Clo1313_1354,IPR029061,UPI00003C8F35,THDP-binding
5831,Clo1313_1354,IPR009014,UPI00003C8F35,Transketo_C/PFOR_II
5832,Clo1313_1354,,UPI00003C8F35,
5833,Clo1313_1355,IPR051457,UPI000038FC41,2-oxoacid:Fd_oxidoreductase
5834,Clo1313_1355,IPR029061,UPI000038FC41,THDP-binding
5835,Clo1313_1355,IPR011766,UPI000038FC41,TPP_enzyme_TPP-bd
5836,Clo1313_1355,,UPI000038FC41,
5837,Clo1313_1356,IPR052554,UPI000038FC40,2-oxoglutarate_synth_KorC
5838,Clo1313_1356,IPR019752,UPI000038FC40,Pyrv/ketoisovalerate_OxRed_cat
5839,Clo1313_1356,IPR002869,UPI000038FC40,Pyrv_flavodox_OxRed_cen
5840,Clo1313_1356,,UPI000038FC40,
5841,Clo1313_1357,IPR040577,UPI000038FC3F,Gln-synt_C
5842,Clo1313_1357,IPR008147,UPI000038FC3F,Gln_synt_N
5843,Clo1313_1357,IPR014746,UPI000038FC3F,Gln_synth/guanido_kin_cat_dom
5844,Clo1313_1357,IPR008146,UPI000038FC3F,Gln_synth_cat_dom
5845,Clo1313_1357,IPR027303,UPI000038FC3F,Gln_synth_gly_rich_site
5846,Clo1313_1357,IPR052725,UPI000038FC3F,GS_Type-3
5847,Clo1313_1357,IPR022147,UPI000038FC3F,GSIII_N
5848,Clo1313_1357,,UPI000038FC3F,
5849,Clo1313_1358,IPR024307,UPI000038FC3E,GerY
5850,Clo1313_1358,,UPI000038FC3E,
5851,Clo1313_1359,IPR050922,UPI000038FC3D,LytR/CpsA/Psr_CW_biosynth
5852,Clo1313_1359,IPR004474,UPI000038FC3D,LytR_CpsA_psr
5853,Clo1313_1359,,UPI000038FC3D,
5854,Clo1313_1360,IPR012347,UPI0001B1EF9A,Ferritin-like
5855,Clo1313_1360,IPR009040,UPI0001B1EF9A,Ferritin-like_diiron
5856,Clo1313_1360,IPR009078,UPI0001B1EF9A,Ferritin-like_SF
5857,Clo1313_1360,IPR003251,UPI0001B1EF9A,Rr_diiron-bd_dom
5858,Clo1313_1360,IPR052364,UPI0001B1EF9A,Rubrerythrin
5859,Clo1313_1360,IPR048574,UPI0001B1EF9A,RUBY_RBDX
5860,Clo1313_1360,,UPI0001B1EF9A,
5861,Clo1313_1361,,UPI000038FC3B,
5862,Clo1313_1362,IPR022853,UPI00017E5A90,FloA
5863,Clo1313_1362,,UPI00017E5A90,
5864,Clo1313_1363,IPR052165,UPI0000531F9F,Membrane_assoc_protease
5865,Clo1313_1363,IPR012340,UPI0000531F9F,NA-bd_OB-fold
5866,Clo1313_1363,IPR002810,UPI0000531F9F,NfeD-like_C
5867,Clo1313_1363,IPR056739,UPI0000531F9F,NfeD_membrane
5868,Clo1313_1363,,UPI0000531F9F,
5869,Clo1313_1364,IPR001544,UPI000038FC38,Aminotrans_IV
5870,Clo1313_1364,IPR018300,UPI000038FC38,Aminotrans_IV_CS
5871,Clo1313_1364,IPR036038,UPI000038FC38,Aminotransferase-like
5872,Clo1313_1364,IPR005786,UPI000038FC38,B_amino_transII
5873,Clo1313_1364,IPR043132,UPI000038FC38,BCAT-like_C
5874,Clo1313_1364,IPR043131,UPI000038FC38,BCAT-like_N
5875,Clo1313_1364,IPR033939,UPI000038FC38,BCAT_family
5876,Clo1313_1364,,UPI000038FC38,
5877,Clo1313_1365,IPR036412,UPI000038FC37,HAD-like_sf
5878,Clo1313_1365,IPR006439,UPI000038FC37,HAD-SF_hydro_IA
5879,Clo1313_1365,IPR006549,UPI000038FC37,HAD-SF_hydro_IIIA
5880,Clo1313_1365,IPR023214,UPI000038FC37,HAD_sf
5881,Clo1313_1365,IPR027706,UPI000038FC37,PGP_Pase
5882,Clo1313_1365,IPR010021,UPI000038FC37,PGPP1/Gep4
5883,Clo1313_1365,,UPI000038FC37,
5884,Clo1313_1366,IPR046346,UPI000053857E,Aminoacid_DH-like_N_sf
5885,Clo1313_1366,IPR036291,UPI000053857E,NAD(P)-bd_dom_sf
5886,Clo1313_1366,IPR041121,UPI000053857E,SDH_C
5887,Clo1313_1366,IPR011342,UPI000053857E,Shikimate_DH
5888,Clo1313_1366,IPR013708,UPI000053857E,Shikimate_DH-bd_N
5889,Clo1313_1366,IPR022893,UPI000053857E,Shikimate_DH_fam
5890,Clo1313_1366,IPR006151,UPI000053857E,Shikm_DH/Glu-tRNA_Rdtase
5891,Clo1313_1366,,UPI000053857E,
5892,Clo1313_1367,IPR027417,UPI00003C8F2F,P-loop_NTPase
5893,Clo1313_1367,IPR001482,UPI00003C8F2F,T2SS/T4SS_dom
5894,Clo1313_1367,IPR037257,UPI00003C8F2F,T2SS_E_N_sf
5895,Clo1313_1367,IPR007831,UPI00003C8F2F,T2SS_GspE_N
5896,Clo1313_1367,,UPI00003C8F2F,
5897,Clo1313_1368,IPR014032,UPI0001B1EF99,Peptidase_A24A_bac
5898,Clo1313_1368,IPR000045,UPI0001B1EF99,Prepilin_IV_endopep_pep
5899,Clo1313_1368,IPR010627,UPI0001B1EF99,Prepilin_pept_A24_N
5900,Clo1313_1368,IPR050882,UPI0001B1EF99,Prepilin_peptidase/N-MTase
5901,Clo1313_1368,,UPI0001B1EF99,
5902,Clo1313_1369,IPR019657,UPI000053185B,ComFB
5903,Clo1313_1369,,UPI000053185B,
5904,Clo1313_1370,IPR001719,UPI00017E3E1E,AP_endonuc_2
5905,Clo1313_1370,IPR036237,UPI00017E3E1E,Xyl_isomerase-like_sf
5906,Clo1313_1370,IPR013022,UPI00017E3E1E,Xyl_isomerase-like_TIM-brl
5907,Clo1313_1370,,UPI00017E3E1E,
5908,Clo1313_1371,IPR001874,UPI0000F218F3,DHquinase_II
5909,Clo1313_1371,IPR018509,UPI0000F218F3,DHquinase_II_CS
5910,Clo1313_1371,IPR036441,UPI0000F218F3,DHquinase_II_sf
5911,Clo1313_1371,,UPI0000F218F3,
5912,Clo1313_1372,IPR029149,UPI0001B1EF98,Creatin/AminoP/Spt16_N
5913,Clo1313_1372,IPR036005,UPI0001B1EF98,Creatinase/aminopeptidase-like
5914,Clo1313_1372,IPR000587,UPI0001B1EF98,Creatinase_N
5915,Clo1313_1372,IPR000994,UPI0001B1EF98,Pept_M24
5916,Clo1313_1372,IPR001714,UPI0001B1EF98,Pept_M24_MAP
5917,Clo1313_1372,IPR050659,UPI0001B1EF98,Peptidase_M24B
5918,Clo1313_1372,IPR001131,UPI0001B1EF98,Peptidase_M24B_aminopep-P_CS
5919,Clo1313_1372,,UPI0001B1EF98,
5920,Clo1313_1373,IPR015365,UPI000038FDF7,Elong-fact-P_C
5921,Clo1313_1373,IPR012340,UPI000038FDF7,NA-bd_OB-fold
5922,Clo1313_1373,IPR014722,UPI000038FDF7,Rib_uL2_dom2
5923,Clo1313_1373,IPR020599,UPI000038FDF7,Transl_elong_fac_P/YeiP
5924,Clo1313_1373,IPR013185,UPI000038FDF7,Transl_elong_KOW-like
5925,Clo1313_1373,IPR001059,UPI000038FDF7,Transl_elong_P/YeiP_cen
5926,Clo1313_1373,IPR013852,UPI000038FDF7,Transl_elong_P/YeiP_CS
5927,Clo1313_1373,IPR011768,UPI000038FDF7,Transl_elongation_fac_P
5928,Clo1313_1373,IPR008991,UPI000038FDF7,Translation_prot_SH3-like_sf
5929,Clo1313_1373,,UPI000038FDF7,
5930,Clo1313_1374,IPR054688,UPI000038FDF8,CD1247_N
5931,Clo1313_1374,,UPI000038FDF8,
5932,Clo1313_1376,IPR003593,UPI0000F218F1,AAA+_ATPase
5933,Clo1313_1376,IPR027417,UPI0000F218F1,P-loop_NTPase
5934,Clo1313_1376,IPR014217,UPI0000F218F1,Spore_III_AA
5935,Clo1313_1376,IPR045735,UPI0000F218F1,Spore_III_AA_AAA+_ATPase
5936,Clo1313_1376,,UPI0000F218F1,
5937,Clo1313_1377,IPR014198,UPI00005360AE,Spore_III_AB
5938,Clo1313_1377,,UPI00005360AE,
5939,Clo1313_1378,IPR009570,UPI00003C911F,Spore_III_AC
5940,Clo1313_1378,IPR025664,UPI00003C911F,Spore_III_AC/AD
5941,Clo1313_1378,,UPI00003C911F,
5942,Clo1313_1379,IPR025664,UPI0000531EBD,Spore_III_AC/AD
5943,Clo1313_1379,IPR014211,UPI0000531EBD,Spore_III_AD
5944,Clo1313_1379,,UPI0000531EBD,
5945,Clo1313_1380,IPR014194,UPI0000F218EC,Spore_III_AE
5946,Clo1313_1380,,UPI0000F218EC,
5947,Clo1313_1381,IPR014245,UPI0000F218EB,Spore_III_AF
5948,Clo1313_1381,,UPI0000F218EB,
5949,Clo1313_1382,IPR014195,UPI0000F218EA,SpoIIIAG
5950,Clo1313_1382,,UPI0000F218EA,
5951,Clo1313_1383,IPR024232,UPI00003C914E,SpoIIIAH
5952,Clo1313_1383,IPR038503,UPI00003C914E,SpoIIIAH_sf
5953,Clo1313_1383,,UPI00003C914E,
5954,Clo1313_1384,IPR005531,UPI00003C914F,Asp23
5955,Clo1313_1384,,UPI00003C914F,
5956,Clo1313_1385,,UPI000053812A,
5957,Clo1313_1386,IPR018730,UPI0001B1EF23,DUF2273
5958,Clo1313_1386,,UPI0001B1EF23,
5959,Clo1313_1387,IPR035926,UPI00003C9152,NusB-like_sf
5960,Clo1313_1387,IPR011605,UPI00003C9152,NusB_fam
5961,Clo1313_1387,IPR006027,UPI00003C9152,NusB_RsmB_TIM44
5962,Clo1313_1387,,UPI00003C9152,
5963,Clo1313_1388,IPR003753,UPI0000F218E9,Exonuc_VII_L
5964,Clo1313_1388,IPR020579,UPI0000F218E9,Exonuc_VII_lsu_C
5965,Clo1313_1388,IPR025824,UPI0000F218E9,OB-fold_nuc-bd_dom
5966,Clo1313_1388,,UPI0000F218E9,
5967,Clo1313_1389,IPR003761,UPI00003C8DA0,Exonuc_VII_S
5968,Clo1313_1389,IPR037004,UPI00003C8DA0,Exonuc_VII_ssu_sf
5969,Clo1313_1389,,UPI00003C8DA0,
5970,Clo1313_1390,IPR008949,UPI0001B1EF22,Isoprenoid_synthase_dom_sf
5971,Clo1313_1390,IPR000092,UPI0001B1EF22,Polyprenyl_synt
5972,Clo1313_1390,IPR033749,UPI0001B1EF22,Polyprenyl_synt_CS
5973,Clo1313_1390,IPR053378,UPI0001B1EF22,Prenyl_diphosphate_synthase
5974,Clo1313_1390,,UPI0001B1EF22,
5975,Clo1313_1391,IPR003832,UPI000038F86A,DUF212
5976,Clo1313_1391,,UPI000038F86A,
5977,Clo1313_1392,,UPI000038F869,
5978,Clo1313_1393,IPR005477,UPI00005332AF,Dxylulose-5-P_synthase
5979,Clo1313_1393,IPR029061,UPI00005332AF,THDP-binding
5980,Clo1313_1393,IPR009014,UPI00005332AF,Transketo_C/PFOR_II
5981,Clo1313_1393,IPR005475,UPI00005332AF,Transketolase-like_Pyr-bd
5982,Clo1313_1393,IPR020826,UPI00005332AF,Transketolase_BS
5983,Clo1313_1393,IPR033248,UPI00005332AF,Transketolase_C
5984,Clo1313_1393,IPR049557,UPI00005332AF,Transketolase_CS
5985,Clo1313_1393,,UPI00005332AF,
5986,Clo1313_1394,IPR004538,UPI0000531CC4,Hemolysin_A/TlyA
5987,Clo1313_1394,IPR002877,UPI0000531CC4,RNA_MeTrfase_FtsJ_dom
5988,Clo1313_1394,IPR002942,UPI0000531CC4,S4_RNA-bd
5989,Clo1313_1394,IPR036986,UPI0000531CC4,S4_RNA-bd_sf
5990,Clo1313_1394,IPR029063,UPI0000531CC4,SAM-dependent_MTases_sf
5991,Clo1313_1394,IPR047048,UPI0000531CC4,TlyA
5992,Clo1313_1394,,UPI0000531CC4,
5993,Clo1313_1395,,UPI000038F866,
5994,Clo1313_1396,IPR008928,UPI00017E2AFA,6-hairpin_glycosidase_sf
5995,Clo1313_1396,IPR012341,UPI00017E2AFA,6hp_glycosidase-like_sf
5996,Clo1313_1396,IPR004197,UPI00017E2AFA,Cellulase_Ig-like
5997,Clo1313_1396,IPR002105,UPI00017E2AFA,Dockerin_1_rpt
5998,Clo1313_1396,IPR016134,UPI00017E2AFA,Dockerin_dom
5999,Clo1313_1396,IPR036439,UPI00017E2AFA,Dockerin_dom_sf
6000,Clo1313_1396,IPR018247,UPI00017E2AFA,EF_Hand_1_Ca_BS
6001,Clo1313_1396,IPR001701,UPI00017E2AFA,Glyco_hydro_9
6002,Clo1313_1396,IPR033126,UPI00017E2AFA,Glyco_hydro_9_Asp/Glu_AS
6003,Clo1313_1396,IPR018221,UPI00017E2AFA,Glyco_hydro_9_His_AS
6004,Clo1313_1396,IPR013783,UPI00017E2AFA,Ig-like_fold
6005,Clo1313_1396,IPR014756,UPI00017E2AFA,Ig_E-set
6006,Clo1313_1396,,UPI00017E2AFA,
6007,Clo1313_1397,IPR016187,UPI0001B1EF21,CTDL_fold
6008,Clo1313_1397,IPR012854,UPI0001B1EF21,Cu_amine_oxidase-like_N
6009,Clo1313_1397,IPR036582,UPI0001B1EF21,Mao_N_sf
6010,Clo1313_1397,IPR042095,UPI0001B1EF21,SUMF_sf
6011,Clo1313_1397,,UPI0001B1EF21,
6012,Clo1313_1398,IPR002105,UPI0001B1EF20,Dockerin_1_rpt
6013,Clo1313_1398,IPR016134,UPI0001B1EF20,Dockerin_dom
6014,Clo1313_1398,IPR036439,UPI0001B1EF20,Dockerin_dom_sf
6015,Clo1313_1398,IPR018247,UPI0001B1EF20,EF_Hand_1_Ca_BS
6016,Clo1313_1398,IPR000421,UPI0001B1EF20,FA58C
6017,Clo1313_1398,IPR008979,UPI0001B1EF20,Galactose-bd-like_sf
6018,Clo1313_1398,IPR017853,UPI0001B1EF20,GH_hydrolase_sf
6019,Clo1313_1398,IPR001547,UPI0001B1EF20,Glyco_hydro_5
6020,Clo1313_1398,,UPI0001B1EF20,
6021,Clo1313_1399,,UPI0001B1EF1F,
6022,Clo1313_1400,,UPI0001B1EF1E,
6023,Clo1313_1401,IPR003593,UPI000038F85F,AAA+_ATPase
6024,Clo1313_1401,IPR003439,UPI000038F85F,ABC_transporter-like_ATP-bd
6025,Clo1313_1401,IPR017871,UPI000038F85F,ABC_transporter-like_CS
6026,Clo1313_1401,IPR027417,UPI000038F85F,P-loop_NTPase
6027,Clo1313_1401,,UPI000038F85F,
6028,Clo1313_1402,,UPI000038F85E,
6029,Clo1313_1404,IPR041664,UPI0001B1EEF9,AAA_16
6030,Clo1313_1404,IPR050469,UPI0001B1EEF9,Diguanylate_Cyclase
6031,Clo1313_1404,IPR029016,UPI0001B1EEF9,GAF-like_dom_sf
6032,Clo1313_1404,IPR000160,UPI0001B1EEF9,GGDEF_dom
6033,Clo1313_1404,IPR011009,UPI0001B1EEF9,Kinase-like_dom_sf
6034,Clo1313_1404,IPR029787,UPI0001B1EEF9,Nucleotide_cyclase
6035,Clo1313_1404,IPR027417,UPI0001B1EEF9,P-loop_NTPase
6036,Clo1313_1404,IPR000719,UPI0001B1EEF9,Prot_kinase_dom
6037,Clo1313_1404,IPR043128,UPI0001B1EEF9,Rev_trsase/Diguanyl_cyclase
6038,Clo1313_1404,IPR011990,UPI0001B1EEF9,TPR-like_helical_dom_sf
6039,Clo1313_1404,IPR019734,UPI0001B1EEF9,TPR_rpt
6040,Clo1313_1404,,UPI0001B1EEF9,
6041,Clo1313_1405,IPR017438,UPI000038F85C,ATP-NAD_kinase_N
6042,Clo1313_1405,IPR017437,UPI000038F85C,ATP-NAD_kinase_PpnK-typ_C
6043,Clo1313_1405,IPR016064,UPI000038F85C,NAD/diacylglycerol_kinase_sf
6044,Clo1313_1405,IPR002504,UPI000038F85C,NADK
6045,Clo1313_1405,,UPI000038F85C,
6046,Clo1313_1406,IPR001669,UPI000038F85B,Arg_repress
6047,Clo1313_1406,IPR020899,UPI000038F85B,Arg_repress_C
6048,Clo1313_1406,IPR036251,UPI000038F85B,Arg_repress_C_sf
6049,Clo1313_1406,IPR020900,UPI000038F85B,Arg_repress_DNA-bd
6050,Clo1313_1406,IPR036388,UPI000038F85B,WH-like_DNA-bd_sf
6051,Clo1313_1406,IPR036390,UPI000038F85B,WH_DNA-bd_sf
6052,Clo1313_1406,,UPI000038F85B,
6053,Clo1313_1407,IPR004604,UPI00017E2C8E,DNA_recomb/repair_RecN
6054,Clo1313_1407,IPR027417,UPI00017E2C8E,P-loop_NTPase
6055,Clo1313_1407,IPR003395,UPI00017E2C8E,RecF/RecN/SMC_N
6056,Clo1313_1407,,UPI00017E2C8E,
6057,Clo1313_1409,IPR011006,UPI00003C8D96,CheY-like_superfamily
6058,Clo1313_1409,IPR016032,UPI00003C8D96,Sig_transdc_resp-reg_C-effctor
6059,Clo1313_1409,IPR001789,UPI00003C8D96,Sig_transdc_resp-reg_receiver
6060,Clo1313_1409,IPR014879,UPI00003C8D96,Spo0A_C
6061,Clo1313_1409,IPR012052,UPI00003C8D96,Spore_0_A
6062,Clo1313_1409,IPR039420,UPI00003C8D96,WalR-like
6063,Clo1313_1409,IPR036388,UPI00003C8D96,WH-like_DNA-bd_sf
6064,Clo1313_1409,,UPI00003C8D96,
6065,Clo1313_1410,IPR011006,UPI00017E2C92,CheY-like_superfamily
6066,Clo1313_1410,IPR001789,UPI00017E2C92,Sig_transdc_resp-reg_receiver
6067,Clo1313_1410,IPR052048,UPI00017E2C92,ST_Response_Regulator
6068,Clo1313_1410,,UPI00017E2C92,
6069,Clo1313_1411,IPR051315,UPI0001B1EEF7,Bact_Chemotaxis_CheA
6070,Clo1313_1411,IPR004105,UPI0001B1EEF7,CheA-like_dim
6071,Clo1313_1411,IPR037006,UPI0001B1EEF7,CheA-like_homodim_sf
6072,Clo1313_1411,IPR037052,UPI0001B1EEF7,CheA-like_P2_sf
6073,Clo1313_1411,IPR010808,UPI0001B1EEF7,CheA_P2-bd
6074,Clo1313_1411,IPR036061,UPI0001B1EEF7,CheW-like_dom_sf
6075,Clo1313_1411,IPR002545,UPI0001B1EEF7,CheW-lke_dom
6076,Clo1313_1411,IPR035891,UPI0001B1EEF7,CheY-binding_CheA
6077,Clo1313_1411,IPR036890,UPI0001B1EEF7,HATPase_C_sf
6078,Clo1313_1411,IPR003594,UPI0001B1EEF7,HATPase_dom
6079,Clo1313_1411,IPR005467,UPI0001B1EEF7,His_kinase_dom
6080,Clo1313_1411,IPR036097,UPI0001B1EEF7,HisK_dim/P_sf
6081,Clo1313_1411,IPR036641,UPI0001B1EEF7,HPT_dom_sf
6082,Clo1313_1411,IPR004358,UPI0001B1EEF7,Sig_transdc_His_kin-like_C
6083,Clo1313_1411,IPR008207,UPI0001B1EEF7,Sig_transdc_His_kin_Hpt_dom
6084,Clo1313_1411,,UPI0001B1EEF7,
6085,Clo1313_1412,IPR039315,UPI000038F855,CheW
6086,Clo1313_1412,IPR036061,UPI000038F855,CheW-like_dom_sf
6087,Clo1313_1412,IPR002545,UPI000038F855,CheW-lke_dom
6088,Clo1313_1412,,UPI000038F855,
6089,Clo1313_1413,IPR050903,UPI000038F854,Bact_Chemotaxis_MeTrfase
6090,Clo1313_1413,IPR026024,UPI000038F854,Chemotaxis_MeTrfase_CheR
6091,Clo1313_1413,IPR022642,UPI000038F854,CheR_C
6092,Clo1313_1413,IPR000780,UPI000038F854,CheR_MeTrfase
6093,Clo1313_1413,IPR022641,UPI000038F854,CheR_N
6094,Clo1313_1413,IPR036804,UPI000038F854,CheR_N_sf
6095,Clo1313_1413,IPR029063,UPI000038F854,SAM-dependent_MTases_sf
6096,Clo1313_1413,,UPI000038F854,
6097,Clo1313_1414,IPR008248,UPI000038F853,CheB-like
6098,Clo1313_1414,IPR035909,UPI000038F853,CheB_C
6099,Clo1313_1414,IPR011006,UPI000038F853,CheY-like_superfamily
6100,Clo1313_1414,IPR000673,UPI000038F853,Sig_transdc_resp-reg_Me-estase
6101,Clo1313_1414,IPR001789,UPI000038F853,Sig_transdc_resp-reg_receiver
6102,Clo1313_1414,,UPI000038F853,
6103,Clo1313_1415,IPR011006,UPI000038F852,CheY-like_superfamily
6104,Clo1313_1415,IPR036890,UPI000038F852,HATPase_C_sf
6105,Clo1313_1415,IPR003594,UPI000038F852,HATPase_dom
6106,Clo1313_1415,IPR005467,UPI000038F852,His_kinase_dom
6107,Clo1313_1415,IPR003661,UPI000038F852,HisK_dim/P_dom
6108,Clo1313_1415,IPR036097,UPI000038F852,HisK_dim/P_sf
6109,Clo1313_1415,IPR036641,UPI000038F852,HPT_dom_sf
6110,Clo1313_1415,IPR001610,UPI000038F852,PAC
6111,Clo1313_1415,IPR000014,UPI000038F852,PAS
6112,Clo1313_1415,IPR000700,UPI000038F852,PAS-assoc_C
6113,Clo1313_1415,IPR035965,UPI000038F852,PAS-like_dom_sf
6114,Clo1313_1415,IPR004358,UPI000038F852,Sig_transdc_His_kin-like_C
6115,Clo1313_1415,IPR001789,UPI000038F852,Sig_transdc_resp-reg_receiver
6116,Clo1313_1415,,UPI000038F852,
6117,Clo1313_1416,IPR050956,UPI0000531599,2C_system_His_kinase
6118,Clo1313_1416,IPR011006,UPI0000531599,CheY-like_superfamily
6119,Clo1313_1416,IPR001789,UPI0000531599,Sig_transdc_resp-reg_receiver
6120,Clo1313_1416,,UPI0000531599,
6121,Clo1313_1417,IPR009061,UPI0000533292,DNA-bd_dom_put_sf
6122,Clo1313_1417,IPR000551,UPI0000533292,MerR-type_HTH_dom
6123,Clo1313_1417,IPR047057,UPI0000533292,MerR_fam
6124,Clo1313_1417,,UPI0000533292,
6125,Clo1313_1418,IPR020103,UPI00003C8D95,PsdUridine_synth_cat_dom_sf
6126,Clo1313_1418,IPR006225,UPI00003C8D95,PsdUridine_synth_RluC/D
6127,Clo1313_1418,IPR006145,UPI00003C8D95,PsdUridine_synth_RsuA/RluA
6128,Clo1313_1418,IPR050188,UPI00003C8D95,RluA_PseudoU_synthase
6129,Clo1313_1418,,UPI00003C8D95,
6130,Clo1313_1419,,UPI00017E2E21,
6131,Clo1313_1420,,UPI0001B1EEF6,
6132,Clo1313_1422,IPR036890,UPI000038F84E,HATPase_C_sf
6133,Clo1313_1422,IPR003594,UPI000038F84E,HATPase_dom
6134,Clo1313_1422,IPR005467,UPI000038F84E,His_kinase_dom
6135,Clo1313_1422,IPR003661,UPI000038F84E,HisK_dim/P_dom
6136,Clo1313_1422,IPR036097,UPI000038F84E,HisK_dim/P_sf
6137,Clo1313_1422,IPR050736,UPI000038F84E,Sensor_HK_Regulatory
6138,Clo1313_1422,IPR004358,UPI000038F84E,Sig_transdc_His_kin-like_C
6139,Clo1313_1422,,UPI000038F84E,
6140,Clo1313_1423,IPR011006,UPI000038F84D,CheY-like_superfamily
6141,Clo1313_1423,IPR001867,UPI000038F84D,OmpR/PhoB-type_DNA-bd
6142,Clo1313_1423,IPR016032,UPI000038F84D,Sig_transdc_resp-reg_C-effctor
6143,Clo1313_1423,IPR001789,UPI000038F84D,Sig_transdc_resp-reg_receiver
6144,Clo1313_1423,IPR039420,UPI000038F84D,WalR-like
6145,Clo1313_1423,IPR036388,UPI000038F84D,WH-like_DNA-bd_sf
6146,Clo1313_1423,,UPI000038F84D,
6147,Clo1313_1424,IPR002105,UPI0000533A0B,Dockerin_1_rpt
6148,Clo1313_1424,IPR016134,UPI0000533A0B,Dockerin_dom
6149,Clo1313_1424,IPR036439,UPI0000533A0B,Dockerin_dom_sf
6150,Clo1313_1424,IPR018247,UPI0000533A0B,EF_Hand_1_Ca_BS
6151,Clo1313_1424,IPR051532,UPI0000533A0B,Ester_Hydrolysis_Enzymes
6152,Clo1313_1424,IPR013830,UPI0000533A0B,SGNH_hydro
6153,Clo1313_1424,IPR036514,UPI0000533A0B,SGNH_hydro_sf
6154,Clo1313_1424,,UPI0000533A0B,
6155,Clo1313_1425,IPR040794,UPI0001B1EF96,CE2_N
6156,Clo1313_1425,IPR037461,UPI0001B1EF96,CtCE2-like_dom
6157,Clo1313_1425,IPR002105,UPI0001B1EF96,Dockerin_1_rpt
6158,Clo1313_1425,IPR016134,UPI0001B1EF96,Dockerin_dom
6159,Clo1313_1425,IPR036439,UPI0001B1EF96,Dockerin_dom_sf
6160,Clo1313_1425,IPR001087,UPI0001B1EF96,GDSL
6161,Clo1313_1425,IPR017853,UPI0001B1EF96,GH_hydrolase_sf
6162,Clo1313_1425,IPR001547,UPI0001B1EF96,Glyco_hydro_5
6163,Clo1313_1425,IPR018087,UPI0001B1EF96,Glyco_hydro_5_CS
6164,Clo1313_1425,IPR052762,UPI0001B1EF96,PCW_deacetylase/CE
6165,Clo1313_1425,IPR036514,UPI0001B1EF96,SGNH_hydro_sf
6166,Clo1313_1425,,UPI0001B1EF96,
6167,Clo1313_1426,IPR017853,UPI0001B1EF95,GH_hydrolase_sf
6168,Clo1313_1426,IPR006047,UPI0001B1EF95,GH13_cat_dom
6169,Clo1313_1426,IPR004185,UPI0001B1EF95,Glyco_hydro_13_lg-like_dom
6170,Clo1313_1426,IPR013780,UPI0001B1EF95,Glyco_hydro_b
6171,Clo1313_1426,IPR013783,UPI0001B1EF95,Ig-like_fold
6172,Clo1313_1426,IPR014756,UPI0001B1EF95,Ig_E-set
6173,Clo1313_1426,IPR045857,UPI0001B1EF95,O16G_dom_2
6174,Clo1313_1426,,UPI0001B1EF95,
6175,Clo1313_1427,IPR009651,UPI00017E2E26,Met_g_lyase_put
6176,Clo1313_1427,IPR015424,UPI00017E2E26,PyrdxlP-dep_Trfase
6177,Clo1313_1427,IPR015421,UPI00017E2E26,PyrdxlP-dep_Trfase_major
6178,Clo1313_1427,,UPI00017E2E26,
6179,Clo1313_1428,IPR058729,UPI000038FE18,Beta-barrel_RND-rel
6180,Clo1313_1428,IPR058709,UPI000038FE18,BSH_RND-rel
6181,Clo1313_1428,IPR058728,UPI000038FE18,HH_RND-rel
6182,Clo1313_1428,,UPI000038FE18,
6183,Clo1313_1429,IPR001608,UPI00003C8D90,Ala_racemase_N
6184,Clo1313_1429,IPR029066,UPI00003C8D90,PLP-binding_barrel
6185,Clo1313_1429,IPR011078,UPI00003C8D90,PyrdxlP_homeostasis
6186,Clo1313_1429,,UPI00003C8D90,
6187,Clo1313_1430,IPR023052,UPI0000F218DD,Cell_div_SepF
6188,Clo1313_1430,IPR007561,UPI0000F218DD,Cell_div_SepF/SepF-rel
6189,Clo1313_1430,IPR038594,UPI0000F218DD,SepF-like_sf
6190,Clo1313_1430,,UPI0000F218DD,
6191,Clo1313_1431,IPR003425,UPI0000F218DC,CCB3/YggT
6192,Clo1313_1431,,UPI0000F218DC,
6193,Clo1313_1432,IPR012677,UPI0000F218DB,Nucleotide-bd_a/b_plait_sf
6194,Clo1313_1432,IPR040591,UPI0000F218DB,RqcP2_RBD
6195,Clo1313_1432,IPR002942,UPI0000F218DB,S4_RNA-bd
6196,Clo1313_1432,IPR036986,UPI0000F218DB,S4_RNA-bd_sf
6197,Clo1313_1432,,UPI0000F218DB,
6198,Clo1313_1433,IPR019933,UPI00003C8FED,DivIVA_domain
6199,Clo1313_1433,IPR007793,UPI00003C8FED,DivIVA
6200,Clo1313_1433,,UPI00003C8FED,
6201,Clo1313_1434,IPR001412,UPI00005380B1,aa-tRNA-synth_I_CS
6202,Clo1313_1434,IPR002300,UPI00005380B1,aa-tRNA-synth_Ia
6203,Clo1313_1434,IPR033708,UPI00005380B1,Anticodon_Ile_BEm
6204,Clo1313_1434,IPR002301,UPI00005380B1,Ile-tRNA-ligase
6205,Clo1313_1434,IPR023585,UPI00005380B1,Ile-tRNA-ligase_type1
6206,Clo1313_1434,IPR050081,UPI00005380B1,Ile-tRNA_ligase
6207,Clo1313_1434,IPR013155,UPI00005380B1,M/V/L/I-tRNA-synth_anticd-bd
6208,Clo1313_1434,IPR014729,UPI00005380B1,Rossmann-like_a/b/a_fold
6209,Clo1313_1434,IPR009080,UPI00005380B1,tRNAsynth_Ia_anticodon-bd
6210,Clo1313_1434,IPR009008,UPI00005380B1,Val/Leu/Ile-tRNA-synth_edit
6211,Clo1313_1434,IPR010663,UPI00005380B1,Znf_FPG/IleRS
6212,Clo1313_1434,,UPI00005380B1,
6213,Clo1313_1435,IPR050071,UPI0001B1EF94,Dehydroquinate_synthase
6214,Clo1313_1435,IPR016037,UPI0001B1EF94,DHQ_synth_AroB
6215,Clo1313_1435,IPR030963,UPI0001B1EF94,DHQ_synth_fam
6216,Clo1313_1435,IPR030960,UPI0001B1EF94,DHQS/DOIS_N
6217,Clo1313_1435,IPR056179,UPI0001B1EF94,DHQS_C
6218,Clo1313_1435,,UPI0001B1EF94,
6219,Clo1313_1436,,UPI00005346A4,
6220,Clo1313_1437,IPR029057,UPI00017E4609,PRTase-like
6221,Clo1313_1437,,UPI00017E4609,
6222,Clo1313_1438,IPR006638,UPI00003C8FF1,Elp3/MiaA/NifB-like_rSAM
6223,Clo1313_1438,IPR005839,UPI00003C8FF1,Methylthiotransferase
6224,Clo1313_1438,IPR020612,UPI00003C8FF1,Methylthiotransferase_CS
6225,Clo1313_1438,IPR013848,UPI00003C8FF1,Methylthiotransferase_N
6226,Clo1313_1438,IPR038135,UPI00003C8FF1,Methylthiotransferase_N_sf
6227,Clo1313_1438,IPR006463,UPI00003C8FF1,MiaB_methiolase
6228,Clo1313_1438,IPR007197,UPI00003C8FF1,rSAM
6229,Clo1313_1438,IPR023404,UPI00003C8FF1,rSAM_horseshoe
6230,Clo1313_1438,IPR058240,UPI00003C8FF1,rSAM_sf
6231,Clo1313_1438,IPR002792,UPI00003C8FF1,TRAM_dom
6232,Clo1313_1438,,UPI00003C8FF1,
6233,Clo1313_1439,IPR007487,UPI0001B1EF93,ABC_transpt-TYRBP-like
6234,Clo1313_1439,IPR028082,UPI0001B1EF93,Peripla_BP_I
6235,Clo1313_1439,,UPI0001B1EF93,
6236,Clo1313_1440,IPR003660,UPI0001B1EF92,HAMP_dom
6237,Clo1313_1440,IPR004089,UPI0001B1EF92,MCPsignal_dom
6238,Clo1313_1440,,UPI0001B1EF92,
6239,Clo1313_1441,IPR016181,UPI00003C8FF3,Acyl_CoA_acyltransferase
6240,Clo1313_1441,IPR000182,UPI00003C8FF3,GNAT_dom
6241,Clo1313_1441,IPR052564,UPI00003C8FF3,
6242,Clo1313_1441,,UPI00003C8FF3,
6243,Clo1313_1442,IPR036412,UPI00017E4608,HAD-like_sf
6244,Clo1313_1442,IPR006439,UPI00017E4608,HAD-SF_hydro_IA
6245,Clo1313_1442,IPR041492,UPI00017E4608,HAD_2
6246,Clo1313_1442,IPR023214,UPI00017E4608,HAD_sf
6247,Clo1313_1442,IPR023198,UPI00017E4608,PGP-like_dom2
6248,Clo1313_1442,,UPI00017E4608,
6249,Clo1313_1443,IPR029410,UPI00017E4607,CAP_assoc
6250,Clo1313_1443,IPR014044,UPI00017E4607,CAP_dom
6251,Clo1313_1443,IPR035940,UPI00017E4607,CAP_sf
6252,Clo1313_1443,IPR012854,UPI00017E4607,Cu_amine_oxidase-like_N
6253,Clo1313_1443,IPR036582,UPI00017E4607,Mao_N_sf
6254,Clo1313_1443,,UPI00017E4607,
6255,Clo1313_1444,IPR010368,UPI0000533F58,Com_YlbF
6256,Clo1313_1444,IPR023378,UPI0000533F58,YheA/YmcA-like_dom_sf
6257,Clo1313_1444,,UPI0000533F58,
6258,Clo1313_1445,IPR005748,UPI000038F958,DNA_mismatch_repair_MutS
6259,Clo1313_1445,IPR007695,UPI000038F958,DNA_mismatch_repair_MutS-lik_N
6260,Clo1313_1445,IPR017261,UPI000038F958,DNA_mismatch_repair_MutS/MSH
6261,Clo1313_1445,IPR000432,UPI000038F958,DNA_mismatch_repair_MutS_C
6262,Clo1313_1445,IPR007861,UPI000038F958,DNA_mismatch_repair_MutS_clamp
6263,Clo1313_1445,IPR007696,UPI000038F958,DNA_mismatch_repair_MutS_core
6264,Clo1313_1445,IPR016151,UPI000038F958,DNA_mismatch_repair_MutS_N
6265,Clo1313_1445,IPR036187,UPI000038F958,DNA_mismatch_repair_MutS_sf
6266,Clo1313_1445,IPR007860,UPI000038F958,DNA_mmatch_repair_MutS_con_dom
6267,Clo1313_1445,IPR045076,UPI000038F958,MutS
6268,Clo1313_1445,IPR036678,UPI000038F958,MutS_con_dom_sf
6269,Clo1313_1445,IPR027417,UPI000038F958,P-loop_NTPase
6270,Clo1313_1445,,UPI000038F958,
6271,Clo1313_1446,IPR014762,UPI0001B1EF91,DNA_mismatch_repair_CS
6272,Clo1313_1446,IPR020667,UPI0001B1EF91,DNA_mismatch_repair_MutL
6273,Clo1313_1446,IPR013507,UPI0001B1EF91,DNA_mismatch_S5_2-like
6274,Clo1313_1446,IPR036890,UPI0001B1EF91,HATPase_C_sf
6275,Clo1313_1446,IPR002099,UPI0001B1EF91,MutL/Mlh/PMS
6276,Clo1313_1446,IPR038973,UPI0001B1EF91,MutL/Mlh/Pms-like
6277,Clo1313_1446,IPR014790,UPI0001B1EF91,MutL_C
6278,Clo1313_1446,IPR042120,UPI0001B1EF91,MutL_C_dimsub
6279,Clo1313_1446,IPR042121,UPI0001B1EF91,MutL_C_regsub
6280,Clo1313_1446,IPR037198,UPI0001B1EF91,MutL_C_sf
6281,Clo1313_1446,IPR020568,UPI0001B1EF91,Ribosomal_Su5_D2-typ_SF
6282,Clo1313_1446,IPR014721,UPI0001B1EF91,Ribsml_uS5_D2-typ_fold_subgr
6283,Clo1313_1446,,UPI0001B1EF91,
6284,Clo1313_1447,IPR039657,UPI0001B1EF90,Dimethylallyltransferase
6285,Clo1313_1447,IPR018022,UPI0001B1EF90,IPT
6286,Clo1313_1447,IPR027417,UPI0001B1EF90,P-loop_NTPase
6287,Clo1313_1447,,UPI0001B1EF90,
6288,Clo1313_1448,IPR005001,UPI00003C8FF7,Hfq
6289,Clo1313_1448,IPR010920,UPI00003C8FF7,LSM_dom_sf
6290,Clo1313_1448,IPR047575,UPI00003C8FF7,Sm
6291,Clo1313_1448,,UPI00003C8FF7,
6292,Clo1313_1449,IPR011991,UPI0000533F50,ArsR-like_HTH
6293,Clo1313_1449,IPR006200,UPI0000533F50,LexA
6294,Clo1313_1449,IPR039418,UPI0000533F50,LexA-like
6295,Clo1313_1449,IPR036286,UPI0000533F50,LexA/Signal_pep-like_sf
6296,Clo1313_1449,IPR006199,UPI0000533F50,LexA_DNA-bd_dom
6297,Clo1313_1449,IPR050077,UPI0000533F50,LexA_repressor
6298,Clo1313_1449,IPR006197,UPI0000533F50,Peptidase_S24_LexA
6299,Clo1313_1449,IPR015927,UPI0000533F50,Peptidase_S24_S26A/B/C
6300,Clo1313_1449,IPR036388,UPI0000533F50,WH-like_DNA-bd_sf
6301,Clo1313_1449,IPR036390,UPI0000533F50,WH_DNA-bd_sf
6302,Clo1313_1449,,UPI0000533F50,
6303,Clo1313_1450,IPR018392,UPI0000F218D5,LysM
6304,Clo1313_1450,IPR036779,UPI0000F218D5,LysM_dom_sf
6305,Clo1313_1450,,UPI0000F218D5,
6306,Clo1313_1451,IPR013324,UPI0000F218D4,RNA_pol_sigma_r3/r4-like
6307,Clo1313_1451,IPR007394,UPI0000F218D4,UPF0122
6308,Clo1313_1451,IPR054831,UPI0000F218D4,UPF0122_fam_protein
6309,Clo1313_1451,IPR036388,UPI0000F218D4,WH-like_DNA-bd_sf
6310,Clo1313_1451,,UPI0000F218D4,
6311,Clo1313_1452,IPR003593,UPI0000F218D3,AAA+_ATPase
6312,Clo1313_1452,IPR027417,UPI0000F218D3,P-loop_NTPase
6313,Clo1313_1452,IPR036891,UPI0000F218D3,Signal_recog_part_SRP54_M_sf
6314,Clo1313_1452,IPR013822,UPI0000F218D3,Signal_recog_particl_SRP54_hlx
6315,Clo1313_1452,IPR004125,UPI0000F218D3,Signal_recog_particle_SRP54_M
6316,Clo1313_1452,IPR004780,UPI0000F218D3,SRP
6317,Clo1313_1452,IPR022941,UPI0000F218D3,SRP54
6318,Clo1313_1452,IPR000897,UPI0000F218D3,SRP54_GTPase_dom
6319,Clo1313_1452,IPR042101,UPI0000F218D3,SRP54_N_sf
6320,Clo1313_1452,,UPI0000F218D3,
6321,Clo1313_1453,IPR000307,UPI000038FEE5,Ribosomal_bS16
6322,Clo1313_1453,IPR020592,UPI000038FEE5,Ribosomal_bS16_CS
6323,Clo1313_1453,IPR023803,UPI000038FEE5,Ribosomal_bS16_dom_sf
6324,Clo1313_1453,,UPI000038FEE5,
6325,Clo1313_1454,IPR015946,UPI0000F218D2,KH_dom-like_a/b
6326,Clo1313_1454,IPR009019,UPI0000F218D2,KH_sf_prok-type
6327,Clo1313_1454,IPR020627,UPI0000F218D2,KhpA
6328,Clo1313_1454,,UPI0000F218D2,
6329,Clo1313_1455,IPR011033,UPI0000F218D1,PRC_barrel-like_sf
6330,Clo1313_1455,IPR056792,UPI0000F218D1,PRC_RimM
6331,Clo1313_1455,IPR011961,UPI0000F218D1,RimM
6332,Clo1313_1455,IPR002676,UPI0000F218D1,RimM_N
6333,Clo1313_1455,IPR036976,UPI0000F218D1,RimM_N_sf
6334,Clo1313_1455,IPR009000,UPI0000F218D1,Transl_B-barrel_sf
6335,Clo1313_1455,,UPI0000F218D1,
6336,Clo1313_1456,IPR029028,UPI0000F218D0,Alpha/beta_knot_MTases
6337,Clo1313_1456,IPR023148,UPI0000F218D0,tRNA_m1G_MeTrfase_C_sf
6338,Clo1313_1456,IPR002649,UPI0000F218D0,tRNA_m1G_MeTrfase_TrmD
6339,Clo1313_1456,IPR029026,UPI0000F218D0,tRNA_m1G_MTases_N
6340,Clo1313_1456,IPR016009,UPI0000F218D0,tRNA_MeTrfase_TRMD/TRM10
6341,Clo1313_1456,,UPI0000F218D0,
6342,Clo1313_1457,IPR001857,UPI0001B1EF8E,Ribosomal_bL19
6343,Clo1313_1457,IPR018257,UPI0001B1EF8E,Ribosomal_bL19_CS
6344,Clo1313_1457,IPR038657,UPI0001B1EF8E,Ribosomal_bL19_sf
6345,Clo1313_1457,IPR008991,UPI0001B1EF8E,Translation_prot_SH3-like_sf
6346,Clo1313_1457,,UPI0001B1EF8E,
6347,Clo1313_1458,IPR036286,UPI00003C8F96,LexA/Signal_pep-like_sf
6348,Clo1313_1458,IPR000223,UPI00003C8F96,Pept_S26A_signal_pept_1
6349,Clo1313_1458,IPR019758,UPI00003C8F96,Pept_S26A_signal_pept_1_CS
6350,Clo1313_1458,IPR019757,UPI00003C8F96,Pept_S26A_signal_pept_1_Lys-AS
6351,Clo1313_1458,IPR019533,UPI00003C8F96,Peptidase_S26
6352,Clo1313_1458,,UPI00003C8F96,
6353,Clo1313_1459,IPR030378,UPI000038F955,G_CP_dom
6354,Clo1313_1459,IPR006073,UPI000038F955,GTP-bd
6355,Clo1313_1459,IPR023179,UPI000038F955,GTP-bd_ortho_bundle_sf
6356,Clo1313_1459,IPR019991,UPI000038F955,GTP-bd_ribosome_bgen
6357,Clo1313_1459,IPR016478,UPI000038F955,GTPase_MTG1
6358,Clo1313_1459,IPR027417,UPI000038F955,P-loop_NTPase
6359,Clo1313_1459,,UPI000038F955,
6360,Clo1313_1460,IPR003741,UPI0000532B24,LUD_dom
6361,Clo1313_1460,IPR009501,UPI0000532B24,UCP020269
6362,Clo1313_1460,,UPI0000532B24,
6363,Clo1313_1461,IPR022898,UPI00003C8F95,RNase_HII
6364,Clo1313_1461,IPR001352,UPI00003C8F95,RNase_HII/HIII
6365,Clo1313_1461,IPR024567,UPI00003C8F95,RNase_HII/HIII_dom
6366,Clo1313_1461,IPR012337,UPI00003C8F95,RNaseH-like_sf
6367,Clo1313_1461,IPR036397,UPI00003C8F95,RNaseH_sf
6368,Clo1313_1461,,UPI00003C8F95,
6369,Clo1313_1462,IPR021136,UPI00017E3A0F,Flagellar_hook_control-like_C
6370,Clo1313_1462,,UPI00017E3A0F,
6371,Clo1313_1463,IPR006135,UPI000038F951,T3SS_substrate_exporter
6372,Clo1313_1463,IPR029025,UPI000038F951,T3SS_substrate_exporter_C
6373,Clo1313_1463,,UPI000038F951,
6374,Clo1313_1464,IPR011335,UPI0000531C94,Restrct_endonuc-II-like
6375,Clo1313_1464,IPR011856,UPI0000531C94,tRNA_endonuc-like_dom_sf
6376,Clo1313_1464,IPR003509,UPI0000531C94,UPF0102_YraN-like
6377,Clo1313_1464,,UPI0000531C94,
6378,Clo1313_1466,IPR000180,UPI000038F94E,Dipep_AS
6379,Clo1313_1466,IPR032466,UPI000038F94E,Metal_Hydrolase
6380,Clo1313_1466,IPR008257,UPI000038F94E,Pept_M19
6381,Clo1313_1466,,UPI000038F94E,
6382,Clo1313_1467,IPR004839,UPI000038F94D,Aminotransferase_I/II_large
6383,Clo1313_1467,IPR050596,UPI000038F94D,AspAT/PAT-like
6384,Clo1313_1467,IPR004838,UPI000038F94D,NHTrfase_class1_PyrdxlP-BS
6385,Clo1313_1467,IPR015424,UPI000038F94D,PyrdxlP-dep_Trfase
6386,Clo1313_1467,IPR015421,UPI000038F94D,PyrdxlP-dep_Trfase_major
6387,Clo1313_1467,IPR015422,UPI000038F94D,PyrdxlP-dep_Trfase_small
6388,Clo1313_1467,,UPI000038F94D,
6389,Clo1313_1468,IPR058087,UPI00003C8F93,XAC2610_dom
6390,Clo1313_1468,,UPI00003C8F93,
6391,Clo1313_1469,,UPI00017E3A0C,
6392,Clo1313_1470,,UPI0001B1EF46,
6393,Clo1313_1471,IPR001387,UPI00003C8F91,Cro/C1-type_HTH
6394,Clo1313_1471,IPR013096,UPI00003C8F91,Cupin_2
6395,Clo1313_1471,IPR010982,UPI00003C8F91,Lambda_DNA-bd_dom_sf
6396,Clo1313_1471,IPR014710,UPI00003C8F91,RmlC-like_jellyroll
6397,Clo1313_1471,IPR011051,UPI00003C8F91,RmlC_Cupin_sf
6398,Clo1313_1471,IPR050807,UPI00003C8F91,TransReg_Diox_bact_type
6399,Clo1313_1471,,UPI00003C8F91,
6400,Clo1313_1472,IPR003593,UPI000038F949,AAA+_ATPase
6401,Clo1313_1472,IPR050093,UPI000038F949,ABC_SmlMolc_Importer
6402,Clo1313_1472,IPR003439,UPI000038F949,ABC_transporter-like_ATP-bd
6403,Clo1313_1472,IPR017871,UPI000038F949,ABC_transporter-like_CS
6404,Clo1313_1472,IPR008995,UPI000038F949,Mo/tungstate-bd_C_term_dom
6405,Clo1313_1472,IPR027417,UPI000038F949,P-loop_NTPase
6406,Clo1313_1472,IPR005893,UPI000038F949,PotA-like
6407,Clo1313_1472,IPR017879,UPI000038F949,PotA_ATP-bd
6408,Clo1313_1472,IPR013611,UPI000038F949,Transp-assoc_OB_typ2
6409,Clo1313_1472,,UPI000038F949,
6410,Clo1313_1473,IPR000515,UPI00003C8F90,MetI-like
6411,Clo1313_1473,IPR035906,UPI00003C8F90,MetI-like_sf
6412,Clo1313_1473,,UPI00003C8F90,
6413,Clo1313_1474,IPR051789,UPI000038F947,Bact_Polyamine_Transport
6414,Clo1313_1474,IPR000515,UPI000038F947,MetI-like
6415,Clo1313_1474,IPR035906,UPI000038F947,MetI-like_sf
6416,Clo1313_1474,,UPI000038F947,
6417,Clo1313_1475,IPR006059,UPI000038F946,SBP
6418,Clo1313_1475,IPR001188,UPI000038F946,Sperm_putr-bd
6419,Clo1313_1475,,UPI000038F946,
6420,Clo1313_1476,IPR009003,UPI0001B1EF45,Peptidase_S1_PA
6421,Clo1313_1476,IPR043504,UPI0001B1EF45,
6422,Clo1313_1476,,UPI0001B1EF45,
6423,Clo1313_1477,IPR008928,UPI000038F944,6-hairpin_glycosidase_sf
6424,Clo1313_1477,IPR012341,UPI000038F944,6hp_glycosidase-like_sf
6425,Clo1313_1477,IPR008965,UPI000038F944,CBM2/CBM3_carb-bd_dom_sf
6426,Clo1313_1477,IPR001956,UPI000038F944,CBM3
6427,Clo1313_1477,IPR036966,UPI000038F944,CBM3_sf
6428,Clo1313_1477,IPR002105,UPI000038F944,Dockerin_1_rpt
6429,Clo1313_1477,IPR016134,UPI000038F944,Dockerin_dom
6430,Clo1313_1477,IPR036439,UPI000038F944,Dockerin_dom_sf
6431,Clo1313_1477,IPR001701,UPI000038F944,Glyco_hydro_9
6432,Clo1313_1477,IPR033126,UPI000038F944,Glyco_hydro_9_Asp/Glu_AS
6433,Clo1313_1477,,UPI000038F944,
6434,Clo1313_1478,IPR011042,UPI0000534FA0,6-blade_b-propeller_TolB-like
6435,Clo1313_1478,IPR029045,UPI0000534FA0,ClpP/crotonase-like_dom_sf
6436,Clo1313_1478,IPR012854,UPI0000534FA0,Cu_amine_oxidase-like_N
6437,Clo1313_1478,IPR008979,UPI0000534FA0,Galactose-bd-like_sf
6438,Clo1313_1478,IPR032485,UPI0000534FA0,LRP1-like_beta_prop
6439,Clo1313_1478,IPR036582,UPI0000534FA0,Mao_N_sf
6440,Clo1313_1478,IPR005151,UPI0000534FA0,Tail-specific_protease
6441,Clo1313_1478,,UPI0000534FA0,
6442,Clo1313_1479,IPR002528,UPI00003C8F8C,MATE_fam
6443,Clo1313_1479,IPR050222,UPI00003C8F8C,MATE_MdtK
6444,Clo1313_1479,IPR048279,UPI00003C8F8C,MdtK-like
6445,Clo1313_1479,,UPI00003C8F8C,
6446,Clo1313_1480,,UPI0000F218C8,
6447,Clo1313_1481,IPR019468,UPI0000F218C7,AdenyloSucc_lyase_C
6448,Clo1313_1481,IPR020557,UPI0000F218C7,Fumarate_lyase_CS
6449,Clo1313_1481,IPR000362,UPI0000F218C7,Fumarate_lyase_fam
6450,Clo1313_1481,IPR022761,UPI0000F218C7,Fumarate_lyase_N
6451,Clo1313_1481,IPR008948,UPI0000F218C7,L-Aspartase-like
6452,Clo1313_1481,IPR004769,UPI0000F218C7,Pur_lyase
6453,Clo1313_1481,,UPI0000F218C7,
6454,Clo1313_1482,IPR050679,UPI00003C8EFA,Bact_HTH_transcr_reg
6455,Clo1313_1482,IPR028978,UPI00003C8EFA,Chorismate_lyase_/UTRA_dom_sf
6456,Clo1313_1482,IPR000524,UPI00003C8EFA,Tscrpt_reg_HTH_GntR
6457,Clo1313_1482,IPR011663,UPI00003C8EFA,UTRA
6458,Clo1313_1482,IPR036388,UPI00003C8EFA,WH-like_DNA-bd_sf
6459,Clo1313_1482,IPR036390,UPI00003C8EFA,WH_DNA-bd_sf
6460,Clo1313_1482,,UPI00003C8EFA,
6461,Clo1313_1483,IPR002372,UPI00003C8EFB,PQQ_rpt_dom
6462,Clo1313_1483,IPR011047,UPI00003C8EFB,Quinoprotein_ADH-like_sf
6463,Clo1313_1483,IPR015943,UPI00003C8EFB,WD40/YVTN_repeat-like_dom_sf
6464,Clo1313_1483,,UPI00003C8EFB,
6465,Clo1313_1484,IPR049740,UPI0000F218C6,CopZ
6466,Clo1313_1484,IPR000428,UPI0000F218C6,Cu-bd
6467,Clo1313_1484,IPR017969,UPI0000F218C6,Heavy-metal-associated_CS
6468,Clo1313_1484,IPR006122,UPI0000F218C6,HMA_Cu_ion-bd
6469,Clo1313_1484,IPR006121,UPI0000F218C6,HMA_dom
6470,Clo1313_1484,IPR036163,UPI0000F218C6,HMA_dom_sf
6471,Clo1313_1484,,UPI0000F218C6,
6472,Clo1313_1485,,UPI0001B1EF44,
6473,Clo1313_1486,IPR008278,UPI00003C8EFC,4-PPantetheinyl_Trfase_dom
6474,Clo1313_1486,IPR037143,UPI00003C8EFC,4-PPantetheinyl_Trfase_dom_sf
6475,Clo1313_1486,IPR055066,UPI00003C8EFC,AASDHPPT_N
6476,Clo1313_1486,IPR050559,UPI00003C8EFC,P-Pant_transferase_sf
6477,Clo1313_1486,IPR004568,UPI00003C8EFC,Ppantetheine-prot_Trfase_dom
6478,Clo1313_1486,,UPI00003C8EFC,
6479,Clo1313_1487,IPR008965,UPI0001B1EF43,CBM2/CBM3_carb-bd_dom_sf
6480,Clo1313_1487,IPR002102,UPI0001B1EF43,Cohesin_dom
6481,Clo1313_1487,,UPI0001B1EF43,
6482,Clo1313_1488,IPR008965,UPI000038FA22,CBM2/CBM3_carb-bd_dom_sf
6483,Clo1313_1488,IPR002102,UPI000038FA22,Cohesin_dom
6484,Clo1313_1488,,UPI000038FA22,
6485,Clo1313_1489,IPR050570,UPI000038FA21,Cell_wall_metabolism_enzyme
6486,Clo1313_1489,IPR011055,UPI000038FA21,Dup_hybrid_motif
6487,Clo1313_1489,IPR016047,UPI000038FA21,M23ase_b-sheet_dom
6488,Clo1313_1489,IPR057309,UPI000038FA21,PcsB_CC
6489,Clo1313_1489,,UPI000038FA21,
6490,Clo1313_1490,IPR009875,UPI00005367E7,PilZ_domain
6491,Clo1313_1490,,UPI00005367E7,
6492,Clo1313_1491,IPR000453,UPI00003C8EFE,Chorismate_synth
6493,Clo1313_1491,IPR035904,UPI00003C8EFE,Chorismate_synth_AroC_sf
6494,Clo1313_1491,IPR020541,UPI00003C8EFE,Chorismate_synthase_CS
6495,Clo1313_1491,,UPI00003C8EFE,
6496,Clo1313_1492,IPR027417,UPI000038FA1E,P-loop_NTPase
6497,Clo1313_1492,IPR031322,UPI000038FA1E,Shikimate/glucono_kinase
6498,Clo1313_1492,IPR000623,UPI000038FA1E,Shikimate_kinase/TSH1
6499,Clo1313_1492,,UPI000038FA1E,
6500,Clo1313_1493,IPR032531,UPI00017E6EDB,DUF4956
6501,Clo1313_1493,,UPI00017E6EDB,
6502,Clo1313_1494,IPR025584,UPI00005351FF,Cthe_2159
6503,Clo1313_1494,IPR002105,UPI00005351FF,Dockerin_1_rpt
6504,Clo1313_1494,IPR016134,UPI00005351FF,Dockerin_dom
6505,Clo1313_1494,IPR036439,UPI00005351FF,Dockerin_dom_sf
6506,Clo1313_1494,IPR018247,UPI00005351FF,EF_Hand_1_Ca_BS
6507,Clo1313_1494,,UPI00005351FF,
6508,Clo1313_1495,IPR044068,UPI000038FA1B,CB
6509,Clo1313_1495,IPR011010,UPI000038FA1B,DNA_brk_join_enz
6510,Clo1313_1495,IPR013762,UPI000038FA1B,Integrase-like_cat_sf
6511,Clo1313_1495,IPR002104,UPI000038FA1B,Integrase_catalytic
6512,Clo1313_1495,IPR010998,UPI000038FA1B,Integrase_recombinase_N
6513,Clo1313_1495,IPR050090,UPI000038FA1B,Tyrosine_recombinase_XerCD
6514,Clo1313_1495,,UPI000038FA1B,
6515,Clo1313_1496,IPR050922,UPI000038FA1A,LytR/CpsA/Psr_CW_biosynth
6516,Clo1313_1496,IPR004474,UPI000038FA1A,LytR_CpsA_psr
6517,Clo1313_1496,,UPI000038FA1A,
6518,Clo1313_1497,IPR001948,UPI00017E6EDA,Peptidase_M18
6519,Clo1313_1497,IPR023358,UPI00017E6EDA,Peptidase_M18_dom2
6520,Clo1313_1497,,UPI00017E6EDA,
6521,Clo1313_1498,IPR011006,UPI000038FA18,CheY-like_superfamily
6522,Clo1313_1498,IPR052020,UPI000038FA18,Cyclic_di-GMP/3'3'-cGAMP_PDE
6523,Clo1313_1498,IPR021800,UPI000038FA18,DUF3369
6524,Clo1313_1498,IPR003607,UPI000038FA18,HD/PDEase_dom
6525,Clo1313_1498,IPR006674,UPI000038FA18,HD_domain
6526,Clo1313_1498,IPR037522,UPI000038FA18,HD_GYP_dom
6527,Clo1313_1498,IPR006675,UPI000038FA18,HDIG_dom
6528,Clo1313_1498,IPR001789,UPI000038FA18,Sig_transdc_resp-reg_receiver
6529,Clo1313_1498,,UPI000038FA18,
6530,Clo1313_1499,IPR010140,UPI000038FA17,Histidinol_P_phosphatase_HisJ
6531,Clo1313_1499,IPR004013,UPI000038FA17,PHP_dom
6532,Clo1313_1499,IPR003141,UPI000038FA17,Pol/His_phosphatase_N
6533,Clo1313_1499,IPR016195,UPI000038FA17,Pol/histidinol_Pase-like
6534,Clo1313_1499,,UPI000038FA17,
6535,Clo1313_1500,IPR001412,UPI00003C8F00,aa-tRNA-synth_I_CS
6536,Clo1313_1500,IPR002305,UPI00003C8F00,aa-tRNA-synth_Ic
6537,Clo1313_1500,IPR014729,UPI00003C8F00,Rossmann-like_a/b/a_fold
6538,Clo1313_1500,IPR036986,UPI00003C8F00,S4_RNA-bd_sf
6539,Clo1313_1500,IPR054608,UPI00003C8F00,SYY-like_C
6540,Clo1313_1500,IPR002307,UPI00003C8F00,Tyr-tRNA-ligase
6541,Clo1313_1500,IPR024088,UPI00003C8F00,Tyr-tRNA-ligase_bac-type
6542,Clo1313_1500,IPR024107,UPI00003C8F00,Tyr-tRNA-ligase_bac_1
6543,Clo1313_1500,,UPI00003C8F00,
6544,Clo1313_1501,IPR004506,UPI00003C8F01,MnmA-like
6545,Clo1313_1501,IPR046885,UPI00003C8F01,MnmA-like_C
6546,Clo1313_1501,IPR046884,UPI00003C8F01,MnmA-like_central
6547,Clo1313_1501,IPR023382,UPI00003C8F01,MnmA-like_central_sf
6548,Clo1313_1501,IPR014729,UPI00003C8F01,Rossmann-like_a/b/a_fold
6549,Clo1313_1501,,UPI00003C8F01,
6550,Clo1313_1502,IPR017787,UPI00003C8F02,NIF_FeS_clus_asmbl_NifU-like
6551,Clo1313_1502,IPR002871,UPI00003C8F02,NIF_FeS_clus_asmbl_NifU_N
6552,Clo1313_1502,,UPI00003C8F02,
6553,Clo1313_1503,IPR000192,UPI000038FA15,Aminotrans_V_dom
6554,Clo1313_1503,IPR020578,UPI000038FA15,Aminotrans_V_PyrdxlP_BS
6555,Clo1313_1503,IPR010240,UPI000038FA15,Cys_deSase_IscS
6556,Clo1313_1503,IPR017772,UPI000038FA15,Cys_deSase_NifS_bac-type
6557,Clo1313_1503,IPR016454,UPI000038FA15,Cysteine_dSase
6558,Clo1313_1503,IPR015424,UPI000038FA15,PyrdxlP-dep_Trfase
6559,Clo1313_1503,IPR015421,UPI000038FA15,PyrdxlP-dep_Trfase_major
6560,Clo1313_1503,IPR015422,UPI000038FA15,PyrdxlP-dep_Trfase_small
6561,Clo1313_1503,,UPI000038FA15,
6562,Clo1313_1504,IPR000944,UPI000038FA14,Tscrpt_reg_Rrf2
6563,Clo1313_1504,IPR036388,UPI000038FA14,WH-like_DNA-bd_sf
6564,Clo1313_1504,IPR036390,UPI000038FA14,WH_DNA-bd_sf
6565,Clo1313_1504,,UPI000038FA14,
6566,Clo1313_1505,IPR005370,UPI00005384CF,UPF0180
6567,Clo1313_1505,,UPI00005384CF,
6568,Clo1313_1506,,UPI00003C8F04,
6569,Clo1313_1507,IPR050903,UPI0000F218B4,Bact_Chemotaxis_MeTrfase
6570,Clo1313_1507,IPR022642,UPI0000F218B4,CheR_C
6571,Clo1313_1507,IPR000780,UPI0000F218B4,CheR_MeTrfase
6572,Clo1313_1507,IPR022641,UPI0000F218B4,CheR_N
6573,Clo1313_1507,IPR036804,UPI0000F218B4,CheR_N_sf
6574,Clo1313_1507,IPR029063,UPI0000F218B4,SAM-dependent_MTases_sf
6575,Clo1313_1507,,UPI0000F218B4,
6576,Clo1313_1508,IPR034907,UPI00003C9184,NDK-like_dom
6577,Clo1313_1508,IPR036850,UPI00003C9184,NDK-like_dom_sf
6578,Clo1313_1508,IPR001564,UPI00003C9184,Nucleoside_diP_kinase
6579,Clo1313_1508,,UPI00003C9184,
6580,Clo1313_1509,IPR042286,UPI000053187C,AdoMetDC_C
6581,Clo1313_1509,IPR003826,UPI000053187C,AdoMetDC_fam_prok
6582,Clo1313_1509,IPR042284,UPI000053187C,AdoMetDC_N
6583,Clo1313_1509,IPR016067,UPI000053187C,S-AdoMet_deCO2ase_core
6584,Clo1313_1509,IPR017716,UPI000053187C,S-AdoMet_deCOase_pro-enz
6585,Clo1313_1509,,UPI000053187C,
6586,Clo1313_1510,IPR003451,UPI0000F218B3,LytB/IspH
6587,Clo1313_1510,IPR012340,UPI0000F218B3,NA-bd_OB-fold
6588,Clo1313_1510,IPR035104,UPI0000F218B3,Ribosomal_protein_S1-like
6589,Clo1313_1510,IPR003029,UPI0000F218B3,S1_domain
6590,Clo1313_1510,,UPI0000F218B3,
6591,Clo1313_1511,IPR004552,UPI00003C90B9,AGP_acyltrans
6592,Clo1313_1511,IPR002123,UPI00003C90B9,Plipid/glycerol_acylTrfase
6593,Clo1313_1511,,UPI00003C90B9,
6594,Clo1313_1512,IPR003136,UPI000038FA67,Cytidylate_kin
6595,Clo1313_1512,IPR011994,UPI000038FA67,Cytidylate_kinase_dom
6596,Clo1313_1512,IPR027417,UPI000038FA67,P-loop_NTPase
6597,Clo1313_1512,,UPI000038FA67,
6598,Clo1313_1513,IPR008243,UPI000038FA66,Chorismate_mutase_AroH
6599,Clo1313_1513,IPR035959,UPI000038FA66,RutC-like_sf
6600,Clo1313_1513,,UPI000038FA66,
6601,Clo1313_1515,,UPI00003C90BA,
6602,Clo1313_1516,IPR004792,UPI000038FA63,BaiN-like
6603,Clo1313_1516,IPR023166,UPI000038FA63,BaiN-like_dom_sf
6604,Clo1313_1516,IPR036188,UPI000038FA63,FAD/NAD-bd_sf
6605,Clo1313_1516,IPR055178,UPI000038FA63,RsdA/BaiN/AoA(So)-like_dom
6606,Clo1313_1516,IPR057661,UPI000038FA63,RsdA/BaiN/AoA(So)_Rossmann
6607,Clo1313_1516,,UPI000038FA63,
6608,Clo1313_1517,IPR013078,UPI0000F218B2,His_Pase_superF_clade-1
6609,Clo1313_1517,IPR029033,UPI0000F218B2,His_PPase_superfam
6610,Clo1313_1517,IPR001345,UPI0000F218B2,PG/BPGM_mutase_AS
6611,Clo1313_1517,IPR050275,UPI0000F218B2,PGM_Phosphatase
6612,Clo1313_1517,,UPI0000F218B2,
6613,Clo1313_1518,IPR009057,UPI0000F218B1,Homeodomain-like_sf
6614,Clo1313_1518,IPR000281,UPI0000F218B1,HTH_RpiR
6615,Clo1313_1518,IPR047640,UPI0000F218B1,RpiR-like
6616,Clo1313_1518,IPR035472,UPI0000F218B1,RpiR-like_SIS
6617,Clo1313_1518,IPR001347,UPI0000F218B1,SIS_dom
6618,Clo1313_1518,IPR046348,UPI0000F218B1,SIS_dom_sf
6619,Clo1313_1518,IPR036388,UPI0000F218B1,WH-like_DNA-bd_sf
6620,Clo1313_1518,,UPI0000F218B1,
6621,Clo1313_1519,IPR012190,UPI00003C90BC,UCP036698
6622,Clo1313_1519,,UPI00003C90BC,
6623,Clo1313_1520,,UPI00003C90BD,
6624,Clo1313_1521,,UPI000038FA5E,
6625,Clo1313_1522,,UPI000038FA5D,
6626,Clo1313_1523,IPR013785,UPI000038FA5C,Aldolase_TIM
6627,Clo1313_1523,IPR003379,UPI000038FA5C,Carboxylase_cons_dom
6628,Clo1313_1523,IPR055268,UPI000038FA5C,PCB-like
6629,Clo1313_1523,IPR000891,UPI000038FA5C,PYR_CT
6630,Clo1313_1523,,UPI000038FA5C,
6631,Clo1313_1524,IPR001882,UPI0001B1EF0F,Biotin_BS
6632,Clo1313_1524,IPR050709,UPI0001B1EF0F,Biotin_Carboxyl_Carrier/Decarb
6633,Clo1313_1524,IPR000089,UPI0001B1EF0F,Biotin_lipoyl
6634,Clo1313_1524,IPR011053,UPI0001B1EF0F,Single_hybrid_motif
6635,Clo1313_1524,,UPI0001B1EF0F,
6636,Clo1313_1525,,UPI00003C90BF,
6637,Clo1313_1526,IPR051047,UPI0000537A75,AccD/PCCB
6638,Clo1313_1526,IPR034733,UPI0000537A75,AcCoA_carboxyl_beta
6639,Clo1313_1526,IPR029045,UPI0000537A75,ClpP/crotonase-like_dom_sf
6640,Clo1313_1526,IPR011763,UPI0000537A75,COA_CT_C
6641,Clo1313_1526,IPR011762,UPI0000537A75,COA_CT_N
6642,Clo1313_1526,,UPI0000537A75,
6643,Clo1313_1527,IPR009875,UPI00005332CB,PilZ_domain
6644,Clo1313_1527,,UPI00005332CB,
6645,Clo1313_1528,IPR010719,UPI0000531CA7,MnmM_MeTrfase
6646,Clo1313_1528,IPR029063,UPI0000531CA7,SAM-dependent_MTases_sf
6647,Clo1313_1528,,UPI0000531CA7,
6648,Clo1313_1529,IPR005925,UPI000038FA57,Agmatinase-rel
6649,Clo1313_1529,IPR006035,UPI000038FA57,Ureohydrolase
6650,Clo1313_1529,IPR023696,UPI000038FA57,Ureohydrolase_dom_sf
6651,Clo1313_1529,,UPI000038FA57,
6652,Clo1313_1530,IPR030374,UPI0001B1EF0C,PABS
6653,Clo1313_1530,IPR030373,UPI0001B1EF0C,PABS_CS
6654,Clo1313_1530,IPR029063,UPI0001B1EF0C,SAM-dependent_MTases_sf
6655,Clo1313_1530,IPR001045,UPI0001B1EF0C,Spermi_synthase
6656,Clo1313_1530,IPR035246,UPI0001B1EF0C,Spermidine_synt_N
6657,Clo1313_1530,IPR037163,UPI0001B1EF0C,Spermidine_synt_N_sf
6658,Clo1313_1530,,UPI0001B1EF0C,
6659,Clo1313_1531,IPR042092,UPI0000534167,PsdUridine_s_RsuA/RluB/E/F_cat
6660,Clo1313_1531,IPR020103,UPI0000534167,PsdUridine_synth_cat_dom_sf
6661,Clo1313_1531,IPR006145,UPI0000534167,PsdUridine_synth_RsuA/RluA
6662,Clo1313_1531,IPR000748,UPI0000534167,PsdUridine_synth_RsuA/RluB/E/F
6663,Clo1313_1531,IPR018496,UPI0000534167,PsdUridine_synth_RsuA/RluB_CS
6664,Clo1313_1531,IPR050343,UPI0000534167,RsuA_PseudoU_synthase
6665,Clo1313_1531,IPR002942,UPI0000534167,S4_RNA-bd
6666,Clo1313_1531,IPR036986,UPI0000534167,S4_RNA-bd_sf
6667,Clo1313_1531,IPR020094,UPI0000534167,TruA/RsuA/RluB/E/F_N
6668,Clo1313_1531,,UPI0000534167,
6669,Clo1313_1532,IPR014229,UPI000038FA54,GerW
6670,Clo1313_1532,,UPI000038FA54,
6671,Clo1313_1533,IPR021338,UPI000038FA53,DUF2953
6672,Clo1313_1533,,UPI000038FA53,
6673,Clo1313_1534,IPR010432,UPI000038FA52,RDD
6674,Clo1313_1534,,UPI000038FA52,
6675,Clo1313_1535,IPR005234,UPI0000F218A8,ScpB_csome_segregation
6676,Clo1313_1535,IPR036388,UPI0000F218A8,WH-like_DNA-bd_sf
6677,Clo1313_1535,IPR036390,UPI0000F218A8,WH_DNA-bd_sf
6678,Clo1313_1535,,UPI0000F218A8,
6679,Clo1313_1536,IPR003768,UPI00003C8E7D,ScpA
6680,Clo1313_1536,IPR023093,UPI00003C8E7D,ScpA-like_C
6681,Clo1313_1536,,UPI00003C8E7D,
6682,Clo1313_1538,IPR052348,UPI000038FA4E,Metallopeptidase_M50B
6683,Clo1313_1538,IPR008915,UPI000038FA4E,Peptidase_M50
6684,Clo1313_1538,IPR044537,UPI000038FA4E,Rip2-like
6685,Clo1313_1538,,UPI000038FA4E,
6686,Clo1313_1539,IPR000644,UPI0001F32A4B,CBS_dom
6687,Clo1313_1539,IPR046342,UPI0001F32A4B,CBS_dom_sf
6688,Clo1313_1539,IPR001667,UPI0001F32A4B,DDH_dom
6689,Clo1313_1539,IPR038763,UPI0001F32A4B,DHH_sf
6690,Clo1313_1539,IPR043519,UPI0001F32A4B,NT_sf
6691,Clo1313_1539,IPR002646,UPI0001F32A4B,PolA_pol_head_dom
6692,Clo1313_1539,IPR032828,UPI0001F32A4B,PolyA_RNA-bd
6693,Clo1313_1539,IPR052390,UPI0001F32A4B,tRNA_nt/polyA_polymerase
6694,Clo1313_1539,,UPI0001F32A4B,
6695,Clo1313_1540,IPR009006,UPI0000538548,Ala_racemase/Decarboxylase_C
6696,Clo1313_1540,IPR002986,UPI0000538548,DAP_deCOOHase_LysA
6697,Clo1313_1540,IPR022643,UPI0000538548,De-COase2_C
6698,Clo1313_1540,IPR022657,UPI0000538548,De-COase2_CS
6699,Clo1313_1540,IPR022644,UPI0000538548,De-COase2_N
6700,Clo1313_1540,IPR000183,UPI0000538548,Orn/DAP/Arg_de-COase
6701,Clo1313_1540,IPR029066,UPI0000538548,PLP-binding_barrel
6702,Clo1313_1540,,UPI0000538548,
6703,Clo1313_1541,,UPI0000F218A7,
6704,Clo1313_1542,IPR013785,UPI0000536F88,Aldolase_TIM
6705,Clo1313_1542,IPR000644,UPI0000536F88,CBS_dom
6706,Clo1313_1542,IPR046342,UPI0000536F88,CBS_dom_sf
6707,Clo1313_1542,IPR005990,UPI0000536F88,IMP_DH
6708,Clo1313_1542,IPR015875,UPI0000536F88,IMP_DH/GMP_Rdtase_CS
6709,Clo1313_1542,IPR001093,UPI0000536F88,IMP_DH_GMPRt
6710,Clo1313_1542,,UPI0000536F88,
6711,Clo1313_1543,IPR001123,UPI0000536153,LeuE-type
6712,Clo1313_1543,,UPI0000536153,
6713,Clo1313_1544,IPR012338,UPI0001B1ED30,Beta-lactam/transpept-like
6714,Clo1313_1544,IPR015956,UPI0001B1ED30,Peniciliin-bd_prot_C_sf
6715,Clo1313_1544,IPR018044,UPI0001B1ED30,Peptidase_S11
6716,Clo1313_1544,IPR012907,UPI0001B1ED30,Peptidase_S11_C
6717,Clo1313_1544,IPR037167,UPI0001B1ED30,Peptidase_S11_C_sf
6718,Clo1313_1544,IPR001967,UPI0001B1ED30,Peptidase_S11_N
6719,Clo1313_1544,,UPI0001B1ED30,
6720,Clo1313_1545,IPR000312,UPI000038F60E,Glycosyl_Trfase_fam3
6721,Clo1313_1545,IPR017459,UPI000038F60E,Glycosyl_Trfase_fam3_N_dom
6722,Clo1313_1545,IPR036320,UPI000038F60E,Glycosyl_Trfase_fam3_N_dom_sf
6723,Clo1313_1545,IPR035902,UPI000038F60E,Nuc_phospho_transferase
6724,Clo1313_1545,IPR036566,UPI000038F60E,PYNP-like_C_sf
6725,Clo1313_1545,IPR013102,UPI000038F60E,PYNP_C
6726,Clo1313_1545,IPR018090,UPI000038F60E,Pyrmidine_PPas_bac/euk
6727,Clo1313_1545,IPR017872,UPI000038F60E,Pyrmidine_PPase_CS
6728,Clo1313_1545,IPR000053,UPI000038F60E,Thymidine/pyrmidine_PPase
6729,Clo1313_1545,,UPI000038F60E,
6730,Clo1313_1546,IPR017850,UPI000038F60F,Alkaline_phosphatase_core_sf
6731,Clo1313_1546,IPR010045,UPI000038F60F,DeoB
6732,Clo1313_1546,IPR006124,UPI000038F60F,Metalloenzyme
6733,Clo1313_1546,IPR024052,UPI000038F60F,Phosphopentomutase_DeoB_cap_sf
6734,Clo1313_1546,,UPI000038F60F,
6735,Clo1313_1547,IPR044068,UPI00017E1F8F,CB
6736,Clo1313_1547,IPR011010,UPI00017E1F8F,DNA_brk_join_enz
6737,Clo1313_1547,IPR013762,UPI00017E1F8F,Integrase-like_cat_sf
6738,Clo1313_1547,IPR002104,UPI00017E1F8F,Integrase_catalytic
6739,Clo1313_1547,IPR010998,UPI00017E1F8F,Integrase_recombinase_N
6740,Clo1313_1547,IPR004107,UPI00017E1F8F,Integrase_SAM-like_N
6741,Clo1313_1547,IPR011932,UPI00017E1F8F,Recomb_XerD
6742,Clo1313_1547,IPR023009,UPI00017E1F8F,Tyrosine_recombinase_XerC/XerD
6743,Clo1313_1547,IPR050090,UPI00017E1F8F,Tyrosine_recombinase_XerCD
6744,Clo1313_1547,,UPI00017E1F8F,
6745,Clo1313_1548,IPR014196,UPI00017E1F8E,SpoIIM
6746,Clo1313_1548,IPR002798,UPI00017E1F8E,SpoIIM-like
6747,Clo1313_1548,,UPI00017E1F8E,
6748,Clo1313_1549,IPR020476,UPI000038F612,Nudix_hydrolase
6749,Clo1313_1549,IPR015797,UPI000038F612,NUDIX_hydrolase-like_dom_sf
6750,Clo1313_1549,IPR020084,UPI000038F612,NUDIX_hydrolase_CS
6751,Clo1313_1549,IPR000086,UPI000038F612,NUDIX_hydrolase_dom
6752,Clo1313_1549,,UPI000038F612,
6753,Clo1313_1550,IPR050092,UPI000038F613,RNase_H
6754,Clo1313_1550,IPR012337,UPI000038F613,RNaseH-like_sf
6755,Clo1313_1550,IPR002156,UPI000038F613,RNaseH_domain
6756,Clo1313_1550,IPR036397,UPI000038F613,RNaseH_sf
6757,Clo1313_1550,IPR022892,UPI000038F613,RNaseHI
6758,Clo1313_1550,,UPI000038F613,
6759,Clo1313_1551,IPR008927,UPI000038F614,6-PGluconate_DH-like_C_sf
6760,Clo1313_1551,IPR036291,UPI000038F614,NAD(P)-bd_dom_sf
6761,Clo1313_1551,IPR028939,UPI000038F614,P5C_Rdtase_cat_N
6762,Clo1313_1551,IPR053790,UPI000038F614,P5CR-like_CS
6763,Clo1313_1551,IPR029036,UPI000038F614,P5CR_dimer
6764,Clo1313_1551,IPR000304,UPI000038F614,Pyrroline-COOH_reductase
6765,Clo1313_1551,,UPI000038F614,
6766,Clo1313_1552,IPR048147,UPI00003C8E75,CBO0543-like
6767,Clo1313_1552,,UPI00003C8E75,
6768,Clo1313_1553,IPR004761,UPI000038F616,Spore_GerAB
6769,Clo1313_1553,,UPI000038F616,
6770,Clo1313_1555,IPR057336,UPI000038F617,GerAC_N
6771,Clo1313_1555,IPR008844,UPI000038F617,Spore_GerAC-like
6772,Clo1313_1555,IPR046953,UPI000038F617,Spore_GerAC-like_C
6773,Clo1313_1555,IPR038501,UPI000038F617,Spore_GerAC_C_sf
6774,Clo1313_1555,,UPI000038F617,
6775,Clo1313_1557,IPR004995,UPI0001B1ED2E,Spore_Ger
6776,Clo1313_1557,IPR050768,UPI0001B1ED2E,UPF0353/GerABKA_families
6777,Clo1313_1557,,UPI0001B1ED2E,
6778,Clo1313_1558,IPR001107,UPI00017E1F8A,Band_7
6779,Clo1313_1558,IPR036013,UPI00017E1F8A,Band_7/SPFH_dom_sf
6780,Clo1313_1558,IPR010200,UPI00017E1F8A,HflC
6781,Clo1313_1558,,UPI00017E1F8A,
6782,Clo1313_1559,IPR050710,UPI000038F61B,Band7/mec-2_domain
6783,Clo1313_1559,IPR001107,UPI000038F61B,Band_7
6784,Clo1313_1559,IPR036013,UPI000038F61B,Band_7/SPFH_dom_sf
6785,Clo1313_1559,IPR010201,UPI000038F61B,HflK
6786,Clo1313_1559,,UPI000038F61B,
6787,Clo1313_1560,IPR010611,UPI0000537E30,3D_dom
6788,Clo1313_1560,IPR059180,UPI0000537E30,3D_YorM
6789,Clo1313_1560,IPR051933,UPI0000537E30,Resuscitation_pf_RpfB
6790,Clo1313_1560,IPR036908,UPI0000537E30,RlpA-like_sf
6791,Clo1313_1560,,UPI0000537E30,
6792,Clo1313_1561,IPR029051,UPI000038F61D,DUF4352
6793,Clo1313_1561,IPR029050,UPI000038F61D,Immunoprotect_excell_Ig-like
6794,Clo1313_1561,,UPI000038F61D,
6795,Clo1313_1563,IPR002105,UPI00017E1F89,Dockerin_1_rpt
6796,Clo1313_1563,IPR016134,UPI00017E1F89,Dockerin_dom
6797,Clo1313_1563,IPR036439,UPI00017E1F89,Dockerin_dom_sf
6798,Clo1313_1563,IPR018247,UPI00017E1F89,EF_Hand_1_Ca_BS
6799,Clo1313_1563,IPR006710,UPI00017E1F89,Glyco_hydro_43
6800,Clo1313_1563,IPR023296,UPI00017E1F89,Glyco_hydro_beta-prop_sf
6801,Clo1313_1563,IPR035992,UPI00017E1F89,Ricin_B-like_lectins
6802,Clo1313_1563,IPR000772,UPI00017E1F89,Ricin_B_lectin
6803,Clo1313_1563,,UPI00017E1F89,
6804,Clo1313_1564,IPR002105,UPI0001B1ED2D,Dockerin_1_rpt
6805,Clo1313_1564,IPR016134,UPI0001B1ED2D,Dockerin_dom
6806,Clo1313_1564,IPR036439,UPI0001B1ED2D,Dockerin_dom_sf
6807,Clo1313_1564,IPR018247,UPI0001B1ED2D,EF_Hand_1_Ca_BS
6808,Clo1313_1564,IPR005200,UPI0001B1ED2D,Endo-beta-glucanase
6809,Clo1313_1564,IPR040720,UPI0001B1ED2D,GH81_C
6810,Clo1313_1564,,UPI0001B1ED2D,
6811,Clo1313_1565,,UPI00017E1F87,
6812,Clo1313_1566,IPR027392,UPI00017E1F86,TF_Znf
6813,Clo1313_1566,,UPI00017E1F86,
6814,Clo1313_1567,,UPI000038F620,
6815,Clo1313_1568,,UPI0001B1ED2C,
6816,Clo1313_1569,IPR043129,UPI000038F621,ATPase_NBD
6817,Clo1313_1569,IPR050696,UPI000038F621,FtsA/MreB
6818,Clo1313_1569,IPR005883,UPI000038F621,PilM
6819,Clo1313_1569,IPR003494,UPI000038F621,SHS2_FtsA
6820,Clo1313_1569,,UPI000038F621,
6821,Clo1313_1570,IPR000192,UPI00017E1E07,Aminotrans_V_dom
6822,Clo1313_1570,IPR010969,UPI00017E1E07,Cys_dSase-rel_unknwn_funct
6823,Clo1313_1570,IPR010970,UPI00017E1E07,Cys_dSase_SufS
6824,Clo1313_1570,IPR016454,UPI00017E1E07,Cysteine_dSase
6825,Clo1313_1570,IPR015424,UPI00017E1E07,PyrdxlP-dep_Trfase
6826,Clo1313_1570,IPR015421,UPI00017E1E07,PyrdxlP-dep_Trfase_major
6827,Clo1313_1570,IPR015422,UPI00017E1E07,PyrdxlP-dep_Trfase_small
6828,Clo1313_1570,,UPI00017E1E07,
6829,Clo1313_1571,IPR013785,UPI00003C8F4B,Aldolase_TIM
6830,Clo1313_1571,IPR010722,UPI00003C8F4B,BATS_dom
6831,Clo1313_1571,IPR006638,UPI00003C8F4B,Elp3/MiaA/NifB-like_rSAM
6832,Clo1313_1571,IPR024007,UPI00003C8F4B,FeFe-hyd_mat_HydG
6833,Clo1313_1571,IPR007197,UPI00003C8F4B,rSAM
6834,Clo1313_1571,IPR058240,UPI00003C8F4B,rSAM_sf
6835,Clo1313_1571,IPR012726,UPI00003C8F4B,ThiH
6836,Clo1313_1571,IPR034428,UPI00003C8F4B,ThiH/NoCL/HydG-like
6837,Clo1313_1571,,UPI00003C8F4B,
6838,Clo1313_1572,IPR027271,UPI000038F624,Acetolactate_synth/TF_NikR_C
6839,Clo1313_1572,IPR045865,UPI000038F624,ACT-like_dom_sf
6840,Clo1313_1572,IPR023860,UPI000038F624,FeFe-hyd_TM1266
6841,Clo1313_1572,,UPI000038F624,
6842,Clo1313_1573,IPR004370,UPI000038F625,4-OT-like_dom
6843,Clo1313_1573,IPR014347,UPI000038F625,Tautomerase/MIF_sf
6844,Clo1313_1573,IPR017284,UPI000038F625,Tautomerase_PptA
6845,Clo1313_1573,,UPI000038F625,
6846,Clo1313_1574,IPR025588,UPI0001B1ED08,YcxB-like_C
6847,Clo1313_1574,,UPI0001B1ED08,
6848,Clo1313_1575,,UPI0001B1ED07,
6849,Clo1313_1577,,UPI000038F628,
6850,Clo1313_1578,IPR045462,UPI00003C8F4E,aa-tRNA-synth_I_cd-bd
6851,Clo1313_1578,IPR020751,UPI00003C8F4E,aa-tRNA-synth_I_codon-bd_sub2
6852,Clo1313_1578,IPR001412,UPI00003C8F4E,aa-tRNA-synth_I_CS
6853,Clo1313_1578,IPR008925,UPI00003C8F4E,aa_tRNA-synth_I_cd-bd_sf
6854,Clo1313_1578,IPR004527,UPI00003C8F4E,Glu-tRNA-ligase_bac/mito
6855,Clo1313_1578,IPR000924,UPI00003C8F4E,Glu/Gln-tRNA-synth
6856,Clo1313_1578,IPR020058,UPI00003C8F4E,Glu/Gln-tRNA-synth_Ib_cat-dom
6857,Clo1313_1578,IPR049940,UPI00003C8F4E,GluQ/Sye
6858,Clo1313_1578,IPR014729,UPI00003C8F4E,Rossmann-like_a/b/a_fold
6859,Clo1313_1578,,UPI00003C8F4E,
6860,Clo1313_1579,IPR013785,UPI000038F62A,Aldolase_TIM
6861,Clo1313_1579,IPR012840,UPI000038F62A,NrdG2
6862,Clo1313_1579,IPR034457,UPI000038F62A,Organic_radical-activating
6863,Clo1313_1579,IPR007197,UPI000038F62A,rSAM
6864,Clo1313_1579,IPR058240,UPI000038F62A,rSAM_sf
6865,Clo1313_1579,,UPI000038F62A,
6866,Clo1313_1580,IPR005144,UPI0000F218A2,ATP-cone_dom
6867,Clo1313_1580,IPR012833,UPI0000F218A2,NrdD
6868,Clo1313_1580,,UPI0000F218A2,
6869,Clo1313_1581,IPR003759,UPI00003C8F51,Cbl-bd_cap
6870,Clo1313_1581,IPR006158,UPI00003C8F51,Cobalamin-bd
6871,Clo1313_1581,IPR036724,UPI00003C8F51,Cobalamin-bd_sf
6872,Clo1313_1581,IPR011005,UPI00003C8F51,Dihydropteroate_synth-like_sf
6873,Clo1313_1581,IPR003726,UPI00003C8F51,HCY_dom
6874,Clo1313_1581,IPR036589,UPI00003C8F51,HCY_dom_sf
6875,Clo1313_1581,IPR050554,UPI00003C8F51,Met_Synthase/Corrinoid
6876,Clo1313_1581,IPR017215,UPI00003C8F51,MetH_bac
6877,Clo1313_1581,IPR036594,UPI00003C8F51,Meth_synthase_dom
6878,Clo1313_1581,IPR000489,UPI00003C8F51,Pterin-binding_dom
6879,Clo1313_1581,,UPI00003C8F51,
6880,Clo1313_1582,IPR017342,UPI000038F62D,S-AdoMet-dep_Met_synth_prd
6881,Clo1313_1582,IPR037010,UPI000038F62D,VitB12-dep_Met_synth_activ_sf
6882,Clo1313_1582,,UPI000038F62D,
6883,Clo1313_1583,IPR038728,UPI000038F62E,YkvI-like
6884,Clo1313_1583,,UPI000038F62E,
6885,Clo1313_1584,IPR012347,UPI0000537F64,Ferritin-like
6886,Clo1313_1584,,UPI0000537F64,
6887,Clo1313_1585,IPR012347,UPI000038F62F,Ferritin-like
6888,Clo1313_1585,IPR012851,UPI000038F62F,Spore_coat_CotF-like
6889,Clo1313_1585,,UPI000038F62F,
6890,Clo1313_1586,,UPI000038F630,
6891,Clo1313_1587,IPR002105,UPI000038F631,Dockerin_1_rpt
6892,Clo1313_1587,IPR016134,UPI000038F631,Dockerin_dom
6893,Clo1313_1587,IPR036439,UPI000038F631,Dockerin_dom_sf
6894,Clo1313_1587,IPR018247,UPI000038F631,EF_Hand_1_Ca_BS
6895,Clo1313_1587,IPR012334,UPI000038F631,Pectin_lyas_fold
6896,Clo1313_1587,IPR011050,UPI000038F631,Pectin_lyase_fold/virulence
6897,Clo1313_1587,IPR024535,UPI000038F631,RHGA/B-epi-like_pectate_lyase
6898,Clo1313_1587,,UPI000038F631,
6899,Clo1313_1588,IPR032640,UPI000038F632,AMPK1_CBM
6900,Clo1313_1588,IPR013783,UPI000038F632,Ig-like_fold
6901,Clo1313_1588,IPR014756,UPI000038F632,Ig_E-set
6902,Clo1313_1588,,UPI000038F632,
6903,Clo1313_1589,IPR003593,UPI00003C8F54,AAA+_ATPase
6904,Clo1313_1589,IPR000253,UPI00003C8F54,FHA_dom
6905,Clo1313_1589,IPR023839,UPI00003C8F54,Firmicutes_EssC_C
6906,Clo1313_1589,IPR050206,UPI00003C8F54,FtsK/SpoIIIE/SftA
6907,Clo1313_1589,IPR002543,UPI00003C8F54,FtsK_dom
6908,Clo1313_1589,IPR027417,UPI00003C8F54,P-loop_NTPase
6909,Clo1313_1589,IPR008984,UPI00003C8F54,SMAD_FHA_dom_sf
6910,Clo1313_1589,,UPI00003C8F54,
6911,Clo1313_1590,IPR036689,UPI0000F2189E,ESAT-6-like_sf
6912,Clo1313_1590,IPR010310,UPI0000F2189E,T7SS_ESAT-6-like
6913,Clo1313_1590,,UPI0000F2189E,
6914,Clo1313_1591,IPR000626,UPI00003C8CA0,Ubiquitin-like_dom
6915,Clo1313_1591,IPR029071,UPI00003C8CA0,Ubiquitin-like_domsf
6916,Clo1313_1591,IPR024962,UPI00003C8CA0,YukD-like
6917,Clo1313_1591,,UPI00003C8CA0,
6918,Clo1313_1592,IPR015655,UPI0001B1ED04,PP2C
6919,Clo1313_1592,IPR036457,UPI0001B1ED04,PPM-type-like_dom_sf
6920,Clo1313_1592,IPR001932,UPI0001B1ED04,PPM-type_phosphatase-like_dom
6921,Clo1313_1592,,UPI0001B1ED04,
6922,Clo1313_1593,IPR011042,UPI00003C8CA2,6-blade_b-propeller_TolB-like
6923,Clo1313_1593,IPR045269,UPI00003C8CA2,Atg1-like
6924,Clo1313_1593,IPR011009,UPI00003C8CA2,Kinase-like_dom_sf
6925,Clo1313_1593,IPR032485,UPI00003C8CA2,LRP1-like_beta_prop
6926,Clo1313_1593,IPR000719,UPI00003C8CA2,Prot_kinase_dom
6927,Clo1313_1593,IPR017441,UPI00003C8CA2,Protein_kinase_ATP_BS
6928,Clo1313_1593,IPR008271,UPI00003C8CA2,Ser/Thr_kinase_AS
6929,Clo1313_1593,,UPI00003C8CA2,
6930,Clo1313_1594,,UPI000038F634,
6931,Clo1313_1595,,UPI000038F635,
6932,Clo1313_1596,,UPI000038F636,
6933,Clo1313_1597,,UPI000038F637,
6934,Clo1313_1598,,UPI000038F638,
6935,Clo1313_1599,IPR027417,UPI000038F639,P-loop_NTPase
6936,Clo1313_1599,IPR001482,UPI000038F639,T2SS/T4SS_dom
6937,Clo1313_1599,IPR050921,UPI000038F639,
6938,Clo1313_1599,,UPI000038F639,
6939,Clo1313_1600,IPR027417,UPI000038F63A,P-loop_NTPase
6940,Clo1313_1600,,UPI000038F63A,
6941,Clo1313_1601,IPR013974,UPI000038F63B,SAF
6942,Clo1313_1601,,UPI000038F63B,
6943,Clo1313_1602,IPR027417,UPI00003C8CA4,P-loop_NTPase
6944,Clo1313_1602,,UPI00003C8CA4,
6945,Clo1313_1603,IPR008928,UPI00000B933D,6-hairpin_glycosidase_sf
6946,Clo1313_1603,IPR012341,UPI00000B933D,6hp_glycosidase-like_sf
6947,Clo1313_1603,IPR008965,UPI00000B933D,CBM2/CBM3_carb-bd_dom_sf
6948,Clo1313_1603,IPR001956,UPI00000B933D,CBM3
6949,Clo1313_1603,IPR036966,UPI00000B933D,CBM3_sf
6950,Clo1313_1603,IPR002105,UPI00000B933D,Dockerin_1_rpt
6951,Clo1313_1603,IPR016134,UPI00000B933D,Dockerin_dom
6952,Clo1313_1603,IPR036439,UPI00000B933D,Dockerin_dom_sf
6953,Clo1313_1603,IPR018247,UPI00000B933D,EF_Hand_1_Ca_BS
6954,Clo1313_1603,IPR001701,UPI00000B933D,Glyco_hydro_9
6955,Clo1313_1603,IPR033126,UPI00000B933D,Glyco_hydro_9_Asp/Glu_AS
6956,Clo1313_1603,IPR018221,UPI00000B933D,Glyco_hydro_9_His_AS
6957,Clo1313_1603,,UPI00000B933D,
6958,Clo1313_1604,IPR008928,UPI000038F63D,6-hairpin_glycosidase_sf
6959,Clo1313_1604,IPR012341,UPI000038F63D,6hp_glycosidase-like_sf
6960,Clo1313_1604,IPR048758,UPI000038F63D,CBM30
6961,Clo1313_1604,IPR004197,UPI000038F63D,Cellulase_Ig-like
6962,Clo1313_1604,IPR002105,UPI000038F63D,Dockerin_1_rpt
6963,Clo1313_1604,IPR016134,UPI000038F63D,Dockerin_dom
6964,Clo1313_1604,IPR036439,UPI000038F63D,Dockerin_dom_sf
6965,Clo1313_1604,IPR008979,UPI000038F63D,Galactose-bd-like_sf
6966,Clo1313_1604,IPR017853,UPI000038F63D,GH_hydrolase_sf
6967,Clo1313_1604,IPR024745,UPI000038F63D,GH44_cat
6968,Clo1313_1604,IPR001701,UPI000038F63D,Glyco_hydro_9
6969,Clo1313_1604,IPR013780,UPI000038F63D,Glyco_hydro_b
6970,Clo1313_1604,IPR013783,UPI000038F63D,Ig-like_fold
6971,Clo1313_1604,IPR014756,UPI000038F63D,Ig_E-set
6972,Clo1313_1604,IPR022409,UPI000038F63D,PKD/Chitinase_dom
6973,Clo1313_1604,IPR000601,UPI000038F63D,PKD_dom
6974,Clo1313_1604,IPR035986,UPI000038F63D,PKD_dom_sf
6975,Clo1313_1604,,UPI000038F63D,
6976,Clo1313_1605,IPR037187,UPI000038F63E,DnaK_N
6977,Clo1313_1605,IPR014240,UPI000038F63E,YteA
6978,Clo1313_1605,IPR000962,UPI000038F63E,Znf_DskA_TraR
6979,Clo1313_1605,IPR020458,UPI000038F63E,Znf_DskA_TraR_CS
6980,Clo1313_1605,,UPI000038F63E,
6981,Clo1313_1606,IPR010044,UPI000038F63F,MTAP
6982,Clo1313_1606,IPR000845,UPI000038F63F,Nucleoside_phosphorylase_d
6983,Clo1313_1606,IPR035994,UPI000038F63F,Nucleoside_phosphorylase_sf
6984,Clo1313_1606,IPR018099,UPI000038F63F,Purine_phosphorylase-2_CS
6985,Clo1313_1606,,UPI000038F63F,
6986,Clo1313_1607,IPR000649,UPI000038F640,IF-2B-related
6987,Clo1313_1607,IPR005251,UPI000038F640,IF-M1Pi
6988,Clo1313_1607,IPR042529,UPI000038F640,IF_2B-like_C
6989,Clo1313_1607,IPR011559,UPI000038F640,Initiation_fac_2B_a/b/d
6990,Clo1313_1607,IPR027363,UPI000038F640,M1Pi_N
6991,Clo1313_1607,IPR037171,UPI000038F640,NagB/RpiA_transferase-like
6992,Clo1313_1607,,UPI000038F640,
6993,Clo1313_1608,IPR050536,UPI00005343AD,MntR_IdeR_Metal-Reg
6994,Clo1313_1608,IPR001367,UPI00005343AD,Fe_dep_repressor
6995,Clo1313_1608,IPR036421,UPI00005343AD,Fe_dep_repressor_sf
6996,Clo1313_1608,IPR022687,UPI00005343AD,HTH_DTXR
6997,Clo1313_1608,IPR022689,UPI00005343AD,Iron_dep_repressor
6998,Clo1313_1608,IPR036388,UPI00005343AD,WH-like_DNA-bd_sf
6999,Clo1313_1608,IPR036390,UPI00005343AD,WH_DNA-bd_sf
7000,Clo1313_1608,,UPI00005343AD,
7001,Clo1313_1609,IPR007167,UPI000038F642,Fe-transptr_FeoA-like
7002,Clo1313_1609,IPR052713,UPI000038F642,FeoA
7003,Clo1313_1609,IPR038157,UPI000038F642,FeoA_core_dom
7004,Clo1313_1609,IPR008988,UPI000038F642,Transcriptional_repressor_C
7005,Clo1313_1609,,UPI000038F642,
7006,Clo1313_1611,,UPI00017E66CD,
7007,Clo1313_1612,IPR003593,UPI000038F645,AAA+_ATPase
7008,Clo1313_1612,IPR032423,UPI000038F645,AAA_assoc_2
7009,Clo1313_1612,IPR051314,UPI000038F645,AAA_ATPase_RarA/MGS1/WRNIP1
7010,Clo1313_1612,IPR003959,UPI000038F645,ATPase_AAA_core
7011,Clo1313_1612,IPR008921,UPI000038F645,DNA_pol3_clamp-load_cplx_C
7012,Clo1313_1612,IPR021886,UPI000038F645,MgsA_C
7013,Clo1313_1612,IPR027417,UPI000038F645,P-loop_NTPase
7014,Clo1313_1612,,UPI000038F645,
7015,Clo1313_1613,IPR045865,UPI000038F646,ACT-like_dom_sf
7016,Clo1313_1613,IPR002912,UPI000038F646,ACT_dom
7017,Clo1313_1613,IPR045739,UPI000038F646,ACT_dom_pair
7018,Clo1313_1613,,UPI000038F646,
7019,Clo1313_1614,IPR051414,UPI0001B1F070,
7020,Clo1313_1614,IPR045851,UPI0001B1F070,AMP-b_sf
7021,Clo1313_1614,IPR028154,UPI0001B1F070,AMP-dep_Lig_C
7022,Clo1313_1614,IPR000873,UPI0001B1F070,AMP-dep_synth/lig_dom
7023,Clo1313_1614,IPR042099,UPI0001B1F070,ANL_N_sf
7024,Clo1313_1614,IPR011880,UPI0001B1F070,PA_CoA_ligase
7025,Clo1313_1614,,UPI0001B1F070,
7026,Clo1313_1615,IPR017719,UPI000038F648,Indolepyruvate_Fd_OxRdtase_bsu
7027,Clo1313_1615,IPR052198,UPI000038F648,IorB_oxidoreductase
7028,Clo1313_1615,IPR019752,UPI000038F648,Pyrv/ketoisovalerate_OxRed_cat
7029,Clo1313_1615,IPR002869,UPI000038F648,Pyrv_flavodox_OxRed_cen
7030,Clo1313_1615,,UPI000038F648,
7031,Clo1313_1616,IPR017896,UPI0001F32902,4Fe4S_Fe-S-bd
7032,Clo1313_1616,IPR045025,UPI0001F32902,HACL1-like
7033,Clo1313_1616,IPR017721,UPI0001F32902,IorA
7034,Clo1313_1616,IPR002880,UPI0001F32902,Pyrv_Fd/Flavodoxin_OxRdtase_N
7035,Clo1313_1616,IPR029061,UPI0001F32902,THDP-binding
7036,Clo1313_1616,IPR011766,UPI0001F32902,TPP_enzyme_TPP-bd
7037,Clo1313_1616,IPR009014,UPI0001F32902,Transketo_C/PFOR_II
7038,Clo1313_1616,,UPI0001F32902,
7039,Clo1313_1617,IPR038377,UPI0001B1F06E,Na/Glc_symporter_sf
7040,Clo1313_1617,IPR001734,UPI0001B1F06E,Na/solute_symporter
7041,Clo1313_1617,IPR050277,UPI0001B1F06E,Sodium:Solute_Symporter
7042,Clo1313_1617,,UPI0001B1F06E,
7043,Clo1313_1618,IPR022712,UPI00017E1C89,Beta_Casp
7044,Clo1313_1618,IPR050698,UPI00017E1C89,MBL
7045,Clo1313_1618,IPR001279,UPI00017E1C89,Metallo-B-lactamas
7046,Clo1313_1618,IPR036866,UPI00017E1C89,RibonucZ/Hydroxyglut_hydro
7047,Clo1313_1618,IPR011108,UPI00017E1C89,RMMBL
7048,Clo1313_1618,,UPI00017E1C89,
7049,Clo1313_1619,IPR001917,UPI0001B1F06D,Aminotrans_II_pyridoxalP_BS
7050,Clo1313_1619,IPR004839,UPI0001B1F06D,Aminotransferase_I/II_large
7051,Clo1313_1619,IPR005861,UPI0001B1F06D,HisP_aminotrans
7052,Clo1313_1619,IPR050106,UPI0001B1F06D,HistidinolP_aminotransfase
7053,Clo1313_1619,IPR015424,UPI0001B1F06D,PyrdxlP-dep_Trfase
7054,Clo1313_1619,IPR015421,UPI0001B1F06D,PyrdxlP-dep_Trfase_major
7055,Clo1313_1619,IPR015422,UPI0001B1F06D,PyrdxlP-dep_Trfase_small
7056,Clo1313_1619,,UPI0001B1F06D,
7057,Clo1313_1620,IPR008007,UPI0000531F06,Peptidase_M42
7058,Clo1313_1620,IPR051464,UPI0000531F06,Peptidase_M42_aminopept
7059,Clo1313_1620,IPR023367,UPI0000531F06,Peptidase_M42_dom2
7060,Clo1313_1620,,UPI0000531F06,
7061,Clo1313_1621,IPR008007,UPI000038F64D,Peptidase_M42
7062,Clo1313_1621,IPR051464,UPI000038F64D,Peptidase_M42_aminopept
7063,Clo1313_1621,IPR023367,UPI000038F64D,Peptidase_M42_dom2
7064,Clo1313_1621,,UPI000038F64D,
7065,Clo1313_1622,IPR008007,UPI0001B1F06C,Peptidase_M42
7066,Clo1313_1622,IPR051464,UPI0001B1F06C,Peptidase_M42_aminopept
7067,Clo1313_1622,IPR023367,UPI0001B1F06C,Peptidase_M42_dom2
7068,Clo1313_1622,,UPI0001B1F06C,
7069,Clo1313_1623,IPR035681,UPI0001F32903,ComA-like_MBL
7070,Clo1313_1623,IPR004477,UPI0001F32903,ComEC_N
7071,Clo1313_1623,IPR004797,UPI0001F32903,Competence_ComEC/Rec2
7072,Clo1313_1623,IPR052159,UPI0001F32903,Competence_DNA_uptake
7073,Clo1313_1623,IPR025405,UPI0001F32903,DUF4131
7074,Clo1313_1623,IPR001279,UPI0001F32903,Metallo-B-lactamas
7075,Clo1313_1623,IPR036866,UPI0001F32903,RibonucZ/Hydroxyglut_hydro
7076,Clo1313_1623,,UPI0001F32903,
7077,Clo1313_1624,IPR000064,UPI0001B1F06B,NLP_P60_dom
7078,Clo1313_1624,IPR038765,UPI0001B1F06B,Papain-like_cys_pep_sf
7079,Clo1313_1624,IPR051202,UPI0001B1F06B,Peptidase_C40
7080,Clo1313_1624,IPR003646,UPI0001B1F06B,SH3-like_bac-type
7081,Clo1313_1624,IPR036028,UPI0001B1F06B,SH3-like_dom_sf
7082,Clo1313_1624,,UPI0001B1F06B,
7083,Clo1313_1625,,UPI0000533519,
7084,Clo1313_1626,IPR016181,UPI000038FB79,Acyl_CoA_acyltransferase
7085,Clo1313_1626,IPR000182,UPI000038FB79,GNAT_dom
7086,Clo1313_1626,,UPI000038FB79,
7087,Clo1313_1627,IPR037509,UPI000038FB7A,ThiC
7088,Clo1313_1627,IPR038521,UPI000038FB7A,ThiC/Bza_core_dom
7089,Clo1313_1627,IPR002817,UPI000038FB7A,ThiC/BzaA/B
7090,Clo1313_1627,,UPI000038FB7A,
7091,Clo1313_1628,IPR013785,UPI00003C8CAE,Aldolase_TIM
7092,Clo1313_1628,IPR036206,UPI00003C8CAE,ThiamineP_synth_sf
7093,Clo1313_1628,IPR022998,UPI00003C8CAE,ThiamineP_synth_TenI
7094,Clo1313_1628,IPR041397,UPI00003C8CAE,ThiD2
7095,Clo1313_1628,IPR034291,UPI00003C8CAE,TMP_synthase
7096,Clo1313_1628,IPR016229,UPI00003C8CAE,TMP_synthase_cyanobac_bac
7097,Clo1313_1628,,UPI00003C8CAE,
7098,Clo1313_1629,IPR045886,UPI000038FB7C,ThiF/MoeB/HesA
7099,Clo1313_1629,IPR012729,UPI000038FB7C,ThiF_fam2
7100,Clo1313_1629,IPR000594,UPI000038FB7C,ThiF_NAD_FAD-bd
7101,Clo1313_1629,IPR035985,UPI000038FB7C,Ubiquitin-activating_enz
7102,Clo1313_1629,,UPI000038FB7C,
7103,Clo1313_1630,IPR013785,UPI000038FB7D,Aldolase_TIM
7104,Clo1313_1630,IPR010722,UPI000038FB7D,BATS_dom
7105,Clo1313_1630,IPR007197,UPI000038FB7D,rSAM
7106,Clo1313_1630,IPR058240,UPI000038FB7D,rSAM_sf
7107,Clo1313_1630,IPR012726,UPI000038FB7D,ThiH
7108,Clo1313_1630,IPR034428,UPI000038FB7D,ThiH/NoCL/HydG-like
7109,Clo1313_1630,,UPI000038FB7D,
7110,Clo1313_1631,IPR013785,UPI000038FB7E,Aldolase_TIM
7111,Clo1313_1631,IPR033983,UPI000038FB7E,Thiazole_synthase_ThiG
7112,Clo1313_1631,IPR008867,UPI000038FB7E,ThiG
7113,Clo1313_1631,,UPI000038FB7E,
7114,Clo1313_1632,IPR012675,UPI000038FB7F,Beta-grasp_dom_sf
7115,Clo1313_1632,IPR016155,UPI000038FB7F,Mopterin_synth/thiamin_S_b
7116,Clo1313_1632,IPR010035,UPI000038FB7F,Thi_S
7117,Clo1313_1632,IPR003749,UPI000038FB7F,ThiS/MoaD-like
7118,Clo1313_1632,,UPI000038FB7F,
7119,Clo1313_1633,IPR030393,UPI00003C8CAF,G_ENGB_dom
7120,Clo1313_1633,IPR006073,UPI00003C8CAF,GTP-bd
7121,Clo1313_1633,IPR019987,UPI00003C8CAF,GTP-bd_ribosome_bio_YsxC
7122,Clo1313_1633,IPR027417,UPI00003C8CAF,P-loop_NTPase
7123,Clo1313_1633,,UPI00003C8CAF,
7124,Clo1313_1634,IPR029035,UPI000038FB81,DHS-like_NAD/FAD-binding_dom
7125,Clo1313_1634,,UPI000038FB81,
7126,Clo1313_1635,,UPI00017E1B19,
7127,Clo1313_1636,,UPI000038FB83,
7128,Clo1313_1637,IPR012854,UPI00017E1B18,Cu_amine_oxidase-like_N
7129,Clo1313_1637,IPR036582,UPI00017E1B18,Mao_N_sf
7130,Clo1313_1637,,UPI00017E1B18,
7131,Clo1313_1638,IPR041698,UPI00003C8D3A,Methyltransf_25
7132,Clo1313_1638,IPR029063,UPI00003C8D3A,SAM-dependent_MTases_sf
7133,Clo1313_1638,,UPI00003C8D3A,
7134,Clo1313_1642,IPR016137,UPI0001B1EF2D,RGS
7135,Clo1313_1642,,UPI0001B1EF2D,
7136,Clo1313_1643,IPR038109,UPI0001B1EF2C,DNA_bind_recomb_sf
7137,Clo1313_1643,IPR011109,UPI0001B1EF2C,DNA_bind_recombinase_dom
7138,Clo1313_1643,IPR006119,UPI0001B1EF2C,Resolv_N
7139,Clo1313_1643,IPR036162,UPI0001B1EF2C,Resolvase-like_N_sf
7140,Clo1313_1643,IPR050639,UPI0001B1EF2C,SSR_resolvase
7141,Clo1313_1643,IPR025827,UPI0001B1EF2C,Zn_ribbon_recom_dom
7142,Clo1313_1643,,UPI0001B1EF2C,
7143,Clo1313_1644,,UPI0001B1EF2B,
7144,Clo1313_1645,IPR052511,UPI0001B1EF2A,ATP-dep_Helicase
7145,Clo1313_1645,IPR011545,UPI0001B1EF2A,DEAD/DEAH_box_helicase_dom
7146,Clo1313_1645,IPR014001,UPI0001B1EF2A,Helicase_ATP-bd
7147,Clo1313_1645,IPR001650,UPI0001B1EF2A,Helicase_C-like
7148,Clo1313_1645,IPR045628,UPI0001B1EF2A,Lhr_WH_dom
7149,Clo1313_1645,IPR027417,UPI0001B1EF2A,P-loop_NTPase
7150,Clo1313_1645,,UPI0001B1EF2A,
7151,Clo1313_1647,IPR028932,UPI0001B1EF03,TerB-C
7152,Clo1313_1647,IPR025266,UPI0001B1EF03,TerB_N
7153,Clo1313_1647,IPR007829,UPI0001B1EF03,TM2
7154,Clo1313_1647,,UPI0001B1EF03,
7155,Clo1313_1648,IPR006118,UPI0001B1EF02,Recombinase_CS
7156,Clo1313_1648,IPR006119,UPI0001B1EF02,Resolv_N
7157,Clo1313_1648,IPR036162,UPI0001B1EF02,Resolvase-like_N_sf
7158,Clo1313_1648,IPR050639,UPI0001B1EF02,SSR_resolvase
7159,Clo1313_1648,,UPI0001B1EF02,
7160,Clo1313_1649,,UPI0001B1EF01,
7161,Clo1313_1652,IPR036388,UPI0001F3292F,WH-like_DNA-bd_sf
7162,Clo1313_1652,IPR036390,UPI0001F3292F,WH_DNA-bd_sf
7163,Clo1313_1652,,UPI0001F3292F,
7164,Clo1313_1653,IPR007546,UPI00003C8C36,DUF503
7165,Clo1313_1653,IPR036746,UPI00003C8C36,TT1725-like_sf
7166,Clo1313_1653,,UPI00003C8C36,
7167,Clo1313_1654,IPR052016,UPI000038FB75,Bact_Sigma-Reg
7168,Clo1313_1654,IPR011006,UPI000038FB75,CheY-like_superfamily
7169,Clo1313_1654,IPR036457,UPI000038FB75,PPM-type-like_dom_sf
7170,Clo1313_1654,IPR001932,UPI000038FB75,PPM-type_phosphatase-like_dom
7171,Clo1313_1654,IPR001789,UPI000038FB75,Sig_transdc_resp-reg_receiver
7172,Clo1313_1654,,UPI000038FB75,
7173,Clo1313_1655,IPR029016,UPI00017E1B0E,GAF-like_dom_sf
7174,Clo1313_1655,IPR036890,UPI00017E1B0E,HATPase_C_sf
7175,Clo1313_1655,IPR003594,UPI00017E1B0E,HATPase_dom
7176,Clo1313_1655,IPR005467,UPI00017E1B0E,His_kinase_dom
7177,Clo1313_1655,IPR003661,UPI00017E1B0E,HisK_dim/P_dom
7178,Clo1313_1655,IPR036097,UPI00017E1B0E,HisK_dim/P_sf
7179,Clo1313_1655,IPR000014,UPI00017E1B0E,PAS
7180,Clo1313_1655,IPR000700,UPI00017E1B0E,PAS-assoc_C
7181,Clo1313_1655,IPR035965,UPI00017E1B0E,PAS-like_dom_sf
7182,Clo1313_1655,IPR004358,UPI00017E1B0E,Sig_transdc_His_kin-like_C
7183,Clo1313_1655,,UPI00017E1B0E,
7184,Clo1313_1656,IPR008532,UPI00003C8C35,NFACT_RNA-bd
7185,Clo1313_1656,IPR010979,UPI00003C8C35,Ribosomal_uS13-like_H2TH
7186,Clo1313_1656,IPR051608,UPI00003C8C35,RQC_Subunit_NEMF
7187,Clo1313_1656,IPR043682,UPI00003C8C35,RqcH_bacterial
7188,Clo1313_1656,,UPI00003C8C35,
7189,Clo1313_1657,IPR004839,UPI00017E197D,Aminotransferase_I/II_large
7190,Clo1313_1657,IPR004838,UPI00017E197D,NHTrfase_class1_PyrdxlP-BS
7191,Clo1313_1657,IPR015424,UPI00017E197D,PyrdxlP-dep_Trfase
7192,Clo1313_1657,IPR015421,UPI00017E197D,PyrdxlP-dep_Trfase_major
7193,Clo1313_1657,IPR015422,UPI00017E197D,PyrdxlP-dep_Trfase_small
7194,Clo1313_1657,,UPI00017E197D,
7195,Clo1313_1658,IPR029479,UPI00003C8C33,Nitroreductase
7196,Clo1313_1658,IPR000415,UPI00003C8C33,Nitroreductase-like
7197,Clo1313_1658,,UPI00003C8C33,
7198,Clo1313_1659,IPR008928,UPI0001B1ED66,6-hairpin_glycosidase_sf
7199,Clo1313_1659,IPR012341,UPI0001B1ED66,6hp_glycosidase-like_sf
7200,Clo1313_1659,IPR008965,UPI0001B1ED66,CBM2/CBM3_carb-bd_dom_sf
7201,Clo1313_1659,IPR001956,UPI0001B1ED66,CBM3
7202,Clo1313_1659,IPR036966,UPI0001B1ED66,CBM3_sf
7203,Clo1313_1659,IPR002105,UPI0001B1ED66,Dockerin_1_rpt
7204,Clo1313_1659,IPR016134,UPI0001B1ED66,Dockerin_dom
7205,Clo1313_1659,IPR036439,UPI0001B1ED66,Dockerin_dom_sf
7206,Clo1313_1659,IPR018247,UPI0001B1ED66,EF_Hand_1_Ca_BS
7207,Clo1313_1659,IPR001701,UPI0001B1ED66,Glyco_hydro_9
7208,Clo1313_1659,IPR033126,UPI0001B1ED66,Glyco_hydro_9_Asp/Glu_AS
7209,Clo1313_1659,IPR018221,UPI0001B1ED66,Glyco_hydro_9_His_AS
7210,Clo1313_1659,,UPI0001B1ED66,
7211,Clo1313_1660,IPR006282,UPI0001B1ED65,Thi_PPkinase
7212,Clo1313_1660,IPR007373,UPI0001B1ED65,Thiamin_PyroPKinase_B1-bd
7213,Clo1313_1660,IPR053149,UPI0001B1ED65,TPK
7214,Clo1313_1660,IPR036371,UPI0001B1ED65,TPK_B1-bd_sf
7215,Clo1313_1660,IPR007371,UPI0001B1ED65,TPK_catalytic
7216,Clo1313_1660,IPR036759,UPI0001B1ED65,TPK_catalytic_sf
7217,Clo1313_1660,,UPI0001B1ED65,
7218,Clo1313_1661,IPR013785,UPI00003C8C30,Aldolase_TIM
7219,Clo1313_1661,IPR026019,UPI00003C8C30,Ribul_P_3_epim
7220,Clo1313_1661,IPR000056,UPI00003C8C30,Ribul_P_3_epim-like
7221,Clo1313_1661,IPR011060,UPI00003C8C30,RibuloseP-bd_barrel
7222,Clo1313_1661,,UPI00003C8C30,
7223,Clo1313_1662,IPR030378,UPI00003C8C2F,G_CP_dom
7224,Clo1313_1662,IPR012340,UPI00003C8C2F,NA-bd_OB-fold
7225,Clo1313_1662,IPR027417,UPI00003C8C2F,P-loop_NTPase
7226,Clo1313_1662,IPR004881,UPI00003C8C2F,Ribosome_biogen_GTPase_RsgA
7227,Clo1313_1662,IPR010914,UPI00003C8C2F,RsgA_GTPase_dom
7228,Clo1313_1662,IPR031944,UPI00003C8C2F,RsgA_N
7229,Clo1313_1662,,UPI00003C8C2F,
7230,Clo1313_1663,IPR011009,UPI00003C8C2E,Kinase-like_dom_sf
7231,Clo1313_1663,IPR005543,UPI00003C8C2E,PASTA_dom
7232,Clo1313_1663,IPR000719,UPI00003C8C2E,Prot_kinase_dom
7233,Clo1313_1663,IPR017441,UPI00003C8C2E,Protein_kinase_ATP_BS
7234,Clo1313_1663,IPR008271,UPI00003C8C2E,Ser/Thr_kinase_AS
7235,Clo1313_1663,,UPI00003C8C2E,
7236,Clo1313_1664,IPR015655,UPI000038FB6B,PP2C
7237,Clo1313_1664,IPR036457,UPI000038FB6B,PPM-type-like_dom_sf
7238,Clo1313_1664,IPR001932,UPI000038FB6B,PPM-type_phosphatase-like_dom
7239,Clo1313_1664,,UPI000038FB6B,
7240,Clo1313_1665,IPR013785,UPI00003C8C2D,Aldolase_TIM
7241,Clo1313_1665,IPR006638,UPI00003C8C2D,Elp3/MiaA/NifB-like_rSAM
7242,Clo1313_1665,IPR040072,UPI00003C8C2D,Methyltransferase_A
7243,Clo1313_1665,IPR048641,UPI00003C8C2D,RlmN_N
7244,Clo1313_1665,IPR027492,UPI00003C8C2D,RNA_MTrfase_RlmN
7245,Clo1313_1665,IPR004383,UPI00003C8C2D,rRNA_lsu_MTrfase_RlmN/Cfr
7246,Clo1313_1665,IPR007197,UPI00003C8C2D,rSAM
7247,Clo1313_1665,IPR058240,UPI00003C8C2D,rSAM_sf
7248,Clo1313_1665,,UPI00003C8C2D,
7249,Clo1313_1666,IPR049560,UPI000038FB69,MeTrfase_RsmB-F_NOP2_cat
7250,Clo1313_1666,IPR001678,UPI000038FB69,MeTrfase_RsmB-F_NOP2_dom
7251,Clo1313_1666,IPR011023,UPI000038FB69,Nop2p
7252,Clo1313_1666,IPR035926,UPI000038FB69,NusB-like_sf
7253,Clo1313_1666,IPR006027,UPI000038FB69,NusB_RsmB_TIM44
7254,Clo1313_1666,IPR023267,UPI000038FB69,RCMT
7255,Clo1313_1666,IPR004573,UPI000038FB69,rRNA_ssu_MeTfrase_B
7256,Clo1313_1666,IPR054728,UPI000038FB69,RsmB-like_ferredoxin
7257,Clo1313_1666,IPR029063,UPI000038FB69,SAM-dependent_MTases_sf
7258,Clo1313_1666,,UPI000038FB69,
7259,Clo1313_1667,IPR007395,UPI0000536057,Zn_peptidase_2
7260,Clo1313_1667,,UPI0000536057,
7261,Clo1313_1668,IPR002829,UPI00017E39F9,DUF116
7262,Clo1313_1668,,UPI00017E39F9,
7263,Clo1313_1669,IPR005794,UPI0001F32930,Fmt
7264,Clo1313_1669,IPR005793,UPI0001F32930,Formyl_trans_C
7265,Clo1313_1669,IPR002376,UPI0001F32930,Formyl_transf_N
7266,Clo1313_1669,IPR036477,UPI0001F32930,Formyl_transf_N_sf
7267,Clo1313_1669,IPR011034,UPI0001F32930,Formyl_transferase-like_C_sf
7268,Clo1313_1669,IPR001555,UPI0001F32930,GART_AS
7269,Clo1313_1669,IPR044135,UPI0001F32930,Met-tRNA-FMT_C
7270,Clo1313_1669,IPR041711,UPI0001F32930,Met-tRNA-FMT_N
7271,Clo1313_1669,,UPI0001F32930,
7272,Clo1313_1670,IPR023635,UPI00003C8C29,Peptide_deformylase
7273,Clo1313_1670,IPR036821,UPI00003C8C29,Peptide_deformylase_sf
7274,Clo1313_1670,,UPI00003C8C29,
7275,Clo1313_1671,IPR011545,UPI00003C8C28,DEAD/DEAH_box_helicase_dom
7276,Clo1313_1671,IPR014001,UPI00003C8C28,Helicase_ATP-bd
7277,Clo1313_1671,IPR001650,UPI00003C8C28,Helicase_C-like
7278,Clo1313_1671,IPR027417,UPI00003C8C28,P-loop_NTPase
7279,Clo1313_1671,IPR005259,UPI00003C8C28,PriA
7280,Clo1313_1671,IPR041222,UPI00003C8C28,PriA_3primeBD
7281,Clo1313_1671,IPR042115,UPI00003C8C28,PriA_3primeBD_sf
7282,Clo1313_1671,IPR041236,UPI00003C8C28,PriA_C
7283,Clo1313_1671,IPR040498,UPI00003C8C28,PriA_CRR
7284,Clo1313_1671,,UPI00003C8C28,
7285,Clo1313_1673,IPR008949,UPI00017E39F7,Isoprenoid_synthase_dom_sf
7286,Clo1313_1673,IPR000092,UPI00017E39F7,Polyprenyl_synt
7287,Clo1313_1673,IPR033749,UPI00017E39F7,Polyprenyl_synt_CS
7288,Clo1313_1673,,UPI00017E39F7,
7289,Clo1313_1674,IPR014535,UPI000038FC71,Hpre_diP_synt_I
7290,Clo1313_1674,IPR010898,UPI000038FC71,Hpre_diP_synth_I
7291,Clo1313_1674,,UPI000038FC71,
7292,Clo1313_1675,IPR038690,UPI0000533B9D,NusG_2_sf
7293,Clo1313_1675,,UPI0000533B9D,
7294,Clo1313_1676,IPR024932,UPI00017E35D5,ApbE
7295,Clo1313_1676,IPR003374,UPI00017E35D5,ApbE-like_sf
7296,Clo1313_1676,,UPI00017E35D5,
7297,Clo1313_1677,IPR036188,UPI000038FC6E,FAD/NAD-bd_sf
7298,Clo1313_1677,IPR023753,UPI000038FC6E,FAD/NAD-binding_dom
7299,Clo1313_1677,IPR045024,UPI000038FC6E,NDH-2
7300,Clo1313_1677,,UPI000038FC6E,
7301,Clo1313_1678,IPR012340,UPI000038FC6D,NA-bd_OB-fold
7302,Clo1313_1678,IPR000424,UPI000038FC6D,Primosome_PriB/ssb
7303,Clo1313_1678,IPR011344,UPI000038FC6D,ssDNA-bd
7304,Clo1313_1678,,UPI000038FC6D,
7305,Clo1313_1679,IPR036565,UPI000038FC6C,Mur-like_cat_sf
7306,Clo1313_1679,IPR013221,UPI000038FC6C,Mur_ligase_cen
7307,Clo1313_1679,,UPI000038FC6C,
7308,Clo1313_1680,IPR011330,UPI000038FC6B,Glyco_hydro/deAcase_b/a-brl
7309,Clo1313_1680,IPR002509,UPI000038FC6B,NODB_dom
7310,Clo1313_1680,IPR050248,UPI000038FC6B,Polysacc_deacetylase_ArnD
7311,Clo1313_1680,,UPI000038FC6B,
7312,Clo1313_1681,IPR006426,UPI00017E35D3,Asn_synth_AEB
7313,Clo1313_1681,IPR001962,UPI00017E35D3,Asn_synthase
7314,Clo1313_1681,IPR051786,UPI00017E35D3,ASN_synthetase/amidase
7315,Clo1313_1681,IPR033738,UPI00017E35D3,AsnB_N
7316,Clo1313_1681,IPR017932,UPI00017E35D3,GATase_2_dom
7317,Clo1313_1681,IPR029055,UPI00017E35D3,Ntn_hydrolases_N
7318,Clo1313_1681,IPR014729,UPI00017E35D3,Rossmann-like_a/b/a_fold
7319,Clo1313_1681,,UPI00017E35D3,
7320,Clo1313_1682,IPR046357,UPI00003C8C25,PPIase_dom_sf
7321,Clo1313_1682,IPR000297,UPI00003C8C25,PPIase_PpiC
7322,Clo1313_1682,IPR050245,UPI00003C8C25,PrsA_foldase
7323,Clo1313_1682,IPR027304,UPI00003C8C25,Trigger_fact/SurA_dom_sf
7324,Clo1313_1682,,UPI00003C8C25,
7325,Clo1313_1683,IPR029062,UPI0001B1ED39,Class_I_gatase-like
7326,Clo1313_1683,IPR010141,UPI0001B1ED39,FGAM_synthase
7327,Clo1313_1683,IPR041609,UPI0001B1ED39,PurL_linker
7328,Clo1313_1683,IPR010918,UPI0001B1ED39,PurM-like_C_dom
7329,Clo1313_1683,IPR036676,UPI0001B1ED39,PurM-like_C_sf
7330,Clo1313_1683,IPR036921,UPI0001B1ED39,PurM-like_N_sf
7331,Clo1313_1683,,UPI0001B1ED39,
7332,Clo1313_1684,IPR000847,UPI000038F609,LysR_HTH_N
7333,Clo1313_1684,IPR005119,UPI000038F609,LysR_subst-bd
7334,Clo1313_1684,IPR036388,UPI000038F609,WH-like_DNA-bd_sf
7335,Clo1313_1684,IPR036390,UPI000038F609,WH_DNA-bd_sf
7336,Clo1313_1684,,UPI000038F609,
7337,Clo1313_1685,IPR001387,UPI000038F608,Cro/C1-type_HTH
7338,Clo1313_1685,IPR013096,UPI000038F608,Cupin_2
7339,Clo1313_1685,IPR010982,UPI000038F608,Lambda_DNA-bd_dom_sf
7340,Clo1313_1685,IPR014710,UPI000038F608,RmlC-like_jellyroll
7341,Clo1313_1685,IPR011051,UPI000038F608,RmlC_Cupin_sf
7342,Clo1313_1685,IPR050807,UPI000038F608,TransReg_Diox_bact_type
7343,Clo1313_1685,,UPI000038F608,
7344,Clo1313_1686,IPR025110,UPI00003C8C23,AMP-bd_C
7345,Clo1313_1686,IPR045851,UPI00003C8C23,AMP-b_sf
7346,Clo1313_1686,IPR020845,UPI00003C8C23,AMP-binding_CS
7347,Clo1313_1686,IPR000873,UPI00003C8C23,AMP-dep_synth/lig_dom
7348,Clo1313_1686,IPR042099,UPI00003C8C23,ANL_N_sf
7349,Clo1313_1686,IPR051087,UPI00003C8C23,Mitochondrial_ACSM
7350,Clo1313_1686,,UPI00003C8C23,
7351,Clo1313_1687,IPR036890,UPI000038F606,HATPase_C_sf
7352,Clo1313_1687,IPR037196,UPI000038F606,HSP90_C
7353,Clo1313_1687,IPR001404,UPI000038F606,Hsp90_fam
7354,Clo1313_1687,IPR020575,UPI000038F606,Hsp90_N
7355,Clo1313_1687,IPR020568,UPI000038F606,Ribosomal_Su5_D2-typ_SF
7356,Clo1313_1687,,UPI000038F606,
7357,Clo1313_1688,IPR037294,UPI000038F605,ABC_BtuC-like
7358,Clo1313_1688,IPR001626,UPI000038F605,ABC_TroCD
7359,Clo1313_1688,,UPI000038F605,
7360,Clo1313_1689,IPR003593,UPI000038F604,AAA+_ATPase
7361,Clo1313_1689,IPR003439,UPI000038F604,ABC_transporter-like_ATP-bd
7362,Clo1313_1689,IPR017871,UPI000038F604,ABC_transporter-like_CS
7363,Clo1313_1689,IPR050153,UPI000038F604,Metal_Ion_Import_ABC
7364,Clo1313_1689,IPR027417,UPI000038F604,P-loop_NTPase
7365,Clo1313_1689,,UPI000038F604,
7366,Clo1313_1690,IPR006129,UPI000038F603,AdhesinB
7367,Clo1313_1690,IPR050492,UPI000038F603,Bact_metal-bind_prot9
7368,Clo1313_1690,IPR006128,UPI000038F603,Lipoprotein_PsaA-like
7369,Clo1313_1690,IPR006127,UPI000038F603,ZnuA-like
7370,Clo1313_1690,,UPI000038F603,
7371,Clo1313_1691,IPR002481,UPI000038F602,FUR
7372,Clo1313_1691,IPR043135,UPI000038F602,Fur_C
7373,Clo1313_1691,IPR036388,UPI000038F602,WH-like_DNA-bd_sf
7374,Clo1313_1691,IPR036390,UPI000038F602,WH_DNA-bd_sf
7375,Clo1313_1691,,UPI000038F602,
7376,Clo1313_1692,IPR000045,UPI000038F601,Prepilin_IV_endopep_pep
7377,Clo1313_1692,,UPI000038F601,
7378,Clo1313_1693,IPR036457,UPI0001B1ED38,PPM-type-like_dom_sf
7379,Clo1313_1693,IPR001932,UPI0001B1ED38,PPM-type_phosphatase-like_dom
7380,Clo1313_1693,,UPI0001B1ED38,
7381,Clo1313_1694,IPR008928,UPI000012BDE9,6-hairpin_glycosidase_sf
7382,Clo1313_1694,IPR012341,UPI000012BDE9,6hp_glycosidase-like_sf
7383,Clo1313_1694,IPR008965,UPI000012BDE9,CBM2/CBM3_carb-bd_dom_sf
7384,Clo1313_1694,IPR001956,UPI000012BDE9,CBM3
7385,Clo1313_1694,IPR036966,UPI000012BDE9,CBM3_sf
7386,Clo1313_1694,IPR002105,UPI000012BDE9,Dockerin_1_rpt
7387,Clo1313_1694,IPR016134,UPI000012BDE9,Dockerin_dom
7388,Clo1313_1694,IPR036439,UPI000012BDE9,Dockerin_dom_sf
7389,Clo1313_1694,IPR018247,UPI000012BDE9,EF_Hand_1_Ca_BS
7390,Clo1313_1694,IPR001701,UPI000012BDE9,Glyco_hydro_9
7391,Clo1313_1694,IPR033126,UPI000012BDE9,Glyco_hydro_9_Asp/Glu_AS
7392,Clo1313_1694,IPR018221,UPI000012BDE9,Glyco_hydro_9_His_AS
7393,Clo1313_1694,,UPI000012BDE9,
7394,Clo1313_1695,IPR053136,UPI000038F5FE,UTP_pyrophosphatase-like
7395,Clo1313_1695,IPR002725,UPI000038F5FE,YgjP-like_metallopeptidase
7396,Clo1313_1695,,UPI000038F5FE,
7397,Clo1313_1696,IPR029149,UPI000038F5FD,Creatin/AminoP/Spt16_N
7398,Clo1313_1696,IPR036005,UPI000038F5FD,Creatinase/aminopeptidase-like
7399,Clo1313_1696,IPR000587,UPI000038F5FD,Creatinase_N
7400,Clo1313_1696,IPR000994,UPI000038F5FD,Pept_M24
7401,Clo1313_1696,IPR001714,UPI000038F5FD,Pept_M24_MAP
7402,Clo1313_1696,IPR050659,UPI000038F5FD,Peptidase_M24B
7403,Clo1313_1696,,UPI000038F5FD,
7404,Clo1313_1697,IPR003838,UPI0001B1ED37,ABC3_permease_C
7405,Clo1313_1697,IPR050250,UPI0001B1ED37,Macrolide_Exporter_MacB
7406,Clo1313_1697,,UPI0001B1ED37,
7407,Clo1313_1698,IPR003593,UPI00003C8C21,AAA+_ATPase
7408,Clo1313_1698,IPR003439,UPI00003C8C21,ABC_transporter-like_ATP-bd
7409,Clo1313_1698,IPR017871,UPI00003C8C21,ABC_transporter-like_CS
7410,Clo1313_1698,IPR017911,UPI00003C8C21,MacB-like_ATP-bd
7411,Clo1313_1698,IPR027417,UPI00003C8C21,P-loop_NTPase
7412,Clo1313_1698,,UPI00003C8C21,
7413,Clo1313_1699,IPR050351,UPI0000F218E6,BphY/WalK/GraS-like
7414,Clo1313_1699,IPR036890,UPI0000F218E6,HATPase_C_sf
7415,Clo1313_1699,IPR003594,UPI0000F218E6,HATPase_dom
7416,Clo1313_1699,IPR005467,UPI0000F218E6,His_kinase_dom
7417,Clo1313_1699,IPR003661,UPI0000F218E6,HisK_dim/P_dom
7418,Clo1313_1699,IPR036097,UPI0000F218E6,HisK_dim/P_sf
7419,Clo1313_1699,IPR004358,UPI0000F218E6,Sig_transdc_His_kin-like_C
7420,Clo1313_1699,,UPI0000F218E6,
7421,Clo1313_1700,IPR011006,UPI0001B1ED36,CheY-like_superfamily
7422,Clo1313_1700,IPR001867,UPI0001B1ED36,OmpR/PhoB-type_DNA-bd
7423,Clo1313_1700,IPR001789,UPI0001B1ED36,Sig_transdc_resp-reg_receiver
7424,Clo1313_1700,IPR039420,UPI0001B1ED36,WalR-like
7425,Clo1313_1700,IPR036388,UPI0001B1ED36,WH-like_DNA-bd_sf
7426,Clo1313_1700,,UPI0001B1ED36,
7427,Clo1313_1701,IPR002105,UPI000012BDD6,Dockerin_1_rpt
7428,Clo1313_1701,IPR016134,UPI000012BDD6,Dockerin_dom
7429,Clo1313_1701,IPR036439,UPI000012BDD6,Dockerin_dom_sf
7430,Clo1313_1701,IPR018247,UPI000012BDD6,EF_Hand_1_Ca_BS
7431,Clo1313_1701,IPR017853,UPI000012BDD6,GH_hydrolase_sf
7432,Clo1313_1701,IPR001547,UPI000012BDD6,Glyco_hydro_5
7433,Clo1313_1701,IPR018087,UPI000012BDD6,Glyco_hydro_5_CS
7434,Clo1313_1701,,UPI000012BDD6,
7435,Clo1313_1702,,UPI000038F5F7,
7436,Clo1313_1703,IPR003593,UPI0001B1ED35,AAA+_ATPase
7437,Clo1313_1703,IPR011527,UPI0001B1ED35,ABC1_TM_dom
7438,Clo1313_1703,IPR036640,UPI0001B1ED35,ABC1_TM_sf
7439,Clo1313_1703,IPR003439,UPI0001B1ED35,ABC_transporter-like_ATP-bd
7440,Clo1313_1703,IPR027417,UPI0001B1ED35,P-loop_NTPase
7441,Clo1313_1703,IPR005897,UPI0001B1ED35,Pept_C39_ABC_bacteriocin
7442,Clo1313_1703,IPR005074,UPI0001B1ED35,Peptidase_C39
7443,Clo1313_1703,IPR039421,UPI0001B1ED35,Type_1_exporter
7444,Clo1313_1703,,UPI0001B1ED35,
7445,Clo1313_1704,IPR023885,UPI0000533BBE,4Fe4S-binding_SPASM_dom
7446,Clo1313_1704,IPR013785,UPI0000533BBE,Aldolase_TIM
7447,Clo1313_1704,IPR006638,UPI0000533BBE,Elp3/MiaA/NifB-like_rSAM
7448,Clo1313_1704,IPR050377,UPI0000533BBE,Radical_SAM_PqqE_MftC-like
7449,Clo1313_1704,IPR007197,UPI0000533BBE,rSAM
7450,Clo1313_1704,IPR058240,UPI0000533BBE,rSAM_sf
7451,Clo1313_1704,IPR011990,UPI0000533BBE,TPR-like_helical_dom_sf
7452,Clo1313_1704,IPR019734,UPI0000533BBE,TPR_rpt
7453,Clo1313_1704,,UPI0000533BBE,
7454,Clo1313_1705,IPR036412,UPI000038F5F3,HAD-like_sf
7455,Clo1313_1705,IPR006439,UPI000038F5F3,HAD-SF_hydro_IA
7456,Clo1313_1705,IPR041492,UPI000038F5F3,HAD_2
7457,Clo1313_1705,IPR023214,UPI000038F5F3,HAD_sf
7458,Clo1313_1705,IPR023198,UPI000038F5F3,PGP-like_dom2
7459,Clo1313_1705,,UPI000038F5F3,
7460,Clo1313_1707,,UPI0001B1ED12,
7461,Clo1313_1709,IPR011856,UPI000038F5F0,tRNA_endonuc-like_dom_sf
7462,Clo1313_1709,,UPI000038F5F0,
7463,Clo1313_1711,IPR036890,UPI00003C8C0B,HATPase_C_sf
7464,Clo1313_1711,IPR003594,UPI00003C8C0B,HATPase_dom
7465,Clo1313_1711,IPR005467,UPI00003C8C0B,His_kinase_dom
7466,Clo1313_1711,IPR003661,UPI00003C8C0B,HisK_dim/P_dom
7467,Clo1313_1711,IPR036097,UPI00003C8C0B,HisK_dim/P_sf
7468,Clo1313_1711,IPR050736,UPI00003C8C0B,Sensor_HK_Regulatory
7469,Clo1313_1711,IPR004358,UPI00003C8C0B,Sig_transdc_His_kin-like_C
7470,Clo1313_1711,,UPI00003C8C0B,
7471,Clo1313_1712,IPR005661,UPI000038FDB3,OadB_MmdB
7472,Clo1313_1712,,UPI000038FDB3,
7473,Clo1313_1713,IPR005899,UPI0001B1EEED,Na_pump_deCOase
7474,Clo1313_1713,,UPI0001B1EEED,
7475,Clo1313_1714,,UPI00003C90F7,
7476,Clo1313_1715,IPR051274,UPI000038FDB5,3-5_Exoribonuclease
7477,Clo1313_1715,IPR047201,UPI000038FDB5,ERI-1_3'hExo-like
7478,Clo1313_1715,IPR013520,UPI000038FDB5,Ribonucl_H
7479,Clo1313_1715,IPR012337,UPI000038FDB5,RNaseH-like_sf
7480,Clo1313_1715,IPR036397,UPI000038FDB5,RNaseH_sf
7481,Clo1313_1715,,UPI000038FDB5,
7482,Clo1313_1716,IPR013785,UPI000038FDB6,Aldolase_TIM
7483,Clo1313_1716,IPR006638,UPI000038FDB6,Elp3/MiaA/NifB-like_rSAM
7484,Clo1313_1716,IPR034457,UPI000038FDB6,Organic_radical-activating
7485,Clo1313_1716,IPR012838,UPI000038FDB6,PFL1_activating
7486,Clo1313_1716,IPR001989,UPI000038FDB6,Radical_activat_CS
7487,Clo1313_1716,IPR007197,UPI000038FDB6,rSAM
7488,Clo1313_1716,IPR058240,UPI000038FDB6,rSAM_sf
7489,Clo1313_1716,,UPI000038FDB6,
7490,Clo1313_1717,IPR050244,UPI0000531F17,Auton_GlycylRad_Cofactor
7491,Clo1313_1717,IPR005949,UPI0000531F17,Form_AcTrfase
7492,Clo1313_1717,IPR019777,UPI0000531F17,Form_AcTrfase_GR_CS
7493,Clo1313_1717,IPR001150,UPI0000531F17,Gly_radical
7494,Clo1313_1717,IPR004184,UPI0000531F17,PFL_dom
7495,Clo1313_1717,,UPI0000531F17,
7496,Clo1313_1718,IPR019079,UPI0001B1EEEC,Capsule_synth_CapA
7497,Clo1313_1718,IPR052169,UPI0001B1EEEC,CW_Biosynth-Accessory
7498,Clo1313_1718,IPR029052,UPI0001B1EEEC,Metallo-depent_PP-like
7499,Clo1313_1718,,UPI0001B1EEEC,
7500,Clo1313_1719,IPR009097,UPI00017E6AF4,Cyclic_Pdiesterase
7501,Clo1313_1719,IPR014051,UPI00017E6AF4,Phosphoesterase_HXTX
7502,Clo1313_1719,IPR004175,UPI00017E6AF4,RNA_CPDase
7503,Clo1313_1719,,UPI00017E6AF4,
7504,Clo1313_1720,,UPI00003C9060,
7505,Clo1313_1721,,UPI0001B1EEE9,
7506,Clo1313_1722,IPR046118,UPI000038FEA6,DUF6115
7507,Clo1313_1722,,UPI000038FEA6,
7508,Clo1313_1723,,UPI00003C905E,
7509,Clo1313_1724,IPR005646,UPI00003C905D,FapA
7510,Clo1313_1724,IPR046865,UPI00003C905D,FapA_b_solenoid
7511,Clo1313_1724,IPR046866,UPI00003C905D,FapA_N
7512,Clo1313_1724,,UPI00003C905D,
7513,Clo1313_1725,IPR014284,UPI0001B1EEA2,RNA_pol_sigma-70_dom
7514,Clo1313_1725,IPR000943,UPI0001B1EEA2,RNA_pol_sigma70
7515,Clo1313_1725,IPR007627,UPI0001B1EEA2,RNA_pol_sigma70_r2
7516,Clo1313_1725,IPR007624,UPI0001B1EEA2,RNA_pol_sigma70_r3
7517,Clo1313_1725,IPR007630,UPI0001B1EEA2,RNA_pol_sigma70_r4
7518,Clo1313_1725,IPR012845,UPI0001B1EEA2,RNA_pol_sigma_FliA_WhiG
7519,Clo1313_1725,IPR013325,UPI0001B1EEA2,RNA_pol_sigma_r2
7520,Clo1313_1725,IPR013324,UPI0001B1EEA2,RNA_pol_sigma_r3/r4-like
7521,Clo1313_1725,,UPI0001B1EEA2,
7522,Clo1313_1726,,UPI000038F5E6,
7523,Clo1313_1727,IPR038592,UPI000038F5E5,CheD-like_sf
7524,Clo1313_1727,IPR005659,UPI000038F5E5,Chemorcpt_Glu_NH3ase_CheD
7525,Clo1313_1727,IPR011324,UPI000038F5E5,Cytotoxic_necrot_fac-like_cat
7526,Clo1313_1727,,UPI000038F5E5,
7527,Clo1313_1728,IPR007597,UPI00003C8CF6,CheC
7528,Clo1313_1728,IPR028976,UPI00003C8CF6,CheC-like_sf
7529,Clo1313_1728,IPR050992,UPI00003C8CF6,CheZ_family_phosphatases
7530,Clo1313_1728,,UPI00003C8CF6,
7531,Clo1313_1729,IPR039315,UPI00017E3E1C,CheW
7532,Clo1313_1729,IPR036061,UPI00017E3E1C,CheW-like_dom_sf
7533,Clo1313_1729,IPR002545,UPI00017E3E1C,CheW-lke_dom
7534,Clo1313_1729,,UPI00017E3E1C,
7535,Clo1313_1730,IPR051315,UPI0001B1EEA1,Bact_Chemotaxis_CheA
7536,Clo1313_1730,IPR004105,UPI0001B1EEA1,CheA-like_dim
7537,Clo1313_1730,IPR037006,UPI0001B1EEA1,CheA-like_homodim_sf
7538,Clo1313_1730,IPR037052,UPI0001B1EEA1,CheA-like_P2_sf
7539,Clo1313_1730,IPR010808,UPI0001B1EEA1,CheA_P2-bd
7540,Clo1313_1730,IPR036061,UPI0001B1EEA1,CheW-like_dom_sf
7541,Clo1313_1730,IPR002545,UPI0001B1EEA1,CheW-lke_dom
7542,Clo1313_1730,IPR035891,UPI0001B1EEA1,CheY-binding_CheA
7543,Clo1313_1730,IPR036890,UPI0001B1EEA1,HATPase_C_sf
7544,Clo1313_1730,IPR003594,UPI0001B1EEA1,HATPase_dom
7545,Clo1313_1730,IPR005467,UPI0001B1EEA1,His_kinase_dom
7546,Clo1313_1730,IPR036097,UPI0001B1EEA1,HisK_dim/P_sf
7547,Clo1313_1730,IPR036641,UPI0001B1EEA1,HPT_dom_sf
7548,Clo1313_1730,IPR004358,UPI0001B1EEA1,Sig_transdc_His_kin-like_C
7549,Clo1313_1730,IPR008207,UPI0001B1EEA1,Sig_transdc_His_kin_Hpt_dom
7550,Clo1313_1730,,UPI0001B1EEA1,
7551,Clo1313_1731,IPR008248,UPI000038F5E1,CheB-like
7552,Clo1313_1731,IPR035909,UPI000038F5E1,CheB_C
7553,Clo1313_1731,IPR011006,UPI000038F5E1,CheY-like_superfamily
7554,Clo1313_1731,IPR000673,UPI000038F5E1,Sig_transdc_resp-reg_Me-estase
7555,Clo1313_1731,IPR001789,UPI000038F5E1,Sig_transdc_resp-reg_receiver
7556,Clo1313_1731,,UPI000038F5E1,
7557,Clo1313_1732,IPR009875,UPI000038F5E0,PilZ_domain
7558,Clo1313_1732,IPR009926,UPI000038F5E0,T3SS_YcgR_PilZN
7559,Clo1313_1732,,UPI000038F5E0,
7560,Clo1313_1733,IPR033875,UPI0001B1EEA0,FlhG
7561,Clo1313_1733,IPR025501,UPI0001B1EEA0,MinD_FleN
7562,Clo1313_1733,IPR027417,UPI0001B1EEA0,P-loop_NTPase
7563,Clo1313_1733,IPR050625,UPI0001B1EEA0,ParA/MinD_ATPase
7564,Clo1313_1733,IPR033756,UPI0001B1EEA0,YlxH/NBP35
7565,Clo1313_1733,,UPI0001B1EEA0,
7566,Clo1313_1734,IPR003593,UPI000038F5DE,AAA+_ATPase
7567,Clo1313_1734,IPR020006,UPI000038F5DE,FlhF
7568,Clo1313_1734,IPR047040,UPI000038F5DE,FlhF__GTPase_dom
7569,Clo1313_1734,IPR027417,UPI000038F5DE,P-loop_NTPase
7570,Clo1313_1734,IPR000897,UPI000038F5DE,SRP54_GTPase_dom
7571,Clo1313_1734,,UPI000038F5DE,
7572,Clo1313_1735,IPR042194,UPI000053366D,FHIPEP_1
7573,Clo1313_1735,IPR042193,UPI000053366D,FHIPEP_3
7574,Clo1313_1735,IPR042196,UPI000053366D,FHIPEP_4
7575,Clo1313_1735,IPR025505,UPI000053366D,FHIPEP_CS
7576,Clo1313_1735,IPR006301,UPI000053366D,FlhA
7577,Clo1313_1735,IPR001712,UPI000053366D,T3SS_FHIPEP
7578,Clo1313_1735,,UPI000053366D,
7579,Clo1313_1736,IPR006136,UPI000038F5DC,FlhB
7580,Clo1313_1736,IPR006135,UPI000038F5DC,T3SS_substrate_exporter
7581,Clo1313_1736,IPR029025,UPI000038F5DC,T3SS_substrate_exporter_C
7582,Clo1313_1736,,UPI000038F5DC,
7583,Clo1313_1737,IPR006303,UPI00003C8CF3,FliR
7584,Clo1313_1737,IPR002010,UPI00003C8CF3,T3SS_IM_R
7585,Clo1313_1737,,UPI00003C8CF3,
7586,Clo1313_1738,IPR002191,UPI000038F5DA,Bac_export_3
7587,Clo1313_1738,IPR006305,UPI000038F5DA,FliQ
7588,Clo1313_1738,,UPI000038F5DA,
7589,Clo1313_1739,IPR005837,UPI0000536275,FliP
7590,Clo1313_1739,IPR005838,UPI0000536275,T3SS_IM_P
7591,Clo1313_1739,,UPI0000536275,
7592,Clo1313_1740,IPR022781,UPI000038F5D8,Flagellar_biosynth_FliO
7593,Clo1313_1740,,UPI000038F5D8,
7594,Clo1313_1741,IPR011006,UPI000038F5D7,CheY-like_superfamily
7595,Clo1313_1741,IPR001789,UPI000038F5D7,Sig_transdc_resp-reg_receiver
7596,Clo1313_1741,IPR052048,UPI000038F5D7,ST_Response_Regulator
7597,Clo1313_1741,,UPI000038F5D7,
7598,Clo1313_1743,IPR028976,UPI0000538639,CheC-like_sf
7599,Clo1313_1743,IPR001689,UPI0000538639,Flag_FliM
7600,Clo1313_1743,IPR001543,UPI0000538639,FliN-like_C
7601,Clo1313_1743,IPR036429,UPI0000538639,SpoA-like_sf
7602,Clo1313_1743,,UPI0000538639,
7603,Clo1313_1744,IPR005503,UPI0000533653,FliL
7604,Clo1313_1744,,UPI0000533653,
7605,Clo1313_1745,IPR009384,UPI000038F5D3,SwrD-like
7606,Clo1313_1745,,UPI000038F5D3,
7607,Clo1313_1746,IPR037058,UPI0000F218CE,Falgellar_hook_FlgE_sf
7608,Clo1313_1746,IPR001444,UPI0000F218CE,Flag_bb_rod_N
7609,Clo1313_1746,IPR019776,UPI0000F218CE,Flagellar_basal_body_rod_CS
7610,Clo1313_1746,IPR020013,UPI0000F218CE,Flagellar_FlgE/F/G
7611,Clo1313_1746,IPR010930,UPI0000F218CE,Flg_bb/hook_C_dom
7612,Clo1313_1746,IPR037925,UPI0000F218CE,FlgE/F/G-like
7613,Clo1313_1746,IPR011491,UPI0000F218CE,FlgE_D2
7614,Clo1313_1746,IPR053967,UPI0000F218CE,LlgE_F_G-like_D1
7615,Clo1313_1746,,UPI0000F218CE,
7616,Clo1313_1747,IPR013367,UPI00003C8CEF,Flagellar_put
7617,Clo1313_1747,,UPI00003C8CEF,
7618,Clo1313_1748,IPR005648,UPI0001B1EE9E,FlgD
7619,Clo1313_1748,,UPI0001B1EE9E,
7620,Clo1313_1749,IPR021136,UPI0001B1EE9D,Flagellar_hook_control-like_C
7621,Clo1313_1749,IPR038610,UPI0001B1EE9D,FliK-like_C_sf
7622,Clo1313_1749,,UPI0001B1EE9D,
7623,Clo1313_1750,IPR006668,UPI000038F5CE,Mg_transptr_MgtE_intracell_dom
7624,Clo1313_1750,,UPI000038F5CE,
7625,Clo1313_1751,IPR053716,UPI000038F5CD,Flag_assembly_chemotaxis_eff
7626,Clo1313_1751,IPR012823,UPI000038F5CD,Flagell_FliJ
7627,Clo1313_1751,IPR052570,UPI000038F5CD,FliJ
7628,Clo1313_1751,,UPI000038F5CD,
7629,Clo1313_1752,IPR003593,UPI000038F5CC,AAA+_ATPase
7630,Clo1313_1752,IPR020003,UPI000038F5CC,ATPase_a/bsu_AS
7631,Clo1313_1752,IPR050053,UPI000038F5CC,ATPase_alpha/beta_chains
7632,Clo1313_1752,IPR004100,UPI000038F5CC,ATPase_F1/V1/A1_a/bsu_N
7633,Clo1313_1752,IPR000194,UPI000038F5CC,ATPase_F1/V1/A1_a/bsu_nucl-bd
7634,Clo1313_1752,IPR005714,UPI000038F5CC,ATPase_T3SS_FliI/YscN
7635,Clo1313_1752,IPR013380,UPI000038F5CC,ATPase_T3SS_SctN
7636,Clo1313_1752,IPR020005,UPI000038F5CC,FliI_clade1
7637,Clo1313_1752,IPR022425,UPI000038F5CC,FliI_clade2
7638,Clo1313_1752,IPR027417,UPI000038F5CC,P-loop_NTPase
7639,Clo1313_1752,IPR040627,UPI000038F5CC,T3SS_ATPase_C
7640,Clo1313_1752,,UPI000038F5CC,
7641,Clo1313_1753,IPR018035,UPI00003C8CEC,Flagellar_FliH/T3SS_HrpE
7642,Clo1313_1753,IPR051472,UPI00003C8CEC,T3SS_Stator/FliH
7643,Clo1313_1753,,UPI00003C8CEC,
7644,Clo1313_1754,IPR000090,UPI000038F5CA,Flg_Motor_Flig
7645,Clo1313_1754,IPR023087,UPI000038F5CA,Flg_Motor_Flig_C
7646,Clo1313_1754,IPR011002,UPI000038F5CA,FliG_a-hlx
7647,Clo1313_1754,IPR032779,UPI000038F5CA,FliG_M
7648,Clo1313_1754,IPR028263,UPI000038F5CA,FliG_N
7649,Clo1313_1754,,UPI000038F5CA,
7650,Clo1313_1755,IPR045851,UPI00017E5275,AMP-b_sf
7651,Clo1313_1755,IPR013556,UPI00017E5275,Flag_M-ring_C
7652,Clo1313_1755,IPR000067,UPI00017E5275,FlgMring_FliF
7653,Clo1313_1755,IPR006182,UPI00017E5275,FliF_N_dom
7654,Clo1313_1755,IPR043427,UPI00017E5275,YscJ/FliF
7655,Clo1313_1755,,UPI00017E5275,
7656,Clo1313_1756,IPR001624,UPI000038F5C7,FliE
7657,Clo1313_1756,,UPI000038F5C7,
7658,Clo1313_1757,IPR001444,UPI000038F5C6,Flag_bb_rod_N
7659,Clo1313_1757,IPR010930,UPI000038F5C6,Flg_bb/hook_C_dom
7660,Clo1313_1757,IPR006299,UPI000038F5C6,FlgC
7661,Clo1313_1757,,UPI000038F5C6,
7662,Clo1313_1758,IPR001444,UPI0001B1EE9C,Flag_bb_rod_N
7663,Clo1313_1758,IPR006300,UPI0001B1EE9C,FlgB
7664,Clo1313_1758,,UPI0001B1EE9C,
7665,Clo1313_1759,IPR036188,UPI0000535AF9,FAD/NAD-bd_sf
7666,Clo1313_1759,IPR002218,UPI0000535AF9,MnmG-rel
7667,Clo1313_1759,IPR020595,UPI0000535AF9,MnmG-rel_CS
7668,Clo1313_1759,IPR040131,UPI0000535AF9,MnmG_N
7669,Clo1313_1759,IPR004417,UPI0000535AF9,TrmFO
7670,Clo1313_1759,,UPI0000535AF9,
7671,Clo1313_1760,IPR000380,UPI000038F5C3,Topo_IA
7672,Clo1313_1760,IPR003601,UPI000038F5C3,Topo_IA_2
7673,Clo1313_1760,IPR023406,UPI000038F5C3,Topo_IA_AS
7674,Clo1313_1760,IPR013497,UPI000038F5C3,Topo_IA_cen
7675,Clo1313_1760,IPR013824,UPI000038F5C3,Topo_IA_cen_sub1
7676,Clo1313_1760,IPR013825,UPI000038F5C3,Topo_IA_cen_sub2
7677,Clo1313_1760,IPR013826,UPI000038F5C3,Topo_IA_cen_sub3
7678,Clo1313_1760,IPR023405,UPI000038F5C3,Topo_IA_core_domain
7679,Clo1313_1760,IPR003602,UPI000038F5C3,Topo_IA_DNA-bd_dom
7680,Clo1313_1760,IPR013498,UPI000038F5C3,Topo_IA_Znf
7681,Clo1313_1760,IPR005733,UPI000038F5C3,TopoI_bac-type
7682,Clo1313_1760,IPR028612,UPI000038F5C3,Topoisom_1_IA
7683,Clo1313_1760,IPR006171,UPI000038F5C3,TOPRIM_dom
7684,Clo1313_1760,IPR034149,UPI000038F5C3,TOPRIM_TopoI
7685,Clo1313_1760,,UPI000038F5C3,
7686,Clo1313_1761,IPR003488,UPI000038F5C2,DprA
7687,Clo1313_1761,IPR041614,UPI000038F5C2,DprA_WH
7688,Clo1313_1761,IPR057666,UPI000038F5C2,DrpA_SLOG
7689,Clo1313_1761,IPR010994,UPI000038F5C2,RuvA_2-like
7690,Clo1313_1761,IPR036388,UPI000038F5C2,WH-like_DNA-bd_sf
7691,Clo1313_1761,,UPI000038F5C2,
7692,Clo1313_1762,IPR004808,UPI00003C8CE8,AP_endonuc_1
7693,Clo1313_1762,IPR020847,UPI00003C8CE8,AP_endonuclease_F1_BS
7694,Clo1313_1762,IPR036691,UPI00003C8CE8,Endo/exonu/phosph_ase_sf
7695,Clo1313_1762,IPR005135,UPI00003C8CE8,Endo/exonuclease/phosphatase
7696,Clo1313_1762,,UPI00003C8CE8,
7697,Clo1313_1763,IPR052937,UPI0001B1EE74,Inner_membrane_protein
7698,Clo1313_1763,IPR031308,UPI0001B1EE74,UCP028777
7699,Clo1313_1763,IPR005185,UPI0001B1EE74,YccF
7700,Clo1313_1763,,UPI0001B1EE74,
7701,Clo1313_1764,IPR001602,UPI0001B1EE73,UPF0047_YjbQ-like
7702,Clo1313_1764,IPR035917,UPI0001B1EE73,YjbQ-like_sf
7703,Clo1313_1764,,UPI0001B1EE73,
7704,Clo1313_1765,IPR003593,UPI0001B1EE72,AAA+_ATPase
7705,Clo1313_1765,IPR045006,UPI0001B1EE72,CHLI-like
7706,Clo1313_1765,IPR001208,UPI0001B1EE72,MCM_dom
7707,Clo1313_1765,IPR004482,UPI0001B1EE72,Mg_chelat-rel
7708,Clo1313_1765,IPR025158,UPI0001B1EE72,Mg_chelat-rel_C
7709,Clo1313_1765,IPR000523,UPI0001B1EE72,Mg_chelatse_chII-like_cat_dom
7710,Clo1313_1765,IPR027417,UPI0001B1EE72,P-loop_NTPase
7711,Clo1313_1765,IPR020568,UPI0001B1EE72,Ribosomal_Su5_D2-typ_SF
7712,Clo1313_1765,IPR014721,UPI0001B1EE72,Ribsml_uS5_D2-typ_fold_subgr
7713,Clo1313_1765,,UPI0001B1EE72,
7714,Clo1313_1766,,UPI00003C8CE4,
7715,Clo1313_1767,,UPI000038F57F,
7716,Clo1313_1768,IPR008965,UPI0001B1EE71,CBM2/CBM3_carb-bd_dom_sf
7717,Clo1313_1768,IPR002102,UPI0001B1EE71,Cohesin_dom
7718,Clo1313_1768,IPR012854,UPI0001B1EE71,Cu_amine_oxidase-like_N
7719,Clo1313_1768,IPR036582,UPI0001B1EE71,Mao_N_sf
7720,Clo1313_1768,,UPI0001B1EE71,
7721,Clo1313_1769,IPR045376,UPI000038F581,Maf_N
7722,Clo1313_1769,IPR002826,UPI000038F581,MptE-like
7723,Clo1313_1769,,UPI000038F581,
7724,Clo1313_1770,IPR005144,UPI000038F582,ATP-cone_dom
7725,Clo1313_1770,IPR055173,UPI000038F582,NrdR-like_N
7726,Clo1313_1770,IPR003796,UPI000038F582,RNR_NrdR-like
7727,Clo1313_1770,,UPI000038F582,
7728,Clo1313_1771,IPR027275,UPI000038F583,PRC-brl_dom
7729,Clo1313_1771,IPR011033,UPI000038F583,PRC_barrel-like_sf
7730,Clo1313_1771,IPR014238,UPI000038F583,Spore_YlmC/YmxH
7731,Clo1313_1771,,UPI000038F583,
7732,Clo1313_1772,IPR014284,UPI000053863A,RNA_pol_sigma-70_dom
7733,Clo1313_1772,IPR014322,UPI000053863A,RNA_pol_sigma-B/F/G
7734,Clo1313_1772,IPR014212,UPI000053863A,RNA_pol_sigma-G
7735,Clo1313_1772,IPR000943,UPI000053863A,RNA_pol_sigma70
7736,Clo1313_1772,IPR007627,UPI000053863A,RNA_pol_sigma70_r2
7737,Clo1313_1772,IPR007624,UPI000053863A,RNA_pol_sigma70_r3
7738,Clo1313_1772,IPR007630,UPI000053863A,RNA_pol_sigma70_r4
7739,Clo1313_1772,IPR013325,UPI000053863A,RNA_pol_sigma_r2
7740,Clo1313_1772,IPR013324,UPI000053863A,RNA_pol_sigma_r3/r4-like
7741,Clo1313_1772,IPR050239,UPI000053863A,Sigma-70_RNA_pol_init_factors
7742,Clo1313_1772,IPR036388,UPI000053863A,WH-like_DNA-bd_sf
7743,Clo1313_1772,,UPI000053863A,
7744,Clo1313_1773,IPR001387,UPI0000F218C4,Cro/C1-type_HTH
7745,Clo1313_1773,IPR014284,UPI0000F218C4,RNA_pol_sigma-70_dom
7746,Clo1313_1773,IPR014200,UPI0000F218C4,RNA_pol_sigma-E
7747,Clo1313_1773,IPR000943,UPI0000F218C4,RNA_pol_sigma70
7748,Clo1313_1773,IPR007627,UPI0000F218C4,RNA_pol_sigma70_r2
7749,Clo1313_1773,IPR007630,UPI0000F218C4,RNA_pol_sigma70_r4
7750,Clo1313_1773,IPR013325,UPI0000F218C4,RNA_pol_sigma_r2
7751,Clo1313_1773,IPR013324,UPI0000F218C4,RNA_pol_sigma_r3/r4-like
7752,Clo1313_1773,IPR050813,UPI0000F218C4,Sigma-70_Factor
7753,Clo1313_1773,IPR036388,UPI0000F218C4,WH-like_DNA-bd_sf
7754,Clo1313_1773,,UPI0000F218C4,
7755,Clo1313_1774,IPR005081,UPI0000F218C3,SpoIIGA
7756,Clo1313_1774,,UPI0000F218C3,
7757,Clo1313_1775,IPR000158,UPI0001B1EE70,Cell_div_FtsZ
7758,Clo1313_1775,IPR020805,UPI0001B1EE70,Cell_div_FtsZ_CS
7759,Clo1313_1775,IPR045061,UPI0001B1EE70,FtsZ/CetZ
7760,Clo1313_1775,IPR024757,UPI0001B1EE70,FtsZ_C
7761,Clo1313_1775,IPR008280,UPI0001B1EE70,Tub_FtsZ_C
7762,Clo1313_1775,IPR037103,UPI0001B1EE70,Tubulin/FtsZ-like_C
7763,Clo1313_1775,IPR018316,UPI0001B1EE70,Tubulin/FtsZ_2-layer-sand-dom
7764,Clo1313_1775,IPR036525,UPI0001B1EE70,Tubulin/FtsZ_GTPase_sf
7765,Clo1313_1775,IPR003008,UPI0001B1EE70,Tubulin_FtsZ_GTPase
7766,Clo1313_1775,,UPI0001B1EE70,
7767,Clo1313_1776,IPR043129,UPI0000F218C2,ATPase_NBD
7768,Clo1313_1776,IPR020823,UPI0000F218C2,Cell_div_FtsA
7769,Clo1313_1776,IPR050696,UPI0000F218C2,FtsA/MreB
7770,Clo1313_1776,IPR003494,UPI0000F218C2,SHS2_FtsA
7771,Clo1313_1776,,UPI0000F218C2,
7772,Clo1313_1777,IPR009709,UPI000038F588,DUF1290
7773,Clo1313_1777,,UPI000038F588,
7774,Clo1313_1778,IPR026579,UPI00003C8D03,FtsQ
7775,Clo1313_1778,IPR034746,UPI00003C8D03,POTRA
7776,Clo1313_1778,IPR013685,UPI00003C8D03,POTRA_FtsQ_type
7777,Clo1313_1778,,UPI00003C8D03,
7778,Clo1313_1780,IPR043703,UPI000038F58C,Lipid_II_synth_MurT
7779,Clo1313_1780,IPR036565,UPI000038F58C,Mur-like_cat_sf
7780,Clo1313_1780,IPR013221,UPI000038F58C,Mur_ligase_cen
7781,Clo1313_1780,IPR013564,UPI000038F58C,MurT_C
7782,Clo1313_1780,,UPI000038F58C,
7783,Clo1313_1781,IPR004484,UPI000038F58D,CbiA/CobB_synth
7784,Clo1313_1781,IPR029062,UPI000038F58D,Class_I_gatase-like
7785,Clo1313_1781,IPR033949,UPI000038F58D,CobQ_GATase1
7786,Clo1313_1781,IPR011698,UPI000038F58D,GATase_3
7787,Clo1313_1781,IPR043702,UPI000038F58D,Lipid_II_synth_GatD
7788,Clo1313_1781,,UPI000038F58D,
7789,Clo1313_1783,IPR002105,UPI000053509A,Dockerin_1_rpt
7790,Clo1313_1783,IPR016134,UPI000053509A,Dockerin_dom
7791,Clo1313_1783,IPR036439,UPI000053509A,Dockerin_dom_sf
7792,Clo1313_1783,,UPI000053509A,
7793,Clo1313_1784,,UPI0001B1ED21,
7794,Clo1313_1785,IPR011990,UPI00003C8D07,TPR-like_helical_dom_sf
7795,Clo1313_1785,IPR013105,UPI00003C8D07,TPR_2
7796,Clo1313_1785,IPR019734,UPI00003C8D07,TPR_rpt
7797,Clo1313_1785,IPR051685,UPI00003C8D07,Ycf3/AcsC/BcsC/TPR_MFPF
7798,Clo1313_1785,,UPI00003C8D07,
7799,Clo1313_1786,IPR054107,UPI00017E1F93,Cel124_cat
7800,Clo1313_1786,IPR002105,UPI00017E1F93,Dockerin_1_rpt
7801,Clo1313_1786,IPR016134,UPI00017E1F93,Dockerin_dom
7802,Clo1313_1786,IPR036439,UPI00017E1F93,Dockerin_dom_sf
7803,Clo1313_1786,,UPI00017E1F93,
7804,Clo1313_1787,IPR027417,UPI0000536688,P-loop_NTPase
7805,Clo1313_1787,,UPI0000536688,
7806,Clo1313_1788,IPR008928,UPI00003C8D0A,6-hairpin_glycosidase_sf
7807,Clo1313_1788,IPR012341,UPI00003C8D0A,6hp_glycosidase-like_sf
7808,Clo1313_1788,IPR008965,UPI00003C8D0A,CBM2/CBM3_carb-bd_dom_sf
7809,Clo1313_1788,IPR001956,UPI00003C8D0A,CBM3
7810,Clo1313_1788,IPR036966,UPI00003C8D0A,CBM3_sf
7811,Clo1313_1788,IPR002105,UPI00003C8D0A,Dockerin_1_rpt
7812,Clo1313_1788,IPR016134,UPI00003C8D0A,Dockerin_dom
7813,Clo1313_1788,IPR036439,UPI00003C8D0A,Dockerin_dom_sf
7814,Clo1313_1788,IPR018247,UPI00003C8D0A,EF_Hand_1_Ca_BS
7815,Clo1313_1788,IPR001701,UPI00003C8D0A,Glyco_hydro_9
7816,Clo1313_1788,,UPI00003C8D0A,
7817,Clo1313_1789,,UPI0001B1ED20,
7818,Clo1313_1790,IPR036249,UPI000038F597,Thioredoxin-like_sf
7819,Clo1313_1790,,UPI000038F597,
7820,Clo1313_1791,IPR036010,UPI00003C8D0B,2Fe-2S_ferredoxin-like_sf
7821,Clo1313_1791,IPR001041,UPI00003C8D0B,2Fe-2S_ferredoxin-type
7822,Clo1313_1791,IPR017896,UPI00003C8D0B,4Fe4S_Fe-S-bd
7823,Clo1313_1791,IPR017900,UPI00003C8D0B,4Fe4S_Fe_S_CS
7824,Clo1313_1791,IPR050340,UPI00003C8D0B,Cytosolic_Fe-S_CAF
7825,Clo1313_1791,IPR009016,UPI00003C8D0B,Fe_hydrogenase
7826,Clo1313_1791,IPR004108,UPI00003C8D0B,Fe_hydrogenase_lsu_C
7827,Clo1313_1791,IPR003149,UPI00003C8D0B,Fe_hydrogenase_ssu
7828,Clo1313_1791,IPR036991,UPI00003C8D0B,Fe_hydrogenase_ssu_sf
7829,Clo1313_1791,IPR013352,UPI00003C8D0B,Fe_hydrogenase_subset
7830,Clo1313_1791,IPR000283,UPI00003C8D0B,NADH_UbQ_OxRdtase_75kDa_su_CS
7831,Clo1313_1791,IPR019574,UPI00003C8D0B,NADH_UbQ_OxRdtase_Gsu_4Fe4S-bd
7832,Clo1313_1791,,UPI00003C8D0B,
7833,Clo1313_1792,IPR017896,UPI00003C8D0C,4Fe4S_Fe-S-bd
7834,Clo1313_1792,IPR017900,UPI00003C8D0C,4Fe4S_Fe_S_CS
7835,Clo1313_1792,IPR001949,UPI00003C8D0C,NADH-UbQ_OxRdtase_51kDa_CS
7836,Clo1313_1792,IPR011538,UPI00003C8D0C,Nuo51_FMN-bd
7837,Clo1313_1792,IPR037225,UPI00003C8D0C,Nuo51_FMN-bd_sf
7838,Clo1313_1792,IPR019575,UPI00003C8D0C,Nuop51_4Fe4S-bd
7839,Clo1313_1792,IPR037207,UPI00003C8D0C,Nuop51_4Fe4S-bd_sf
7840,Clo1313_1792,IPR019554,UPI00003C8D0C,Soluble_ligand-bd
7841,Clo1313_1792,IPR036249,UPI00003C8D0C,Thioredoxin-like_sf
7842,Clo1313_1792,,UPI00003C8D0C,
7843,Clo1313_1793,IPR028431,UPI00003C8D0D,NADP_DH_HndA-like
7844,Clo1313_1793,IPR002023,UPI00003C8D0D,NuoE-like
7845,Clo1313_1793,IPR042128,UPI00003C8D0D,NuoE_dom
7846,Clo1313_1793,IPR041921,UPI00003C8D0D,NuoE_N
7847,Clo1313_1793,IPR036249,UPI00003C8D0D,Thioredoxin-like_sf
7848,Clo1313_1793,,UPI00003C8D0D,
7849,Clo1313_1794,IPR036457,UPI00017E1F91,PPM-type-like_dom_sf
7850,Clo1313_1794,IPR001932,UPI00017E1F91,PPM-type_phosphatase-like_dom
7851,Clo1313_1794,,UPI00017E1F91,
7852,Clo1313_1795,IPR007202,UPI000038F59C,4Fe-4S_dom
7853,Clo1313_1795,IPR017896,UPI000038F59C,4Fe4S_Fe-S-bd
7854,Clo1313_1795,IPR017900,UPI000038F59C,4Fe4S_Fe_S_CS
7855,Clo1313_1795,IPR050340,UPI000038F59C,Cytosolic_Fe-S_CAF
7856,Clo1313_1795,IPR009016,UPI000038F59C,Fe_hydrogenase
7857,Clo1313_1795,IPR004108,UPI000038F59C,Fe_hydrogenase_lsu_C
7858,Clo1313_1795,IPR000014,UPI000038F59C,PAS
7859,Clo1313_1795,IPR035965,UPI000038F59C,PAS-like_dom_sf
7860,Clo1313_1795,IPR013767,UPI000038F59C,PAS_fold
7861,Clo1313_1795,,UPI000038F59C,
7862,Clo1313_1796,IPR036249,UPI000038F59D,Thioredoxin-like_sf
7863,Clo1313_1796,,UPI000038F59D,
7864,Clo1313_1797,IPR002575,UPI000038F59E,Aminoglycoside_PTrfase
7865,Clo1313_1797,IPR011009,UPI000038F59E,Kinase-like_dom_sf
7866,Clo1313_1797,IPR000719,UPI000038F59E,Prot_kinase_dom
7867,Clo1313_1797,,UPI000038F59E,
7868,Clo1313_1798,IPR034789,UPI0000534203,AAD_C
7869,Clo1313_1798,IPR001670,UPI0000534203,ADH_Fe/GldA
7870,Clo1313_1798,IPR056798,UPI0000534203,ADH_Fe_C
7871,Clo1313_1798,IPR018211,UPI0000534203,ADH_Fe_CS
7872,Clo1313_1798,IPR016161,UPI0000534203,Ald_DH/histidinol_DH
7873,Clo1313_1798,IPR016163,UPI0000534203,Ald_DH_C
7874,Clo1313_1798,IPR016162,UPI0000534203,Ald_DH_N
7875,Clo1313_1798,IPR015590,UPI0000534203,Aldehyde_DH_dom
7876,Clo1313_1798,IPR044731,UPI0000534203,BDH-like
7877,Clo1313_1798,IPR012079,UPI0000534203,Bifunc_Ald-ADH
7878,Clo1313_1798,,UPI0000534203,
7879,Clo1313_1799,IPR003781,UPI0001B1ED1D,CoA-bd
7880,Clo1313_1799,IPR036291,UPI0001B1ED1D,NAD(P)-bd_dom_sf
7881,Clo1313_1799,IPR009718,UPI0001B1ED1D,Rex_DNA-bd_C_dom
7882,Clo1313_1799,IPR022876,UPI0001B1ED1D,Tscrpt_rep_Rex
7883,Clo1313_1799,IPR036388,UPI0001B1ED1D,WH-like_DNA-bd_sf
7884,Clo1313_1799,IPR036390,UPI0001B1ED1D,WH_DNA-bd_sf
7885,Clo1313_1799,,UPI0001B1ED1D,
7886,Clo1313_1800,IPR014214,UPI00003C8D0F,Dipicolinic_acid_synth_B
7887,Clo1313_1800,IPR036551,UPI00003C8D0F,Flavin_trans-like
7888,Clo1313_1800,IPR003382,UPI00003C8D0F,Flavoprotein
7889,Clo1313_1800,,UPI00003C8D0F,
7890,Clo1313_1801,IPR006140,UPI000038F5A2,D-isomer_DH_NAD-bd
7891,Clo1313_1801,IPR031629,UPI000038F5A2,DpaA_N
7892,Clo1313_1801,IPR036291,UPI000038F5A2,NAD(P)-bd_dom_sf
7893,Clo1313_1801,,UPI000038F5A2,
7894,Clo1313_1802,IPR011249,UPI00005357FB,Metalloenz_LuxS/M16
7895,Clo1313_1802,IPR050361,UPI00005357FB,MPP/UQCRC_Complex
7896,Clo1313_1802,IPR011765,UPI00005357FB,Pept_M16_N
7897,Clo1313_1802,IPR001431,UPI00005357FB,Pept_M16_Zn_BS
7898,Clo1313_1802,IPR007863,UPI00005357FB,Peptidase_M16_C
7899,Clo1313_1802,,UPI00005357FB,
7900,Clo1313_1803,IPR001247,UPI0001B1F089,ExoRNase_PH_dom1
7901,Clo1313_1803,IPR015847,UPI0001B1F089,ExoRNase_PH_dom2
7902,Clo1313_1803,IPR036345,UPI0001B1F089,ExoRNase_PH_dom2_sf
7903,Clo1313_1803,IPR004087,UPI0001B1F089,KH_dom
7904,Clo1313_1803,IPR004088,UPI0001B1F089,KH_dom_type_1
7905,Clo1313_1803,IPR036612,UPI0001B1F089,KH_dom_type_1_sf
7906,Clo1313_1803,IPR012340,UPI0001B1F089,NA-bd_OB-fold
7907,Clo1313_1803,IPR012162,UPI0001B1F089,PNPase
7908,Clo1313_1803,IPR027408,UPI0001B1F089,PNPase/RNase_PH_dom_sf
7909,Clo1313_1803,IPR015848,UPI0001B1F089,PNPase_PH_RNA-bd_bac/org-type
7910,Clo1313_1803,IPR036456,UPI0001B1F089,PNPase_PH_RNA-bd_sf
7911,Clo1313_1803,IPR020568,UPI0001B1F089,Ribosomal_Su5_D2-typ_SF
7912,Clo1313_1803,IPR003029,UPI0001B1F089,S1_domain
7913,Clo1313_1803,,UPI0001B1F089,
7914,Clo1313_1804,IPR000589,UPI000038F5A5,Ribosomal_uS15
7915,Clo1313_1804,IPR005290,UPI000038F5A5,Ribosomal_uS15_bact
7916,Clo1313_1804,IPR009068,UPI000038F5A5,uS15_NS1_RNA-bd_sf
7917,Clo1313_1804,,UPI000038F5A5,
7918,Clo1313_1805,IPR020256,UPI00017E1E1A,Spore_coat_CotJA
7919,Clo1313_1805,,UPI00017E1E1A,
7920,Clo1313_1806,IPR024207,UPI0000F218AF,CotJB_dom
7921,Clo1313_1806,IPR016571,UPI0000F218AF,Spore_coat_assembly_CotJB
7922,Clo1313_1806,,UPI0000F218AF,
7923,Clo1313_1807,IPR012347,UPI0001B1F088,Ferritin-like
7924,Clo1313_1807,IPR009078,UPI0001B1F088,Ferritin-like_SF
7925,Clo1313_1807,IPR007760,UPI0001B1F088,Mn_catalase
7926,Clo1313_1807,IPR039377,UPI0001B1F088,Mn_catalase_dom
7927,Clo1313_1807,,UPI0001B1F088,
7928,Clo1313_1808,IPR008928,UPI0001B1F087,6-hairpin_glycosidase_sf
7929,Clo1313_1808,IPR012341,UPI0001B1F087,6hp_glycosidase-like_sf
7930,Clo1313_1808,IPR008965,UPI0001B1F087,CBM2/CBM3_carb-bd_dom_sf
7931,Clo1313_1808,IPR001956,UPI0001B1F087,CBM3
7932,Clo1313_1808,IPR036966,UPI0001B1F087,CBM3_sf
7933,Clo1313_1808,IPR004197,UPI0001B1F087,Cellulase_Ig-like
7934,Clo1313_1808,IPR003305,UPI0001B1F087,CenC_carb-bd
7935,Clo1313_1808,IPR002105,UPI0001B1F087,Dockerin_1_rpt
7936,Clo1313_1808,IPR016134,UPI0001B1F087,Dockerin_dom
7937,Clo1313_1808,IPR036439,UPI0001B1F087,Dockerin_dom_sf
7938,Clo1313_1808,IPR018247,UPI0001B1F087,EF_Hand_1_Ca_BS
7939,Clo1313_1808,IPR008979,UPI0001B1F087,Galactose-bd-like_sf
7940,Clo1313_1808,IPR001701,UPI0001B1F087,Glyco_hydro_9
7941,Clo1313_1808,IPR033126,UPI0001B1F087,Glyco_hydro_9_Asp/Glu_AS
7942,Clo1313_1808,IPR018221,UPI0001B1F087,Glyco_hydro_9_His_AS
7943,Clo1313_1808,IPR013783,UPI0001B1F087,Ig-like_fold
7944,Clo1313_1808,IPR014756,UPI0001B1F087,Ig_E-set
7945,Clo1313_1808,,UPI0001B1F087,
7946,Clo1313_1809,IPR008928,UPI0001B1EEF5,6-hairpin_glycosidase_sf
7947,Clo1313_1809,IPR012341,UPI0001B1EEF5,6hp_glycosidase-like_sf
7948,Clo1313_1809,IPR004197,UPI0001B1EEF5,Cellulase_Ig-like
7949,Clo1313_1809,IPR003305,UPI0001B1EEF5,CenC_carb-bd
7950,Clo1313_1809,IPR002105,UPI0001B1EEF5,Dockerin_1_rpt
7951,Clo1313_1809,IPR016134,UPI0001B1EEF5,Dockerin_dom
7952,Clo1313_1809,IPR036439,UPI0001B1EEF5,Dockerin_dom_sf
7953,Clo1313_1809,IPR008979,UPI0001B1EEF5,Galactose-bd-like_sf
7954,Clo1313_1809,IPR001701,UPI0001B1EEF5,Glyco_hydro_9
7955,Clo1313_1809,IPR033126,UPI0001B1EEF5,Glyco_hydro_9_Asp/Glu_AS
7956,Clo1313_1809,IPR018221,UPI0001B1EEF5,Glyco_hydro_9_His_AS
7957,Clo1313_1809,IPR013783,UPI0001B1EEF5,Ig-like_fold
7958,Clo1313_1809,IPR014756,UPI0001B1EEF5,Ig_E-set
7959,Clo1313_1809,,UPI0001B1EEF5,
7960,Clo1313_1810,,UPI0001B1EEF4,
7961,Clo1313_1811,IPR007841,UPI000053335C,UPF0210
7962,Clo1313_1811,,UPI000053335C,
7963,Clo1313_1812,IPR045865,UPI000038F5A9,ACT-like_dom_sf
7964,Clo1313_1812,IPR002912,UPI000038F5A9,ACT_dom
7965,Clo1313_1812,IPR050990,UPI000038F5A9,UPF0237/GcvR_regulator
7966,Clo1313_1812,IPR022986,UPI000038F5A9,UPF0237_ACT
7967,Clo1313_1812,,UPI000038F5A9,
7968,Clo1313_1813,IPR052155,UPI00017E1C7F,Biofilm_reg_signaling
7969,Clo1313_1813,IPR001633,UPI00017E1C7F,EAL_dom
7970,Clo1313_1813,IPR035919,UPI00017E1C7F,EAL_sf
7971,Clo1313_1813,IPR000160,UPI00017E1C7F,GGDEF_dom
7972,Clo1313_1813,IPR029787,UPI00017E1C7F,Nucleotide_cyclase
7973,Clo1313_1813,IPR000014,UPI00017E1C7F,PAS
7974,Clo1313_1813,IPR000700,UPI00017E1C7F,PAS-assoc_C
7975,Clo1313_1813,IPR035965,UPI00017E1C7F,PAS-like_dom_sf
7976,Clo1313_1813,IPR043128,UPI00017E1C7F,Rev_trsase/Diguanyl_cyclase
7977,Clo1313_1813,IPR001638,UPI00017E1C7F,Solute-binding_3/MltF_N
7978,Clo1313_1813,,UPI00017E1C7F,
7979,Clo1313_1814,IPR013785,UPI000038F5AB,Aldolase_TIM
7980,Clo1313_1814,IPR023874,UPI000038F5AB,DNA_rSAM_put
7981,Clo1313_1814,IPR051675,UPI000038F5AB,Endo/Exo/Phosphatase_dom_1
7982,Clo1313_1814,IPR007197,UPI000038F5AB,rSAM
7983,Clo1313_1814,IPR058240,UPI000038F5AB,rSAM_sf
7984,Clo1313_1814,IPR010994,UPI000038F5AB,RuvA_2-like
7985,Clo1313_1814,,UPI000038F5AB,
7986,Clo1313_1815,IPR023875,UPI00003C8D18,DNA_repair_put
7987,Clo1313_1815,IPR025404,UPI00003C8D18,DUF4130
7988,Clo1313_1815,,UPI00003C8D18,
7989,Clo1313_1816,IPR002105,UPI00003C8D19,Dockerin_1_rpt
7990,Clo1313_1816,IPR016134,UPI00003C8D19,Dockerin_dom
7991,Clo1313_1816,IPR036439,UPI00003C8D19,Dockerin_dom_sf
7992,Clo1313_1816,IPR018247,UPI00003C8D19,EF_Hand_1_Ca_BS
7993,Clo1313_1816,IPR017853,UPI00003C8D19,GH_hydrolase_sf
7994,Clo1313_1816,IPR001547,UPI00003C8D19,Glyco_hydro_5
7995,Clo1313_1816,IPR018087,UPI00003C8D19,Glyco_hydro_5_CS
7996,Clo1313_1816,,UPI00003C8D19,
7997,Clo1313_1817,IPR024449,UPI000038F5AD,Anti-sigma_RsgI_N
7998,Clo1313_1817,IPR008965,UPI000038F5AD,CBM2/CBM3_carb-bd_dom_sf
7999,Clo1313_1817,IPR001956,UPI000038F5AD,CBM3
8000,Clo1313_1817,IPR036966,UPI000038F5AD,CBM3_sf
8001,Clo1313_1817,IPR055431,UPI000038F5AD,RsgI_M
8002,Clo1313_1817,,UPI000038F5AD,
8003,Clo1313_1818,IPR014284,UPI00003C8D1A,RNA_pol_sigma-70_dom
8004,Clo1313_1818,IPR014244,UPI00003C8D1A,RNA_pol_sigma-I
8005,Clo1313_1818,IPR007627,UPI00003C8D1A,RNA_pol_sigma70_r2
8006,Clo1313_1818,IPR013325,UPI00003C8D1A,RNA_pol_sigma_r2
8007,Clo1313_1818,,UPI00003C8D1A,
8008,Clo1313_1819,IPR012854,UPI0000533AC5,Cu_amine_oxidase-like_N
8009,Clo1313_1819,IPR036582,UPI0000533AC5,Mao_N_sf
8010,Clo1313_1819,,UPI0000533AC5,
8011,Clo1313_1820,IPR033479,UPI0000534931,dCache_1
8012,Clo1313_1820,IPR003660,UPI0000534931,HAMP_dom
8013,Clo1313_1820,IPR004089,UPI0000534931,MCPsignal_dom
8014,Clo1313_1820,,UPI0000534931,
8015,Clo1313_1821,,UPI000038FE3D,
8016,Clo1313_1822,IPR007621,UPI0001B1EEAD,TPM_dom
8017,Clo1313_1822,,UPI0001B1EEAD,
8018,Clo1313_1823,IPR035439,UPI00003C8D1E,UPF0145_dom_sf
8019,Clo1313_1823,IPR002765,UPI00003C8D1E,UPF0145_YbjQ-like
8020,Clo1313_1823,,UPI00003C8D1E,
8021,Clo1313_1824,IPR003593,UPI0001B1EEAC,AAA+_ATPase
8022,Clo1313_1824,IPR011527,UPI0001B1EEAC,ABC1_TM_dom
8023,Clo1313_1824,IPR036640,UPI0001B1EEAC,ABC1_TM_sf
8024,Clo1313_1824,IPR003439,UPI0001B1EEAC,ABC_transporter-like_ATP-bd
8025,Clo1313_1824,IPR017871,UPI0001B1EEAC,ABC_transporter-like_CS
8026,Clo1313_1824,IPR027417,UPI0001B1EEAC,P-loop_NTPase
8027,Clo1313_1824,IPR039421,UPI0001B1EEAC,Type_1_exporter
8028,Clo1313_1824,,UPI0001B1EEAC,
8029,Clo1313_1825,IPR003593,UPI00003C9099,AAA+_ATPase
8030,Clo1313_1825,IPR011527,UPI00003C9099,ABC1_TM_dom
8031,Clo1313_1825,IPR036640,UPI00003C9099,ABC1_TM_sf
8032,Clo1313_1825,IPR003439,UPI00003C9099,ABC_transporter-like_ATP-bd
8033,Clo1313_1825,IPR017871,UPI00003C9099,ABC_transporter-like_CS
8034,Clo1313_1825,IPR027417,UPI00003C9099,P-loop_NTPase
8035,Clo1313_1825,IPR039421,UPI00003C9099,Type_1_exporter
8036,Clo1313_1825,,UPI00003C9099,
8037,Clo1313_1826,IPR023064,UPI0001B1EEAB,D-ribose_pyranase
8038,Clo1313_1826,IPR023750,UPI0001B1EEAB,RbsD-like_sf
8039,Clo1313_1826,IPR007721,UPI0001B1EEAB,RbsD_FucU
8040,Clo1313_1826,,UPI0001B1EEAB,
8041,Clo1313_1827,IPR001670,UPI000038F5B0,ADH_Fe/GldA
8042,Clo1313_1827,IPR056798,UPI000038F5B0,ADH_Fe_C
8043,Clo1313_1827,IPR018211,UPI000038F5B0,ADH_Fe_CS
8044,Clo1313_1827,IPR039697,UPI000038F5B0,Alcohol_dehydrogenase_Fe
8045,Clo1313_1827,,UPI000038F5B0,
8046,Clo1313_1828,IPR050555,UPI000038F5B1,Bact_Solute-Bind_Prot2
8047,Clo1313_1828,IPR028082,UPI000038F5B1,Peripla_BP_I
8048,Clo1313_1828,IPR025997,UPI000038F5B1,SBP_2_dom
8049,Clo1313_1828,,UPI000038F5B1,
8050,Clo1313_1829,IPR001851,UPI0001B1EEAA,ABC_transp_permease
8051,Clo1313_1829,,UPI0001B1EEAA,
8052,Clo1313_1830,IPR003593,UPI000038F5B3,AAA+_ATPase
8053,Clo1313_1830,IPR050107,UPI000038F5B3,ABC_carbohydrate_import_ATPase
8054,Clo1313_1830,IPR003439,UPI000038F5B3,ABC_transporter-like_ATP-bd
8055,Clo1313_1830,IPR027417,UPI000038F5B3,P-loop_NTPase
8056,Clo1313_1830,,UPI000038F5B3,
8057,Clo1313_1831,IPR043129,UPI0001F32966,ATPase_NBD
8058,Clo1313_1831,IPR000600,UPI0001F32966,ROK
8059,Clo1313_1831,IPR049874,UPI0001F32966,ROK_cs
8060,Clo1313_1831,IPR036388,UPI0001F32966,WH-like_DNA-bd_sf
8061,Clo1313_1831,IPR036390,UPI0001F32966,WH_DNA-bd_sf
8062,Clo1313_1831,,UPI0001F32966,
8063,Clo1313_1832,IPR002173,UPI000038F5B5,Carboh/pur_kinase_PfkB_CS
8064,Clo1313_1832,IPR050306,UPI000038F5B5,PfkB_Carbo_kinase
8065,Clo1313_1832,IPR011611,UPI000038F5B5,PfkB_dom
8066,Clo1313_1832,IPR029056,UPI000038F5B5,Ribokinase-like
8067,Clo1313_1832,,UPI000038F5B5,
8068,Clo1313_1833,IPR013149,UPI0000534BC0,ADH-like_C
8069,Clo1313_1833,IPR013154,UPI0000534BC0,ADH-like_N
8070,Clo1313_1833,IPR002328,UPI0000534BC0,ADH_Zn_CS
8071,Clo1313_1833,IPR020843,UPI0000534BC0,ER
8072,Clo1313_1833,IPR011032,UPI0000534BC0,GroES-like_sf
8073,Clo1313_1833,IPR036291,UPI0000534BC0,NAD(P)-bd_dom_sf
8074,Clo1313_1833,IPR050129,UPI0000534BC0,Zn_alcohol_dh
8075,Clo1313_1833,,UPI0000534BC0,
8076,Clo1313_1834,,UPI000053680C,
8077,Clo1313_1835,,UPI0001F32967,
8078,Clo1313_1838,IPR003593,UPI000038F5B8,AAA+_ATPase
8079,Clo1313_1838,IPR003439,UPI000038F5B8,ABC_transporter-like_ATP-bd
8080,Clo1313_1838,IPR017871,UPI000038F5B8,ABC_transporter-like_CS
8081,Clo1313_1838,IPR017911,UPI000038F5B8,MacB-like_ATP-bd
8082,Clo1313_1838,IPR027417,UPI000038F5B8,P-loop_NTPase
8083,Clo1313_1838,,UPI000038F5B8,
8084,Clo1313_1840,,UPI000038F5BB,
8085,Clo1313_1841,,UPI00003C8CB7,
8086,Clo1313_1842,,UPI0001B1EEA5,
8087,Clo1313_1843,,UPI0000533C4F,
8088,Clo1313_1844,IPR052173,UPI0000534AAF,Beta-lactam_resp_regulator
8089,Clo1313_1844,IPR008756,UPI0000534AAF,Peptidase_M56
8090,Clo1313_1844,,UPI0000534AAF,
8091,Clo1313_1845,IPR005650,UPI000038F5BF,BlaI_family
8092,Clo1313_1845,IPR036388,UPI000038F5BF,WH-like_DNA-bd_sf
8093,Clo1313_1845,IPR036390,UPI000038F5BF,WH_DNA-bd_sf
8094,Clo1313_1845,,UPI000038F5BF,
8095,Clo1313_1846,IPR029062,UPI00017E5281,Class_I_gatase-like
8096,Clo1313_1846,IPR017926,UPI00017E5281,GATASE
8097,Clo1313_1846,IPR001674,UPI00017E5281,GMP_synth_C
8098,Clo1313_1846,IPR004739,UPI00017E5281,GMP_synth_GATase
8099,Clo1313_1846,IPR022955,UPI00017E5281,GMP_synthase
8100,Clo1313_1846,IPR025777,UPI00017E5281,GMPS_ATP_PPase_dom
8101,Clo1313_1846,IPR022310,UPI00017E5281,NAD/GMP_synthase
8102,Clo1313_1846,IPR014729,UPI00017E5281,Rossmann-like_a/b/a_fold
8103,Clo1313_1846,,UPI00017E5281,
8104,Clo1313_1847,IPR046346,UPI00003C8CB4,Aminoacid_DH-like_N_sf
8105,Clo1313_1847,IPR006095,UPI00003C8CB4,Glu/Leu/Phe/Val/Trp_DH
8106,Clo1313_1847,IPR006096,UPI00003C8CB4,Glu/Leu/Phe/Val/Trp_DH_C
8107,Clo1313_1847,IPR006097,UPI00003C8CB4,Glu/Leu/Phe/Val/Trp_DH_dimer
8108,Clo1313_1847,IPR033524,UPI00003C8CB4,Glu/Leu/Phe/Val_DH_AS
8109,Clo1313_1847,IPR014362,UPI00003C8CB4,Glu_DH
8110,Clo1313_1847,IPR050724,UPI00003C8CB4,Glu_Leu_Phe_Val_DH
8111,Clo1313_1847,IPR036291,UPI00003C8CB4,NAD(P)-bd_dom_sf
8112,Clo1313_1847,IPR033922,UPI00003C8CB4,NAD_bind_Glu_DH
8113,Clo1313_1847,,UPI00003C8CB4,
8114,Clo1313_1848,IPR008333,UPI000038FBBF,Cbr1-like_FAD-bd_dom
8115,Clo1313_1848,IPR012165,UPI000038FBBF,Cyt_c3_hydrogenase_gsu
8116,Clo1313_1848,IPR019480,UPI000038FBBF,Dihydroorotate_DH_Fe-S-bd
8117,Clo1313_1848,IPR017927,UPI000038FBBF,FAD-bd_FR_type
8118,Clo1313_1848,IPR039261,UPI000038FBBF,FNR_nucleotide-bd
8119,Clo1313_1848,IPR050353,UPI000038FBBF,PyrK_electron_transfer
8120,Clo1313_1848,IPR017938,UPI000038FBBF,Riboflavin_synthase-like_b-brl
8121,Clo1313_1848,,UPI000038FBBF,
8122,Clo1313_1849,IPR028261,UPI0001B1EEA4,DPD_II
8123,Clo1313_1849,IPR036188,UPI0001B1EEA4,FAD/NAD-bd_sf
8124,Clo1313_1849,IPR023753,UPI0001B1EEA4,FAD/NAD-binding_dom
8125,Clo1313_1849,IPR009051,UPI0001B1EEA4,Helical_ferredxn
8126,Clo1313_1849,IPR006004,UPI0001B1EEA4,SudA-like
8127,Clo1313_1849,,UPI0001B1EEA4,
8128,Clo1313_1851,IPR039661,UPI0000536E67,ELP3
8129,Clo1313_1851,IPR006638,UPI0000536E67,Elp3/MiaA/NifB-like_rSAM
8130,Clo1313_1851,IPR032432,UPI0000536E67,Radical_SAM_C
8131,Clo1313_1851,IPR007197,UPI0000536E67,rSAM
8132,Clo1313_1851,IPR058240,UPI0000536E67,rSAM_sf
8133,Clo1313_1851,IPR005911,UPI0000536E67,YhcC-like
8134,Clo1313_1851,,UPI0000536E67,
8135,Clo1313_1852,IPR002822,UPI000038FBBC,Ni_insertion
8136,Clo1313_1852,,UPI000038FBBC,
8137,Clo1313_1853,IPR039476,UPI00005349C5,LarB-like
8138,Clo1313_1853,IPR000031,UPI00005349C5,PurE_dom
8139,Clo1313_1853,,UPI00005349C5,
8140,Clo1313_1854,IPR008927,UPI0001B1EEFE,6-PGluconate_DH-like_C_sf
8141,Clo1313_1854,IPR018931,UPI0001B1EEFE,DUF2520
8142,Clo1313_1854,IPR036291,UPI0001B1EEFE,NAD(P)-bd_dom_sf
8143,Clo1313_1854,IPR019665,UPI0001B1EEFE,OxRdtase/DH_put_Rossmann_dom
8144,Clo1313_1854,IPR037108,UPI0001B1EEFE,TM1727-like_C_sf
8145,Clo1313_1854,,UPI0001B1EEFE,
8146,Clo1313_1855,IPR012854,UPI0001B1EEFD,Cu_amine_oxidase-like_N
8147,Clo1313_1855,IPR002683,UPI0001B1EEFD,PsbP_C
8148,Clo1313_1855,,UPI0001B1EEFD,
8149,Clo1313_1857,IPR001387,UPI0000532CE3,Cro/C1-type_HTH
8150,Clo1313_1857,IPR010982,UPI0000532CE3,Lambda_DNA-bd_dom_sf
8151,Clo1313_1857,,UPI0000532CE3,
8152,Clo1313_1858,IPR004839,UPI000038FBB6,Aminotransferase_I/II_large
8153,Clo1313_1858,IPR050596,UPI000038FBB6,AspAT/PAT-like
8154,Clo1313_1858,IPR004838,UPI000038FBB6,NHTrfase_class1_PyrdxlP-BS
8155,Clo1313_1858,IPR015424,UPI000038FBB6,PyrdxlP-dep_Trfase
8156,Clo1313_1858,IPR015421,UPI000038FBB6,PyrdxlP-dep_Trfase_major
8157,Clo1313_1858,IPR015422,UPI000038FBB6,PyrdxlP-dep_Trfase_small
8158,Clo1313_1858,,UPI000038FBB6,
8159,Clo1313_1859,IPR011008,UPI000038FBB5,Dimeric_a/b-barrel
8160,Clo1313_1859,IPR050684,UPI000038FBB5,Lrp/AsnC_Siroheme_Decarb
8161,Clo1313_1859,IPR019888,UPI000038FBB5,Tscrpt_reg_AsnC-like
8162,Clo1313_1859,IPR019887,UPI000038FBB5,Tscrpt_reg_AsnC/Lrp_C
8163,Clo1313_1859,IPR036388,UPI000038FBB5,WH-like_DNA-bd_sf
8164,Clo1313_1859,IPR036390,UPI000038FBB5,WH_DNA-bd_sf
8165,Clo1313_1859,,UPI000038FBB5,
8166,Clo1313_1860,,UPI0001F32971,
8167,Clo1313_1861,,UPI000038FBB4,
8168,Clo1313_1862,IPR005746,UPI00003C9018,Thioredoxin
8169,Clo1313_1862,IPR036249,UPI00003C9018,Thioredoxin-like_sf
8170,Clo1313_1862,IPR017937,UPI00003C9018,Thioredoxin_CS
8171,Clo1313_1862,IPR013766,UPI00003C9018,Thioredoxin_domain
8172,Clo1313_1862,,UPI00003C9018,
8173,Clo1313_1866,IPR021683,UPI000053671D,DUF3267
8174,Clo1313_1866,,UPI000053671D,
8175,Clo1313_1867,IPR011834,UPI00017E5A89,Agluc_phsphrylas
8176,Clo1313_1867,IPR000811,UPI00017E5A89,Glyco_trans_35
8177,Clo1313_1867,IPR052182,UPI00017E5A89,Glycogen/Maltodextrin_Phosph
8178,Clo1313_1867,IPR024517,UPI00017E5A89,Glycogen_phosphorylase_DUF3417
8179,Clo1313_1867,,UPI00017E5A89,
8180,Clo1313_1869,IPR016195,UPI000038FC64,Pol/histidinol_Pase-like
8181,Clo1313_1869,IPR010994,UPI000038FC64,RuvA_2-like
8182,Clo1313_1869,,UPI000038FC64,
8183,Clo1313_1870,IPR002731,UPI00003C8B2B,ATPase_BadF
8184,Clo1313_1870,IPR043129,UPI00003C8B2B,ATPase_NBD
8185,Clo1313_1870,IPR008275,UPI00003C8B2B,CoA_E_activase_dom
8186,Clo1313_1870,IPR051805,UPI00003C8B2B,Dehydratase_Activator_Redct
8187,Clo1313_1870,,UPI00003C8B2B,
8188,Clo1313_1871,IPR051805,UPI0000535B70,Dehydratase_Activator_Redct
8189,Clo1313_1871,,UPI0000535B70,
8190,Clo1313_1872,IPR018709,UPI00003C8B2D,CoA_activase_DUF2229
8191,Clo1313_1872,IPR051805,UPI00003C8B2D,Dehydratase_Activator_Redct
8192,Clo1313_1872,IPR010327,UPI00003C8B2D,FldB/FldC_alpha/beta
8193,Clo1313_1872,,UPI00003C8B2D,
8194,Clo1313_1873,IPR046357,UPI0000533E15,PPIase_dom_sf
8195,Clo1313_1873,IPR000297,UPI0000533E15,PPIase_PpiC
8196,Clo1313_1873,IPR050245,UPI0000533E15,PrsA_foldase
8197,Clo1313_1873,IPR011990,UPI0000533E15,TPR-like_helical_dom_sf
8198,Clo1313_1873,IPR027304,UPI0000533E15,Trigger_fact/SurA_dom_sf
8199,Clo1313_1873,,UPI0000533E15,
8200,Clo1313_1874,IPR036286,UPI00017E5676,LexA/Signal_pep-like_sf
8201,Clo1313_1874,IPR000223,UPI00017E5676,Pept_S26A_signal_pept_1
8202,Clo1313_1874,IPR019758,UPI00017E5676,Pept_S26A_signal_pept_1_CS
8203,Clo1313_1874,IPR019533,UPI00017E5676,Peptidase_S26
8204,Clo1313_1874,,UPI00017E5676,
8205,Clo1313_1875,IPR013785,UPI00003C8B2F,Aldolase_TIM
8206,Clo1313_1875,IPR050246,UPI00003C8B2F,
8207,Clo1313_1875,IPR000771,UPI00003C8B2F,FBA_II
8208,Clo1313_1875,IPR011289,UPI00003C8B2F,Fruc_bis_ald_class-2
8209,Clo1313_1875,,UPI00003C8B2F,
8210,Clo1313_1876,IPR022953,UPI00003C8F5F,ATP_PFK
8211,Clo1313_1876,IPR050929,UPI00003C8F5F,PFKA
8212,Clo1313_1876,IPR000023,UPI00003C8F5F,Phosphofructokinase_dom
8213,Clo1313_1876,IPR035966,UPI00003C8F5F,PKF_sf
8214,Clo1313_1876,IPR011404,UPI00003C8F5F,PPi-PFK
8215,Clo1313_1876,,UPI00003C8F5F,
8216,Clo1313_1877,,UPI00005341D0,
8217,Clo1313_1878,IPR001557,UPI00003C8F5E,L-lactate/malate_DH
8218,Clo1313_1878,IPR011304,UPI00003C8F5E,L-lactate_DH
8219,Clo1313_1878,IPR018177,UPI00003C8F5E,L-lactate_DH_AS
8220,Clo1313_1878,IPR022383,UPI00003C8F5E,Lactate/malate_DH_C
8221,Clo1313_1878,IPR001236,UPI00003C8F5E,Lactate/malate_DH_N
8222,Clo1313_1878,IPR015955,UPI00003C8F5E,Lactate_DH/Glyco_Ohase_4_C
8223,Clo1313_1878,IPR036291,UPI00003C8F5E,NAD(P)-bd_dom_sf
8224,Clo1313_1878,,UPI00003C8F5E,
8225,Clo1313_1879,IPR046346,UPI0001B1ED42,Aminoacid_DH-like_N_sf
8226,Clo1313_1879,IPR051674,UPI0001B1ED42,Malate_Decarboxylase
8227,Clo1313_1879,IPR015884,UPI0001B1ED42,Malic_enzyme_CS
8228,Clo1313_1879,IPR012301,UPI0001B1ED42,Malic_N_dom
8229,Clo1313_1879,IPR037062,UPI0001B1ED42,Malic_N_dom_sf
8230,Clo1313_1879,IPR012302,UPI0001B1ED42,Malic_NAD-bd
8231,Clo1313_1879,IPR045213,UPI0001B1ED42,Malic_NAD-bd_bact_type
8232,Clo1313_1879,IPR001891,UPI0001B1ED42,Malic_OxRdtase
8233,Clo1313_1879,IPR036291,UPI0001B1ED42,NAD(P)-bd_dom_sf
8234,Clo1313_1879,,UPI0001B1ED42,
8235,Clo1313_1880,IPR002563,UPI000038F98F,Flavin_Rdtase-like_dom
8236,Clo1313_1880,IPR052174,UPI000038F98F,Flavoredoxin
8237,Clo1313_1880,IPR012349,UPI000038F98F,Split_barrel_FMN-bd
8238,Clo1313_1880,,UPI000038F98F,
8239,Clo1313_1881,IPR036010,UPI0001B1ED41,2Fe-2S_ferredoxin-like_sf
8240,Clo1313_1881,IPR001041,UPI0001B1ED41,2Fe-2S_ferredoxin-type
8241,Clo1313_1881,IPR017896,UPI0001B1ED41,4Fe4S_Fe-S-bd
8242,Clo1313_1881,IPR017900,UPI0001B1ED41,4Fe4S_Fe_S_CS
8243,Clo1313_1881,IPR050340,UPI0001B1ED41,Cytosolic_Fe-S_CAF
8244,Clo1313_1881,IPR009016,UPI0001B1ED41,Fe_hydrogenase
8245,Clo1313_1881,IPR004108,UPI0001B1ED41,Fe_hydrogenase_lsu_C
8246,Clo1313_1881,IPR003149,UPI0001B1ED41,Fe_hydrogenase_ssu
8247,Clo1313_1881,IPR036991,UPI0001B1ED41,Fe_hydrogenase_ssu_sf
8248,Clo1313_1881,IPR013352,UPI0001B1ED41,Fe_hydrogenase_subset
8249,Clo1313_1881,IPR049830,UPI0001B1ED41,HndD
8250,Clo1313_1881,IPR054351,UPI0001B1ED41,NADH_UbQ_OxRdtase_ferredoxin
8251,Clo1313_1881,IPR019574,UPI0001B1ED41,NADH_UbQ_OxRdtase_Gsu_4Fe4S-bd
8252,Clo1313_1881,,UPI0001B1ED41,
8253,Clo1313_1882,IPR017896,UPI000038F991,4Fe4S_Fe-S-bd
8254,Clo1313_1882,IPR017900,UPI000038F991,4Fe4S_Fe_S_CS
8255,Clo1313_1882,IPR001949,UPI000038F991,NADH-UbQ_OxRdtase_51kDa_CS
8256,Clo1313_1882,IPR011538,UPI000038F991,Nuo51_FMN-bd
8257,Clo1313_1882,IPR037225,UPI000038F991,Nuo51_FMN-bd_sf
8258,Clo1313_1882,IPR019575,UPI000038F991,Nuop51_4Fe4S-bd
8259,Clo1313_1882,IPR037207,UPI000038F991,Nuop51_4Fe4S-bd_sf
8260,Clo1313_1882,IPR019554,UPI000038F991,Soluble_ligand-bd
8261,Clo1313_1882,IPR036249,UPI000038F991,Thioredoxin-like_sf
8262,Clo1313_1882,,UPI000038F991,
8263,Clo1313_1883,IPR036249,UPI000038F992,Thioredoxin-like_sf
8264,Clo1313_1883,,UPI000038F992,
8265,Clo1313_1884,IPR036890,UPI000038F993,HATPase_C_sf
8266,Clo1313_1884,IPR003594,UPI000038F993,HATPase_dom
8267,Clo1313_1884,IPR005467,UPI000038F993,His_kinase_dom
8268,Clo1313_1884,IPR004358,UPI000038F993,Sig_transdc_His_kin-like_C
8269,Clo1313_1884,,UPI000038F993,
8270,Clo1313_1885,IPR028431,UPI000038F994,NADP_DH_HndA-like
8271,Clo1313_1885,IPR002023,UPI000038F994,NuoE-like
8272,Clo1313_1885,IPR042128,UPI000038F994,NuoE_dom
8273,Clo1313_1885,IPR041921,UPI000038F994,NuoE_N
8274,Clo1313_1885,IPR036249,UPI000038F994,Thioredoxin-like_sf
8275,Clo1313_1885,,UPI000038F994,
8276,Clo1313_1886,IPR004013,UPI000038F995,PHP_dom
8277,Clo1313_1886,IPR052018,UPI000038F995,PHP_domain
8278,Clo1313_1886,IPR003141,UPI000038F995,Pol/His_phosphatase_N
8279,Clo1313_1886,IPR016195,UPI000038F995,Pol/histidinol_Pase-like
8280,Clo1313_1886,,UPI000038F995,
8281,Clo1313_1887,IPR010766,UPI000038F997,DRTGG
8282,Clo1313_1887,IPR028979,UPI000038F997,Ser_kin/Pase_Hpr-like_N_sf
8283,Clo1313_1887,,UPI000038F997,
8284,Clo1313_1888,IPR007202,UPI000038F998,4Fe-4S_dom
8285,Clo1313_1888,IPR017896,UPI000038F998,4Fe4S_Fe-S-bd
8286,Clo1313_1888,IPR017900,UPI000038F998,4Fe4S_Fe_S_CS
8287,Clo1313_1888,IPR050395,UPI000038F998,4Fe4S_Ferredoxin_RnfB
8288,Clo1313_1888,IPR009016,UPI000038F998,Fe_hydrogenase
8289,Clo1313_1888,IPR004108,UPI000038F998,Fe_hydrogenase_lsu_C
8290,Clo1313_1888,,UPI000038F998,
8291,Clo1313_1889,IPR036890,UPI0001B1ED25,HATPase_C_sf
8292,Clo1313_1889,IPR003594,UPI0001B1ED25,HATPase_dom
8293,Clo1313_1889,,UPI0001B1ED25,
8294,Clo1313_1890,IPR010766,UPI000038F99A,DRTGG
8295,Clo1313_1890,IPR028979,UPI000038F99A,Ser_kin/Pase_Hpr-like_N_sf
8296,Clo1313_1890,,UPI000038F99A,
8297,Clo1313_1891,IPR003593,UPI000038F99B,AAA+_ATPase
8298,Clo1313_1891,IPR012675,UPI000038F99B,Beta-grasp_dom_sf
8299,Clo1313_1891,IPR027417,UPI000038F99B,P-loop_NTPase
8300,Clo1313_1891,IPR006083,UPI000038F99B,PRK/URK
8301,Clo1313_1891,IPR004095,UPI000038F99B,TGS
8302,Clo1313_1891,IPR012676,UPI000038F99B,TGS-like
8303,Clo1313_1891,IPR018163,UPI000038F99B,Thr/Ala-tRNA-synth_IIc_edit
8304,Clo1313_1891,,UPI000038F99B,
8305,Clo1313_1892,IPR029068,UPI0001B1ED24,Glyas_Bleomycin-R_OHBP_Dase
8306,Clo1313_1892,IPR004360,UPI0001B1ED24,Glyas_Fos-R_dOase_dom
8307,Clo1313_1892,IPR037523,UPI0001B1ED24,VOC_core
8308,Clo1313_1892,,UPI0001B1ED24,
8309,Clo1313_1894,IPR014998,UPI00003C8F58,DUF1848
8310,Clo1313_1894,IPR036305,UPI00003C8F58,RGS_sf
8311,Clo1313_1894,,UPI00003C8F58,
8312,Clo1313_1895,,UPI0001B1ED23,
8313,Clo1313_1896,IPR053905,UPI000038F99D,EF-G-like_DII
8314,Clo1313_1896,IPR035647,UPI000038F99D,EFG_III/V
8315,Clo1313_1896,IPR031157,UPI000038F99D,G_TR_CS
8316,Clo1313_1896,IPR027417,UPI000038F99D,P-loop_NTPase
8317,Clo1313_1896,IPR004548,UPI000038F99D,PrfC
8318,Clo1313_1896,IPR032090,UPI000038F99D,RF3_C
8319,Clo1313_1896,IPR038467,UPI000038F99D,RF3_dom_3_sf
8320,Clo1313_1896,IPR041732,UPI000038F99D,RF3_GTP-bd
8321,Clo1313_1896,IPR005225,UPI000038F99D,Small_GTP-bd
8322,Clo1313_1896,IPR000795,UPI000038F99D,T_Tr_GTP-bd_dom
8323,Clo1313_1896,IPR009000,UPI000038F99D,Transl_B-barrel_sf
8324,Clo1313_1896,,UPI000038F99D,
8325,Clo1313_1897,IPR051465,UPI0001B1ED22,Cell_Envelope_Struct_Comp
8326,Clo1313_1897,IPR058094,UPI0001B1ED22,Ig-like_OmpL47-like
8327,Clo1313_1897,IPR001434,UPI0001B1ED22,OmcB-like_DUF11
8328,Clo1313_1897,IPR001119,UPI0001B1ED22,SLH_dom
8329,Clo1313_1897,,UPI0001B1ED22,
8330,Clo1313_1899,,UPI0001B1EE49,
8331,Clo1313_1900,,UPI000038F99F,
8332,Clo1313_1901,IPR003010,UPI0001F32991,C-N_Hydrolase
8333,Clo1313_1901,IPR036526,UPI0001F32991,C-N_Hydrolase_sf
8334,Clo1313_1901,IPR014445,UPI0001F32991,Gln-dep_NAD_synthase
8335,Clo1313_1901,IPR041856,UPI0001F32991,NAD+_synth_C
8336,Clo1313_1901,IPR022310,UPI0001F32991,NAD/GMP_synthase
8337,Clo1313_1901,IPR003694,UPI0001F32991,NAD_synthase
8338,Clo1313_1901,IPR014729,UPI0001F32991,Rossmann-like_a/b/a_fold
8339,Clo1313_1901,,UPI0001F32991,
8340,Clo1313_1902,IPR001412,UPI0001B1EE46,aa-tRNA-synth_I_CS
8341,Clo1313_1902,IPR002300,UPI0001B1EE46,aa-tRNA-synth_Ia
8342,Clo1313_1902,IPR033705,UPI0001B1EE46,Anticodon_Ia_Val
8343,Clo1313_1902,IPR013155,UPI0001B1EE46,M/V/L/I-tRNA-synth_anticd-bd
8344,Clo1313_1902,IPR014729,UPI0001B1EE46,Rossmann-like_a/b/a_fold
8345,Clo1313_1902,IPR010978,UPI0001B1EE46,tRNA-bd_arm
8346,Clo1313_1902,IPR009080,UPI0001B1EE46,tRNAsynth_Ia_anticodon-bd
8347,Clo1313_1902,IPR037118,UPI0001B1EE46,Val-tRNA_synth_C_sf
8348,Clo1313_1902,IPR019499,UPI0001B1EE46,Val-tRNA_synth_tRNA-bd
8349,Clo1313_1902,IPR009008,UPI0001B1EE46,Val/Leu/Ile-tRNA-synth_edit
8350,Clo1313_1902,IPR002303,UPI0001B1EE46,Valyl-tRNA_ligase
8351,Clo1313_1902,,UPI0001B1EE46,
8352,Clo1313_1903,,UPI000038F9A1,
8353,Clo1313_1904,IPR017853,UPI00005351A2,GH_hydrolase_sf
8354,Clo1313_1904,IPR001764,UPI00005351A2,Glyco_hydro_3_N
8355,Clo1313_1904,IPR036962,UPI00005351A2,Glyco_hydro_3_N_sf
8356,Clo1313_1904,IPR050226,UPI00005351A2,NagZ_Beta-hexosaminidase
8357,Clo1313_1904,,UPI00005351A2,
8358,Clo1313_1905,IPR011990,UPI000038F9A4,TPR-like_helical_dom_sf
8359,Clo1313_1905,IPR019734,UPI000038F9A4,TPR_rpt
8360,Clo1313_1905,,UPI000038F9A4,
8361,Clo1313_1906,,UPI0001B1EE45,
8362,Clo1313_1907,IPR050197,UPI000038F9A6,Aldolase_class_II_sugar_metab
8363,Clo1313_1907,IPR001303,UPI000038F9A6,Aldolase_II/adducin_N
8364,Clo1313_1907,IPR036409,UPI000038F9A6,Aldolase_II/adducin_N_sf
8365,Clo1313_1907,,UPI000038F9A6,
8366,Clo1313_1908,IPR050979,UPI0000F21895,LD-transpeptidase
8367,Clo1313_1908,IPR005490,UPI0000F21895,LD_TPept_cat_dom
8368,Clo1313_1908,IPR002477,UPI0000F21895,Peptidoglycan-bd-like
8369,Clo1313_1908,IPR036365,UPI0000F21895,PGBD-like_sf
8370,Clo1313_1908,IPR036366,UPI0000F21895,PGBDSf
8371,Clo1313_1908,IPR038063,UPI0000F21895,Transpep_catalytic_dom
8372,Clo1313_1908,,UPI0000F21895,
8373,Clo1313_1909,,UPI000038F9A8,
8374,Clo1313_1910,IPR024449,UPI00003C8F79,Anti-sigma_RsgI_N
8375,Clo1313_1910,IPR037524,UPI00003C8F79,PA14/GLEYA
8376,Clo1313_1910,IPR011658,UPI00003C8F79,PA14_dom
8377,Clo1313_1910,IPR055431,UPI00003C8F79,RsgI_M
8378,Clo1313_1910,,UPI00003C8F79,
8379,Clo1313_1911,IPR014244,UPI00005351A3,RNA_pol_sigma-I
8380,Clo1313_1911,IPR007627,UPI00005351A3,RNA_pol_sigma70_r2
8381,Clo1313_1911,IPR013325,UPI00005351A3,RNA_pol_sigma_r2
8382,Clo1313_1911,,UPI00005351A3,
8383,Clo1313_1912,IPR010610,UPI0001B1EE44,EryCIII-like_C
8384,Clo1313_1912,IPR002213,UPI0001B1EE44,UDP_glucos_trans
8385,Clo1313_1912,,UPI0001B1EE44,
8386,Clo1313_1913,IPR007358,UPI0001B1EE43,Nucleoid_associated_NdpA
8387,Clo1313_1913,,UPI0001B1EE43,
8388,Clo1313_1914,IPR003593,UPI0001B1EE42,AAA+_ATPase
8389,Clo1313_1914,IPR003959,UPI0001B1EE42,ATPase_AAA_core
8390,Clo1313_1914,IPR019489,UPI0001B1EE42,Clp_ATPase_C
8391,Clo1313_1914,IPR001270,UPI0001B1EE42,ClpA/B
8392,Clo1313_1914,IPR028299,UPI0001B1EE42,ClpA/B_CS2
8393,Clo1313_1914,IPR041546,UPI0001B1EE42,ClpA/ClpB_AAA_lid
8394,Clo1313_1914,IPR050130,UPI0001B1EE42,ClpA_ClpB
8395,Clo1313_1914,IPR027417,UPI0001B1EE42,P-loop_NTPase
8396,Clo1313_1914,,UPI0001B1EE42,
8397,Clo1313_2664,IPR025668,UPI00003C8ABF,Tnp_DDE_dom
8398,Clo1313_2664,,UPI00003C8ABF,
8399,Clo1313_1916,IPR003593,UPI0001B1EDF8,AAA+_ATPase
8400,Clo1313_1916,IPR003439,UPI0001B1EDF8,ABC_transporter-like_ATP-bd
8401,Clo1313_1916,IPR017871,UPI0001B1EDF8,ABC_transporter-like_CS
8402,Clo1313_1916,IPR013815,UPI0001B1EDF8,ATP_grasp_subdomain_1
8403,Clo1313_1916,IPR027417,UPI0001B1EDF8,P-loop_NTPase
8404,Clo1313_1916,IPR004602,UPI0001B1EDF8,UvrA
8405,Clo1313_1916,IPR041552,UPI0001B1EDF8,UvrA_DNA-bd
8406,Clo1313_1916,IPR041102,UPI0001B1EDF8,UvrA_inter
8407,Clo1313_1916,,UPI0001B1EDF8,
8408,Clo1313_1917,IPR010611,UPI0001B1EDF7,3D_dom
8409,Clo1313_1917,IPR059180,UPI0001B1EDF7,3D_YorM
8410,Clo1313_1917,IPR051933,UPI0001B1EDF7,Resuscitation_pf_RpfB
8411,Clo1313_1917,IPR036908,UPI0001B1EDF7,RlpA-like_sf
8412,Clo1313_1917,,UPI0001B1EDF7,
8413,Clo1313_1918,IPR006935,UPI0000F21894,Helicase/UvrB_N
8414,Clo1313_1918,IPR014001,UPI0000F21894,Helicase_ATP-bd
8415,Clo1313_1918,IPR001650,UPI0000F21894,Helicase_C-like
8416,Clo1313_1918,IPR027417,UPI0000F21894,P-loop_NTPase
8417,Clo1313_1918,IPR001943,UPI0000F21894,UVR_dom
8418,Clo1313_1918,IPR036876,UPI0000F21894,UVR_dom_sf
8419,Clo1313_1918,IPR004807,UPI0000F21894,UvrB
8420,Clo1313_1918,IPR041471,UPI0000F21894,UvrB_inter
8421,Clo1313_1918,IPR024759,UPI0000F21894,UvrB_YAD/RRR_dom
8422,Clo1313_1918,,UPI0000F21894,
8423,Clo1313_1920,IPR025328,UPI00003C9109,DUF4234
8424,Clo1313_1920,,UPI00003C9109,
8425,Clo1313_1921,IPR006691,UPI0001B1EDC1,GyrA/parC_rep
8426,Clo1313_1921,IPR035516,UPI0001B1EDC1,Gyrase/topoIV_suA_C
8427,Clo1313_1921,IPR013760,UPI0001B1EDC1,Topo_IIA-like_dom_sf
8428,Clo1313_1921,IPR013758,UPI0001B1EDC1,Topo_IIA_A/C_ab
8429,Clo1313_1921,IPR013757,UPI0001B1EDC1,Topo_IIA_A_a_sf
8430,Clo1313_1921,IPR002205,UPI0001B1EDC1,Topo_IIA_dom_A
8431,Clo1313_1921,IPR050220,UPI0001B1EDC1,Type_II_DNA_Topoisomerases
8432,Clo1313_1921,,UPI0001B1EDC1,
8433,Clo1313_1922,IPR002288,UPI00003C910B,DNA_gyrase_B_C
8434,Clo1313_1922,IPR036890,UPI00003C910B,HATPase_C_sf
8435,Clo1313_1922,IPR020568,UPI00003C910B,Ribosomal_Su5_D2-typ_SF
8436,Clo1313_1922,IPR014721,UPI00003C910B,Ribsml_uS5_D2-typ_fold_subgr
8437,Clo1313_1922,IPR001241,UPI00003C910B,Topo_IIA
8438,Clo1313_1922,IPR013760,UPI00003C910B,Topo_IIA-like_dom_sf
8439,Clo1313_1922,IPR000565,UPI00003C910B,Topo_IIA_B
8440,Clo1313_1922,IPR013759,UPI00003C910B,Topo_IIA_B_C
8441,Clo1313_1922,IPR013506,UPI00003C910B,Topo_IIA_bsu_dom2
8442,Clo1313_1922,IPR018522,UPI00003C910B,TopoIIA_CS
8443,Clo1313_1922,IPR006171,UPI00003C910B,TOPRIM_dom
8444,Clo1313_1922,,UPI00003C910B,
8445,Clo1313_1923,,UPI0000537F10,
8446,Clo1313_1924,,UPI0001B1EDC0,
8447,Clo1313_1925,IPR024528,UPI000038FE45,ThrE_2
8448,Clo1313_1925,IPR050539,UPI000038FE45,ThrE_Dicarb/AminoAcid_Exp
8449,Clo1313_1925,,UPI000038FE45,
8450,Clo1313_1926,IPR010619,UPI0001B1EDBF,ThrE-like_N
8451,Clo1313_1926,IPR050539,UPI0001B1EDBF,ThrE_Dicarb/AminoAcid_Exp
8452,Clo1313_1926,,UPI0001B1EDBF,
8453,Clo1313_1927,IPR014044,UPI0001B1EDBE,CAP_dom
8454,Clo1313_1927,IPR014258,UPI0001B1EDBE,CAP_domain_YkwD-like
8455,Clo1313_1927,IPR035940,UPI0001B1EDBE,CAP_sf
8456,Clo1313_1927,IPR018392,UPI0001B1EDBE,LysM
8457,Clo1313_1927,IPR036779,UPI0001B1EDBE,LysM_dom_sf
8458,Clo1313_1927,IPR014248,UPI0001B1EDBE,Spore_coat_assembly_SafA
8459,Clo1313_1927,,UPI0001B1EDBE,
8460,Clo1313_1928,IPR002528,UPI0000F218FA,MATE_fam
8461,Clo1313_1928,IPR048279,UPI0000F218FA,MdtK-like
8462,Clo1313_1928,IPR047135,UPI0000F218FA,YsiQ
8463,Clo1313_1928,,UPI0000F218FA,
8464,Clo1313_1929,IPR004090,UPI0001B1EDBD,Chemotax_Me-accpt_rcpt
8465,Clo1313_1929,IPR003660,UPI0001B1EDBD,HAMP_dom
8466,Clo1313_1929,IPR051310,UPI0001B1EDBD,
8467,Clo1313_1929,IPR004089,UPI0001B1EDBD,MCPsignal_dom
8468,Clo1313_1929,,UPI0001B1EDBD,
8469,Clo1313_1930,IPR050297,UPI0000F218F7,LipidA_mod_glycosyltrf_83
8470,Clo1313_1930,,UPI0000F218F7,
8471,Clo1313_1931,IPR022278,UPI000038FD64,Pser_aminoTfrase
8472,Clo1313_1931,IPR006271,UPI000038FD64,Pser_aminoTfrase_methanosarc
8473,Clo1313_1931,IPR015424,UPI000038FD64,PyrdxlP-dep_Trfase
8474,Clo1313_1931,IPR015421,UPI000038FD64,PyrdxlP-dep_Trfase_major
8475,Clo1313_1931,IPR015422,UPI000038FD64,PyrdxlP-dep_Trfase_small
8476,Clo1313_1931,,UPI000038FD64,
8477,Clo1313_1933,,UPI00003C9133,
8478,Clo1313_1936,,UPI0001B1F021,
8479,Clo1313_1937,IPR008928,UPI00003C8AA7,6-hairpin_glycosidase_sf
8480,Clo1313_1937,IPR012341,UPI00003C8AA7,6hp_glycosidase-like_sf
8481,Clo1313_1937,IPR024705,UPI00003C8AA7,Ssp411
8482,Clo1313_1937,IPR004879,UPI00003C8AA7,Ssp411-like_TRX
8483,Clo1313_1937,IPR036249,UPI00003C8AA7,Thioredoxin-like_sf
8484,Clo1313_1937,,UPI00003C8AA7,
8485,Clo1313_1938,IPR045865,UPI00017E17E2,ACT-like_dom_sf
8486,Clo1313_1938,IPR002912,UPI00017E17E2,ACT_dom
8487,Clo1313_1938,IPR005106,UPI00017E17E2,Asp/hSer_DH_NAD-bd
8488,Clo1313_1938,IPR016204,UPI00017E17E2,HDH
8489,Clo1313_1938,IPR001342,UPI00017E17E2,HDH_cat
8490,Clo1313_1938,IPR019811,UPI00017E17E2,HDH_CS
8491,Clo1313_1938,IPR036291,UPI00017E17E2,NAD(P)-bd_dom_sf
8492,Clo1313_1938,,UPI00017E17E2,
8493,Clo1313_1939,IPR006555,UPI0001B1F01E,ATP-dep_Helicase_C
8494,Clo1313_1939,IPR045028,UPI0001B1F01E,DinG/Rad3-like
8495,Clo1313_1939,IPR014013,UPI0001B1F01E,Helic_SF1/SF2_ATP-bd_DinG/Rad3
8496,Clo1313_1939,IPR006554,UPI0001B1F01E,Helicase-like_DEXD_c2
8497,Clo1313_1939,IPR027417,UPI0001B1F01E,P-loop_NTPase
8498,Clo1313_1939,IPR011604,UPI0001B1F01E,PDDEXK-like_dom_sf
8499,Clo1313_1939,IPR038726,UPI0001B1F01E,PDDEXK_AddAB-type
8500,Clo1313_1939,IPR010614,UPI0001B1F01E,RAD3-like_helicase_DEAD
8501,Clo1313_1939,IPR042493,UPI0001B1F01E,XPD_DNA_FeS
8502,Clo1313_1939,,UPI0001B1F01E,
8503,Clo1313_1940,IPR050903,UPI000038F7BB,Bact_Chemotaxis_MeTrfase
8504,Clo1313_1940,IPR022642,UPI000038F7BB,CheR_C
8505,Clo1313_1940,IPR000780,UPI000038F7BB,CheR_MeTrfase
8506,Clo1313_1940,IPR022641,UPI000038F7BB,CheR_N
8507,Clo1313_1940,IPR029063,UPI000038F7BB,SAM-dependent_MTases_sf
8508,Clo1313_1940,,UPI000038F7BB,
8509,Clo1313_1942,IPR011006,UPI000038F7B9,CheY-like_superfamily
8510,Clo1313_1942,IPR036890,UPI000038F7B9,HATPase_C_sf
8511,Clo1313_1942,IPR003594,UPI000038F7B9,HATPase_dom
8512,Clo1313_1942,IPR005467,UPI000038F7B9,His_kinase_dom
8513,Clo1313_1942,IPR003661,UPI000038F7B9,HisK_dim/P_dom
8514,Clo1313_1942,IPR036097,UPI000038F7B9,HisK_dim/P_sf
8515,Clo1313_1942,IPR004358,UPI000038F7B9,Sig_transdc_His_kin-like_C
8516,Clo1313_1942,IPR001789,UPI000038F7B9,Sig_transdc_resp-reg_receiver
8517,Clo1313_1942,,UPI000038F7B9,
8518,Clo1313_1943,,UPI00017E17DE,
8519,Clo1313_1944,IPR019818,UPI000038F7B8,IsoCit/isopropylmalate_DH_CS
8520,Clo1313_1944,IPR004790,UPI000038F7B8,Isocitrate_DH_NADP
8521,Clo1313_1944,IPR024084,UPI000038F7B8,IsoPropMal-DH-like_dom
8522,Clo1313_1944,,UPI000038F7B8,
8523,Clo1313_1945,IPR003593,UPI000038F7B7,AAA+_ATPase
8524,Clo1313_1945,IPR008533,UPI000038F7B7,DUF815
8525,Clo1313_1945,IPR027417,UPI000038F7B7,P-loop_NTPase
8526,Clo1313_1945,,UPI000038F7B7,
8527,Clo1313_1946,IPR020471,UPI0001B1EFDD,AKR
8528,Clo1313_1946,IPR005399,UPI0001B1EFDD,K_chnl_volt-dep_bsu_KCNAB-rel
8529,Clo1313_1946,IPR036812,UPI0001B1EFDD,NAD(P)_OxRdtase_dom_sf
8530,Clo1313_1946,IPR023210,UPI0001B1EFDD,NADP_OxRdtase_dom
8531,Clo1313_1946,,UPI0001B1EFDD,
8532,Clo1313_1947,IPR001296,UPI000038F7B5,Glyco_trans_1
8533,Clo1313_1947,IPR011835,UPI000038F7B5,GS/SS
8534,Clo1313_1947,IPR013534,UPI000038F7B5,Starch_synth_cat_dom
8535,Clo1313_1947,,UPI000038F7B5,
8536,Clo1313_1948,IPR012347,UPI000038F7B4,Ferritin-like
8537,Clo1313_1948,IPR012851,UPI000038F7B4,Spore_coat_CotF-like
8538,Clo1313_1948,,UPI000038F7B4,
8539,Clo1313_1949,IPR012347,UPI00017E2FD3,Ferritin-like
8540,Clo1313_1949,,UPI00017E2FD3,
8541,Clo1313_1950,IPR020103,UPI00003C8AAD,PsdUridine_synth_cat_dom_sf
8542,Clo1313_1950,IPR006145,UPI00003C8AAD,PsdUridine_synth_RsuA/RluA
8543,Clo1313_1950,IPR050188,UPI00003C8AAD,RluA_PseudoU_synthase
8544,Clo1313_1950,,UPI00003C8AAD,
8545,Clo1313_1951,IPR013780,UPI00017E2FD2,Glyco_hydro_b
8546,Clo1313_1951,IPR019614,UPI00017E2FD2,SAM-dep_methyl-trfase
8547,Clo1313_1951,IPR029063,UPI00017E2FD2,SAM-dependent_MTases_sf
8548,Clo1313_1951,,UPI00017E2FD2,
8549,Clo1313_1952,,UPI00017E2FD1,
8550,Clo1313_1953,IPR050418,UPI000038F7B1,D-iso_2-hydroxyacid_DH_PdxB
8551,Clo1313_1953,IPR006139,UPI000038F7B1,D-isomer_2_OHA_DH_cat_dom
8552,Clo1313_1953,IPR029753,UPI000038F7B1,D-isomer_DH_CS
8553,Clo1313_1953,IPR006140,UPI000038F7B1,D-isomer_DH_NAD-bd
8554,Clo1313_1953,IPR036291,UPI000038F7B1,NAD(P)-bd_dom_sf
8555,Clo1313_1953,,UPI000038F7B1,
8556,Clo1313_1954,IPR008928,UPI00003C8AAE,6-hairpin_glycosidase_sf
8557,Clo1313_1954,IPR012341,UPI00003C8AAE,6hp_glycosidase-like_sf
8558,Clo1313_1954,IPR011013,UPI00003C8AAE,Gal_mutarotase_sf_dom
8559,Clo1313_1954,IPR037018,UPI00003C8AAE,GH65_N
8560,Clo1313_1954,IPR033432,UPI00003C8AAE,GH94_catalytic
8561,Clo1313_1954,IPR052047,UPI00003C8AAE,GH94_Enzymes
8562,Clo1313_1954,IPR037825,UPI00003C8AAE,GH94N_CBP
8563,Clo1313_1954,IPR005194,UPI00003C8AAE,Glyco_hydro_65_C
8564,Clo1313_1954,IPR010383,UPI00003C8AAE,Glyco_hydrolase_94_b-supersand
8565,Clo1313_1954,,UPI00003C8AAE,
8566,Clo1313_1955,IPR008928,UPI000038F7AF,6-hairpin_glycosidase_sf
8567,Clo1313_1955,IPR012341,UPI000038F7AF,6hp_glycosidase-like_sf
8568,Clo1313_1955,IPR002105,UPI000038F7AF,Dockerin_1_rpt
8569,Clo1313_1955,IPR016134,UPI000038F7AF,Dockerin_dom
8570,Clo1313_1955,IPR036439,UPI000038F7AF,Dockerin_dom_sf
8571,Clo1313_1955,IPR018247,UPI000038F7AF,EF_Hand_1_Ca_BS
8572,Clo1313_1955,IPR001701,UPI000038F7AF,Glyco_hydro_9
8573,Clo1313_1955,IPR033126,UPI000038F7AF,Glyco_hydro_9_Asp/Glu_AS
8574,Clo1313_1955,IPR018221,UPI000038F7AF,Glyco_hydro_9_His_AS
8575,Clo1313_1955,,UPI000038F7AF,
8576,Clo1313_1956,IPR000160,UPI00017E2FCF,GGDEF_dom
8577,Clo1313_1956,IPR003607,UPI00017E2FCF,HD/PDEase_dom
8578,Clo1313_1956,IPR006674,UPI00017E2FCF,HD_domain
8579,Clo1313_1956,IPR037522,UPI00017E2FCF,HD_GYP_dom
8580,Clo1313_1956,IPR006675,UPI00017E2FCF,HDIG_dom
8581,Clo1313_1956,IPR029787,UPI00017E2FCF,Nucleotide_cyclase
8582,Clo1313_1956,IPR043128,UPI00017E2FCF,Rev_trsase/Diguanyl_cyclase
8583,Clo1313_1956,,UPI00017E2FCF,
8584,Clo1313_1957,IPR012338,UPI00005350A2,Beta-lactam/transpept-like
8585,Clo1313_1957,IPR015956,UPI00005350A2,Peniciliin-bd_prot_C_sf
8586,Clo1313_1957,IPR018044,UPI00005350A2,Peptidase_S11
8587,Clo1313_1957,IPR012907,UPI00005350A2,Peptidase_S11_C
8588,Clo1313_1957,IPR037167,UPI00005350A2,Peptidase_S11_C_sf
8589,Clo1313_1957,IPR001967,UPI00005350A2,Peptidase_S11_N
8590,Clo1313_1957,,UPI00005350A2,
8591,Clo1313_1958,IPR008965,UPI000038F7AC,CBM2/CBM3_carb-bd_dom_sf
8592,Clo1313_1958,IPR001956,UPI000038F7AC,CBM3
8593,Clo1313_1958,IPR036966,UPI000038F7AC,CBM3_sf
8594,Clo1313_1958,,UPI000038F7AC,
8595,Clo1313_1959,IPR011583,UPI000038F7AB,Chitinase_II/V-like_cat
8596,Clo1313_1959,IPR029070,UPI000038F7AB,Chitinase_insertion_sf
8597,Clo1313_1959,IPR002105,UPI000038F7AB,Dockerin_1_rpt
8598,Clo1313_1959,IPR016134,UPI000038F7AB,Dockerin_dom
8599,Clo1313_1959,IPR036439,UPI000038F7AB,Dockerin_dom_sf
8600,Clo1313_1959,IPR018247,UPI000038F7AB,EF_Hand_1_Ca_BS
8601,Clo1313_1959,IPR017853,UPI000038F7AB,GH_hydrolase_sf
8602,Clo1313_1959,IPR001223,UPI000038F7AB,Glyco_hydro18_cat
8603,Clo1313_1959,IPR001579,UPI000038F7AB,Glyco_hydro_18_chit_AS
8604,Clo1313_1959,IPR050314,UPI000038F7AB,Glycosyl_Hydrlase_18
8605,Clo1313_1959,,UPI000038F7AB,
8606,Clo1313_1960,IPR008928,UPI000012BDCA,6-hairpin_glycosidase_sf
8607,Clo1313_1960,IPR012341,UPI000012BDCA,6hp_glycosidase-like_sf
8608,Clo1313_1960,IPR002105,UPI000012BDCA,Dockerin_1_rpt
8609,Clo1313_1960,IPR016134,UPI000012BDCA,Dockerin_dom
8610,Clo1313_1960,IPR036439,UPI000012BDCA,Dockerin_dom_sf
8611,Clo1313_1960,IPR018247,UPI000012BDCA,EF_Hand_1_Ca_BS
8612,Clo1313_1960,IPR002037,UPI000012BDCA,Glyco_hydro_8
8613,Clo1313_1960,IPR019834,UPI000012BDCA,Glyco_hydro_8_CS
8614,Clo1313_1960,,UPI000012BDCA,
8615,Clo1313_1961,IPR014244,UPI00003C8AB2,RNA_pol_sigma-I
8616,Clo1313_1961,IPR013325,UPI00003C8AB2,RNA_pol_sigma_r2
8617,Clo1313_1961,,UPI00003C8AB2,
8618,Clo1313_1962,IPR024449,UPI00017E2FCB,Anti-sigma_RsgI_N
8619,Clo1313_1962,IPR008965,UPI00017E2FCB,CBM2/CBM3_carb-bd_dom_sf
8620,Clo1313_1962,IPR001956,UPI00017E2FCB,CBM3
8621,Clo1313_1962,IPR036966,UPI00017E2FCB,CBM3_sf
8622,Clo1313_1962,IPR055431,UPI00017E2FCB,RsgI_M
8623,Clo1313_1962,,UPI00017E2FCB,
8624,Clo1313_1963,IPR004089,UPI0000534227,MCPsignal_dom
8625,Clo1313_1963,,UPI0000534227,
8626,Clo1313_1964,IPR000192,UPI000038F7A6,Aminotrans_V_dom
8627,Clo1313_1964,IPR020578,UPI000038F7A6,Aminotrans_V_PyrdxlP_BS
8628,Clo1313_1964,IPR015424,UPI000038F7A6,PyrdxlP-dep_Trfase
8629,Clo1313_1964,IPR015421,UPI000038F7A6,PyrdxlP-dep_Trfase_major
8630,Clo1313_1964,IPR015422,UPI000038F7A6,PyrdxlP-dep_Trfase_small
8631,Clo1313_1964,IPR024169,UPI000038F7A6,SP_NH2Trfase/AEP_transaminase
8632,Clo1313_1964,,UPI000038F7A6,
8633,Clo1313_1965,,UPI00003C8AB4,
8634,Clo1313_1966,,UPI00003C8AB5,
8635,Clo1313_1967,IPR016161,UPI0000535F9D,Ald_DH/histidinol_DH
8636,Clo1313_1967,IPR016163,UPI0000535F9D,Ald_DH_C
8637,Clo1313_1967,IPR016162,UPI0000535F9D,Ald_DH_N
8638,Clo1313_1967,IPR015590,UPI0000535F9D,Aldehyde_DH_dom
8639,Clo1313_1967,IPR020593,UPI0000535F9D,G-glutamylP_reductase_CS
8640,Clo1313_1967,IPR012134,UPI0000535F9D,Glu-5-SA_DH
8641,Clo1313_1967,IPR000965,UPI0000535F9D,GPR_dom
8642,Clo1313_1967,,UPI0000535F9D,
8643,Clo1313_1968,IPR050155,UPI00003C8AB7,HAD-like_hydrolase_sf
8644,Clo1313_1968,IPR036412,UPI00003C8AB7,HAD-like_sf
8645,Clo1313_1968,IPR006439,UPI00003C8AB7,HAD-SF_hydro_IA
8646,Clo1313_1968,IPR041492,UPI00003C8AB7,HAD_2
8647,Clo1313_1968,IPR023214,UPI00003C8AB7,HAD_sf
8648,Clo1313_1968,IPR023198,UPI00003C8AB7,PGP-like_dom2
8649,Clo1313_1968,,UPI00003C8AB7,
8650,Clo1313_1969,IPR024449,UPI0001B1EFDB,Anti-sigma_RsgI_N
8651,Clo1313_1969,IPR009003,UPI0001B1EFDB,Peptidase_S1_PA
8652,Clo1313_1969,IPR001940,UPI0001B1EFDB,Peptidase_S1C
8653,Clo1313_1969,IPR055431,UPI0001B1EFDB,RsgI_M
8654,Clo1313_1969,,UPI0001B1EFDB,
8655,Clo1313_1970,IPR022764,UPI00005350B9,Peptidase_S54_rhomboid_dom
8656,Clo1313_1970,IPR035952,UPI00005350B9,Rhomboid-like_sf
8657,Clo1313_1970,,UPI00005350B9,
8658,Clo1313_1971,IPR002105,UPI00003C8ABA,Dockerin_1_rpt
8659,Clo1313_1971,IPR016134,UPI00003C8ABA,Dockerin_dom
8660,Clo1313_1971,IPR036439,UPI00003C8ABA,Dockerin_dom_sf
8661,Clo1313_1971,IPR018247,UPI00003C8ABA,EF_Hand_1_Ca_BS
8662,Clo1313_1971,IPR058923,UPI00003C8ABA,RCC1-like_dom
8663,Clo1313_1971,IPR009091,UPI00003C8ABA,RCC1/BLIP-II
8664,Clo1313_1971,IPR000408,UPI00003C8ABA,Reg_chr_condens
8665,Clo1313_1971,IPR051709,UPI00003C8ABA,Ub-ligase/GTPase-reg
8666,Clo1313_1971,,UPI00003C8ABA,
8667,Clo1313_1972,IPR003593,UPI0000536695,AAA+_ATPase
8668,Clo1313_1972,IPR027417,UPI0000536695,P-loop_NTPase
8669,Clo1313_1972,IPR006321,UPI0000536695,PilT/PilU
8670,Clo1313_1972,IPR001482,UPI0000536695,T2SS/T4SS_dom
8671,Clo1313_1972,IPR050921,UPI0000536695,
8672,Clo1313_1972,,UPI0000536695,
8673,Clo1313_1973,IPR036890,UPI000038F7A3,HATPase_C_sf
8674,Clo1313_1973,IPR003594,UPI000038F7A3,HATPase_dom
8675,Clo1313_1973,IPR005467,UPI000038F7A3,His_kinase_dom
8676,Clo1313_1973,IPR046335,UPI000038F7A3,LacI/GalR-like_sensor
8677,Clo1313_1973,IPR028082,UPI000038F7A3,Peripla_BP_I
8678,Clo1313_1973,IPR004358,UPI000038F7A3,Sig_transdc_His_kin-like_C
8679,Clo1313_1973,,UPI000038F7A3,
8680,Clo1313_1974,,UPI00003C8ABB,
8681,Clo1313_1975,IPR002881,UPI000038F7A1,DUF58
8682,Clo1313_1975,,UPI000038F7A1,
8683,Clo1313_1976,IPR011703,UPI000038F7A0,ATPase_AAA-3
8684,Clo1313_1976,IPR050764,UPI000038F7A0,CbbQ/NirQ/NorQ/GpvN
8685,Clo1313_1976,IPR041628,UPI000038F7A0,ChlI/MoxR_AAA_lid
8686,Clo1313_1976,IPR027417,UPI000038F7A0,P-loop_NTPase
8687,Clo1313_1976,,UPI000038F7A0,
8688,Clo1313_1977,,UPI000038F79F,
8689,Clo1313_1978,IPR052901,UPI00017E6ED5,Bact_TGase-like
8690,Clo1313_1978,IPR013783,UPI00017E6ED5,Ig-like_fold
8691,Clo1313_1978,IPR038765,UPI00017E6ED5,Papain-like_cys_pep_sf
8692,Clo1313_1978,IPR002931,UPI00017E6ED5,Transglutaminase-like
8693,Clo1313_1978,,UPI00017E6ED5,
8694,Clo1313_1979,IPR001233,UPI00003C8ABD,RtcB
8695,Clo1313_1979,IPR052915,UPI00003C8ABD,RtcB-like
8696,Clo1313_1979,IPR036025,UPI00003C8ABD,RtcB-like_sf
8697,Clo1313_1979,,UPI00003C8ABD,
8698,Clo1313_1980,IPR005077,UPI00003C8ABE,Peptidase_C11
8699,Clo1313_1980,,UPI00003C8ABE,
8700,Clo1313_1982,IPR000432,UPI000038F799,DNA_mismatch_repair_MutS_C
8701,Clo1313_1982,IPR036187,UPI000038F799,DNA_mismatch_repair_MutS_sf
8702,Clo1313_1982,IPR045076,UPI000038F799,MutS
8703,Clo1313_1982,IPR027417,UPI000038F799,P-loop_NTPase
8704,Clo1313_1982,,UPI000038F799,
8705,Clo1313_1983,IPR005084,UPI0001B1F086,CBM6
8706,Clo1313_1983,IPR002105,UPI0001B1F086,Dockerin_1_rpt
8707,Clo1313_1983,IPR016134,UPI0001B1F086,Dockerin_dom
8708,Clo1313_1983,IPR036439,UPI0001B1F086,Dockerin_dom_sf
8709,Clo1313_1983,IPR008979,UPI0001B1F086,Galactose-bd-like_sf
8710,Clo1313_1983,IPR013783,UPI0001B1F086,Ig-like_fold
8711,Clo1313_1983,IPR028994,UPI0001B1F086,Integrin_alpha_N
8712,Clo1313_1983,IPR041624,UPI0001B1F086,RGI_lyase
8713,Clo1313_1983,IPR034641,UPI0001B1F086,RGL11
8714,Clo1313_1983,IPR049366,UPI0001B1F086,RGL11_C
8715,Clo1313_1983,,UPI0001B1F086,
8716,Clo1313_1984,IPR011991,UPI0000F218E3,ArsR-like_HTH
8717,Clo1313_1984,IPR018334,UPI0000F218E3,ArsR_HTH
8718,Clo1313_1984,IPR001845,UPI0000F218E3,HTH_ArsR_DNA-bd_dom
8719,Clo1313_1984,IPR051011,UPI0000F218E3,Metal_resp_trans_reg
8720,Clo1313_1984,IPR036388,UPI0000F218E3,WH-like_DNA-bd_sf
8721,Clo1313_1984,IPR036390,UPI0000F218E3,WH_DNA-bd_sf
8722,Clo1313_1984,,UPI0000F218E3,
8723,Clo1313_1985,IPR023299,UPI0001B1F085,ATPase_P-typ_cyto_dom_N
8724,Clo1313_1985,IPR018303,UPI0001B1F085,ATPase_P-typ_P_site
8725,Clo1313_1985,IPR023298,UPI0001B1F085,ATPase_P-typ_TM_dom_sf
8726,Clo1313_1985,IPR008250,UPI0001B1F085,ATPase_P-typ_transduc_dom_A_sf
8727,Clo1313_1985,IPR059000,UPI0001B1F085,ATPase_P-type_domA
8728,Clo1313_1985,IPR051014,UPI0001B1F085,Cation_Transport_ATPase_IB
8729,Clo1313_1985,IPR036412,UPI0001B1F085,HAD-like_sf
8730,Clo1313_1985,IPR023214,UPI0001B1F085,HAD_sf
8731,Clo1313_1985,IPR017969,UPI0001B1F085,Heavy-metal-associated_CS
8732,Clo1313_1985,IPR006121,UPI0001B1F085,HMA_dom
8733,Clo1313_1985,IPR036163,UPI0001B1F085,HMA_dom_sf
8734,Clo1313_1985,IPR027256,UPI0001B1F085,P-typ_ATPase_IB
8735,Clo1313_1985,IPR001757,UPI0001B1F085,P_typ_ATPase
8736,Clo1313_1985,IPR044492,UPI0001B1F085,P_typ_ATPase_HD_dom
8737,Clo1313_1985,,UPI0001B1F085,
8738,Clo1313_1986,IPR011105,UPI000038F794,Cell_wall_hydrolase_SleB
8739,Clo1313_1986,IPR012854,UPI000038F794,Cu_amine_oxidase-like_N
8740,Clo1313_1986,IPR036582,UPI000038F794,Mao_N_sf
8741,Clo1313_1986,IPR042047,UPI000038F794,SleB_dom1
8742,Clo1313_1986,,UPI000038F794,
8743,Clo1313_1987,IPR016181,UPI00017E6ED0,Acyl_CoA_acyltransferase
8744,Clo1313_1987,IPR024320,UPI00017E6ED0,LPG_synthase_C
8745,Clo1313_1987,IPR016732,UPI00017E6ED0,UCP018688
8746,Clo1313_1987,,UPI00017E6ED0,
8747,Clo1313_1988,IPR032531,UPI0000531ECA,DUF4956
8748,Clo1313_1988,,UPI0000531ECA,
8749,Clo1313_1989,IPR033469,UPI00017E6ECF,CYTH-like_dom_sf
8750,Clo1313_1989,IPR018966,UPI00017E6ECF,VTC_domain
8751,Clo1313_1989,IPR042267,UPI00017E6ECF,VTC_sf
8752,Clo1313_1989,,UPI00017E6ECF,
8753,Clo1313_1990,IPR044060,UPI0001B1F084,Bacterial_rp_domain
8754,Clo1313_1990,IPR002105,UPI0001B1F084,Dockerin_1_rpt
8755,Clo1313_1990,IPR016134,UPI0001B1F084,Dockerin_dom
8756,Clo1313_1990,IPR036439,UPI0001B1F084,Dockerin_dom_sf
8757,Clo1313_1990,IPR018247,UPI0001B1F084,EF_Hand_1_Ca_BS
8758,Clo1313_1990,IPR026876,UPI0001B1F084,Fn3_assoc_repeat
8759,Clo1313_1990,IPR001322,UPI0001B1F084,Lamin_tail_dom
8760,Clo1313_1990,IPR036415,UPI0001B1F084,Lamin_tail_dom_sf
8761,Clo1313_1990,IPR014867,UPI0001B1F084,Spore_coat_CotH_CotH2/3/7
8762,Clo1313_1990,,UPI0001B1F084,
8763,Clo1313_1992,IPR017896,UPI0001B1F083,4Fe4S_Fe-S-bd
8764,Clo1313_1992,IPR017900,UPI0001B1F083,4Fe4S_Fe_S_CS
8765,Clo1313_1992,IPR053135,UPI0001B1F083,AKR2_Oxidoreductase
8766,Clo1313_1992,IPR036812,UPI0001B1F083,NAD(P)_OxRdtase_dom_sf
8767,Clo1313_1992,IPR023210,UPI0001B1F083,NADP_OxRdtase_dom
8768,Clo1313_1992,,UPI0001B1F083,
8769,Clo1313_1993,IPR011767,UPI00003C8F7F,GLR_AS
8770,Clo1313_1993,IPR011911,UPI00003C8F7F,GlrX_YruB
8771,Clo1313_1993,IPR002109,UPI00003C8F7F,Glutaredoxin
8772,Clo1313_1993,IPR014025,UPI00003C8F7F,Glutaredoxin_subgr
8773,Clo1313_1993,IPR051548,UPI00003C8F7F,Grx-like_ET
8774,Clo1313_1993,IPR036249,UPI00003C8F7F,Thioredoxin-like_sf
8775,Clo1313_1993,,UPI00003C8F7F,
8776,Clo1313_1994,IPR025110,UPI0001F32A20,AMP-bd_C
8777,Clo1313_1994,IPR045851,UPI0001F32A20,AMP-b_sf
8778,Clo1313_1994,IPR020845,UPI0001F32A20,AMP-binding_CS
8779,Clo1313_1994,IPR000873,UPI0001F32A20,AMP-dep_synth/lig_dom
8780,Clo1313_1994,IPR036237,UPI0001F32A20,Xyl_isomerase-like_sf
8781,Clo1313_1994,IPR013022,UPI0001F32A20,Xyl_isomerase-like_TIM-brl
8782,Clo1313_1994,,UPI0001F32A20,
8783,Clo1313_1995,IPR016181,UPI00003C9102,Acyl_CoA_acyltransferase
8784,Clo1313_1995,IPR000182,UPI00003C9102,GNAT_dom
8785,Clo1313_1995,IPR051531,UPI00003C9102,N-acetyltransferase
8786,Clo1313_1995,,UPI00003C9102,
8787,Clo1313_1996,,UPI00003C9103,
8788,Clo1313_1997,IPR023885,UPI00003C9104,4Fe4S-binding_SPASM_dom
8789,Clo1313_1997,IPR034391,UPI00003C9104,AdoMet-like_SPASM_containing
8790,Clo1313_1997,IPR013785,UPI00003C9104,Aldolase_TIM
8791,Clo1313_1997,IPR006638,UPI00003C9104,Elp3/MiaA/NifB-like_rSAM
8792,Clo1313_1997,IPR050377,UPI00003C9104,Radical_SAM_PqqE_MftC-like
8793,Clo1313_1997,IPR007197,UPI00003C9104,rSAM
8794,Clo1313_1997,IPR058240,UPI00003C9104,rSAM_sf
8795,Clo1313_1997,,UPI00003C9104,
8796,Clo1313_1998,,UPI0001B1F082,
8797,Clo1313_1999,IPR001509,UPI000038FAE7,Epimerase_deHydtase
8798,Clo1313_1999,IPR036291,UPI000038FAE7,NAD(P)-bd_dom_sf
8799,Clo1313_1999,,UPI000038FAE7,
8800,Clo1313_2000,,UPI00017E27B0,
8801,Clo1313_2001,,UPI00003C8F88,
8802,Clo1313_2002,,UPI000038FAE8,
8803,Clo1313_2004,IPR014017,UPI0001B1F081,UvrD-like_C
8804,Clo1313_2004,IPR000212,UPI0001B1F081,UvrD-like
8805,Clo1313_2004,IPR027417,UPI0001B1F081,P-loop_NTPase
8806,Clo1313_2004,IPR014016,UPI0001B1F081,UvrD-like_ATP-bd
8807,Clo1313_2004,,UPI0001B1F081,
8808,Clo1313_2005,IPR041685,UPI0001B1F060,AAA_GajA/Old/RecF-like
8809,Clo1313_2005,IPR051396,UPI0001B1F060,Bact_Antivir_Def_Nuclease
8810,Clo1313_2005,IPR027417,UPI0001B1F060,P-loop_NTPase
8811,Clo1313_2005,IPR034139,UPI0001B1F060,TOPRIM_OLD
8812,Clo1313_2005,,UPI0001B1F060,
8813,Clo1313_2006,IPR050792,UPI00017E27A9,ADP-ribosylglycohydrolase
8814,Clo1313_2006,IPR005502,UPI00017E27A9,Ribosyl_crysJ1
8815,Clo1313_2006,IPR036705,UPI00017E27A9,Ribosyl_crysJ1_sf
8816,Clo1313_2006,,UPI00017E27A9,
8817,Clo1313_2009,,UPI00017E25FB,
8818,Clo1313_2010,,UPI00003C8F84,
8819,Clo1313_2011,,UPI00017E25FA,
8820,Clo1313_2012,IPR024747,UPI000038FAEB,Pyridox_Oxase-rel
8821,Clo1313_2012,IPR012349,UPI000038FAEB,Split_barrel_FMN-bd
8822,Clo1313_2012,,UPI000038FAEB,
8823,Clo1313_2013,,UPI00003C8AC0,
8824,Clo1313_2014,IPR004843,UPI000038FAEC,Calcineurin-like_PHP
8825,Clo1313_2014,IPR029052,UPI000038FAEC,Metallo-depent_PP-like
8826,Clo1313_2014,IPR051158,UPI000038FAEC,Metallophosphoesterase
8827,Clo1313_2014,,UPI000038FAEC,
8828,Clo1313_2015,IPR001672,UPI000038FAED,G6P_Isomerase
8829,Clo1313_2015,IPR018189,UPI000038FAED,Phosphoglucose_isomerase_CS
8830,Clo1313_2015,IPR046348,UPI000038FAED,SIS_dom_sf
8831,Clo1313_2015,IPR035476,UPI000038FAED,SIS_PGI_1
8832,Clo1313_2015,IPR035482,UPI000038FAED,SIS_PGI_2
8833,Clo1313_2015,,UPI000038FAED,
8834,Clo1313_2016,IPR001448,UPI00003C8AC2,SASP_alpha/beta-type
8835,Clo1313_2016,IPR038300,UPI00003C8AC2,SASP_sf_alpha/beta
8836,Clo1313_2016,,UPI00003C8AC2,
8837,Clo1313_2017,IPR045864,UPI000038FAEF,aa-tRNA-synth_II/BPL/LPL
8838,Clo1313_2017,IPR005146,UPI000038FAEF,B3/B4_tRNA-bd
8839,Clo1313_2017,IPR009061,UPI000038FAEF,DNA-bd_dom_put_sf
8840,Clo1313_2017,IPR005121,UPI000038FAEF,Fdx_antiC-bd
8841,Clo1313_2017,IPR036690,UPI000038FAEF,Fdx_antiC-bd_sf
8842,Clo1313_2017,IPR012340,UPI000038FAEF,NA-bd_OB-fold
8843,Clo1313_2017,IPR045060,UPI000038FAEF,Phe-tRNA-ligase_IIc_bsu
8844,Clo1313_2017,IPR004532,UPI000038FAEF,Phe-tRNA-ligase_IIc_bsu_bact
8845,Clo1313_2017,IPR020825,UPI000038FAEF,Phe-tRNA_synthase-like_B3/B4
8846,Clo1313_2017,IPR041616,UPI000038FAEF,PheRS_beta_core
8847,Clo1313_2017,IPR002547,UPI000038FAEF,tRNA-bd_dom
8848,Clo1313_2017,IPR033714,UPI000038FAEF,tRNA_bind_bactPheRS
8849,Clo1313_2017,IPR005147,UPI000038FAEF,tRNA_synthase_B5-dom
8850,Clo1313_2017,,UPI000038FAEF,
8851,Clo1313_2018,IPR006195,UPI000038FAF0,aa-tRNA-synth_II
8852,Clo1313_2018,IPR045864,UPI000038FAF0,aa-tRNA-synth_II/BPL/LPL
8853,Clo1313_2018,IPR004529,UPI000038FAF0,Phe-tRNA-synth_IIc_asu
8854,Clo1313_2018,IPR004188,UPI000038FAF0,Phe-tRNA_ligase_II_N
8855,Clo1313_2018,IPR022911,UPI000038FAF0,Phe_tRNA_ligase_alpha1_bac
8856,Clo1313_2018,IPR002319,UPI000038FAF0,Phenylalanyl-tRNA_Synthase
8857,Clo1313_2018,IPR010978,UPI000038FAF0,tRNA-bd_arm
8858,Clo1313_2018,,UPI000038FAF0,
8859,Clo1313_2019,IPR010380,UPI000038FAF1,DUF975
8860,Clo1313_2019,,UPI000038FAF1,
8861,Clo1313_2020,IPR017853,UPI0000126903,GH_hydrolase_sf
8862,Clo1313_2020,IPR033132,UPI0000126903,GH_1_N_CS
8863,Clo1313_2020,IPR001360,UPI0000126903,Glyco_hydro_1
8864,Clo1313_2020,IPR018120,UPI0000126903,Glyco_hydro_1_AS
8865,Clo1313_2020,IPR017736,UPI0000126903,Glyco_hydro_1_beta-glucosidase
8866,Clo1313_2020,,UPI0000126903,
8867,Clo1313_2021,IPR054192,UPI00003C8AC3,DUF6897
8868,Clo1313_2021,,UPI00003C8AC3,
8869,Clo1313_2022,IPR000757,UPI000012BD94,Beta-glucanase-like
8870,Clo1313_2022,IPR044791,UPI000012BD94,Beta-glucanase/XTH
8871,Clo1313_2022,IPR008264,UPI000012BD94,Beta_glucanase
8872,Clo1313_2022,IPR013320,UPI000012BD94,ConA-like_dom_sf
8873,Clo1313_2022,IPR002105,UPI000012BD94,Dockerin_1_rpt
8874,Clo1313_2022,IPR016134,UPI000012BD94,Dockerin_dom
8875,Clo1313_2022,IPR036439,UPI000012BD94,Dockerin_dom_sf
8876,Clo1313_2022,IPR018247,UPI000012BD94,EF_Hand_1_Ca_BS
8877,Clo1313_2022,IPR008263,UPI000012BD94,GH16_AS
8878,Clo1313_2022,,UPI000012BD94,
8879,Clo1313_2023,IPR000843,UPI000038F9E2,HTH_LacI
8880,Clo1313_2023,IPR046335,UPI000038F9E2,LacI/GalR-like_sensor
8881,Clo1313_2023,IPR010982,UPI000038F9E2,Lambda_DNA-bd_dom_sf
8882,Clo1313_2023,IPR028082,UPI000038F9E2,Peripla_BP_I
8883,Clo1313_2023,,UPI000038F9E2,
8884,Clo1313_2024,IPR001173,UPI00003C8AC5,Glyco_trans_2-like
8885,Clo1313_2024,IPR029044,UPI00003C8AC5,Nucleotide-diphossugar_trans
8886,Clo1313_2024,,UPI00003C8AC5,
8887,Clo1313_2026,IPR011604,UPI000038F9E4,PDDEXK-like_dom_sf
8888,Clo1313_2026,IPR038726,UPI000038F9E4,PDDEXK_AddAB-type
8889,Clo1313_2026,,UPI000038F9E4,
8890,Clo1313_2027,IPR013986,UPI00003C8AC7,DExx_box_DNA_helicase_dom_sf
8891,Clo1313_2027,IPR014017,UPI00003C8AC7,UvrD-like_C
8892,Clo1313_2027,IPR000212,UPI00003C8AC7,UvrD-like
8893,Clo1313_2027,IPR027417,UPI00003C8AC7,P-loop_NTPase
8894,Clo1313_2027,IPR014016,UPI00003C8AC7,UvrD-like_ATP-bd
8895,Clo1313_2027,,UPI00003C8AC7,
8896,Clo1313_2028,IPR027417,UPI0000534939,P-loop_NTPase
8897,Clo1313_2028,,UPI0000534939,
8898,Clo1313_2029,IPR012156,UPI0000535F9E,Cold_shock_CspA
8899,Clo1313_2029,IPR010718,UPI0000535F9E,DUF1294
8900,Clo1313_2029,,UPI0000535F9E,
8901,Clo1313_2030,IPR005561,UPI00017E2472,ANTAR
8902,Clo1313_2030,IPR011006,UPI00017E2472,CheY-like_superfamily
8903,Clo1313_2030,IPR008327,UPI00017E2472,Sig_transdc_resp-reg_antiterm
8904,Clo1313_2030,IPR036388,UPI00017E2472,WH-like_DNA-bd_sf
8905,Clo1313_2030,,UPI00017E2472,
8906,Clo1313_2031,IPR008147,UPI0000533AD3,Gln_synt_N
8907,Clo1313_2031,IPR036651,UPI0000533AD3,Gln_synt_N_sf
8908,Clo1313_2031,IPR014746,UPI0000533AD3,Gln_synth/guanido_kin_cat_dom
8909,Clo1313_2031,IPR008146,UPI0000533AD3,Gln_synth_cat_dom
8910,Clo1313_2031,IPR004809,UPI0000533AD3,Gln_synth_I
8911,Clo1313_2031,,UPI0000533AD3,
8912,Clo1313_2032,IPR035710,UPI00017E2471,Archaeal_gltB
8913,Clo1313_2032,IPR002489,UPI00017E2471,Glu_synth_asu_C
8914,Clo1313_2032,IPR036485,UPI00017E2471,Glu_synth_asu_C_sf
8915,Clo1313_2032,IPR012061,UPI00017E2471,Glu_synth_lsu_3
8916,Clo1313_2032,,UPI00017E2471,
8917,Clo1313_2033,IPR050260,UPI000038F9EC,FAD-bd_OxRdtase
8918,Clo1313_2033,IPR036188,UPI000038F9EC,FAD/NAD-bd_sf
8919,Clo1313_2033,IPR023753,UPI000038F9EC,FAD/NAD-binding_dom
8920,Clo1313_2033,IPR016156,UPI000038F9EC,FAD/NAD-linked_Rdtase_dimer_sf
8921,Clo1313_2033,IPR041575,UPI000038F9EC,Rubredoxin_C
8922,Clo1313_2033,,UPI000038F9EC,
8923,Clo1313_2034,IPR017896,UPI00003C8AC8,4Fe4S_Fe-S-bd
8924,Clo1313_2034,IPR050954,UPI00003C8AC8,ET_IronSulfur_Cluster-Binding
8925,Clo1313_2034,,UPI00003C8AC8,
8926,Clo1313_2035,IPR017896,UPI0001B1EF1B,4Fe4S_Fe-S-bd
8927,Clo1313_2035,IPR017900,UPI0001B1EF1B,4Fe4S_Fe_S_CS
8928,Clo1313_2035,IPR013785,UPI0001B1EF1B,Aldolase_TIM
8929,Clo1313_2035,IPR024188,UPI0001B1EF1B,GltB
8930,Clo1313_2035,IPR043578,UPI0001B1EF1B,GltB_archl_type
8931,Clo1313_2035,IPR002932,UPI0001B1EF1B,Glu_synthdom
8932,Clo1313_2035,,UPI0001B1EF1B,
8933,Clo1313_2036,IPR017932,UPI00003C8ACA,GATase_2_dom
8934,Clo1313_2036,IPR012375,UPI00003C8ACA,Glu_synth_lsu_1
8935,Clo1313_2036,IPR029055,UPI00003C8ACA,Ntn_hydrolases_N
8936,Clo1313_2036,,UPI00003C8ACA,
8937,Clo1313_2038,IPR040577,UPI00017E2470,Gln-synt_C
8938,Clo1313_2038,IPR008147,UPI00017E2470,Gln_synt_N
8939,Clo1313_2038,IPR014746,UPI00017E2470,Gln_synth/guanido_kin_cat_dom
8940,Clo1313_2038,IPR008146,UPI00017E2470,Gln_synth_cat_dom
8941,Clo1313_2038,IPR027303,UPI00017E2470,Gln_synth_gly_rich_site
8942,Clo1313_2038,IPR052725,UPI00017E2470,GS_Type-3
8943,Clo1313_2038,IPR022147,UPI00017E2470,GSIII_N
8944,Clo1313_2038,,UPI00017E2470,
8945,Clo1313_2040,,UPI000038F9F2,
8946,Clo1313_2041,IPR006153,UPI000038F9F3,Cation/H_exchanger_TM
8947,Clo1313_2041,IPR051843,UPI000038F9F3,CPA1_transporter
8948,Clo1313_2041,IPR038770,UPI000038F9F3,Na+/solute_symporter_sf
8949,Clo1313_2041,,UPI000038F9F3,
8950,Clo1313_2042,IPR002105,UPI00003C8ACE,Dockerin_1_rpt
8951,Clo1313_2042,IPR016134,UPI00003C8ACE,Dockerin_dom
8952,Clo1313_2042,IPR036439,UPI00003C8ACE,Dockerin_dom_sf
8953,Clo1313_2042,IPR018247,UPI00003C8ACE,EF_Hand_1_Ca_BS
8954,Clo1313_2042,IPR003961,UPI00003C8ACE,FN3_dom
8955,Clo1313_2042,IPR036116,UPI00003C8ACE,FN3_sf
8956,Clo1313_2042,IPR013783,UPI00003C8ACE,Ig-like_fold
8957,Clo1313_2042,IPR023795,UPI00003C8ACE,Serpin_CS
8958,Clo1313_2042,IPR023796,UPI00003C8ACE,Serpin_dom
8959,Clo1313_2042,IPR000215,UPI00003C8ACE,Serpin_fam
8960,Clo1313_2042,IPR036186,UPI00003C8ACE,Serpin_sf
8961,Clo1313_2042,IPR042178,UPI00003C8ACE,Serpin_sf_1
8962,Clo1313_2042,IPR042185,UPI00003C8ACE,Serpin_sf_2
8963,Clo1313_2042,,UPI00003C8ACE,
8964,Clo1313_2043,IPR002105,UPI000038F9F5,Dockerin_1_rpt
8965,Clo1313_2043,IPR016134,UPI000038F9F5,Dockerin_dom
8966,Clo1313_2043,IPR036439,UPI000038F9F5,Dockerin_dom_sf
8967,Clo1313_2043,IPR018247,UPI000038F9F5,EF_Hand_1_Ca_BS
8968,Clo1313_2043,IPR003961,UPI000038F9F5,FN3_dom
8969,Clo1313_2043,IPR013783,UPI000038F9F5,Ig-like_fold
8970,Clo1313_2043,IPR008963,UPI000038F9F5,Purple_acid_Pase-like_N
8971,Clo1313_2043,IPR023796,UPI000038F9F5,Serpin_dom
8972,Clo1313_2043,IPR000215,UPI000038F9F5,Serpin_fam
8973,Clo1313_2043,IPR036186,UPI000038F9F5,Serpin_sf
8974,Clo1313_2043,IPR042178,UPI000038F9F5,Serpin_sf_1
8975,Clo1313_2043,IPR042185,UPI000038F9F5,Serpin_sf_2
8976,Clo1313_2043,,UPI000038F9F5,
8977,Clo1313_2044,IPR020922,UPI00003C8AD0,dITP/XTP_pyrophosphatase
8978,Clo1313_2044,IPR029001,UPI00003C8AD0,ITPase-like_fam
8979,Clo1313_2044,IPR002637,UPI00003C8AD0,RdgB/HAM1
8980,Clo1313_2044,,UPI00003C8AD0,
8981,Clo1313_2045,IPR001247,UPI00017E22E0,ExoRNase_PH_dom1
8982,Clo1313_2045,IPR015847,UPI00017E22E0,ExoRNase_PH_dom2
8983,Clo1313_2045,IPR036345,UPI00017E22E0,ExoRNase_PH_dom2_sf
8984,Clo1313_2045,IPR027408,UPI00017E22E0,PNPase/RNase_PH_dom_sf
8985,Clo1313_2045,IPR020568,UPI00017E22E0,Ribosomal_Su5_D2-typ_SF
8986,Clo1313_2045,IPR050080,UPI00017E22E0,RNase_PH
8987,Clo1313_2045,IPR002381,UPI00017E22E0,RNase_PH_bac-type
8988,Clo1313_2045,IPR018336,UPI00017E22E0,RNase_PH_CS
8989,Clo1313_2045,,UPI00017E22E0,
8990,Clo1313_2046,IPR019606,UPI000038F9F8,GerMN
8991,Clo1313_2046,,UPI000038F9F8,
8992,Clo1313_2048,IPR021731,UPI0001B1EF1A,AMIN_dom
8993,Clo1313_2048,IPR012854,UPI0001B1EF1A,Cu_amine_oxidase-like_N
8994,Clo1313_2048,IPR036582,UPI0001B1EF1A,Mao_N_sf
8995,Clo1313_2048,IPR002508,UPI0001B1EF1A,MurNAc-LAA_cat
8996,Clo1313_2048,IPR050695,UPI0001B1EF1A,N-acetylmuramoyl_amidase_3
8997,Clo1313_2048,,UPI0001B1EF1A,
8998,Clo1313_2049,IPR043129,UPI000038F513,ATPase_NBD
8999,Clo1313_2049,IPR050696,UPI000038F513,FtsA/MreB
9000,Clo1313_2049,IPR005883,UPI000038F513,PilM
9001,Clo1313_2049,IPR003494,UPI000038F513,SHS2_FtsA
9002,Clo1313_2049,,UPI000038F513,
9003,Clo1313_2050,IPR003828,UPI000038F514,QueH
9004,Clo1313_2050,,UPI000038F514,
9005,Clo1313_2051,IPR003593,UPI0000537C66,AAA+_ATPase
9006,Clo1313_2051,IPR041445,UPI0000537C66,AAA_lid_4
9007,Clo1313_2051,IPR004605,UPI0000537C66,DNA_helicase_Holl-junc_RuvB
9008,Clo1313_2051,IPR027417,UPI0000537C66,P-loop_NTPase
9009,Clo1313_2051,IPR008824,UPI0000537C66,RuvB-like_N
9010,Clo1313_2051,IPR008823,UPI0000537C66,RuvB_wg_C
9011,Clo1313_2051,IPR036388,UPI0000537C66,WH-like_DNA-bd_sf
9012,Clo1313_2051,IPR036390,UPI0000537C66,WH_DNA-bd_sf
9013,Clo1313_2051,,UPI0000537C66,
9014,Clo1313_2052,IPR013849,UPI00003C8AD5,DNA_helicase_Holl-junc_RuvA_I
9015,Clo1313_2052,IPR003583,UPI00003C8AD5,Hlx-hairpin-Hlx_DNA-bd_motif
9016,Clo1313_2052,IPR012340,UPI00003C8AD5,NA-bd_OB-fold
9017,Clo1313_2052,IPR000085,UPI00003C8AD5,RuvA
9018,Clo1313_2052,IPR010994,UPI00003C8AD5,RuvA_2-like
9019,Clo1313_2052,IPR011114,UPI00003C8AD5,RuvA_C
9020,Clo1313_2052,IPR036267,UPI00003C8AD5,RuvA_C_sf
9021,Clo1313_2052,,UPI00003C8AD5,
9022,Clo1313_2053,IPR012337,UPI000038F518,RNaseH-like_sf
9023,Clo1313_2053,IPR036397,UPI000038F518,RNaseH_sf
9024,Clo1313_2053,IPR020563,UPI000038F518,X-over_junc_endoDNase_Mg_BS
9025,Clo1313_2053,IPR002176,UPI000038F518,X-over_junc_endoDNase_RuvC
9026,Clo1313_2053,,UPI000038F518,
9027,Clo1313_2054,IPR048268,UPI000038F519,Arginosuc_syn_C
9028,Clo1313_2054,IPR048267,UPI000038F519,Arginosuc_syn_N
9029,Clo1313_2054,IPR001518,UPI000038F519,Arginosuc_synth
9030,Clo1313_2054,IPR018223,UPI000038F519,Arginosuc_synth_CS
9031,Clo1313_2054,IPR023434,UPI000038F519,Arginosuc_synth_type_1_subfam
9032,Clo1313_2054,IPR024074,UPI000038F519,AS_cat/multimer_dom_body
9033,Clo1313_2054,IPR014729,UPI000038F519,Rossmann-like_a/b/a_fold
9034,Clo1313_2054,,UPI000038F519,
9035,Clo1313_2055,IPR029419,UPI000038F51A,Arg_succ_lyase_C
9036,Clo1313_2055,IPR009049,UPI000038F51A,Argininosuccinate_lyase
9037,Clo1313_2055,IPR024083,UPI000038F51A,Fumarase/histidase_N
9038,Clo1313_2055,IPR020557,UPI000038F51A,Fumarate_lyase_CS
9039,Clo1313_2055,IPR000362,UPI000038F51A,Fumarate_lyase_fam
9040,Clo1313_2055,IPR022761,UPI000038F51A,Fumarate_lyase_N
9041,Clo1313_2055,IPR008948,UPI000038F51A,L-Aspartase-like
9042,Clo1313_2055,,UPI000038F51A,
9043,Clo1313_2056,,UPI0000F2188B,
9044,Clo1313_2057,,UPI00003C8AD6,
9045,Clo1313_2058,IPR011330,UPI00003C8AD7,Glyco_hydro/deAcase_b/a-brl
9046,Clo1313_2058,IPR002509,UPI00003C8AD7,NODB_dom
9047,Clo1313_2058,IPR051398,UPI00003C8AD7,
9048,Clo1313_2058,,UPI00003C8AD7,
9049,Clo1313_2059,IPR017850,UPI000038F51F,Alkaline_phosphatase_core_sf
9050,Clo1313_2059,IPR012160,UPI000038F51F,LtaS-like
9051,Clo1313_2059,IPR050448,UPI000038F51F,OpgB/LTA_synthase_biosynth
9052,Clo1313_2059,IPR000917,UPI000038F51F,Sulfatase_N
9053,Clo1313_2059,,UPI000038F51F,
9054,Clo1313_2060,IPR036188,UPI0001B1EEF2,FAD/NAD-bd_sf
9055,Clo1313_2060,IPR050407,UPI0001B1EEF2,Geranylgeranyl_reductase
9056,Clo1313_2060,,UPI0001B1EEF2,
9057,Clo1313_2061,IPR012347,UPI000038F521,Ferritin-like
9058,Clo1313_2061,IPR009078,UPI000038F521,Ferritin-like_SF
9059,Clo1313_2061,,UPI000038F521,
9060,Clo1313_2062,,UPI000038F522,
9061,Clo1313_2063,,UPI00003C8AD8,
9062,Clo1313_2064,IPR036188,UPI000038F524,FAD/NAD-bd_sf
9063,Clo1313_2064,IPR050407,UPI000038F524,Geranylgeranyl_reductase
9064,Clo1313_2064,,UPI000038F524,
9065,Clo1313_2065,,UPI00017E2135,
9066,Clo1313_2066,IPR050595,UPI000038F526,Bact_response_regulator
9067,Clo1313_2066,IPR011006,UPI000038F526,CheY-like_superfamily
9068,Clo1313_2066,IPR001789,UPI000038F526,Sig_transdc_resp-reg_receiver
9069,Clo1313_2066,,UPI000038F526,
9070,Clo1313_2067,IPR017896,UPI0000532C4F,4Fe4S_Fe-S-bd
9071,Clo1313_2067,IPR017900,UPI0000532C4F,4Fe4S_Fe_S_CS
9072,Clo1313_2067,,UPI0000532C4F,
9073,Clo1313_2068,IPR025374,UPI0000533AD4,DUF4364
9074,Clo1313_2068,IPR036388,UPI0000533AD4,WH-like_DNA-bd_sf
9075,Clo1313_2068,,UPI0000533AD4,
9076,Clo1313_2069,IPR001890,UPI000038F529,RNA-binding_CRM
9077,Clo1313_2069,IPR051925,UPI000038F529,RNA-binding_domain
9078,Clo1313_2069,IPR017924,UPI000038F529,RNA-binding_YhbY
9079,Clo1313_2069,IPR035920,UPI000038F529,YhbY-like_sf
9080,Clo1313_2069,,UPI000038F529,
9081,Clo1313_2071,IPR031167,UPI000038F52A,G_OBG
9082,Clo1313_2071,IPR006073,UPI000038F52A,GTP-bd
9083,Clo1313_2071,IPR014100,UPI000038F52A,GTP-bd_Obg/CgtA
9084,Clo1313_2071,IPR036346,UPI000038F52A,GTP-bd_prot_GTP1/OBG_C_sf
9085,Clo1313_2071,IPR006074,UPI000038F52A,GTP1-OBG_CS
9086,Clo1313_2071,IPR006169,UPI000038F52A,GTP1_OBG_dom
9087,Clo1313_2071,IPR036726,UPI000038F52A,GTP1_OBG_dom_sf
9088,Clo1313_2071,IPR045086,UPI000038F52A,OBG_GTPase
9089,Clo1313_2071,IPR015349,UPI000038F52A,OCT_dom
9090,Clo1313_2071,IPR027417,UPI000038F52A,P-loop_NTPase
9091,Clo1313_2071,,UPI000038F52A,
9092,Clo1313_2072,IPR001684,UPI000038F52B,Ribosomal_bL27
9093,Clo1313_2072,IPR018261,UPI000038F52B,Ribosomal_bL27_CS
9094,Clo1313_2072,,UPI000038F52B,
9095,Clo1313_2073,IPR007422,UPI000038F52C,Peptidase_Prp
9096,Clo1313_2073,IPR036764,UPI000038F52C,Peptidase_Prp_sf
9097,Clo1313_2073,,UPI000038F52C,
9098,Clo1313_2074,IPR028909,UPI0000534946,bL21-like
9099,Clo1313_2074,IPR036164,UPI0000534946,bL21-like_sf
9100,Clo1313_2074,IPR001787,UPI0000534946,Ribosomal_bL21
9101,Clo1313_2074,IPR018258,UPI0000534946,Ribosomal_bL21_CS
9102,Clo1313_2074,,UPI0000534946,
9103,Clo1313_2075,IPR012340,UPI0001B1EEF1,NA-bd_OB-fold
9104,Clo1313_2075,IPR019307,UPI0001B1EEF1,RNA-bd_AU-1/RNase_E/G
9105,Clo1313_2075,IPR004659,UPI0001B1EEF1,RNase_E/G
9106,Clo1313_2075,IPR048583,UPI0001B1EEF1,RNase_E_G_thioredoxin-like
9107,Clo1313_2075,IPR003029,UPI0001B1EEF1,S1_domain
9108,Clo1313_2075,,UPI0001B1EEF1,
9109,Clo1313_2076,IPR018768,UPI000038F52F,DUF2344
9110,Clo1313_2076,,UPI000038F52F,
9111,Clo1313_2077,IPR023862,UPI0001B1EEF0,CHP03960_rSAM
9112,Clo1313_2077,IPR006638,UPI0001B1EEF0,Elp3/MiaA/NifB-like_rSAM
9113,Clo1313_2077,IPR045784,UPI0001B1EEF0,Radical_SAM_N2
9114,Clo1313_2077,IPR007197,UPI0001B1EEF0,rSAM
9115,Clo1313_2077,IPR023404,UPI0001B1EEF0,rSAM_horseshoe
9116,Clo1313_2077,IPR058240,UPI0001B1EEF0,rSAM_sf
9117,Clo1313_2077,,UPI0001B1EEF0,
9118,Clo1313_2078,IPR035328,UPI000038F531,DUF3048_C
9119,Clo1313_2078,IPR021416,UPI000038F531,DUF3048_N
9120,Clo1313_2078,IPR023158,UPI000038F531,YerB-like_sf
9121,Clo1313_2078,,UPI000038F531,
9122,Clo1313_2079,IPR009711,UPI000038F532,UPF0473
9123,Clo1313_2079,,UPI000038F532,
9124,Clo1313_2080,IPR012337,UPI00003C8D30,RNaseH-like_sf
9125,Clo1313_2080,IPR005227,UPI00003C8D30,YqgF
9126,Clo1313_2080,IPR006641,UPI00003C8D30,YqgF/RNaseH-like_dom
9127,Clo1313_2080,IPR037027,UPI00003C8D30,YqgF/RNaseH-like_dom_sf
9128,Clo1313_2080,,UPI00003C8D30,
9129,Clo1313_2081,IPR017896,UPI0000536230,4Fe4S_Fe-S-bd
9130,Clo1313_2081,IPR017900,UPI0000536230,4Fe4S_Fe_S_CS
9131,Clo1313_2081,IPR020471,UPI0000536230,AKR
9132,Clo1313_2081,IPR053135,UPI0000536230,AKR2_Oxidoreductase
9133,Clo1313_2081,IPR036812,UPI0000536230,NAD(P)_OxRdtase_dom_sf
9134,Clo1313_2081,IPR023210,UPI0000536230,NADP_OxRdtase_dom
9135,Clo1313_2081,,UPI0000536230,
9136,Clo1313_2082,IPR009309,UPI000038F535,IreB-like
9137,Clo1313_2082,,UPI000038F535,
9138,Clo1313_2083,IPR006638,UPI000038F536,Elp3/MiaA/NifB-like_rSAM
9139,Clo1313_2083,IPR005839,UPI000038F536,Methylthiotransferase
9140,Clo1313_2083,IPR020612,UPI000038F536,Methylthiotransferase_CS
9141,Clo1313_2083,IPR013848,UPI000038F536,Methylthiotransferase_N
9142,Clo1313_2083,IPR038135,UPI000038F536,Methylthiotransferase_N_sf
9143,Clo1313_2083,IPR006467,UPI000038F536,MiaB-like_bact
9144,Clo1313_2083,IPR007197,UPI000038F536,rSAM
9145,Clo1313_2083,IPR023404,UPI000038F536,rSAM_horseshoe
9146,Clo1313_2083,IPR058240,UPI000038F536,rSAM_sf
9147,Clo1313_2083,IPR034557,UPI000038F536,ThrcA_tRNA_MEthiotransferase
9148,Clo1313_2083,IPR002792,UPI000038F536,TRAM_dom
9149,Clo1313_2083,,UPI000038F536,
9150,Clo1313_2086,IPR011129,UPI0001B1EEEE,CSD
9151,Clo1313_2086,IPR040476,UPI0001B1EEEE,CSD2
9152,Clo1313_2086,IPR012340,UPI0001B1EEEE,NA-bd_OB-fold
9153,Clo1313_2086,IPR013223,UPI0001B1EEEE,RNase_B_OB_dom
9154,Clo1313_2086,IPR001900,UPI0001B1EEEE,RNase_II/R
9155,Clo1313_2086,IPR004476,UPI0001B1EEEE,RNase_II/RNase_R
9156,Clo1313_2086,IPR011805,UPI0001B1EEEE,RNase_R
9157,Clo1313_2086,IPR050180,UPI0001B1EEEE,RNR_Ribonuclease
9158,Clo1313_2086,IPR003029,UPI0001B1EEEE,S1_domain
9159,Clo1313_2086,,UPI0001B1EEEE,
9160,Clo1313_2088,IPR003607,UPI000038F53A,HD/PDEase_dom
9161,Clo1313_2088,IPR006674,UPI000038F53A,HD_domain
9162,Clo1313_2088,IPR006675,UPI000038F53A,HDIG_dom
9163,Clo1313_2088,,UPI000038F53A,
9164,Clo1313_2089,IPR004692,UPI00017E1F85,SecG
9165,Clo1313_2089,,UPI00017E1F85,
9166,Clo1313_2090,IPR000941,UPI0000F21888,Enolase
9167,Clo1313_2090,IPR036849,UPI0000F21888,Enolase-like_C_sf
9168,Clo1313_2090,IPR029017,UPI0000F21888,Enolase-like_N
9169,Clo1313_2090,IPR020810,UPI0000F21888,Enolase_C
9170,Clo1313_2090,IPR020809,UPI0000F21888,Enolase_CS
9171,Clo1313_2090,IPR020811,UPI0000F21888,Enolase_N
9172,Clo1313_2090,,UPI0000F21888,
9173,Clo1313_2091,IPR000160,UPI00003C916D,GGDEF_dom
9174,Clo1313_2091,IPR003607,UPI00003C916D,HD/PDEase_dom
9175,Clo1313_2091,IPR006674,UPI00003C916D,HD_domain
9176,Clo1313_2091,IPR037522,UPI00003C916D,HD_GYP_dom
9177,Clo1313_2091,IPR029787,UPI00003C916D,Nucleotide_cyclase
9178,Clo1313_2091,IPR043128,UPI00003C916D,Rev_trsase/Diguanyl_cyclase
9179,Clo1313_2091,,UPI00003C916D,
9180,Clo1313_2092,IPR017850,UPI00003C8B31,Alkaline_phosphatase_core_sf
9181,Clo1313_2092,IPR011258,UPI00003C8B31,BPG-indep_PGM_N
9182,Clo1313_2092,IPR006124,UPI00003C8B31,Metalloenzyme
9183,Clo1313_2092,IPR036646,UPI00003C8B31,PGAM_B_sf
9184,Clo1313_2092,IPR005995,UPI00003C8B31,Pgm_bpd_ind
9185,Clo1313_2092,,UPI00003C8B31,
9186,Clo1313_2093,IPR013785,UPI00003C8B32,Aldolase_TIM
9187,Clo1313_2093,IPR035990,UPI00003C8B32,TIM_sf
9188,Clo1313_2093,IPR022896,UPI00003C8B32,TrioseP_Isoase_bac/euk
9189,Clo1313_2093,IPR000652,UPI00003C8B32,Triosephosphate_isomerase
9190,Clo1313_2093,IPR020861,UPI00003C8B32,Triosephosphate_isomerase_AS
9191,Clo1313_2093,,UPI00003C8B32,
9192,Clo1313_2094,IPR001576,UPI00003C8B33,Phosphoglycerate_kinase
9193,Clo1313_2094,IPR015911,UPI00003C8B33,Phosphoglycerate_kinase_CS
9194,Clo1313_2094,IPR015824,UPI00003C8B33,Phosphoglycerate_kinase_N
9195,Clo1313_2094,IPR036043,UPI00003C8B33,Phosphoglycerate_kinase_sf
9196,Clo1313_2094,,UPI00003C8B33,
9197,Clo1313_2095,IPR020831,UPI000038F53E,GlycerAld/Erythrose_P_DH
9198,Clo1313_2095,IPR020830,UPI000038F53E,GlycerAld_3-P_DH_AS
9199,Clo1313_2095,IPR020829,UPI000038F53E,GlycerAld_3-P_DH_cat
9200,Clo1313_2095,IPR020828,UPI000038F53E,GlycerAld_3-P_DH_NAD(P)-bd
9201,Clo1313_2095,IPR006424,UPI000038F53E,Glyceraldehyde-3-P_DH_1
9202,Clo1313_2095,IPR036291,UPI000038F53E,NAD(P)-bd_dom_sf
9203,Clo1313_2095,,UPI000038F53E,
9204,Clo1313_2096,IPR008278,UPI00003C8B34,4-PPantetheinyl_Trfase_dom
9205,Clo1313_2096,IPR037143,UPI00003C8B34,4-PPantetheinyl_Trfase_dom_sf
9206,Clo1313_2096,,UPI00003C8B34,
9207,Clo1313_2097,IPR001227,UPI00017E279C,Ac_transferase_dom_sf
9208,Clo1313_2097,IPR036736,UPI00017E279C,ACP-like_sf
9209,Clo1313_2097,IPR014043,UPI00017E279C,Acyl_transferase_dom
9210,Clo1313_2097,IPR016035,UPI00017E279C,Acyl_Trfase/lysoPLipase
9211,Clo1313_2097,IPR018201,UPI00017E279C,Ketoacyl_synth_AS
9212,Clo1313_2097,IPR014031,UPI00017E279C,KAS_C
9213,Clo1313_2097,IPR014030,UPI00017E279C,KAS_N
9214,Clo1313_2097,IPR057326,UPI00017E279C,KR_dom
9215,Clo1313_2097,IPR016036,UPI00017E279C,Malonyl_transacylase_ACP-bd
9216,Clo1313_2097,IPR036291,UPI00017E279C,NAD(P)-bd_dom_sf
9217,Clo1313_2097,IPR020841,UPI00017E279C,PKS_Beta-ketoAc_synthase_dom
9218,Clo1313_2097,IPR042104,UPI00017E279C,PKS_dehydratase_sf
9219,Clo1313_2097,IPR013968,UPI00017E279C,PKS_KR
9220,Clo1313_2097,IPR049900,UPI00017E279C,PKS_mFAS_DH
9221,Clo1313_2097,IPR050091,UPI00017E279C,PKS_NRPS_Biosynth_Enz
9222,Clo1313_2097,IPR009081,UPI00017E279C,PP-bd_ACP
9223,Clo1313_2097,IPR016039,UPI00017E279C,Thiolase-like
9224,Clo1313_2097,,UPI00017E279C,
9225,Clo1313_2098,IPR029058,UPI0001B1EE36,AB_hydrolase_fold
9226,Clo1313_2098,,UPI0001B1EE36,
9227,Clo1313_2099,IPR025110,UPI000038F542,AMP-bd_C
9228,Clo1313_2099,IPR045851,UPI000038F542,AMP-b_sf
9229,Clo1313_2099,IPR020845,UPI000038F542,AMP-binding_CS
9230,Clo1313_2099,IPR000873,UPI000038F542,AMP-dep_synth/lig_dom
9231,Clo1313_2099,IPR042099,UPI000038F542,ANL_N_sf
9232,Clo1313_2099,,UPI000038F542,
9233,Clo1313_2100,IPR013747,UPI00005362D9,ACP_syn_III_C
9234,Clo1313_2100,IPR013751,UPI00005362D9,ACP_syn_III_N
9235,Clo1313_2100,IPR016039,UPI00005362D9,Thiolase-like
9236,Clo1313_2100,,UPI00005362D9,
9237,Clo1313_2101,IPR036736,UPI000038F544,ACP-like_sf
9238,Clo1313_2101,IPR009081,UPI000038F544,PP-bd_ACP
9239,Clo1313_2101,,UPI000038F544,
9240,Clo1313_2102,IPR013747,UPI0000534C6E,ACP_syn_III_C
9241,Clo1313_2102,IPR013751,UPI0000534C6E,ACP_syn_III_N
9242,Clo1313_2102,IPR016039,UPI0000534C6E,Thiolase-like
9243,Clo1313_2102,,UPI0000534C6E,
9244,Clo1313_2103,IPR000160,UPI000038F546,GGDEF_dom
9245,Clo1313_2103,IPR003607,UPI000038F546,HD/PDEase_dom
9246,Clo1313_2103,IPR006674,UPI000038F546,HD_domain
9247,Clo1313_2103,IPR037522,UPI000038F546,HD_GYP_dom
9248,Clo1313_2103,IPR029787,UPI000038F546,Nucleotide_cyclase
9249,Clo1313_2103,IPR043128,UPI000038F546,Rev_trsase/Diguanyl_cyclase
9250,Clo1313_2103,,UPI000038F546,
9251,Clo1313_2104,IPR029028,UPI000038F547,Alpha/beta_knot_MTases
9252,Clo1313_2104,IPR001537,UPI000038F547,SpoU_MeTrfase
9253,Clo1313_2104,IPR016914,UPI000038F547,TrmL
9254,Clo1313_2104,IPR029026,UPI000038F547,tRNA_m1G_MTases_N
9255,Clo1313_2104,,UPI000038F547,
9256,Clo1313_2105,IPR028976,UPI00017E25F4,CheC-like_sf
9257,Clo1313_2105,IPR038756,UPI00017E25F4,CheX-like
9258,Clo1313_2105,IPR028051,UPI00017E25F4,CheX-like_dom
9259,Clo1313_2105,,UPI00017E25F4,
9260,Clo1313_2106,IPR025914,UPI0001F328A3,SpoVAE
9261,Clo1313_2106,,UPI0001F328A3,
9262,Clo1313_2107,IPR014204,UPI00017E25F3,Spore_V_AE
9263,Clo1313_2107,IPR005562,UPI00017E25F3,SpoVA
9264,Clo1313_2107,,UPI00017E25F3,
9265,Clo1313_2108,IPR010894,UPI00003C8B38,SpoVAD
9266,Clo1313_2108,IPR038369,UPI00003C8B38,SpoVAD_sf
9267,Clo1313_2108,IPR016039,UPI00003C8B38,Thiolase-like
9268,Clo1313_2108,,UPI00003C8B38,
9269,Clo1313_2109,IPR014203,UPI000038F54A,Spore_V_AC
9270,Clo1313_2109,IPR005562,UPI000038F54A,SpoVA
9271,Clo1313_2109,,UPI000038F54A,
9272,Clo1313_2110,,UPI00003C8B39,
9273,Clo1313_2111,IPR014284,UPI00003C8B3A,RNA_pol_sigma-70_dom
9274,Clo1313_2111,IPR014322,UPI00003C8B3A,RNA_pol_sigma-B/F/G
9275,Clo1313_2111,IPR014236,UPI00003C8B3A,RNA_pol_sigma-F
9276,Clo1313_2111,IPR000943,UPI00003C8B3A,RNA_pol_sigma70
9277,Clo1313_2111,IPR007627,UPI00003C8B3A,RNA_pol_sigma70_r2
9278,Clo1313_2111,IPR007624,UPI00003C8B3A,RNA_pol_sigma70_r3
9279,Clo1313_2111,IPR007630,UPI00003C8B3A,RNA_pol_sigma70_r4
9280,Clo1313_2111,IPR013325,UPI00003C8B3A,RNA_pol_sigma_r2
9281,Clo1313_2111,IPR013324,UPI00003C8B3A,RNA_pol_sigma_r3/r4-like
9282,Clo1313_2111,IPR050239,UPI00003C8B3A,Sigma-70_RNA_pol_init_factors
9283,Clo1313_2111,IPR036388,UPI00003C8B3A,WH-like_DNA-bd_sf
9284,Clo1313_2111,,UPI00003C8B3A,
9285,Clo1313_2112,IPR050267,UPI000038F54C,Anti-sigma-factor_SerPK
9286,Clo1313_2112,IPR010194,UPI000038F54C,Anti-sigma_F
9287,Clo1313_2112,IPR036890,UPI000038F54C,HATPase_C_sf
9288,Clo1313_2112,IPR003594,UPI000038F54C,HATPase_dom
9289,Clo1313_2112,,UPI000038F54C,
9290,Clo1313_2113,IPR003658,UPI000053783B,Anti-sigma_ant
9291,Clo1313_2113,IPR014237,UPI000053783B,Anti-sigma_F_ant
9292,Clo1313_2113,IPR002645,UPI000053783B,STAS_dom
9293,Clo1313_2113,IPR036513,UPI000053783B,STAS_dom_sf
9294,Clo1313_2113,,UPI000053783B,
9295,Clo1313_2114,IPR050399,UPI00017E25F1,HPr
9296,Clo1313_2114,IPR000032,UPI00017E25F1,HPr-like
9297,Clo1313_2114,IPR035895,UPI00017E25F1,HPr-like_sf
9298,Clo1313_2114,IPR001020,UPI00017E25F1,PTS_HPr_His_P_site
9299,Clo1313_2114,,UPI00017E25F1,
9300,Clo1313_2115,IPR027434,UPI000038F54F,Homing_endonucl
9301,Clo1313_2115,IPR018478,UPI000038F54F,Sporu_reg_WhiA_N_dom
9302,Clo1313_2115,IPR003802,UPI000038F54F,Sporulation_regulator_WhiA
9303,Clo1313_2115,IPR023054,UPI000038F54F,Sporulation_regulator_WhiA_C
9304,Clo1313_2115,IPR039518,UPI000038F54F,WhiA_LAGLIDADG_dom
9305,Clo1313_2115,,UPI000038F54F,
9306,Clo1313_2116,IPR008928,UPI000053197F,6-hairpin_glycosidase_sf
9307,Clo1313_2116,IPR012341,UPI000053197F,6hp_glycosidase-like_sf
9308,Clo1313_2116,IPR010401,UPI000053197F,AGL/Gdb1
9309,Clo1313_2116,IPR032790,UPI000053197F,GDE_C
9310,Clo1313_2116,IPR006451,UPI000053197F,Glycogen_debranch_arc
9311,Clo1313_2116,IPR024742,UPI000053197F,Glycogen_debranch_N
9312,Clo1313_2116,,UPI000053197F,
9313,Clo1313_2117,IPR002882,UPI000038F551,CofD
9314,Clo1313_2117,IPR038136,UPI000038F551,CofD-like_dom_sf
9315,Clo1313_2117,IPR010119,UPI000038F551,Gluconeogen_factor
9316,Clo1313_2117,,UPI000038F551,
9317,Clo1313_2118,IPR027417,UPI000038F552,P-loop_NTPase
9318,Clo1313_2118,IPR005337,UPI000038F552,RapZ-like
9319,Clo1313_2118,IPR053930,UPI000038F552,RapZ-like_N
9320,Clo1313_2118,IPR053931,UPI000038F552,RapZ_C
9321,Clo1313_2118,,UPI000038F552,
9322,Clo1313_2119,IPR016166,UPI0001B1EE34,FAD-bd_PCMH
9323,Clo1313_2119,IPR036318,UPI0001B1EE34,FAD-bd_PCMH-like_sf
9324,Clo1313_2119,IPR016167,UPI0001B1EE34,FAD-bd_PCMH_sub1
9325,Clo1313_2119,IPR016169,UPI0001B1EE34,FAD-bd_PCMH_sub2
9326,Clo1313_2119,IPR003170,UPI0001B1EE34,MurB
9327,Clo1313_2119,IPR011601,UPI0001B1EE34,MurB_C
9328,Clo1313_2119,IPR036635,UPI0001B1EE34,MurB_C_sf
9329,Clo1313_2119,IPR006094,UPI0001B1EE34,Oxid_FAD_bind_N
9330,Clo1313_2119,,UPI0001B1EE34,
9331,Clo1313_2120,IPR023710,UPI0000533E05,Phosphatase_YcdX_put
9332,Clo1313_2120,IPR004013,UPI0000533E05,PHP_dom
9333,Clo1313_2120,IPR050243,UPI0000533E05,PHP_phosphatase
9334,Clo1313_2120,IPR003141,UPI0000533E05,Pol/His_phosphatase_N
9335,Clo1313_2120,IPR016195,UPI0000533E05,Pol/histidinol_Pase-like
9336,Clo1313_2120,,UPI0000533E05,
9337,Clo1313_2121,IPR003755,UPI000038F555,HPr(Ser)_kin/Pase
9338,Clo1313_2121,IPR011104,UPI000038F555,Hpr_kin/Pase_C
9339,Clo1313_2121,IPR011126,UPI000038F555,Hpr_kin/Pase_Hpr_N
9340,Clo1313_2121,IPR027417,UPI000038F555,P-loop_NTPase
9341,Clo1313_2121,IPR028979,UPI000038F555,Ser_kin/Pase_Hpr-like_N_sf
9342,Clo1313_2121,,UPI000038F555,
9343,Clo1313_2122,IPR002105,UPI00017E246B,Dockerin_1_rpt
9344,Clo1313_2122,IPR036439,UPI00017E246B,Dockerin_dom_sf
9345,Clo1313_2122,IPR018247,UPI00017E246B,EF_Hand_1_Ca_BS
9346,Clo1313_2122,,UPI00017E246B,
9347,Clo1313_2123,IPR009875,UPI00003C8B3E,PilZ_domain
9348,Clo1313_2123,,UPI00003C8B3E,
9349,Clo1313_2124,IPR034964,UPI000038F557,LS
9350,Clo1313_2124,IPR002180,UPI000038F557,LS/RS
9351,Clo1313_2124,IPR036467,UPI000038F557,LS/RS_sf
9352,Clo1313_2124,,UPI000038F557,
9353,Clo1313_2125,IPR017945,UPI000038F558,DHBP_synth_RibB-like_a/b_dom
9354,Clo1313_2125,IPR000422,UPI000038F558,DHBP_synthase_RibB
9355,Clo1313_2125,IPR032677,UPI000038F558,GTP_cyclohydro_II
9356,Clo1313_2125,IPR000926,UPI000038F558,RibA
9357,Clo1313_2125,IPR036144,UPI000038F558,RibA-like_sf
9358,Clo1313_2125,IPR016299,UPI000038F558,Riboflavin_synth_RibBA
9359,Clo1313_2125,,UPI000038F558,
9360,Clo1313_2126,IPR023366,UPI000038F559,ATP_synth_asu-like_sf
9361,Clo1313_2126,IPR001783,UPI000038F559,Lumazine-bd
9362,Clo1313_2126,IPR026017,UPI000038F559,Lumazine-bd_dom
9363,Clo1313_2126,IPR017938,UPI000038F559,Riboflavin_synthase-like_b-brl
9364,Clo1313_2126,,UPI000038F559,
9365,Clo1313_2127,IPR002125,UPI000038F55A,CMP_dCMP_dom
9366,Clo1313_2127,IPR016193,UPI000038F55A,Cytidine_deaminase-like
9367,Clo1313_2127,IPR024072,UPI000038F55A,DHFR-like_dom_sf
9368,Clo1313_2127,IPR004794,UPI000038F55A,Eubact_RibD
9369,Clo1313_2127,IPR011549,UPI000038F55A,RibD_C
9370,Clo1313_2127,IPR002734,UPI000038F55A,RibDG_C
9371,Clo1313_2127,IPR050765,UPI000038F55A,Riboflavin_Biosynth_HTPR
9372,Clo1313_2127,,UPI000038F55A,
9373,Clo1313_2128,IPR001602,UPI000038F55B,UPF0047_YjbQ-like
9374,Clo1313_2128,IPR035917,UPI000038F55B,YjbQ-like_sf
9375,Clo1313_2128,,UPI000038F55B,
9376,Clo1313_2129,IPR022272,UPI00003C8B40,Lipocalin_CS
9377,Clo1313_2129,IPR029063,UPI00003C8B40,SAM-dependent_MTases_sf
9378,Clo1313_2129,IPR003358,UPI00003C8B40,tRNA_(Gua-N-7)_MeTrfase_Trmb
9379,Clo1313_2129,IPR055361,UPI00003C8B40,tRNA_methyltr_TrmB_bact
9380,Clo1313_2129,,UPI00003C8B40,
9381,Clo1313_2130,IPR001670,UPI000038F55D,ADH_Fe/GldA
9382,Clo1313_2130,IPR056798,UPI000038F55D,ADH_Fe_C
9383,Clo1313_2130,IPR018211,UPI000038F55D,ADH_Fe_CS
9384,Clo1313_2130,IPR044731,UPI000038F55D,BDH-like
9385,Clo1313_2130,,UPI000038F55D,
9386,Clo1313_2131,,UPI000038F55E,
9387,Clo1313_2132,IPR029041,UPI000038F55F,FAD-linked_oxidoreductase-like
9388,Clo1313_2132,IPR003171,UPI000038F55F,Mehydrof_redctse-like
9389,Clo1313_2132,IPR004620,UPI000038F55F,MTHF_reductase_bac
9390,Clo1313_2132,,UPI000038F55F,
9391,Clo1313_2135,IPR005370,UPI00003C8B43,UPF0180
9392,Clo1313_2135,,UPI00003C8B43,
9393,Clo1313_2136,IPR004363,UPI00003C8B44,Methylgl_synth
9394,Clo1313_2136,IPR011607,UPI00003C8B44,MGS-like_dom
9395,Clo1313_2136,IPR036914,UPI00003C8B44,MGS-like_dom_sf
9396,Clo1313_2136,,UPI00003C8B44,
9397,Clo1313_2137,IPR005527,UPI0000537F84,MinE
9398,Clo1313_2137,IPR036707,UPI0000537F84,MinE_sf
9399,Clo1313_2137,,UPI0000537F84,
9400,Clo1313_2138,IPR025669,UPI000038F565,AAA_dom
9401,Clo1313_2138,IPR010223,UPI000038F565,MinD
9402,Clo1313_2138,IPR025501,UPI000038F565,MinD_FleN
9403,Clo1313_2138,IPR027417,UPI000038F565,P-loop_NTPase
9404,Clo1313_2138,IPR050625,UPI000038F565,ParA/MinD_ATPase
9405,Clo1313_2138,,UPI000038F565,
9406,Clo1313_2139,IPR016098,UPI00017E2468,CAP/MinC_C
9407,Clo1313_2139,IPR013033,UPI00017E2468,MinC
9408,Clo1313_2139,IPR036145,UPI00017E2468,MinC_C_sf
9409,Clo1313_2139,IPR055219,UPI00017E2468,MinC_N_1
9410,Clo1313_2139,IPR005526,UPI00017E2468,Septum_form_inhib_MinC_C
9411,Clo1313_2139,,UPI00017E2468,
9412,Clo1313_2140,IPR050515,UPI0001F328D6,Beta-lactam/transpept
9413,Clo1313_2140,IPR012338,UPI0001F328D6,Beta-lactam/transpept-like
9414,Clo1313_2140,IPR005311,UPI0001F328D6,PBP_dimer
9415,Clo1313_2140,IPR036138,UPI0001F328D6,PBP_dimer_sf
9416,Clo1313_2140,IPR001460,UPI0001F328D6,PCN-bd_Tpept
9417,Clo1313_2140,IPR017790,UPI0001F328D6,Penicillin-binding_protein_2
9418,Clo1313_2140,,UPI0001F328D6,
9419,Clo1313_2141,IPR017225,UPI000038F568,Cell_shape_determin_MreD_prd
9420,Clo1313_2141,IPR007227,UPI000038F568,Cell_shape_determining_MreD
9421,Clo1313_2141,,UPI000038F568,
9422,Clo1313_2143,IPR043129,UPI00003C8B46,ATPase_NBD
9423,Clo1313_2143,IPR004753,UPI00003C8B46,MreB
9424,Clo1313_2143,IPR056546,UPI00003C8B46,MreB_MamK-like
9425,Clo1313_2143,,UPI00003C8B46,
9426,Clo1313_2144,IPR029001,UPI00003C8B47,ITPase-like_fam
9427,Clo1313_2144,IPR003697,UPI00003C8B47,Maf-like
9428,Clo1313_2144,,UPI00003C8B47,
9429,Clo1313_2145,,UPI00005320D6,
9430,Clo1313_2146,IPR038471,UPI00003C8B48,MecA_C_sf
9431,Clo1313_2146,IPR008681,UPI00003C8B48,Neg-reg_MecA
9432,Clo1313_2146,,UPI00003C8B48,
9433,Clo1313_2147,IPR046590,UPI000038F56E,DUF6648
9434,Clo1313_2147,,UPI000038F56E,
9435,Clo1313_2148,IPR052016,UPI0001B1EDE3,Bact_Sigma-Reg
9436,Clo1313_2148,IPR033425,UPI0001B1EDE3,MASE3
9437,Clo1313_2148,IPR036457,UPI0001B1EDE3,PPM-type-like_dom_sf
9438,Clo1313_2148,IPR001932,UPI0001B1EDE3,PPM-type_phosphatase-like_dom
9439,Clo1313_2148,,UPI0001B1EDE3,
9440,Clo1313_2149,IPR003593,UPI00017E22D9,AAA+_ATPase
9441,Clo1313_2149,IPR003959,UPI00017E22D9,ATPase_AAA_core
9442,Clo1313_2149,IPR027543,UPI00017E22D9,Lon_bac
9443,Clo1313_2149,IPR004815,UPI00017E22D9,Lon_bac/euk-typ
9444,Clo1313_2149,IPR054594,UPI00017E22D9,Lon_lid
9445,Clo1313_2149,IPR008269,UPI00017E22D9,Lon_proteolytic
9446,Clo1313_2149,IPR027065,UPI00017E22D9,Lon_Prtase
9447,Clo1313_2149,IPR003111,UPI00017E22D9,Lon_prtase_N
9448,Clo1313_2149,IPR046336,UPI00017E22D9,Lon_prtase_N_sf
9449,Clo1313_2149,IPR027417,UPI00017E22D9,P-loop_NTPase
9450,Clo1313_2149,IPR008268,UPI00017E22D9,Peptidase_S16_AS
9451,Clo1313_2149,IPR015947,UPI00017E22D9,PUA-like_sf
9452,Clo1313_2149,IPR020568,UPI00017E22D9,Ribosomal_Su5_D2-typ_SF
9453,Clo1313_2149,IPR014721,UPI00017E22D9,Ribsml_uS5_D2-typ_fold_subgr
9454,Clo1313_2149,,UPI00017E22D9,
9455,Clo1313_2150,IPR002813,UPI0000534562,Arg_biosynth_ArgJ
9456,Clo1313_2150,IPR016117,UPI0000534562,ArgJ-like_dom_sf
9457,Clo1313_2150,IPR042195,UPI0000534562,ArgJ_beta_C
9458,Clo1313_2150,,UPI0000534562,
9459,Clo1313_2151,IPR039315,UPI0001F328D8,CheW
9460,Clo1313_2151,IPR036061,UPI0001F328D8,CheW-like_dom_sf
9461,Clo1313_2151,IPR002545,UPI0001F328D8,CheW-lke_dom
9462,Clo1313_2151,,UPI0001F328D8,
9463,Clo1313_2152,IPR024301,UPI000038F573,Amidase_6
9464,Clo1313_2152,,UPI000038F573,
9465,Clo1313_2153,IPR025306,UPI00005362DB,Zn-bnd_dom_prob
9466,Clo1313_2153,,UPI00005362DB,
9467,Clo1313_2154,,UPI000038F574,
9468,Clo1313_2155,IPR052928,UPI000038F575,Desiccation-related_membrane
9469,Clo1313_2155,IPR024623,UPI000038F575,YtxH
9470,Clo1313_2155,,UPI000038F575,
9471,Clo1313_2156,,UPI0001B1ED3D,
9472,Clo1313_2157,,UPI00003C8B4C,
9473,Clo1313_2159,IPR024425,UPI0001B1ED3C,LiaF-like_C
9474,Clo1313_2159,,UPI0001B1ED3C,
9475,Clo1313_2160,IPR007168,UPI000038F579,Phageshock_PspC_N
9476,Clo1313_2160,IPR052027,UPI000038F579,PspC
9477,Clo1313_2160,,UPI000038F579,
9478,Clo1313_2161,IPR008928,UPI000038F57A,6-hairpin_glycosidase_sf
9479,Clo1313_2161,IPR012341,UPI000038F57A,6hp_glycosidase-like_sf
9480,Clo1313_2161,IPR008965,UPI000038F57A,CBM2/CBM3_carb-bd_dom_sf
9481,Clo1313_2161,IPR001956,UPI000038F57A,CBM3
9482,Clo1313_2161,IPR036966,UPI000038F57A,CBM3_sf
9483,Clo1313_2161,IPR023309,UPI000038F57A,Endo-1-4-beta-glucanase_dom2
9484,Clo1313_2161,IPR027390,UPI000038F57A,Endoglucanase_F_dom3
9485,Clo1313_2161,IPR000556,UPI000038F57A,Glyco_hydro_48F
9486,Clo1313_2161,,UPI000038F57A,
9487,Clo1313_2162,IPR004364,UPI000038F57C,Aa-tRNA-synt_II
9488,Clo1313_2162,IPR006195,UPI000038F57C,aa-tRNA-synth_II
9489,Clo1313_2162,IPR045864,UPI000038F57C,aa-tRNA-synth_II/BPL/LPL
9490,Clo1313_2162,IPR004522,UPI000038F57C,Asn-tRNA-ligase
9491,Clo1313_2162,IPR002312,UPI000038F57C,Asp/Asn-tRNA-synth_IIb
9492,Clo1313_2162,IPR012340,UPI000038F57C,NA-bd_OB-fold
9493,Clo1313_2162,IPR004365,UPI000038F57C,NA-bd_OB_tRNA
9494,Clo1313_2162,,UPI000038F57C,
9495,Clo1313_2163,IPR006195,UPI00003C8B4E,aa-tRNA-synth_II
9496,Clo1313_2163,IPR045864,UPI00003C8B4E,aa-tRNA-synth_II/BPL/LPL
9497,Clo1313_2163,IPR004618,UPI00003C8B4E,AsnA
9498,Clo1313_2163,,UPI00003C8B4E,
9499,Clo1313_2164,IPR029000,UPI0000537F8D,Cyclophilin-like_dom_sf
9500,Clo1313_2164,IPR020892,UPI0000537F8D,Cyclophilin-type_PPIase_CS
9501,Clo1313_2164,IPR002130,UPI0000537F8D,Cyclophilin-type_PPIase_dom
9502,Clo1313_2164,IPR044666,UPI0000537F8D,Cyclophilin_A-like
9503,Clo1313_2164,,UPI0000537F8D,
9504,Clo1313_2165,IPR029035,UPI000038FE53,DHS-like_NAD/FAD-binding_dom
9505,Clo1313_2165,IPR050134,UPI000038FE53,NAD-dep_sirtuin_deacylases
9506,Clo1313_2165,IPR003000,UPI000038FE53,Sirtuin
9507,Clo1313_2165,IPR026591,UPI000038FE53,Sirtuin_cat_small_dom_sf
9508,Clo1313_2165,IPR028628,UPI000038FE53,Sirtuin_class_U
9509,Clo1313_2165,IPR026590,UPI000038FE53,Ssirtuin_cat_dom
9510,Clo1313_2165,,UPI000038FE53,
9511,Clo1313_2166,IPR058620,UPI00003C8B50,YtrI_C
9512,Clo1313_2166,,UPI00003C8B50,
9513,Clo1313_2167,IPR025689,UPI0000532F77,Spore_YtrH
9514,Clo1313_2167,,UPI0000532F77,
9515,Clo1313_2168,IPR003841,UPI00003C8B51,Na/Pi_transpt
9516,Clo1313_2168,IPR004633,UPI00003C8B51,NaPi_cotrn-rel/YqeW-like
9517,Clo1313_2168,,UPI00003C8B51,
9518,Clo1313_2169,IPR024934,UPI000038FE4E,Rubredoxin-like_dom
9519,Clo1313_2169,IPR048574,UPI000038FE4E,RUBY_RBDX
9520,Clo1313_2169,,UPI000038FE4E,
9521,Clo1313_2170,IPR017850,UPI00005362DC,Alkaline_phosphatase_core_sf
9522,Clo1313_2170,IPR012160,UPI00005362DC,LtaS-like
9523,Clo1313_2170,IPR050448,UPI00005362DC,OpgB/LTA_synthase_biosynth
9524,Clo1313_2170,IPR000917,UPI00005362DC,Sulfatase_N
9525,Clo1313_2170,,UPI00005362DC,
9526,Clo1313_2171,IPR003784,UPI0001B1ED3A,BioY
9527,Clo1313_2171,,UPI0001B1ED3A,
9528,Clo1313_2172,IPR004027,UPI000038FBD4,SEC_C_motif
9529,Clo1313_2172,,UPI000038FBD4,
9530,Clo1313_2173,IPR024449,UPI000038FBD3,Anti-sigma_RsgI_N
9531,Clo1313_2173,IPR008965,UPI000038FBD3,CBM2/CBM3_carb-bd_dom_sf
9532,Clo1313_2173,IPR001956,UPI000038FBD3,CBM3
9533,Clo1313_2173,IPR036966,UPI000038FBD3,CBM3_sf
9534,Clo1313_2173,IPR055431,UPI000038FBD3,RsgI_M
9535,Clo1313_2173,,UPI000038FBD3,
9536,Clo1313_2174,IPR014244,UPI00017E212D,RNA_pol_sigma-I
9537,Clo1313_2174,IPR013325,UPI00017E212D,RNA_pol_sigma_r2
9538,Clo1313_2174,,UPI00017E212D,
9539,Clo1313_2175,IPR021729,UPI000038FBD1,DUF3298
9540,Clo1313_2175,IPR037126,UPI000038FBD1,PdaC/RsiV-like_sf
9541,Clo1313_2175,,UPI000038FBD1,
9542,Clo1313_2176,IPR003343,UPI0001B1F08B,Big_2
9543,Clo1313_2176,IPR008964,UPI0001B1F08B,Invasin/intimin_cell_adhesion
9544,Clo1313_2176,IPR045197,UPI0001B1F08B,NUP210-like
9545,Clo1313_2176,IPR001119,UPI0001B1F08B,SLH_dom
9546,Clo1313_2176,,UPI0001B1F08B,
9547,Clo1313_2177,,UPI00003C8B55,
9548,Clo1313_2178,IPR052177,UPI00003C8B56,Divisome_Glycosyl_Hydrolase
9549,Clo1313_2178,IPR017853,UPI00003C8B56,GH_hydrolase_sf
9550,Clo1313_2178,IPR003790,UPI00003C8B56,GHL10
9551,Clo1313_2178,IPR013783,UPI00003C8B56,Ig-like_fold
9552,Clo1313_2178,IPR001119,UPI00003C8B56,SLH_dom
9553,Clo1313_2178,,UPI00003C8B56,
9554,Clo1313_2179,IPR050862,UPI00003C8B57,RdRp_reductase_class-2
9555,Clo1313_2179,IPR000788,UPI00003C8B57,RNR_lg_C
9556,Clo1313_2179,IPR013509,UPI00003C8B57,RNR_lsu_N
9557,Clo1313_2179,IPR013344,UPI00003C8B57,RNR_NrdJ/NrdZ
9558,Clo1313_2179,IPR008926,UPI00003C8B57,RNR_R1-su_N
9559,Clo1313_2179,IPR024434,UPI00003C8B57,TSCPD_dom
9560,Clo1313_2179,,UPI00003C8B57,
9561,Clo1313_2180,IPR025275,UPI00017E2129,DUF4015
9562,Clo1313_2180,IPR017853,UPI00017E2129,GH_hydrolase_sf
9563,Clo1313_2180,,UPI00017E2129,
9564,Clo1313_2181,IPR052177,UPI000038F7F1,Divisome_Glycosyl_Hydrolase
9565,Clo1313_2181,IPR025275,UPI000038F7F1,DUF4015
9566,Clo1313_2181,IPR017853,UPI000038F7F1,GH_hydrolase_sf
9567,Clo1313_2181,,UPI000038F7F1,
9568,Clo1313_2182,IPR046230,UPI000038F7F0,DUF6263
9569,Clo1313_2182,,UPI000038F7F0,
9570,Clo1313_2183,IPR001387,UPI000038F7EF,Cro/C1-type_HTH
9571,Clo1313_2183,IPR010982,UPI000038F7EF,Lambda_DNA-bd_dom_sf
9572,Clo1313_2183,IPR036286,UPI000038F7EF,LexA/Signal_pep-like_sf
9573,Clo1313_2183,IPR015927,UPI000038F7EF,Peptidase_S24_S26A/B/C
9574,Clo1313_2183,,UPI000038F7EF,
9575,Clo1313_2184,IPR012854,UPI0001B1ED1B,Cu_amine_oxidase-like_N
9576,Clo1313_2184,IPR036582,UPI0001B1ED1B,Mao_N_sf
9577,Clo1313_2184,,UPI0001B1ED1B,
9578,Clo1313_2185,IPR012854,UPI00017E1F7E,Cu_amine_oxidase-like_N
9579,Clo1313_2185,IPR036582,UPI00017E1F7E,Mao_N_sf
9580,Clo1313_2185,,UPI00017E1F7E,
9581,Clo1313_2186,,UPI0001B1ED1A,
9582,Clo1313_2187,IPR012854,UPI0001B1ED19,Cu_amine_oxidase-like_N
9583,Clo1313_2187,IPR036582,UPI0001B1ED19,Mao_N_sf
9584,Clo1313_2187,,UPI0001B1ED19,
9585,Clo1313_2188,IPR002105,UPI0001B1ED18,Dockerin_1_rpt
9586,Clo1313_2188,IPR016134,UPI0001B1ED18,Dockerin_dom
9587,Clo1313_2188,IPR036439,UPI0001B1ED18,Dockerin_dom_sf
9588,Clo1313_2188,IPR014867,UPI0001B1ED18,Spore_coat_CotH_CotH2/3/7
9589,Clo1313_2188,,UPI0001B1ED18,
9590,Clo1313_2189,IPR008928,UPI000038F7EA,6-hairpin_glycosidase_sf
9591,Clo1313_2189,IPR012341,UPI000038F7EA,6hp_glycosidase-like_sf
9592,Clo1313_2189,IPR008965,UPI000038F7EA,CBM2/CBM3_carb-bd_dom_sf
9593,Clo1313_2189,IPR001956,UPI000038F7EA,CBM3
9594,Clo1313_2189,IPR036966,UPI000038F7EA,CBM3_sf
9595,Clo1313_2189,IPR002105,UPI000038F7EA,Dockerin_1_rpt
9596,Clo1313_2189,IPR016134,UPI000038F7EA,Dockerin_dom
9597,Clo1313_2189,IPR036439,UPI000038F7EA,Dockerin_dom_sf
9598,Clo1313_2189,IPR018247,UPI000038F7EA,EF_Hand_1_Ca_BS
9599,Clo1313_2189,IPR001701,UPI000038F7EA,Glyco_hydro_9
9600,Clo1313_2189,IPR033126,UPI000038F7EA,Glyco_hydro_9_Asp/Glu_AS
9601,Clo1313_2189,IPR018221,UPI000038F7EA,Glyco_hydro_9_His_AS
9602,Clo1313_2189,,UPI000038F7EA,
9603,Clo1313_2190,IPR023873,UPI000038F7E9,FeFe-hyd_GTPase_HydF
9604,Clo1313_2190,IPR006073,UPI000038F7E9,GTP-bd
9605,Clo1313_2190,IPR041606,UPI000038F7E9,HydF_dimer
9606,Clo1313_2190,IPR040644,UPI000038F7E9,HydF_tetramer
9607,Clo1313_2190,IPR027417,UPI000038F7E9,P-loop_NTPase
9608,Clo1313_2190,IPR005225,UPI000038F7E9,Small_GTP-bd
9609,Clo1313_2190,,UPI000038F7E9,
9610,Clo1313_2191,IPR021328,UPI00000613C8,CotB-like
9611,Clo1313_2191,,UPI00000613C8,
9612,Clo1313_2192,IPR008928,UPI0001B1ED17,6-hairpin_glycosidase_sf
9613,Clo1313_2192,IPR012341,UPI0001B1ED17,6hp_glycosidase-like_sf
9614,Clo1313_2192,IPR008965,UPI0001B1ED17,CBM2/CBM3_carb-bd_dom_sf
9615,Clo1313_2192,IPR001956,UPI0001B1ED17,CBM3
9616,Clo1313_2192,IPR036966,UPI0001B1ED17,CBM3_sf
9617,Clo1313_2192,IPR001701,UPI0001B1ED17,Glyco_hydro_9
9618,Clo1313_2192,IPR033126,UPI0001B1ED17,Glyco_hydro_9_Asp/Glu_AS
9619,Clo1313_2192,IPR018221,UPI0001B1ED17,Glyco_hydro_9_His_AS
9620,Clo1313_2192,,UPI0001B1ED17,
9621,Clo1313_2193,IPR004090,UPI0001F32906,Chemotax_Me-accpt_rcpt
9622,Clo1313_2193,IPR003660,UPI0001F32906,HAMP_dom
9623,Clo1313_2193,IPR024478,UPI0001F32906,HlyB_4HB_MCP
9624,Clo1313_2193,IPR051310,UPI0001F32906,
9625,Clo1313_2193,IPR004089,UPI0001F32906,MCPsignal_dom
9626,Clo1313_2193,,UPI0001F32906,
9627,Clo1313_2194,IPR039315,UPI0001B1EFB8,CheW
9628,Clo1313_2194,IPR036061,UPI0001B1EFB8,CheW-like_dom_sf
9629,Clo1313_2194,IPR002545,UPI0001B1EFB8,CheW-lke_dom
9630,Clo1313_2194,,UPI0001B1EFB8,
9631,Clo1313_2195,IPR004090,UPI0001F32907,Chemotax_Me-accpt_rcpt
9632,Clo1313_2195,IPR003660,UPI0001F32907,HAMP_dom
9633,Clo1313_2195,IPR024478,UPI0001F32907,HlyB_4HB_MCP
9634,Clo1313_2195,IPR051310,UPI0001F32907,
9635,Clo1313_2195,IPR004089,UPI0001F32907,MCPsignal_dom
9636,Clo1313_2195,,UPI0001F32907,
9637,Clo1313_2196,IPR039315,UPI0001B1F035,CheW
9638,Clo1313_2196,IPR036061,UPI0001B1F035,CheW-like_dom_sf
9639,Clo1313_2196,IPR002545,UPI0001B1F035,CheW-lke_dom
9640,Clo1313_2196,,UPI0001B1F035,
9641,Clo1313_2197,IPR002068,UPI00003C8B62,A-crystallin/Hsp20_dom
9642,Clo1313_2197,IPR007052,UPI00003C8B62,CS_dom
9643,Clo1313_2197,IPR008978,UPI00003C8B62,HSP20-like_chaperone
9644,Clo1313_2197,IPR031107,UPI00003C8B62,Small_HSP
9645,Clo1313_2197,,UPI00003C8B62,
9646,Clo1313_2198,IPR004137,UPI000038F7E5,HCP/CODH
9647,Clo1313_2198,IPR010048,UPI000038F7E5,Hydroxylam_reduct
9648,Clo1313_2198,IPR016099,UPI000038F7E5,Prismane-like_a/b-sand
9649,Clo1313_2198,IPR011254,UPI000038F7E5,Prismane-like_sf
9650,Clo1313_2198,IPR016100,UPI000038F7E5,Prismane_a-bundle
9651,Clo1313_2198,,UPI000038F7E5,
9652,Clo1313_2199,IPR017896,UPI000038F7E4,4Fe4S_Fe-S-bd
9653,Clo1313_2199,IPR052911,UPI000038F7E4,Corrinoid_activation_enz
9654,Clo1313_2199,,UPI000038F7E4,
9655,Clo1313_2200,IPR000595,UPI00003C8B63,cNMP-bd_dom
9656,Clo1313_2200,IPR018490,UPI00003C8B63,cNMP-bd_dom_sf
9657,Clo1313_2200,IPR050397,UPI00003C8B63,Env_Response_Regulators
9658,Clo1313_2200,IPR012318,UPI00003C8B63,HTH_CRP
9659,Clo1313_2200,IPR014710,UPI00003C8B63,RmlC-like_jellyroll
9660,Clo1313_2200,IPR036390,UPI00003C8B63,WH_DNA-bd_sf
9661,Clo1313_2200,,UPI00003C8B63,
9662,Clo1313_2201,IPR053905,UPI0001B1F034,EF-G-like_DII
9663,Clo1313_2201,IPR041095,UPI0001B1F034,EFG_II
9664,Clo1313_2201,IPR035647,UPI0001B1F034,EFG_III/V
9665,Clo1313_2201,IPR000640,UPI0001B1F034,EFG_V-like
9666,Clo1313_2201,IPR031157,UPI0001B1F034,G_TR_CS
9667,Clo1313_2201,IPR027417,UPI0001B1F034,P-loop_NTPase
9668,Clo1313_2201,IPR020568,UPI0001B1F034,Ribosomal_Su5_D2-typ_SF
9669,Clo1313_2201,IPR014721,UPI0001B1F034,Ribsml_uS5_D2-typ_fold_subgr
9670,Clo1313_2201,IPR005225,UPI0001B1F034,Small_GTP-bd
9671,Clo1313_2201,IPR000795,UPI0001B1F034,T_Tr_GTP-bd_dom
9672,Clo1313_2201,IPR035650,UPI0001B1F034,Tet_C
9673,Clo1313_2201,IPR009000,UPI0001B1F034,Transl_B-barrel_sf
9674,Clo1313_2201,IPR005517,UPI0001B1F034,Transl_elong_EFG/EF2_IV
9675,Clo1313_2201,IPR010298,UPI0001B1F034,Rae1
9676,Clo1313_2201,,UPI0001B1F034,
9677,Clo1313_2202,IPR005084,UPI000038FC44,CBM6
9678,Clo1313_2202,IPR002105,UPI000038FC44,Dockerin_1_rpt
9679,Clo1313_2202,IPR016134,UPI000038FC44,Dockerin_dom
9680,Clo1313_2202,IPR036439,UPI000038FC44,Dockerin_dom_sf
9681,Clo1313_2202,IPR018247,UPI000038FC44,EF_Hand_1_Ca_BS
9682,Clo1313_2202,IPR008979,UPI000038FC44,Galactose-bd-like_sf
9683,Clo1313_2202,IPR017853,UPI000038FC44,GH_hydrolase_sf
9684,Clo1313_2202,IPR022790,UPI000038FC44,GH26_dom
9685,Clo1313_2202,IPR000805,UPI000038FC44,Glyco_hydro_26
9686,Clo1313_2202,,UPI000038FC44,
9687,Clo1313_2203,IPR029442,UPI0001B1F033,GyrI-like
9688,Clo1313_2203,IPR008319,UPI0001B1F033,GyrI-like_CCH_Lin2189-like
9689,Clo1313_2203,IPR011256,UPI0001B1F033,Reg_factor_effector_dom_sf
9690,Clo1313_2203,,UPI0001B1F033,
9691,Clo1313_2204,IPR018775,UPI0001B1F032,RlaP
9692,Clo1313_2204,,UPI0001B1F032,
9693,Clo1313_2207,IPR005814,UPI000053282D,Aminotrans_3
9694,Clo1313_2207,IPR049704,UPI000053282D,Aminotrans_3_PPA_site
9695,Clo1313_2207,IPR005815,UPI000053282D,BioA
9696,Clo1313_2207,IPR015424,UPI000053282D,PyrdxlP-dep_Trfase
9697,Clo1313_2207,IPR015421,UPI000053282D,PyrdxlP-dep_Trfase_major
9698,Clo1313_2207,IPR015422,UPI000053282D,PyrdxlP-dep_Trfase_small
9699,Clo1313_2207,,UPI000053282D,
9700,Clo1313_2208,IPR011814,UPI0001B1F030,BioC
9701,Clo1313_2208,IPR041698,UPI0001B1F030,Methyltransf_25
9702,Clo1313_2208,IPR029063,UPI0001B1F030,SAM-dependent_MTases_sf
9703,Clo1313_2208,,UPI0001B1F030,
9704,Clo1313_2209,IPR000073,UPI0001F32931,AB_hydrolase_1
9705,Clo1313_2209,IPR029058,UPI0001F32931,AB_hydrolase_fold
9706,Clo1313_2209,IPR050266,UPI0001F32931,AB_hydrolase_sf
9707,Clo1313_2209,,UPI0001F32931,
9708,Clo1313_2210,IPR001917,UPI0001B1F02F,Aminotrans_II_pyridoxalP_BS
9709,Clo1313_2210,IPR004839,UPI0001B1F02F,Aminotransferase_I/II_large
9710,Clo1313_2210,IPR050087,UPI0001B1F02F,AON_synthase_class-II
9711,Clo1313_2210,IPR004723,UPI0001B1F02F,AONS_Archaea/Proteobacteria
9712,Clo1313_2210,IPR015424,UPI0001B1F02F,PyrdxlP-dep_Trfase
9713,Clo1313_2210,IPR015421,UPI0001B1F02F,PyrdxlP-dep_Trfase_major
9714,Clo1313_2210,IPR015422,UPI0001B1F02F,PyrdxlP-dep_Trfase_small
9715,Clo1313_2210,,UPI0001B1F02F,
9716,Clo1313_2211,IPR004472,UPI0001B1F02E,DTB_synth_BioD
9717,Clo1313_2211,IPR027417,UPI0001B1F02E,P-loop_NTPase
9718,Clo1313_2211,,UPI0001B1F02E,
9719,Clo1313_2212,IPR013785,UPI0001B1F02D,Aldolase_TIM
9720,Clo1313_2212,IPR010722,UPI0001B1F02D,BATS_dom
9721,Clo1313_2212,IPR002684,UPI0001B1F02D,Biotin_synth/BioAB
9722,Clo1313_2212,IPR024177,UPI0001B1F02D,Biotin_synthase
9723,Clo1313_2212,IPR006638,UPI0001B1F02D,Elp3/MiaA/NifB-like_rSAM
9724,Clo1313_2212,IPR007197,UPI0001B1F02D,rSAM
9725,Clo1313_2212,IPR058240,UPI0001B1F02D,rSAM_sf
9726,Clo1313_2212,,UPI0001B1F02D,
9727,Clo1313_2214,IPR011435,UPI00017E1C69,UmpAB
9728,Clo1313_2214,,UPI00017E1C69,
9729,Clo1313_2215,IPR001519,UPI0000534D5D,Ferritin
9730,Clo1313_2215,IPR012347,UPI0000534D5D,Ferritin-like
9731,Clo1313_2215,IPR009040,UPI0000534D5D,Ferritin-like_diiron
9732,Clo1313_2215,IPR009078,UPI0000534D5D,Ferritin-like_SF
9733,Clo1313_2215,IPR008331,UPI0000534D5D,Ferritin_DPS_dom
9734,Clo1313_2215,IPR041719,UPI0000534D5D,Ferritin_prok
9735,Clo1313_2215,,UPI0000534D5D,
9736,Clo1313_2216,IPR007934,UPI000038F7E1,AbfB_ABD
9737,Clo1313_2216,IPR036195,UPI000038F7E1,AbfB_ABD_sf
9738,Clo1313_2216,IPR032291,UPI000038F7E1,Abn2_C
9739,Clo1313_2216,IPR002105,UPI000038F7E1,Dockerin_1_rpt
9740,Clo1313_2216,IPR016134,UPI000038F7E1,Dockerin_dom
9741,Clo1313_2216,IPR036439,UPI000038F7E1,Dockerin_dom_sf
9742,Clo1313_2216,IPR018247,UPI000038F7E1,EF_Hand_1_Ca_BS
9743,Clo1313_2216,IPR050727,UPI000038F7E1,GH43_arabinanases
9744,Clo1313_2216,IPR006710,UPI000038F7E1,Glyco_hydro_43
9745,Clo1313_2216,IPR023296,UPI000038F7E1,Glyco_hydro_beta-prop_sf
9746,Clo1313_2216,,UPI000038F7E1,
9747,Clo1313_2217,,UPI000038F7E0,
9748,Clo1313_2219,,UPI000038F7DD,
9749,Clo1313_2221,,UPI000038F7DB,
9750,Clo1313_2222,,UPI000038F7DA,
9751,Clo1313_2223,IPR015943,UPI0001F32932,WD40/YVTN_repeat-like_dom_sf
9752,Clo1313_2223,,UPI0001F32932,
9753,Clo1313_2225,IPR001387,UPI000038F679,Cro/C1-type_HTH
9754,Clo1313_2225,IPR010982,UPI000038F679,Lambda_DNA-bd_dom_sf
9755,Clo1313_2225,,UPI000038F679,
9756,Clo1313_2226,IPR009241,UPI00003C9059,HigB-like
9757,Clo1313_2226,,UPI00003C9059,
9758,Clo1313_2228,IPR000866,UPI0001B1EDE0,AhpC/TSA
9759,Clo1313_2228,IPR024706,UPI0001B1EDE0,Peroxiredoxin_AhpC-typ
9760,Clo1313_2228,IPR050924,UPI0001B1EDE0,Peroxiredoxin_BCP/PrxQ
9761,Clo1313_2228,IPR036249,UPI0001B1EDE0,Thioredoxin-like_sf
9762,Clo1313_2228,IPR013766,UPI0001B1EDE0,Thioredoxin_domain
9763,Clo1313_2228,,UPI0001B1EDE0,
9764,Clo1313_2229,IPR034660,UPI000038F676,DinB/YfiT-like
9765,Clo1313_2229,IPR012550,UPI000038F676,DUF1706
9766,Clo1313_2229,,UPI000038F676,
9767,Clo1313_2231,,UPI00017E66D5,
9768,Clo1313_2232,IPR039425,UPI0001F32933,RNA_pol_sigma-70-like
9769,Clo1313_2232,IPR014284,UPI0001F32933,RNA_pol_sigma-70_dom
9770,Clo1313_2232,IPR000838,UPI0001F32933,RNA_pol_sigma70_ECF_CS
9771,Clo1313_2232,IPR007627,UPI0001F32933,RNA_pol_sigma70_r2
9772,Clo1313_2232,IPR013249,UPI0001F32933,RNA_pol_sigma70_r4_t2
9773,Clo1313_2232,IPR013325,UPI0001F32933,RNA_pol_sigma_r2
9774,Clo1313_2232,IPR013324,UPI0001F32933,RNA_pol_sigma_r3/r4-like
9775,Clo1313_2232,IPR036388,UPI0001F32933,WH-like_DNA-bd_sf
9776,Clo1313_2232,,UPI0001F32933,
9777,Clo1313_2233,IPR017853,UPI0001B1EDDF,GH_hydrolase_sf
9778,Clo1313_2233,IPR001547,UPI0001B1EDDF,Glyco_hydro_5
9779,Clo1313_2233,IPR050386,UPI0001B1EDDF,Glycosyl_hydrolase_5
9780,Clo1313_2233,,UPI0001B1EDDF,
9781,Clo1313_2234,IPR005087,UPI00017E66D7,CBM11
9782,Clo1313_2234,IPR002105,UPI00017E66D7,Dockerin_1_rpt
9783,Clo1313_2234,IPR016134,UPI00017E66D7,Dockerin_dom
9784,Clo1313_2234,IPR036439,UPI00017E66D7,Dockerin_dom_sf
9785,Clo1313_2234,IPR008979,UPI00017E66D7,Galactose-bd-like_sf
9786,Clo1313_2234,IPR017853,UPI00017E66D7,GH_hydrolase_sf
9787,Clo1313_2234,IPR022790,UPI00017E66D7,GH26_dom
9788,Clo1313_2234,IPR001547,UPI00017E66D7,Glyco_hydro_5
9789,Clo1313_2234,IPR018087,UPI00017E66D7,Glyco_hydro_5_CS
9790,Clo1313_2234,IPR050386,UPI00017E66D7,Glycosyl_hydrolase_5
9791,Clo1313_2234,,UPI00017E66D7,
9792,Clo1313_2235,IPR029039,UPI0001B1EDDE,Flavoprotein-like_sf
9793,Clo1313_2235,IPR005025,UPI0001B1EDDE,FMN_Rdtase-like_dom
9794,Clo1313_2235,IPR050712,UPI0001B1EDDE,NAD(P)H-dep_reductase
9795,Clo1313_2235,,UPI0001B1EDDE,
9796,Clo1313_2237,,UPI0001B1EDDD,
9797,Clo1313_2238,,UPI00017E66DA,
9798,Clo1313_2239,IPR011962,UPI00017E66DC,dCTP_deaminase
9799,Clo1313_2239,IPR036157,UPI00017E66DC,dUTPase-like_sf
9800,Clo1313_2239,IPR033704,UPI00017E66DC,dUTPase_trimeric
9801,Clo1313_2239,,UPI00017E66DC,
9802,Clo1313_2240,IPR009057,UPI000038F66D,Homeodomain-like_sf
9803,Clo1313_2240,IPR050624,UPI000038F66D,SlmA/HTH-type_Tr_Regulator
9804,Clo1313_2240,IPR001647,UPI000038F66D,HTH_TetR
9805,Clo1313_2240,IPR039532,UPI000038F66D,TetR_C_Firmicutes
9806,Clo1313_2240,,UPI000038F66D,
9807,Clo1313_2241,IPR052712,UPI0000535384,Acid_resist_chaperone_HdeD
9808,Clo1313_2241,IPR005325,UPI0000535384,DUF308_memb
9809,Clo1313_2241,,UPI0000535384,
9810,Clo1313_2242,IPR004869,UPI00017E6AF0,MMPL_dom
9811,Clo1313_2242,IPR050545,UPI00017E6AF0,HpnN/MmpL_transporter
9812,Clo1313_2242,IPR000731,UPI00017E6AF0,SSD
9813,Clo1313_2242,,UPI00017E6AF0,
9814,Clo1313_2243,IPR023908,UPI0001B1EDDC,xxxLxxG_rpt
9815,Clo1313_2243,,UPI0001B1EDDC,
9816,Clo1313_2244,IPR000150,UPI00003C9089,Cof
9817,Clo1313_2244,IPR036412,UPI00003C9089,HAD-like_sf
9818,Clo1313_2244,IPR006379,UPI00003C9089,HAD-SF_hydro_IIB
9819,Clo1313_2244,IPR023214,UPI00003C9089,HAD_sf
9820,Clo1313_2244,,UPI00003C9089,
9821,Clo1313_2245,,UPI0001B1EDDB,
9822,Clo1313_2246,IPR011256,UPI0000F21901,Reg_factor_effector_dom_sf
9823,Clo1313_2246,,UPI0000F21901,
9824,Clo1313_2247,IPR008254,UPI0001B1EDAC,Flavodoxin/NO_synth
9825,Clo1313_2247,IPR029039,UPI0001B1EDAC,Flavoprotein-like_sf
9826,Clo1313_2247,IPR001279,UPI0001B1EDAC,Metallo-B-lactamas
9827,Clo1313_2247,IPR045761,UPI0001B1EDAC,ODP_dom
9828,Clo1313_2247,IPR036866,UPI0001B1EDAC,RibonucZ/Hydroxyglut_hydro
9829,Clo1313_2247,IPR016440,UPI0001B1EDAC,Rubredoxin-O_OxRdtase
9830,Clo1313_2247,,UPI0001B1EDAC,
9831,Clo1313_2248,IPR003561,UPI000038F667,Mutator_MutT
9832,Clo1313_2248,IPR047127,UPI000038F667,MutT-like
9833,Clo1313_2248,IPR020476,UPI000038F667,Nudix_hydrolase
9834,Clo1313_2248,IPR015797,UPI000038F667,NUDIX_hydrolase-like_dom_sf
9835,Clo1313_2248,IPR020084,UPI000038F667,NUDIX_hydrolase_CS
9836,Clo1313_2248,IPR000086,UPI000038F667,NUDIX_hydrolase_dom
9837,Clo1313_2248,,UPI000038F667,
9838,Clo1313_2250,IPR003660,UPI0001B1EDAA,HAMP_dom
9839,Clo1313_2250,IPR004089,UPI0001B1EDAA,MCPsignal_dom
9840,Clo1313_2250,,UPI0001B1EDAA,
9841,Clo1313_2251,,UPI00017E27A1,
9842,Clo1313_2252,IPR021359,UPI00017E27A2,DUF2812
9843,Clo1313_2252,,UPI00017E27A2,
9844,Clo1313_2253,IPR052509,UPI00017E27A3,Metal_resp_DNA-bind_regulator
9845,Clo1313_2253,IPR005149,UPI00017E27A3,Tscrpt_reg_PadR_N
9846,Clo1313_2253,IPR036388,UPI00017E27A3,WH-like_DNA-bd_sf
9847,Clo1313_2253,IPR036390,UPI00017E27A3,WH_DNA-bd_sf
9848,Clo1313_2253,,UPI00017E27A3,
9849,Clo1313_2254,IPR003680,UPI0001B1EDA9,Flavodoxin_fold
9850,Clo1313_2254,IPR029039,UPI0001B1EDA9,Flavoprotein-like_sf
9851,Clo1313_2254,IPR051796,UPI0001B1EDA9,ISF_SsuE-like
9852,Clo1313_2254,IPR036527,UPI0001B1EDA9,SCP2_sterol-bd_dom_sf
9853,Clo1313_2254,,UPI0001B1EDA9,
9854,Clo1313_2256,IPR000620,UPI000038F662,EamA_dom
9855,Clo1313_2256,IPR037185,UPI000038F662,EmrE-like
9856,Clo1313_2256,,UPI000038F662,
9857,Clo1313_2257,IPR011576,UPI000038F661,Pyridox_Oxase_N
9858,Clo1313_2257,IPR012349,UPI000038F661,Split_barrel_FMN-bd
9859,Clo1313_2257,,UPI000038F661,
9860,Clo1313_2258,IPR023696,UPI0001B1EDA8,Ureohydrolase_dom_sf
9861,Clo1313_2258,,UPI0001B1EDA8,
9862,Clo1313_2259,IPR004090,UPI0001B1EDA7,Chemotax_Me-accpt_rcpt
9863,Clo1313_2259,IPR003660,UPI0001B1EDA7,HAMP_dom
9864,Clo1313_2259,IPR024478,UPI0001B1EDA7,HlyB_4HB_MCP
9865,Clo1313_2259,IPR051310,UPI0001B1EDA7,
9866,Clo1313_2259,IPR004089,UPI0001B1EDA7,MCPsignal_dom
9867,Clo1313_2259,,UPI0001B1EDA7,
9868,Clo1313_2260,IPR029020,UPI0001B1EDA6,Ammonium/urea_transptr
9869,Clo1313_2260,IPR001905,UPI0001B1EDA6,Ammonium_transpt
9870,Clo1313_2260,IPR002187,UPI0001B1EDA6,N-reg_PII
9871,Clo1313_2260,IPR011322,UPI0001B1EDA6,N-reg_PII-like_a/b
9872,Clo1313_2260,IPR015867,UPI0001B1EDA6,N-reg_PII/ATP_PRibTrfase_C
9873,Clo1313_2260,IPR017918,UPI0001B1EDA6,N-reg_PII_CS
9874,Clo1313_2260,IPR024041,UPI0001B1EDA6,NH4_transpt_AmtB-like_dom
9875,Clo1313_2260,,UPI0001B1EDA6,
9876,Clo1313_2261,IPR003593,UPI0001B1EDA5,AAA+_ATPase
9877,Clo1313_2261,IPR011527,UPI0001B1EDA5,ABC1_TM_dom
9878,Clo1313_2261,IPR036640,UPI0001B1EDA5,ABC1_TM_sf
9879,Clo1313_2261,IPR003439,UPI0001B1EDA5,ABC_transporter-like_ATP-bd
9880,Clo1313_2261,IPR017871,UPI0001B1EDA5,ABC_transporter-like_CS
9881,Clo1313_2261,IPR027417,UPI0001B1EDA5,P-loop_NTPase
9882,Clo1313_2261,IPR039421,UPI0001B1EDA5,Type_1_exporter
9883,Clo1313_2261,,UPI0001B1EDA5,
9884,Clo1313_2262,IPR003593,UPI00017E293D,AAA+_ATPase
9885,Clo1313_2262,IPR011527,UPI00017E293D,ABC1_TM_dom
9886,Clo1313_2262,IPR036640,UPI00017E293D,ABC1_TM_sf
9887,Clo1313_2262,IPR003439,UPI00017E293D,ABC_transporter-like_ATP-bd
9888,Clo1313_2262,IPR017871,UPI00017E293D,ABC_transporter-like_CS
9889,Clo1313_2262,IPR027417,UPI00017E293D,P-loop_NTPase
9890,Clo1313_2262,IPR039421,UPI00017E293D,Type_1_exporter
9891,Clo1313_2262,,UPI00017E293D,
9892,Clo1313_2263,IPR000835,UPI0000533739,HTH_MarR-typ
9893,Clo1313_2263,IPR036388,UPI0000533739,WH-like_DNA-bd_sf
9894,Clo1313_2263,IPR036390,UPI0000533739,WH_DNA-bd_sf
9895,Clo1313_2263,,UPI0000533739,
9896,Clo1313_2264,IPR051429,UPI000038FE38,Encapsulin_nc
9897,Clo1313_2264,IPR054581,UPI000038FE38,EncFtn-like
9898,Clo1313_2264,IPR009078,UPI000038FE38,Ferritin-like_SF
9899,Clo1313_2264,,UPI000038FE38,
9900,Clo1313_2265,IPR007544,UPI0001B1EDA4,ENCAP
9901,Clo1313_2265,IPR051429,UPI0001B1EDA4,Encapsulin_nc
9902,Clo1313_2265,,UPI0001B1EDA4,
9903,Clo1313_2266,IPR051465,UPI0001B1EDA3,Cell_Envelope_Struct_Comp
9904,Clo1313_2266,IPR001119,UPI0001B1EDA3,SLH_dom
9905,Clo1313_2266,,UPI0001B1EDA3,
9906,Clo1313_2269,IPR009288,UPI0001B1EDA1,AIG2-like_dom
9907,Clo1313_2269,IPR013024,UPI0001B1EDA1,GGCT-like
9908,Clo1313_2269,IPR036568,UPI0001B1EDA1,GGCT-like_sf
9909,Clo1313_2269,,UPI0001B1EDA1,
9910,Clo1313_2270,IPR006660,UPI0001B1EDA0,Arsenate_reductase-like
9911,Clo1313_2270,IPR036249,UPI0001B1EDA0,Thioredoxin-like_sf
9912,Clo1313_2270,IPR006504,UPI0001B1EDA0,Tscrpt_reg_Spx/MgsR
9913,Clo1313_2270,,UPI0001B1EDA0,
9914,Clo1313_2271,IPR007380,UPI0001B1ED9F,DUF438
9915,Clo1313_2271,IPR012312,UPI0001B1ED9F,Hemerythrin-like
9916,Clo1313_2271,IPR035965,UPI0001B1ED9F,PAS-like_dom_sf
9917,Clo1313_2271,,UPI0001B1ED9F,
9918,Clo1313_2272,IPR036291,UPI0001B1ED9E,NAD(P)-bd_dom_sf
9919,Clo1313_2272,IPR020904,UPI0001B1ED9E,Sc_DH/Rdtase_CS
9920,Clo1313_2272,IPR002347,UPI0001B1ED9E,SDR_fam
9921,Clo1313_2272,,UPI0001B1ED9E,
9922,Clo1313_2273,IPR002941,UPI0001B1ED9D,DNA_methylase_N4/N6
9923,Clo1313_2273,IPR001091,UPI0001B1ED9D,RM_Methyltransferase
9924,Clo1313_2273,IPR029063,UPI0001B1ED9D,SAM-dependent_MTases_sf
9925,Clo1313_2273,,UPI0001B1ED9D,
9926,Clo1313_2274,IPR021191,UPI0001B1ED9C,Restrct_endonuc_II_DpnII
9927,Clo1313_2274,IPR007637,UPI0001B1ED9C,Restrct_endonuc_II_DpnII-like
9928,Clo1313_2274,,UPI0001B1ED9C,
9929,Clo1313_2275,IPR023095,UPI0000F21909,Ade_MeTrfase_dom_2
9930,Clo1313_2275,IPR002052,UPI0000F21909,DNA_methylase_N6_adenine_CS
9931,Clo1313_2275,IPR012263,UPI0000F21909,M_m6A_EcoRV
9932,Clo1313_2275,IPR012327,UPI0000F21909,MeTrfase_D12
9933,Clo1313_2275,IPR029063,UPI0000F21909,SAM-dependent_MTases_sf
9934,Clo1313_2275,,UPI0000F21909,
9935,Clo1313_2276,IPR008217,UPI0000537613,Ccc1_fam
9936,Clo1313_2276,IPR012347,UPI0000537613,Ferritin-like
9937,Clo1313_2276,IPR009078,UPI0000537613,Ferritin-like_SF
9938,Clo1313_2276,IPR039376,UPI0000537613,Ferritin_CCC1_N
9939,Clo1313_2276,,UPI0000537613,
9940,Clo1313_2278,IPR030378,UPI0001B1ED9B,G_CP_dom
9941,Clo1313_2278,IPR027417,UPI0001B1ED9B,P-loop_NTPase
9942,Clo1313_2278,IPR004881,UPI0001B1ED9B,Ribosome_biogen_GTPase_RsgA
9943,Clo1313_2278,IPR010914,UPI0001B1ED9B,RsgA_GTPase_dom
9944,Clo1313_2278,,UPI0001B1ED9B,
9945,Clo1313_2279,,UPI0001B1ED9A,
9946,Clo1313_2280,IPR017850,UPI0001B1ED99,Alkaline_phosphatase_core_sf
9947,Clo1313_2280,IPR002591,UPI0001B1ED99,Phosphodiest/P_Trfase
9948,Clo1313_2280,,UPI0001B1ED99,
9949,Clo1313_2282,IPR001611,UPI0001B1ED98,Leu-rich_rpt
9950,Clo1313_2282,IPR025875,UPI0001B1ED98,Leu-rich_rpt_4
9951,Clo1313_2282,IPR003591,UPI0001B1ED98,Leu-rich_rpt_typical-subtyp
9952,Clo1313_2282,IPR032675,UPI0001B1ED98,LRR_dom_sf
9953,Clo1313_2282,IPR050836,UPI0001B1ED98,SDS22/Internalin_LRR
9954,Clo1313_2282,,UPI0001B1ED98,
9955,Clo1313_2283,IPR015947,UPI0001B1ED97,PUA-like_sf
9956,Clo1313_2283,IPR036974,UPI0001B1ED97,PUA_sf
9957,Clo1313_2283,IPR041532,UPI0001B1ED97,RlmI-like_PUA
9958,Clo1313_2283,IPR019614,UPI0001B1ED97,SAM-dep_methyl-trfase
9959,Clo1313_2283,IPR029063,UPI0001B1ED97,SAM-dependent_MTases_sf
9960,Clo1313_2283,,UPI0001B1ED97,
9961,Clo1313_2284,IPR057955,UPI000038F65B,SF0329-like
9962,Clo1313_2284,,UPI000038F65B,
9963,Clo1313_2285,,UPI0001B1ED96,
9964,Clo1313_2286,IPR012854,UPI0001B1ED95,Cu_amine_oxidase-like_N
9965,Clo1313_2286,IPR036582,UPI0001B1ED95,Mao_N_sf
9966,Clo1313_2286,,UPI0001B1ED95,
9967,Clo1313_2287,,UPI0001F3293F,
9968,Clo1313_2288,IPR029039,UPI000038F659,Flavoprotein-like_sf
9969,Clo1313_2288,IPR005025,UPI000038F659,FMN_Rdtase-like_dom
9970,Clo1313_2288,IPR051796,UPI000038F659,ISF_SsuE-like
9971,Clo1313_2288,,UPI000038F659,
9972,Clo1313_2289,IPR001296,UPI0001B1ED73,Glyco_trans_1
9973,Clo1313_2289,IPR028098,UPI0001B1ED73,Glyco_trans_4-like_N
9974,Clo1313_2289,IPR050194,UPI0001B1ED73,Glycosyltransferase_grp1
9975,Clo1313_2289,IPR002123,UPI0001B1ED73,Plipid/glycerol_acylTrfase
9976,Clo1313_2289,,UPI0001B1ED73,
9977,Clo1313_2290,IPR012854,UPI0000537D74,Cu_amine_oxidase-like_N
9978,Clo1313_2290,,UPI0000537D74,
9979,Clo1313_2291,IPR052536,UPI0001B1ED72,ABC-4_Integral_Memb_Prot
9980,Clo1313_2291,IPR036640,UPI0001B1ED72,ABC1_TM_sf
9981,Clo1313_2291,IPR003838,UPI0001B1ED72,ABC3_permease_C
9982,Clo1313_2291,IPR027022,UPI0001B1ED72,ABC_permease_BceB-typ
9983,Clo1313_2291,,UPI0001B1ED72,
9984,Clo1313_2292,IPR003593,UPI000038F655,AAA+_ATPase
9985,Clo1313_2292,IPR003439,UPI000038F655,ABC_transporter-like_ATP-bd
9986,Clo1313_2292,IPR017911,UPI000038F655,MacB-like_ATP-bd
9987,Clo1313_2292,IPR027417,UPI000038F655,P-loop_NTPase
9988,Clo1313_2292,,UPI000038F655,
9989,Clo1313_2293,IPR050351,UPI0001B1ED71,BphY/WalK/GraS-like
9990,Clo1313_2293,IPR036890,UPI0001B1ED71,HATPase_C_sf
9991,Clo1313_2293,IPR003594,UPI0001B1ED71,HATPase_dom
9992,Clo1313_2293,IPR005467,UPI0001B1ED71,His_kinase_dom
9993,Clo1313_2293,IPR003661,UPI0001B1ED71,HisK_dim/P_dom
9994,Clo1313_2293,IPR036097,UPI0001B1ED71,HisK_dim/P_sf
9995,Clo1313_2293,IPR004358,UPI0001B1ED71,Sig_transdc_His_kin-like_C
9996,Clo1313_2293,,UPI0001B1ED71,
9997,Clo1313_2294,IPR011006,UPI0001B1ED70,CheY-like_superfamily
9998,Clo1313_2294,IPR001867,UPI0001B1ED70,OmpR/PhoB-type_DNA-bd
9999,Clo1313_2294,IPR016032,UPI0001B1ED70,Sig_transdc_resp-reg_C-effctor
10000,Clo1313_2294,IPR001789,UPI0001B1ED70,Sig_transdc_resp-reg_receiver
10001,Clo1313_2294,IPR039420,UPI0001B1ED70,WalR-like
10002,Clo1313_2294,IPR036388,UPI0001B1ED70,WH-like_DNA-bd_sf
10003,Clo1313_2294,,UPI0001B1ED70,
10004,Clo1313_2298,,UPI000038FD98,
10005,Clo1313_2299,,UPI000053598E,
10006,Clo1313_2300,IPR003593,UPI000038FD96,AAA+_ATPase
10007,Clo1313_2300,IPR003439,UPI000038FD96,ABC_transporter-like_ATP-bd
10008,Clo1313_2300,IPR051782,UPI000038FD96,ABC_Transporter_VariousFunc
10009,Clo1313_2300,IPR025302,UPI000038FD96,DrrA1/2-like_C
10010,Clo1313_2300,IPR027417,UPI000038FD96,P-loop_NTPase
10011,Clo1313_2300,,UPI000038FD96,
10012,Clo1313_2301,IPR027379,UPI00003C8B93,CLS_N
10013,Clo1313_2301,,UPI00003C8B93,
10014,Clo1313_2302,IPR001387,UPI0001F32949,Cro/C1-type_HTH
10015,Clo1313_2302,IPR010982,UPI0001F32949,Lambda_DNA-bd_dom_sf
10016,Clo1313_2302,IPR011990,UPI0001F32949,TPR-like_helical_dom_sf
10017,Clo1313_2302,,UPI0001F32949,
10018,Clo1313_2303,IPR040577,UPI00017E2C73,Gln-synt_C
10019,Clo1313_2303,IPR008147,UPI00017E2C73,Gln_synt_N
10020,Clo1313_2303,IPR014746,UPI00017E2C73,Gln_synth/guanido_kin_cat_dom
10021,Clo1313_2303,IPR008146,UPI00017E2C73,Gln_synth_cat_dom
10022,Clo1313_2303,IPR027303,UPI00017E2C73,Gln_synth_gly_rich_site
10023,Clo1313_2303,IPR052725,UPI00017E2C73,GS_Type-3
10024,Clo1313_2303,IPR022147,UPI00017E2C73,GSIII_N
10025,Clo1313_2303,,UPI00017E2C73,
10026,Clo1313_2304,IPR017959,UPI0001B1F04D,Asn/Gln-tRNA_amidoTrfase_suB/E
10027,Clo1313_2304,IPR006075,UPI0001B1F04D,Asn/Gln-tRNA_Trfase_suB/E_cat
10028,Clo1313_2304,IPR018027,UPI0001B1F04D,Asn/Gln_amidotransferase
10029,Clo1313_2304,IPR003789,UPI0001B1F04D,Asn/Gln_tRNA_amidoTrase-B-like
10030,Clo1313_2304,IPR004413,UPI0001B1F04D,GatB
10031,Clo1313_2304,IPR042114,UPI0001B1F04D,GatB_C_1
10032,Clo1313_2304,IPR023168,UPI0001B1F04D,GatB_Yqey_C_2
10033,Clo1313_2304,IPR017958,UPI0001B1F04D,Gln-tRNA_amidoTrfase_suB_CS
10034,Clo1313_2304,IPR014746,UPI0001B1F04D,Gln_synth/guanido_kin_cat_dom
10035,Clo1313_2304,,UPI0001B1F04D,
10036,Clo1313_2305,IPR000120,UPI0001B1F04C,Amidase
10037,Clo1313_2305,IPR023631,UPI0001B1F04C,Amidase_dom
10038,Clo1313_2305,IPR036928,UPI0001B1F04C,AS_sf
10039,Clo1313_2305,IPR004412,UPI0001B1F04C,GatA
10040,Clo1313_2305,,UPI0001B1F04C,
10041,Clo1313_2306,IPR036113,UPI00003C8B90,Asp/Glu-ADT_sf_sub_c
10042,Clo1313_2306,IPR003837,UPI00003C8B90,GatC
10043,Clo1313_2306,,UPI00003C8B90,
10044,Clo1313_2307,IPR004364,UPI0000F2191A,Aa-tRNA-synt_II
10045,Clo1313_2307,IPR006195,UPI0000F2191A,aa-tRNA-synth_II
10046,Clo1313_2307,IPR045864,UPI0000F2191A,aa-tRNA-synth_II/BPL/LPL
10047,Clo1313_2307,IPR004524,UPI0000F2191A,Asp-tRNA-ligase_1
10048,Clo1313_2307,IPR047089,UPI0000F2191A,Asp-tRNA-ligase_1_N
10049,Clo1313_2307,IPR002312,UPI0000F2191A,Asp/Asn-tRNA-synth_IIb
10050,Clo1313_2307,IPR047090,UPI0000F2191A,AspRS_core
10051,Clo1313_2307,IPR004115,UPI0000F2191A,GAD-like_sf
10052,Clo1313_2307,IPR029351,UPI0000F2191A,GAD_dom
10053,Clo1313_2307,IPR012340,UPI0000F2191A,NA-bd_OB-fold
10054,Clo1313_2307,IPR004365,UPI0000F2191A,NA-bd_OB_tRNA
10055,Clo1313_2307,,UPI0000F2191A,
10056,Clo1313_2309,,UPI0001F3294A,
10057,Clo1313_2310,IPR017896,UPI000038FDBB,4Fe4S_Fe-S-bd
10058,Clo1313_2310,IPR007160,UPI000038FDBB,DUF362
10059,Clo1313_2310,IPR050157,UPI000038FDBB,PSI_iron-sulfur_center
10060,Clo1313_2310,,UPI000038FDBB,
10061,Clo1313_2311,IPR021299,UPI0001B1F04B,DUF2871
10062,Clo1313_2311,,UPI0001B1F04B,
10063,Clo1313_2312,IPR029045,UPI00005334E1,ClpP/crotonase-like_dom_sf
10064,Clo1313_2312,IPR018376,UPI00005334E1,Enoyl-CoA_hyd/isom_CS
10065,Clo1313_2312,IPR001753,UPI00005334E1,Enoyl-CoA_hydra/iso
10066,Clo1313_2312,,UPI00005334E1,
10067,Clo1313_2314,IPR041698,UPI000038FEB4,Methyltransf_25
10068,Clo1313_2314,IPR029063,UPI000038FEB4,SAM-dependent_MTases_sf
10069,Clo1313_2314,,UPI000038FEB4,
10070,Clo1313_2317,,UPI000038FCCE,
10071,Clo1313_2318,IPR002563,UPI000038FCCD,Flavin_Rdtase-like_dom
10072,Clo1313_2318,IPR052174,UPI000038FCCD,Flavoredoxin
10073,Clo1313_2318,IPR012349,UPI000038FCCD,Split_barrel_FMN-bd
10074,Clo1313_2318,,UPI000038FCCD,
10075,Clo1313_2319,IPR001497,UPI000038FCCC,MethylDNA_cys_MeTrfase_AS
10076,Clo1313_2319,IPR014048,UPI000038FCCC,MethylDNA_cys_MeTrfase_DNA-bd
10077,Clo1313_2319,IPR036217,UPI000038FCCC,MethylDNA_cys_MeTrfase_DNAb
10078,Clo1313_2319,IPR036631,UPI000038FCCC,MGMT_N_sf
10079,Clo1313_2319,IPR036388,UPI000038FCCC,WH-like_DNA-bd_sf
10080,Clo1313_2319,,UPI000038FCCC,
10081,Clo1313_2321,IPR004872,UPI000038FCCB,Lipoprotein_NlpA
10082,Clo1313_2321,,UPI000038FCCB,
10083,Clo1313_2322,IPR051322,UPI00003C8B8A,AA_ABC_Transporter_Permease
10084,Clo1313_2322,IPR000515,UPI00003C8B8A,MetI-like
10085,Clo1313_2322,IPR035906,UPI00003C8B8A,MetI-like_sf
10086,Clo1313_2322,,UPI00003C8B8A,
10087,Clo1313_2323,IPR003593,UPI000038FCC8,AAA+_ATPase
10088,Clo1313_2323,IPR003439,UPI000038FCC8,ABC_transporter-like_ATP-bd
10089,Clo1313_2323,IPR017871,UPI000038FCC8,ABC_transporter-like_CS
10090,Clo1313_2323,IPR041701,UPI000038FCC8,MetN_ABC
10091,Clo1313_2323,IPR050086,UPI000038FCC8,MetN_ABC_transporter-like
10092,Clo1313_2323,IPR027417,UPI000038FCC8,P-loop_NTPase
10093,Clo1313_2323,,UPI000038FCC8,
10094,Clo1313_2324,IPR000944,UPI00017E2C77,Tscrpt_reg_Rrf2
10095,Clo1313_2324,IPR036388,UPI00017E2C77,WH-like_DNA-bd_sf
10096,Clo1313_2324,IPR036390,UPI00017E2C77,WH_DNA-bd_sf
10097,Clo1313_2324,,UPI00017E2C77,
10098,Clo1313_2325,IPR000277,UPI0000537DEF,Cys/Met-Metab_PyrdxlP-dep_enz
10099,Clo1313_2325,IPR054542,UPI0000537DEF,Cys_met_metab_PP
10100,Clo1313_2325,IPR015424,UPI0000537DEF,PyrdxlP-dep_Trfase
10101,Clo1313_2325,IPR015421,UPI0000537DEF,PyrdxlP-dep_Trfase_major
10102,Clo1313_2325,IPR015422,UPI0000537DEF,PyrdxlP-dep_Trfase_small
10103,Clo1313_2325,,UPI0000537DEF,
10104,Clo1313_2326,IPR005856,UPI00003C8B88,Cys_synth
10105,Clo1313_2326,IPR050214,UPI00003C8B88,Cys_Synth/Cystath_Beta-Synth
10106,Clo1313_2326,IPR001216,UPI00003C8B88,P-phosphate_BS
10107,Clo1313_2326,IPR001926,UPI00003C8B88,TrpB-like_PALP
10108,Clo1313_2326,IPR036052,UPI00003C8B88,TrpB-like_PALP_sf
10109,Clo1313_2326,,UPI00003C8B88,
10110,Clo1313_2327,IPR025531,UPI0001F3294B,DUF4418
10111,Clo1313_2327,,UPI0001F3294B,
10112,Clo1313_2328,IPR051125,UPI000038FCC4,ABC-4/HrtB_transporter
10113,Clo1313_2328,IPR003838,UPI000038FCC4,ABC3_permease_C
10114,Clo1313_2328,,UPI000038FCC4,
10115,Clo1313_2329,IPR003593,UPI00003C8B85,AAA+_ATPase
10116,Clo1313_2329,IPR003439,UPI00003C8B85,ABC_transporter-like_ATP-bd
10117,Clo1313_2329,IPR017871,UPI00003C8B85,ABC_transporter-like_CS
10118,Clo1313_2329,IPR015854,UPI00003C8B85,ABC_transpr_LolD-like
10119,Clo1313_2329,IPR017911,UPI00003C8B85,MacB-like_ATP-bd
10120,Clo1313_2329,IPR027417,UPI00003C8B85,P-loop_NTPase
10121,Clo1313_2329,,UPI00003C8B85,
10122,Clo1313_2330,IPR016181,UPI0000535210,Acyl_CoA_acyltransferase
10123,Clo1313_2330,IPR051016,UPI0000535210,Diverse_Substrate_AcTransf
10124,Clo1313_2330,IPR000182,UPI0000535210,GNAT_dom
10125,Clo1313_2330,,UPI0000535210,
10126,Clo1313_2331,IPR000510,UPI000038F892,Nase/OxRdtase_comp1
10127,Clo1313_2331,IPR000318,UPI000038F892,Nase_comp1_CS
10128,Clo1313_2331,IPR049939,UPI000038F892,NifE-like
10129,Clo1313_2331,,UPI000038F892,
10130,Clo1313_2332,IPR050152,UPI000038F893,ChlB/BchB/BchZ
10131,Clo1313_2332,IPR000510,UPI000038F893,Nase/OxRdtase_comp1
10132,Clo1313_2332,,UPI000038F893,
10133,Clo1313_2333,IPR003731,UPI0000532658,Di-Nase_FeMo-co_biosynth
10134,Clo1313_2333,IPR036105,UPI0000532658,DiNase_FeMo-co_biosyn_sf
10135,Clo1313_2333,IPR051840,UPI0000532658,NifX/NifY_domain
10136,Clo1313_2333,,UPI0000532658,
10137,Clo1313_2334,IPR013785,UPI00017E2E05,Aldolase_TIM
10138,Clo1313_2334,IPR006638,UPI00017E2E05,Elp3/MiaA/NifB-like_rSAM
10139,Clo1313_2334,IPR007197,UPI00017E2E05,rSAM
10140,Clo1313_2334,IPR058240,UPI00017E2E05,rSAM_sf
10141,Clo1313_2334,,UPI00017E2E05,
10142,Clo1313_2335,IPR000277,UPI00003C8B83,Cys/Met-Metab_PyrdxlP-dep_enz
10143,Clo1313_2335,IPR006235,UPI00003C8B83,OAc-hSer/O-AcSer_sulfhydrylase
10144,Clo1313_2335,IPR015424,UPI00003C8B83,PyrdxlP-dep_Trfase
10145,Clo1313_2335,IPR015421,UPI00003C8B83,PyrdxlP-dep_Trfase_major
10146,Clo1313_2335,IPR015422,UPI00003C8B83,PyrdxlP-dep_Trfase_small
10147,Clo1313_2335,,UPI00003C8B83,
10148,Clo1313_2336,IPR001638,UPI00003C8B82,Solute-binding_3/MltF_N
10149,Clo1313_2336,IPR015168,UPI00003C8B82,SsuA/THI5
10150,Clo1313_2336,,UPI00003C8B82,
10151,Clo1313_2337,IPR000515,UPI00003C8B81,MetI-like
10152,Clo1313_2337,IPR035906,UPI00003C8B81,MetI-like_sf
10153,Clo1313_2337,,UPI00003C8B81,
10154,Clo1313_2338,IPR003593,UPI0001B1F049,AAA+_ATPase
10155,Clo1313_2338,IPR003439,UPI0001B1F049,ABC_transporter-like_ATP-bd
10156,Clo1313_2338,IPR017871,UPI0001B1F049,ABC_transporter-like_CS
10157,Clo1313_2338,IPR050166,UPI0001B1F049,ABC_transporter_ATP-bind
10158,Clo1313_2338,IPR027417,UPI0001B1F049,P-loop_NTPase
10159,Clo1313_2338,,UPI0001B1F049,
10160,Clo1313_2339,IPR030655,UPI000038F89A,NifH/chlL_CS
10161,Clo1313_2339,IPR000392,UPI000038F89A,NifH/frxC
10162,Clo1313_2339,IPR005977,UPI000038F89A,Nitrogenase_Fe_NifH
10163,Clo1313_2339,IPR027417,UPI000038F89A,P-loop_NTPase
10164,Clo1313_2339,,UPI000038F89A,
10165,Clo1313_2340,,UPI0001B1F01C,
10166,Clo1313_2341,IPR004402,UPI000053598D,DeoD-type
10167,Clo1313_2341,IPR018016,UPI000053598D,Nucleoside_phosphorylase_CS
10168,Clo1313_2341,IPR000845,UPI000053598D,Nucleoside_phosphorylase_d
10169,Clo1313_2341,IPR035994,UPI000053598D,Nucleoside_phosphorylase_sf
10170,Clo1313_2341,,UPI000053598D,
10171,Clo1313_2342,IPR050957,UPI000038F89D,BMP_lipoprotein
10172,Clo1313_2342,IPR028082,UPI000038F89D,Peripla_BP_I
10173,Clo1313_2342,IPR003760,UPI000038F89D,PnrA-like
10174,Clo1313_2342,,UPI000038F89D,
10175,Clo1313_2343,IPR016905,UPI00017E2E07,Glycyl_radical_YjjI-like
10176,Clo1313_2343,,UPI00017E2E07,
10177,Clo1313_2344,IPR017896,UPI0001B1F01B,4Fe4S_Fe-S-bd
10178,Clo1313_2344,IPR017900,UPI0001B1F01B,4Fe4S_Fe_S_CS
10179,Clo1313_2344,IPR013785,UPI0001B1F01B,Aldolase_TIM
10180,Clo1313_2344,IPR040074,UPI0001B1F01B,BssD/PflA/YjjW
10181,Clo1313_2344,IPR034457,UPI0001B1F01B,Organic_radical-activating
10182,Clo1313_2344,IPR012839,UPI0001B1F01B,Organic_radical_activase
10183,Clo1313_2344,IPR001989,UPI0001B1F01B,Radical_activat_CS
10184,Clo1313_2344,IPR007197,UPI0001B1F01B,rSAM
10185,Clo1313_2344,IPR058240,UPI0001B1F01B,rSAM_sf
10186,Clo1313_2344,IPR023912,UPI0001B1F01B,YjjW_bact
10187,Clo1313_2344,,UPI0001B1F01B,
10188,Clo1313_2345,IPR003593,UPI00003C8B7D,AAA+_ATPase
10189,Clo1313_2345,IPR050107,UPI00003C8B7D,ABC_carbohydrate_import_ATPase
10190,Clo1313_2345,IPR003439,UPI00003C8B7D,ABC_transporter-like_ATP-bd
10191,Clo1313_2345,IPR017871,UPI00003C8B7D,ABC_transporter-like_CS
10192,Clo1313_2345,IPR027417,UPI00003C8B7D,P-loop_NTPase
10193,Clo1313_2345,,UPI00003C8B7D,
10194,Clo1313_2346,IPR001851,UPI00003C8B7C,ABC_transp_permease
10195,Clo1313_2346,,UPI00003C8B7C,
10196,Clo1313_2347,IPR001851,UPI000038F8A2,ABC_transp_permease
10197,Clo1313_2347,,UPI000038F8A2,
10198,Clo1313_2348,IPR002125,UPI00003C8B7B,CMP_dCMP_dom
10199,Clo1313_2348,IPR050202,UPI00003C8B7B,Cyt/Deoxycyt_deaminase
10200,Clo1313_2348,IPR006262,UPI00003C8B7B,Cyt_deam_tetra
10201,Clo1313_2348,IPR016193,UPI00003C8B7B,Cytidine_deaminase-like
10202,Clo1313_2348,,UPI00003C8B7B,
10203,Clo1313_2349,IPR013785,UPI000038F8A3,Aldolase_TIM
10204,Clo1313_2349,IPR011343,UPI000038F8A3,DeoC
10205,Clo1313_2349,IPR002915,UPI000038F8A3,DeoC/FbaB/LacD_aldolase
10206,Clo1313_2349,IPR028581,UPI000038F8A3,DeoC_typeI
10207,Clo1313_2349,,UPI000038F8A3,
10208,Clo1313_2350,IPR011006,UPI0000534388,CheY-like_superfamily
10209,Clo1313_2350,IPR009057,UPI0000534388,Homeodomain-like_sf
10210,Clo1313_2350,IPR051552,UPI0000534388,HptR
10211,Clo1313_2350,IPR018060,UPI0000534388,HTH_AraC
10212,Clo1313_2350,IPR018062,UPI0000534388,HTH_AraC-typ_CS
10213,Clo1313_2350,IPR001789,UPI0000534388,Sig_transdc_resp-reg_receiver
10214,Clo1313_2350,IPR020449,UPI0000534388,Tscrpt_reg_AraC-type_HTH
10215,Clo1313_2350,,UPI0000534388,
10216,Clo1313_2351,IPR050640,UPI000038F8A5,Bact_2-comp_sensor_kinase
10217,Clo1313_2351,IPR036890,UPI000038F8A5,HATPase_C_sf
10218,Clo1313_2351,IPR003594,UPI000038F8A5,HATPase_dom
10219,Clo1313_2351,IPR005467,UPI000038F8A5,His_kinase_dom
10220,Clo1313_2351,IPR010559,UPI000038F8A5,Sig_transdc_His_kin_internal
10221,Clo1313_2351,,UPI000038F8A5,
10222,Clo1313_2352,IPR000515,UPI000038F8A6,MetI-like
10223,Clo1313_2352,IPR035906,UPI000038F8A6,MetI-like_sf
10224,Clo1313_2352,,UPI000038F8A6,
10225,Clo1313_2353,IPR003593,UPI000038F8A7,AAA+_ATPase
10226,Clo1313_2353,IPR050093,UPI000038F8A7,ABC_SmlMolc_Importer
10227,Clo1313_2353,IPR003439,UPI000038F8A7,ABC_transporter-like_ATP-bd
10228,Clo1313_2353,IPR017871,UPI000038F8A7,ABC_transporter-like_CS
10229,Clo1313_2353,IPR008995,UPI000038F8A7,Mo/tungstate-bd_C_term_dom
10230,Clo1313_2353,IPR012340,UPI000038F8A7,NA-bd_OB-fold
10231,Clo1313_2353,IPR027417,UPI000038F8A7,P-loop_NTPase
10232,Clo1313_2353,IPR013611,UPI000038F8A7,Transp-assoc_OB_typ2
10233,Clo1313_2353,,UPI000038F8A7,
10234,Clo1313_2354,IPR026045,UPI000038F8A8,Ferric-bd
10235,Clo1313_2354,IPR006059,UPI000038F8A8,SBP
10236,Clo1313_2354,,UPI000038F8A8,
10237,Clo1313_2355,IPR005650,UPI000038F8A9,BlaI_family
10238,Clo1313_2355,IPR036388,UPI000038F8A9,WH-like_DNA-bd_sf
10239,Clo1313_2355,IPR036390,UPI000038F8A9,WH_DNA-bd_sf
10240,Clo1313_2355,,UPI000038F8A9,
10241,Clo1313_2356,IPR052173,UPI0001B1F019,Beta-lactam_resp_regulator
10242,Clo1313_2356,IPR008756,UPI0001B1F019,Peptidase_M56
10243,Clo1313_2356,,UPI0001B1F019,
10244,Clo1313_2357,,UPI00017E2FAC,
10245,Clo1313_2358,,UPI00003C8B79,
10246,Clo1313_2359,IPR018193,UPI0001B1F018,Glyc_kinase_flavodox-like_fold
10247,Clo1313_2359,IPR004381,UPI0001B1F018,Glycerate_kinase
10248,Clo1313_2359,IPR018197,UPI0001B1F018,Glycerate_kinase_RE-like
10249,Clo1313_2359,IPR036129,UPI0001B1F018,Glycerate_kinase_sf
10250,Clo1313_2359,,UPI0001B1F018,
10251,Clo1313_2361,,UPI0001B1F017,
10252,Clo1313_2365,IPR017850,UPI0001B1F014,Alkaline_phosphatase_core_sf
10253,Clo1313_2365,,UPI0001B1F014,
10254,Clo1313_2366,IPR057342,UPI0001B1F013,DEXDc_RapA
10255,Clo1313_2366,IPR014001,UPI0001B1F013,Helicase_ATP-bd
10256,Clo1313_2366,IPR001650,UPI0001B1F013,Helicase_C-like
10257,Clo1313_2366,IPR027417,UPI0001B1F013,P-loop_NTPase
10258,Clo1313_2366,IPR038718,UPI0001B1F013,SNF2-like_sf
10259,Clo1313_2366,IPR049730,UPI0001B1F013,SNF2/RAD54-like_C
10260,Clo1313_2366,IPR000330,UPI0001B1F013,SNF2_N
10261,Clo1313_2366,,UPI0001B1F013,
10262,Clo1313_2367,IPR002941,UPI0001B1F012,DNA_methylase_N4/N6
10263,Clo1313_2367,IPR029063,UPI0001B1F012,SAM-dependent_MTases_sf
10264,Clo1313_2367,,UPI0001B1F012,
10265,Clo1313_2370,IPR021352,UPI0001B1EEB6,DUF2971
10266,Clo1313_2370,,UPI0001B1EEB6,
10267,Clo1313_2371,IPR011257,UPI0001B1EEB5,DNA_glycosylase
10268,Clo1313_2371,IPR023170,UPI0001B1EEB5,HhH_base_excis_C
10269,Clo1313_2371,,UPI0001B1EEB5,
10270,Clo1313_2372,,UPI0001B1EEB4,
10271,Clo1313_2373,IPR002711,UPI0001B1EEB3,HNH
10272,Clo1313_2373,IPR003615,UPI0001B1EEB3,HNH_nuc
10273,Clo1313_2373,IPR058712,UPI0001B1EEB3,SRA_ScoMcrA
10274,Clo1313_2373,,UPI0001B1EEB3,
10275,Clo1313_2374,IPR047127,UPI0001B1EEB2,MutT-like
10276,Clo1313_2374,IPR020476,UPI0001B1EEB2,Nudix_hydrolase
10277,Clo1313_2374,IPR015797,UPI0001B1EEB2,NUDIX_hydrolase-like_dom_sf
10278,Clo1313_2374,IPR020084,UPI0001B1EEB2,NUDIX_hydrolase_CS
10279,Clo1313_2374,IPR000086,UPI0001B1EEB2,NUDIX_hydrolase_dom
10280,Clo1313_2374,,UPI0001B1EEB2,
10281,Clo1313_2375,IPR001584,UPI0001B1EEB1,Integrase_cat-core
10282,Clo1313_2375,IPR025246,UPI0001B1EEB1,IS30-like_HTH
10283,Clo1313_2375,IPR013324,UPI0001B1EEB1,RNA_pol_sigma_r3/r4-like
10284,Clo1313_2375,IPR012337,UPI0001B1EEB1,RNaseH-like_sf
10285,Clo1313_2375,IPR036397,UPI0001B1EEB1,RNaseH_sf
10286,Clo1313_2375,IPR051917,UPI0001B1EEB1,Transposase-Integrase
10287,Clo1313_2375,IPR053392,UPI0001B1EEB1,Transposase_IS30-like
10288,Clo1313_2375,,UPI0001B1EEB1,
10289,Clo1313_2376,IPR038109,UPI0001B1EEB0,DNA_bind_recomb_sf
10290,Clo1313_2376,IPR011109,UPI0001B1EEB0,DNA_bind_recombinase_dom
10291,Clo1313_2376,IPR006119,UPI0001B1EEB0,Resolv_N
10292,Clo1313_2376,IPR036162,UPI0001B1EEB0,Resolvase-like_N_sf
10293,Clo1313_2376,IPR050639,UPI0001B1EEB0,SSR_resolvase
10294,Clo1313_2376,IPR025827,UPI0001B1EEB0,Zn_ribbon_recom_dom
10295,Clo1313_2376,,UPI0001B1EEB0,
10296,Clo1313_2377,IPR038109,UPI0001F32955,DNA_bind_recomb_sf
10297,Clo1313_2377,IPR011109,UPI0001F32955,DNA_bind_recombinase_dom
10298,Clo1313_2377,,UPI0001F32955,
10299,Clo1313_2378,IPR038109,UPI0001B1EEAF,DNA_bind_recomb_sf
10300,Clo1313_2378,IPR011109,UPI0001B1EEAF,DNA_bind_recombinase_dom
10301,Clo1313_2378,IPR006119,UPI0001B1EEAF,Resolv_N
10302,Clo1313_2378,IPR036162,UPI0001B1EEAF,Resolvase-like_N_sf
10303,Clo1313_2378,IPR050639,UPI0001B1EEAF,SSR_resolvase
10304,Clo1313_2378,IPR025827,UPI0001B1EEAF,Zn_ribbon_recom_dom
10305,Clo1313_2378,,UPI0001B1EEAF,
10306,Clo1313_2379,IPR046749,UPI0001B1EEAE,SHOCT_2
10307,Clo1313_2379,,UPI0001B1EEAE,
10308,Clo1313_2380,IPR036505,UPI0001B1EE87,Amidase/PGRP_sf
10309,Clo1313_2380,IPR002502,UPI0001B1EE87,Amidase_domain
10310,Clo1313_2380,IPR018392,UPI0001B1EE87,LysM
10311,Clo1313_2380,IPR036779,UPI0001B1EE87,LysM_dom_sf
10312,Clo1313_2380,IPR051206,UPI0001B1EE87,NAMLAA_amidase_2
10313,Clo1313_2380,,UPI0001B1EE87,
10314,Clo1313_2381,IPR006480,UPI0001B1EE86,Phage_holin_4_1
10315,Clo1313_2381,,UPI0001B1EE86,
10316,Clo1313_2382,IPR017853,UPI0001B1EE85,GH_hydrolase_sf
10317,Clo1313_2382,IPR001223,UPI0001B1EE85,Glyco_hydro18_cat
10318,Clo1313_2382,,UPI0001B1EE85,
10319,Clo1313_2383,,UPI0001B1EE84,
10320,Clo1313_2384,,UPI0001B1EE83,
10321,Clo1313_2385,IPR013320,UPI0001F32956,ConA-like_dom_sf
10322,Clo1313_2385,IPR007119,UPI0001F32956,Phage_tail_spike_N
10323,Clo1313_2385,IPR044051,UPI0001F32956,Prophage_tail_N
10324,Clo1313_2385,IPR010572,UPI0001F32956,Tail_dom
10325,Clo1313_2385,,UPI0001F32956,
10326,Clo1313_2386,IPR006520,UPI0001B1EE18,Dit_BPSPP_N
10327,Clo1313_2386,IPR008841,UPI0001B1EE18,Siphovirus-type_tail_N
10328,Clo1313_2386,,UPI0001B1EE18,
10329,Clo1313_2387,IPR011989,UPI0001B1EE17,ARM-like
10330,Clo1313_2387,IPR016024,UPI0001B1EE17,ARM-type_fold
10331,Clo1313_2387,,UPI0001B1EE17,
10332,Clo1313_2388,,UPI0001F32957,
10333,Clo1313_2389,,UPI0001B1EE16,
10334,Clo1313_2390,IPR006490,UPI0001B1EE15,Maj_tail_phi13
10335,Clo1313_2390,,UPI0001B1EE15,
10336,Clo1313_2391,,UPI0001B1EE14,
10337,Clo1313_2392,IPR010064,UPI0001B1EE13,HK97-gp10_tail
10338,Clo1313_2392,,UPI0001B1EE13,
10339,Clo1313_2393,IPR008767,UPI0001B1EE12,Phage_SPP1_head-tail_adaptor
10340,Clo1313_2393,IPR038666,UPI0001B1EE12,SSP1_head-tail_sf
10341,Clo1313_2393,,UPI0001B1EE12,
10342,Clo1313_2394,IPR021146,UPI0001B1EE11,Phage_gp6-like_head-tail
10343,Clo1313_2394,IPR006450,UPI0001B1EE11,Phage_HK97_gp6-like
10344,Clo1313_2394,,UPI0001B1EE11,
10345,Clo1313_2395,IPR024455,UPI0001B1EE10,Phage_capsid
10346,Clo1313_2395,IPR054612,UPI0001B1EE10,Phage_capsid-like_C
10347,Clo1313_2395,,UPI0001B1EE10,
10348,Clo1313_2396,IPR001907,UPI0001B1EE0F,ClpP
10349,Clo1313_2396,IPR029045,UPI0001B1EE0F,ClpP/crotonase-like_dom_sf
10350,Clo1313_2396,IPR023562,UPI0001B1EE0F,ClpP/TepA
10351,Clo1313_2396,,UPI0001B1EE0F,
10352,Clo1313_2397,IPR006944,UPI0001B1EE0E,Phage/GTA_portal
10353,Clo1313_2397,IPR006427,UPI0001B1EE0E,Portal_HK97
10354,Clo1313_2397,,UPI0001B1EE0E,
10355,Clo1313_2398,IPR036844,UPI0001B1EE0D,Hint_dom_sf
10356,Clo1313_2398,IPR027434,UPI0001B1EE0D,Homing_endonucl
10357,Clo1313_2398,IPR006142,UPI0001B1EE0D,INTEIN
10358,Clo1313_2398,IPR004042,UPI0001B1EE0D,Intein_endonuc_central
10359,Clo1313_2398,IPR004860,UPI0001B1EE0D,LAGLIDADG_dom
10360,Clo1313_2398,IPR027417,UPI0001B1EE0D,P-loop_NTPase
10361,Clo1313_2398,IPR046461,UPI0001B1EE0D,TerL_ATPase
10362,Clo1313_2398,IPR046462,UPI0001B1EE0D,TerL_nuclease
10363,Clo1313_2398,IPR005021,UPI0001B1EE0D,Terminase_largesu-like
10364,Clo1313_2398,,UPI0001B1EE0D,
10365,Clo1313_2399,IPR032488,UPI0001B1EE0C,DUF5049
10366,Clo1313_2399,,UPI0001B1EE0C,
10367,Clo1313_2400,IPR009288,UPI0001B1EE0B,AIG2-like_dom
10368,Clo1313_2400,IPR017939,UPI0001B1EE0B,G-Glutamylcylcotransferase
10369,Clo1313_2400,IPR013024,UPI0001B1EE0B,GGCT-like
10370,Clo1313_2400,IPR036568,UPI0001B1EE0B,GGCT-like_sf
10371,Clo1313_2400,,UPI0001B1EE0B,
10372,Clo1313_2401,IPR022025,UPI0001B1EE0A,Amidoligase_2
10373,Clo1313_2401,,UPI0001B1EE0A,
10374,Clo1313_2402,IPR025463,UPI0001B1EE09,DUF4314
10375,Clo1313_2402,,UPI0001B1EE09,
10376,Clo1313_2403,IPR046292,UPI0001B1EE08,DUF6329
10377,Clo1313_2403,,UPI0001B1EE08,
10378,Clo1313_2404,,UPI0001B1EE07,
10379,Clo1313_2405,IPR002941,UPI0001B1EE06,DNA_methylase_N4/N6
10380,Clo1313_2405,IPR002052,UPI0001B1EE06,DNA_methylase_N6_adenine_CS
10381,Clo1313_2405,IPR015840,UPI0001B1EE06,DNA_MeTrfase_ParB
10382,Clo1313_2405,IPR036086,UPI0001B1EE06,ParB/Sulfiredoxin_sf
10383,Clo1313_2405,IPR003115,UPI0001B1EE06,ParB_N
10384,Clo1313_2405,IPR001091,UPI0001B1EE06,RM_Methyltransferase
10385,Clo1313_2405,IPR029063,UPI0001B1EE06,SAM-dependent_MTases_sf
10386,Clo1313_2405,,UPI0001B1EE06,
10387,Clo1313_2406,IPR002941,UPI0001B1EE05,DNA_methylase_N4/N6
10388,Clo1313_2406,IPR015840,UPI0001B1EE05,DNA_MeTrfase_ParB
10389,Clo1313_2406,IPR036086,UPI0001B1EE05,ParB/Sulfiredoxin_sf
10390,Clo1313_2406,IPR003115,UPI0001B1EE05,ParB_N
10391,Clo1313_2406,IPR001091,UPI0001B1EE05,RM_Methyltransferase
10392,Clo1313_2406,IPR029063,UPI0001B1EE05,SAM-dependent_MTases_sf
10393,Clo1313_2406,,UPI0001B1EE05,
10394,Clo1313_2407,IPR006448,UPI00017E62A8,Phage_term_ssu_P27
10395,Clo1313_2407,,UPI00017E62A8,
10396,Clo1313_2408,IPR002711,UPI0001B1EE04,HNH
10397,Clo1313_2408,IPR003615,UPI0001B1EE04,HNH_nuc
10398,Clo1313_2408,,UPI0001B1EE04,
10399,Clo1313_2410,,UPI0001B1EE03,
10400,Clo1313_2411,IPR002732,UPI0001B1EE02,Hjc
10401,Clo1313_2411,IPR011335,UPI0001B1EE02,Restrct_endonuc-II-like
10402,Clo1313_2411,IPR011856,UPI0001B1EE02,tRNA_endonuc-like_dom_sf
10403,Clo1313_2411,IPR014883,UPI0001B1EE02,VRR_NUC
10404,Clo1313_2411,,UPI0001B1EE02,
10405,Clo1313_2412,IPR013196,UPI0001B1EE01,HTH_11
10406,Clo1313_2412,IPR036388,UPI0001B1EE01,WH-like_DNA-bd_sf
10407,Clo1313_2412,,UPI0001B1EE01,
10408,Clo1313_2414,IPR003593,UPI00017E62A1,AAA+_ATPase
10409,Clo1313_2414,IPR003439,UPI00017E62A1,ABC_transporter-like_ATP-bd
10410,Clo1313_2414,IPR017871,UPI00017E62A1,ABC_transporter-like_CS
10411,Clo1313_2414,IPR015854,UPI00017E62A1,ABC_transpr_LolD-like
10412,Clo1313_2414,IPR017911,UPI00017E62A1,MacB-like_ATP-bd
10413,Clo1313_2414,IPR027417,UPI00017E62A1,P-loop_NTPase
10414,Clo1313_2414,,UPI00017E62A1,
10415,Clo1313_2415,IPR003838,UPI00017E62A0,ABC3_permease_C
10416,Clo1313_2415,IPR050250,UPI00017E62A0,Macrolide_Exporter_MacB
10417,Clo1313_2415,,UPI00017E62A0,
10418,Clo1313_2416,IPR036890,UPI00017E629F,HATPase_C_sf
10419,Clo1313_2416,IPR003594,UPI00017E629F,HATPase_dom
10420,Clo1313_2416,IPR005467,UPI00017E629F,His_kinase_dom
10421,Clo1313_2416,IPR003661,UPI00017E629F,HisK_dim/P_dom
10422,Clo1313_2416,IPR036097,UPI00017E629F,HisK_dim/P_sf
10423,Clo1313_2416,IPR050736,UPI00017E629F,Sensor_HK_Regulatory
10424,Clo1313_2416,IPR004358,UPI00017E629F,Sig_transdc_His_kin-like_C
10425,Clo1313_2416,,UPI00017E629F,
10426,Clo1313_2417,IPR011006,UPI00017E629E,CheY-like_superfamily
10427,Clo1313_2417,IPR001867,UPI00017E629E,OmpR/PhoB-type_DNA-bd
10428,Clo1313_2417,IPR001789,UPI00017E629E,Sig_transdc_resp-reg_receiver
10429,Clo1313_2417,IPR039420,UPI00017E629E,WalR-like
10430,Clo1313_2417,IPR036388,UPI00017E629E,WH-like_DNA-bd_sf
10431,Clo1313_2417,,UPI00017E629E,
10432,Clo1313_2418,IPR001279,UPI00017E629D,Metallo-B-lactamas
10433,Clo1313_2418,IPR050855,UPI00017E629D,NDM-1-like
10434,Clo1313_2418,IPR036866,UPI00017E629D,RibonucZ/Hydroxyglut_hydro
10435,Clo1313_2418,,UPI00017E629D,
10436,Clo1313_2421,,UPI00017E6298,
10437,Clo1313_2422,IPR029109,UPI00017E6297,Ntox35
10438,Clo1313_2422,,UPI00017E6297,
10439,Clo1313_2423,,UPI00017E6296,
10440,Clo1313_2424,,UPI00017E6295,
10441,Clo1313_2425,IPR030390,UPI00017E6294,MeTrfase_TrmA_AS
10442,Clo1313_2425,IPR030391,UPI00017E6294,MeTrfase_TrmA_CS
10443,Clo1313_2425,IPR012340,UPI00017E6294,NA-bd_OB-fold
10444,Clo1313_2425,IPR029063,UPI00017E6294,SAM-dependent_MTases_sf
10445,Clo1313_2425,IPR002792,UPI00017E6294,TRAM_dom
10446,Clo1313_2425,IPR010280,UPI00017E6294,U5_MeTrfase_fam
10447,Clo1313_2425,,UPI00017E6294,
10448,Clo1313_2426,IPR003593,UPI0001B1EDCA,AAA+_ATPase
10449,Clo1313_2426,IPR003439,UPI0001B1EDCA,ABC_transporter-like_ATP-bd
10450,Clo1313_2426,IPR017871,UPI0001B1EDCA,ABC_transporter-like_CS
10451,Clo1313_2426,IPR027417,UPI0001B1EDCA,P-loop_NTPase
10452,Clo1313_2426,,UPI0001B1EDCA,
10453,Clo1313_2427,IPR037294,UPI00003C9162,ABC_BtuC-like
10454,Clo1313_2427,IPR000522,UPI00003C9162,ABC_transptr_permease_BtuC
10455,Clo1313_2427,,UPI00003C9162,
10456,Clo1313_2428,IPR050902,UPI0000F21952,ABC_Transporter_SBP
10457,Clo1313_2428,IPR002491,UPI0000F21952,ABC_transptr_periplasmic_BD
10458,Clo1313_2428,IPR054828,UPI0000F21952,Vit_B12_bind_prot
10459,Clo1313_2428,,UPI0000F21952,
10460,Clo1313_2429,IPR036013,UPI0000F21954,Band_7/SPFH_dom_sf
10461,Clo1313_2429,IPR025874,UPI0000F21954,DZR
10462,Clo1313_2429,IPR033880,UPI0000F21954,SPFH_YdjI
10463,Clo1313_2429,,UPI0000F21954,
10464,Clo1313_2430,IPR050570,UPI00003C90A5,Cell_wall_metabolism_enzyme
10465,Clo1313_2430,IPR011055,UPI00003C90A5,Dup_hybrid_motif
10466,Clo1313_2430,IPR016047,UPI00003C90A5,M23ase_b-sheet_dom
10467,Clo1313_2430,,UPI00003C90A5,
10468,Clo1313_2431,IPR007607,UPI00003C90A6,BacA/B
10469,Clo1313_2431,,UPI00003C90A6,
10470,Clo1313_2432,IPR014197,UPI00003C90A7,Sporulation_prot_YunB
10471,Clo1313_2432,,UPI00003C90A7,
10472,Clo1313_2433,IPR012338,UPI0001B1EDC9,Beta-lactam/transpept-like
10473,Clo1313_2433,IPR001264,UPI0001B1EDC9,Glyco_trans_51
10474,Clo1313_2433,IPR050396,UPI0001B1EDC9,Glycosyltr_51/Transpeptidase
10475,Clo1313_2433,IPR023346,UPI0001B1EDC9,Lysozyme-like_dom_sf
10476,Clo1313_2433,IPR036950,UPI0001B1EDC9,Transglycosylase
10477,Clo1313_2433,IPR001460,UPI0001B1EDC9,PCN-bd_Tpept
10478,Clo1313_2433,,UPI0001B1EDC9,
10479,Clo1313_2434,IPR003838,UPI00017E5277,ABC3_permease_C
10480,Clo1313_2434,IPR025857,UPI00017E5277,MacB_PCD
10481,Clo1313_2434,IPR050250,UPI00017E5277,Macrolide_Exporter_MacB
10482,Clo1313_2434,,UPI00017E5277,
10483,Clo1313_2435,IPR058636,UPI000038FDFA,Beta-barrel_YknX
10484,Clo1313_2435,IPR058627,UPI000038FDFA,MdtA-like_C
10485,Clo1313_2435,IPR006143,UPI000038FDFA,RND_pump_MFP
10486,Clo1313_2435,IPR050465,UPI000038FDFA,UPF0194_transport
10487,Clo1313_2435,,UPI000038FDFA,
10488,Clo1313_2436,IPR003593,UPI000038FDFB,AAA+_ATPase
10489,Clo1313_2436,IPR003439,UPI000038FDFB,ABC_transporter-like_ATP-bd
10490,Clo1313_2436,IPR017871,UPI000038FDFB,ABC_transporter-like_CS
10491,Clo1313_2436,IPR017911,UPI000038FDFB,MacB-like_ATP-bd
10492,Clo1313_2436,IPR027417,UPI000038FDFB,P-loop_NTPase
10493,Clo1313_2436,,UPI000038FDFB,
10494,Clo1313_2437,IPR051906,UPI00003C90AA,TolC-like
10495,Clo1313_2437,,UPI00003C90AA,
10496,Clo1313_2438,IPR051906,UPI00005335A3,TolC-like
10497,Clo1313_2438,,UPI00005335A3,
10498,Clo1313_2439,IPR036393,UPI0000F2195E,AceGlu_kinase-like_sf
10499,Clo1313_2439,IPR001048,UPI0000F2195E,Asp/Glu/Uridylate_kinase
10500,Clo1313_2439,IPR041739,UPI0000F2195E,G5K_ProB
10501,Clo1313_2439,IPR001057,UPI0000F2195E,Glu/AcGlu_kinase
10502,Clo1313_2439,IPR011529,UPI0000F2195E,Glu_5kinase
10503,Clo1313_2439,IPR005715,UPI0000F2195E,Glu_5kinase/COase_Synthase
10504,Clo1313_2439,IPR019797,UPI0000F2195E,Glutamate_5-kinase_CS
10505,Clo1313_2439,,UPI0000F2195E,
10506,Clo1313_2440,IPR025964,UPI0000F2195F,GGGtGRT
10507,Clo1313_2440,,UPI0000F2195F,
10508,Clo1313_2441,,UPI00003C90EA,
10509,Clo1313_2442,,UPI000038F71A,
10510,Clo1313_2443,,UPI0000535A1A,
10511,Clo1313_2444,IPR012347,UPI000038F71C,Ferritin-like
10512,Clo1313_2444,IPR009040,UPI000038F71C,Ferritin-like_diiron
10513,Clo1313_2444,IPR009078,UPI000038F71C,Ferritin-like_SF
10514,Clo1313_2444,IPR052753,UPI000038F71C,Rbr2/Nigerythrin
10515,Clo1313_2444,IPR003251,UPI000038F71C,Rr_diiron-bd_dom
10516,Clo1313_2444,IPR024934,UPI000038F71C,Rubredoxin-like_dom
10517,Clo1313_2444,IPR048574,UPI000038F71C,RUBY_RBDX
10518,Clo1313_2444,,UPI000038F71C,
10519,Clo1313_2445,IPR051599,UPI0001B1EDC8,Cell_Envelope_Assoc
10520,Clo1313_2445,IPR003848,UPI0001B1EDC8,DUF218
10521,Clo1313_2445,IPR036737,UPI0001B1EDC8,OmpA-like_sf
10522,Clo1313_2445,IPR014729,UPI0001B1EDC8,Rossmann-like_a/b/a_fold
10523,Clo1313_2445,,UPI0001B1EDC8,
10524,Clo1313_2446,IPR041699,UPI00017E460C,AAA_32
10525,Clo1313_2446,IPR046844,UPI00017E460C,Lon-like_helical
10526,Clo1313_2446,IPR008269,UPI00017E460C,Lon_proteolytic
10527,Clo1313_2446,IPR027065,UPI00017E460C,Lon_Prtase
10528,Clo1313_2446,IPR046843,UPI00017E460C,LonB_AAA-LID
10529,Clo1313_2446,IPR027417,UPI00017E460C,P-loop_NTPase
10530,Clo1313_2446,IPR020568,UPI00017E460C,Ribosomal_Su5_D2-typ_SF
10531,Clo1313_2446,IPR014721,UPI00017E460C,Ribsml_uS5_D2-typ_fold_subgr
10532,Clo1313_2446,,UPI00017E460C,
10533,Clo1313_2447,IPR006464,UPI000038F71F,AcTrfase_RimI/Ard1
10534,Clo1313_2447,IPR016181,UPI000038F71F,Acyl_CoA_acyltransferase
10535,Clo1313_2447,IPR000182,UPI000038F71F,GNAT_dom
10536,Clo1313_2447,IPR050680,UPI000038F71F,YpeA/RimI_acetyltransf
10537,Clo1313_2447,,UPI000038F71F,
10538,Clo1313_2448,IPR043129,UPI000038F720,ATPase_NBD
10539,Clo1313_2448,IPR000905,UPI000038F720,Gcp-like_dom
10540,Clo1313_2448,IPR022496,UPI000038F720,T6A_TsaB
10541,Clo1313_2448,,UPI000038F720,
10542,Clo1313_2449,IPR027417,UPI00017E460B,P-loop_NTPase
10543,Clo1313_2449,IPR003442,UPI00017E460B,T6A_TsaE
10544,Clo1313_2449,,UPI00017E460B,
10545,Clo1313_2450,IPR006680,UPI0001B1EDC7,Amidohydro-rel
10546,Clo1313_2450,IPR011059,UPI0001B1EDC7,Metal-dep_hydrolase_composite
10547,Clo1313_2450,IPR032466,UPI0001B1EDC7,Metal_Hydrolase
10548,Clo1313_2450,IPR051781,UPI0001B1EDC7,Metallo-dep_Hydrolase
10549,Clo1313_2450,,UPI0001B1EDC7,
10550,Clo1313_2451,IPR012854,UPI0000F21961,Cu_amine_oxidase-like_N
10551,Clo1313_2451,IPR036582,UPI0000F21961,Mao_N_sf
10552,Clo1313_2451,,UPI0000F21961,
10553,Clo1313_2452,,UPI0001B1EDC4,
10554,Clo1313_2453,IPR027417,UPI0000F21969,P-loop_NTPase
10555,Clo1313_2453,,UPI0000F21969,
10556,Clo1313_2454,,UPI0001B1EDC3,
10557,Clo1313_2455,IPR020568,UPI00003C8C5B,Ribosomal_Su5_D2-typ_SF
10558,Clo1313_2455,IPR000754,UPI00003C8C5B,Ribosomal_uS9
10559,Clo1313_2455,IPR023035,UPI00003C8C5B,Ribosomal_uS9_bact_plastid
10560,Clo1313_2455,IPR020574,UPI00003C8C5B,Ribosomal_uS9_CS
10561,Clo1313_2455,IPR014721,UPI00003C8C5B,Ribsml_uS5_D2-typ_fold_subgr
10562,Clo1313_2455,,UPI00003C8C5B,
10563,Clo1313_2456,IPR005822,UPI00003C8C5C,Ribosomal_uL13
10564,Clo1313_2456,IPR005823,UPI00003C8C5C,Ribosomal_uL13_bact
10565,Clo1313_2456,IPR023563,UPI00003C8C5C,Ribosomal_uL13_CS
10566,Clo1313_2456,IPR036899,UPI00003C8C5C,Ribosomal_uL13_sf
10567,Clo1313_2456,,UPI00003C8C5C,
10568,Clo1313_2457,,UPI0000F2196B,
10569,Clo1313_2458,IPR050338,UPI0001B1ED89,DisA
10570,Clo1313_2458,IPR038331,UPI0001B1ED89,DisA_sf
10571,Clo1313_2458,IPR036888,UPI0001B1ED89,DNA_integrity_DisA_N_sf
10572,Clo1313_2458,IPR018906,UPI0001B1ED89,DNA_integrity_scan_DisA_link
10573,Clo1313_2458,IPR003390,UPI0001B1ED89,DNA_integrity_scan_DisA_N
10574,Clo1313_2458,IPR023763,UPI0001B1ED89,DNA_integrity_scanning_protein
10575,Clo1313_2458,IPR010994,UPI0001B1ED89,RuvA_2-like
10576,Clo1313_2458,,UPI0001B1ED89,
10577,Clo1313_2459,IPR003593,UPI0001B1ED88,AAA+_ATPase
10578,Clo1313_2459,IPR004504,UPI0001B1ED88,DNA_repair_RadA
10579,Clo1313_2459,IPR008269,UPI0001B1ED88,Lon_proteolytic
10580,Clo1313_2459,IPR027417,UPI0001B1ED88,P-loop_NTPase
10581,Clo1313_2459,IPR020588,UPI0001B1ED88,RecA_ATP-bd
10582,Clo1313_2459,IPR020568,UPI0001B1ED88,Ribosomal_Su5_D2-typ_SF
10583,Clo1313_2459,IPR014721,UPI0001B1ED88,Ribsml_uS5_D2-typ_fold_subgr
10584,Clo1313_2459,IPR041166,UPI0001B1ED88,Rubredoxin_2
10585,Clo1313_2459,,UPI0001B1ED88,
10586,Clo1313_2460,IPR008928,UPI000038F723,6-hairpin_glycosidase_sf
10587,Clo1313_2460,IPR012341,UPI000038F723,6hp_glycosidase-like_sf
10588,Clo1313_2460,IPR011613,UPI000038F723,GH15-like
10589,Clo1313_2460,,UPI000038F723,
10590,Clo1313_2461,IPR029044,UPI000038F724,Nucleotide-diphossugar_trans
10591,Clo1313_2461,,UPI000038F724,
10592,Clo1313_2462,IPR003593,UPI000038F725,AAA+_ATPase
10593,Clo1313_2462,IPR003959,UPI000038F725,ATPase_AAA_core
10594,Clo1313_2462,IPR019489,UPI000038F725,Clp_ATPase_C
10595,Clo1313_2462,IPR036628,UPI000038F725,Clp_N_dom_sf
10596,Clo1313_2462,IPR004176,UPI000038F725,Clp_R_N
10597,Clo1313_2462,IPR001270,UPI000038F725,ClpA/B
10598,Clo1313_2462,IPR018368,UPI000038F725,ClpA/B_CS1
10599,Clo1313_2462,IPR028299,UPI000038F725,ClpA/B_CS2
10600,Clo1313_2462,IPR041546,UPI000038F725,ClpA/ClpB_AAA_lid
10601,Clo1313_2462,IPR050130,UPI000038F725,ClpA_ClpB
10602,Clo1313_2462,IPR027417,UPI000038F725,P-loop_NTPase
10603,Clo1313_2462,IPR001943,UPI000038F725,UVR_dom
10604,Clo1313_2462,,UPI000038F725,
10605,Clo1313_2463,IPR023660,UPI0000536428,Arg_Kinase
10606,Clo1313_2463,IPR000749,UPI0000536428,ATP-guanido_PTrfase
10607,Clo1313_2463,IPR022415,UPI0000536428,ATP-guanido_PTrfase_AS
10608,Clo1313_2463,IPR022414,UPI0000536428,ATP-guanido_PTrfase_cat
10609,Clo1313_2463,IPR014746,UPI0000536428,Gln_synth/guanido_kin_cat_dom
10610,Clo1313_2463,,UPI0000536428,
10611,Clo1313_2464,IPR001943,UPI000038F727,UVR_dom
10612,Clo1313_2464,IPR036876,UPI000038F727,UVR_dom_sf
10613,Clo1313_2464,IPR025542,UPI000038F727,YacH
10614,Clo1313_2464,,UPI000038F727,
10615,Clo1313_2465,IPR008463,UPI00003C8C61,CtsR
10616,Clo1313_2465,IPR041473,UPI00003C8C61,CtsR_C
10617,Clo1313_2465,IPR041908,UPI00003C8C61,CtsR_C_sf
10618,Clo1313_2465,IPR040465,UPI00003C8C61,CtsR_N
10619,Clo1313_2465,IPR041902,UPI00003C8C61,CtsR_N_sf
10620,Clo1313_2465,,UPI00003C8C61,
10621,Clo1313_2467,IPR053905,UPI000038F72A,EF-G-like_DII
10622,Clo1313_2467,IPR041095,UPI000038F72A,EFG_II
10623,Clo1313_2467,IPR009022,UPI000038F72A,EFG_III
10624,Clo1313_2467,IPR035647,UPI000038F72A,EFG_III/V
10625,Clo1313_2467,IPR047872,UPI000038F72A,EFG_IV
10626,Clo1313_2467,IPR035649,UPI000038F72A,EFG_V
10627,Clo1313_2467,IPR000640,UPI000038F72A,EFG_V-like
10628,Clo1313_2467,IPR027417,UPI000038F72A,P-loop_NTPase
10629,Clo1313_2467,IPR020568,UPI000038F72A,Ribosomal_Su5_D2-typ_SF
10630,Clo1313_2467,IPR014721,UPI000038F72A,Ribsml_uS5_D2-typ_fold_subgr
10631,Clo1313_2467,IPR005225,UPI000038F72A,Small_GTP-bd
10632,Clo1313_2467,IPR000795,UPI000038F72A,T_Tr_GTP-bd_dom
10633,Clo1313_2467,IPR009000,UPI000038F72A,Transl_B-barrel_sf
10634,Clo1313_2467,IPR004540,UPI000038F72A,Transl_elong_EFG/EF2
10635,Clo1313_2467,IPR005517,UPI000038F72A,Transl_elong_EFG/EF2_IV
10636,Clo1313_2467,,UPI000038F72A,
10637,Clo1313_2468,IPR013785,UPI00017E2E1C,Aldolase_TIM
10638,Clo1313_2468,IPR052899,UPI00017E2E1C,Class-I_DAHP_synthase
10639,Clo1313_2468,IPR006218,UPI00017E2E1C,DAHP1/KDSA
10640,Clo1313_2468,IPR041071,UPI00017E2E1C,DAHP_snth_FXD
10641,Clo1313_2468,IPR006268,UPI00017E2E1C,DAHP_syn_2
10642,Clo1313_2468,,UPI00017E2E1C,
10643,Clo1313_2469,IPR008927,UPI000038F72C,6-PGluconate_DH-like_C_sf
10644,Clo1313_2469,IPR045865,UPI000038F72C,ACT-like_dom_sf
10645,Clo1313_2469,IPR002912,UPI000038F72C,ACT_dom
10646,Clo1313_2469,IPR036291,UPI000038F72C,NAD(P)-bd_dom_sf
10647,Clo1313_2469,IPR046825,UPI000038F72C,PDH_C
10648,Clo1313_2469,IPR046826,UPI000038F72C,PDH_N
10649,Clo1313_2469,IPR050812,UPI000038F72C,Preph/Arog_dehydrog
10650,Clo1313_2469,IPR003099,UPI000038F72C,Prephen_DH
10651,Clo1313_2469,,UPI000038F72C,
10652,Clo1313_2470,IPR001986,UPI000038F72D,Enolpyruvate_Tfrase_dom
10653,Clo1313_2470,IPR036968,UPI000038F72D,Enolpyruvate_Tfrase_sf
10654,Clo1313_2470,IPR006264,UPI000038F72D,EPSP_synthase
10655,Clo1313_2470,IPR013792,UPI000038F72D,RNA3'P_cycl/enolpyr_Trfase_a/b
10656,Clo1313_2470,,UPI000038F72D,
10657,Clo1313_2471,IPR003781,UPI00003C8C63,CoA-bd
10658,Clo1313_2471,IPR036291,UPI00003C8C63,NAD(P)-bd_dom_sf
10659,Clo1313_2471,IPR009718,UPI00003C8C63,Rex_DNA-bd_C_dom
10660,Clo1313_2471,IPR022876,UPI00003C8C63,Tscrpt_rep_Rex
10661,Clo1313_2471,IPR036388,UPI00003C8C63,WH-like_DNA-bd_sf
10662,Clo1313_2471,IPR036390,UPI00003C8C63,WH_DNA-bd_sf
10663,Clo1313_2471,,UPI00003C8C63,
10664,Clo1313_2472,IPR003593,UPI000038F72F,AAA+_ATPase
10665,Clo1313_2472,IPR032524,UPI000038F72F,ABC_tran_C
10666,Clo1313_2472,IPR032781,UPI000038F72F,ABC_tran_Xtn
10667,Clo1313_2472,IPR003439,UPI000038F72F,ABC_transporter-like_ATP-bd
10668,Clo1313_2472,IPR017871,UPI000038F72F,ABC_transporter-like_CS
10669,Clo1313_2472,IPR051309,UPI000038F72F,ABCF_ATPase
10670,Clo1313_2472,IPR027417,UPI000038F72F,P-loop_NTPase
10671,Clo1313_2472,IPR037118,UPI000038F72F,Val-tRNA_synth_C_sf
10672,Clo1313_2472,,UPI000038F72F,
10673,Clo1313_2473,IPR041704,UPI0000534DF3,CFLE_GH18
10674,Clo1313_2473,IPR011583,UPI0000534DF3,Chitinase_II/V-like_cat
10675,Clo1313_2473,IPR029070,UPI0000534DF3,Chitinase_insertion_sf
10676,Clo1313_2473,IPR017853,UPI0000534DF3,GH_hydrolase_sf
10677,Clo1313_2473,IPR001223,UPI0000534DF3,Glyco_hydro18_cat
10678,Clo1313_2473,IPR001579,UPI0000534DF3,Glyco_hydro_18_chit_AS
10679,Clo1313_2473,IPR018392,UPI0000534DF3,LysM
10680,Clo1313_2473,IPR036779,UPI0000534DF3,LysM_dom_sf
10681,Clo1313_2473,IPR003646,UPI0000534DF3,SH3-like_bac-type
10682,Clo1313_2473,,UPI0000534DF3,
10683,Clo1313_2474,IPR003593,UPI000038F731,AAA+_ATPase
10684,Clo1313_2474,IPR003439,UPI000038F731,ABC_transporter-like_ATP-bd
10685,Clo1313_2474,IPR017871,UPI000038F731,ABC_transporter-like_CS
10686,Clo1313_2474,IPR015856,UPI000038F731,ABC_transpr_CbiO/EcfA_su
10687,Clo1313_2474,IPR050095,UPI000038F731,ECF_ABC_transporter_ATP-bd
10688,Clo1313_2474,IPR027417,UPI000038F731,P-loop_NTPase
10689,Clo1313_2474,,UPI000038F731,
10690,Clo1313_2475,IPR003339,UPI000038F732,ABC/ECF_trnsptr_transmembrane
10691,Clo1313_2475,IPR012809,UPI000038F732,ECF_CbiQ
10692,Clo1313_2475,IPR051611,UPI000038F732,ECF_transporter_component
10693,Clo1313_2475,,UPI000038F732,
10694,Clo1313_2476,IPR002751,UPI000038F733,CbiM/NikMN
10695,Clo1313_2476,IPR025937,UPI000038F733,PDGLE_dom
10696,Clo1313_2476,,UPI000038F733,
10697,Clo1313_2477,IPR002508,UPI00003C8C65,MurNAc-LAA_cat
10698,Clo1313_2477,IPR050695,UPI00003C8C65,N-acetylmuramoyl_amidase_3
10699,Clo1313_2477,IPR014234,UPI00003C8C65,Spore_CwlD
10700,Clo1313_2477,,UPI00003C8C65,
10701,Clo1313_2478,IPR011006,UPI00003C8C66,CheY-like_superfamily
10702,Clo1313_2478,IPR000160,UPI00003C8C66,GGDEF_dom
10703,Clo1313_2478,IPR029787,UPI00003C8C66,Nucleotide_cyclase
10704,Clo1313_2478,IPR043128,UPI00003C8C66,Rev_trsase/Diguanyl_cyclase
10705,Clo1313_2478,IPR001789,UPI00003C8C66,Sig_transdc_resp-reg_receiver
10706,Clo1313_2478,IPR039420,UPI00003C8C66,WalR-like
10707,Clo1313_2478,,UPI00003C8C66,
10708,Clo1313_2479,IPR003343,UPI0001B1ED87,Big_2
10709,Clo1313_2479,IPR008969,UPI0001B1ED87,CarboxyPept-like_regulatory
10710,Clo1313_2479,IPR002105,UPI0001B1ED87,Dockerin_1_rpt
10711,Clo1313_2479,IPR016134,UPI0001B1ED87,Dockerin_dom
10712,Clo1313_2479,IPR036439,UPI0001B1ED87,Dockerin_dom_sf
10713,Clo1313_2479,IPR018247,UPI0001B1ED87,EF_Hand_1_Ca_BS
10714,Clo1313_2479,IPR013783,UPI0001B1ED87,Ig-like_fold
10715,Clo1313_2479,IPR008964,UPI0001B1ED87,Invasin/intimin_cell_adhesion
10716,Clo1313_2479,,UPI0001B1ED87,
10717,Clo1313_2481,,UPI00017E2C89,
10718,Clo1313_2482,IPR029046,UPI000038F736,LolA/LolB/LppX
10719,Clo1313_2482,IPR033434,UPI000038F736,MucB/RseB_N
10720,Clo1313_2482,IPR052944,UPI000038F736,Sporulation_related
10721,Clo1313_2482,,UPI000038F736,
10722,Clo1313_2483,IPR039425,UPI0000532254,RNA_pol_sigma-70-like
10723,Clo1313_2483,IPR014284,UPI0000532254,RNA_pol_sigma-70_dom
10724,Clo1313_2483,IPR007627,UPI0000532254,RNA_pol_sigma70_r2
10725,Clo1313_2483,IPR013249,UPI0000532254,RNA_pol_sigma70_r4_t2
10726,Clo1313_2483,IPR013325,UPI0000532254,RNA_pol_sigma_r2
10727,Clo1313_2483,IPR013324,UPI0000532254,RNA_pol_sigma_r3/r4-like
10728,Clo1313_2483,IPR036388,UPI0000532254,WH-like_DNA-bd_sf
10729,Clo1313_2483,,UPI0000532254,
10730,Clo1313_2484,IPR052173,UPI000038F739,Beta-lactam_resp_regulator
10731,Clo1313_2484,IPR008756,UPI000038F739,Peptidase_M56
10732,Clo1313_2484,,UPI000038F739,
10733,Clo1313_2485,IPR005650,UPI000038F73A,BlaI_family
10734,Clo1313_2485,IPR036388,UPI000038F73A,WH-like_DNA-bd_sf
10735,Clo1313_2485,IPR036390,UPI000038F73A,WH_DNA-bd_sf
10736,Clo1313_2485,,UPI000038F73A,
10737,Clo1313_2486,IPR002669,UPI000038F73B,UreD
10738,Clo1313_2486,,UPI000038F73B,
10739,Clo1313_2487,IPR003495,UPI00005313AC,CobW/HypB/UreG_nucleotide-bd
10740,Clo1313_2487,IPR027417,UPI00005313AC,P-loop_NTPase
10741,Clo1313_2487,IPR004400,UPI00005313AC,UreG
10742,Clo1313_2487,,UPI00005313AC,
10743,Clo1313_2488,IPR002639,UPI000038F73D,UreF
10744,Clo1313_2488,IPR038277,UPI000038F73D,UreF_sf
10745,Clo1313_2488,,UPI000038F73D,
10746,Clo1313_2490,IPR006680,UPI00017E2C84,Amidohydro-rel
10747,Clo1313_2490,IPR011059,UPI00017E2C84,Metal-dep_hydrolase_composite
10748,Clo1313_2490,IPR032466,UPI00017E2C84,Metal_Hydrolase
10749,Clo1313_2490,IPR011612,UPI00017E2C84,Urease_alpha_N_dom
10750,Clo1313_2490,IPR050112,UPI00017E2C84,Urease_alpha_subunit
10751,Clo1313_2490,IPR017950,UPI00017E2C84,Urease_AS
10752,Clo1313_2490,IPR005848,UPI00017E2C84,Urease_asu
10753,Clo1313_2490,IPR017951,UPI00017E2C84,Urease_asu_c
10754,Clo1313_2490,,UPI00017E2C84,
10755,Clo1313_2491,IPR002019,UPI000038F740,Urease_beta-like
10756,Clo1313_2491,IPR036461,UPI000038F740,Urease_betasu_sf
10757,Clo1313_2491,IPR050069,UPI000038F740,Urease_subunit
10758,Clo1313_2491,,UPI000038F740,
10759,Clo1313_2492,IPR012010,UPI00005346FA,Urease_gamma
10760,Clo1313_2492,IPR002026,UPI00005346FA,Urease_gamma/gamma-beta_su
10761,Clo1313_2492,IPR036463,UPI00005346FA,Urease_gamma_sf
10762,Clo1313_2492,IPR050069,UPI00005346FA,Urease_subunit
10763,Clo1313_2492,,UPI00005346FA,
10764,Clo1313_2493,IPR003593,UPI00017E2C83,AAA+_ATPase
10765,Clo1313_2493,IPR003439,UPI00017E2C83,ABC_transporter-like_ATP-bd
10766,Clo1313_2493,IPR017780,UPI00017E2C83,ABC_transptr_urea_ATP-bd_UrtE
10767,Clo1313_2493,IPR052156,UPI00017E2C83,BCAA_Transport_ATP-bd_LivF
10768,Clo1313_2493,IPR027417,UPI00017E2C83,P-loop_NTPase
10769,Clo1313_2493,,UPI00017E2C83,
10770,Clo1313_2494,IPR003593,UPI00003C8C6D,AAA+_ATPase
10771,Clo1313_2494,IPR051120,UPI00003C8C6D,ABC_AA/LPS_Transport
10772,Clo1313_2494,IPR003439,UPI00003C8C6D,ABC_transporter-like_ATP-bd
10773,Clo1313_2494,IPR017781,UPI00003C8C6D,ABC_transptr_urea_ATP-bd_UrtD
10774,Clo1313_2494,IPR027417,UPI00003C8C6D,P-loop_NTPase
10775,Clo1313_2494,,UPI00003C8C6D,
10776,Clo1313_2495,IPR001851,UPI000038F744,ABC_transp_permease
10777,Clo1313_2495,IPR017778,UPI000038F744,ABC_transptr_urea_perm_UrtC
10778,Clo1313_2495,IPR043428,UPI000038F744,LivM-like
10779,Clo1313_2495,,UPI000038F744,
10780,Clo1313_2496,IPR001851,UPI00003C8C6E,ABC_transp_permease
10781,Clo1313_2496,IPR017779,UPI00003C8C6E,ABC_UrtB_bac
10782,Clo1313_2496,IPR052157,UPI00003C8C6E,BCAA_transport_permease
10783,Clo1313_2496,,UPI00003C8C6E,
10784,Clo1313_2497,IPR017777,UPI0000534E00,ABC_urea-bd_UrtA
10785,Clo1313_2497,IPR000709,UPI0000534E00,Leu_Ile_Val-bd
10786,Clo1313_2497,IPR028082,UPI0000534E00,Peripla_BP_I
10787,Clo1313_2497,,UPI0000534E00,
10788,Clo1313_2498,IPR011006,UPI0001B1ED57,CheY-like_superfamily
10789,Clo1313_2498,IPR009057,UPI0001B1ED57,Homeodomain-like_sf
10790,Clo1313_2498,IPR018060,UPI0001B1ED57,HTH_AraC
10791,Clo1313_2498,IPR001789,UPI0001B1ED57,Sig_transdc_resp-reg_receiver
10792,Clo1313_2498,,UPI0001B1ED57,
10793,Clo1313_2499,IPR011006,UPI000038F748,CheY-like_superfamily
10794,Clo1313_2499,IPR036890,UPI000038F748,HATPase_C_sf
10795,Clo1313_2499,IPR003594,UPI000038F748,HATPase_dom
10796,Clo1313_2499,IPR005467,UPI000038F748,His_kinase_dom
10797,Clo1313_2499,IPR003661,UPI000038F748,HisK_dim/P_dom
10798,Clo1313_2499,IPR036097,UPI000038F748,HisK_dim/P_sf
10799,Clo1313_2499,IPR036641,UPI000038F748,HPT_dom_sf
10800,Clo1313_2499,IPR004358,UPI000038F748,Sig_transdc_His_kin-like_C
10801,Clo1313_2499,IPR008207,UPI000038F748,Sig_transdc_His_kin_Hpt_dom
10802,Clo1313_2499,IPR001789,UPI000038F748,Sig_transdc_resp-reg_receiver
10803,Clo1313_2499,,UPI000038F748,
10804,Clo1313_2500,IPR050351,UPI0000534DFC,BphY/WalK/GraS-like
10805,Clo1313_2500,IPR011006,UPI0000534DFC,CheY-like_superfamily
10806,Clo1313_2500,IPR036890,UPI0000534DFC,HATPase_C_sf
10807,Clo1313_2500,IPR003594,UPI0000534DFC,HATPase_dom
10808,Clo1313_2500,IPR005467,UPI0000534DFC,His_kinase_dom
10809,Clo1313_2500,IPR003661,UPI0000534DFC,HisK_dim/P_dom
10810,Clo1313_2500,IPR036097,UPI0000534DFC,HisK_dim/P_sf
10811,Clo1313_2500,IPR004358,UPI0000534DFC,Sig_transdc_His_kin-like_C
10812,Clo1313_2500,IPR001789,UPI0000534DFC,Sig_transdc_resp-reg_receiver
10813,Clo1313_2500,,UPI0000534DFC,
10814,Clo1313_2502,IPR012854,UPI0001B1ED56,Cu_amine_oxidase-like_N
10815,Clo1313_2502,IPR036582,UPI0001B1ED56,Mao_N_sf
10816,Clo1313_2502,,UPI0001B1ED56,
10817,Clo1313_2503,,UPI0001B1ED55,
10818,Clo1313_2504,,UPI0001F32992,
10819,Clo1313_2523,,UPI00003C8C73,
10820,Clo1313_2511,,UPI0001B1EFB3,
10821,Clo1313_2520,,UPI0001F32998,
10822,Clo1313_2522,IPR039365,UPI00003C8D4A,IS701-like
10823,Clo1313_2522,IPR038721,UPI00003C8D4A,IS701-like_DDE_dom
10824,Clo1313_2522,IPR012337,UPI00003C8D4A,RNaseH-like_sf
10825,Clo1313_2522,,UPI00003C8D4A,
10826,Clo1313_2524,,UPI0001F329C7,
10827,Clo1313_2525,IPR012854,UPI00003C8C76,Cu_amine_oxidase-like_N
10828,Clo1313_2525,IPR036582,UPI00003C8C76,Mao_N_sf
10829,Clo1313_2525,,UPI00003C8C76,
10830,Clo1313_2526,,UPI00003C8C77,
10831,Clo1313_2528,,UPI0001B1EFE2,
10832,Clo1313_2529,,UPI000038F74C,
10833,Clo1313_2530,IPR003305,UPI00000BCF50,CenC_carb-bd
10834,Clo1313_2530,IPR002105,UPI00000BCF50,Dockerin_1_rpt
10835,Clo1313_2530,IPR016134,UPI00000BCF50,Dockerin_dom
10836,Clo1313_2530,IPR036439,UPI00000BCF50,Dockerin_dom_sf
10837,Clo1313_2530,IPR018247,UPI00000BCF50,EF_Hand_1_Ca_BS
10838,Clo1313_2530,IPR008979,UPI00000BCF50,Galactose-bd-like_sf
10839,Clo1313_2530,IPR017853,UPI00000BCF50,GH_hydrolase_sf
10840,Clo1313_2530,IPR044846,UPI00000BCF50,GH10
10841,Clo1313_2530,IPR001000,UPI00000BCF50,GH10_dom
10842,Clo1313_2530,,UPI00000BCF50,
10843,Clo1313_2531,IPR013785,UPI000038F74E,Aldolase_TIM
10844,Clo1313_2531,IPR010722,UPI000038F74E,BATS_dom
10845,Clo1313_2531,IPR006638,UPI000038F74E,Elp3/MiaA/NifB-like_rSAM
10846,Clo1313_2531,IPR024021,UPI000038F74E,FeFe-hyd_HydE_rSAM
10847,Clo1313_2531,IPR034422,UPI000038F74E,HydE/PylB-like
10848,Clo1313_2531,IPR007197,UPI000038F74E,rSAM
10849,Clo1313_2531,IPR058240,UPI000038F74E,rSAM_sf
10850,Clo1313_2531,,UPI000038F74E,
10851,Clo1313_2532,IPR005856,UPI0001F329C8,Cys_synth
10852,Clo1313_2532,IPR050214,UPI0001F329C8,Cys_Synth/Cystath_Beta-Synth
10853,Clo1313_2532,IPR005859,UPI0001F329C8,CysK
10854,Clo1313_2532,IPR001216,UPI0001F329C8,P-phosphate_BS
10855,Clo1313_2532,IPR001926,UPI0001F329C8,TrpB-like_PALP
10856,Clo1313_2532,IPR036052,UPI0001F329C8,TrpB-like_PALP_sf
10857,Clo1313_2532,,UPI0001F329C8,
10858,Clo1313_2533,IPR005232,UPI0000F2190A,LarE-like
10859,Clo1313_2533,IPR022310,UPI0000F2190A,NAD/GMP_synthase
10860,Clo1313_2533,IPR052188,UPI0000F2190A,Ni-pincer_cofactor_biosynth
10861,Clo1313_2533,IPR014729,UPI0000F2190A,Rossmann-like_a/b/a_fold
10862,Clo1313_2533,,UPI0000F2190A,
10863,Clo1313_2534,IPR000277,UPI000053380E,Cys/Met-Metab_PyrdxlP-dep_enz
10864,Clo1313_2534,IPR054542,UPI000053380E,Cys_met_metab_PP
10865,Clo1313_2534,IPR006235,UPI000053380E,OAc-hSer/O-AcSer_sulfhydrylase
10866,Clo1313_2534,IPR015424,UPI000053380E,PyrdxlP-dep_Trfase
10867,Clo1313_2534,IPR015421,UPI000053380E,PyrdxlP-dep_Trfase_major
10868,Clo1313_2534,IPR015422,UPI000053380E,PyrdxlP-dep_Trfase_small
10869,Clo1313_2534,,UPI000053380E,
10870,Clo1313_2535,IPR030489,UPI0001B1EFE1,TR_Rrf2-type_CS
10871,Clo1313_2535,IPR000944,UPI0001B1EFE1,Tscrpt_reg_Rrf2
10872,Clo1313_2535,IPR036388,UPI0001B1EFE1,WH-like_DNA-bd_sf
10873,Clo1313_2535,IPR036390,UPI0001B1EFE1,WH_DNA-bd_sf
10874,Clo1313_2535,,UPI0001B1EFE1,
10875,Clo1313_2536,IPR030489,UPI0000533F8C,TR_Rrf2-type_CS
10876,Clo1313_2536,IPR000944,UPI0000533F8C,Tscrpt_reg_Rrf2
10877,Clo1313_2536,IPR036388,UPI0000533F8C,WH-like_DNA-bd_sf
10878,Clo1313_2536,IPR036390,UPI0000533F8C,WH_DNA-bd_sf
10879,Clo1313_2536,,UPI0000533F8C,
10880,Clo1313_2537,IPR029062,UPI00003C90AE,Class_I_gatase-like
10881,Clo1313_2537,IPR005697,UPI00003C90AE,HST_MetA
10882,Clo1313_2537,IPR033752,UPI00003C90AE,MetA_family
10883,Clo1313_2537,,UPI00003C90AE,
10884,Clo1313_2538,IPR050351,UPI0001B1EFE0,BphY/WalK/GraS-like
10885,Clo1313_2538,IPR003660,UPI0001B1EFE0,HAMP_dom
10886,Clo1313_2538,IPR036890,UPI0001B1EFE0,HATPase_C_sf
10887,Clo1313_2538,IPR003594,UPI0001B1EFE0,HATPase_dom
10888,Clo1313_2538,IPR005467,UPI0001B1EFE0,His_kinase_dom
10889,Clo1313_2538,IPR003661,UPI0001B1EFE0,HisK_dim/P_dom
10890,Clo1313_2538,IPR036097,UPI0001B1EFE0,HisK_dim/P_sf
10891,Clo1313_2538,IPR004358,UPI0001B1EFE0,Sig_transdc_His_kin-like_C
10892,Clo1313_2538,,UPI0001B1EFE0,
10893,Clo1313_2539,IPR011006,UPI000038F6B9,CheY-like_superfamily
10894,Clo1313_2539,IPR001867,UPI000038F6B9,OmpR/PhoB-type_DNA-bd
10895,Clo1313_2539,IPR016032,UPI000038F6B9,Sig_transdc_resp-reg_C-effctor
10896,Clo1313_2539,IPR001789,UPI000038F6B9,Sig_transdc_resp-reg_receiver
10897,Clo1313_2539,IPR039420,UPI000038F6B9,WalR-like
10898,Clo1313_2539,IPR036388,UPI000038F6B9,WH-like_DNA-bd_sf
10899,Clo1313_2539,,UPI000038F6B9,
10900,Clo1313_2540,IPR023299,UPI00003C90B0,ATPase_P-typ_cyto_dom_N
10901,Clo1313_2540,IPR018303,UPI00003C90B0,ATPase_P-typ_P_site
10902,Clo1313_2540,IPR023298,UPI00003C90B0,ATPase_P-typ_TM_dom_sf
10903,Clo1313_2540,IPR008250,UPI00003C90B0,ATPase_P-typ_transduc_dom_A_sf
10904,Clo1313_2540,IPR059000,UPI00003C90B0,ATPase_P-type_domA
10905,Clo1313_2540,IPR036412,UPI00003C90B0,HAD-like_sf
10906,Clo1313_2540,IPR023214,UPI00003C90B0,HAD_sf
10907,Clo1313_2540,IPR017969,UPI00003C90B0,Heavy-metal-associated_CS
10908,Clo1313_2540,IPR006121,UPI00003C90B0,HMA_dom
10909,Clo1313_2540,IPR036163,UPI00003C90B0,HMA_dom_sf
10910,Clo1313_2540,IPR027256,UPI00003C90B0,P-typ_ATPase_IB
10911,Clo1313_2540,IPR001757,UPI00003C90B0,P_typ_ATPase
10912,Clo1313_2540,IPR044492,UPI00003C90B0,P_typ_ATPase_HD_dom
10913,Clo1313_2540,,UPI00003C90B0,
10914,Clo1313_2541,IPR008972,UPI0001B1EFDF,Cupredoxin
10915,Clo1313_2541,IPR017969,UPI0001B1EFDF,Heavy-metal-associated_CS
10916,Clo1313_2541,IPR006121,UPI0001B1EFDF,HMA_dom
10917,Clo1313_2541,IPR036163,UPI0001B1EFDF,HMA_dom_sf
10918,Clo1313_2541,IPR039447,UPI0001B1EFDF,UreH-like_TM_dom
10919,Clo1313_2541,,UPI0001B1EFDF,
10920,Clo1313_2542,IPR018758,UPI00003C90B2,FtrD-like
10921,Clo1313_2542,,UPI00003C90B2,
10922,Clo1313_2543,IPR010540,UPI0000533F96,CmpB_TMEM229
10923,Clo1313_2543,,UPI0000533F96,
10924,Clo1313_2544,IPR000397,UPI00003C90B4,Heat_shock_Hsp33
10925,Clo1313_2544,IPR016154,UPI00003C90B4,Heat_shock_Hsp33_C
10926,Clo1313_2544,IPR016153,UPI00003C90B4,Heat_shock_Hsp33_N
10927,Clo1313_2544,,UPI00003C90B4,
10928,Clo1313_2545,IPR012156,UPI00003C90B5,Cold_shock_CspA
10929,Clo1313_2545,IPR050181,UPI00003C90B5,Cold_shock_domain
10930,Clo1313_2545,IPR011129,UPI00003C90B5,CSD
10931,Clo1313_2545,IPR019844,UPI00003C90B5,CSD_CS
10932,Clo1313_2545,IPR002059,UPI00003C90B5,CSP_DNA-bd
10933,Clo1313_2545,IPR012340,UPI00003C90B5,NA-bd_OB-fold
10934,Clo1313_2545,,UPI00003C90B5,
10935,Clo1313_2546,IPR052520,UPI00003C90B6,ATL_DNA_repair
10936,Clo1313_2546,IPR001497,UPI00003C90B6,MethylDNA_cys_MeTrfase_AS
10937,Clo1313_2546,IPR014048,UPI00003C90B6,MethylDNA_cys_MeTrfase_DNA-bd
10938,Clo1313_2546,IPR036217,UPI00003C90B6,MethylDNA_cys_MeTrfase_DNAb
10939,Clo1313_2546,IPR036388,UPI00003C90B6,WH-like_DNA-bd_sf
10940,Clo1313_2546,,UPI00003C90B6,
10941,Clo1313_2548,IPR001448,UPI0000F21910,SASP_alpha/beta-type
10942,Clo1313_2548,IPR038300,UPI0000F21910,SASP_sf_alpha/beta
10943,Clo1313_2548,,UPI0000F21910,
10944,Clo1313_2549,IPR029045,UPI0000F21911,ClpP/crotonase-like_dom_sf
10945,Clo1313_2549,IPR055210,UPI0000F21911,CtpA/B_N
10946,Clo1313_2549,IPR001478,UPI0000F21911,PDZ
10947,Clo1313_2549,IPR041489,UPI0000F21911,PDZ_6
10948,Clo1313_2549,IPR036034,UPI0000F21911,PDZ_sf
10949,Clo1313_2549,IPR004447,UPI0000F21911,Peptidase_S41A
10950,Clo1313_2549,IPR005151,UPI0000F21911,Tail-specific_protease
10951,Clo1313_2549,,UPI0000F21911,
10952,Clo1313_2550,IPR050570,UPI0000F21912,Cell_wall_metabolism_enzyme
10953,Clo1313_2550,IPR011055,UPI0000F21912,Dup_hybrid_motif
10954,Clo1313_2550,IPR016047,UPI0000F21912,M23ase_b-sheet_dom
10955,Clo1313_2550,IPR057309,UPI0000F21912,PcsB_CC
10956,Clo1313_2550,,UPI0000F21912,
10957,Clo1313_2551,IPR003838,UPI0000F21913,ABC3_permease_C
10958,Clo1313_2551,IPR004513,UPI0000F21913,FtsX
10959,Clo1313_2551,IPR040690,UPI0000F21913,FtsX_ECD
10960,Clo1313_2551,IPR058204,UPI0000F21913,FtsX_firmicutes-type
10961,Clo1313_2551,,UPI0000F21913,
10962,Clo1313_2552,IPR003593,UPI0000F21914,AAA+_ATPase
10963,Clo1313_2552,IPR003439,UPI0000F21914,ABC_transporter-like_ATP-bd
10964,Clo1313_2552,IPR017871,UPI0000F21914,ABC_transporter-like_CS
10965,Clo1313_2552,IPR015854,UPI0000F21914,ABC_transpr_LolD-like
10966,Clo1313_2552,IPR005286,UPI0000F21914,Cell_div_FtsE
10967,Clo1313_2552,IPR027417,UPI0000F21914,P-loop_NTPase
10968,Clo1313_2552,,UPI0000F21914,
10969,Clo1313_2553,IPR051448,UPI00003C8FDE,CdaR-like_regulators
10970,Clo1313_2553,IPR041522,UPI00003C8FDE,CdaR_GGDEF
10971,Clo1313_2553,IPR008599,UPI00003C8FDE,Diacid_rec
10972,Clo1313_2553,IPR009057,UPI00003C8FDE,Homeodomain-like_sf
10973,Clo1313_2553,IPR025736,UPI00003C8FDE,PucR_C-HTH_dom
10974,Clo1313_2553,IPR042070,UPI00003C8FDE,PucR_C-HTH_sf
10975,Clo1313_2553,,UPI00003C8FDE,
10976,Clo1313_2554,IPR003593,UPI00003C8FDF,AAA+_ATPase
10977,Clo1313_2554,IPR003439,UPI00003C8FDF,ABC_transporter-like_ATP-bd
10978,Clo1313_2554,IPR017871,UPI00003C8FDF,ABC_transporter-like_CS
10979,Clo1313_2554,IPR015855,UPI00003C8FDF,ABC_transpr_MalK-like
10980,Clo1313_2554,IPR047641,UPI00003C8FDF,ABC_transpr_MalK/UgpC-like
10981,Clo1313_2554,IPR008995,UPI00003C8FDF,Mo/tungstate-bd_C_term_dom
10982,Clo1313_2554,IPR012340,UPI00003C8FDF,NA-bd_OB-fold
10983,Clo1313_2554,IPR040582,UPI00003C8FDF,OB_MalK-like
10984,Clo1313_2554,IPR027417,UPI00003C8FDF,P-loop_NTPase
10985,Clo1313_2554,IPR005116,UPI00003C8FDF,Transp-assoc_OB_typ1
10986,Clo1313_2554,,UPI00003C8FDF,
10987,Clo1313_2555,IPR050085,UPI0001B1EFDE,AGPR
10988,Clo1313_2555,IPR023013,UPI0001B1EFDE,AGPR_AS
10989,Clo1313_2555,IPR058924,UPI0001B1EFDE,AGPR_dimerisation_dom
10990,Clo1313_2555,IPR000706,UPI0001B1EFDE,AGPR_type-1
10991,Clo1313_2555,IPR036291,UPI0001B1EFDE,NAD(P)-bd_dom_sf
10992,Clo1313_2555,IPR000534,UPI0001B1EFDE,Semialdehyde_DH_NAD-bd
10993,Clo1313_2555,,UPI0001B1EFDE,
10994,Clo1313_2556,IPR036393,UPI0000537247,AceGlu_kinase-like_sf
10995,Clo1313_2556,IPR004662,UPI0000537247,AcgluKinase_fam
10996,Clo1313_2556,IPR037528,UPI0000537247,ArgB
10997,Clo1313_2556,IPR001048,UPI0000537247,Asp/Glu/Uridylate_kinase
10998,Clo1313_2556,IPR001057,UPI0000537247,Glu/AcGlu_kinase
10999,Clo1313_2556,IPR041727,UPI0000537247,NAGK-C
11000,Clo1313_2556,,UPI0000537247,
11001,Clo1313_2557,IPR009875,UPI0000533F45,PilZ_domain
11002,Clo1313_2557,,UPI0000533F45,
11003,Clo1313_2558,IPR004636,UPI00017E2E2C,AcOrn/SuccOrn_fam
11004,Clo1313_2558,IPR005814,UPI00017E2E2C,Aminotrans_3
11005,Clo1313_2558,IPR049704,UPI00017E2E2C,Aminotrans_3_PPA_site
11006,Clo1313_2558,IPR050103,UPI00017E2E2C,Class-III_PLP-dep_AT
11007,Clo1313_2558,IPR015424,UPI00017E2E2C,PyrdxlP-dep_Trfase
11008,Clo1313_2558,IPR015421,UPI00017E2E2C,PyrdxlP-dep_Trfase_major
11009,Clo1313_2558,IPR015422,UPI00017E2E2C,PyrdxlP-dep_Trfase_small
11010,Clo1313_2558,,UPI00017E2E2C,
11011,Clo1313_2559,IPR050472,UPI00017E2E2B,Anth_synth/Amidotransfase
11012,Clo1313_2559,IPR006274,UPI00017E2E2B,CarbamoylP_synth_ssu
11013,Clo1313_2559,IPR002474,UPI00017E2E2B,CarbamoylP_synth_ssu_N
11014,Clo1313_2559,IPR036480,UPI00017E2E2B,CarbP_synth_ssu_N_sf
11015,Clo1313_2559,IPR029062,UPI00017E2E2B,Class_I_gatase-like
11016,Clo1313_2559,IPR035686,UPI00017E2E2B,CPSase_GATase1
11017,Clo1313_2559,IPR017926,UPI00017E2E2B,GATASE
11018,Clo1313_2559,,UPI00017E2E2B,
11019,Clo1313_2560,IPR011761,UPI0000532219,ATP-grasp
11020,Clo1313_2560,IPR013815,UPI0000532219,ATP_grasp_subdomain_1
11021,Clo1313_2560,IPR036897,UPI0000532219,CarbamoylP_synth_lsu_oligo_sf
11022,Clo1313_2560,IPR005479,UPI0000532219,CPAse_ATP-bd
11023,Clo1313_2560,IPR005483,UPI0000532219,CPSase_dom
11024,Clo1313_2560,IPR006275,UPI0000532219,CPSase_lsu
11025,Clo1313_2560,IPR005480,UPI0000532219,CPSase_lsu_oligo
11026,Clo1313_2560,IPR058047,UPI0000532219,CPSase_preATP-grasp
11027,Clo1313_2560,IPR011607,UPI0000532219,MGS-like_dom
11028,Clo1313_2560,IPR036914,UPI0000532219,MGS-like_dom_sf
11029,Clo1313_2560,IPR033937,UPI0000532219,MGS_CPS_CarB
11030,Clo1313_2560,IPR016185,UPI0000532219,PreATP-grasp_dom_sf
11031,Clo1313_2560,,UPI0000532219,
11032,Clo1313_2561,IPR006132,UPI000038FB9A,Asp/Orn_carbamoyltranf_P-bd
11033,Clo1313_2561,IPR006130,UPI000038FB9A,Asp/Orn_carbamoylTrfase
11034,Clo1313_2561,IPR036901,UPI000038FB9A,Asp/Orn_carbamoylTrfase_sf
11035,Clo1313_2561,IPR006131,UPI000038FB9A,Asp_carbamoyltransf_Asp/Orn-bd
11036,Clo1313_2561,IPR002292,UPI000038FB9A,Orn/put_carbamltrans
11037,Clo1313_2561,IPR024904,UPI000038FB9A,OTCase_ArgI
11038,Clo1313_2561,,UPI000038FB9A,
11039,Clo1313_2562,IPR016181,UPI000038FB99,Acyl_CoA_acyltransferase
11040,Clo1313_2562,IPR050832,UPI000038FB99,Bact_Acetyltransf
11041,Clo1313_2562,IPR000182,UPI000038FB99,GNAT_dom
11042,Clo1313_2562,,UPI000038FB99,
11043,Clo1313_2563,IPR025668,UPI0001F329F1,Tnp_DDE_dom
11044,Clo1313_2563,,UPI0001F329F1,
11045,Clo1313_2564,IPR002105,UPI0001F329F2,Dockerin_1_rpt
11046,Clo1313_2564,IPR016134,UPI0001F329F2,Dockerin_dom
11047,Clo1313_2564,IPR036439,UPI0001F329F2,Dockerin_dom_sf
11048,Clo1313_2564,IPR018247,UPI0001F329F2,EF_Hand_1_Ca_BS
11049,Clo1313_2564,IPR013783,UPI0001F329F2,Ig-like_fold
11050,Clo1313_2564,IPR026906,UPI0001F329F2,LRR_5
11051,Clo1313_2564,IPR032675,UPI0001F329F2,LRR_dom_sf
11052,Clo1313_2564,,UPI0001F329F2,
11053,Clo1313_2565,,UPI00017E2C9A,
11054,Clo1313_2567,IPR047928,UPI00003C8D35,Perm_prefix_1
11055,Clo1313_2567,,UPI00003C8D35,
11056,Clo1313_2569,IPR004843,UPI000038FC1C,Calcineurin-like_PHP
11057,Clo1313_2569,IPR029052,UPI000038FC1C,Metallo-depent_PP-like
11058,Clo1313_2569,IPR051158,UPI000038FC1C,Metallophosphoesterase
11059,Clo1313_2569,,UPI000038FC1C,
11060,Clo1313_2570,,UPI00017E2C97,
11061,Clo1313_2572,IPR052179,UPI0001B1EF6E,DD-CPase-like
11062,Clo1313_2572,IPR003709,UPI0001B1EF6E,VanY-like_core_dom
11063,Clo1313_2572,IPR058193,UPI0001B1EF6E,VanY/YodJ_core_dom
11064,Clo1313_2572,IPR009045,UPI0001B1EF6E,Zn_M74/Hedgehog-like
11065,Clo1313_2572,,UPI0001B1EF6E,
11066,Clo1313_2575,IPR050214,UPI00017E2C96,Cys_Synth/Cystath_Beta-Synth
11067,Clo1313_2575,IPR001926,UPI00017E2C96,TrpB-like_PALP
11068,Clo1313_2575,IPR036052,UPI00017E2C96,TrpB-like_PALP_sf
11069,Clo1313_2575,,UPI00017E2C96,
11070,Clo1313_2576,IPR011330,UPI00003C8F72,Glyco_hydro/deAcase_b/a-brl
11071,Clo1313_2576,IPR002509,UPI00003C8F72,NODB_dom
11072,Clo1313_2576,IPR050248,UPI00003C8F72,Polysacc_deacetylase_ArnD
11073,Clo1313_2576,,UPI00003C8F72,
11074,Clo1313_2577,IPR010071,UPI0001F329F4,AA_adenyl_dom
11075,Clo1313_2577,IPR029058,UPI0001F329F4,AB_hydrolase_fold
11076,Clo1313_2577,IPR036736,UPI0001F329F4,ACP-like_sf
11077,Clo1313_2577,IPR025110,UPI0001F329F4,AMP-bd_C
11078,Clo1313_2577,IPR045851,UPI0001F329F4,AMP-b_sf
11079,Clo1313_2577,IPR020845,UPI0001F329F4,AMP-binding_CS
11080,Clo1313_2577,IPR000873,UPI0001F329F4,AMP-dep_synth/lig_dom
11081,Clo1313_2577,IPR023213,UPI0001F329F4,CAT-like_dom_sf
11082,Clo1313_2577,IPR001242,UPI0001F329F4,Condensation_dom
11083,Clo1313_2577,IPR011701,UPI0001F329F4,MFS
11084,Clo1313_2577,IPR020846,UPI0001F329F4,MFS_dom
11085,Clo1313_2577,IPR036259,UPI0001F329F4,MFS_trans_sf
11086,Clo1313_2577,IPR009081,UPI0001F329F4,PP-bd_ACP
11087,Clo1313_2577,IPR001031,UPI0001F329F4,Thioesterase
11088,Clo1313_2577,,UPI0001F329F4,
11089,Clo1313_2578,IPR010610,UPI0001B1EDFC,EryCIII-like_C
11090,Clo1313_2578,IPR050426,UPI0001B1EDFC,Glycosyltransferase_28
11091,Clo1313_2578,IPR004276,UPI0001B1EDFC,GlycoTrans_28_N
11092,Clo1313_2578,IPR002213,UPI0001B1EDFC,UDP_glucos_trans
11093,Clo1313_2578,,UPI0001B1EDFC,
11094,Clo1313_2579,IPR010610,UPI00003C8F70,EryCIII-like_C
11095,Clo1313_2579,IPR050426,UPI00003C8F70,Glycosyltransferase_28
11096,Clo1313_2579,IPR004276,UPI00003C8F70,GlycoTrans_28_N
11097,Clo1313_2579,IPR002213,UPI00003C8F70,UDP_glucos_trans
11098,Clo1313_2579,,UPI00003C8F70,
11099,Clo1313_2580,IPR010071,UPI0001B1EDFB,AA_adenyl_dom
11100,Clo1313_2580,IPR036736,UPI0001B1EDFB,ACP-like_sf
11101,Clo1313_2580,IPR025110,UPI0001B1EDFB,AMP-bd_C
11102,Clo1313_2580,IPR045851,UPI0001B1EDFB,AMP-b_sf
11103,Clo1313_2580,IPR020845,UPI0001B1EDFB,AMP-binding_CS
11104,Clo1313_2580,IPR000873,UPI0001B1EDFB,AMP-dep_synth/lig_dom
11105,Clo1313_2580,IPR009081,UPI0001B1EDFB,PP-bd_ACP
11106,Clo1313_2580,,UPI0001B1EDFB,
11107,Clo1313_2581,IPR012854,UPI00017E2B02,Cu_amine_oxidase-like_N
11108,Clo1313_2581,IPR036582,UPI00017E2B02,Mao_N_sf
11109,Clo1313_2581,IPR011990,UPI00017E2B02,TPR-like_helical_dom_sf
11110,Clo1313_2581,IPR019734,UPI00017E2B02,TPR_rpt
11111,Clo1313_2581,,UPI00017E2B02,
11112,Clo1313_2582,IPR012854,UPI0001F329F5,Cu_amine_oxidase-like_N
11113,Clo1313_2582,IPR036582,UPI0001F329F5,Mao_N_sf
11114,Clo1313_2582,IPR011990,UPI0001F329F5,TPR-like_helical_dom_sf
11115,Clo1313_2582,,UPI0001F329F5,
11116,Clo1313_2583,,UPI00017E2B00,
11117,Clo1313_2584,IPR005084,UPI0001B1EDF9,CBM6
11118,Clo1313_2584,IPR006584,UPI0001B1EDF9,Cellulose-bd_IV
11119,Clo1313_2584,IPR008979,UPI0001B1EDF9,Galactose-bd-like_sf
11120,Clo1313_2584,IPR001119,UPI0001B1EDF9,SLH_dom
11121,Clo1313_2584,,UPI0001B1EDF9,
11122,Clo1313_2586,IPR012854,UPI0000F2192A,Cu_amine_oxidase-like_N
11123,Clo1313_2586,IPR036582,UPI0000F2192A,Mao_N_sf
11124,Clo1313_2586,,UPI0000F2192A,
11125,Clo1313_2587,IPR035952,UPI0000F2192B,Rhomboid-like_sf
11126,Clo1313_2587,,UPI0000F2192B,
11127,Clo1313_2588,IPR028994,UPI0000F2192C,Integrin_alpha_N
11128,Clo1313_2588,IPR011990,UPI0000F2192C,TPR-like_helical_dom_sf
11129,Clo1313_2588,IPR019734,UPI0000F2192C,TPR_rpt
11130,Clo1313_2588,,UPI0000F2192C,
11131,Clo1313_2589,IPR003660,UPI0001B1EE41,HAMP_dom
11132,Clo1313_2589,IPR036890,UPI0001B1EE41,HATPase_C_sf
11133,Clo1313_2589,IPR003594,UPI0001B1EE41,HATPase_dom
11134,Clo1313_2589,IPR005467,UPI0001B1EE41,His_kinase_dom
11135,Clo1313_2589,IPR003661,UPI0001B1EE41,HisK_dim/P_dom
11136,Clo1313_2589,IPR036097,UPI0001B1EE41,HisK_dim/P_sf
11137,Clo1313_2589,IPR050398,UPI0001B1EE41,HssS/ArlS-like
11138,Clo1313_2589,IPR029151,UPI0001B1EE41,Sensor-like_sf
11139,Clo1313_2589,IPR004358,UPI0001B1EE41,Sig_transdc_His_kin-like_C
11140,Clo1313_2589,,UPI0001B1EE41,
11141,Clo1313_2590,IPR011006,UPI000038FDC0,CheY-like_superfamily
11142,Clo1313_2590,IPR001867,UPI000038FDC0,OmpR/PhoB-type_DNA-bd
11143,Clo1313_2590,IPR001789,UPI000038FDC0,Sig_transdc_resp-reg_receiver
11144,Clo1313_2590,IPR039420,UPI000038FDC0,WalR-like
11145,Clo1313_2590,IPR036388,UPI000038FDC0,WH-like_DNA-bd_sf
11146,Clo1313_2590,,UPI000038FDC0,
11147,Clo1313_2591,IPR006068,UPI0001B1EE00,ATPase_P-typ_cation-transptr_C
11148,Clo1313_2591,IPR004014,UPI0001B1EE00,ATPase_P-typ_cation-transptr_N
11149,Clo1313_2591,IPR023299,UPI0001B1EE00,ATPase_P-typ_cyto_dom_N
11150,Clo1313_2591,IPR018303,UPI0001B1EE00,ATPase_P-typ_P_site
11151,Clo1313_2591,IPR023298,UPI0001B1EE00,ATPase_P-typ_TM_dom_sf
11152,Clo1313_2591,IPR008250,UPI0001B1EE00,ATPase_P-typ_transduc_dom_A_sf
11153,Clo1313_2591,IPR059000,UPI0001B1EE00,ATPase_P-type_domA
11154,Clo1313_2591,IPR050510,UPI0001B1EE00,Cation_transp_ATPase_P-type
11155,Clo1313_2591,IPR036412,UPI0001B1EE00,HAD-like_sf
11156,Clo1313_2591,IPR023214,UPI0001B1EE00,HAD_sf
11157,Clo1313_2591,IPR001757,UPI0001B1EE00,P_typ_ATPase
11158,Clo1313_2591,IPR044492,UPI0001B1EE00,P_typ_ATPase_HD_dom
11159,Clo1313_2591,,UPI0001B1EE00,
11160,Clo1313_2592,IPR000310,UPI0001B1EDFF,Orn/Lys/Arg_deCO2ase_major_dom
11161,Clo1313_2592,IPR052357,UPI0001B1EDFF,Orn_Lys_Arg_decarboxylase-I
11162,Clo1313_2592,IPR008286,UPI0001B1EDFF,Prn/Lys/Arg_de-COase_C
11163,Clo1313_2592,IPR036633,UPI0001B1EDFF,Prn/Lys/Arg_de-COase_C_sf
11164,Clo1313_2592,IPR015424,UPI0001B1EDFF,PyrdxlP-dep_Trfase
11165,Clo1313_2592,IPR015421,UPI0001B1EDFF,PyrdxlP-dep_Trfase_major
11166,Clo1313_2592,,UPI0001B1EDFF,
11167,Clo1313_2593,IPR045865,UPI00003C8E94,ACT-like_dom_sf
11168,Clo1313_2593,IPR002912,UPI00003C8E94,ACT_dom
11169,Clo1313_2593,IPR003416,UPI00003C8E94,MgtC/SapB/SrpB/YhiD_fam
11170,Clo1313_2593,IPR049177,UPI00003C8E94,MgtC_SapB_SrpB_YhiD_N
11171,Clo1313_2593,,UPI00003C8E94,
11172,Clo1313_2594,IPR014202,UPI00017E35E5,Spore_II_R
11173,Clo1313_2594,,UPI00017E35E5,
11174,Clo1313_2595,IPR052509,UPI00003C8E95,Metal_resp_DNA-bind_regulator
11175,Clo1313_2595,IPR005149,UPI00003C8E95,Tscrpt_reg_PadR_N
11176,Clo1313_2595,IPR036388,UPI00003C8E95,WH-like_DNA-bd_sf
11177,Clo1313_2595,IPR036390,UPI00003C8E95,WH_DNA-bd_sf
11178,Clo1313_2595,,UPI00003C8E95,
11179,Clo1313_2596,IPR047928,UPI000038FE2C,Perm_prefix_1
11180,Clo1313_2596,,UPI000038FE2C,
11181,Clo1313_2597,IPR029062,UPI00003C8E96,Class_I_gatase-like
11182,Clo1313_2597,IPR004468,UPI00003C8E96,CTP_synthase
11183,Clo1313_2597,IPR017456,UPI00003C8E96,CTP_synthase_N
11184,Clo1313_2597,IPR017926,UPI00003C8E96,GATASE
11185,Clo1313_2597,IPR033828,UPI00003C8E96,GATase1_CTP_Synthase
11186,Clo1313_2597,IPR027417,UPI00003C8E96,P-loop_NTPase
11187,Clo1313_2597,,UPI00003C8E96,
11188,Clo1313_2599,,UPI00017E35EA,
11189,Clo1313_2600,IPR003587,UPI0001F32A22,Hint_dom_N
11190,Clo1313_2600,IPR036844,UPI0001F32A22,Hint_dom_sf
11191,Clo1313_2600,IPR006141,UPI0001F32A22,Intein_N
11192,Clo1313_2600,,UPI0001F32A22,
11193,Clo1313_2601,IPR029045,UPI000038FCFC,ClpP/crotonase-like_dom_sf
11194,Clo1313_2601,IPR001478,UPI000038FCFC,PDZ
11195,Clo1313_2601,IPR041489,UPI000038FCFC,PDZ_6
11196,Clo1313_2601,IPR036034,UPI000038FCFC,PDZ_sf
11197,Clo1313_2601,IPR004447,UPI000038FCFC,Peptidase_S41A
11198,Clo1313_2601,IPR002477,UPI000038FCFC,Peptidoglycan-bd-like
11199,Clo1313_2601,IPR036365,UPI000038FCFC,PGBD-like_sf
11200,Clo1313_2601,IPR036366,UPI000038FCFC,PGBDSf
11201,Clo1313_2601,IPR005151,UPI000038FCFC,Tail-specific_protease
11202,Clo1313_2601,,UPI000038FCFC,
11203,Clo1313_2602,IPR001119,UPI00003C8E9E,SLH_dom
11204,Clo1313_2602,,UPI00003C8E9E,
11205,Clo1313_2603,IPR001119,UPI0001B1ED7D,SLH_dom
11206,Clo1313_2603,,UPI0001B1ED7D,
11207,Clo1313_2604,IPR036866,UPI0000532D6D,RibonucZ/Hydroxyglut_hydro
11208,Clo1313_2604,,UPI0000532D6D,
11209,Clo1313_2605,IPR003675,UPI000038FE0C,Rce1/LyrA-like_dom
11210,Clo1313_2605,,UPI000038FE0C,
11211,Clo1313_2606,IPR001412,UPI00003C8EA1,aa-tRNA-synth_I_CS
11212,Clo1313_2606,IPR001278,UPI00003C8EA1,Arg-tRNA-ligase
11213,Clo1313_2606,IPR005148,UPI00003C8EA1,Arg-tRNA-synth_N
11214,Clo1313_2606,IPR036695,UPI00003C8EA1,Arg-tRNA-synth_N_sf
11215,Clo1313_2606,IPR035684,UPI00003C8EA1,ArgRS_core
11216,Clo1313_2606,IPR008909,UPI00003C8EA1,DALR_anticod-bd
11217,Clo1313_2606,IPR014729,UPI00003C8EA1,Rossmann-like_a/b/a_fold
11218,Clo1313_2606,IPR009080,UPI00003C8EA1,tRNAsynth_Ia_anticodon-bd
11219,Clo1313_2606,,UPI00003C8EA1,
11220,Clo1313_2607,IPR012674,UPI0000533496,Calycin
11221,Clo1313_2607,IPR015231,UPI0000533496,DUF1934
11222,Clo1313_2607,,UPI0000533496,
11223,Clo1313_2608,IPR015942,UPI00003C8EA3,Asp/Glu/hydantoin_racemase
11224,Clo1313_2608,IPR001920,UPI00003C8EA3,Asp/Glu_race
11225,Clo1313_2608,IPR018187,UPI00003C8EA3,Asp/Glu_racemase_AS_1
11226,Clo1313_2608,IPR033134,UPI00003C8EA3,Asp/Glu_racemase_AS_2
11227,Clo1313_2608,IPR004391,UPI00003C8EA3,Glu_race
11228,Clo1313_2608,,UPI00003C8EA3,
11229,Clo1313_2609,IPR011761,UPI0001B1ED7C,ATP-grasp
11230,Clo1313_2609,IPR013815,UPI0001B1ED7C,ATP_grasp_subdomain_1
11231,Clo1313_2609,IPR000291,UPI0001B1ED7C,D-Ala_lig_Van_CS
11232,Clo1313_2609,IPR005905,UPI0001B1ED7C,D_ala_D_ala
11233,Clo1313_2609,IPR011095,UPI0001B1ED7C,Dala_Dala_lig_C
11234,Clo1313_2609,IPR011127,UPI0001B1ED7C,Dala_Dala_lig_N
11235,Clo1313_2609,IPR016185,UPI0001B1ED7C,PreATP-grasp_dom_sf
11236,Clo1313_2609,,UPI0001B1ED7C,
11237,Clo1313_2610,IPR000644,UPI0000537DAA,CBS_dom
11238,Clo1313_2610,IPR046342,UPI0000537DAA,CBS_dom_sf
11239,Clo1313_2610,IPR006668,UPI0000537DAA,Mg_transptr_MgtE_intracell_dom
11240,Clo1313_2610,IPR038076,UPI0000537DAA,MgtE_N_sf
11241,Clo1313_2610,IPR006669,UPI0000537DAA,MgtE_transporter
11242,Clo1313_2610,IPR006667,UPI0000537DAA,SLC41_membr_dom
11243,Clo1313_2610,IPR036739,UPI0000537DAA,SLC41_membr_dom_sf
11244,Clo1313_2610,,UPI0000537DAA,
11245,Clo1313_2611,,UPI0001B1ED7B,
11246,Clo1313_2612,IPR051791,UPI000038FDAD,Pra-immunoreactive
11247,Clo1313_2612,IPR010432,UPI000038FDAD,RDD
11248,Clo1313_2612,,UPI000038FDAD,
11249,Clo1313_2613,IPR013429,UPI000038FDAE,Regulatory_FmdB_Zinc_ribbon
11250,Clo1313_2613,,UPI000038FDAE,
11251,Clo1313_2614,IPR019606,UPI0001B1ED7A,GerMN
11252,Clo1313_2614,,UPI0001B1ED7A,
11253,Clo1313_2615,IPR013785,UPI0000532D96,Aldolase_TIM
11254,Clo1313_2615,IPR011343,UPI0000532D96,DeoC
11255,Clo1313_2615,IPR002915,UPI0000532D96,DeoC/FbaB/LacD_aldolase
11256,Clo1313_2615,IPR028581,UPI0000532D96,DeoC_typeI
11257,Clo1313_2615,,UPI0000532D96,
11258,Clo1313_2616,IPR007405,UPI00003C8EA7,Phage_KVP40_Orf299
11259,Clo1313_2616,,UPI00003C8EA7,
11260,Clo1313_2617,IPR036188,UPI0001B1ED79,FAD/NAD-bd_sf
11261,Clo1313_2617,IPR023753,UPI0001B1ED79,FAD/NAD-binding_dom
11262,Clo1313_2617,IPR050097,UPI0001B1ED79,Ferredoxin-NADP_redctase_2
11263,Clo1313_2617,,UPI0001B1ED79,
11264,Clo1313_2618,IPR036188,UPI00003C8ED6,FAD/NAD-bd_sf
11265,Clo1313_2618,IPR023753,UPI00003C8ED6,FAD/NAD-binding_dom
11266,Clo1313_2618,IPR050097,UPI00003C8ED6,Ferredoxin-NADP_redctase_2
11267,Clo1313_2618,IPR005982,UPI00003C8ED6,Thioredox_Rdtase
11268,Clo1313_2618,IPR036249,UPI00003C8ED6,Thioredoxin-like_sf
11269,Clo1313_2618,IPR013766,UPI00003C8ED6,Thioredoxin_domain
11270,Clo1313_2618,,UPI00003C8ED6,
11271,Clo1313_2619,IPR000866,UPI00005369A0,AhpC/TSA
11272,Clo1313_2619,IPR036249,UPI00005369A0,Thioredoxin-like_sf
11273,Clo1313_2619,IPR017937,UPI00005369A0,Thioredoxin_CS
11274,Clo1313_2619,IPR013766,UPI00005369A0,Thioredoxin_domain
11275,Clo1313_2619,IPR050553,UPI00005369A0,Thioredoxin_ResA/DsbE_sf
11276,Clo1313_2619,,UPI00005369A0,
11277,Clo1313_2620,IPR003834,UPI00005353C5,Cyt_c_assmbl_TM_dom
11278,Clo1313_2620,IPR051790,UPI00005353C5,Cytochrome_c-biogenesis_DsbD
11279,Clo1313_2620,,UPI00005353C5,
11280,Clo1313_2621,,UPI000038FD15,
11281,Clo1313_2622,,UPI000038FD16,
11282,Clo1313_2623,,UPI00017E2492,
11283,Clo1313_2624,IPR011105,UPI0001B1ED78,Cell_wall_hydrolase_SleB
11284,Clo1313_2624,IPR002477,UPI0001B1ED78,Peptidoglycan-bd-like
11285,Clo1313_2624,IPR036365,UPI0001B1ED78,PGBD-like_sf
11286,Clo1313_2624,IPR036366,UPI0001B1ED78,PGBDSf
11287,Clo1313_2624,IPR042047,UPI0001B1ED78,SleB_dom1
11288,Clo1313_2624,IPR014224,UPI0001B1ED78,Spore_cortex_SleB
11289,Clo1313_2624,,UPI0001B1ED78,
11290,Clo1313_2625,,UPI00017E2493,
11291,Clo1313_2626,IPR041692,UPI0001B1ED75,HHH_9
11292,Clo1313_2626,IPR012340,UPI0001B1ED75,NA-bd_OB-fold
11293,Clo1313_2626,IPR050437,UPI0001B1ED75,Ribos_protein_bS1-like
11294,Clo1313_2626,IPR035104,UPI0001B1ED75,Ribosomal_protein_S1-like
11295,Clo1313_2626,IPR012337,UPI0001B1ED75,RNaseH-like_sf
11296,Clo1313_2626,IPR010994,UPI0001B1ED75,RuvA_2-like
11297,Clo1313_2626,IPR003029,UPI0001B1ED75,S1_domain
11298,Clo1313_2626,IPR044146,UPI0001B1ED75,S1_Tex
11299,Clo1313_2626,IPR055179,UPI0001B1ED75,Tex-like_central_region
11300,Clo1313_2626,IPR023323,UPI0001B1ED75,Tex-like_dom_sf
11301,Clo1313_2626,IPR023319,UPI0001B1ED75,Tex-like_HTH_dom_sf
11302,Clo1313_2626,IPR018974,UPI0001B1ED75,Tex-like_N
11303,Clo1313_2626,IPR032639,UPI0001B1ED75,Tex_YqgF
11304,Clo1313_2626,IPR006641,UPI0001B1ED75,YqgF/RNaseH-like_dom
11305,Clo1313_2626,IPR037027,UPI0001B1ED75,YqgF/RNaseH-like_dom_sf
11306,Clo1313_2626,,UPI0001B1ED75,
11307,Clo1313_2627,IPR002173,UPI00003C8ED8,Carboh/pur_kinase_PfkB_CS
11308,Clo1313_2627,IPR011611,UPI00003C8ED8,PfkB_dom
11309,Clo1313_2627,IPR029056,UPI00003C8ED8,Ribokinase-like
11310,Clo1313_2627,IPR017583,UPI00003C8ED8,Tagatose/fructose_Pkinase
11311,Clo1313_2627,,UPI00003C8ED8,
11312,Clo1313_2628,IPR050490,UPI00017E2494,Bact_solute-bd_prot1
11313,Clo1313_2628,IPR006059,UPI00017E2494,SBP
11314,Clo1313_2628,,UPI00017E2494,
11315,Clo1313_2629,,UPI00017E2495,
11316,Clo1313_2630,IPR004601,UPI000038FE57,UvdE
11317,Clo1313_2630,IPR036237,UPI000038FE57,Xyl_isomerase-like_sf
11318,Clo1313_2630,,UPI000038FE57,
11319,Clo1313_2631,IPR041698,UPI0000532090,Methyltransf_25
11320,Clo1313_2631,IPR029063,UPI0000532090,SAM-dependent_MTases_sf
11321,Clo1313_2631,,UPI0000532090,
11322,Clo1313_2632,IPR052905,UPI000038FB0E,LD-transpeptidase_YkuD-like
11323,Clo1313_2632,IPR002477,UPI000038FB0E,Peptidoglycan-bd-like
11324,Clo1313_2632,IPR036365,UPI000038FB0E,PGBD-like_sf
11325,Clo1313_2632,IPR036366,UPI000038FB0E,PGBDSf
11326,Clo1313_2632,,UPI000038FB0E,
11327,Clo1313_2633,IPR005844,UPI00017E2496,A-D-PHexomutase_a/b/a-I
11328,Clo1313_2633,IPR016055,UPI00017E2496,A-D-PHexomutase_a/b/a-I/II/III
11329,Clo1313_2633,IPR036900,UPI00017E2496,A-D-PHexomutase_C_sf
11330,Clo1313_2633,IPR056764,UPI00017E2496,LbH_EIF2B3/5
11331,Clo1313_2633,IPR050486,UPI00017E2496,Mannose-1P_guanyltransferase
11332,Clo1313_2633,IPR005835,UPI00017E2496,NTP_transferase_dom
11333,Clo1313_2633,IPR029044,UPI00017E2496,Nucleotide-diphossugar_trans
11334,Clo1313_2633,IPR011004,UPI00017E2496,Trimer_LpxA-like_sf
11335,Clo1313_2633,,UPI00017E2496,
11336,Clo1313_2634,IPR020103,UPI000038FB0C,PsdUridine_synth_cat_dom_sf
11337,Clo1313_2634,IPR006145,UPI000038FB0C,PsdUridine_synth_RsuA/RluA
11338,Clo1313_2634,IPR050188,UPI000038FB0C,RluA_PseudoU_synthase
11339,Clo1313_2634,IPR002942,UPI000038FB0C,S4_RNA-bd
11340,Clo1313_2634,IPR036986,UPI000038FB0C,S4_RNA-bd_sf
11341,Clo1313_2634,,UPI000038FB0C,
11342,Clo1313_2635,IPR029058,UPI0001B1ED40,AB_hydrolase_fold
11343,Clo1313_2635,IPR005084,UPI0001B1ED40,CBM6
11344,Clo1313_2635,IPR006584,UPI0001B1ED40,Cellulose-bd_IV
11345,Clo1313_2635,IPR002105,UPI0001B1ED40,Dockerin_1_rpt
11346,Clo1313_2635,IPR016134,UPI0001B1ED40,Dockerin_dom
11347,Clo1313_2635,IPR036439,UPI0001B1ED40,Dockerin_dom_sf
11348,Clo1313_2635,IPR018247,UPI0001B1ED40,EF_Hand_1_Ca_BS
11349,Clo1313_2635,IPR000801,UPI0001B1ED40,Esterase-like
11350,Clo1313_2635,IPR008979,UPI0001B1ED40,Galactose-bd-like_sf
11351,Clo1313_2635,IPR017853,UPI0001B1ED40,GH_hydrolase_sf
11352,Clo1313_2635,IPR044846,UPI0001B1ED40,GH10
11353,Clo1313_2635,IPR031158,UPI0001B1ED40,GH10_AS
11354,Clo1313_2635,IPR001000,UPI0001B1ED40,GH10_dom
11355,Clo1313_2635,,UPI0001B1ED40,
11356,Clo1313_2637,IPR044141,UPI00017E260F,AhpF_NTD_C
11357,Clo1313_2637,IPR044142,UPI00017E260F,AhpF_NTD_N
11358,Clo1313_2637,IPR012081,UPI00017E260F,Alkyl_hydroperoxide_Rdtase_suF
11359,Clo1313_2637,IPR036188,UPI00017E260F,FAD/NAD-bd_sf
11360,Clo1313_2637,IPR023753,UPI00017E260F,FAD/NAD-binding_dom
11361,Clo1313_2637,IPR050097,UPI00017E260F,Ferredoxin-NADP_redctase_2
11362,Clo1313_2637,IPR008255,UPI00017E260F,Pyr_nucl-diS_OxRdtase_2_AS
11363,Clo1313_2637,IPR012336,UPI00017E260F,Thioredoxin-like_fold
11364,Clo1313_2637,IPR036249,UPI00017E260F,Thioredoxin-like_sf
11365,Clo1313_2637,,UPI00017E260F,
11366,Clo1313_2638,IPR017559,UPI000038FB0A,AhpC
11367,Clo1313_2638,IPR000866,UPI000038FB0A,AhpC/TSA
11368,Clo1313_2638,IPR050217,UPI000038FB0A,Peroxiredoxin
11369,Clo1313_2638,IPR024706,UPI000038FB0A,Peroxiredoxin_AhpC-typ
11370,Clo1313_2638,IPR019479,UPI000038FB0A,Peroxiredoxin_C
11371,Clo1313_2638,IPR036249,UPI000038FB0A,Thioredoxin-like_sf
11372,Clo1313_2638,IPR013766,UPI000038FB0A,Thioredoxin_domain
11373,Clo1313_2638,,UPI000038FB0A,
11374,Clo1313_2639,,UPI00017E22F5,
11375,Clo1313_2640,IPR036689,UPI0001B1ED3F,ESAT-6-like_sf
11376,Clo1313_2640,,UPI0001B1ED3F,
11377,Clo1313_2641,IPR002543,UPI000053194A,FtsK_dom
11378,Clo1313_2641,IPR027417,UPI000053194A,P-loop_NTPase
11379,Clo1313_2641,,UPI000053194A,
11380,Clo1313_2642,IPR050206,UPI00017E22F7,FtsK/SpoIIIE/SftA
11381,Clo1313_2642,IPR002543,UPI00017E22F7,FtsK_dom
11382,Clo1313_2642,IPR027417,UPI00017E22F7,P-loop_NTPase
11383,Clo1313_2642,,UPI00017E22F7,
11384,Clo1313_2643,,UPI000038FB06,
11385,Clo1313_2644,IPR036689,UPI000038FB05,ESAT-6-like_sf
11386,Clo1313_2644,IPR010310,UPI000038FB05,T7SS_ESAT-6-like
11387,Clo1313_2644,,UPI000038FB05,
11388,Clo1313_2645,IPR036689,UPI000038FB04,ESAT-6-like_sf
11389,Clo1313_2645,IPR010310,UPI000038FB04,T7SS_ESAT-6-like
11390,Clo1313_2645,,UPI000038FB04,
11391,Clo1313_2646,,UPI00003C8EDB,
11392,Clo1313_2647,IPR011990,UPI000038FB02,TPR-like_helical_dom_sf
11393,Clo1313_2647,IPR019734,UPI000038FB02,TPR_rpt
11394,Clo1313_2647,,UPI000038FB02,
11395,Clo1313_2648,,UPI000038FB01,
11396,Clo1313_2649,,UPI00017E22F8,
11397,Clo1313_2650,,UPI00003C9049,
11398,Clo1313_2651,IPR003587,UPI0001F32A4C,Hint_dom_N
11399,Clo1313_2651,IPR036844,UPI0001F32A4C,Hint_dom_sf
11400,Clo1313_2651,IPR030934,UPI0001F32A4C,Intein_C
11401,Clo1313_2651,IPR006141,UPI0001F32A4C,Intein_N
11402,Clo1313_2651,,UPI0001F32A4C,
11403,Clo1313_2654,,UPI0001F32A4D,
11404,Clo1313_2655,,UPI00017E5A9F,
11405,Clo1313_2657,,UPI00017E5A9E,
11406,Clo1313_2658,,UPI0001B1EF7A,
11407,Clo1313_2659,IPR002525,UPI0001B1EF79,Transp_IS110-like_N
11408,Clo1313_2659,IPR047650,UPI0001B1EF79,Transpos_IS110
11409,Clo1313_2659,IPR003346,UPI0001B1EF79,Transposase_20
11410,Clo1313_2659,,UPI0001B1EF79,
11411,Clo1313_2660,IPR006119,UPI00017E4E4B,Resolv_N
11412,Clo1313_2660,IPR036162,UPI00017E4E4B,Resolvase-like_N_sf
11413,Clo1313_2660,,UPI00017E4E4B,
11414,Clo1313_2661,,UPI00017E4E4A,
11415,Clo1313_2665,,UPI00017E4A2A,
11416,Clo1313_2666,IPR003587,UPI0001F32A77,Hint_dom_N
11417,Clo1313_2666,IPR036844,UPI0001F32A77,Hint_dom_sf
11418,Clo1313_2666,IPR030934,UPI0001F32A77,Intein_C
11419,Clo1313_2666,IPR006141,UPI0001F32A77,Intein_N
11420,Clo1313_2666,IPR043519,UPI0001F32A77,NT_sf
11421,Clo1313_2666,IPR002934,UPI0001F32A77,Polymerase_NTP_transf_dom
11422,Clo1313_2666,,UPI0001F32A77,
11423,Clo1313_2667,IPR015330,UPI00017E421E,DNA_primase/pol_bifunc_N
11424,Clo1313_2667,IPR051620,UPI00017E421E,ORF904-like_C
11425,Clo1313_2667,IPR014820,UPI00017E421E,PriCT_1
11426,Clo1313_2667,,UPI00017E421E,
11427,Clo1313_2669,,UPI00017E35D8,
11428,Clo1313_2670,,UPI0000536586,
11429,Clo1313_2672,,UPI0001F32A79,
11430,Clo1313_2675,IPR046582,UPI00003C8DA5,DUF6630
11431,Clo1313_2675,,UPI00003C8DA5,
11432,Clo1313_2677,IPR028983,UPI00017E6EE4,PA2201-like_C
11433,Clo1313_2677,IPR015025,UPI00017E6EE4,PoNi_C
11434,Clo1313_2677,IPR015024,UPI00017E6EE4,PoNi_N
11435,Clo1313_2677,,UPI00017E6EE4,
11436,Clo1313_2678,IPR003587,UPI0001F32A7A,Hint_dom_N
11437,Clo1313_2678,IPR036844,UPI0001F32A7A,Hint_dom_sf
11438,Clo1313_2678,IPR030934,UPI0001F32A7A,Intein_C
11439,Clo1313_2678,IPR006141,UPI0001F32A7A,Intein_N
11440,Clo1313_2678,,UPI0001F32A7A,
11441,Clo1313_2682,,UPI00017E2FB8,
11442,Clo1313_2683,IPR003587,UPI0001B1EF7C,Hint_dom_N
11443,Clo1313_2683,IPR036844,UPI0001B1EF7C,Hint_dom_sf
11444,Clo1313_2683,IPR030934,UPI0001B1EF7C,Intein_C
11445,Clo1313_2683,IPR006141,UPI0001B1EF7C,Intein_N
11446,Clo1313_2683,,UPI0001B1EF7C,
11447,Clo1313_2684,,UPI0001B1EF7D,
11448,Clo1313_2686,IPR002686,UPI00003C90A2,Transposase_17
11449,Clo1313_2686,IPR036515,UPI00003C90A2,Transposase_17_sf
11450,Clo1313_2686,,UPI00003C90A2,
11451,Clo1313_2687,IPR044060,UPI0001F32A7B,Bacterial_rp_domain
11452,Clo1313_2687,IPR013783,UPI0001F32A7B,Ig-like_fold
11453,Clo1313_2687,,UPI0001F32A7B,
11454,Clo1313_2688,,UPI00003C8C7E,
11455,Clo1313_2691,IPR032465,UPI00017E17C5,ACMSD
11456,Clo1313_2691,IPR006680,UPI00017E17C5,Amidohydro-rel
11457,Clo1313_2691,IPR032466,UPI00017E17C5,Metal_Hydrolase
11458,Clo1313_2691,,UPI00017E17C5,
11459,Clo1313_2693,IPR002105,UPI00017E17C9,Dockerin_1_rpt
11460,Clo1313_2693,IPR016134,UPI00017E17C9,Dockerin_dom
11461,Clo1313_2693,IPR036439,UPI00017E17C9,Dockerin_dom_sf
11462,Clo1313_2693,IPR008979,UPI00017E17C9,Galactose-bd-like_sf
11463,Clo1313_2693,IPR012334,UPI00017E17C9,Pectin_lyas_fold
11464,Clo1313_2693,IPR011050,UPI00017E17C9,Pectin_lyase_fold/virulence
11465,Clo1313_2693,,UPI00017E17C9,
11466,Clo1313_2694,IPR014152,UPI0001B1EDB6,AddA
11467,Clo1313_2694,IPR014017,UPI0001B1EDB6,UvrD-like_C
11468,Clo1313_2694,IPR000212,UPI0001B1EDB6,UvrD-like
11469,Clo1313_2694,IPR027417,UPI0001B1EDB6,P-loop_NTPase
11470,Clo1313_2694,IPR011604,UPI0001B1EDB6,PDDEXK-like_dom_sf
11471,Clo1313_2694,IPR038726,UPI0001B1EDB6,PDDEXK_AddAB-type
11472,Clo1313_2694,IPR011335,UPI0001B1EDB6,Restrct_endonuc-II-like
11473,Clo1313_2694,IPR014016,UPI0001B1EDB6,UvrD-like_ATP-bd
11474,Clo1313_2694,,UPI0001B1EDB6,
11475,Clo1313_2695,IPR049035,UPI0001B1EDB5,AddB_N
11476,Clo1313_2695,IPR014140,UPI0001B1EDB5,AddB
11477,Clo1313_2695,IPR014017,UPI0001B1EDB5,UvrD-like_C
11478,Clo1313_2695,IPR027417,UPI0001B1EDB5,P-loop_NTPase
11479,Clo1313_2695,IPR011604,UPI0001B1EDB5,PDDEXK-like_dom_sf
11480,Clo1313_2695,IPR038726,UPI0001B1EDB5,PDDEXK_AddAB-type
11481,Clo1313_2695,IPR011335,UPI0001B1EDB5,Restrct_endonuc-II-like
11482,Clo1313_2695,,UPI0001B1EDB5,
11483,Clo1313_2696,,UPI00017E1968,
11484,Clo1313_2698,,UPI00017E196A,
11485,Clo1313_2702,IPR056510,UPI0001B1EFAB,WapI
11486,Clo1313_2702,,UPI0001B1EFAB,
11487,Clo1313_2703,,UPI0001B1EFAC,
11488,Clo1313_2704,IPR003587,UPI0001F328A4,Hint_dom_N
11489,Clo1313_2704,IPR036844,UPI0001F328A4,Hint_dom_sf
11490,Clo1313_2704,IPR030934,UPI0001F328A4,Intein_C
11491,Clo1313_2704,IPR006141,UPI0001F328A4,Intein_N
11492,Clo1313_2704,,UPI0001F328A4,
11493,Clo1313_2705,,UPI00003C8C8A,
11494,Clo1313_2706,IPR052216,UPI0001F328A5,CRISPR_Csm3_endoribonuclease
11495,Clo1313_2706,IPR005537,UPI0001F328A5,RAMP_III_fam
11496,Clo1313_2706,,UPI0001F328A5,
11497,Clo1313_2707,IPR013411,UPI000038F823,CRISPR-assoc_RAMP_Csx7
11498,Clo1313_2707,IPR052216,UPI000038F823,CRISPR_Csm3_endoribonuclease
11499,Clo1313_2707,IPR005537,UPI000038F823,RAMP_III_fam
11500,Clo1313_2707,,UPI000038F823,
11501,Clo1313_2708,IPR013411,UPI00003C8C8C,CRISPR-assoc_RAMP_Csx7
11502,Clo1313_2708,IPR052216,UPI00003C8C8C,CRISPR_Csm3_endoribonuclease
11503,Clo1313_2708,IPR005537,UPI00003C8C8C,RAMP_III_fam
11504,Clo1313_2708,,UPI00003C8C8C,
11505,Clo1313_2709,,UPI00003C8C8D,
11506,Clo1313_2710,,UPI000038F826,
11507,Clo1313_2711,IPR052216,UPI0000534467,CRISPR_Csm3_endoribonuclease
11508,Clo1313_2711,IPR005537,UPI0000534467,RAMP_III_fam
11509,Clo1313_2711,,UPI0000534467,
11510,Clo1313_2712,IPR054767,UPI000038F828,Cas10-Cmr2_palm2
11511,Clo1313_2712,IPR052117,UPI000038F828,Cas10/Csm1_subtype-III-A
11512,Clo1313_2712,IPR000160,UPI000038F828,GGDEF_dom
11513,Clo1313_2712,IPR043128,UPI000038F828,Rev_trsase/Diguanyl_cyclase
11514,Clo1313_2712,,UPI000038F828,
11515,Clo1313_2713,,UPI0000F21962,
11516,Clo1313_2714,IPR013383,UPI00003C8C8F,CRISPR-assoc_prot_DxTHG_CS
11517,Clo1313_2714,IPR011742,UPI00003C8C8F,CRISPR-assoc_prot_TM1812
11518,Clo1313_2714,IPR049811,UPI00003C8C8F,MJ1673-like_dom
11519,Clo1313_2714,,UPI00003C8C8F,
11520,Clo1313_2715,IPR002589,UPI000038F82B,Macro_dom
11521,Clo1313_2715,IPR043472,UPI000038F82B,Macro_dom-like
11522,Clo1313_2715,,UPI000038F82B,
11523,Clo1313_2716,IPR014284,UPI0000537743,RNA_pol_sigma-70_dom
11524,Clo1313_2716,IPR014218,UPI0000537743,RNA_pol_sigma-H
11525,Clo1313_2716,IPR016371,UPI0000537743,RNA_pol_sigma-H_factor
11526,Clo1313_2716,IPR000943,UPI0000537743,RNA_pol_sigma70
11527,Clo1313_2716,IPR007627,UPI0000537743,RNA_pol_sigma70_r2
11528,Clo1313_2716,IPR013249,UPI0000537743,RNA_pol_sigma70_r4_t2
11529,Clo1313_2716,IPR013325,UPI0000537743,RNA_pol_sigma_r2
11530,Clo1313_2716,IPR013324,UPI0000537743,RNA_pol_sigma_r3/r4-like
11531,Clo1313_2716,IPR000792,UPI0000537743,Tscrpt_reg_LuxR_C
11532,Clo1313_2716,IPR036388,UPI0000537743,WH-like_DNA-bd_sf
11533,Clo1313_2716,,UPI0000537743,
11534,Clo1313_2717,,UPI00017E1AFE,
11535,Clo1313_2718,IPR029028,UPI000038F82D,Alpha/beta_knot_MTases
11536,Clo1313_2718,IPR029064,UPI000038F82D,Ribosomal_eL30-like_sf
11537,Clo1313_2718,IPR004441,UPI000038F82D,rRNA_MeTrfase_TrmH
11538,Clo1313_2718,IPR001537,UPI000038F82D,SpoU_MeTrfase
11539,Clo1313_2718,IPR013123,UPI000038F82D,SpoU_subst-bd
11540,Clo1313_2718,IPR029026,UPI000038F82D,tRNA_m1G_MTases_N
11541,Clo1313_2718,,UPI000038F82D,
11542,Clo1313_2719,IPR008226,UPI000038F82E,Mini3_fam
11543,Clo1313_2719,IPR000999,UPI000038F82E,RNase_III_dom
11544,Clo1313_2719,IPR036389,UPI000038F82E,RNase_III_sf
11545,Clo1313_2719,,UPI000038F82E,
11546,Clo1313_2720,IPR004995,UPI000038F82F,Spore_Ger
11547,Clo1313_2720,IPR050768,UPI000038F82F,UPF0353/GerABKA_families
11548,Clo1313_2720,,UPI000038F82F,
11549,Clo1313_2721,IPR004761,UPI00017E1AFF,Spore_GerAB
11550,Clo1313_2721,,UPI00017E1AFF,
11551,Clo1313_2722,IPR057336,UPI0001F328A6,GerAC_N
11552,Clo1313_2722,IPR008844,UPI0001F328A6,Spore_GerAC-like
11553,Clo1313_2722,IPR046953,UPI0001F328A6,Spore_GerAC-like_C
11554,Clo1313_2722,IPR038501,UPI0001F328A6,Spore_GerAC_C_sf
11555,Clo1313_2722,,UPI0001F328A6,
11556,Clo1313_2723,IPR015803,UPI00003C8C91,Cys-tRNA-ligase
11557,Clo1313_2723,IPR015273,UPI00003C8C91,Cys-tRNA-synt_Ia_DALR
11558,Clo1313_2723,IPR024909,UPI00003C8C91,Cys-tRNA/MSH_ligase
11559,Clo1313_2723,IPR056411,UPI00003C8C91,CysS_C
11560,Clo1313_2723,IPR014729,UPI00003C8C91,Rossmann-like_a/b/a_fold
11561,Clo1313_2723,IPR032678,UPI00003C8C91,tRNA-synt_1_cat_dom
11562,Clo1313_2723,IPR009080,UPI00003C8C91,tRNAsynth_Ia_anticodon-bd
11563,Clo1313_2723,,UPI00003C8C91,
11564,Clo1313_2724,IPR001451,UPI00003C8C92,Hexapep
11565,Clo1313_2724,IPR045304,UPI00003C8C92,LbH_SAT
11566,Clo1313_2724,IPR042122,UPI00003C8C92,Ser_AcTrfase_N_sf
11567,Clo1313_2724,IPR005881,UPI00003C8C92,Ser_O-AcTrfase
11568,Clo1313_2724,IPR053376,UPI00003C8C92,Serine_acetyltransferase
11569,Clo1313_2724,IPR011004,UPI00003C8C92,Trimer_LpxA-like_sf
11570,Clo1313_2724,,UPI00003C8C92,
11571,Clo1313_2725,IPR007165,UPI00003C8C93,Phage_holin_4_2
11572,Clo1313_2725,,UPI00003C8C93,
11573,Clo1313_2726,IPR011257,UPI0001B1ED93,DNA_glycosylase
11574,Clo1313_2726,IPR003265,UPI0001B1ED93,HhH-GPD_domain
11575,Clo1313_2726,IPR023170,UPI0001B1ED93,HhH_base_excis_C
11576,Clo1313_2726,IPR012904,UPI0001B1ED93,OGG_N
11577,Clo1313_2726,IPR052054,UPI0001B1ED93,Oxidative_DNA_repair_enzyme
11578,Clo1313_2726,,UPI0001B1ED93,
11579,Clo1313_2727,IPR045706,UPI000038F835,DUF6062
11580,Clo1313_2727,,UPI000038F835,
11581,Clo1313_2728,IPR005531,UPI00003C8C94,Asp23
11582,Clo1313_2728,IPR027417,UPI00003C8C94,P-loop_NTPase
11583,Clo1313_2728,,UPI00003C8C94,
11584,Clo1313_2729,IPR014199,UPI00003C8C95,Spore_YtxC
11585,Clo1313_2729,,UPI00003C8C95,
11586,Clo1313_2730,IPR049238,UPI00017E1B02,DUF6873
11587,Clo1313_2730,,UPI00017E1B02,
11588,Clo1313_2731,IPR017439,UPI000038F839,Amidohydrolase
11589,Clo1313_2731,IPR036264,UPI000038F839,Bact_exopeptidase_dim_dom
11590,Clo1313_2731,IPR002933,UPI000038F839,Peptidase_M20
11591,Clo1313_2731,IPR011650,UPI000038F839,Peptidase_M20_dimer
11592,Clo1313_2731,,UPI000038F839,
11593,Clo1313_2732,IPR007211,UPI000038F83A,DUF378
11594,Clo1313_2732,,UPI000038F83A,
11595,Clo1313_2733,,UPI00017E1B03,
11596,Clo1313_2734,IPR017856,UPI000038F83C,Integrase-like_N
11597,Clo1313_2734,IPR048300,UPI000038F83C,TACO1_YebC-like_2nd/3rd_dom
11598,Clo1313_2734,IPR049083,UPI000038F83C,TACO1_YebC_N
11599,Clo1313_2734,IPR002876,UPI000038F83C,Transcrip_reg_TACO1-like
11600,Clo1313_2734,IPR026564,UPI000038F83C,Transcrip_reg_TACO1-like_dom3
11601,Clo1313_2734,IPR029072,UPI000038F83C,YebC-like
11602,Clo1313_2734,,UPI000038F83C,
11603,Clo1313_2736,IPR003781,UPI00017E1B05,CoA-bd
11604,Clo1313_2736,IPR036291,UPI00017E1B05,NAD(P)-bd_dom_sf
11605,Clo1313_2736,,UPI00017E1B05,
11606,Clo1313_2737,IPR035647,UPI0001F328A8,EFG_III/V
11607,Clo1313_2737,IPR023582,UPI0001F328A8,Impact
11608,Clo1313_2737,IPR001498,UPI0001F328A8,Impact_N
11609,Clo1313_2737,IPR036956,UPI0001F328A8,Impact_N_sf
11610,Clo1313_2737,IPR015796,UPI0001F328A8,Impact_YigZ-like
11611,Clo1313_2737,IPR020568,UPI0001F328A8,Ribosomal_Su5_D2-typ_SF
11612,Clo1313_2737,IPR015269,UPI0001F328A8,UPF0029_Impact_C
11613,Clo1313_2737,IPR020569,UPI0001F328A8,UPF0029_Impact_CS
11614,Clo1313_2737,,UPI0001F328A8,
11615,Clo1313_2738,IPR036286,UPI000038F840,LexA/Signal_pep-like_sf
11616,Clo1313_2738,IPR000223,UPI000038F840,Pept_S26A_signal_pept_1
11617,Clo1313_2738,IPR019758,UPI000038F840,Pept_S26A_signal_pept_1_CS
11618,Clo1313_2738,IPR019756,UPI000038F840,Pept_S26A_signal_pept_1_Ser-AS
11619,Clo1313_2738,IPR019533,UPI000038F840,Peptidase_S26
11620,Clo1313_2738,,UPI000038F840,
11621,Clo1313_2739,IPR015797,UPI0000533D0D,NUDIX_hydrolase-like_dom_sf
11622,Clo1313_2739,IPR000086,UPI0000533D0D,NUDIX_hydrolase_dom
11623,Clo1313_2739,IPR051325,UPI0000533D0D,Nudix_hydrolase_domain
11624,Clo1313_2739,,UPI0000533D0D,
11625,Clo1313_2741,,UPI00017E1C76,
11626,Clo1313_2742,IPR043502,UPI000038F844,DNA/RNA_pol_sf
11627,Clo1313_2742,IPR036775,UPI000038F844,DNA_pol_Y-fam_lit_finger_sf
11628,Clo1313_2742,IPR017961,UPI000038F844,DNA_pol_Y-fam_little_finger
11629,Clo1313_2742,IPR050116,UPI000038F844,DNA_polymerase-Y
11630,Clo1313_2742,IPR022880,UPI000038F844,DNApol_IV
11631,Clo1313_2742,IPR043128,UPI000038F844,Rev_trsase/Diguanyl_cyclase
11632,Clo1313_2742,IPR001126,UPI000038F844,UmuC
11633,Clo1313_2742,,UPI000038F844,
11634,Clo1313_2743,IPR008181,UPI000038F845,dUTPase
11635,Clo1313_2743,IPR029054,UPI000038F845,dUTPase-like
11636,Clo1313_2743,IPR036157,UPI000038F845,dUTPase-like_sf
11637,Clo1313_2743,IPR033704,UPI000038F845,dUTPase_trimeric
11638,Clo1313_2743,,UPI000038F845,
11639,Clo1313_2744,IPR020988,UPI0001B1ED8F,Pept_U32_collagenase
11640,Clo1313_2744,IPR001539,UPI0001B1ED8F,Peptidase_U32
11641,Clo1313_2744,IPR051454,UPI0001B1ED8F,
11642,Clo1313_2744,,UPI0001B1ED8F,
11643,Clo1313_2745,IPR017850,UPI0000532709,Alkaline_phosphatase_core_sf
11644,Clo1313_2745,IPR010045,UPI0000532709,DeoB
11645,Clo1313_2745,IPR006124,UPI0000532709,Metalloenzyme
11646,Clo1313_2745,,UPI0000532709,
11647,Clo1313_2746,IPR053712,UPI000053358D,Bac_CellDiv_Activator
11648,Clo1313_2746,IPR007838,UPI000053358D,Cell_div_ZapA-like
11649,Clo1313_2746,IPR036192,UPI000053358D,Cell_div_ZapA-like_sf
11650,Clo1313_2746,,UPI000053358D,
11651,Clo1313_2747,IPR008928,UPI0001F328D9,6-hairpin_glycosidase_sf
11652,Clo1313_2747,IPR012341,UPI0001F328D9,6hp_glycosidase-like_sf
11653,Clo1313_2747,IPR002105,UPI0001F328D9,Dockerin_1_rpt
11654,Clo1313_2747,IPR016134,UPI0001F328D9,Dockerin_dom
11655,Clo1313_2747,IPR036439,UPI0001F328D9,Dockerin_dom_sf
11656,Clo1313_2747,IPR023309,UPI0001F328D9,Endo-1-4-beta-glucanase_dom2
11657,Clo1313_2747,IPR027390,UPI0001F328D9,Endoglucanase_F_dom3
11658,Clo1313_2747,IPR000556,UPI0001F328D9,Glyco_hydro_48F
11659,Clo1313_2747,,UPI0001F328D9,
11660,Clo1313_2748,,UPI00003C8C9A,
11661,Clo1313_2749,IPR057682,UPI00003C8C9B,DUF7922
11662,Clo1313_2749,,UPI00003C8C9B,
11663,Clo1313_2750,IPR001737,UPI00003C8C9C,KsgA/Erm
11664,Clo1313_2750,IPR023165,UPI00003C8C9C,rRNA_Ade_diMease-like_C
11665,Clo1313_2750,IPR020596,UPI00003C8C9C,rRNA_Ade_Mease_Trfase_CS
11666,Clo1313_2750,IPR020598,UPI00003C8C9C,rRNA_Ade_methylase_Trfase_N
11667,Clo1313_2750,IPR011530,UPI00003C8C9C,rRNA_adenine_dimethylase
11668,Clo1313_2750,IPR029063,UPI00003C8C9C,SAM-dependent_MTases_sf
11669,Clo1313_2750,,UPI00003C8C9C,
11670,Clo1313_2751,IPR010611,UPI00003C8C9D,3D_dom
11671,Clo1313_2751,IPR007137,UPI00003C8C9D,DUF348
11672,Clo1313_2751,IPR011098,UPI00003C8C9D,G5_dom
11673,Clo1313_2751,IPR051933,UPI00003C8C9D,Resuscitation_pf_RpfB
11674,Clo1313_2751,IPR036908,UPI00003C8C9D,RlpA-like_sf
11675,Clo1313_2751,,UPI00003C8C9D,
11676,Clo1313_2752,,UPI00003C8C9E,
11677,Clo1313_2753,IPR018228,UPI0001B1ED8B,DNase_TatD-rel_CS
11678,Clo1313_2753,IPR032466,UPI0001B1ED8B,Metal_Hydrolase
11679,Clo1313_2753,IPR001130,UPI0001B1ED8B,TatD-like
11680,Clo1313_2753,IPR015991,UPI0001B1ED8B,TatD/YcfH-like
11681,Clo1313_2753,,UPI0001B1ED8B,
11682,Clo1313_2754,IPR001412,UPI000038FD27,aa-tRNA-synth_I_CS
11683,Clo1313_2754,IPR041872,UPI000038FD27,Anticodon_Met
11684,Clo1313_2754,IPR004495,UPI000038FD27,Met-tRNA-synth_bsu_C
11685,Clo1313_2754,IPR014758,UPI000038FD27,Met-tRNA_synth
11686,Clo1313_2754,IPR023457,UPI000038FD27,Met-tRNA_synth_2
11687,Clo1313_2754,IPR015413,UPI000038FD27,Methionyl/Leucyl_tRNA_Synth
11688,Clo1313_2754,IPR033911,UPI000038FD27,MetRS_core
11689,Clo1313_2754,IPR012340,UPI000038FD27,NA-bd_OB-fold
11690,Clo1313_2754,IPR014729,UPI000038FD27,Rossmann-like_a/b/a_fold
11691,Clo1313_2754,IPR002547,UPI000038FD27,tRNA-bd_dom
11692,Clo1313_2754,IPR032678,UPI000038FD27,tRNA-synt_1_cat_dom
11693,Clo1313_2754,IPR009080,UPI000038FD27,tRNAsynth_Ia_anticodon-bd
11694,Clo1313_2754,,UPI000038FD27,
11695,Clo1313_2755,IPR019712,UPI000038FD28,YtpB-like
11696,Clo1313_2755,,UPI000038FD28,
11697,Clo1313_2756,IPR011642,UPI000038FD29,Gate_dom
11698,Clo1313_2756,IPR052549,UPI000038FD29,SpmB
11699,Clo1313_2756,,UPI000038FD29,
11700,Clo1313_2757,IPR011642,UPI0000537736,Gate_dom
11701,Clo1313_2757,,UPI0000537736,
11702,Clo1313_2758,IPR052731,UPI0000F21903,B_subtilis_Trans_State_Reg
11703,Clo1313_2758,IPR007159,UPI0000F21903,SpoVT-AbrB_dom
11704,Clo1313_2758,IPR037914,UPI0000F21903,SpoVT-AbrB_sf
11705,Clo1313_2758,,UPI0000F21903,
11706,Clo1313_2759,IPR000878,UPI0000F21904,4pyrrol_Mease
11707,Clo1313_2759,IPR035996,UPI0000F21904,4pyrrol_Methylase_sf
11708,Clo1313_2759,IPR014777,UPI0000F21904,4pyrrole_Mease_sub1
11709,Clo1313_2759,IPR014776,UPI0000F21904,4pyrrole_Mease_sub2
11710,Clo1313_2759,IPR008189,UPI0000F21904,rRNA_ssu_MeTfrase_I
11711,Clo1313_2759,IPR018063,UPI0000F21904,SAM_MeTrfase_RsmI_CS
11712,Clo1313_2759,,UPI0000F21904,
11713,Clo1313_2760,IPR002052,UPI0001B1ED8A,DNA_methylase_N6_adenine_CS
11714,Clo1313_2760,IPR029063,UPI0001B1ED8A,SAM-dependent_MTases_sf
11715,Clo1313_2760,IPR007848,UPI0001B1ED8A,Small_mtfrase_dom
11716,Clo1313_2760,IPR050210,UPI0001B1ED8A,tRNA_Adenine-N(6)_MTase
11717,Clo1313_2760,,UPI0001B1ED8A,
11718,Clo1313_2761,IPR017896,UPI00003C9092,4Fe4S_Fe-S-bd
11719,Clo1313_2761,IPR017900,UPI00003C9092,4Fe4S_Fe_S_CS
11720,Clo1313_2761,IPR000813,UPI00003C9092,7Fe_ferredoxin
11721,Clo1313_2761,IPR050294,UPI00003C9092,RnfB_subfamily
11722,Clo1313_2761,,UPI00003C9092,
11723,Clo1313_2762,IPR047767,UPI00003C9093,PSP1-like
11724,Clo1313_2762,IPR007557,UPI00003C9093,PSP1_C
11725,Clo1313_2762,,UPI00003C9093,
11726,Clo1313_2763,IPR003593,UPI00003C9094,AAA+_ATPase
11727,Clo1313_2763,IPR001270,UPI00003C9094,ClpA/B
11728,Clo1313_2763,IPR008921,UPI00003C9094,DNA_pol3_clamp-load_cplx_C
11729,Clo1313_2763,IPR004622,UPI00003C9094,DNA_pol_HolB
11730,Clo1313_2763,IPR015199,UPI00003C9094,DNA_pol_III_delta_C
11731,Clo1313_2763,IPR050238,UPI00003C9094,DNA_Rep/Repair_Clamp_Loader
11732,Clo1313_2763,IPR027417,UPI00003C9094,P-loop_NTPase
11733,Clo1313_2763,,UPI00003C9094,
11734,Clo1313_2764,IPR005585,UPI000038F9C7,DUF327
11735,Clo1313_2764,IPR024042,UPI000038F9C7,TM1646-like_dom_sf
11736,Clo1313_2764,,UPI000038F9C7,
11737,Clo1313_2765,IPR027417,UPI000038F9C8,P-loop_NTPase
11738,Clo1313_2765,IPR039430,UPI000038F9C8,Thymidylate_kin-like_dom
11739,Clo1313_2765,,UPI000038F9C8,
11740,Clo1313_2766,IPR000310,UPI00017E260D,Orn/Lys/Arg_deCO2ase_major_dom
11741,Clo1313_2766,IPR052357,UPI00017E260D,Orn_Lys_Arg_decarboxylase-I
11742,Clo1313_2766,IPR008286,UPI00017E260D,Prn/Lys/Arg_de-COase_C
11743,Clo1313_2766,IPR015424,UPI00017E260D,PyrdxlP-dep_Trfase
11744,Clo1313_2766,IPR015421,UPI00017E260D,PyrdxlP-dep_Trfase_major
11745,Clo1313_2766,,UPI00017E260D,
11746,Clo1313_2767,,UPI00003C9096,
11747,Clo1313_2768,IPR019198,UPI0001B1ED62,Beta_propeller_containing
11748,Clo1313_2768,IPR012854,UPI0001B1ED62,Cu_amine_oxidase-like_N
11749,Clo1313_2768,IPR036582,UPI0001B1ED62,Mao_N_sf
11750,Clo1313_2768,,UPI0001B1ED62,
11751,Clo1313_2769,IPR003593,UPI00005365EF,AAA+_ATPase
11752,Clo1313_2769,IPR003439,UPI00005365EF,ABC_transporter-like_ATP-bd
11753,Clo1313_2769,IPR017911,UPI00005365EF,MacB-like_ATP-bd
11754,Clo1313_2769,IPR027417,UPI00005365EF,P-loop_NTPase
11755,Clo1313_2769,,UPI00005365EF,
11756,Clo1313_2770,IPR052536,UPI00003C9097,ABC-4_Integral_Memb_Prot
11757,Clo1313_2770,IPR003838,UPI00003C9097,ABC3_permease_C
11758,Clo1313_2770,,UPI00003C9097,
11759,Clo1313_2771,IPR011006,UPI000038F9CD,CheY-like_superfamily
11760,Clo1313_2771,IPR001867,UPI000038F9CD,OmpR/PhoB-type_DNA-bd
11761,Clo1313_2771,IPR016032,UPI000038F9CD,Sig_transdc_resp-reg_C-effctor
11762,Clo1313_2771,IPR001789,UPI000038F9CD,Sig_transdc_resp-reg_receiver
11763,Clo1313_2771,IPR039420,UPI000038F9CD,WalR-like
11764,Clo1313_2771,IPR036388,UPI000038F9CD,WH-like_DNA-bd_sf
11765,Clo1313_2771,,UPI000038F9CD,
11766,Clo1313_2772,IPR050351,UPI000038F9CE,BphY/WalK/GraS-like
11767,Clo1313_2772,IPR036890,UPI000038F9CE,HATPase_C_sf
11768,Clo1313_2772,IPR003594,UPI000038F9CE,HATPase_dom
11769,Clo1313_2772,IPR005467,UPI000038F9CE,His_kinase_dom
11770,Clo1313_2772,IPR003661,UPI000038F9CE,HisK_dim/P_dom
11771,Clo1313_2772,IPR036097,UPI000038F9CE,HisK_dim/P_sf
11772,Clo1313_2772,IPR004358,UPI000038F9CE,Sig_transdc_His_kin-like_C
11773,Clo1313_2772,,UPI000038F9CE,
11774,Clo1313_2773,IPR029756,UPI000038F9CF,MTH1187/YkoF-like
11775,Clo1313_2773,IPR002767,UPI000038F9CF,Thiamine_BP
11776,Clo1313_2773,IPR051614,UPI000038F9CF,UPF0045_domain
11777,Clo1313_2773,,UPI000038F9CF,
11778,Clo1313_2774,IPR000515,UPI0001B1ED61,MetI-like
11779,Clo1313_2774,IPR035906,UPI0001B1ED61,MetI-like_sf
11780,Clo1313_2774,,UPI0001B1ED61,
11781,Clo1313_2775,IPR027939,UPI000053211F,NMT1/THI5
11782,Clo1313_2775,IPR015168,UPI000053211F,SsuA/THI5
11783,Clo1313_2775,,UPI000053211F,
11784,Clo1313_2776,IPR003593,UPI000038F9D2,AAA+_ATPase
11785,Clo1313_2776,IPR003439,UPI000038F9D2,ABC_transporter-like_ATP-bd
11786,Clo1313_2776,IPR017871,UPI000038F9D2,ABC_transporter-like_CS
11787,Clo1313_2776,IPR050166,UPI000038F9D2,ABC_transporter_ATP-bind
11788,Clo1313_2776,IPR027417,UPI000038F9D2,P-loop_NTPase
11789,Clo1313_2776,,UPI000038F9D2,
11790,Clo1313_2777,IPR024449,UPI000038F9D3,Anti-sigma_RsgI_N
11791,Clo1313_2777,IPR017853,UPI000038F9D3,GH_hydrolase_sf
11792,Clo1313_2777,IPR044846,UPI000038F9D3,GH10
11793,Clo1313_2777,IPR001000,UPI000038F9D3,GH10_dom
11794,Clo1313_2777,IPR055431,UPI000038F9D3,RsgI_M
11795,Clo1313_2777,,UPI000038F9D3,
11796,Clo1313_2778,IPR018247,UPI000038F9D4,EF_Hand_1_Ca_BS
11797,Clo1313_2778,IPR014244,UPI000038F9D4,RNA_pol_sigma-I
11798,Clo1313_2778,IPR013325,UPI000038F9D4,RNA_pol_sigma_r2
11799,Clo1313_2778,,UPI000038F9D4,
11800,Clo1313_2781,IPR025857,UPI00003C8FCD,MacB_PCD
11801,Clo1313_2781,,UPI00003C8FCD,
11802,Clo1313_2782,IPR050465,UPI00017E27BF,UPF0194_transport
11803,Clo1313_2782,,UPI00017E27BF,
11804,Clo1313_2783,IPR000515,UPI0001F3290A,MetI-like
11805,Clo1313_2783,IPR035906,UPI0001F3290A,MetI-like_sf
11806,Clo1313_2783,,UPI0001F3290A,
11807,Clo1313_2784,IPR051393,UPI0001B1ED5D,ABC_transporter_permease
11808,Clo1313_2784,IPR000515,UPI0001B1ED5D,MetI-like
11809,Clo1313_2784,IPR035906,UPI0001B1ED5D,MetI-like_sf
11810,Clo1313_2784,,UPI0001B1ED5D,
11811,Clo1313_2785,IPR011703,UPI0000533E47,ATPase_AAA-3
11812,Clo1313_2785,IPR050764,UPI0000533E47,CbbQ/NirQ/NorQ/GpvN
11813,Clo1313_2785,IPR027417,UPI0000533E47,P-loop_NTPase
11814,Clo1313_2785,,UPI0000533E47,
11815,Clo1313_2786,IPR050490,UPI000038F9DC,Bact_solute-bd_prot1
11816,Clo1313_2786,IPR006059,UPI000038F9DC,SBP
11817,Clo1313_2786,,UPI000038F9DC,
11818,Clo1313_2788,IPR053959,UPI00017E27C2,YvlB/LiaX_N
11819,Clo1313_2788,,UPI00017E27C2,
11820,Clo1313_2789,IPR018658,UPI000038F9DF,DUF2089
11821,Clo1313_2789,IPR053957,UPI000038F9DF,DUF2089_Zn_ribbon
11822,Clo1313_2789,,UPI000038F9DF,
11823,Clo1313_2790,IPR003959,UPI0001B1ED5C,ATPase_AAA_core
11824,Clo1313_2790,IPR027417,UPI0001B1ED5C,P-loop_NTPase
11825,Clo1313_2790,,UPI0001B1ED5C,
11826,Clo1313_2791,IPR025591,UPI000038F9E1,RloB
11827,Clo1313_2791,,UPI000038F9E1,
11828,Clo1313_2793,IPR005084,UPI0001B1ED5A,CBM6
11829,Clo1313_2793,IPR002105,UPI0001B1ED5A,Dockerin_1_rpt
11830,Clo1313_2793,IPR016134,UPI0001B1ED5A,Dockerin_dom
11831,Clo1313_2793,IPR036439,UPI0001B1ED5A,Dockerin_dom_sf
11832,Clo1313_2793,IPR018247,UPI0001B1ED5A,EF_Hand_1_Ca_BS
11833,Clo1313_2793,IPR008979,UPI0001B1ED5A,Galactose-bd-like_sf
11834,Clo1313_2793,IPR017853,UPI0001B1ED5A,GH_hydrolase_sf
11835,Clo1313_2793,,UPI0001B1ED5A,
11836,Clo1313_2794,IPR007934,UPI00003C90D8,AbfB_ABD
11837,Clo1313_2794,IPR036195,UPI00003C90D8,AbfB_ABD_sf
11838,Clo1313_2794,IPR002105,UPI00003C90D8,Dockerin_1_rpt
11839,Clo1313_2794,IPR016134,UPI00003C90D8,Dockerin_dom
11840,Clo1313_2794,IPR036439,UPI00003C90D8,Dockerin_dom_sf
11841,Clo1313_2794,IPR006710,UPI00003C90D8,Glyco_hydro_43
11842,Clo1313_2794,IPR023296,UPI00003C90D8,Glyco_hydro_beta-prop_sf
11843,Clo1313_2794,,UPI00003C90D8,
11844,Clo1313_2795,IPR039514,UPI0001B1ED58,6GAL-like
11845,Clo1313_2795,IPR039743,UPI0001B1ED58,6GAL/EXGAL
11846,Clo1313_2795,IPR007934,UPI0001B1ED58,AbfB_ABD
11847,Clo1313_2795,IPR036195,UPI0001B1ED58,AbfB_ABD_sf
11848,Clo1313_2795,IPR002105,UPI0001B1ED58,Dockerin_1_rpt
11849,Clo1313_2795,IPR016134,UPI0001B1ED58,Dockerin_dom
11850,Clo1313_2795,IPR036439,UPI0001B1ED58,Dockerin_dom_sf
11851,Clo1313_2795,IPR018247,UPI0001B1ED58,EF_Hand_1_Ca_BS
11852,Clo1313_2795,IPR017853,UPI0001B1ED58,GH_hydrolase_sf
11853,Clo1313_2795,IPR013780,UPI0001B1ED58,Glyco_hydro_b
11854,Clo1313_2795,IPR023296,UPI0001B1ED58,Glyco_hydro_beta-prop_sf
11855,Clo1313_2795,,UPI0001B1ED58,
11856,Clo1313_2796,IPR032256,UPI000038FACF,DUF4829
11857,Clo1313_2796,IPR032257,UPI000038FACF,DUF4830
11858,Clo1313_2796,,UPI000038FACF,
11859,Clo1313_2797,,UPI00003C90D5,
11860,Clo1313_2798,IPR051094,UPI000038FAD0,Diverse_Catalytic_Enzymes
11861,Clo1313_2798,IPR003607,UPI000038FAD0,HD/PDEase_dom
11862,Clo1313_2798,IPR006674,UPI000038FAD0,HD_domain
11863,Clo1313_2798,IPR026875,UPI000038FAD0,PHydrolase_assoc_dom
11864,Clo1313_2798,,UPI000038FAD0,
11865,Clo1313_2800,IPR000093,UPI0000F21915,DNA_Rcmb_RecR
11866,Clo1313_2800,IPR023627,UPI0000F21915,Rcmb_RecR
11867,Clo1313_2800,IPR015967,UPI0000F21915,Rcmb_RecR_Znf
11868,Clo1313_2800,IPR006171,UPI0000F21915,TOPRIM_dom
11869,Clo1313_2800,IPR034137,UPI0000F21915,TOPRIM_RecR
11870,Clo1313_2800,,UPI0000F21915,
11871,Clo1313_2801,IPR036894,UPI00003C90CB,YbaB-like_sf
11872,Clo1313_2801,IPR004401,UPI00003C90CB,YbaB/EbfC
11873,Clo1313_2801,,UPI00003C90CB,
11874,Clo1313_2802,IPR003593,UPI0001B1EE69,AAA+_ATPase
11875,Clo1313_2802,IPR008921,UPI0001B1EE69,DNA_pol3_clamp-load_cplx_C
11876,Clo1313_2802,IPR022754,UPI0001B1EE69,DNA_pol_III_gamma-3
11877,Clo1313_2802,IPR012763,UPI0001B1EE69,DNA_pol_III_sug/sutau_N
11878,Clo1313_2802,IPR050238,UPI0001B1EE69,DNA_Rep/Repair_Clamp_Loader
11879,Clo1313_2802,IPR045085,UPI0001B1EE69,HLD_clamp_pol_III_gamma_tau
11880,Clo1313_2802,IPR027417,UPI0001B1EE69,P-loop_NTPase
11881,Clo1313_2802,,UPI0001B1EE69,
11882,Clo1313_2804,IPR012854,UPI0000F21916,Cu_amine_oxidase-like_N
11883,Clo1313_2804,IPR036582,UPI0000F21916,Mao_N_sf
11884,Clo1313_2804,,UPI0000F21916,
11885,Clo1313_2805,IPR008965,UPI0001B1EE67,CBM2/CBM3_carb-bd_dom_sf
11886,Clo1313_2805,IPR001956,UPI0001B1EE67,CBM3
11887,Clo1313_2805,IPR036966,UPI0001B1EE67,CBM3_sf
11888,Clo1313_2805,IPR002105,UPI0001B1EE67,Dockerin_1_rpt
11889,Clo1313_2805,IPR016134,UPI0001B1EE67,Dockerin_dom
11890,Clo1313_2805,IPR036439,UPI0001B1EE67,Dockerin_dom_sf
11891,Clo1313_2805,IPR017853,UPI0001B1EE67,GH_hydrolase_sf
11892,Clo1313_2805,IPR001547,UPI0001B1EE67,Glyco_hydro_5
11893,Clo1313_2805,IPR018087,UPI0001B1EE67,Glyco_hydro_5_CS
11894,Clo1313_2805,,UPI0001B1EE67,
11895,Clo1313_2806,IPR008979,UPI000038FAD6,Galactose-bd-like_sf
11896,Clo1313_2806,,UPI000038FAD6,
11897,Clo1313_2807,IPR002937,UPI00003C90C8,Amino_oxidase
11898,Clo1313_2807,IPR036188,UPI00003C90C8,FAD/NAD-bd_sf
11899,Clo1313_2807,IPR050464,UPI00003C90C8,Zeta_carotene_desat/Oxidored
11900,Clo1313_2807,,UPI00003C90C8,
11901,Clo1313_2808,IPR050297,UPI0000535148,LipidA_mod_glycosyltrf_83
11902,Clo1313_2808,,UPI0000535148,
11903,Clo1313_2809,,UPI0001B1EE66,
11904,Clo1313_2810,IPR007267,UPI00003C8E90,GtrA_DPMS_TM
11905,Clo1313_2810,,UPI00003C8E90,
11906,Clo1313_2811,IPR029063,UPI0001F3290B,SAM-dependent_MTases_sf
11907,Clo1313_2811,,UPI0001F3290B,
11908,Clo1313_2812,IPR044060,UPI000038FCE5,Bacterial_rp_domain
11909,Clo1313_2812,IPR051465,UPI000038FCE5,Cell_Envelope_Struct_Comp
11910,Clo1313_2812,IPR001119,UPI000038FCE5,SLH_dom
11911,Clo1313_2812,,UPI000038FCE5,
11912,Clo1313_2813,,UPI000038FCE6,
11913,Clo1313_2814,,UPI0001B1EE64,
11914,Clo1313_2815,IPR025584,UPI0001B1EE63,Cthe_2159
11915,Clo1313_2815,,UPI0001B1EE63,
11916,Clo1313_2816,IPR044060,UPI0001B1EE62,Bacterial_rp_domain
11917,Clo1313_2816,IPR026876,UPI0001B1EE62,Fn3_assoc_repeat
11918,Clo1313_2816,IPR001322,UPI0001B1EE62,Lamin_tail_dom
11919,Clo1313_2816,IPR036415,UPI0001B1EE62,Lamin_tail_dom_sf
11920,Clo1313_2816,IPR014867,UPI0001B1EE62,Spore_coat_CotH_CotH2/3/7
11921,Clo1313_2816,,UPI0001B1EE62,
11922,Clo1313_2817,,UPI00003C8AA3,
11923,Clo1313_2818,IPR009229,UPI0001B1EE61,AgrD
11924,Clo1313_2818,,UPI0001B1EE61,
11925,Clo1313_2819,,UPI0001B1EE60,
11926,Clo1313_2820,IPR029062,UPI0001B1EE5F,Class_I_gatase-like
11927,Clo1313_2820,IPR011697,UPI0001B1EE5F,Peptidase_C26
11928,Clo1313_2820,IPR044668,UPI0001B1EE5F,PuuD-like
11929,Clo1313_2820,,UPI0001B1EE5F,
11930,Clo1313_2821,IPR003658,UPI000038FAAB,Anti-sigma_ant
11931,Clo1313_2821,IPR002645,UPI000038FAAB,STAS_dom
11932,Clo1313_2821,IPR036513,UPI000038FAAB,STAS_dom_sf
11933,Clo1313_2821,,UPI000038FAAB,
11934,Clo1313_2822,,UPI0001B1EE5E,
11935,Clo1313_2823,IPR024922,UPI000038FAAC,Rubredoxin
11936,Clo1313_2823,IPR024934,UPI000038FAAC,Rubredoxin-like_dom
11937,Clo1313_2823,IPR024935,UPI000038FAAC,Rubredoxin_dom
11938,Clo1313_2823,IPR050526,UPI000038FAAC,Rubredoxin_ET
11939,Clo1313_2823,IPR018527,UPI000038FAAC,Rubredoxin_Fe_BS
11940,Clo1313_2823,,UPI000038FAAC,
11941,Clo1313_2824,IPR023430,UPI000038FAAD,Pept_HybD-like_dom_sf
11942,Clo1313_2824,IPR009665,UPI000038FAAD,YyaC
11943,Clo1313_2824,,UPI000038FAAD,
11944,Clo1313_2825,IPR052016,UPI000053336F,Bact_Sigma-Reg
11945,Clo1313_2825,IPR000014,UPI000053336F,PAS
11946,Clo1313_2825,IPR000700,UPI000053336F,PAS-assoc_C
11947,Clo1313_2825,IPR035965,UPI000053336F,PAS-like_dom_sf
11948,Clo1313_2825,IPR036457,UPI000053336F,PPM-type-like_dom_sf
11949,Clo1313_2825,IPR001932,UPI000053336F,PPM-type_phosphatase-like_dom
11950,Clo1313_2825,,UPI000053336F,
11951,Clo1313_2826,IPR008928,UPI000038FAAF,6-hairpin_glycosidase_sf
11952,Clo1313_2826,IPR012341,UPI000038FAAF,6hp_glycosidase-like_sf
11953,Clo1313_2826,IPR002037,UPI000038FAAF,Glyco_hydro_8
11954,Clo1313_2826,,UPI000038FAAF,
11955,Clo1313_2827,IPR001119,UPI000038FAB0,SLH_dom
11956,Clo1313_2827,IPR032599,UPI000038FAB0,YcdB/YcdC_rep_domain
11957,Clo1313_2827,,UPI000038FAB0,
11958,Clo1313_2828,IPR004843,UPI000053580C,Calcineurin-like_PHP
11959,Clo1313_2828,IPR029052,UPI000053580C,Metallo-depent_PP-like
11960,Clo1313_2828,IPR051158,UPI000053580C,Metallophosphoesterase
11961,Clo1313_2828,,UPI000053580C,
11962,Clo1313_2829,IPR024301,UPI000038FAB3,Amidase_6
11963,Clo1313_2829,,UPI000038FAB3,
11964,Clo1313_2830,IPR006935,UPI0001B1EE33,Helicase/UvrB_N
11965,Clo1313_2830,IPR014001,UPI0001B1EE33,Helicase_ATP-bd
11966,Clo1313_2830,IPR050742,UPI0001B1EE33,
11967,Clo1313_2830,IPR027417,UPI0001B1EE33,P-loop_NTPase
11968,Clo1313_2830,,UPI0001B1EE33,
11969,Clo1313_2831,IPR034704,UPI0001B1EE32,Ribosomal_bL28/bL31-like_sf
11970,Clo1313_2831,IPR002150,UPI0001B1EE32,Ribosomal_bL31
11971,Clo1313_2831,IPR027491,UPI0001B1EE32,Ribosomal_bL31_A
11972,Clo1313_2831,IPR042105,UPI0001B1EE32,Ribosomal_bL31_sf
11973,Clo1313_2831,,UPI0001B1EE32,
11974,Clo1313_2833,,UPI0001B1EE30,
11975,Clo1313_2834,,UPI00003C8C07,
11976,Clo1313_2835,IPR052710,UPI0001B1EE2F,CAAX_protease
11977,Clo1313_2835,IPR003675,UPI0001B1EE2F,Rce1/LyrA-like_dom
11978,Clo1313_2835,,UPI0001B1EE2F,
11979,Clo1313_2836,,UPI000038FAB7,
11980,Clo1313_2837,IPR013784,UPI00003C8C05,Carb-bd-like_fold
11981,Clo1313_2837,IPR013783,UPI00003C8C05,Ig-like_fold
11982,Clo1313_2837,,UPI00003C8C05,
11983,Clo1313_2838,,UPI0001B1EE2E,
11984,Clo1313_2839,,UPI0001B1EE2D,
11985,Clo1313_2840,IPR002656,UPI0001B1EE2C,Acyl_transf_3_dom
11986,Clo1313_2840,,UPI0001B1EE2C,
11987,Clo1313_2841,,UPI0001B1EE2B,
11988,Clo1313_2842,IPR039448,UPI0001B1EE2A,Beta_helix
11989,Clo1313_2842,IPR006626,UPI0001B1EE2A,PbH1
11990,Clo1313_2842,IPR012334,UPI0001B1EE2A,Pectin_lyas_fold
11991,Clo1313_2842,IPR011050,UPI0001B1EE2A,Pectin_lyase_fold/virulence
11992,Clo1313_2842,IPR052052,UPI0001B1EE2A,Polysaccharide_Lyase_9
11993,Clo1313_2842,,UPI0001B1EE2A,
11994,Clo1313_2843,IPR002105,UPI0001B1EE29,Dockerin_1_rpt
11995,Clo1313_2843,IPR016134,UPI0001B1EE29,Dockerin_dom
11996,Clo1313_2843,IPR036439,UPI0001B1EE29,Dockerin_dom_sf
11997,Clo1313_2843,IPR008979,UPI0001B1EE29,Galactose-bd-like_sf
11998,Clo1313_2843,IPR002022,UPI0001B1EE29,Pec_lyase
11999,Clo1313_2843,IPR012334,UPI0001B1EE29,Pectin_lyas_fold
12000,Clo1313_2843,IPR011050,UPI0001B1EE29,Pectin_lyase_fold/virulence
12001,Clo1313_2843,IPR045032,UPI0001B1EE29,PEL
12002,Clo1313_2843,,UPI0001B1EE29,
12003,Clo1313_2844,IPR014743,UPI0001B1EE28,Cl-channel_core
12004,Clo1313_2844,IPR001807,UPI0001B1EE28,ClC
12005,Clo1313_2844,IPR050368,UPI0001B1EE28,ClC-type_chloride_channel
12006,Clo1313_2844,,UPI0001B1EE28,
12007,Clo1313_2845,IPR014729,UPI0000534593,Rossmann-like_a/b/a_fold
12008,Clo1313_2845,IPR011063,UPI0000534593,TilS/TtcA_N
12009,Clo1313_2845,IPR035107,UPI0000534593,tRNA_thiolation_TtcA_Ctu1
12010,Clo1313_2845,,UPI0000534593,
12011,Clo1313_2846,IPR018711,UPI000038FA3E,NAGPA
12012,Clo1313_2846,,UPI000038FA3E,
12013,Clo1313_2848,IPR017039,UPI0000532111,Virul_fac_BrkB
12014,Clo1313_2848,,UPI0000532111,
12015,Clo1313_2849,IPR001648,UPI000038FA40,Ribosomal_bS18
12016,Clo1313_2849,IPR018275,UPI000038FA40,Ribosomal_bS18_CS
12017,Clo1313_2849,IPR036870,UPI000038FA40,Ribosomal_bS18_sf
12018,Clo1313_2849,,UPI000038FA40,
12019,Clo1313_2850,IPR012340,UPI000038FA41,NA-bd_OB-fold
12020,Clo1313_2850,IPR000424,UPI000038FA41,Primosome_PriB/ssb
12021,Clo1313_2850,IPR011344,UPI000038FA41,ssDNA-bd
12022,Clo1313_2850,,UPI000038FA41,
12023,Clo1313_2851,IPR000529,UPI00003C8C00,Ribosomal_bS6
12024,Clo1313_2851,IPR035980,UPI00003C8C00,Ribosomal_bS6_sf
12025,Clo1313_2851,IPR020814,UPI00003C8C00,Ribosomal_S6_plastid/chlpt
12026,Clo1313_2851,IPR014717,UPI00003C8C00,Transl_elong_EF1B/ribsomal_bS6
12027,Clo1313_2851,,UPI00003C8C00,
12028,Clo1313_2852,IPR050469,UPI000038FA42,Diguanylate_Cyclase
12029,Clo1313_2852,IPR003018,UPI000038FA42,GAF
12030,Clo1313_2852,IPR029016,UPI000038FA42,GAF-like_dom_sf
12031,Clo1313_2852,IPR000160,UPI000038FA42,GGDEF_dom
12032,Clo1313_2852,IPR029787,UPI000038FA42,Nucleotide_cyclase
12033,Clo1313_2852,IPR043128,UPI000038FA42,Rev_trsase/Diguanyl_cyclase
12034,Clo1313_2852,,UPI000038FA42,
12035,Clo1313_2853,IPR006680,UPI0000532927,Amidohydro-rel
12036,Clo1313_2853,IPR003764,UPI0000532927,GlcNAc_6-P_deAcase
12037,Clo1313_2853,IPR011059,UPI0000532927,Metal-dep_hydrolase_composite
12038,Clo1313_2853,IPR032466,UPI0000532927,Metal_Hydrolase
12039,Clo1313_2853,,UPI0000532927,
12040,Clo1313_2854,IPR006048,UPI0000535506,A-amylase/branching_C
12041,Clo1313_2854,IPR037439,UPI0000535506,Branching_enzy
12042,Clo1313_2854,IPR017853,UPI0000535506,GH_hydrolase_sf
12043,Clo1313_2854,IPR006047,UPI0000535506,GH13_cat_dom
12044,Clo1313_2854,IPR006407,UPI0000535506,GlgB
12045,Clo1313_2854,IPR054169,UPI0000535506,GlgB_N
12046,Clo1313_2854,IPR044143,UPI0000535506,GlgB_N_E_set_prok
12047,Clo1313_2854,IPR004193,UPI0000535506,Glyco_hydro_13_N
12048,Clo1313_2854,IPR013780,UPI0000535506,Glyco_hydro_b
12049,Clo1313_2854,IPR013783,UPI0000535506,Ig-like_fold
12050,Clo1313_2854,IPR014756,UPI0000535506,Ig_E-set
12051,Clo1313_2854,,UPI0000535506,
12052,Clo1313_2855,,UPI000038FA45,
12053,Clo1313_2856,IPR005084,UPI0001B1EE25,CBM6
12054,Clo1313_2856,IPR006584,UPI0001B1EE25,Cellulose-bd_IV
12055,Clo1313_2856,IPR002105,UPI0001B1EE25,Dockerin_1_rpt
12056,Clo1313_2856,IPR016134,UPI0001B1EE25,Dockerin_dom
12057,Clo1313_2856,IPR036439,UPI0001B1EE25,Dockerin_dom_sf
12058,Clo1313_2856,IPR018247,UPI0001B1EE25,EF_Hand_1_Ca_BS
12059,Clo1313_2856,IPR003961,UPI0001B1EE25,FN3_dom
12060,Clo1313_2856,IPR036116,UPI0001B1EE25,FN3_sf
12061,Clo1313_2856,IPR008979,UPI0001B1EE25,Galactose-bd-like_sf
12062,Clo1313_2856,IPR017853,UPI0001B1EE25,GH_hydrolase_sf
12063,Clo1313_2856,IPR001547,UPI0001B1EE25,Glyco_hydro_5
12064,Clo1313_2856,IPR018087,UPI0001B1EE25,Glyco_hydro_5_CS
12065,Clo1313_2856,IPR013783,UPI0001B1EE25,Ig-like_fold
12066,Clo1313_2856,IPR035992,UPI0001B1EE25,Ricin_B-like_lectins
12067,Clo1313_2856,IPR000772,UPI0001B1EE25,Ricin_B_lectin
12068,Clo1313_2856,,UPI0001B1EE25,
12069,Clo1313_2857,IPR005084,UPI00017E17CB,CBM6
12070,Clo1313_2857,IPR006584,UPI00017E17CB,Cellulose-bd_IV
12071,Clo1313_2857,IPR013320,UPI00017E17CB,ConA-like_dom_sf
12072,Clo1313_2857,IPR002105,UPI00017E17CB,Dockerin_1_rpt
12073,Clo1313_2857,IPR016134,UPI00017E17CB,Dockerin_dom
12074,Clo1313_2857,IPR036439,UPI00017E17CB,Dockerin_dom_sf
12075,Clo1313_2857,IPR018247,UPI00017E17CB,EF_Hand_1_Ca_BS
12076,Clo1313_2857,IPR008979,UPI00017E17CB,Galactose-bd-like_sf
12077,Clo1313_2857,IPR041542,UPI00017E17CB,GH43_C2
12078,Clo1313_2857,IPR006710,UPI00017E17CB,Glyco_hydro_43
12079,Clo1313_2857,IPR023296,UPI00017E17CB,Glyco_hydro_beta-prop_sf
12080,Clo1313_2857,IPR051795,UPI00017E17CB,Glycosyl_Hydrlase_43
12081,Clo1313_2857,,UPI00017E17CB,
12082,Clo1313_2858,IPR029058,UPI0001B1EE24,AB_hydrolase_fold
12083,Clo1313_2858,IPR005084,UPI0001B1EE24,CBM6
12084,Clo1313_2858,IPR006584,UPI0001B1EE24,Cellulose-bd_IV
12085,Clo1313_2858,IPR002105,UPI0001B1EE24,Dockerin_1_rpt
12086,Clo1313_2858,IPR016134,UPI0001B1EE24,Dockerin_dom
12087,Clo1313_2858,IPR036439,UPI0001B1EE24,Dockerin_dom_sf
12088,Clo1313_2858,IPR018247,UPI0001B1EE24,EF_Hand_1_Ca_BS
12089,Clo1313_2858,IPR000801,UPI0001B1EE24,Esterase-like
12090,Clo1313_2858,IPR008979,UPI0001B1EE24,Galactose-bd-like_sf
12091,Clo1313_2858,IPR050583,UPI0001B1EE24,Mycobacterial_A85_antigen
12092,Clo1313_2858,,UPI0001B1EE24,
12093,Clo1313_2859,IPR039448,UPI0001B1EE23,Beta_helix
12094,Clo1313_2859,IPR005084,UPI0001B1EE23,CBM6
12095,Clo1313_2859,IPR006584,UPI0001B1EE23,Cellulose-bd_IV
12096,Clo1313_2859,IPR002105,UPI0001B1EE23,Dockerin_1_rpt
12097,Clo1313_2859,IPR016134,UPI0001B1EE23,Dockerin_dom
12098,Clo1313_2859,IPR036439,UPI0001B1EE23,Dockerin_dom_sf
12099,Clo1313_2859,IPR018247,UPI0001B1EE23,EF_Hand_1_Ca_BS
12100,Clo1313_2859,IPR008979,UPI0001B1EE23,Galactose-bd-like_sf
12101,Clo1313_2859,IPR006626,UPI0001B1EE23,PbH1
12102,Clo1313_2859,IPR012334,UPI0001B1EE23,Pectin_lyas_fold
12103,Clo1313_2859,IPR011050,UPI0001B1EE23,Pectin_lyase_fold/virulence
12104,Clo1313_2859,IPR053868,UPI0001B1EE23,Pel9A-like_beta_helix
12105,Clo1313_2859,,UPI0001B1EE23,
12106,Clo1313_2860,IPR005084,UPI000038FA4A,CBM6
12107,Clo1313_2860,IPR006584,UPI000038FA4A,Cellulose-bd_IV
12108,Clo1313_2860,IPR002105,UPI000038FA4A,Dockerin_1_rpt
12109,Clo1313_2860,IPR016134,UPI000038FA4A,Dockerin_dom
12110,Clo1313_2860,IPR036439,UPI000038FA4A,Dockerin_dom_sf
12111,Clo1313_2860,IPR018247,UPI000038FA4A,EF_Hand_1_Ca_BS
12112,Clo1313_2860,IPR008979,UPI000038FA4A,Galactose-bd-like_sf
12113,Clo1313_2860,IPR006710,UPI000038FA4A,Glyco_hydro_43
12114,Clo1313_2860,IPR023296,UPI000038FA4A,Glyco_hydro_beta-prop_sf
12115,Clo1313_2860,IPR052176,UPI000038FA4A,Glycosyl_Hydrlase_43_Enz
12116,Clo1313_2860,,UPI000038FA4A,
12117,Clo1313_2861,IPR036156,UPI00017E17CE,Beta-gal/glucu_dom_sf
12118,Clo1313_2861,IPR005084,UPI00017E17CE,CBM6
12119,Clo1313_2861,IPR006584,UPI00017E17CE,Cellulose-bd_IV
12120,Clo1313_2861,IPR002105,UPI00017E17CE,Dockerin_1_rpt
12121,Clo1313_2861,IPR016134,UPI00017E17CE,Dockerin_dom
12122,Clo1313_2861,IPR036439,UPI00017E17CE,Dockerin_dom_sf
12123,Clo1313_2861,IPR032311,UPI00017E17CE,DUF4982
12124,Clo1313_2861,IPR018247,UPI00017E17CE,EF_Hand_1_Ca_BS
12125,Clo1313_2861,IPR008979,UPI00017E17CE,Galactose-bd-like_sf
12126,Clo1313_2861,IPR017853,UPI00017E17CE,GH_hydrolase_sf
12127,Clo1313_2861,IPR051913,UPI00017E17CE,GH2_Domain-Containing
12128,Clo1313_2861,IPR040605,UPI00017E17CE,Glyco_hydro2_dom5
12129,Clo1313_2861,IPR006101,UPI00017E17CE,Glyco_hydro_2
12130,Clo1313_2861,IPR023232,UPI00017E17CE,Glyco_hydro_2_AS
12131,Clo1313_2861,IPR006103,UPI00017E17CE,Glyco_hydro_2_cat
12132,Clo1313_2861,IPR006104,UPI00017E17CE,Glyco_hydro_2_N
12133,Clo1313_2861,IPR013783,UPI00017E17CE,Ig-like_fold
12134,Clo1313_2861,IPR006102,UPI00017E17CE,Ig-like_GH2
12135,Clo1313_2861,IPR008964,UPI00017E17CE,Invasin/intimin_cell_adhesion
12136,Clo1313_2861,,UPI00017E17CE,
12137,Clo1313_2862,,UPI0001B1EDDA,
12138,Clo1313_2863,IPR027417,UPI0001F32940,P-loop_NTPase
12139,Clo1313_2863,,UPI0001F32940,
12140,Clo1313_2864,IPR010499,UPI0001B1EDD7,AraC_E-bd
12141,Clo1313_2864,IPR009061,UPI0001B1EDD7,DNA-bd_dom_put_sf
12142,Clo1313_2864,IPR029442,UPI0001B1EDD7,GyrI-like
12143,Clo1313_2864,IPR000551,UPI0001B1EDD7,MerR-type_HTH_dom
12144,Clo1313_2864,IPR047057,UPI0001B1EDD7,MerR_fam
12145,Clo1313_2864,IPR011256,UPI0001B1EDD7,Reg_factor_effector_dom_sf
12146,Clo1313_2864,,UPI0001B1EDD7,
12147,Clo1313_2865,IPR052536,UPI0001B1EDD6,ABC-4_Integral_Memb_Prot
12148,Clo1313_2865,IPR003838,UPI0001B1EDD6,ABC3_permease_C
12149,Clo1313_2865,IPR027022,UPI0001B1EDD6,ABC_permease_BceB-typ
12150,Clo1313_2865,,UPI0001B1EDD6,
12151,Clo1313_2866,IPR003593,UPI0001B1EDD5,AAA+_ATPase
12152,Clo1313_2866,IPR003439,UPI0001B1EDD5,ABC_transporter-like_ATP-bd
12153,Clo1313_2866,IPR017871,UPI0001B1EDD5,ABC_transporter-like_CS
12154,Clo1313_2866,IPR017911,UPI0001B1EDD5,MacB-like_ATP-bd
12155,Clo1313_2866,IPR027417,UPI0001B1EDD5,P-loop_NTPase
12156,Clo1313_2866,,UPI0001B1EDD5,
12157,Clo1313_2867,IPR050351,UPI0001B1EDD4,BphY/WalK/GraS-like
12158,Clo1313_2867,IPR036890,UPI0001B1EDD4,HATPase_C_sf
12159,Clo1313_2867,IPR003594,UPI0001B1EDD4,HATPase_dom
12160,Clo1313_2867,IPR005467,UPI0001B1EDD4,His_kinase_dom
12161,Clo1313_2867,IPR004358,UPI0001B1EDD4,Sig_transdc_His_kin-like_C
12162,Clo1313_2867,,UPI0001B1EDD4,
12163,Clo1313_2869,,UPI0001B1EDD2,
12164,Clo1313_2870,,UPI0001B1EDD1,
12165,Clo1313_2871,,UPI0001B1EDD0,
12166,Clo1313_2872,,UPI0001B1EDCF,
12167,Clo1313_2873,IPR025668,UPI0001F32942,Tnp_DDE_dom
12168,Clo1313_2873,,UPI0001F32942,
12169,Clo1313_2875,IPR017259,UPI00017E17D0,UCP037672
12170,Clo1313_2875,,UPI00017E17D0,
12171,Clo1313_2876,IPR043133,UPI00003C8CCD,GTP-CH-I_C/QueF
12172,Clo1313_2876,IPR043134,UPI00003C8CCD,GTP-CH-I_N
12173,Clo1313_2876,IPR001474,UPI00003C8CCD,GTP_CycHdrlase_I
12174,Clo1313_2876,IPR018234,UPI00003C8CCD,GTP_CycHdrlase_I_CS
12175,Clo1313_2876,IPR020602,UPI00003C8CCD,GTP_CycHdrlase_I_dom
12176,Clo1313_2876,,UPI00003C8CCD,
12177,Clo1313_2877,IPR011761,UPI0001F32944,ATP-grasp
12178,Clo1313_2877,IPR013651,UPI0001F32944,ATP-grasp_RimK-type
12179,Clo1313_2877,IPR011810,UPI0001F32944,Cya_phycin_syn
12180,Clo1313_2877,IPR044019,UPI0001F32944,Cyanophycin_syn_N
12181,Clo1313_2877,IPR036565,UPI0001F32944,Mur-like_cat_sf
12182,Clo1313_2877,IPR004101,UPI0001F32944,Mur_ligase_C
12183,Clo1313_2877,IPR036615,UPI0001F32944,Mur_ligase_C_dom_sf
12184,Clo1313_2877,IPR013221,UPI0001F32944,Mur_ligase_cen
12185,Clo1313_2877,,UPI0001F32944,
12186,Clo1313_2878,IPR029062,UPI00017E17D2,Class_I_gatase-like
12187,Clo1313_2878,IPR005320,UPI00017E17D2,Peptidase_S51
12188,Clo1313_2878,IPR011811,UPI00017E17D2,Peptidase_S51_cyanophycinase
12189,Clo1313_2878,,UPI00017E17D2,
12190,Clo1313_2879,,UPI00003C8CD0,
12191,Clo1313_2880,IPR006680,UPI0000537D29,Amidohydro-rel
12192,Clo1313_2880,IPR011059,UPI0000537D29,Metal-dep_hydrolase_composite
12193,Clo1313_2880,IPR032466,UPI0000537D29,Metal_Hydrolase
12194,Clo1313_2880,IPR050378,UPI0000537D29,Metallo-dep_Hydrolases_sf
12195,Clo1313_2880,IPR010229,UPI0000537D29,Pept_M38_dipep
12196,Clo1313_2880,,UPI0000537D29,
12197,Clo1313_2882,IPR019818,UPI00003C8CD2,IsoCit/isopropylmalate_DH_CS
12198,Clo1313_2882,IPR024084,UPI00003C8CD2,IsoPropMal-DH-like_dom
12199,Clo1313_2882,IPR004429,UPI00003C8CD2,Isopropylmalate_DH
12200,Clo1313_2882,,UPI00003C8CD2,
12201,Clo1313_2883,IPR015928,UPI0001F3294C,Aconitase/3IPM_dehydase_swvl
12202,Clo1313_2883,IPR000573,UPI0001F3294C,AconitaseA/IPMdHydase_ssu_swvl
12203,Clo1313_2883,IPR033940,UPI0001F3294C,IPMI_Swivel
12204,Clo1313_2883,IPR050075,UPI0001F3294C,LeuD
12205,Clo1313_2883,IPR011824,UPI0001F3294C,LeuD/DmdB_bac
12206,Clo1313_2883,IPR011827,UPI0001F3294C,LeuD_type2/HacB/DmdB
12207,Clo1313_2883,,UPI0001F3294C,
12208,Clo1313_2884,IPR015931,UPI000038F988,Acnase/IPM_dHydase_lsu_aba_1/3
12209,Clo1313_2884,IPR001030,UPI000038F988,Acoase/IPM_deHydtase_lsu_aba
12210,Clo1313_2884,IPR018136,UPI000038F988,Aconitase_4Fe-4S_BS
12211,Clo1313_2884,IPR036008,UPI000038F988,Aconitase_4Fe-4S_dom
12212,Clo1313_2884,IPR011826,UPI000038F988,HAcnase/IPMdehydase_lsu_prok
12213,Clo1313_2884,IPR006251,UPI000038F988,Homoacnase/IPMdehydase_lsu
12214,Clo1313_2884,IPR050067,UPI000038F988,IPM_dehydratase_rel_enz
12215,Clo1313_2884,IPR033941,UPI000038F988,IPMI_cat
12216,Clo1313_2884,IPR011823,UPI000038F988,IsopropMal_deHydtase_lsu_bac
12217,Clo1313_2884,,UPI000038F988,
12218,Clo1313_2885,IPR003313,UPI000053674D,AraC-bd
12219,Clo1313_2885,IPR009057,UPI000053674D,Homeodomain-like_sf
12220,Clo1313_2885,IPR037923,UPI000053674D,HTH-like
12221,Clo1313_2885,IPR018060,UPI000053674D,HTH_AraC
12222,Clo1313_2885,IPR018062,UPI000053674D,HTH_AraC-typ_CS
12223,Clo1313_2885,IPR014710,UPI000053674D,RmlC-like_jellyroll
12224,Clo1313_2885,IPR020449,UPI000053674D,Tscrpt_reg_AraC-type_HTH
12225,Clo1313_2885,,UPI000053674D,
12226,Clo1313_2886,IPR019264,UPI000038F986,DUF2179
12227,Clo1313_2886,IPR044035,UPI000038F986,DUF5698
12228,Clo1313_2886,IPR015867,UPI000038F986,N-reg_PII/ATP_PRibTrfase_C
12229,Clo1313_2886,IPR022930,UPI000038F986,UPF0316
12230,Clo1313_2886,,UPI000038F986,
12231,Clo1313_2887,IPR000073,UPI000038F985,AB_hydrolase_1
12232,Clo1313_2887,IPR029058,UPI000038F985,AB_hydrolase_fold
12233,Clo1313_2887,IPR052920,UPI000038F985,DNA-binding_regulatory
12234,Clo1313_2887,,UPI000038F985,
12235,Clo1313_2888,IPR047199,UPI000038F984,CorA-like
12236,Clo1313_2888,IPR045861,UPI000038F984,CorA_cytoplasmic_dom
12237,Clo1313_2888,IPR045863,UPI000038F984,CorA_TM1_TM2
12238,Clo1313_2888,IPR002523,UPI000038F984,MgTranspt_CorA/ZnTranspt_ZntB
12239,Clo1313_2888,,UPI000038F984,
12240,Clo1313_2889,IPR007809,UPI000038F983,FlgN-like
12241,Clo1313_2889,IPR036679,UPI000038F983,FlgN-like_sf
12242,Clo1313_2889,,UPI000038F983,
12243,Clo1313_2890,IPR003713,UPI000038F982,FliS
12244,Clo1313_2890,IPR036584,UPI000038F982,FliS_sf
12245,Clo1313_2890,,UPI000038F982,
12246,Clo1313_2891,IPR040026,UPI000038F981,FliD
12247,Clo1313_2891,IPR010809,UPI000038F981,FliD_C
12248,Clo1313_2891,IPR003481,UPI000038F981,FliD_N
12249,Clo1313_2891,,UPI000038F981,
12250,Clo1313_2892,IPR005186,UPI0001B1F05B,FlaG
12251,Clo1313_2892,IPR035924,UPI0001B1F05B,FlaG-like_sf
12252,Clo1313_2892,,UPI0001B1F05B,
12253,Clo1313_2893,IPR001509,UPI00005375C0,Epimerase_deHydtase
12254,Clo1313_2893,IPR036291,UPI00005375C0,NAD(P)-bd_dom_sf
12255,Clo1313_2893,,UPI00005375C0,
12256,Clo1313_2894,IPR000653,UPI000038F97E,DegT/StrS_aminotransferase
12257,Clo1313_2894,IPR020026,UPI000038F97E,PseC
12258,Clo1313_2894,IPR015424,UPI000038F97E,PyrdxlP-dep_Trfase
12259,Clo1313_2894,IPR015421,UPI000038F97E,PyrdxlP-dep_Trfase_major
12260,Clo1313_2894,IPR015422,UPI000038F97E,PyrdxlP-dep_Trfase_small
12261,Clo1313_2894,,UPI000038F97E,
12262,Clo1313_2895,IPR007235,UPI00017E1974,Glyco_trans_28_C
12263,Clo1313_2895,IPR020023,UPI00017E1974,PseG
12264,Clo1313_2895,,UPI00017E1974,
12265,Clo1313_2896,IPR003737,UPI00017E1975,GlcNAc_PI_deacetylase-related
12266,Clo1313_2896,IPR024078,UPI00017E1975,LmbE-like_dom_sf
12267,Clo1313_2896,,UPI00017E1975,
12268,Clo1313_2897,IPR049355,UPI000038F97B,Formyl_trans-like_C
12269,Clo1313_2897,IPR002376,UPI000038F97B,Formyl_transf_N
12270,Clo1313_2897,IPR036477,UPI000038F97B,Formyl_transf_N_sf
12271,Clo1313_2897,IPR011034,UPI000038F97B,Formyl_transferase-like_C_sf
12272,Clo1313_2897,,UPI000038F97B,
12273,Clo1313_2898,IPR029068,UPI00003C8CD9,Glyas_Bleomycin-R_OHBP_Dase
12274,Clo1313_2898,IPR051785,UPI00003C8CD9,MMCE/EMCE_epimerase
12275,Clo1313_2898,IPR037523,UPI00003C8CD9,VOC_core
12276,Clo1313_2898,,UPI00003C8CD9,
12277,Clo1313_2899,IPR016181,UPI000053173B,Acyl_CoA_acyltransferase
12278,Clo1313_2899,IPR004274,UPI000053173B,FCP1_dom
12279,Clo1313_2899,IPR010037,UPI000053173B,FkbH_domain
12280,Clo1313_2899,IPR036412,UPI000053173B,HAD-like_sf
12281,Clo1313_2899,IPR023214,UPI000053173B,HAD_sf
12282,Clo1313_2899,IPR010033,UPI000053173B,HAD_SF_ppase_IIIC
12283,Clo1313_2899,IPR035679,UPI000053173B,MDP-1_euk
12284,Clo1313_2899,IPR036514,UPI000053173B,SGNH_hydro_sf
12285,Clo1313_2899,,UPI000053173B,
12286,Clo1313_2900,IPR036736,UPI000038F978,ACP-like_sf
12287,Clo1313_2900,IPR009081,UPI000038F978,PP-bd_ACP
12288,Clo1313_2900,,UPI000038F978,
12289,Clo1313_2901,IPR016181,UPI000038F977,Acyl_CoA_acyltransferase
12290,Clo1313_2901,IPR000182,UPI000038F977,GNAT_dom
12291,Clo1313_2901,IPR020036,UPI000038F977,PseH
12292,Clo1313_2901,,UPI000038F977,
12293,Clo1313_2902,IPR036732,UPI0001B1F05A,AFP_Neu5c_C_sf
12294,Clo1313_2902,IPR013785,UPI0001B1F05A,Aldolase_TIM
12295,Clo1313_2902,IPR051690,UPI0001B1F05A,PseI-like
12296,Clo1313_2902,IPR013132,UPI0001B1F05A,PseI/NeuA/B-like_N
12297,Clo1313_2902,IPR020030,UPI0001B1F05A,Pseudaminic_synth_PseI
12298,Clo1313_2902,IPR013974,UPI0001B1F05A,SAF
12299,Clo1313_2902,IPR006190,UPI0001B1F05A,SAF_AFP_Neu5Ac
12300,Clo1313_2902,IPR057736,UPI0001B1F05A,SAF_PseI/NeuA/NeuB
12301,Clo1313_2902,,UPI0001B1F05A,
12302,Clo1313_2903,IPR003329,UPI000038F975,Cytidylyl_trans
12303,Clo1313_2903,IPR029044,UPI000038F975,Nucleotide-diphossugar_trans
12304,Clo1313_2903,,UPI000038F975,
12305,Clo1313_2904,IPR013216,UPI000038F974,Methyltransf_11
12306,Clo1313_2904,IPR020027,UPI000038F974,Pseudamin_synth-assoc_MeTrfase
12307,Clo1313_2904,IPR029063,UPI000038F974,SAM-dependent_MTases_sf
12308,Clo1313_2904,,UPI000038F974,
12309,Clo1313_2905,IPR036291,UPI000038F973,NAD(P)-bd_dom_sf
12310,Clo1313_2905,IPR003869,UPI000038F973,Polysac_CapD-like
12311,Clo1313_2905,IPR051203,UPI000038F973,Polysaccharide_Synthase-Rel
12312,Clo1313_2905,,UPI000038F973,
12313,Clo1313_2906,IPR002826,UPI000038F972,MptE-like
12314,Clo1313_2906,,UPI000038F972,
12315,Clo1313_2907,IPR058355,UPI000038F971,DUF8042
12316,Clo1313_2907,,UPI000038F971,
12317,Clo1313_2908,IPR002826,UPI00017E1B08,MptE-like
12318,Clo1313_2908,,UPI00017E1B08,
12319,Clo1313_2909,IPR001492,UPI00017E1B09,Flagellin
12320,Clo1313_2909,IPR046358,UPI00017E1B09,Flagellin_C
12321,Clo1313_2909,IPR042187,UPI00017E1B09,Flagellin_C_sub2
12322,Clo1313_2909,IPR001029,UPI00017E1B09,Flagellin_N
12323,Clo1313_2909,,UPI00017E1B09,
12324,Clo1313_2910,IPR001492,UPI000038F96E,Flagellin
12325,Clo1313_2910,IPR046358,UPI000038F96E,Flagellin_C
12326,Clo1313_2910,IPR042187,UPI000038F96E,Flagellin_C_sub2
12327,Clo1313_2910,IPR001029,UPI000038F96E,Flagellin_N
12328,Clo1313_2910,,UPI000038F96E,
12329,Clo1313_2911,IPR016161,UPI000038F96D,Ald_DH/histidinol_DH
12330,Clo1313_2911,IPR016163,UPI000038F96D,Ald_DH_C
12331,Clo1313_2911,IPR016160,UPI000038F96D,Ald_DH_CS_CYS
12332,Clo1313_2911,IPR029510,UPI000038F96D,Ald_DH_CS_GLU
12333,Clo1313_2911,IPR016162,UPI000038F96D,Ald_DH_N
12334,Clo1313_2911,IPR015590,UPI000038F96D,Aldehyde_DH_dom
12335,Clo1313_2911,IPR012394,UPI000038F96D,Aldehyde_DH_NAD(P)
12336,Clo1313_2911,,UPI000038F96D,
12337,Clo1313_2912,IPR003751,UPI00017E1B0B,CsrA
12338,Clo1313_2912,IPR036107,UPI00017E1B0B,CsrA_sf
12339,Clo1313_2912,,UPI00017E1B0B,
12340,Clo1313_2913,IPR003775,UPI000038F96B,Flagellar_assembly_factor_FliW
12341,Clo1313_2913,IPR024046,UPI000038F96B,Flagellar_assmbl_FliW_dom_sf
12342,Clo1313_2913,,UPI000038F96B,
12343,Clo1313_2914,IPR045527,UPI00003C8CDB,DUF6470
12344,Clo1313_2914,,UPI00003C8CDB,
12345,Clo1313_2915,IPR013384,UPI000038F969,Flagell_FlgL
12346,Clo1313_2915,IPR001492,UPI000038F969,Flagellin
12347,Clo1313_2915,IPR046358,UPI000038F969,Flagellin_C
12348,Clo1313_2915,IPR001029,UPI000038F969,Flagellin_N
12349,Clo1313_2915,,UPI000038F969,
12350,Clo1313_2916,IPR001444,UPI000038F968,Flag_bb_rod_N
12351,Clo1313_2916,IPR010930,UPI000038F968,Flg_bb/hook_C_dom
12352,Clo1313_2916,IPR002371,UPI000038F968,FlgK
12353,Clo1313_2916,IPR053927,UPI000038F968,FlgK_helical
12354,Clo1313_2916,,UPI000038F968,
12355,Clo1313_2917,IPR001444,UPI0001B1EDE8,Flag_bb_rod_N
12356,Clo1313_2917,IPR010930,UPI0001B1EDE8,Flg_bb/hook_C_dom
12357,Clo1313_2917,IPR002371,UPI0001B1EDE8,FlgK
12358,Clo1313_2917,IPR053927,UPI0001B1EDE8,FlgK_helical
12359,Clo1313_2917,,UPI0001B1EDE8,
12360,Clo1313_2918,IPR007809,UPI00003C8CDD,FlgN-like
12361,Clo1313_2918,IPR036679,UPI00003C8CDD,FlgN-like_sf
12362,Clo1313_2918,,UPI00003C8CDD,
12363,Clo1313_2919,IPR035890,UPI00003C8CDE,Anti-sigma-28_factor_FlgM_sf
12364,Clo1313_2919,IPR007412,UPI00003C8CDE,FlgM
12365,Clo1313_2919,IPR031316,UPI00003C8CDE,FlgM_C
12366,Clo1313_2919,,UPI00003C8CDE,
12367,Clo1313_2920,,UPI0000533B97,
12368,Clo1313_2921,IPR051910,UPI0001B1EDE7,ComF/GntX_DNA_util-trans
12369,Clo1313_2921,IPR044005,UPI0001B1EDE7,DZR_2
12370,Clo1313_2921,IPR029057,UPI0001B1EDE7,PRTase-like
12371,Clo1313_2921,IPR000836,UPI0001B1EDE7,PRTase_dom
12372,Clo1313_2921,,UPI0001B1EDE7,
12373,Clo1313_2922,IPR003593,UPI0001B1EDE6,AAA+_ATPase
12374,Clo1313_2922,IPR050534,UPI0001B1EDE6,Coronavir_polyprotein_1ab
12375,Clo1313_2922,IPR027417,UPI0001B1EDE6,P-loop_NTPase
12376,Clo1313_2922,IPR006345,UPI0001B1EDE6,RecD2
12377,Clo1313_2922,IPR029493,UPI0001B1EDE6,RecD2-like_HHH
12378,Clo1313_2922,IPR055446,UPI0001B1EDE6,RecD2_N_OB
12379,Clo1313_2922,IPR041451,UPI0001B1EDE6,RecD2_SH13
12380,Clo1313_2922,IPR010994,UPI0001B1EDE6,RuvA_2-like
12381,Clo1313_2922,IPR027785,UPI0001B1EDE6,UvrD-like_helicase_C
12382,Clo1313_2922,,UPI0001B1EDE6,
12383,Clo1313_2923,,UPI0000F21934,
12384,Clo1313_2924,IPR022631,UPI0000F21935,ADOMET_SYNTHASE_CS
12385,Clo1313_2924,IPR022630,UPI0000F21935,S-AdoMet_synt_C
12386,Clo1313_2924,IPR022629,UPI0000F21935,S-AdoMet_synt_central
12387,Clo1313_2924,IPR022628,UPI0000F21935,S-AdoMet_synt_N
12388,Clo1313_2924,IPR002133,UPI0000F21935,S-AdoMet_synthetase
12389,Clo1313_2924,IPR022636,UPI0000F21935,S-AdoMet_synthetase_sfam
12390,Clo1313_2924,,UPI0000F21935,
12391,Clo1313_2925,IPR025540,UPI00005381D3,FlK
12392,Clo1313_2925,IPR054485,UPI00005381D3,FlK-like_dom
12393,Clo1313_2925,IPR029069,UPI00005381D3,HotDog_dom_sf
12394,Clo1313_2925,,UPI00005381D3,
12395,Clo1313_2926,IPR003593,UPI0000F21936,AAA+_ATPase
12396,Clo1313_2926,IPR041569,UPI0000F21936,AAA_lid_3
12397,Clo1313_2926,IPR003959,UPI0000F21936,ATPase_AAA_core
12398,Clo1313_2926,IPR003960,UPI0000F21936,ATPase_AAA_CS
12399,Clo1313_2926,IPR005936,UPI0000F21936,FtsH
12400,Clo1313_2926,IPR027417,UPI0000F21936,P-loop_NTPase
12401,Clo1313_2926,IPR011546,UPI0000F21936,Pept_M41_FtsH_extracell
12402,Clo1313_2926,IPR000642,UPI0000F21936,Peptidase_M41
12403,Clo1313_2926,IPR037219,UPI0000F21936,Peptidase_M41-like
12404,Clo1313_2926,,UPI0000F21936,
12405,Clo1313_2927,IPR050408,UPI0000F21937,HGPRT
12406,Clo1313_2927,IPR005904,UPI0000F21937,Hxn_phspho_trans
12407,Clo1313_2927,IPR029057,UPI0000F21937,PRTase-like
12408,Clo1313_2927,IPR000836,UPI0000F21937,PRTase_dom
12409,Clo1313_2927,,UPI0000F21937,
12410,Clo1313_2928,IPR012796,UPI0000F21938,Lysidine-tRNA-synth_C
12411,Clo1313_2928,IPR020825,UPI0000F21938,Phe-tRNA_synthase-like_B3/B4
12412,Clo1313_2928,IPR014729,UPI0000F21938,Rossmann-like_a/b/a_fold
12413,Clo1313_2928,IPR011063,UPI0000F21938,TilS/TtcA_N
12414,Clo1313_2928,IPR012094,UPI0000F21938,tRNA_Ile_lys_synt
12415,Clo1313_2928,IPR012795,UPI0000F21938,tRNA_Ile_lys_synt_N
12416,Clo1313_2928,,UPI0000F21938,
12417,Clo1313_2929,IPR036185,UPI0000537229,DNA_heli_DnaB-like_N_sf
12418,Clo1313_2929,IPR007692,UPI0000537229,DNA_helicase_DnaB
12419,Clo1313_2929,IPR007694,UPI0000537229,DNA_helicase_DnaB-like_C
12420,Clo1313_2929,IPR007693,UPI0000537229,DNA_helicase_DnaB-like_N
12421,Clo1313_2929,IPR016136,UPI0000537229,DNA_helicase_N/primase_C
12422,Clo1313_2929,IPR027417,UPI0000537229,P-loop_NTPase
12423,Clo1313_2929,,UPI0000537229,
12424,Clo1313_2930,IPR000244,UPI00003C8E3D,Ribosomal_bL9
12425,Clo1313_2930,IPR009027,UPI00003C8E3D,Ribosomal_bL9/RNase_H1_N
12426,Clo1313_2930,IPR020594,UPI00003C8E3D,Ribosomal_bL9_bact/chp
12427,Clo1313_2930,IPR020069,UPI00003C8E3D,Ribosomal_bL9_C
12428,Clo1313_2930,IPR036791,UPI00003C8E3D,Ribosomal_bL9_C_sf
12429,Clo1313_2930,IPR020070,UPI00003C8E3D,Ribosomal_bL9_N
12430,Clo1313_2930,IPR036935,UPI00003C8E3D,Ribosomal_bL9_N_sf
12431,Clo1313_2930,,UPI00003C8E3D,
12432,Clo1313_2931,IPR001667,UPI0001B1EDB4,DDH_dom
12433,Clo1313_2931,IPR038763,UPI0001B1EDB4,DHH_sf
12434,Clo1313_2931,IPR003156,UPI0001B1EDB4,DHHA1_dom
12435,Clo1313_2931,IPR014528,UPI0001B1EDB4,GdpP/PdeA
12436,Clo1313_2931,IPR051319,UPI0001B1EDB4,Oligoribo/pAp-PDE_c-di-AMP_PDE
12437,Clo1313_2931,,UPI0001B1EDB4,
12438,Clo1313_2932,IPR025984,UPI00003C8E3F,DCTPP
12439,Clo1313_2932,,UPI00003C8E3F,
12440,Clo1313_2933,IPR045865,UPI00003C8E40,ACT-like_dom_sf
12441,Clo1313_2933,IPR002912,UPI00003C8E40,ACT_dom
12442,Clo1313_2933,IPR001086,UPI00003C8E40,Preph_deHydtase
12443,Clo1313_2933,IPR018528,UPI00003C8E40,Preph_deHydtase_CS
12444,Clo1313_2933,,UPI00003C8E40,
12445,Clo1313_2934,IPR028987,UPI0001B1EDB3,ATP_synth_B-like_membr_sf
12446,Clo1313_2934,,UPI0001B1EDB3,
12447,Clo1313_2935,IPR002490,UPI000038F909,V-ATPase_116kDa_su
12448,Clo1313_2935,,UPI000038F909,
12449,Clo1313_2936,IPR002379,UPI000038F90A,ATPase_proteolipid_c-like_dom
12450,Clo1313_2936,IPR035921,UPI000038F90A,F/V-ATP_Csub_sf
12451,Clo1313_2936,,UPI000038F90A,
12452,Clo1313_2937,IPR038495,UPI000038F90B,ATPase_E_C
12453,Clo1313_2937,IPR002842,UPI000038F90B,ATPase_V1_Esu
12454,Clo1313_2937,,UPI000038F90B,
12455,Clo1313_2938,IPR036079,UPI0001B1EDB2,ATPase_csu/dsu_sf
12456,Clo1313_2938,IPR002843,UPI0001B1EDB2,ATPase_V0-cplx_csu/dsu
12457,Clo1313_2938,IPR050873,UPI0001B1EDB2,V-ATPase_V0D/AC39_subunit
12458,Clo1313_2938,IPR035067,UPI0001B1EDB2,V-type_ATPase_csu/dsu
12459,Clo1313_2938,IPR044911,UPI0001B1EDB2,V-type_ATPase_csu/dsu_dom_3
12460,Clo1313_2938,,UPI0001B1EDB2,
12461,Clo1313_2939,IPR008218,UPI0001B1EDB1,ATPase_V1-cplx_f_g_su
12462,Clo1313_2939,IPR036906,UPI0001B1EDB1,ATPase_V1_fsu_sf
12463,Clo1313_2939,,UPI0001B1EDB1,
12464,Clo1313_2940,IPR055190,UPI00017E2965,ATP-synt_VA_C
12465,Clo1313_2940,IPR031686,UPI00017E2965,ATP-synth_a_Xtn
12466,Clo1313_2940,IPR023366,UPI00017E2965,ATP_synth_asu-like_sf
12467,Clo1313_2940,IPR020003,UPI00017E2965,ATPase_a/bsu_AS
12468,Clo1313_2940,IPR004100,UPI00017E2965,ATPase_F1/V1/A1_a/bsu_N
12469,Clo1313_2940,IPR036121,UPI00017E2965,ATPase_F1/V1/A1_a/bsu_N_sf
12470,Clo1313_2940,IPR000194,UPI00017E2965,ATPase_F1/V1/A1_a/bsu_nucl-bd
12471,Clo1313_2940,IPR024034,UPI00017E2965,ATPase_F1/V1_b/a_C
12472,Clo1313_2940,IPR027417,UPI00017E2965,P-loop_NTPase
12473,Clo1313_2940,IPR022878,UPI00017E2965,V-ATPase_asu
12474,Clo1313_2940,,UPI00017E2965,
12475,Clo1313_2941,IPR055190,UPI000038F90F,ATP-synt_VA_C
12476,Clo1313_2941,IPR020003,UPI000038F90F,ATPase_a/bsu_AS
12477,Clo1313_2941,IPR004100,UPI000038F90F,ATPase_F1/V1/A1_a/bsu_N
12478,Clo1313_2941,IPR000194,UPI000038F90F,ATPase_F1/V1/A1_a/bsu_nucl-bd
12479,Clo1313_2941,IPR027417,UPI000038F90F,P-loop_NTPase
12480,Clo1313_2941,IPR022879,UPI000038F90F,V-ATPase_su_B/beta
12481,Clo1313_2941,,UPI000038F90F,
12482,Clo1313_2942,IPR002699,UPI0001B1EDB0,V_ATPase_D
12483,Clo1313_2942,,UPI0001B1EDB0,
12484,Clo1313_2943,IPR003593,UPI00017E2966,AAA+_ATPase
12485,Clo1313_2943,IPR003439,UPI00017E2966,ABC_transporter-like_ATP-bd
12486,Clo1313_2943,IPR017871,UPI00017E2966,ABC_transporter-like_CS
12487,Clo1313_2943,IPR050611,UPI00017E2966,ABCF
12488,Clo1313_2943,IPR027417,UPI00017E2966,P-loop_NTPase
12489,Clo1313_2943,,UPI00017E2966,
12490,Clo1313_2944,IPR002105,UPI00003C8E43,Dockerin_1_rpt
12491,Clo1313_2944,IPR016134,UPI00003C8E43,Dockerin_dom
12492,Clo1313_2944,IPR036439,UPI00003C8E43,Dockerin_dom_sf
12493,Clo1313_2944,IPR018247,UPI00003C8E43,EF_Hand_1_Ca_BS
12494,Clo1313_2944,,UPI00003C8E43,
12495,Clo1313_2945,IPR018709,UPI0000536AD8,CoA_activase_DUF2229
12496,Clo1313_2945,IPR051805,UPI0000536AD8,Dehydratase_Activator_Redct
12497,Clo1313_2945,,UPI0000536AD8,
12498,Clo1313_2946,IPR051805,UPI000038F914,Dehydratase_Activator_Redct
12499,Clo1313_2946,,UPI000038F914,
12500,Clo1313_2947,,UPI0001B1EDAF,
12501,Clo1313_2949,,UPI00003C8E47,
12502,Clo1313_2950,IPR003593,UPI00003C8E48,AAA+_ATPase
12503,Clo1313_2950,IPR003959,UPI00003C8E48,ATPase_AAA_core
12504,Clo1313_2950,IPR003960,UPI00003C8E48,ATPase_AAA_CS
12505,Clo1313_2950,IPR027417,UPI00003C8E48,P-loop_NTPase
12506,Clo1313_2950,IPR011546,UPI00003C8E48,Pept_M41_FtsH_extracell
12507,Clo1313_2950,,UPI00003C8E48,
12508,Clo1313_2951,,UPI00003C8E49,
12509,Clo1313_2952,IPR018313,UPI00005379B2,SBP_3_CS
12510,Clo1313_2952,IPR001638,UPI00005379B2,Solute-binding_3/MltF_N
12511,Clo1313_2952,,UPI00005379B2,
12512,Clo1313_2953,IPR010065,UPI000038FD0A,AA_ABC_transptr_permease_3TM
12513,Clo1313_2953,IPR043429,UPI000038FD0A,ArtM/GltK/GlnP/TcyL/YhdX-like
12514,Clo1313_2953,IPR000515,UPI000038FD0A,MetI-like
12515,Clo1313_2953,IPR035906,UPI000038FD0A,MetI-like_sf
12516,Clo1313_2953,,UPI000038FD0A,
12517,Clo1313_2954,IPR003593,UPI00017E2969,AAA+_ATPase
12518,Clo1313_2954,IPR030679,UPI00017E2969,ABC_ATPase_HisP-typ
12519,Clo1313_2954,IPR003439,UPI00017E2969,ABC_transporter-like_ATP-bd
12520,Clo1313_2954,IPR017871,UPI00017E2969,ABC_transporter-like_CS
12521,Clo1313_2954,IPR050086,UPI00017E2969,MetN_ABC_transporter-like
12522,Clo1313_2954,IPR027417,UPI00017E2969,P-loop_NTPase
12523,Clo1313_2954,,UPI00017E2969,
12524,Clo1313_2955,IPR008248,UPI000038FD0D,CheB-like
12525,Clo1313_2955,IPR035909,UPI000038FD0D,CheB_C
12526,Clo1313_2955,IPR011006,UPI000038FD0D,CheY-like_superfamily
12527,Clo1313_2955,IPR000673,UPI000038FD0D,Sig_transdc_resp-reg_Me-estase
12528,Clo1313_2955,IPR001789,UPI000038FD0D,Sig_transdc_resp-reg_receiver
12529,Clo1313_2955,,UPI000038FD0D,
12530,Clo1313_2956,IPR050903,UPI0001B1EDAD,Bact_Chemotaxis_MeTrfase
12531,Clo1313_2956,IPR022642,UPI0001B1EDAD,CheR_C
12532,Clo1313_2956,IPR000780,UPI0001B1EDAD,CheR_MeTrfase
12533,Clo1313_2956,IPR036804,UPI0001B1EDAD,CheR_N_sf
12534,Clo1313_2956,IPR029063,UPI0001B1EDAD,SAM-dependent_MTases_sf
12535,Clo1313_2956,,UPI0001B1EDAD,
12536,Clo1313_2957,IPR004090,UPI00003C8E4C,Chemotax_Me-accpt_rcpt
12537,Clo1313_2957,IPR004089,UPI00003C8E4C,MCPsignal_dom
12538,Clo1313_2957,,UPI00003C8E4C,
12539,Clo1313_2958,IPR051315,UPI00003C8E4D,Bact_Chemotaxis_CheA
12540,Clo1313_2958,IPR004105,UPI00003C8E4D,CheA-like_dim
12541,Clo1313_2958,IPR037006,UPI00003C8E4D,CheA-like_homodim_sf
12542,Clo1313_2958,IPR037052,UPI00003C8E4D,CheA-like_P2_sf
12543,Clo1313_2958,IPR010808,UPI00003C8E4D,CheA_P2-bd
12544,Clo1313_2958,IPR036061,UPI00003C8E4D,CheW-like_dom_sf
12545,Clo1313_2958,IPR002545,UPI00003C8E4D,CheW-lke_dom
12546,Clo1313_2958,IPR035891,UPI00003C8E4D,CheY-binding_CheA
12547,Clo1313_2958,IPR036890,UPI00003C8E4D,HATPase_C_sf
12548,Clo1313_2958,IPR003594,UPI00003C8E4D,HATPase_dom
12549,Clo1313_2958,IPR005467,UPI00003C8E4D,His_kinase_dom
12550,Clo1313_2958,IPR036097,UPI00003C8E4D,HisK_dim/P_sf
12551,Clo1313_2958,IPR036641,UPI00003C8E4D,HPT_dom_sf
12552,Clo1313_2958,IPR004358,UPI00003C8E4D,Sig_transdc_His_kin-like_C
12553,Clo1313_2958,IPR008207,UPI00003C8E4D,Sig_transdc_His_kin_Hpt_dom
12554,Clo1313_2958,,UPI00003C8E4D,
12555,Clo1313_2959,IPR039315,UPI0001F32959,CheW
12556,Clo1313_2959,IPR036061,UPI0001F32959,CheW-like_dom_sf
12557,Clo1313_2959,IPR002545,UPI0001F32959,CheW-lke_dom
12558,Clo1313_2959,,UPI0001F32959,
12559,Clo1313_2961,IPR011010,UPI00003C8E4F,DNA_brk_join_enz
12560,Clo1313_2961,IPR013762,UPI00003C8E4F,Integrase-like_cat_sf
12561,Clo1313_2961,IPR002104,UPI00003C8E4F,Integrase_catalytic
12562,Clo1313_2961,,UPI00003C8E4F,
12563,Clo1313_2962,IPR009057,UPI00003C8E50,Homeodomain-like_sf
12564,Clo1313_2962,IPR018060,UPI00003C8E50,HTH_AraC
12565,Clo1313_2962,IPR018062,UPI00003C8E50,HTH_AraC-typ_CS
12566,Clo1313_2962,IPR020449,UPI00003C8E50,Tscrpt_reg_AraC-type_HTH
12567,Clo1313_2962,,UPI00003C8E50,
12568,Clo1313_2963,IPR008914,UPI000038F918,PEBP
12569,Clo1313_2963,IPR036610,UPI000038F918,PEBP-like_sf
12570,Clo1313_2963,IPR005247,UPI000038F918,YbhB_YbcL/LppC-like
12571,Clo1313_2963,,UPI000038F918,
12572,Clo1313_2964,,UPI000038F919,
12573,Clo1313_2965,IPR003593,UPI00003C8E51,AAA+_ATPase
12574,Clo1313_2965,IPR003439,UPI00003C8E51,ABC_transporter-like_ATP-bd
12575,Clo1313_2965,IPR017871,UPI00003C8E51,ABC_transporter-like_CS
12576,Clo1313_2965,IPR027417,UPI00003C8E51,P-loop_NTPase
12577,Clo1313_2965,,UPI00003C8E51,
12578,Clo1313_2966,,UPI0001B1EFA4,
12579,Clo1313_2967,,UPI0001F3295A,
12580,Clo1313_2968,,UPI00003C8BA3,
12581,Clo1313_2969,IPR021127,UPI000038F9AB,CRISPR_associated_Cas2
12582,Clo1313_2969,IPR019199,UPI000038F9AB,Virulence_VapD/CRISPR_Cas2
12583,Clo1313_2969,,UPI000038F9AB,
12584,Clo1313_2970,IPR002729,UPI00003C8BA2,CRISPR-assoc_Cas1
12585,Clo1313_2970,IPR042206,UPI00003C8BA2,CRISPR-assoc_Cas1_C
12586,Clo1313_2970,IPR019858,UPI00003C8BA2,CRISPR-assoc_Cas1_HMARI/TNEAP
12587,Clo1313_2970,IPR042211,UPI00003C8BA2,CRISPR-assoc_Cas1_N
12588,Clo1313_2970,,UPI00003C8BA2,
12589,Clo1313_2971,IPR013343,UPI00003C8BA1,CRISPR-assoc_prot_Cas4
12590,Clo1313_2971,IPR022765,UPI00003C8BA1,Dna2/Cas4_DUF83
12591,Clo1313_2971,IPR011604,UPI00003C8BA1,PDDEXK-like_dom_sf
12592,Clo1313_2971,,UPI00003C8BA1,
12593,Clo1313_2972,IPR054712,UPI0000533C43,Cas3-like_dom
12594,Clo1313_2972,IPR006483,UPI0000533C43,CRISPR-assoc_Cas3_HD
12595,Clo1313_2972,IPR038257,UPI0000533C43,CRISPR-assoc_Cas3_HD_sf
12596,Clo1313_2972,IPR011545,UPI0000533C43,DEAD/DEAH_box_helicase_dom
12597,Clo1313_2972,IPR050079,UPI0000533C43,DEAD_box_RNA_helicase
12598,Clo1313_2972,IPR014001,UPI0000533C43,Helicase_ATP-bd
12599,Clo1313_2972,IPR001650,UPI0000533C43,Helicase_C-like
12600,Clo1313_2972,IPR006474,UPI0000533C43,Helicase_Cas3_CRISPR-ass_core
12601,Clo1313_2972,IPR027417,UPI0000533C43,P-loop_NTPase
12602,Clo1313_2972,,UPI0000533C43,
12603,Clo1313_2973,IPR021124,UPI0001B1EFA1,CRISPR-assoc_prot_Cas5
12604,Clo1313_2973,IPR013422,UPI0001B1EFA1,CRISPR-assoc_prot_Cas5_N
12605,Clo1313_2973,,UPI0001B1EFA1,
12606,Clo1313_2974,IPR013414,UPI000038F9B0,Cas7/Cst2/DevR_sub_I-B/Tneap
12607,Clo1313_2974,IPR010154,UPI000038F9B0,CRISPR-assoc_Cas7/Cst2/DevR
12608,Clo1313_2974,,UPI000038F9B0,
12609,Clo1313_2975,,UPI000038F9B1,
12610,Clo1313_2976,IPR049435,UPI000038F9B2,Cas_Cas6_C
12611,Clo1313_2976,IPR010156,UPI000038F9B2,CRISPR-assoc_prot_Cas6
12612,Clo1313_2976,IPR045747,UPI000038F9B2,CRISPR-assoc_prot_Cas6_N_sf
12613,Clo1313_2976,,UPI000038F9B2,
12614,Clo1313_2977,IPR029041,UPI00003C8BA0,FAD-linked_oxidoreductase-like
12615,Clo1313_2977,IPR003171,UPI00003C8BA0,Mehydrof_redctse-like
12616,Clo1313_2977,,UPI00003C8BA0,
12617,Clo1313_2978,IPR003824,UPI00017E27C5,UppP
12618,Clo1313_2978,,UPI00017E27C5,
12619,Clo1313_2979,IPR002528,UPI00005334E2,MATE_fam
12620,Clo1313_2979,IPR050222,UPI00005334E2,MATE_MdtK
12621,Clo1313_2979,IPR048279,UPI00005334E2,MdtK-like
12622,Clo1313_2979,,UPI00005334E2,
12623,Clo1313_2980,IPR050669,UPI00003C8B9F,Hemerythrin
12624,Clo1313_2980,IPR012312,UPI00003C8B9F,Hemerythrin-like
12625,Clo1313_2980,IPR035938,UPI00003C8B9F,Hemerythrin-like_sf
12626,Clo1313_2980,IPR012827,UPI00003C8B9F,Hemerythrin_metal-bd
12627,Clo1313_2980,,UPI00003C8B9F,
12628,Clo1313_2981,IPR028976,UPI000038F9B8,CheC-like_sf
12629,Clo1313_2981,IPR038756,UPI000038F9B8,CheX-like
12630,Clo1313_2981,IPR028051,UPI000038F9B8,CheX-like_dom
12631,Clo1313_2981,,UPI000038F9B8,
12632,Clo1313_2982,IPR003010,UPI000038F9B9,C-N_Hydrolase
12633,Clo1313_2982,IPR036526,UPI000038F9B9,C-N_Hydrolase_sf
12634,Clo1313_2982,IPR052737,UPI000038F9B9,Omega-amidase_YafV
12635,Clo1313_2982,,UPI000038F9B9,
12636,Clo1313_2983,IPR012854,UPI000038F9BA,Cu_amine_oxidase-like_N
12637,Clo1313_2983,IPR029051,UPI000038F9BA,DUF4352
12638,Clo1313_2983,IPR029050,UPI000038F9BA,Immunoprotect_excell_Ig-like
12639,Clo1313_2983,IPR036582,UPI000038F9BA,Mao_N_sf
12640,Clo1313_2983,,UPI000038F9BA,
12641,Clo1313_2984,IPR037126,UPI00005317C1,PdaC/RsiV-like_sf
12642,Clo1313_2984,,UPI00005317C1,
12643,Clo1313_2985,IPR007329,UPI000038F9BD,FMN-bd
12644,Clo1313_2985,,UPI000038F9BD,
12645,Clo1313_2986,IPR051599,UPI00005317BF,Cell_Envelope_Assoc
12646,Clo1313_2986,IPR003848,UPI00005317BF,DUF218
12647,Clo1313_2986,IPR014729,UPI00005317BF,Rossmann-like_a/b/a_fold
12648,Clo1313_2986,,UPI00005317BF,
12649,Clo1313_2987,IPR029028,UPI0001B1EFA0,Alpha/beta_knot_MTases
12650,Clo1313_2987,IPR003742,UPI0001B1EFA0,RlmH-like
12651,Clo1313_2987,IPR029026,UPI0001B1EFA0,tRNA_m1G_MTases_N
12652,Clo1313_2987,,UPI0001B1EFA0,
12653,Clo1313_2988,IPR001279,UPI000038F9C6,Metallo-B-lactamas
12654,Clo1313_2988,IPR036866,UPI000038F9C6,RibonucZ/Hydroxyglut_hydro
12655,Clo1313_2988,IPR052533,UPI000038F9C6,WalJ/YycJ-like
12656,Clo1313_2988,,UPI000038F9C6,
12657,Clo1313_2989,IPR001986,UPI0001B1EF9F,Enolpyruvate_Tfrase_dom
12658,Clo1313_2989,IPR036968,UPI0001B1EF9F,Enolpyruvate_Tfrase_sf
12659,Clo1313_2989,IPR050068,UPI0001B1EF9F,
12660,Clo1313_2989,IPR013792,UPI0001B1EF9F,RNA3'P_cycl/enolpyr_Trfase_a/b
12661,Clo1313_2989,IPR005750,UPI0001B1EF9F,UDP_GlcNAc_COvinyl_MurA
12662,Clo1313_2989,,UPI0001B1EF9F,
12663,Clo1313_2990,IPR018604,UPI0000537ADB,YycI-like
12664,Clo1313_2990,,UPI0000537ADB,
12665,Clo1313_2991,,UPI000038FD81,
12666,Clo1313_2992,,UPI00005340B2,
12667,Clo1313_2993,IPR050351,UPI000053237B,BphY/WalK/GraS-like
12668,Clo1313_2993,IPR003660,UPI000053237B,HAMP_dom
12669,Clo1313_2993,IPR036890,UPI000053237B,HATPase_C_sf
12670,Clo1313_2993,IPR003594,UPI000053237B,HATPase_dom
12671,Clo1313_2993,IPR005467,UPI000053237B,His_kinase_dom
12672,Clo1313_2993,IPR003661,UPI000053237B,HisK_dim/P_dom
12673,Clo1313_2993,IPR036097,UPI000053237B,HisK_dim/P_sf
12674,Clo1313_2993,IPR000014,UPI000053237B,PAS
12675,Clo1313_2993,IPR035965,UPI000053237B,PAS-like_dom_sf
12676,Clo1313_2993,IPR004358,UPI000053237B,Sig_transdc_His_kin-like_C
12677,Clo1313_2993,,UPI000053237B,
12678,Clo1313_2994,IPR011006,UPI00003C8E07,CheY-like_superfamily
12679,Clo1313_2994,IPR001867,UPI00003C8E07,OmpR/PhoB-type_DNA-bd
12680,Clo1313_2994,IPR016032,UPI00003C8E07,Sig_transdc_resp-reg_C-effctor
12681,Clo1313_2994,IPR001789,UPI00003C8E07,Sig_transdc_resp-reg_receiver
12682,Clo1313_2994,IPR047791,UPI00003C8E07,WalR
12683,Clo1313_2994,IPR039420,UPI00003C8E07,WalR-like
12684,Clo1313_2994,IPR036388,UPI00003C8E07,WH-like_DNA-bd_sf
12685,Clo1313_2994,,UPI00003C8E07,
12686,Clo1313_2995,,UPI0001B1EF5B,
12687,Clo1313_2996,IPR036638,UPI00003C8E08,HLH_DNA-bd_sf
12688,Clo1313_2996,IPR018540,UPI00003C8E08,Spo0E-like
12689,Clo1313_2996,IPR037208,UPI00003C8E08,Spo0E-like_sf
12690,Clo1313_2996,,UPI00003C8E08,
12691,Clo1313_2997,IPR036291,UPI0001B1EF5A,NAD(P)-bd_dom_sf
12692,Clo1313_2997,IPR003869,UPI0001B1EF5A,Polysac_CapD-like
12693,Clo1313_2997,IPR051203,UPI0001B1EF5A,Polysaccharide_Synthase-Rel
12694,Clo1313_2997,,UPI0001B1EF5A,
12695,Clo1313_2998,IPR050833,UPI0000F21957,Poly_Biosynth_Transport
12696,Clo1313_2998,,UPI0000F21957,
12697,Clo1313_2999,IPR001296,UPI0001B1EF59,Glyco_trans_1
12698,Clo1313_2999,IPR028098,UPI0001B1EF59,Glyco_trans_4-like_N
12699,Clo1313_2999,IPR050194,UPI0001B1EF59,Glycosyltransferase_grp1
12700,Clo1313_2999,,UPI0001B1EF59,
12701,Clo1313_3000,,UPI00017E62AC,
12702,Clo1313_3001,,UPI00003C9053,
12703,Clo1313_3002,IPR001296,UPI000038FC94,Glyco_trans_1
12704,Clo1313_3002,,UPI000038FC94,
12705,Clo1313_3003,IPR008927,UPI000038FC93,6-PGluconate_DH-like_C_sf
12706,Clo1313_3003,IPR036291,UPI000038FC93,NAD(P)-bd_dom_sf
12707,Clo1313_3003,IPR017476,UPI000038FC93,UDP-Glc/GDP-Man
12708,Clo1313_3003,IPR014027,UPI000038FC93,UDP-Glc/GDP-Man_DH_C
12709,Clo1313_3003,IPR036220,UPI000038FC93,UDP-Glc/GDP-Man_DH_C_sf
12710,Clo1313_3003,IPR014026,UPI000038FC93,UDP-Glc/GDP-Man_DH_dimer
12711,Clo1313_3003,IPR001732,UPI000038FC93,UDP-Glc/GDP-Man_DH_N
12712,Clo1313_3003,IPR028359,UPI000038FC93,UDP_ManNAc/GlcNAc_DH
12713,Clo1313_3003,,UPI000038FC93,
12714,Clo1313_3004,IPR001173,UPI00017E62AD,Glyco_trans_2-like
12715,Clo1313_3004,IPR029044,UPI00017E62AD,Nucleotide-diphossugar_trans
12716,Clo1313_3004,,UPI00017E62AD,
12717,Clo1313_3005,IPR016181,UPI0001F32968,Acyl_CoA_acyltransferase
12718,Clo1313_3005,IPR038740,UPI0001F32968,BioF2-like_GNAT_dom
12719,Clo1313_3005,IPR003447,UPI0001F32968,FEMABX
12720,Clo1313_3005,IPR050644,UPI0001F32968,PG_Glycine_Bridge_Synth
12721,Clo1313_3005,,UPI0001F32968,
12722,Clo1313_3006,IPR016181,UPI000038FC90,Acyl_CoA_acyltransferase
12723,Clo1313_3006,IPR000182,UPI000038FC90,GNAT_dom
12724,Clo1313_3006,IPR050276,UPI000038FC90,MshD_Acetyltransferase
12725,Clo1313_3006,,UPI000038FC90,
12726,Clo1313_3007,IPR003362,UPI000038FC8F,Bact_transf
12727,Clo1313_3007,,UPI000038FC8F,
12728,Clo1313_3008,IPR000653,UPI00017E66DD,DegT/StrS_aminotransferase
12729,Clo1313_3008,IPR015424,UPI00017E66DD,PyrdxlP-dep_Trfase
12730,Clo1313_3008,IPR015421,UPI00017E66DD,PyrdxlP-dep_Trfase_major
12731,Clo1313_3008,IPR015422,UPI00017E66DD,PyrdxlP-dep_Trfase_small
12732,Clo1313_3008,,UPI00017E66DD,
12733,Clo1313_3009,IPR007016,UPI0000535157,O-antigen_ligase-rel_domated
12734,Clo1313_3009,IPR011990,UPI0000535157,TPR-like_helical_dom_sf
12735,Clo1313_3009,IPR019734,UPI0000535157,TPR_rpt
12736,Clo1313_3009,IPR051533,UPI0000535157,WaaL-like
12737,Clo1313_3009,,UPI0000535157,
12738,Clo1313_3010,IPR050445,UPI0000F21963,Bact_polysacc_biosynth/exp
12739,Clo1313_3010,IPR032807,UPI0000F21963,GNVR
12740,Clo1313_3010,IPR003856,UPI0000F21963,LPS_length_determ_N
12741,Clo1313_3010,,UPI0000F21963,
12742,Clo1313_3011,IPR011081,UPI0001B1EF55,Big_4
12743,Clo1313_3011,IPR014755,UPI0001B1EF55,Cu-Rt/internalin_Ig-like
12744,Clo1313_3011,IPR032812,UPI0001B1EF55,SbsA_Ig
12745,Clo1313_3011,IPR001119,UPI0001B1EF55,SLH_dom
12746,Clo1313_3011,,UPI0001B1EF55,
12747,Clo1313_3012,IPR001448,UPI00003C90E3,SASP_alpha/beta-type
12748,Clo1313_3012,IPR018126,UPI00003C90E3,SASP_alpha/beta-type_CS
12749,Clo1313_3012,IPR038300,UPI00003C90E3,SASP_sf_alpha/beta
12750,Clo1313_3012,,UPI00003C90E3,
12751,Clo1313_3013,IPR011105,UPI0000537F95,Cell_wall_hydrolase_SleB
12752,Clo1313_3013,IPR042047,UPI0000537F95,SleB_dom1
12753,Clo1313_3013,,UPI0000537F95,
12754,Clo1313_3014,,UPI00005386AF,
12755,Clo1313_3015,IPR000644,UPI0000535B99,CBS_dom
12756,Clo1313_3015,IPR046342,UPI0000535B99,CBS_dom_sf
12757,Clo1313_3015,IPR051257,UPI0000535B99,Diverse_CBS-Domain
12758,Clo1313_3015,IPR017158,UPI0000535B99,Tscrpt-reg_CBS-contain_prd
12759,Clo1313_3015,,UPI0000535B99,
12760,Clo1313_3016,IPR029058,UPI0001B1EF54,AB_hydrolase_fold
12761,Clo1313_3016,IPR003344,UPI0001B1EF54,Big_1_dom
12762,Clo1313_3016,IPR013783,UPI0001B1EF54,Ig-like_fold
12763,Clo1313_3016,IPR008964,UPI0001B1EF54,Invasin/intimin_cell_adhesion
12764,Clo1313_3016,IPR012908,UPI0001B1EF54,PGAP1-ab_dom-like
12765,Clo1313_3016,,UPI0001B1EF54,
12766,Clo1313_3017,IPR013785,UPI000038FE06,Aldolase_TIM
12767,Clo1313_3017,IPR004393,UPI000038FE06,NadC
12768,Clo1313_3017,IPR027277,UPI000038FE06,NadC/ModD
12769,Clo1313_3017,IPR036068,UPI000038FE06,Nicotinate_pribotase-like_C
12770,Clo1313_3017,IPR037128,UPI000038FE06,Quinolinate_PRibosylTase_N_sf
12771,Clo1313_3017,IPR002638,UPI000038FE06,Quinolinate_PRibosylTrfase_C
12772,Clo1313_3017,IPR022412,UPI000038FE06,Quinolinate_PRibosylTrfase_N
12773,Clo1313_3017,,UPI000038FE06,
12774,Clo1313_3018,IPR003953,UPI00003C90E8,FAD-dep_OxRdtase_2_FAD-bd
12775,Clo1313_3018,IPR036188,UPI00003C90E8,FAD/NAD-bd_sf
12776,Clo1313_3018,IPR037099,UPI00003C90E8,Fum_R/Succ_DH_flav-like_C_sf
12777,Clo1313_3018,IPR015939,UPI00003C90E8,Fum_Rdtase/Succ_DH_flav-like_C
12778,Clo1313_3018,IPR005288,UPI00003C90E8,NadB
12779,Clo1313_3018,IPR027477,UPI00003C90E8,Succ_DH/fumarate_Rdtase_cat_sf
12780,Clo1313_3018,,UPI00003C90E8,
12781,Clo1313_3019,IPR003473,UPI000038FE08,NadA
12782,Clo1313_3019,IPR036094,UPI000038FE08,NadA_sf
12783,Clo1313_3019,IPR023066,UPI000038FE08,Quinolinate_synth_type2
12784,Clo1313_3019,,UPI000038FE08,
12785,Clo1313_3020,,UPI0001B1EF53,
12786,Clo1313_3021,IPR006741,UPI0000F2196E,AgrB
12787,Clo1313_3021,,UPI0000F2196E,
12788,Clo1313_3022,IPR003607,UPI000038F7F4,HD/PDEase_dom
12789,Clo1313_3022,IPR039356,UPI000038F7F4,YfbR/HDDC2
12790,Clo1313_3022,,UPI000038F7F4,
12791,Clo1313_3023,IPR008928,UPI00017E1F83,6-hairpin_glycosidase_sf
12792,Clo1313_3023,IPR012341,UPI00017E1F83,6hp_glycosidase-like_sf
12793,Clo1313_3023,IPR008965,UPI00017E1F83,CBM2/CBM3_carb-bd_dom_sf
12794,Clo1313_3023,IPR001956,UPI00017E1F83,CBM3
12795,Clo1313_3023,IPR036966,UPI00017E1F83,CBM3_sf
12796,Clo1313_3023,IPR002105,UPI00017E1F83,Dockerin_1_rpt
12797,Clo1313_3023,IPR016134,UPI00017E1F83,Dockerin_dom
12798,Clo1313_3023,IPR036439,UPI00017E1F83,Dockerin_dom_sf
12799,Clo1313_3023,IPR018247,UPI00017E1F83,EF_Hand_1_Ca_BS
12800,Clo1313_3023,IPR001701,UPI00017E1F83,Glyco_hydro_9
12801,Clo1313_3023,,UPI00017E1F83,
12802,Clo1313_3024,IPR005743,UPI00003C8C58,GyrA
12803,Clo1313_3024,IPR006691,UPI00003C8C58,GyrA/parC_rep
12804,Clo1313_3024,IPR035516,UPI00003C8C58,Gyrase/topoIV_suA_C
12805,Clo1313_3024,IPR013760,UPI00003C8C58,Topo_IIA-like_dom_sf
12806,Clo1313_3024,IPR013758,UPI00003C8C58,Topo_IIA_A/C_ab
12807,Clo1313_3024,IPR013757,UPI00003C8C58,Topo_IIA_A_a_sf
12808,Clo1313_3024,IPR002205,UPI00003C8C58,Topo_IIA_dom_A
12809,Clo1313_3024,IPR050220,UPI00003C8C58,Type_II_DNA_Topoisomerases
12810,Clo1313_3024,,UPI00003C8C58,
12811,Clo1313_3025,IPR050336,UPI00003C8C57,Chromosome_partition/occlusion
12812,Clo1313_3025,IPR001387,UPI00003C8C57,Cro/C1-type_HTH
12813,Clo1313_3025,IPR041468,UPI00003C8C57,HTH_ParB/Spo0J
12814,Clo1313_3025,IPR023705,UPI00003C8C57,Nucleoid_occlusion_protein
12815,Clo1313_3025,IPR004437,UPI00003C8C57,ParB/RepB/Spo0J
12816,Clo1313_3025,IPR036086,UPI00003C8C57,ParB/Sulfiredoxin_sf
12817,Clo1313_3025,IPR003115,UPI00003C8C57,ParB_N
12818,Clo1313_3025,,UPI00003C8C57,
12819,Clo1313_3026,IPR003682,UPI000038F801,rRNA_ssu_MeTfrase_G
12820,Clo1313_3026,IPR029063,UPI000038F801,SAM-dependent_MTases_sf
12821,Clo1313_3026,,UPI000038F801,
12822,Clo1313_3027,IPR036188,UPI000038F802,FAD/NAD-bd_sf
12823,Clo1313_3027,IPR049312,UPI000038F802,GIDA_C_N
12824,Clo1313_3027,IPR004416,UPI000038F802,MnmG
12825,Clo1313_3027,IPR002218,UPI000038F802,MnmG-rel
12826,Clo1313_3027,IPR020595,UPI000038F802,MnmG-rel_CS
12827,Clo1313_3027,IPR026904,UPI000038F802,MnmG_C
12828,Clo1313_3027,IPR047001,UPI000038F802,MnmG_C_subdom
12829,Clo1313_3027,IPR044920,UPI000038F802,MnmG_C_subdom_sf
12830,Clo1313_3027,IPR040131,UPI000038F802,MnmG_N
12831,Clo1313_3027,,UPI000038F802,
12832,Clo1313_3028,IPR031168,UPI000038F803,G_TrmE
12833,Clo1313_3028,IPR006073,UPI000038F803,GTP-bd
12834,Clo1313_3028,IPR018948,UPI000038F803,GTP-bd_TrmE_N
12835,Clo1313_3028,IPR004520,UPI000038F803,GTPase_MnmE
12836,Clo1313_3028,IPR027368,UPI000038F803,MnmE_dom2
12837,Clo1313_3028,IPR025867,UPI000038F803,MnmE_helical
12838,Clo1313_3028,IPR027417,UPI000038F803,P-loop_NTPase
12839,Clo1313_3028,IPR005225,UPI000038F803,Small_GTP-bd
12840,Clo1313_3028,IPR027266,UPI000038F803,TrmE/GcvT-like
12841,Clo1313_3028,,UPI000038F803,
12842,Clo1313_3029,IPR038008,UPI0001B1F047,Jag_KH
12843,Clo1313_3029,IPR038247,UPI0001B1F047,Jag_N_dom_sf
12844,Clo1313_3029,IPR004087,UPI0001B1F047,KH_dom
12845,Clo1313_3029,IPR015946,UPI0001B1F047,KH_dom-like_a/b
12846,Clo1313_3029,IPR009019,UPI0001B1F047,KH_sf_prok-type
12847,Clo1313_3029,IPR039247,UPI0001B1F047,KhpB
12848,Clo1313_3029,IPR032782,UPI0001B1F047,KhpB_N
12849,Clo1313_3029,IPR001374,UPI0001B1F047,R3H_dom
12850,Clo1313_3029,IPR036867,UPI0001B1F047,R3H_dom_sf
12851,Clo1313_3029,IPR034079,UPI0001B1F047,R3H_KhpB
12852,Clo1313_3029,,UPI0001B1F047,
12853,Clo1313_3030,IPR001708,UPI000038F805,YidC/ALB3/OXA1/COX18
12854,Clo1313_3030,IPR028055,UPI000038F805,YidC/Oxa/ALB_C
12855,Clo1313_3030,IPR047196,UPI000038F805,YidC_ALB_C
12856,Clo1313_3030,,UPI000038F805,
12857,Clo1313_3031,IPR002696,UPI0000535B71,Membr_insert_effic_factor_YidD
12858,Clo1313_3031,,UPI0000535B71,
12859,Clo1313_3032,IPR020568,UPI00003C8C55,Ribosomal_Su5_D2-typ_SF
12860,Clo1313_3032,IPR014721,UPI00003C8C55,Ribsml_uS5_D2-typ_fold_subgr
12861,Clo1313_3032,IPR000100,UPI00003C8C55,RNase_P
12862,Clo1313_3032,,UPI00003C8C55,
12863,Clo1313_3033,IPR000271,UPI0000F2196F,Ribosomal_bL34
12864,Clo1313_3033,,UPI0000F2196F,
