,gene_id,database,kegg_id
0,Clo1313_0005,KEGG_pathway,-
1,Clo1313_0006,KEGG_pathway,-
2,Clo1313_0007,KEGG_pathway,-
3,Clo1313_0008,KEGG_pathway,-
4,Clo1313_0009,KEGG_pathway,-
5,Clo1313_0010,KEGG_pathway,-
7,Clo1313_0011,KEGG_pathway,map00970
8,Clo1313_0012,KEGG_pathway,-
9,Clo1313_0013,KEGG_pathway,-
10,Clo1313_0014,KEGG_pathway,-
11,Clo1313_0015,KEGG_pathway,-
14,Clo1313_0016,KEGG_pathway,map01502
15,Clo1313_0016,KEGG_pathway,map02020
16,Clo1313_0017,KEGG_pathway,-
17,Clo1313_0018,KEGG_pathway,-
18,Clo1313_0019,KEGG_pathway,-
31,Clo1313_0020,KEGG_pathway,map00010
32,Clo1313_0020,KEGG_pathway,map00020
33,Clo1313_0020,KEGG_pathway,map00620
34,Clo1313_0020,KEGG_pathway,map00633
35,Clo1313_0020,KEGG_pathway,map00640
36,Clo1313_0020,KEGG_pathway,map00650
37,Clo1313_0020,KEGG_pathway,map00680
38,Clo1313_0020,KEGG_pathway,map00720
39,Clo1313_0020,KEGG_pathway,map01100
40,Clo1313_0020,KEGG_pathway,map01120
41,Clo1313_0020,KEGG_pathway,map01130
42,Clo1313_0020,KEGG_pathway,map01200
55,Clo1313_0021,KEGG_pathway,map00010
56,Clo1313_0021,KEGG_pathway,map00020
57,Clo1313_0021,KEGG_pathway,map00620
58,Clo1313_0021,KEGG_pathway,map00633
59,Clo1313_0021,KEGG_pathway,map00640
60,Clo1313_0021,KEGG_pathway,map00650
61,Clo1313_0021,KEGG_pathway,map00680
62,Clo1313_0021,KEGG_pathway,map00720
63,Clo1313_0021,KEGG_pathway,map01100
64,Clo1313_0021,KEGG_pathway,map01120
65,Clo1313_0021,KEGG_pathway,map01130
66,Clo1313_0021,KEGG_pathway,map01200
79,Clo1313_0022,KEGG_pathway,map00010
80,Clo1313_0022,KEGG_pathway,map00020
81,Clo1313_0022,KEGG_pathway,map00620
82,Clo1313_0022,KEGG_pathway,map00633
83,Clo1313_0022,KEGG_pathway,map00640
84,Clo1313_0022,KEGG_pathway,map00650
85,Clo1313_0022,KEGG_pathway,map00680
86,Clo1313_0022,KEGG_pathway,map00720
87,Clo1313_0022,KEGG_pathway,map01100
88,Clo1313_0022,KEGG_pathway,map01120
89,Clo1313_0022,KEGG_pathway,map01130
90,Clo1313_0022,KEGG_pathway,map01200
103,Clo1313_0023,KEGG_pathway,map00010
104,Clo1313_0023,KEGG_pathway,map00020
105,Clo1313_0023,KEGG_pathway,map00620
106,Clo1313_0023,KEGG_pathway,map00633
107,Clo1313_0023,KEGG_pathway,map00640
108,Clo1313_0023,KEGG_pathway,map00650
109,Clo1313_0023,KEGG_pathway,map00680
110,Clo1313_0023,KEGG_pathway,map00720
111,Clo1313_0023,KEGG_pathway,map01100
112,Clo1313_0023,KEGG_pathway,map01120
113,Clo1313_0023,KEGG_pathway,map01130
114,Clo1313_0023,KEGG_pathway,map01200
115,Clo1313_0025,KEGG_pathway,-
116,Clo1313_0026,KEGG_pathway,-
117,Clo1313_0027,KEGG_pathway,-
118,Clo1313_0028,KEGG_pathway,-
119,Clo1313_0029,KEGG_pathway,-
125,Clo1313_0030,KEGG_pathway,map00670
126,Clo1313_0030,KEGG_pathway,map00720
127,Clo1313_0030,KEGG_pathway,map01100
128,Clo1313_0030,KEGG_pathway,map01120
129,Clo1313_0030,KEGG_pathway,map01200
130,Clo1313_0031,KEGG_pathway,-
131,Clo1313_0032,KEGG_pathway,-
132,Clo1313_0033,KEGG_pathway,-
137,Clo1313_0034,KEGG_pathway,map00900
138,Clo1313_0034,KEGG_pathway,map01100
139,Clo1313_0034,KEGG_pathway,map01110
140,Clo1313_0034,KEGG_pathway,map01130
141,Clo1313_0035,KEGG_pathway,-
142,Clo1313_0036,KEGG_pathway,-
144,Clo1313_0037,KEGG_pathway,map02030
145,Clo1313_0038,KEGG_pathway,-
146,Clo1313_0039,KEGG_pathway,-
147,Clo1313_0040,KEGG_pathway,-
148,Clo1313_0041,KEGG_pathway,-
149,Clo1313_0042,KEGG_pathway,-
150,Clo1313_0043,KEGG_pathway,-
151,Clo1313_0044,KEGG_pathway,-
152,Clo1313_0046,KEGG_pathway,-
153,Clo1313_0047,KEGG_pathway,-
154,Clo1313_0048,KEGG_pathway,-
155,Clo1313_0049,KEGG_pathway,-
156,Clo1313_0050,KEGG_pathway,-
157,Clo1313_0051,KEGG_pathway,-
158,Clo1313_0053,KEGG_pathway,-
159,Clo1313_0054,KEGG_pathway,-
160,Clo1313_0055,KEGG_pathway,-
164,Clo1313_0056,KEGG_pathway,map02020
165,Clo1313_0056,KEGG_pathway,map02030
166,Clo1313_0056,KEGG_pathway,map02040
169,Clo1313_0057,KEGG_pathway,map02030
170,Clo1313_0057,KEGG_pathway,map02040
171,Clo1313_0058,KEGG_pathway,-
172,Clo1313_0059,KEGG_pathway,-
173,Clo1313_0060,KEGG_pathway,-
174,Clo1313_0061,KEGG_pathway,-
175,Clo1313_0062,KEGG_pathway,-
176,Clo1313_0063,KEGG_pathway,-
177,Clo1313_0064,KEGG_pathway,-
178,Clo1313_0065,KEGG_pathway,-
179,Clo1313_0066,KEGG_pathway,-
180,Clo1313_0067,KEGG_pathway,-
186,Clo1313_0068,KEGG_pathway,map00400
187,Clo1313_0068,KEGG_pathway,map01100
188,Clo1313_0068,KEGG_pathway,map01110
189,Clo1313_0068,KEGG_pathway,map01130
190,Clo1313_0068,KEGG_pathway,map01230
191,Clo1313_0070,KEGG_pathway,-
192,Clo1313_0071,KEGG_pathway,-
193,Clo1313_0072,KEGG_pathway,-
198,Clo1313_0073,KEGG_pathway,map00561
199,Clo1313_0073,KEGG_pathway,map01100
200,Clo1313_0073,KEGG_pathway,map03320
201,Clo1313_0073,KEGG_pathway,map04626
211,Clo1313_0074,KEGG_pathway,map00030
212,Clo1313_0074,KEGG_pathway,map00710
213,Clo1313_0074,KEGG_pathway,map01051
214,Clo1313_0074,KEGG_pathway,map01100
215,Clo1313_0074,KEGG_pathway,map01110
216,Clo1313_0074,KEGG_pathway,map01120
217,Clo1313_0074,KEGG_pathway,map01130
218,Clo1313_0074,KEGG_pathway,map01200
219,Clo1313_0074,KEGG_pathway,map01230
229,Clo1313_0075,KEGG_pathway,map00030
230,Clo1313_0075,KEGG_pathway,map00710
231,Clo1313_0075,KEGG_pathway,map01051
232,Clo1313_0075,KEGG_pathway,map01100
233,Clo1313_0075,KEGG_pathway,map01110
234,Clo1313_0075,KEGG_pathway,map01120
235,Clo1313_0075,KEGG_pathway,map01130
236,Clo1313_0075,KEGG_pathway,map01200
237,Clo1313_0075,KEGG_pathway,map01230
241,Clo1313_0076,KEGG_pathway,map00040
242,Clo1313_0076,KEGG_pathway,map00051
243,Clo1313_0076,KEGG_pathway,map01100
246,Clo1313_0077,KEGG_pathway,map02010
247,Clo1313_0077,KEGG_pathway,map02030
249,Clo1313_0078,KEGG_pathway,map02010
251,Clo1313_0079,KEGG_pathway,map02010
252,Clo1313_0080,KEGG_pathway,-
253,Clo1313_0081,KEGG_pathway,-
254,Clo1313_0082,KEGG_pathway,-
255,Clo1313_0083,KEGG_pathway,-
256,Clo1313_0084,KEGG_pathway,-
257,Clo1313_0085,KEGG_pathway,-
258,Clo1313_0087,KEGG_pathway,-
259,Clo1313_0088,KEGG_pathway,-
260,Clo1313_0089,KEGG_pathway,-
261,Clo1313_0090,KEGG_pathway,-
262,Clo1313_0091,KEGG_pathway,-
263,Clo1313_0092,KEGG_pathway,-
264,Clo1313_0093,KEGG_pathway,-
265,Clo1313_0094,KEGG_pathway,-
266,Clo1313_0095,KEGG_pathway,-
269,Clo1313_0096,KEGG_pathway,map01503
270,Clo1313_0096,KEGG_pathway,map02020
271,Clo1313_0097,KEGG_pathway,-
274,Clo1313_0098,KEGG_pathway,map00230
275,Clo1313_0098,KEGG_pathway,map01100
285,Clo1313_0099,KEGG_pathway,map00290
286,Clo1313_0099,KEGG_pathway,map00650
287,Clo1313_0099,KEGG_pathway,map00660
288,Clo1313_0099,KEGG_pathway,map00770
289,Clo1313_0099,KEGG_pathway,map01100
290,Clo1313_0099,KEGG_pathway,map01110
291,Clo1313_0099,KEGG_pathway,map01130
292,Clo1313_0099,KEGG_pathway,map01210
293,Clo1313_0099,KEGG_pathway,map01230
303,Clo1313_0100,KEGG_pathway,map00290
304,Clo1313_0100,KEGG_pathway,map00650
305,Clo1313_0100,KEGG_pathway,map00660
306,Clo1313_0100,KEGG_pathway,map00770
307,Clo1313_0100,KEGG_pathway,map01100
308,Clo1313_0100,KEGG_pathway,map01110
309,Clo1313_0100,KEGG_pathway,map01130
310,Clo1313_0100,KEGG_pathway,map01210
311,Clo1313_0100,KEGG_pathway,map01230
319,Clo1313_0101,KEGG_pathway,map00290
320,Clo1313_0101,KEGG_pathway,map00770
321,Clo1313_0101,KEGG_pathway,map01100
322,Clo1313_0101,KEGG_pathway,map01110
323,Clo1313_0101,KEGG_pathway,map01130
324,Clo1313_0101,KEGG_pathway,map01210
325,Clo1313_0101,KEGG_pathway,map01230
332,Clo1313_0102,KEGG_pathway,map00290
333,Clo1313_0102,KEGG_pathway,map00620
334,Clo1313_0102,KEGG_pathway,map01100
335,Clo1313_0102,KEGG_pathway,map01110
336,Clo1313_0102,KEGG_pathway,map01210
337,Clo1313_0102,KEGG_pathway,map01230
338,Clo1313_0103,KEGG_pathway,-
339,Clo1313_0104,KEGG_pathway,-
340,Clo1313_0105,KEGG_pathway,-
341,Clo1313_0106,KEGG_pathway,-
342,Clo1313_0107,KEGG_pathway,-
347,Clo1313_0108,KEGG_pathway,map00860
348,Clo1313_0108,KEGG_pathway,map01100
349,Clo1313_0108,KEGG_pathway,map01110
350,Clo1313_0108,KEGG_pathway,map01120
355,Clo1313_0109,KEGG_pathway,map00860
356,Clo1313_0109,KEGG_pathway,map01100
357,Clo1313_0109,KEGG_pathway,map01110
358,Clo1313_0109,KEGG_pathway,map01120
363,Clo1313_0110,KEGG_pathway,map00860
364,Clo1313_0110,KEGG_pathway,map01100
365,Clo1313_0110,KEGG_pathway,map01110
366,Clo1313_0110,KEGG_pathway,map01120
371,Clo1313_0111,KEGG_pathway,map00860
372,Clo1313_0111,KEGG_pathway,map01100
373,Clo1313_0111,KEGG_pathway,map01110
374,Clo1313_0111,KEGG_pathway,map01120
379,Clo1313_0112,KEGG_pathway,map00860
380,Clo1313_0112,KEGG_pathway,map01100
381,Clo1313_0112,KEGG_pathway,map01110
382,Clo1313_0112,KEGG_pathway,map01120
387,Clo1313_0113,KEGG_pathway,map00860
388,Clo1313_0113,KEGG_pathway,map01100
389,Clo1313_0113,KEGG_pathway,map01110
390,Clo1313_0113,KEGG_pathway,map01120
393,Clo1313_0114,KEGG_pathway,map00920
394,Clo1313_0114,KEGG_pathway,map02010
397,Clo1313_0115,KEGG_pathway,map00920
398,Clo1313_0115,KEGG_pathway,map02010
401,Clo1313_0116,KEGG_pathway,map00920
402,Clo1313_0116,KEGG_pathway,map02010
405,Clo1313_0117,KEGG_pathway,map00920
406,Clo1313_0117,KEGG_pathway,map02010
410,Clo1313_0118,KEGG_pathway,map00920
411,Clo1313_0118,KEGG_pathway,map01100
412,Clo1313_0118,KEGG_pathway,map01120
420,Clo1313_0119,KEGG_pathway,map00230
421,Clo1313_0119,KEGG_pathway,map00261
422,Clo1313_0119,KEGG_pathway,map00450
423,Clo1313_0119,KEGG_pathway,map00920
424,Clo1313_0119,KEGG_pathway,map01100
425,Clo1313_0119,KEGG_pathway,map01120
426,Clo1313_0119,KEGG_pathway,map01130
434,Clo1313_0120,KEGG_pathway,map00230
435,Clo1313_0120,KEGG_pathway,map00261
436,Clo1313_0120,KEGG_pathway,map00450
437,Clo1313_0120,KEGG_pathway,map00920
438,Clo1313_0120,KEGG_pathway,map01100
439,Clo1313_0120,KEGG_pathway,map01120
440,Clo1313_0120,KEGG_pathway,map01130
442,Clo1313_0121,KEGG_pathway,map04122
444,Clo1313_0122,KEGG_pathway,map04122
446,Clo1313_0123,KEGG_pathway,map04122
447,Clo1313_0124,KEGG_pathway,-
449,Clo1313_0125,KEGG_pathway,map04122
450,Clo1313_0126,KEGG_pathway,-
451,Clo1313_0127,KEGG_pathway,-
452,Clo1313_0128,KEGG_pathway,-
453,Clo1313_0129,KEGG_pathway,-
455,Clo1313_0133,KEGG_pathway,map00520
456,Clo1313_0135,KEGG_pathway,-
457,Clo1313_0136,KEGG_pathway,-
458,Clo1313_0137,KEGG_pathway,-
459,Clo1313_0138,KEGG_pathway,-
460,Clo1313_0139,KEGG_pathway,-
461,Clo1313_0140,KEGG_pathway,-
462,Clo1313_0141,KEGG_pathway,-
463,Clo1313_0142,KEGG_pathway,-
464,Clo1313_0143,KEGG_pathway,-
465,Clo1313_0144,KEGG_pathway,-
467,Clo1313_0145,KEGG_pathway,map00520
471,Clo1313_0146,KEGG_pathway,map00521
472,Clo1313_0146,KEGG_pathway,map00523
473,Clo1313_0146,KEGG_pathway,map01130
475,Clo1313_0147,KEGG_pathway,map00520
479,Clo1313_0148,KEGG_pathway,map00500
480,Clo1313_0148,KEGG_pathway,map00520
481,Clo1313_0148,KEGG_pathway,map01100
482,Clo1313_0149,KEGG_pathway,-
483,Clo1313_0150,KEGG_pathway,-
484,Clo1313_0151,KEGG_pathway,-
485,Clo1313_0152,KEGG_pathway,-
486,Clo1313_0153,KEGG_pathway,-
487,Clo1313_0154,KEGG_pathway,-
488,Clo1313_0155,KEGG_pathway,-
489,Clo1313_0159,KEGG_pathway,-
490,Clo1313_0160,KEGG_pathway,-
491,Clo1313_0161,KEGG_pathway,-
492,Clo1313_0162,KEGG_pathway,-
493,Clo1313_0163,KEGG_pathway,-
494,Clo1313_0164,KEGG_pathway,-
496,Clo1313_0165,KEGG_pathway,map00230
510,Clo1313_0166,KEGG_pathway,map00010
511,Clo1313_0166,KEGG_pathway,map00071
512,Clo1313_0166,KEGG_pathway,map00350
513,Clo1313_0166,KEGG_pathway,map00625
514,Clo1313_0166,KEGG_pathway,map00626
515,Clo1313_0166,KEGG_pathway,map00830
516,Clo1313_0166,KEGG_pathway,map00980
517,Clo1313_0166,KEGG_pathway,map00982
518,Clo1313_0166,KEGG_pathway,map01100
519,Clo1313_0166,KEGG_pathway,map01110
520,Clo1313_0166,KEGG_pathway,map01120
521,Clo1313_0166,KEGG_pathway,map01130
522,Clo1313_0166,KEGG_pathway,map01220
523,Clo1313_0167,KEGG_pathway,-
526,Clo1313_0168,KEGG_pathway,map00790
527,Clo1313_0168,KEGG_pathway,map01100
530,Clo1313_0169,KEGG_pathway,map00790
531,Clo1313_0169,KEGG_pathway,map01100
534,Clo1313_0170,KEGG_pathway,map00790
535,Clo1313_0170,KEGG_pathway,map01100
536,Clo1313_0171,KEGG_pathway,-
539,Clo1313_0172,KEGG_pathway,map00780
540,Clo1313_0172,KEGG_pathway,map01100
541,Clo1313_0173,KEGG_pathway,-
542,Clo1313_0174,KEGG_pathway,-
545,Clo1313_0175,KEGG_pathway,map00770
546,Clo1313_0175,KEGG_pathway,map01100
547,Clo1313_0176,KEGG_pathway,-
548,Clo1313_0177,KEGG_pathway,-
549,Clo1313_0178,KEGG_pathway,-
550,Clo1313_0179,KEGG_pathway,-
551,Clo1313_0180,KEGG_pathway,-
552,Clo1313_0181,KEGG_pathway,-
553,Clo1313_0182,KEGG_pathway,-
554,Clo1313_0183,KEGG_pathway,-
564,Clo1313_0184,KEGG_pathway,map00030
565,Clo1313_0184,KEGG_pathway,map00051
566,Clo1313_0184,KEGG_pathway,map00710
567,Clo1313_0184,KEGG_pathway,map01100
568,Clo1313_0184,KEGG_pathway,map01110
569,Clo1313_0184,KEGG_pathway,map01120
570,Clo1313_0184,KEGG_pathway,map01130
571,Clo1313_0184,KEGG_pathway,map01200
572,Clo1313_0184,KEGG_pathway,map01230
575,Clo1313_0185,KEGG_pathway,map00240
576,Clo1313_0185,KEGG_pathway,map01100
579,Clo1313_0186,KEGG_pathway,map00240
580,Clo1313_0186,KEGG_pathway,map01100
581,Clo1313_0187,KEGG_pathway,-
585,Clo1313_0188,KEGG_pathway,map00520
586,Clo1313_0188,KEGG_pathway,map01100
587,Clo1313_0188,KEGG_pathway,map05111
591,Clo1313_0189,KEGG_pathway,map00190
592,Clo1313_0189,KEGG_pathway,map00195
593,Clo1313_0189,KEGG_pathway,map01100
597,Clo1313_0190,KEGG_pathway,map00190
598,Clo1313_0190,KEGG_pathway,map00195
599,Clo1313_0190,KEGG_pathway,map01100
603,Clo1313_0191,KEGG_pathway,map00190
604,Clo1313_0191,KEGG_pathway,map00195
605,Clo1313_0191,KEGG_pathway,map01100
609,Clo1313_0192,KEGG_pathway,map00190
610,Clo1313_0192,KEGG_pathway,map00195
611,Clo1313_0192,KEGG_pathway,map01100
615,Clo1313_0193,KEGG_pathway,map00190
616,Clo1313_0193,KEGG_pathway,map00195
617,Clo1313_0193,KEGG_pathway,map01100
621,Clo1313_0194,KEGG_pathway,map00190
622,Clo1313_0194,KEGG_pathway,map00195
623,Clo1313_0194,KEGG_pathway,map01100
627,Clo1313_0195,KEGG_pathway,map00190
628,Clo1313_0195,KEGG_pathway,map00195
629,Clo1313_0195,KEGG_pathway,map01100
633,Clo1313_0196,KEGG_pathway,map00190
634,Clo1313_0196,KEGG_pathway,map00195
635,Clo1313_0196,KEGG_pathway,map01100
636,Clo1313_0197,KEGG_pathway,-
637,Clo1313_0198,KEGG_pathway,-
638,Clo1313_0199,KEGG_pathway,-
639,Clo1313_0200,KEGG_pathway,-
640,Clo1313_0201,KEGG_pathway,-
644,Clo1313_0202,KEGG_pathway,map00520
645,Clo1313_0202,KEGG_pathway,map00550
646,Clo1313_0202,KEGG_pathway,map01100
647,Clo1313_0203,KEGG_pathway,-
648,Clo1313_0204,KEGG_pathway,-
649,Clo1313_0205,KEGG_pathway,-
650,Clo1313_0206,KEGG_pathway,-
652,Clo1313_0207,KEGG_pathway,map02040
654,Clo1313_0208,KEGG_pathway,map02040
655,Clo1313_0209,KEGG_pathway,-
656,Clo1313_0210,KEGG_pathway,-
657,Clo1313_0211,KEGG_pathway,-
662,Clo1313_0213,KEGG_pathway,map00061
663,Clo1313_0213,KEGG_pathway,map00780
664,Clo1313_0213,KEGG_pathway,map01100
665,Clo1313_0213,KEGG_pathway,map01212
669,Clo1313_0214,KEGG_pathway,map00471
670,Clo1313_0214,KEGG_pathway,map00550
671,Clo1313_0214,KEGG_pathway,map01100
672,Clo1313_0215,KEGG_pathway,-
673,Clo1313_0216,KEGG_pathway,-
677,Clo1313_0217,KEGG_pathway,map00520
678,Clo1313_0217,KEGG_pathway,map01100
679,Clo1313_0217,KEGG_pathway,map01130
688,Clo1313_0218,KEGG_pathway,map00030
689,Clo1313_0218,KEGG_pathway,map00230
690,Clo1313_0218,KEGG_pathway,map01100
691,Clo1313_0218,KEGG_pathway,map01110
692,Clo1313_0218,KEGG_pathway,map01120
693,Clo1313_0218,KEGG_pathway,map01130
694,Clo1313_0218,KEGG_pathway,map01200
695,Clo1313_0218,KEGG_pathway,map01230
696,Clo1313_0219,KEGG_pathway,-
698,Clo1313_0220,KEGG_pathway,map03420
699,Clo1313_0221,KEGG_pathway,-
700,Clo1313_0222,KEGG_pathway,-
701,Clo1313_0223,KEGG_pathway,-
702,Clo1313_0224,KEGG_pathway,-
703,Clo1313_0225,KEGG_pathway,-
704,Clo1313_0226,KEGG_pathway,-
705,Clo1313_0227,KEGG_pathway,-
707,Clo1313_0228,KEGG_pathway,map00520
711,Clo1313_0229,KEGG_pathway,map00520
712,Clo1313_0229,KEGG_pathway,map01100
713,Clo1313_0229,KEGG_pathway,map05111
716,Clo1313_0230,KEGG_pathway,map00520
717,Clo1313_0230,KEGG_pathway,map01100
718,Clo1313_0231,KEGG_pathway,-
720,Clo1313_0232,KEGG_pathway,map00540
722,Clo1313_0233,KEGG_pathway,map00520
729,Clo1313_0234,KEGG_pathway,map00520
730,Clo1313_0234,KEGG_pathway,map00521
731,Clo1313_0234,KEGG_pathway,map00523
732,Clo1313_0234,KEGG_pathway,map00525
733,Clo1313_0234,KEGG_pathway,map01055
734,Clo1313_0234,KEGG_pathway,map01130
735,Clo1313_0235,KEGG_pathway,-
740,Clo1313_0236,KEGG_pathway,map00473
741,Clo1313_0236,KEGG_pathway,map00550
742,Clo1313_0236,KEGG_pathway,map01100
743,Clo1313_0236,KEGG_pathway,map01502
744,Clo1313_0237,KEGG_pathway,-
745,Clo1313_0238,KEGG_pathway,-
746,Clo1313_0239,KEGG_pathway,-
747,Clo1313_0240,KEGG_pathway,-
748,Clo1313_0241,KEGG_pathway,-
749,Clo1313_0242,KEGG_pathway,-
750,Clo1313_0243,KEGG_pathway,-
751,Clo1313_0244,KEGG_pathway,-
753,Clo1313_0245,KEGG_pathway,map00230
754,Clo1313_0246,KEGG_pathway,-
755,Clo1313_0247,KEGG_pathway,-
756,Clo1313_0248,KEGG_pathway,-
757,Clo1313_0249,KEGG_pathway,-
758,Clo1313_0250,KEGG_pathway,-
759,Clo1313_0251,KEGG_pathway,-
762,Clo1313_0252,KEGG_pathway,map02020
763,Clo1313_0252,KEGG_pathway,map02030
764,Clo1313_0253,KEGG_pathway,-
765,Clo1313_0254,KEGG_pathway,-
766,Clo1313_0255,KEGG_pathway,-
767,Clo1313_0256,KEGG_pathway,-
768,Clo1313_0259,KEGG_pathway,-
769,Clo1313_0260,KEGG_pathway,-
770,Clo1313_0262,KEGG_pathway,-
771,Clo1313_0264,KEGG_pathway,-
772,Clo1313_0266,KEGG_pathway,-
773,Clo1313_0268,KEGG_pathway,-
774,Clo1313_0269,KEGG_pathway,-
775,Clo1313_0270,KEGG_pathway,-
776,Clo1313_0271,KEGG_pathway,-
777,Clo1313_0272,KEGG_pathway,-
778,Clo1313_0273,KEGG_pathway,-
779,Clo1313_0274,KEGG_pathway,-
780,Clo1313_0275,KEGG_pathway,-
781,Clo1313_0276,KEGG_pathway,-
782,Clo1313_0277,KEGG_pathway,-
783,Clo1313_0278,KEGG_pathway,-
784,Clo1313_0279,KEGG_pathway,-
785,Clo1313_0280,KEGG_pathway,-
786,Clo1313_0281,KEGG_pathway,-
787,Clo1313_0282,KEGG_pathway,-
788,Clo1313_0283,KEGG_pathway,-
789,Clo1313_0284,KEGG_pathway,-
790,Clo1313_0285,KEGG_pathway,-
791,Clo1313_0286,KEGG_pathway,-
792,Clo1313_0287,KEGG_pathway,-
796,Clo1313_0288,KEGG_pathway,map00473
797,Clo1313_0288,KEGG_pathway,map01100
798,Clo1313_0288,KEGG_pathway,map01502
799,Clo1313_0289,KEGG_pathway,-
800,Clo1313_0290,KEGG_pathway,-
801,Clo1313_0291,KEGG_pathway,-
803,Clo1313_0292,KEGG_pathway,map05111
804,Clo1313_0293,KEGG_pathway,-
805,Clo1313_0294,KEGG_pathway,-
815,Clo1313_0295,KEGG_pathway,map00030
816,Clo1313_0295,KEGG_pathway,map00710
817,Clo1313_0295,KEGG_pathway,map01051
818,Clo1313_0295,KEGG_pathway,map01100
819,Clo1313_0295,KEGG_pathway,map01110
820,Clo1313_0295,KEGG_pathway,map01120
821,Clo1313_0295,KEGG_pathway,map01130
822,Clo1313_0295,KEGG_pathway,map01200
823,Clo1313_0295,KEGG_pathway,map01230
833,Clo1313_0296,KEGG_pathway,map00030
834,Clo1313_0296,KEGG_pathway,map00710
835,Clo1313_0296,KEGG_pathway,map01051
836,Clo1313_0296,KEGG_pathway,map01100
837,Clo1313_0296,KEGG_pathway,map01110
838,Clo1313_0296,KEGG_pathway,map01120
839,Clo1313_0296,KEGG_pathway,map01130
840,Clo1313_0296,KEGG_pathway,map01200
841,Clo1313_0296,KEGG_pathway,map01230
842,Clo1313_0297,KEGG_pathway,-
843,Clo1313_0298,KEGG_pathway,-
844,Clo1313_0299,KEGG_pathway,-
845,Clo1313_0300,KEGG_pathway,-
846,Clo1313_0301,KEGG_pathway,-
847,Clo1313_0302,KEGG_pathway,-
848,Clo1313_0303,KEGG_pathway,-
856,Clo1313_0304,KEGG_pathway,map00290
857,Clo1313_0304,KEGG_pathway,map00770
858,Clo1313_0304,KEGG_pathway,map01100
859,Clo1313_0304,KEGG_pathway,map01110
860,Clo1313_0304,KEGG_pathway,map01130
861,Clo1313_0304,KEGG_pathway,map01210
862,Clo1313_0304,KEGG_pathway,map01230
872,Clo1313_0305,KEGG_pathway,map00290
873,Clo1313_0305,KEGG_pathway,map00650
874,Clo1313_0305,KEGG_pathway,map00660
875,Clo1313_0305,KEGG_pathway,map00770
876,Clo1313_0305,KEGG_pathway,map01100
877,Clo1313_0305,KEGG_pathway,map01110
878,Clo1313_0305,KEGG_pathway,map01130
879,Clo1313_0305,KEGG_pathway,map01210
880,Clo1313_0305,KEGG_pathway,map01230
882,Clo1313_0306,KEGG_pathway,map03010
886,Clo1313_0307,KEGG_pathway,map02024
887,Clo1313_0307,KEGG_pathway,map03060
888,Clo1313_0307,KEGG_pathway,map03070
889,Clo1313_0308,KEGG_pathway,-
891,Clo1313_0309,KEGG_pathway,map03010
893,Clo1313_0310,KEGG_pathway,map03010
895,Clo1313_0311,KEGG_pathway,map03010
897,Clo1313_0312,KEGG_pathway,map03010
902,Clo1313_0313,KEGG_pathway,map00230
903,Clo1313_0313,KEGG_pathway,map00240
904,Clo1313_0313,KEGG_pathway,map01100
905,Clo1313_0313,KEGG_pathway,map03020
910,Clo1313_0314,KEGG_pathway,map00230
911,Clo1313_0314,KEGG_pathway,map00240
912,Clo1313_0314,KEGG_pathway,map01100
913,Clo1313_0314,KEGG_pathway,map03020
915,Clo1313_0315,KEGG_pathway,map03010
917,Clo1313_0316,KEGG_pathway,map03010
919,Clo1313_0317,KEGG_pathway,map03010
920,Clo1313_0318,KEGG_pathway,-
921,Clo1313_0319,KEGG_pathway,-
922,Clo1313_0320,KEGG_pathway,-
923,Clo1313_0321,KEGG_pathway,-
924,Clo1313_0322,KEGG_pathway,-
925,Clo1313_0323,KEGG_pathway,-
926,Clo1313_0324,KEGG_pathway,-
934,Clo1313_0325,KEGG_pathway,map00620
935,Clo1313_0325,KEGG_pathway,map00680
936,Clo1313_0325,KEGG_pathway,map00720
937,Clo1313_0325,KEGG_pathway,map01100
938,Clo1313_0325,KEGG_pathway,map01120
939,Clo1313_0325,KEGG_pathway,map01200
940,Clo1313_0325,KEGG_pathway,map02060
942,Clo1313_0326,KEGG_pathway,map03420
943,Clo1313_0327,KEGG_pathway,-
944,Clo1313_0328,KEGG_pathway,-
947,Clo1313_0329,KEGG_pathway,map04112
948,Clo1313_0329,KEGG_pathway,map04212
950,Clo1313_0330,KEGG_pathway,map04112
952,Clo1313_0331,KEGG_pathway,map04112
953,Clo1313_0332,KEGG_pathway,-
954,Clo1313_0333,KEGG_pathway,-
955,Clo1313_0334,KEGG_pathway,-
956,Clo1313_0335,KEGG_pathway,-
957,Clo1313_0336,KEGG_pathway,-
958,Clo1313_0337,KEGG_pathway,-
959,Clo1313_0339,KEGG_pathway,-
960,Clo1313_0341,KEGG_pathway,-
961,Clo1313_0342,KEGG_pathway,-
962,Clo1313_0343,KEGG_pathway,-
963,Clo1313_0344,KEGG_pathway,-
964,Clo1313_0346,KEGG_pathway,-
965,Clo1313_0347,KEGG_pathway,-
966,Clo1313_0348,KEGG_pathway,-
969,Clo1313_0349,KEGG_pathway,map00500
970,Clo1313_0349,KEGG_pathway,map01100
973,Clo1313_0350,KEGG_pathway,map00500
974,Clo1313_0350,KEGG_pathway,map01100
975,Clo1313_0351,KEGG_pathway,-
976,Clo1313_0352,KEGG_pathway,-
977,Clo1313_0353,KEGG_pathway,-
978,Clo1313_0354,KEGG_pathway,-
979,Clo1313_0355,KEGG_pathway,-
980,Clo1313_0356,KEGG_pathway,-
981,Clo1313_0357,KEGG_pathway,-
982,Clo1313_0358,KEGG_pathway,-
983,Clo1313_0359,KEGG_pathway,-
984,Clo1313_0360,KEGG_pathway,-
985,Clo1313_0364,KEGG_pathway,-
988,Clo1313_0365,KEGG_pathway,map00760
989,Clo1313_0365,KEGG_pathway,map01100
990,Clo1313_0366,KEGG_pathway,-
991,Clo1313_0368,KEGG_pathway,-
994,Clo1313_0369,KEGG_pathway,map01524
995,Clo1313_0369,KEGG_pathway,map04016
996,Clo1313_0370,KEGG_pathway,-
997,Clo1313_0371,KEGG_pathway,-
998,Clo1313_0372,KEGG_pathway,-
1002,Clo1313_0373,KEGG_pathway,map00860
1003,Clo1313_0373,KEGG_pathway,map01100
1004,Clo1313_0373,KEGG_pathway,map01110
1011,Clo1313_0374,KEGG_pathway,map00680
1012,Clo1313_0374,KEGG_pathway,map00860
1013,Clo1313_0374,KEGG_pathway,map01100
1014,Clo1313_0374,KEGG_pathway,map01110
1015,Clo1313_0374,KEGG_pathway,map01120
1016,Clo1313_0374,KEGG_pathway,map01200
1017,Clo1313_0375,KEGG_pathway,-
1018,Clo1313_0376,KEGG_pathway,-
1019,Clo1313_0377,KEGG_pathway,-
1022,Clo1313_0378,KEGG_pathway,map00920
1023,Clo1313_0378,KEGG_pathway,map02010
1024,Clo1313_0379,KEGG_pathway,-
1028,Clo1313_0380,KEGG_pathway,map00360
1029,Clo1313_0380,KEGG_pathway,map01120
1030,Clo1313_0380,KEGG_pathway,map05111
1031,Clo1313_0381,KEGG_pathway,-
1044,Clo1313_0382,KEGG_pathway,map00010
1045,Clo1313_0382,KEGG_pathway,map00020
1046,Clo1313_0382,KEGG_pathway,map00620
1047,Clo1313_0382,KEGG_pathway,map00633
1048,Clo1313_0382,KEGG_pathway,map00640
1049,Clo1313_0382,KEGG_pathway,map00650
1050,Clo1313_0382,KEGG_pathway,map00680
1051,Clo1313_0382,KEGG_pathway,map00720
1052,Clo1313_0382,KEGG_pathway,map01100
1053,Clo1313_0382,KEGG_pathway,map01120
1054,Clo1313_0382,KEGG_pathway,map01130
1055,Clo1313_0382,KEGG_pathway,map01200
1068,Clo1313_0383,KEGG_pathway,map00010
1069,Clo1313_0383,KEGG_pathway,map00020
1070,Clo1313_0383,KEGG_pathway,map00620
1071,Clo1313_0383,KEGG_pathway,map00633
1072,Clo1313_0383,KEGG_pathway,map00640
1073,Clo1313_0383,KEGG_pathway,map00650
1074,Clo1313_0383,KEGG_pathway,map00680
1075,Clo1313_0383,KEGG_pathway,map00720
1076,Clo1313_0383,KEGG_pathway,map01100
1077,Clo1313_0383,KEGG_pathway,map01120
1078,Clo1313_0383,KEGG_pathway,map01130
1079,Clo1313_0383,KEGG_pathway,map01200
1092,Clo1313_0384,KEGG_pathway,map00010
1093,Clo1313_0384,KEGG_pathway,map00020
1094,Clo1313_0384,KEGG_pathway,map00620
1095,Clo1313_0384,KEGG_pathway,map00633
1096,Clo1313_0384,KEGG_pathway,map00640
1097,Clo1313_0384,KEGG_pathway,map00650
1098,Clo1313_0384,KEGG_pathway,map00680
1099,Clo1313_0384,KEGG_pathway,map00720
1100,Clo1313_0384,KEGG_pathway,map01100
1101,Clo1313_0384,KEGG_pathway,map01120
1102,Clo1313_0384,KEGG_pathway,map01130
1103,Clo1313_0384,KEGG_pathway,map01200
1116,Clo1313_0385,KEGG_pathway,map00010
1117,Clo1313_0385,KEGG_pathway,map00020
1118,Clo1313_0385,KEGG_pathway,map00620
1119,Clo1313_0385,KEGG_pathway,map00633
1120,Clo1313_0385,KEGG_pathway,map00640
1121,Clo1313_0385,KEGG_pathway,map00650
1122,Clo1313_0385,KEGG_pathway,map00680
1123,Clo1313_0385,KEGG_pathway,map00720
1124,Clo1313_0385,KEGG_pathway,map01100
1125,Clo1313_0385,KEGG_pathway,map01120
1126,Clo1313_0385,KEGG_pathway,map01130
1127,Clo1313_0385,KEGG_pathway,map01200
1128,Clo1313_0387,KEGG_pathway,-
1136,Clo1313_0388,KEGG_pathway,map00270
1137,Clo1313_0388,KEGG_pathway,map00450
1138,Clo1313_0388,KEGG_pathway,map00920
1139,Clo1313_0388,KEGG_pathway,map01100
1140,Clo1313_0388,KEGG_pathway,map01110
1141,Clo1313_0388,KEGG_pathway,map01130
1142,Clo1313_0388,KEGG_pathway,map01230
1148,Clo1313_0389,KEGG_pathway,map00270
1149,Clo1313_0389,KEGG_pathway,map00450
1150,Clo1313_0389,KEGG_pathway,map01100
1151,Clo1313_0389,KEGG_pathway,map01110
1152,Clo1313_0389,KEGG_pathway,map01230
1158,Clo1313_0390,KEGG_pathway,map00633
1159,Clo1313_0390,KEGG_pathway,map00680
1160,Clo1313_0390,KEGG_pathway,map00720
1161,Clo1313_0390,KEGG_pathway,map01120
1162,Clo1313_0390,KEGG_pathway,map01200
1163,Clo1313_0391,KEGG_pathway,-
1166,Clo1313_0392,KEGG_pathway,map00920
1167,Clo1313_0392,KEGG_pathway,map02010
1170,Clo1313_0393,KEGG_pathway,map00920
1171,Clo1313_0393,KEGG_pathway,map02010
1172,Clo1313_0394,KEGG_pathway,-
1175,Clo1313_0395,KEGG_pathway,map00500
1176,Clo1313_0395,KEGG_pathway,map01100
1177,Clo1313_0396,KEGG_pathway,-
1178,Clo1313_0397,KEGG_pathway,-
1179,Clo1313_0398,KEGG_pathway,-
1182,Clo1313_0399,KEGG_pathway,map00051
1183,Clo1313_0399,KEGG_pathway,map02024
1184,Clo1313_0400,KEGG_pathway,-
1185,Clo1313_0401,KEGG_pathway,-
1186,Clo1313_0402,KEGG_pathway,-
1188,Clo1313_0403,KEGG_pathway,map00970
1191,Clo1313_0405,KEGG_pathway,map02020
1192,Clo1313_0405,KEGG_pathway,map02030
1195,Clo1313_0406,KEGG_pathway,map02020
1196,Clo1313_0406,KEGG_pathway,map02030
1199,Clo1313_0407,KEGG_pathway,map02020
1200,Clo1313_0407,KEGG_pathway,map02030
1203,Clo1313_0408,KEGG_pathway,map02020
1204,Clo1313_0408,KEGG_pathway,map02030
1207,Clo1313_0409,KEGG_pathway,map02020
1208,Clo1313_0409,KEGG_pathway,map02030
1209,Clo1313_0410,KEGG_pathway,-
1210,Clo1313_0411,KEGG_pathway,-
1211,Clo1313_0412,KEGG_pathway,-
1214,Clo1313_0413,KEGG_pathway,map00500
1215,Clo1313_0413,KEGG_pathway,map01100
1216,Clo1313_0414,KEGG_pathway,-
1233,Clo1313_0415,KEGG_pathway,map00010
1234,Clo1313_0415,KEGG_pathway,map00020
1235,Clo1313_0415,KEGG_pathway,map00620
1236,Clo1313_0415,KEGG_pathway,map01100
1237,Clo1313_0415,KEGG_pathway,map01110
1238,Clo1313_0415,KEGG_pathway,map01120
1239,Clo1313_0415,KEGG_pathway,map01130
1240,Clo1313_0415,KEGG_pathway,map03320
1241,Clo1313_0415,KEGG_pathway,map04068
1242,Clo1313_0415,KEGG_pathway,map04151
1243,Clo1313_0415,KEGG_pathway,map04152
1244,Clo1313_0415,KEGG_pathway,map04910
1245,Clo1313_0415,KEGG_pathway,map04920
1246,Clo1313_0415,KEGG_pathway,map04922
1247,Clo1313_0415,KEGG_pathway,map04931
1248,Clo1313_0415,KEGG_pathway,map04964
1249,Clo1313_0416,KEGG_pathway,-
1252,Clo1313_0417,KEGG_pathway,map03420
1253,Clo1313_0417,KEGG_pathway,map03430
1254,Clo1313_0418,KEGG_pathway,-
1255,Clo1313_0419,KEGG_pathway,-
1256,Clo1313_0420,KEGG_pathway,-
1261,Clo1313_0421,KEGG_pathway,map00340
1262,Clo1313_0421,KEGG_pathway,map01100
1263,Clo1313_0421,KEGG_pathway,map01110
1264,Clo1313_0421,KEGG_pathway,map01230
1269,Clo1313_0422,KEGG_pathway,map00340
1270,Clo1313_0422,KEGG_pathway,map01100
1271,Clo1313_0422,KEGG_pathway,map01110
1272,Clo1313_0422,KEGG_pathway,map01230
1277,Clo1313_0423,KEGG_pathway,map00340
1278,Clo1313_0423,KEGG_pathway,map01100
1279,Clo1313_0423,KEGG_pathway,map01110
1280,Clo1313_0423,KEGG_pathway,map01230
1291,Clo1313_0424,KEGG_pathway,map00340
1292,Clo1313_0424,KEGG_pathway,map00350
1293,Clo1313_0424,KEGG_pathway,map00360
1294,Clo1313_0424,KEGG_pathway,map00400
1295,Clo1313_0424,KEGG_pathway,map00401
1296,Clo1313_0424,KEGG_pathway,map00960
1297,Clo1313_0424,KEGG_pathway,map01100
1298,Clo1313_0424,KEGG_pathway,map01110
1299,Clo1313_0424,KEGG_pathway,map01130
1300,Clo1313_0424,KEGG_pathway,map01230
1305,Clo1313_0425,KEGG_pathway,map00340
1306,Clo1313_0425,KEGG_pathway,map01100
1307,Clo1313_0425,KEGG_pathway,map01110
1308,Clo1313_0425,KEGG_pathway,map01230
1313,Clo1313_0426,KEGG_pathway,map00230
1314,Clo1313_0426,KEGG_pathway,map01100
1315,Clo1313_0426,KEGG_pathway,map01110
1316,Clo1313_0426,KEGG_pathway,map01130
1321,Clo1313_0427,KEGG_pathway,map00340
1322,Clo1313_0427,KEGG_pathway,map01100
1323,Clo1313_0427,KEGG_pathway,map01110
1324,Clo1313_0427,KEGG_pathway,map01230
1329,Clo1313_0428,KEGG_pathway,map00340
1330,Clo1313_0428,KEGG_pathway,map01100
1331,Clo1313_0428,KEGG_pathway,map01110
1332,Clo1313_0428,KEGG_pathway,map01230
1337,Clo1313_0429,KEGG_pathway,map00340
1338,Clo1313_0429,KEGG_pathway,map01100
1339,Clo1313_0429,KEGG_pathway,map01110
1340,Clo1313_0429,KEGG_pathway,map01230
1345,Clo1313_0430,KEGG_pathway,map00340
1346,Clo1313_0430,KEGG_pathway,map01100
1347,Clo1313_0430,KEGG_pathway,map01110
1348,Clo1313_0430,KEGG_pathway,map01230
1349,Clo1313_0431,KEGG_pathway,-
1350,Clo1313_0432,KEGG_pathway,-
1356,Clo1313_0433,KEGG_pathway,map03018
1357,Clo1313_0433,KEGG_pathway,map04212
1358,Clo1313_0433,KEGG_pathway,map04940
1359,Clo1313_0433,KEGG_pathway,map05134
1360,Clo1313_0433,KEGG_pathway,map05152
1361,Clo1313_0434,KEGG_pathway,-
1362,Clo1313_0435,KEGG_pathway,-
1363,Clo1313_0436,KEGG_pathway,-
1364,Clo1313_0437,KEGG_pathway,-
1365,Clo1313_0438,KEGG_pathway,-
1366,Clo1313_0439,KEGG_pathway,-
1367,Clo1313_0440,KEGG_pathway,-
1368,Clo1313_0441,KEGG_pathway,-
1369,Clo1313_0442,KEGG_pathway,-
1371,Clo1313_0444,KEGG_pathway,map03010
1373,Clo1313_0445,KEGG_pathway,map03010
1375,Clo1313_0446,KEGG_pathway,map03010
1377,Clo1313_0447,KEGG_pathway,map03010
1379,Clo1313_0448,KEGG_pathway,map03010
1381,Clo1313_0449,KEGG_pathway,map03010
1383,Clo1313_0450,KEGG_pathway,map03010
1385,Clo1313_0451,KEGG_pathway,map03010
1387,Clo1313_0452,KEGG_pathway,map03010
1389,Clo1313_0453,KEGG_pathway,map03010
1391,Clo1313_0454,KEGG_pathway,map03010
1393,Clo1313_0455,KEGG_pathway,map03010
1395,Clo1313_0456,KEGG_pathway,map03010
1397,Clo1313_0457,KEGG_pathway,map03010
1399,Clo1313_0458,KEGG_pathway,map03010
1401,Clo1313_0459,KEGG_pathway,map03010
1403,Clo1313_0460,KEGG_pathway,map03010
1405,Clo1313_0461,KEGG_pathway,map03010
1407,Clo1313_0462,KEGG_pathway,map03010
1409,Clo1313_0463,KEGG_pathway,map03010
1411,Clo1313_0464,KEGG_pathway,map03010
1415,Clo1313_0465,KEGG_pathway,map02024
1416,Clo1313_0465,KEGG_pathway,map03060
1417,Clo1313_0465,KEGG_pathway,map03070
1423,Clo1313_0466,KEGG_pathway,map00230
1424,Clo1313_0466,KEGG_pathway,map00730
1425,Clo1313_0466,KEGG_pathway,map01100
1426,Clo1313_0466,KEGG_pathway,map01110
1427,Clo1313_0466,KEGG_pathway,map01130
1428,Clo1313_0467,KEGG_pathway,-
1429,Clo1313_0468,KEGG_pathway,-
1430,Clo1313_0469,KEGG_pathway,-
1432,Clo1313_0470,KEGG_pathway,map03010
1434,Clo1313_0471,KEGG_pathway,map03010
1436,Clo1313_0472,KEGG_pathway,map03010
1438,Clo1313_0473,KEGG_pathway,map03010
1443,Clo1313_0474,KEGG_pathway,map00230
1444,Clo1313_0474,KEGG_pathway,map00240
1445,Clo1313_0474,KEGG_pathway,map01100
1446,Clo1313_0474,KEGG_pathway,map03020
1448,Clo1313_0475,KEGG_pathway,map03010
1450,Clo1313_0476,KEGG_pathway,map02010
1451,Clo1313_0477,KEGG_pathway,-
1452,Clo1313_0478,KEGG_pathway,-
1453,Clo1313_0479,KEGG_pathway,-
1454,Clo1313_0480,KEGG_pathway,-
1456,Clo1313_0482,KEGG_pathway,map03440
1457,Clo1313_0483,KEGG_pathway,-
1458,Clo1313_0484,KEGG_pathway,-
1459,Clo1313_0485,KEGG_pathway,-
1460,Clo1313_0486,KEGG_pathway,-
1462,Clo1313_0487,KEGG_pathway,map02010
1464,Clo1313_0488,KEGG_pathway,map02010
1476,Clo1313_0489,KEGG_pathway,map00010
1477,Clo1313_0489,KEGG_pathway,map00052
1478,Clo1313_0489,KEGG_pathway,map00500
1479,Clo1313_0489,KEGG_pathway,map00520
1480,Clo1313_0489,KEGG_pathway,map00521
1481,Clo1313_0489,KEGG_pathway,map00524
1482,Clo1313_0489,KEGG_pathway,map01100
1483,Clo1313_0489,KEGG_pathway,map01110
1484,Clo1313_0489,KEGG_pathway,map01120
1485,Clo1313_0489,KEGG_pathway,map01130
1486,Clo1313_0489,KEGG_pathway,map01200
1487,Clo1313_0490,KEGG_pathway,-
1488,Clo1313_0491,KEGG_pathway,-
1494,Clo1313_0492,KEGG_pathway,map00040
1495,Clo1313_0492,KEGG_pathway,map00900
1496,Clo1313_0492,KEGG_pathway,map01100
1497,Clo1313_0492,KEGG_pathway,map01110
1498,Clo1313_0492,KEGG_pathway,map01130
1501,Clo1313_0493,KEGG_pathway,map02010
1502,Clo1313_0493,KEGG_pathway,map02020
1505,Clo1313_0494,KEGG_pathway,map02010
1506,Clo1313_0494,KEGG_pathway,map02020
1507,Clo1313_0495,KEGG_pathway,-
1508,Clo1313_0496,KEGG_pathway,-
1513,Clo1313_0497,KEGG_pathway,map00900
1514,Clo1313_0497,KEGG_pathway,map01100
1515,Clo1313_0497,KEGG_pathway,map01110
1516,Clo1313_0497,KEGG_pathway,map01130
1518,Clo1313_0498,KEGG_pathway,map00970
1519,Clo1313_0499,KEGG_pathway,-
1522,Clo1313_0500,KEGG_pathway,map00040
1523,Clo1313_0500,KEGG_pathway,map01100
1526,Clo1313_0501,KEGG_pathway,map00040
1527,Clo1313_0501,KEGG_pathway,map02024
1528,Clo1313_0502,KEGG_pathway,-
1529,Clo1313_0503,KEGG_pathway,-
1530,Clo1313_0509,KEGG_pathway,-
1534,Clo1313_0510,KEGG_pathway,map01501
1535,Clo1313_0510,KEGG_pathway,map02010
1536,Clo1313_0510,KEGG_pathway,map02024
1540,Clo1313_0511,KEGG_pathway,map01501
1541,Clo1313_0511,KEGG_pathway,map02010
1542,Clo1313_0511,KEGG_pathway,map02024
1546,Clo1313_0512,KEGG_pathway,map01501
1547,Clo1313_0512,KEGG_pathway,map02010
1548,Clo1313_0512,KEGG_pathway,map02024
1552,Clo1313_0513,KEGG_pathway,map01501
1553,Clo1313_0513,KEGG_pathway,map02010
1554,Clo1313_0513,KEGG_pathway,map02024
1558,Clo1313_0514,KEGG_pathway,map01501
1559,Clo1313_0514,KEGG_pathway,map02010
1560,Clo1313_0514,KEGG_pathway,map02024
1561,Clo1313_0515,KEGG_pathway,-
1562,Clo1313_0516,KEGG_pathway,-
1563,Clo1313_0517,KEGG_pathway,-
1564,Clo1313_0518,KEGG_pathway,-
1565,Clo1313_0519,KEGG_pathway,-
1566,Clo1313_0520,KEGG_pathway,-
1567,Clo1313_0521,KEGG_pathway,-
1568,Clo1313_0522,KEGG_pathway,-
1569,Clo1313_0523,KEGG_pathway,-
1570,Clo1313_0524,KEGG_pathway,-
1571,Clo1313_0525,KEGG_pathway,-
1572,Clo1313_0526,KEGG_pathway,-
1573,Clo1313_0527,KEGG_pathway,-
1574,Clo1313_0528,KEGG_pathway,-
1575,Clo1313_0529,KEGG_pathway,-
1576,Clo1313_0530,KEGG_pathway,-
1577,Clo1313_0531,KEGG_pathway,-
1580,Clo1313_0532,KEGG_pathway,map02020
1581,Clo1313_0532,KEGG_pathway,map02030
1582,Clo1313_0534,KEGG_pathway,-
1583,Clo1313_0535,KEGG_pathway,-
1584,Clo1313_0536,KEGG_pathway,-
1585,Clo1313_0537,KEGG_pathway,-
1586,Clo1313_0538,KEGG_pathway,-
1587,Clo1313_0539,KEGG_pathway,-
1588,Clo1313_0540,KEGG_pathway,-
1589,Clo1313_0541,KEGG_pathway,-
1592,Clo1313_0542,KEGG_pathway,map00360
1593,Clo1313_0542,KEGG_pathway,map01120
1594,Clo1313_0543,KEGG_pathway,-
1595,Clo1313_0544,KEGG_pathway,-
1596,Clo1313_0545,KEGG_pathway,-
1597,Clo1313_0546,KEGG_pathway,-
1598,Clo1313_0547,KEGG_pathway,-
1600,Clo1313_0549,KEGG_pathway,map02010
1601,Clo1313_0550,KEGG_pathway,-
1602,Clo1313_0551,KEGG_pathway,-
1603,Clo1313_0552,KEGG_pathway,-
1609,Clo1313_0554,KEGG_pathway,map00630
1610,Clo1313_0554,KEGG_pathway,map00680
1611,Clo1313_0554,KEGG_pathway,map01100
1612,Clo1313_0554,KEGG_pathway,map01120
1613,Clo1313_0554,KEGG_pathway,map01200
1614,Clo1313_0555,KEGG_pathway,-
1615,Clo1313_0556,KEGG_pathway,-
1616,Clo1313_0557,KEGG_pathway,-
1624,Clo1313_0558,KEGG_pathway,map04013
1625,Clo1313_0558,KEGG_pathway,map04068
1626,Clo1313_0558,KEGG_pathway,map04146
1627,Clo1313_0558,KEGG_pathway,map04211
1628,Clo1313_0558,KEGG_pathway,map04212
1629,Clo1313_0558,KEGG_pathway,map04213
1630,Clo1313_0558,KEGG_pathway,map05016
1631,Clo1313_0562,KEGG_pathway,-
1632,Clo1313_0563,KEGG_pathway,-
1633,Clo1313_0564,KEGG_pathway,-
1634,Clo1313_0565,KEGG_pathway,-
1635,Clo1313_0566,KEGG_pathway,-
1636,Clo1313_0567,KEGG_pathway,-
1637,Clo1313_0568,KEGG_pathway,-
1638,Clo1313_0569,KEGG_pathway,-
1639,Clo1313_0570,KEGG_pathway,-
1642,Clo1313_0571,KEGG_pathway,map00190
1643,Clo1313_0571,KEGG_pathway,map01100
1644,Clo1313_0572,KEGG_pathway,-
1647,Clo1313_0573,KEGG_pathway,map00190
1648,Clo1313_0573,KEGG_pathway,map01100
1651,Clo1313_0574,KEGG_pathway,map00190
1652,Clo1313_0574,KEGG_pathway,map01100
1653,Clo1313_0575,KEGG_pathway,-
1654,Clo1313_0577,KEGG_pathway,-
1664,Clo1313_0578,KEGG_pathway,map00020
1665,Clo1313_0578,KEGG_pathway,map00630
1666,Clo1313_0578,KEGG_pathway,map01100
1667,Clo1313_0578,KEGG_pathway,map01110
1668,Clo1313_0578,KEGG_pathway,map01120
1669,Clo1313_0578,KEGG_pathway,map01130
1670,Clo1313_0578,KEGG_pathway,map01200
1671,Clo1313_0578,KEGG_pathway,map01210
1672,Clo1313_0578,KEGG_pathway,map01230
1676,Clo1313_0579,KEGG_pathway,map00340
1677,Clo1313_0579,KEGG_pathway,map01100
1678,Clo1313_0579,KEGG_pathway,map01110
1681,Clo1313_0580,KEGG_pathway,map02020
1682,Clo1313_0580,KEGG_pathway,map02030
1685,Clo1313_0581,KEGG_pathway,map02020
1686,Clo1313_0581,KEGG_pathway,map02030
1687,Clo1313_0583,KEGG_pathway,-
1688,Clo1313_0584,KEGG_pathway,-
1689,Clo1313_0585,KEGG_pathway,-
1697,Clo1313_0586,KEGG_pathway,map00260
1698,Clo1313_0586,KEGG_pathway,map00680
1699,Clo1313_0586,KEGG_pathway,map01100
1700,Clo1313_0586,KEGG_pathway,map01120
1701,Clo1313_0586,KEGG_pathway,map01130
1702,Clo1313_0586,KEGG_pathway,map01200
1703,Clo1313_0586,KEGG_pathway,map01230
1706,Clo1313_0587,KEGG_pathway,map02020
1707,Clo1313_0587,KEGG_pathway,map02030
1708,Clo1313_0588,KEGG_pathway,-
1709,Clo1313_0589,KEGG_pathway,-
1710,Clo1313_0590,KEGG_pathway,-
1711,Clo1313_0591,KEGG_pathway,-
1715,Clo1313_0592,KEGG_pathway,map00130
1716,Clo1313_0592,KEGG_pathway,map01100
1717,Clo1313_0592,KEGG_pathway,map01110
1718,Clo1313_0593,KEGG_pathway,-
1719,Clo1313_0594,KEGG_pathway,-
1720,Clo1313_0595,KEGG_pathway,-
1721,Clo1313_0596,KEGG_pathway,-
1723,Clo1313_0597,KEGG_pathway,map04112
1725,Clo1313_0598,KEGG_pathway,map00550
1726,Clo1313_0599,KEGG_pathway,-
1727,Clo1313_0600,KEGG_pathway,-
1728,Clo1313_0601,KEGG_pathway,-
1729,Clo1313_0602,KEGG_pathway,-
1730,Clo1313_0603,KEGG_pathway,-
1731,Clo1313_0604,KEGG_pathway,-
1732,Clo1313_0606,KEGG_pathway,-
1733,Clo1313_0609,KEGG_pathway,-
1734,Clo1313_0610,KEGG_pathway,-
1735,Clo1313_0612,KEGG_pathway,-
1738,Clo1313_0613,KEGG_pathway,map00311
1739,Clo1313_0613,KEGG_pathway,map01130
1740,Clo1313_0614,KEGG_pathway,-
1741,Clo1313_0615,KEGG_pathway,-
1742,Clo1313_0616,KEGG_pathway,-
1743,Clo1313_0617,KEGG_pathway,-
1744,Clo1313_0618,KEGG_pathway,-
1745,Clo1313_0619,KEGG_pathway,-
1746,Clo1313_0620,KEGG_pathway,-
1747,Clo1313_0621,KEGG_pathway,-
1750,Clo1313_0622,KEGG_pathway,map00061
1751,Clo1313_0622,KEGG_pathway,map01100
1752,Clo1313_0623,KEGG_pathway,-
1753,Clo1313_0624,KEGG_pathway,-
1754,Clo1313_0625,KEGG_pathway,-
1755,Clo1313_0626,KEGG_pathway,-
1756,Clo1313_0627,KEGG_pathway,-
1757,Clo1313_0628,KEGG_pathway,-
1758,Clo1313_0629,KEGG_pathway,-
1759,Clo1313_0630,KEGG_pathway,-
1760,Clo1313_0631,KEGG_pathway,-
1761,Clo1313_0633,KEGG_pathway,-
1762,Clo1313_0634,KEGG_pathway,-
1763,Clo1313_0635,KEGG_pathway,-
1769,Clo1313_0636,KEGG_pathway,map00400
1770,Clo1313_0636,KEGG_pathway,map01100
1771,Clo1313_0636,KEGG_pathway,map01110
1772,Clo1313_0636,KEGG_pathway,map01130
1773,Clo1313_0636,KEGG_pathway,map01230
1776,Clo1313_0637,KEGG_pathway,map02020
1777,Clo1313_0637,KEGG_pathway,map02024
1778,Clo1313_0638,KEGG_pathway,-
1779,Clo1313_0639,KEGG_pathway,-
1788,Clo1313_0640,KEGG_pathway,map00020
1789,Clo1313_0640,KEGG_pathway,map00620
1790,Clo1313_0640,KEGG_pathway,map00720
1791,Clo1313_0640,KEGG_pathway,map01100
1792,Clo1313_0640,KEGG_pathway,map01110
1793,Clo1313_0640,KEGG_pathway,map01120
1794,Clo1313_0640,KEGG_pathway,map01130
1795,Clo1313_0640,KEGG_pathway,map01200
1804,Clo1313_0641,KEGG_pathway,map00020
1805,Clo1313_0641,KEGG_pathway,map00620
1806,Clo1313_0641,KEGG_pathway,map00720
1807,Clo1313_0641,KEGG_pathway,map01100
1808,Clo1313_0641,KEGG_pathway,map01110
1809,Clo1313_0641,KEGG_pathway,map01120
1810,Clo1313_0641,KEGG_pathway,map01130
1811,Clo1313_0641,KEGG_pathway,map01200
1812,Clo1313_0642,KEGG_pathway,-
1816,Clo1313_0643,KEGG_pathway,map00230
1817,Clo1313_0643,KEGG_pathway,map00250
1818,Clo1313_0643,KEGG_pathway,map01100
1819,Clo1313_0644,KEGG_pathway,-
1820,Clo1313_0645,KEGG_pathway,-
1824,Clo1313_0646,KEGG_pathway,map00514
1825,Clo1313_0646,KEGG_pathway,map00515
1826,Clo1313_0646,KEGG_pathway,map01100
1827,Clo1313_0647,KEGG_pathway,-
1828,Clo1313_0648,KEGG_pathway,-
1829,Clo1313_0649,KEGG_pathway,-
1832,Clo1313_0650,KEGG_pathway,map00510
1833,Clo1313_0650,KEGG_pathway,map01100
1840,Clo1313_0651,KEGG_pathway,map00300
1841,Clo1313_0651,KEGG_pathway,map01100
1842,Clo1313_0651,KEGG_pathway,map01110
1843,Clo1313_0651,KEGG_pathway,map01120
1844,Clo1313_0651,KEGG_pathway,map01130
1845,Clo1313_0651,KEGG_pathway,map01230
1851,Clo1313_0652,KEGG_pathway,map00300
1852,Clo1313_0652,KEGG_pathway,map01100
1853,Clo1313_0652,KEGG_pathway,map01110
1854,Clo1313_0652,KEGG_pathway,map01130
1855,Clo1313_0652,KEGG_pathway,map01230
1856,Clo1313_0653,KEGG_pathway,-
1857,Clo1313_0654,KEGG_pathway,-
1858,Clo1313_0655,KEGG_pathway,-
1861,Clo1313_0656,KEGG_pathway,map00790
1862,Clo1313_0656,KEGG_pathway,map01100
1865,Clo1313_0657,KEGG_pathway,map00790
1866,Clo1313_0657,KEGG_pathway,map01100
1869,Clo1313_0658,KEGG_pathway,map00790
1870,Clo1313_0658,KEGG_pathway,map01100
1872,Clo1313_0659,KEGG_pathway,map03410
1874,Clo1313_0660,KEGG_pathway,map03410
1875,Clo1313_0661,KEGG_pathway,-
1876,Clo1313_0662,KEGG_pathway,-
1877,Clo1313_0663,KEGG_pathway,-
1878,Clo1313_0665,KEGG_pathway,-
1883,Clo1313_0666,KEGG_pathway,map00051
1884,Clo1313_0666,KEGG_pathway,map00520
1885,Clo1313_0666,KEGG_pathway,map01100
1886,Clo1313_0666,KEGG_pathway,map01110
1887,Clo1313_0667,KEGG_pathway,-
1888,Clo1313_0668,KEGG_pathway,-
1894,Clo1313_0669,KEGG_pathway,map00051
1895,Clo1313_0669,KEGG_pathway,map00520
1896,Clo1313_0669,KEGG_pathway,map01100
1897,Clo1313_0669,KEGG_pathway,map01110
1898,Clo1313_0669,KEGG_pathway,map01130
1899,Clo1313_0670,KEGG_pathway,-
1900,Clo1313_0671,KEGG_pathway,-
1901,Clo1313_0672,KEGG_pathway,-
1911,Clo1313_0673,KEGG_pathway,map00010
1912,Clo1313_0673,KEGG_pathway,map00020
1913,Clo1313_0673,KEGG_pathway,map00620
1914,Clo1313_0673,KEGG_pathway,map00650
1915,Clo1313_0673,KEGG_pathway,map00720
1916,Clo1313_0673,KEGG_pathway,map01100
1917,Clo1313_0673,KEGG_pathway,map01120
1918,Clo1313_0673,KEGG_pathway,map01130
1919,Clo1313_0673,KEGG_pathway,map01200
1920,Clo1313_0674,KEGG_pathway,-
1921,Clo1313_0675,KEGG_pathway,-
1922,Clo1313_0676,KEGG_pathway,-
1933,Clo1313_0677,KEGG_pathway,map00061
1934,Clo1313_0677,KEGG_pathway,map00071
1935,Clo1313_0677,KEGG_pathway,map01100
1936,Clo1313_0677,KEGG_pathway,map01212
1937,Clo1313_0677,KEGG_pathway,map02024
1938,Clo1313_0677,KEGG_pathway,map03320
1939,Clo1313_0677,KEGG_pathway,map04146
1940,Clo1313_0677,KEGG_pathway,map04216
1941,Clo1313_0677,KEGG_pathway,map04714
1942,Clo1313_0677,KEGG_pathway,map04920
1944,Clo1313_0678,KEGG_pathway,map04141
1945,Clo1313_0679,KEGG_pathway,-
1946,Clo1313_0680,KEGG_pathway,-
1947,Clo1313_0681,KEGG_pathway,-
1948,Clo1313_0682,KEGG_pathway,-
1949,Clo1313_0683,KEGG_pathway,-
1950,Clo1313_0684,KEGG_pathway,-
1951,Clo1313_0685,KEGG_pathway,-
1956,Clo1313_0686,KEGG_pathway,map00362
1957,Clo1313_0686,KEGG_pathway,map01100
1958,Clo1313_0686,KEGG_pathway,map01120
1959,Clo1313_0686,KEGG_pathway,map01220
1960,Clo1313_0688,KEGG_pathway,-
1961,Clo1313_0689,KEGG_pathway,-
1962,Clo1313_0691,KEGG_pathway,-
1963,Clo1313_0692,KEGG_pathway,-
1964,Clo1313_0693,KEGG_pathway,-
1965,Clo1313_0694,KEGG_pathway,-
1966,Clo1313_0696,KEGG_pathway,-
1967,Clo1313_0697,KEGG_pathway,-
1968,Clo1313_0698,KEGG_pathway,-
1969,Clo1313_0699,KEGG_pathway,-
1972,Clo1313_0700,KEGG_pathway,map00480
1973,Clo1313_0700,KEGG_pathway,map01100
1976,Clo1313_0701,KEGG_pathway,map00860
1977,Clo1313_0701,KEGG_pathway,map01100
1980,Clo1313_0702,KEGG_pathway,map00860
1981,Clo1313_0702,KEGG_pathway,map01100
1984,Clo1313_0703,KEGG_pathway,map00860
1985,Clo1313_0703,KEGG_pathway,map01100
1988,Clo1313_0704,KEGG_pathway,map00860
1989,Clo1313_0704,KEGG_pathway,map01100
1990,Clo1313_0705,KEGG_pathway,-
1991,Clo1313_0706,KEGG_pathway,-
1994,Clo1313_0707,KEGG_pathway,map02020
1995,Clo1313_0707,KEGG_pathway,map02030
1996,Clo1313_0708,KEGG_pathway,-
2007,Clo1313_0709,KEGG_pathway,map00020
2008,Clo1313_0709,KEGG_pathway,map00630
2009,Clo1313_0709,KEGG_pathway,map00720
2010,Clo1313_0709,KEGG_pathway,map01100
2011,Clo1313_0709,KEGG_pathway,map01110
2012,Clo1313_0709,KEGG_pathway,map01120
2013,Clo1313_0709,KEGG_pathway,map01130
2014,Clo1313_0709,KEGG_pathway,map01200
2015,Clo1313_0709,KEGG_pathway,map01210
2016,Clo1313_0709,KEGG_pathway,map01230
2017,Clo1313_0710,KEGG_pathway,-
2018,Clo1313_0711,KEGG_pathway,-
2019,Clo1313_0712,KEGG_pathway,-
2020,Clo1313_0713,KEGG_pathway,-
2021,Clo1313_0714,KEGG_pathway,-
2022,Clo1313_0715,KEGG_pathway,-
2023,Clo1313_0716,KEGG_pathway,-
2029,Clo1313_0717,KEGG_pathway,map00500
2030,Clo1313_0717,KEGG_pathway,map00520
2031,Clo1313_0717,KEGG_pathway,map01100
2032,Clo1313_0717,KEGG_pathway,map01110
2033,Clo1313_0717,KEGG_pathway,map02026
2039,Clo1313_0718,KEGG_pathway,map00500
2040,Clo1313_0718,KEGG_pathway,map00520
2041,Clo1313_0718,KEGG_pathway,map01100
2042,Clo1313_0718,KEGG_pathway,map01110
2043,Clo1313_0718,KEGG_pathway,map02026
2048,Clo1313_0719,KEGG_pathway,map00561
2049,Clo1313_0719,KEGG_pathway,map00564
2050,Clo1313_0719,KEGG_pathway,map01100
2051,Clo1313_0719,KEGG_pathway,map01110
2058,Clo1313_0720,KEGG_pathway,map00061
2059,Clo1313_0720,KEGG_pathway,map00333
2060,Clo1313_0720,KEGG_pathway,map00780
2061,Clo1313_0720,KEGG_pathway,map01100
2062,Clo1313_0720,KEGG_pathway,map01130
2063,Clo1313_0720,KEGG_pathway,map01212
2064,Clo1313_0721,KEGG_pathway,-
2065,Clo1313_0722,KEGG_pathway,-
2066,Clo1313_0723,KEGG_pathway,-
2067,Clo1313_0724,KEGG_pathway,-
2068,Clo1313_0725,KEGG_pathway,-
2069,Clo1313_0726,KEGG_pathway,-
2070,Clo1313_0727,KEGG_pathway,-
2073,Clo1313_0728,KEGG_pathway,map00561
2074,Clo1313_0728,KEGG_pathway,map01100
2075,Clo1313_0729,KEGG_pathway,-
2078,Clo1313_0730,KEGG_pathway,map00550
2079,Clo1313_0730,KEGG_pathway,map01100
2080,Clo1313_0731,KEGG_pathway,-
2081,Clo1313_0732,KEGG_pathway,-
2082,Clo1313_0733,KEGG_pathway,-
2083,Clo1313_0734,KEGG_pathway,-
2087,Clo1313_0735,KEGG_pathway,map00860
2088,Clo1313_0735,KEGG_pathway,map01100
2089,Clo1313_0735,KEGG_pathway,map01110
2090,Clo1313_0736,KEGG_pathway,-
2091,Clo1313_0737,KEGG_pathway,-
2092,Clo1313_0738,KEGG_pathway,-
2094,Clo1313_0739,KEGG_pathway,map03440
2095,Clo1313_0740,KEGG_pathway,-
2096,Clo1313_0741,KEGG_pathway,-
2104,Clo1313_0742,KEGG_pathway,map00562
2105,Clo1313_0742,KEGG_pathway,map00564
2106,Clo1313_0742,KEGG_pathway,map00565
2107,Clo1313_0742,KEGG_pathway,map01100
2108,Clo1313_0742,KEGG_pathway,map01110
2109,Clo1313_0742,KEGG_pathway,map02024
2110,Clo1313_0742,KEGG_pathway,map04919
2111,Clo1313_0743,KEGG_pathway,-
2112,Clo1313_0744,KEGG_pathway,-
2113,Clo1313_0745,KEGG_pathway,-
2114,Clo1313_0746,KEGG_pathway,-
2115,Clo1313_0747,KEGG_pathway,-
2116,Clo1313_0748,KEGG_pathway,-
2118,Clo1313_0749,KEGG_pathway,map00970
2119,Clo1313_0750,KEGG_pathway,-
2120,Clo1313_0751,KEGG_pathway,-
2121,Clo1313_0753,KEGG_pathway,-
2122,Clo1313_0754,KEGG_pathway,-
2123,Clo1313_0755,KEGG_pathway,-
2124,Clo1313_0756,KEGG_pathway,-
2125,Clo1313_0757,KEGG_pathway,-
2126,Clo1313_0758,KEGG_pathway,-
2127,Clo1313_0759,KEGG_pathway,-
2128,Clo1313_0760,KEGG_pathway,-
2129,Clo1313_0762,KEGG_pathway,-
2130,Clo1313_0764,KEGG_pathway,-
2131,Clo1313_0765,KEGG_pathway,-
2132,Clo1313_0766,KEGG_pathway,-
2133,Clo1313_0767,KEGG_pathway,-
2134,Clo1313_0770,KEGG_pathway,-
2135,Clo1313_0772,KEGG_pathway,-
2136,Clo1313_0773,KEGG_pathway,-
2137,Clo1313_0777,KEGG_pathway,-
2138,Clo1313_0778,KEGG_pathway,-
2139,Clo1313_0779,KEGG_pathway,-
2140,Clo1313_0780,KEGG_pathway,-
2141,Clo1313_0781,KEGG_pathway,-
2142,Clo1313_0782,KEGG_pathway,-
2143,Clo1313_0783,KEGG_pathway,-
2144,Clo1313_0784,KEGG_pathway,-
2145,Clo1313_0785,KEGG_pathway,-
2146,Clo1313_0786,KEGG_pathway,-
2147,Clo1313_0787,KEGG_pathway,-
2148,Clo1313_0788,KEGG_pathway,-
2149,Clo1313_0789,KEGG_pathway,-
2150,Clo1313_0790,KEGG_pathway,-
2151,Clo1313_0791,KEGG_pathway,-
2152,Clo1313_0792,KEGG_pathway,-
2153,Clo1313_0793,KEGG_pathway,-
2154,Clo1313_0794,KEGG_pathway,-
2155,Clo1313_0795,KEGG_pathway,-
2156,Clo1313_0796,KEGG_pathway,-
2157,Clo1313_0797,KEGG_pathway,-
2158,Clo1313_0799,KEGG_pathway,-
2159,Clo1313_0800,KEGG_pathway,-
2160,Clo1313_0801,KEGG_pathway,-
2161,Clo1313_0802,KEGG_pathway,-
2162,Clo1313_0803,KEGG_pathway,-
2165,Clo1313_0805,KEGG_pathway,map01503
2166,Clo1313_0805,KEGG_pathway,map02020
2167,Clo1313_0807,KEGG_pathway,-
2168,Clo1313_0809,KEGG_pathway,-
2169,Clo1313_0811,KEGG_pathway,-
2170,Clo1313_0812,KEGG_pathway,-
2182,Clo1313_0813,KEGG_pathway,map00010
2183,Clo1313_0813,KEGG_pathway,map00260
2184,Clo1313_0813,KEGG_pathway,map00680
2185,Clo1313_0813,KEGG_pathway,map01100
2186,Clo1313_0813,KEGG_pathway,map01110
2187,Clo1313_0813,KEGG_pathway,map01120
2188,Clo1313_0813,KEGG_pathway,map01130
2189,Clo1313_0813,KEGG_pathway,map01200
2190,Clo1313_0813,KEGG_pathway,map01230
2191,Clo1313_0813,KEGG_pathway,map04922
2192,Clo1313_0813,KEGG_pathway,map05230
2193,Clo1313_0814,KEGG_pathway,-
2201,Clo1313_0815,KEGG_pathway,map00061
2202,Clo1313_0815,KEGG_pathway,map00333
2203,Clo1313_0815,KEGG_pathway,map00780
2204,Clo1313_0815,KEGG_pathway,map01040
2205,Clo1313_0815,KEGG_pathway,map01100
2206,Clo1313_0815,KEGG_pathway,map01130
2207,Clo1313_0815,KEGG_pathway,map01212
2208,Clo1313_0816,KEGG_pathway,-
2209,Clo1313_0817,KEGG_pathway,-
2210,Clo1313_0818,KEGG_pathway,-
2211,Clo1313_0819,KEGG_pathway,-
2217,Clo1313_0820,KEGG_pathway,map00460
2218,Clo1313_0820,KEGG_pathway,map00500
2219,Clo1313_0820,KEGG_pathway,map00940
2220,Clo1313_0820,KEGG_pathway,map01100
2221,Clo1313_0820,KEGG_pathway,map01110
2222,Clo1313_0821,KEGG_pathway,-
2223,Clo1313_0822,KEGG_pathway,-
2225,Clo1313_0823,KEGG_pathway,map00190
2226,Clo1313_0824,KEGG_pathway,-
2227,Clo1313_0825,KEGG_pathway,-
2228,Clo1313_0827,KEGG_pathway,-
2229,Clo1313_0828,KEGG_pathway,-
2230,Clo1313_0829,KEGG_pathway,-
2231,Clo1313_0830,KEGG_pathway,-
2232,Clo1313_0832,KEGG_pathway,-
2233,Clo1313_0833,KEGG_pathway,-
2234,Clo1313_0834,KEGG_pathway,-
2235,Clo1313_0835,KEGG_pathway,-
2242,Clo1313_0836,KEGG_pathway,map00260
2243,Clo1313_0836,KEGG_pathway,map00400
2244,Clo1313_0836,KEGG_pathway,map01100
2245,Clo1313_0836,KEGG_pathway,map01110
2246,Clo1313_0836,KEGG_pathway,map01130
2247,Clo1313_0836,KEGG_pathway,map01230
2254,Clo1313_0837,KEGG_pathway,map00260
2255,Clo1313_0837,KEGG_pathway,map00400
2256,Clo1313_0837,KEGG_pathway,map01100
2257,Clo1313_0837,KEGG_pathway,map01110
2258,Clo1313_0837,KEGG_pathway,map01130
2259,Clo1313_0837,KEGG_pathway,map01230
2260,Clo1313_0838,KEGG_pathway,-
2261,Clo1313_0839,KEGG_pathway,-
2262,Clo1313_0840,KEGG_pathway,-
2263,Clo1313_0841,KEGG_pathway,-
2264,Clo1313_0842,KEGG_pathway,-
2265,Clo1313_0843,KEGG_pathway,-
2266,Clo1313_0844,KEGG_pathway,-
2267,Clo1313_0845,KEGG_pathway,-
2268,Clo1313_0846,KEGG_pathway,-
2269,Clo1313_0847,KEGG_pathway,-
2270,Clo1313_0848,KEGG_pathway,-
2271,Clo1313_0849,KEGG_pathway,-
2272,Clo1313_0850,KEGG_pathway,-
2273,Clo1313_0851,KEGG_pathway,-
2274,Clo1313_0852,KEGG_pathway,-
2277,Clo1313_0853,KEGG_pathway,map00564
2278,Clo1313_0853,KEGG_pathway,map01100
2280,Clo1313_0855,KEGG_pathway,map02020
2282,Clo1313_0856,KEGG_pathway,map02020
2289,Clo1313_0857,KEGG_pathway,map00290
2290,Clo1313_0857,KEGG_pathway,map00620
2291,Clo1313_0857,KEGG_pathway,map01100
2292,Clo1313_0857,KEGG_pathway,map01110
2293,Clo1313_0857,KEGG_pathway,map01210
2294,Clo1313_0857,KEGG_pathway,map01230
2295,Clo1313_0858,KEGG_pathway,-
2298,Clo1313_0859,KEGG_pathway,map03013
2299,Clo1313_0859,KEGG_pathway,map03018
2300,Clo1313_0860,KEGG_pathway,-
2301,Clo1313_0861,KEGG_pathway,-
2302,Clo1313_0862,KEGG_pathway,-
2306,Clo1313_0863,KEGG_pathway,map02024
2307,Clo1313_0863,KEGG_pathway,map03060
2308,Clo1313_0863,KEGG_pathway,map03070
2311,Clo1313_0864,KEGG_pathway,map00790
2312,Clo1313_0864,KEGG_pathway,map01100
2313,Clo1313_0865,KEGG_pathway,-
2314,Clo1313_0866,KEGG_pathway,-
2321,Clo1313_0867,KEGG_pathway,map00260
2322,Clo1313_0867,KEGG_pathway,map00750
2323,Clo1313_0867,KEGG_pathway,map01100
2324,Clo1313_0867,KEGG_pathway,map01110
2325,Clo1313_0867,KEGG_pathway,map01120
2326,Clo1313_0867,KEGG_pathway,map01230
2329,Clo1313_0868,KEGG_pathway,map02020
2330,Clo1313_0868,KEGG_pathway,map02030
2331,Clo1313_0869,KEGG_pathway,-
2332,Clo1313_0870,KEGG_pathway,-
2338,Clo1313_0871,KEGG_pathway,map00400
2339,Clo1313_0871,KEGG_pathway,map01100
2340,Clo1313_0871,KEGG_pathway,map01110
2341,Clo1313_0871,KEGG_pathway,map01130
2342,Clo1313_0871,KEGG_pathway,map01230
2351,Clo1313_0872,KEGG_pathway,map00260
2352,Clo1313_0872,KEGG_pathway,map00270
2353,Clo1313_0872,KEGG_pathway,map00300
2354,Clo1313_0872,KEGG_pathway,map01100
2355,Clo1313_0872,KEGG_pathway,map01110
2356,Clo1313_0872,KEGG_pathway,map01120
2357,Clo1313_0872,KEGG_pathway,map01130
2358,Clo1313_0872,KEGG_pathway,map01230
2369,Clo1313_0873,KEGG_pathway,map00260
2370,Clo1313_0873,KEGG_pathway,map00261
2371,Clo1313_0873,KEGG_pathway,map00270
2372,Clo1313_0873,KEGG_pathway,map00300
2373,Clo1313_0873,KEGG_pathway,map01100
2374,Clo1313_0873,KEGG_pathway,map01110
2375,Clo1313_0873,KEGG_pathway,map01120
2376,Clo1313_0873,KEGG_pathway,map01130
2377,Clo1313_0873,KEGG_pathway,map01210
2378,Clo1313_0873,KEGG_pathway,map01230
2380,Clo1313_0874,KEGG_pathway,map01503
2381,Clo1313_0875,KEGG_pathway,-
2382,Clo1313_0876,KEGG_pathway,-
2383,Clo1313_0880,KEGG_pathway,-
2384,Clo1313_0883,KEGG_pathway,-
2385,Clo1313_0884,KEGG_pathway,-
2386,Clo1313_0885,KEGG_pathway,-
2387,Clo1313_0886,KEGG_pathway,-
2391,Clo1313_0887,KEGG_pathway,map00521
2392,Clo1313_0887,KEGG_pathway,map00523
2393,Clo1313_0887,KEGG_pathway,map01130
2394,Clo1313_0888,KEGG_pathway,-
2395,Clo1313_0889,KEGG_pathway,-
2396,Clo1313_0890,KEGG_pathway,-
2397,Clo1313_0891,KEGG_pathway,-
2400,Clo1313_0892,KEGG_pathway,map00520
2401,Clo1313_0892,KEGG_pathway,map01100
2402,Clo1313_0893,KEGG_pathway,-
2403,Clo1313_0894,KEGG_pathway,-
2404,Clo1313_0895,KEGG_pathway,-
2405,Clo1313_0896,KEGG_pathway,-
2406,Clo1313_0897,KEGG_pathway,-
2407,Clo1313_0898,KEGG_pathway,-
2408,Clo1313_0899,KEGG_pathway,-
2409,Clo1313_0900,KEGG_pathway,-
2414,Clo1313_0901,KEGG_pathway,map00040
2415,Clo1313_0901,KEGG_pathway,map00053
2416,Clo1313_0901,KEGG_pathway,map00520
2417,Clo1313_0901,KEGG_pathway,map01100
2418,Clo1313_0902,KEGG_pathway,-
2422,Clo1313_0903,KEGG_pathway,map03030
2423,Clo1313_0903,KEGG_pathway,map03430
2424,Clo1313_0903,KEGG_pathway,map03440
2425,Clo1313_0904,KEGG_pathway,-
2427,Clo1313_0905,KEGG_pathway,map03010
2428,Clo1313_0906,KEGG_pathway,-
2432,Clo1313_0907,KEGG_pathway,map03410
2433,Clo1313_0907,KEGG_pathway,map03430
2434,Clo1313_0907,KEGG_pathway,map03440
2437,Clo1313_0908,KEGG_pathway,map00230
2438,Clo1313_0908,KEGG_pathway,map01100
2440,Clo1313_0909,KEGG_pathway,map00230
2441,Clo1313_0910,KEGG_pathway,-
2442,Clo1313_0911,KEGG_pathway,-
2443,Clo1313_0912,KEGG_pathway,-
2444,Clo1313_0913,KEGG_pathway,-
2445,Clo1313_0914,KEGG_pathway,-
2446,Clo1313_0915,KEGG_pathway,-
2447,Clo1313_0916,KEGG_pathway,-
2448,Clo1313_0917,KEGG_pathway,-
2449,Clo1313_0918,KEGG_pathway,-
2450,Clo1313_0919,KEGG_pathway,-
2451,Clo1313_0920,KEGG_pathway,-
2452,Clo1313_0921,KEGG_pathway,-
2454,Clo1313_0922,KEGG_pathway,map00970
2456,Clo1313_0923,KEGG_pathway,map00970
2459,Clo1313_0924,KEGG_pathway,map02024
2460,Clo1313_0924,KEGG_pathway,map03060
2461,Clo1313_0925,KEGG_pathway,-
2462,Clo1313_0926,KEGG_pathway,-
2463,Clo1313_0927,KEGG_pathway,-
2464,Clo1313_0928,KEGG_pathway,-
2466,Clo1313_0929,KEGG_pathway,map05134
2467,Clo1313_0930,KEGG_pathway,-
2468,Clo1313_0931,KEGG_pathway,-
2469,Clo1313_0932,KEGG_pathway,-
2473,Clo1313_0933,KEGG_pathway,map03018
2474,Clo1313_0933,KEGG_pathway,map04212
2475,Clo1313_0933,KEGG_pathway,map05152
2476,Clo1313_0934,KEGG_pathway,-
2477,Clo1313_0935,KEGG_pathway,-
2478,Clo1313_0936,KEGG_pathway,-
2481,Clo1313_0937,KEGG_pathway,map02020
2482,Clo1313_0937,KEGG_pathway,map02030
2483,Clo1313_0939,KEGG_pathway,-
2484,Clo1313_0940,KEGG_pathway,-
2487,Clo1313_0941,KEGG_pathway,map00230
2488,Clo1313_0941,KEGG_pathway,map01100
2493,Clo1313_0942,KEGG_pathway,map00230
2494,Clo1313_0942,KEGG_pathway,map00240
2495,Clo1313_0942,KEGG_pathway,map01100
2496,Clo1313_0942,KEGG_pathway,map03020
2499,Clo1313_0943,KEGG_pathway,map00770
2500,Clo1313_0943,KEGG_pathway,map01100
2502,Clo1313_0944,KEGG_pathway,map00970
2505,Clo1313_0945,KEGG_pathway,map02020
2506,Clo1313_0945,KEGG_pathway,map02024
2509,Clo1313_0947,KEGG_pathway,map02020
2510,Clo1313_0947,KEGG_pathway,map02024
2511,Clo1313_0948,KEGG_pathway,-
2518,Clo1313_0949,KEGG_pathway,map00620
2519,Clo1313_0949,KEGG_pathway,map00710
2520,Clo1313_0949,KEGG_pathway,map00720
2521,Clo1313_0949,KEGG_pathway,map01100
2522,Clo1313_0949,KEGG_pathway,map01120
2523,Clo1313_0949,KEGG_pathway,map01200
2524,Clo1313_0950,KEGG_pathway,-
2525,Clo1313_0951,KEGG_pathway,-
2526,Clo1313_0952,KEGG_pathway,-
2527,Clo1313_0953,KEGG_pathway,-
2530,Clo1313_0954,KEGG_pathway,map00500
2531,Clo1313_0954,KEGG_pathway,map01100
2533,Clo1313_0955,KEGG_pathway,map03018
2534,Clo1313_0956,KEGG_pathway,-
2535,Clo1313_0957,KEGG_pathway,-
2536,Clo1313_0958,KEGG_pathway,-
2538,Clo1313_0959,KEGG_pathway,map03010
2541,Clo1313_0960,KEGG_pathway,map00860
2542,Clo1313_0960,KEGG_pathway,map01100
2543,Clo1313_0961,KEGG_pathway,-
2546,Clo1313_0962,KEGG_pathway,map00670
2547,Clo1313_0962,KEGG_pathway,map01100
2548,Clo1313_0964,KEGG_pathway,-
2549,Clo1313_0965,KEGG_pathway,-
2559,Clo1313_0966,KEGG_pathway,map00010
2560,Clo1313_0966,KEGG_pathway,map00260
2561,Clo1313_0966,KEGG_pathway,map00680
2562,Clo1313_0966,KEGG_pathway,map01100
2563,Clo1313_0966,KEGG_pathway,map01110
2564,Clo1313_0966,KEGG_pathway,map01120
2565,Clo1313_0966,KEGG_pathway,map01130
2566,Clo1313_0966,KEGG_pathway,map01200
2567,Clo1313_0966,KEGG_pathway,map01230
2568,Clo1313_0967,KEGG_pathway,-
2569,Clo1313_0968,KEGG_pathway,-
2570,Clo1313_0969,KEGG_pathway,-
2571,Clo1313_0970,KEGG_pathway,-
2572,Clo1313_0971,KEGG_pathway,-
2575,Clo1313_0972,KEGG_pathway,map01503
2576,Clo1313_0972,KEGG_pathway,map02020
2577,Clo1313_0973,KEGG_pathway,-
2582,Clo1313_0974,KEGG_pathway,map00500
2583,Clo1313_0974,KEGG_pathway,map01100
2584,Clo1313_0974,KEGG_pathway,map01110
2585,Clo1313_0974,KEGG_pathway,map02026
2587,Clo1313_0975,KEGG_pathway,map03410
2588,Clo1313_0976,KEGG_pathway,-
2589,Clo1313_0977,KEGG_pathway,-
2590,Clo1313_0978,KEGG_pathway,-
2592,Clo1313_0979,KEGG_pathway,map03010
2594,Clo1313_0980,KEGG_pathway,map03440
2595,Clo1313_0981,KEGG_pathway,-
2598,Clo1313_0982,KEGG_pathway,map00770
2599,Clo1313_0982,KEGG_pathway,map01100
2600,Clo1313_0983,KEGG_pathway,-
2601,Clo1313_0984,KEGG_pathway,-
2602,Clo1313_0985,KEGG_pathway,-
2603,Clo1313_0986,KEGG_pathway,-
2605,Clo1313_0987,KEGG_pathway,map00520
2607,Clo1313_0988,KEGG_pathway,map05146
2608,Clo1313_0989,KEGG_pathway,-
2610,Clo1313_0990,KEGG_pathway,map02020
2611,Clo1313_0991,KEGG_pathway,-
2612,Clo1313_0992,KEGG_pathway,-
2625,Clo1313_0993,KEGG_pathway,map00010
2626,Clo1313_0993,KEGG_pathway,map00030
2627,Clo1313_0993,KEGG_pathway,map00051
2628,Clo1313_0993,KEGG_pathway,map00052
2629,Clo1313_0993,KEGG_pathway,map00230
2630,Clo1313_0993,KEGG_pathway,map00500
2631,Clo1313_0993,KEGG_pathway,map00520
2632,Clo1313_0993,KEGG_pathway,map00521
2633,Clo1313_0993,KEGG_pathway,map01100
2634,Clo1313_0993,KEGG_pathway,map01110
2635,Clo1313_0993,KEGG_pathway,map01120
2636,Clo1313_0993,KEGG_pathway,map01130
2643,Clo1313_0994,KEGG_pathway,map00230
2644,Clo1313_0994,KEGG_pathway,map00240
2645,Clo1313_0994,KEGG_pathway,map01100
2646,Clo1313_0994,KEGG_pathway,map03030
2647,Clo1313_0994,KEGG_pathway,map03430
2648,Clo1313_0994,KEGG_pathway,map03440
2649,Clo1313_0995,KEGG_pathway,-
2650,Clo1313_0996,KEGG_pathway,-
2665,Clo1313_0997,KEGG_pathway,map00010
2666,Clo1313_0997,KEGG_pathway,map00030
2667,Clo1313_0997,KEGG_pathway,map00051
2668,Clo1313_0997,KEGG_pathway,map00052
2669,Clo1313_0997,KEGG_pathway,map00680
2670,Clo1313_0997,KEGG_pathway,map01100
2671,Clo1313_0997,KEGG_pathway,map01110
2672,Clo1313_0997,KEGG_pathway,map01120
2673,Clo1313_0997,KEGG_pathway,map01130
2674,Clo1313_0997,KEGG_pathway,map01200
2675,Clo1313_0997,KEGG_pathway,map01230
2676,Clo1313_0997,KEGG_pathway,map03018
2677,Clo1313_0997,KEGG_pathway,map04152
2678,Clo1313_0997,KEGG_pathway,map05230
2679,Clo1313_0998,KEGG_pathway,-
2682,Clo1313_0999,KEGG_pathway,map00564
2683,Clo1313_0999,KEGG_pathway,map01100
2684,Clo1313_1000,KEGG_pathway,-
2685,Clo1313_1001,KEGG_pathway,-
2691,Clo1313_1002,KEGG_pathway,map00460
2692,Clo1313_1002,KEGG_pathway,map00500
2693,Clo1313_1002,KEGG_pathway,map00940
2694,Clo1313_1002,KEGG_pathway,map01100
2695,Clo1313_1002,KEGG_pathway,map01110
2696,Clo1313_1003,KEGG_pathway,-
2697,Clo1313_1004,KEGG_pathway,-
2698,Clo1313_1005,KEGG_pathway,-
2699,Clo1313_1006,KEGG_pathway,-
2700,Clo1313_1007,KEGG_pathway,-
2705,Clo1313_1008,KEGG_pathway,map00230
2706,Clo1313_1008,KEGG_pathway,map01100
2707,Clo1313_1008,KEGG_pathway,map01110
2708,Clo1313_1008,KEGG_pathway,map01130
2714,Clo1313_1009,KEGG_pathway,map00230
2715,Clo1313_1009,KEGG_pathway,map00250
2716,Clo1313_1009,KEGG_pathway,map01100
2717,Clo1313_1009,KEGG_pathway,map01110
2718,Clo1313_1009,KEGG_pathway,map01130
2723,Clo1313_1010,KEGG_pathway,map00230
2724,Clo1313_1010,KEGG_pathway,map01100
2725,Clo1313_1010,KEGG_pathway,map01110
2726,Clo1313_1010,KEGG_pathway,map01130
2732,Clo1313_1011,KEGG_pathway,map00230
2733,Clo1313_1011,KEGG_pathway,map00670
2734,Clo1313_1011,KEGG_pathway,map01100
2735,Clo1313_1011,KEGG_pathway,map01110
2736,Clo1313_1011,KEGG_pathway,map01130
2743,Clo1313_1012,KEGG_pathway,map00230
2744,Clo1313_1012,KEGG_pathway,map00670
2745,Clo1313_1012,KEGG_pathway,map01100
2746,Clo1313_1012,KEGG_pathway,map01110
2747,Clo1313_1012,KEGG_pathway,map01130
2748,Clo1313_1012,KEGG_pathway,map01523
2753,Clo1313_1013,KEGG_pathway,map00230
2754,Clo1313_1013,KEGG_pathway,map01100
2755,Clo1313_1013,KEGG_pathway,map01110
2756,Clo1313_1013,KEGG_pathway,map01130
2757,Clo1313_1014,KEGG_pathway,-
2758,Clo1313_1015,KEGG_pathway,-
2761,Clo1313_1016,KEGG_pathway,map00760
2762,Clo1313_1016,KEGG_pathway,map01100
2765,Clo1313_1017,KEGG_pathway,map00760
2766,Clo1313_1017,KEGG_pathway,map01100
2767,Clo1313_1018,KEGG_pathway,-
2768,Clo1313_1019,KEGG_pathway,-
2770,Clo1313_1020,KEGG_pathway,map00970
2771,Clo1313_1021,KEGG_pathway,-
2772,Clo1313_1022,KEGG_pathway,-
2773,Clo1313_1023,KEGG_pathway,-
2784,Clo1313_1024,KEGG_pathway,map00061
2785,Clo1313_1024,KEGG_pathway,map00071
2786,Clo1313_1024,KEGG_pathway,map01100
2787,Clo1313_1024,KEGG_pathway,map01212
2788,Clo1313_1024,KEGG_pathway,map02024
2789,Clo1313_1024,KEGG_pathway,map03320
2790,Clo1313_1024,KEGG_pathway,map04146
2791,Clo1313_1024,KEGG_pathway,map04216
2792,Clo1313_1024,KEGG_pathway,map04714
2793,Clo1313_1024,KEGG_pathway,map04920
2796,Clo1313_1025,KEGG_pathway,map00550
2797,Clo1313_1025,KEGG_pathway,map01100
2798,Clo1313_1026,KEGG_pathway,-
2799,Clo1313_1027,KEGG_pathway,-
2801,Clo1313_1029,KEGG_pathway,map00970
2806,Clo1313_1030,KEGG_pathway,map00240
2807,Clo1313_1030,KEGG_pathway,map00670
2808,Clo1313_1030,KEGG_pathway,map01100
2809,Clo1313_1030,KEGG_pathway,map01523
2814,Clo1313_1031,KEGG_pathway,map00670
2815,Clo1313_1031,KEGG_pathway,map00790
2816,Clo1313_1031,KEGG_pathway,map01100
2817,Clo1313_1031,KEGG_pathway,map01523
2818,Clo1313_1032,KEGG_pathway,-
2820,Clo1313_1033,KEGG_pathway,map03010
2822,Clo1313_1034,KEGG_pathway,map03010
2823,Clo1313_1035,KEGG_pathway,-
2824,Clo1313_1036,KEGG_pathway,-
2825,Clo1313_1037,KEGG_pathway,-
2826,Clo1313_1038,KEGG_pathway,-
2827,Clo1313_1039,KEGG_pathway,-
2828,Clo1313_1040,KEGG_pathway,-
2829,Clo1313_1041,KEGG_pathway,-
2830,Clo1313_1042,KEGG_pathway,-
2831,Clo1313_1043,KEGG_pathway,-
2832,Clo1313_1044,KEGG_pathway,-
2833,Clo1313_1045,KEGG_pathway,-
2840,Clo1313_1046,KEGG_pathway,map00260
2841,Clo1313_1046,KEGG_pathway,map00400
2842,Clo1313_1046,KEGG_pathway,map01100
2843,Clo1313_1046,KEGG_pathway,map01110
2844,Clo1313_1046,KEGG_pathway,map01130
2845,Clo1313_1046,KEGG_pathway,map01230
2846,Clo1313_1047,KEGG_pathway,-
2847,Clo1313_1048,KEGG_pathway,-
2848,Clo1313_1049,KEGG_pathway,-
2849,Clo1313_1050,KEGG_pathway,-
2850,Clo1313_1051,KEGG_pathway,-
2851,Clo1313_1052,KEGG_pathway,-
2852,Clo1313_1053,KEGG_pathway,-
2853,Clo1313_1054,KEGG_pathway,-
2854,Clo1313_1055,KEGG_pathway,-
2860,Clo1313_1056,KEGG_pathway,map00230
2861,Clo1313_1056,KEGG_pathway,map00240
2862,Clo1313_1056,KEGG_pathway,map00760
2863,Clo1313_1056,KEGG_pathway,map01100
2864,Clo1313_1056,KEGG_pathway,map01110
2867,Clo1313_1057,KEGG_pathway,map00270
2868,Clo1313_1057,KEGG_pathway,map01100
2873,Clo1313_1058,KEGG_pathway,map00130
2874,Clo1313_1058,KEGG_pathway,map00270
2875,Clo1313_1058,KEGG_pathway,map01100
2876,Clo1313_1058,KEGG_pathway,map01110
2877,Clo1313_1059,KEGG_pathway,-
2878,Clo1313_1060,KEGG_pathway,-
2879,Clo1313_1065,KEGG_pathway,-
2880,Clo1313_1066,KEGG_pathway,-
2881,Clo1313_1067,KEGG_pathway,-
2886,Clo1313_1068,KEGG_pathway,map00630
2887,Clo1313_1068,KEGG_pathway,map01100
2888,Clo1313_1068,KEGG_pathway,map01110
2889,Clo1313_1068,KEGG_pathway,map01130
2890,Clo1313_1069,KEGG_pathway,-
2891,Clo1313_1070,KEGG_pathway,-
2892,Clo1313_1071,KEGG_pathway,-
2893,Clo1313_1072,KEGG_pathway,-
2894,Clo1313_1073,KEGG_pathway,-
2895,Clo1313_1074,KEGG_pathway,-
2896,Clo1313_1075,KEGG_pathway,-
2897,Clo1313_1076,KEGG_pathway,-
2898,Clo1313_1077,KEGG_pathway,-
2899,Clo1313_1078,KEGG_pathway,-
2900,Clo1313_1079,KEGG_pathway,-
2901,Clo1313_1080,KEGG_pathway,-
2904,Clo1313_1081,KEGG_pathway,map00760
2905,Clo1313_1081,KEGG_pathway,map01100
2908,Clo1313_1082,KEGG_pathway,map00760
2909,Clo1313_1082,KEGG_pathway,map01100
2910,Clo1313_1083,KEGG_pathway,-
2911,Clo1313_1084,KEGG_pathway,-
2912,Clo1313_1085,KEGG_pathway,-
2913,Clo1313_1086,KEGG_pathway,-
2914,Clo1313_1087,KEGG_pathway,-
2917,Clo1313_1089,KEGG_pathway,map00550
2918,Clo1313_1089,KEGG_pathway,map01100
2926,Clo1313_1090,KEGG_pathway,map00261
2927,Clo1313_1090,KEGG_pathway,map00300
2928,Clo1313_1090,KEGG_pathway,map01100
2929,Clo1313_1090,KEGG_pathway,map01110
2930,Clo1313_1090,KEGG_pathway,map01120
2931,Clo1313_1090,KEGG_pathway,map01130
2932,Clo1313_1090,KEGG_pathway,map01230
2936,Clo1313_1091,KEGG_pathway,map00311
2937,Clo1313_1091,KEGG_pathway,map01130
2938,Clo1313_1091,KEGG_pathway,map01501
2939,Clo1313_1093,KEGG_pathway,-
2940,Clo1313_1094,KEGG_pathway,-
2941,Clo1313_1095,KEGG_pathway,-
2942,Clo1313_1096,KEGG_pathway,-
2943,Clo1313_1097,KEGG_pathway,-
2947,Clo1313_1098,KEGG_pathway,map00520
2948,Clo1313_1098,KEGG_pathway,map01100
2949,Clo1313_1098,KEGG_pathway,map01130
2955,Clo1313_1099,KEGG_pathway,map00250
2956,Clo1313_1099,KEGG_pathway,map00520
2957,Clo1313_1099,KEGG_pathway,map01100
2958,Clo1313_1099,KEGG_pathway,map01130
2959,Clo1313_1099,KEGG_pathway,map04931
2960,Clo1313_1100,KEGG_pathway,-
2961,Clo1313_1101,KEGG_pathway,-
2962,Clo1313_1102,KEGG_pathway,-
2963,Clo1313_1103,KEGG_pathway,-
2964,Clo1313_1104,KEGG_pathway,-
2965,Clo1313_1106,KEGG_pathway,-
2966,Clo1313_1107,KEGG_pathway,-
2967,Clo1313_1108,KEGG_pathway,-
2971,Clo1313_1109,KEGG_pathway,map02020
2972,Clo1313_1109,KEGG_pathway,map03070
2973,Clo1313_1109,KEGG_pathway,map05111
2974,Clo1313_1110,KEGG_pathway,-
2975,Clo1313_1111,KEGG_pathway,-
2976,Clo1313_1112,KEGG_pathway,-
2977,Clo1313_1113,KEGG_pathway,-
2978,Clo1313_1114,KEGG_pathway,-
2979,Clo1313_1115,KEGG_pathway,-
2982,Clo1313_1116,KEGG_pathway,map04112
2983,Clo1313_1116,KEGG_pathway,map04212
2984,Clo1313_1117,KEGG_pathway,-
2985,Clo1313_1118,KEGG_pathway,-
2986,Clo1313_1119,KEGG_pathway,-
2992,Clo1313_1120,KEGG_pathway,map00670
2993,Clo1313_1120,KEGG_pathway,map00720
2994,Clo1313_1120,KEGG_pathway,map01100
2995,Clo1313_1120,KEGG_pathway,map01120
2996,Clo1313_1120,KEGG_pathway,map01200
2997,Clo1313_1121,KEGG_pathway,-
2999,Clo1313_1122,KEGG_pathway,map03018
3000,Clo1313_1123,KEGG_pathway,-
3001,Clo1313_1124,KEGG_pathway,-
3002,Clo1313_1125,KEGG_pathway,-
3003,Clo1313_1126,KEGG_pathway,-
3009,Clo1313_1127,KEGG_pathway,map00521
3010,Clo1313_1127,KEGG_pathway,map00523
3011,Clo1313_1127,KEGG_pathway,map00525
3012,Clo1313_1127,KEGG_pathway,map01055
3013,Clo1313_1127,KEGG_pathway,map01130
3014,Clo1313_1128,KEGG_pathway,-
3015,Clo1313_1129,KEGG_pathway,-
3016,Clo1313_1130,KEGG_pathway,-
3017,Clo1313_1132,KEGG_pathway,-
3018,Clo1313_1133,KEGG_pathway,-
3024,Clo1313_1134,KEGG_pathway,map00051
3025,Clo1313_1134,KEGG_pathway,map00520
3026,Clo1313_1134,KEGG_pathway,map01100
3027,Clo1313_1134,KEGG_pathway,map01110
3028,Clo1313_1134,KEGG_pathway,map01130
3029,Clo1313_1135,KEGG_pathway,-
3030,Clo1313_1136,KEGG_pathway,-
3031,Clo1313_1137,KEGG_pathway,-
3032,Clo1313_1138,KEGG_pathway,-
3033,Clo1313_1139,KEGG_pathway,-
3034,Clo1313_1140,KEGG_pathway,-
3035,Clo1313_1141,KEGG_pathway,-
3036,Clo1313_1142,KEGG_pathway,-
3037,Clo1313_1143,KEGG_pathway,-
3041,Clo1313_1144,KEGG_pathway,map00240
3042,Clo1313_1144,KEGG_pathway,map00983
3043,Clo1313_1144,KEGG_pathway,map01100
3047,Clo1313_1145,KEGG_pathway,map00240
3048,Clo1313_1145,KEGG_pathway,map00983
3049,Clo1313_1145,KEGG_pathway,map01100
3050,Clo1313_1146,KEGG_pathway,-
3051,Clo1313_1147,KEGG_pathway,-
3053,Clo1313_1148,KEGG_pathway,map03440
3054,Clo1313_1149,KEGG_pathway,-
3058,Clo1313_1150,KEGG_pathway,map00730
3059,Clo1313_1150,KEGG_pathway,map01100
3060,Clo1313_1150,KEGG_pathway,map04122
3064,Clo1313_1151,KEGG_pathway,map00730
3065,Clo1313_1151,KEGG_pathway,map01100
3066,Clo1313_1151,KEGG_pathway,map04122
3069,Clo1313_1152,KEGG_pathway,map01502
3070,Clo1313_1152,KEGG_pathway,map02020
3071,Clo1313_1153,KEGG_pathway,-
3072,Clo1313_1154,KEGG_pathway,-
3085,Clo1313_1155,KEGG_pathway,map00260
3086,Clo1313_1155,KEGG_pathway,map00460
3087,Clo1313_1155,KEGG_pathway,map00630
3088,Clo1313_1155,KEGG_pathway,map00670
3089,Clo1313_1155,KEGG_pathway,map00680
3090,Clo1313_1155,KEGG_pathway,map01100
3091,Clo1313_1155,KEGG_pathway,map01110
3092,Clo1313_1155,KEGG_pathway,map01120
3093,Clo1313_1155,KEGG_pathway,map01130
3094,Clo1313_1155,KEGG_pathway,map01200
3095,Clo1313_1155,KEGG_pathway,map01230
3096,Clo1313_1155,KEGG_pathway,map01523
3097,Clo1313_1156,KEGG_pathway,-
3098,Clo1313_1157,KEGG_pathway,-
3099,Clo1313_1158,KEGG_pathway,-
3100,Clo1313_1159,KEGG_pathway,-
3110,Clo1313_1160,KEGG_pathway,map00010
3111,Clo1313_1160,KEGG_pathway,map00270
3112,Clo1313_1160,KEGG_pathway,map00620
3113,Clo1313_1160,KEGG_pathway,map00640
3114,Clo1313_1160,KEGG_pathway,map01100
3115,Clo1313_1160,KEGG_pathway,map01110
3116,Clo1313_1160,KEGG_pathway,map01120
3117,Clo1313_1160,KEGG_pathway,map01130
3118,Clo1313_1160,KEGG_pathway,map04922
3120,Clo1313_1161,KEGG_pathway,map00760
3121,Clo1313_1162,KEGG_pathway,-
3123,Clo1313_1163,KEGG_pathway,map03440
3124,Clo1313_1164,KEGG_pathway,-
3125,Clo1313_1165,KEGG_pathway,-
3126,Clo1313_1166,KEGG_pathway,-
3127,Clo1313_1167,KEGG_pathway,-
3128,Clo1313_1171,KEGG_pathway,-
3132,Clo1313_1172,KEGG_pathway,map00471
3133,Clo1313_1172,KEGG_pathway,map00550
3134,Clo1313_1172,KEGG_pathway,map01100
3141,Clo1313_1173,KEGG_pathway,map00230
3142,Clo1313_1173,KEGG_pathway,map00240
3143,Clo1313_1173,KEGG_pathway,map01100
3144,Clo1313_1173,KEGG_pathway,map03030
3145,Clo1313_1173,KEGG_pathway,map03430
3146,Clo1313_1173,KEGG_pathway,map03440
3148,Clo1313_1174,KEGG_pathway,map03010
3149,Clo1313_1175,KEGG_pathway,-
3150,Clo1313_1176,KEGG_pathway,-
3151,Clo1313_1177,KEGG_pathway,-
3156,Clo1313_1178,KEGG_pathway,map03030
3157,Clo1313_1178,KEGG_pathway,map03410
3158,Clo1313_1178,KEGG_pathway,map03420
3159,Clo1313_1178,KEGG_pathway,map03430
3160,Clo1313_1180,KEGG_pathway,-
3163,Clo1313_1181,KEGG_pathway,map00970
3164,Clo1313_1181,KEGG_pathway,map01100
3167,Clo1313_1182,KEGG_pathway,map00970
3168,Clo1313_1182,KEGG_pathway,map01100
3171,Clo1313_1183,KEGG_pathway,map00970
3172,Clo1313_1183,KEGG_pathway,map01100
3173,Clo1313_1184,KEGG_pathway,-
3182,Clo1313_1185,KEGG_pathway,map00430
3183,Clo1313_1185,KEGG_pathway,map00620
3184,Clo1313_1185,KEGG_pathway,map00640
3185,Clo1313_1185,KEGG_pathway,map00680
3186,Clo1313_1185,KEGG_pathway,map00720
3187,Clo1313_1185,KEGG_pathway,map01100
3188,Clo1313_1185,KEGG_pathway,map01120
3189,Clo1313_1185,KEGG_pathway,map01200
3198,Clo1313_1186,KEGG_pathway,map00430
3199,Clo1313_1186,KEGG_pathway,map00620
3200,Clo1313_1186,KEGG_pathway,map00640
3201,Clo1313_1186,KEGG_pathway,map00680
3202,Clo1313_1186,KEGG_pathway,map00720
3203,Clo1313_1186,KEGG_pathway,map01100
3204,Clo1313_1186,KEGG_pathway,map01120
3205,Clo1313_1186,KEGG_pathway,map01200
3206,Clo1313_1187,KEGG_pathway,-
3208,Clo1313_1188,KEGG_pathway,map03010
3209,Clo1313_1189,KEGG_pathway,-
3210,Clo1313_1190,KEGG_pathway,-
3215,Clo1313_1191,KEGG_pathway,map00561
3216,Clo1313_1191,KEGG_pathway,map00564
3217,Clo1313_1191,KEGG_pathway,map01100
3218,Clo1313_1191,KEGG_pathway,map01110
3221,Clo1313_1192,KEGG_pathway,map00564
3222,Clo1313_1192,KEGG_pathway,map01110
3223,Clo1313_1193,KEGG_pathway,-
3224,Clo1313_1194,KEGG_pathway,-
3225,Clo1313_1195,KEGG_pathway,-
3226,Clo1313_1196,KEGG_pathway,-
3227,Clo1313_1197,KEGG_pathway,-
3229,Clo1313_1198,KEGG_pathway,map01503
3230,Clo1313_1199,KEGG_pathway,-
3231,Clo1313_1200,KEGG_pathway,-
3233,Clo1313_1201,KEGG_pathway,map03430
3234,Clo1313_1202,KEGG_pathway,-
3235,Clo1313_1203,KEGG_pathway,-
3238,Clo1313_1204,KEGG_pathway,map00550
3239,Clo1313_1204,KEGG_pathway,map01501
3241,Clo1313_1205,KEGG_pathway,map05120
3242,Clo1313_1206,KEGG_pathway,-
3243,Clo1313_1207,KEGG_pathway,-
3244,Clo1313_1208,KEGG_pathway,-
3246,Clo1313_1209,KEGG_pathway,map03010
3247,Clo1313_1210,KEGG_pathway,-
3250,Clo1313_1211,KEGG_pathway,map00240
3251,Clo1313_1211,KEGG_pathway,map01100
3252,Clo1313_1212,KEGG_pathway,-
3253,Clo1313_1213,KEGG_pathway,-
3256,Clo1313_1214,KEGG_pathway,map00900
3257,Clo1313_1214,KEGG_pathway,map01110
3262,Clo1313_1215,KEGG_pathway,map00564
3263,Clo1313_1215,KEGG_pathway,map01100
3264,Clo1313_1215,KEGG_pathway,map01110
3265,Clo1313_1215,KEGG_pathway,map04070
3270,Clo1313_1216,KEGG_pathway,map00900
3271,Clo1313_1216,KEGG_pathway,map01100
3272,Clo1313_1216,KEGG_pathway,map01110
3273,Clo1313_1216,KEGG_pathway,map01130
3276,Clo1313_1217,KEGG_pathway,map02024
3277,Clo1313_1217,KEGG_pathway,map04112
3282,Clo1313_1218,KEGG_pathway,map00900
3283,Clo1313_1218,KEGG_pathway,map01100
3284,Clo1313_1218,KEGG_pathway,map01110
3285,Clo1313_1218,KEGG_pathway,map01130
3292,Clo1313_1219,KEGG_pathway,map00230
3293,Clo1313_1219,KEGG_pathway,map00240
3294,Clo1313_1219,KEGG_pathway,map01100
3295,Clo1313_1219,KEGG_pathway,map03030
3296,Clo1313_1219,KEGG_pathway,map03430
3297,Clo1313_1219,KEGG_pathway,map03440
3298,Clo1313_1221,KEGG_pathway,-
3299,Clo1313_1222,KEGG_pathway,-
3300,Clo1313_1223,KEGG_pathway,-
3301,Clo1313_1224,KEGG_pathway,-
3302,Clo1313_1225,KEGG_pathway,-
3303,Clo1313_1226,KEGG_pathway,-
3307,Clo1313_1227,KEGG_pathway,map00920
3308,Clo1313_1227,KEGG_pathway,map01100
3309,Clo1313_1227,KEGG_pathway,map01120
3310,Clo1313_1228,KEGG_pathway,-
3314,Clo1313_1229,KEGG_pathway,map00740
3315,Clo1313_1229,KEGG_pathway,map01100
3316,Clo1313_1229,KEGG_pathway,map01110
3317,Clo1313_1230,KEGG_pathway,-
3318,Clo1313_1231,KEGG_pathway,-
3319,Clo1313_1232,KEGG_pathway,-
3320,Clo1313_1233,KEGG_pathway,-
3321,Clo1313_1234,KEGG_pathway,-
3322,Clo1313_1235,KEGG_pathway,-
3323,Clo1313_1236,KEGG_pathway,-
3324,Clo1313_1237,KEGG_pathway,-
3325,Clo1313_1238,KEGG_pathway,-
3328,Clo1313_1239,KEGG_pathway,map00550
3329,Clo1313_1239,KEGG_pathway,map01501
3332,Clo1313_1240,KEGG_pathway,map00300
3333,Clo1313_1240,KEGG_pathway,map00550
3338,Clo1313_1241,KEGG_pathway,map00300
3339,Clo1313_1241,KEGG_pathway,map00550
3340,Clo1313_1241,KEGG_pathway,map01100
3341,Clo1313_1241,KEGG_pathway,map01502
3345,Clo1313_1242,KEGG_pathway,map00550
3346,Clo1313_1242,KEGG_pathway,map01100
3347,Clo1313_1242,KEGG_pathway,map01502
3349,Clo1313_1243,KEGG_pathway,map04112
3354,Clo1313_1244,KEGG_pathway,map00550
3355,Clo1313_1244,KEGG_pathway,map01100
3356,Clo1313_1244,KEGG_pathway,map01502
3357,Clo1313_1244,KEGG_pathway,map04112
3361,Clo1313_1245,KEGG_pathway,map00520
3362,Clo1313_1245,KEGG_pathway,map00550
3363,Clo1313_1245,KEGG_pathway,map01100
3364,Clo1313_1248,KEGG_pathway,-
3367,Clo1313_1249,KEGG_pathway,map03420
3368,Clo1313_1249,KEGG_pathway,map03430
3370,Clo1313_1250,KEGG_pathway,map02026
3373,Clo1313_1251,KEGG_pathway,map00860
3374,Clo1313_1251,KEGG_pathway,map01100
3385,Clo1313_1252,KEGG_pathway,map00260
3386,Clo1313_1252,KEGG_pathway,map00261
3387,Clo1313_1252,KEGG_pathway,map00270
3388,Clo1313_1252,KEGG_pathway,map00300
3389,Clo1313_1252,KEGG_pathway,map01100
3390,Clo1313_1252,KEGG_pathway,map01110
3391,Clo1313_1252,KEGG_pathway,map01120
3392,Clo1313_1252,KEGG_pathway,map01130
3393,Clo1313_1252,KEGG_pathway,map01210
3394,Clo1313_1252,KEGG_pathway,map01230
3402,Clo1313_1253,KEGG_pathway,map00261
3403,Clo1313_1253,KEGG_pathway,map00300
3404,Clo1313_1253,KEGG_pathway,map01100
3405,Clo1313_1253,KEGG_pathway,map01110
3406,Clo1313_1253,KEGG_pathway,map01120
3407,Clo1313_1253,KEGG_pathway,map01130
3408,Clo1313_1253,KEGG_pathway,map01230
3416,Clo1313_1254,KEGG_pathway,map00261
3417,Clo1313_1254,KEGG_pathway,map00300
3418,Clo1313_1254,KEGG_pathway,map01100
3419,Clo1313_1254,KEGG_pathway,map01110
3420,Clo1313_1254,KEGG_pathway,map01120
3421,Clo1313_1254,KEGG_pathway,map01130
3422,Clo1313_1254,KEGG_pathway,map01230
3433,Clo1313_1255,KEGG_pathway,map00260
3434,Clo1313_1255,KEGG_pathway,map00261
3435,Clo1313_1255,KEGG_pathway,map00270
3436,Clo1313_1255,KEGG_pathway,map00300
3437,Clo1313_1255,KEGG_pathway,map01100
3438,Clo1313_1255,KEGG_pathway,map01110
3439,Clo1313_1255,KEGG_pathway,map01120
3440,Clo1313_1255,KEGG_pathway,map01130
3441,Clo1313_1255,KEGG_pathway,map01210
3442,Clo1313_1255,KEGG_pathway,map01230
3443,Clo1313_1256,KEGG_pathway,-
3444,Clo1313_1257,KEGG_pathway,-
3445,Clo1313_1258,KEGG_pathway,-
3449,Clo1313_1259,KEGG_pathway,map02024
3450,Clo1313_1259,KEGG_pathway,map03060
3451,Clo1313_1259,KEGG_pathway,map03070
3452,Clo1313_1260,KEGG_pathway,-
3453,Clo1313_1261,KEGG_pathway,-
3456,Clo1313_1262,KEGG_pathway,map00240
3457,Clo1313_1262,KEGG_pathway,map01100
3461,Clo1313_1264,KEGG_pathway,map00240
3462,Clo1313_1264,KEGG_pathway,map00250
3463,Clo1313_1264,KEGG_pathway,map01100
3466,Clo1313_1265,KEGG_pathway,map00240
3467,Clo1313_1265,KEGG_pathway,map01100
3470,Clo1313_1266,KEGG_pathway,map00240
3471,Clo1313_1266,KEGG_pathway,map01100
3475,Clo1313_1267,KEGG_pathway,map00240
3476,Clo1313_1267,KEGG_pathway,map00250
3477,Clo1313_1267,KEGG_pathway,map01100
3481,Clo1313_1268,KEGG_pathway,map00240
3482,Clo1313_1268,KEGG_pathway,map00250
3483,Clo1313_1268,KEGG_pathway,map01100
3486,Clo1313_1269,KEGG_pathway,map00240
3487,Clo1313_1269,KEGG_pathway,map01100
3490,Clo1313_1270,KEGG_pathway,map00240
3491,Clo1313_1270,KEGG_pathway,map01100
3492,Clo1313_1271,KEGG_pathway,-
3493,Clo1313_1272,KEGG_pathway,-
3494,Clo1313_1273,KEGG_pathway,-
3495,Clo1313_1274,KEGG_pathway,-
3496,Clo1313_1275,KEGG_pathway,-
3499,Clo1313_1276,KEGG_pathway,map00564
3500,Clo1313_1276,KEGG_pathway,map01100
3501,Clo1313_1279,KEGG_pathway,-
3506,Clo1313_1280,KEGG_pathway,map00561
3507,Clo1313_1280,KEGG_pathway,map00564
3508,Clo1313_1280,KEGG_pathway,map01100
3509,Clo1313_1280,KEGG_pathway,map01110
3513,Clo1313_1281,KEGG_pathway,map00061
3514,Clo1313_1281,KEGG_pathway,map01100
3515,Clo1313_1281,KEGG_pathway,map01212
3521,Clo1313_1282,KEGG_pathway,map00061
3522,Clo1313_1282,KEGG_pathway,map00333
3523,Clo1313_1282,KEGG_pathway,map01100
3524,Clo1313_1282,KEGG_pathway,map01130
3525,Clo1313_1282,KEGG_pathway,map01212
3533,Clo1313_1283,KEGG_pathway,map00061
3534,Clo1313_1283,KEGG_pathway,map00333
3535,Clo1313_1283,KEGG_pathway,map00780
3536,Clo1313_1283,KEGG_pathway,map01040
3537,Clo1313_1283,KEGG_pathway,map01100
3538,Clo1313_1283,KEGG_pathway,map01130
3539,Clo1313_1283,KEGG_pathway,map01212
3540,Clo1313_1284,KEGG_pathway,-
3545,Clo1313_1285,KEGG_pathway,map00061
3546,Clo1313_1285,KEGG_pathway,map00780
3547,Clo1313_1285,KEGG_pathway,map01100
3548,Clo1313_1285,KEGG_pathway,map01212
3551,Clo1313_1286,KEGG_pathway,map03008
3552,Clo1313_1286,KEGG_pathway,map05205
3553,Clo1313_1287,KEGG_pathway,-
3554,Clo1313_1288,KEGG_pathway,-
3557,Clo1313_1289,KEGG_pathway,map00750
3558,Clo1313_1289,KEGG_pathway,map01100
3559,Clo1313_1290,KEGG_pathway,-
3563,Clo1313_1291,KEGG_pathway,map02024
3564,Clo1313_1291,KEGG_pathway,map03060
3565,Clo1313_1291,KEGG_pathway,map03070
3566,Clo1313_1292,KEGG_pathway,-
3567,Clo1313_1293,KEGG_pathway,-
3568,Clo1313_1294,KEGG_pathway,-
3573,Clo1313_1295,KEGG_pathway,map00300
3574,Clo1313_1295,KEGG_pathway,map01100
3575,Clo1313_1295,KEGG_pathway,map01110
3576,Clo1313_1295,KEGG_pathway,map01230
3577,Clo1313_1296,KEGG_pathway,-
3578,Clo1313_1297,KEGG_pathway,-
3579,Clo1313_1298,KEGG_pathway,-
3580,Clo1313_1299,KEGG_pathway,-
3581,Clo1313_1300,KEGG_pathway,-
3584,Clo1313_1301,KEGG_pathway,map00970
3585,Clo1313_1301,KEGG_pathway,map01100
3586,Clo1313_1302,KEGG_pathway,-
3587,Clo1313_1303,KEGG_pathway,-
3588,Clo1313_1304,KEGG_pathway,-
3589,Clo1313_1305,KEGG_pathway,-
3590,Clo1313_1306,KEGG_pathway,-
3592,Clo1313_1308,KEGG_pathway,map02024
3594,Clo1313_1309,KEGG_pathway,map03060
3595,Clo1313_1310,KEGG_pathway,-
3596,Clo1313_1311,KEGG_pathway,-
3597,Clo1313_1312,KEGG_pathway,-
3598,Clo1313_1313,KEGG_pathway,-
3602,Clo1313_1314,KEGG_pathway,map02024
3603,Clo1313_1314,KEGG_pathway,map03060
3604,Clo1313_1314,KEGG_pathway,map03070
3607,Clo1313_1315,KEGG_pathway,map03060
3608,Clo1313_1315,KEGG_pathway,map03070
3612,Clo1313_1316,KEGG_pathway,map00770
3613,Clo1313_1316,KEGG_pathway,map01100
3614,Clo1313_1316,KEGG_pathway,map01110
3619,Clo1313_1317,KEGG_pathway,map00410
3620,Clo1313_1317,KEGG_pathway,map00770
3621,Clo1313_1317,KEGG_pathway,map01100
3622,Clo1313_1317,KEGG_pathway,map01110
3627,Clo1313_1318,KEGG_pathway,map00410
3628,Clo1313_1318,KEGG_pathway,map00770
3629,Clo1313_1318,KEGG_pathway,map01100
3630,Clo1313_1318,KEGG_pathway,map01110
3631,Clo1313_1319,KEGG_pathway,-
3632,Clo1313_1320,KEGG_pathway,-
3634,Clo1313_1321,KEGG_pathway,map00230
3636,Clo1313_1323,KEGG_pathway,map03030
3637,Clo1313_1324,KEGG_pathway,-
3638,Clo1313_1325,KEGG_pathway,-
3639,Clo1313_1327,KEGG_pathway,-
3640,Clo1313_1328,KEGG_pathway,-
3641,Clo1313_1329,KEGG_pathway,-
3642,Clo1313_1330,KEGG_pathway,-
3643,Clo1313_1331,KEGG_pathway,-
3644,Clo1313_1332,KEGG_pathway,-
3645,Clo1313_1333,KEGG_pathway,-
3653,Clo1313_1334,KEGG_pathway,map00230
3654,Clo1313_1334,KEGG_pathway,map00240
3655,Clo1313_1334,KEGG_pathway,map01100
3656,Clo1313_1334,KEGG_pathway,map03030
3657,Clo1313_1334,KEGG_pathway,map03410
3658,Clo1313_1334,KEGG_pathway,map03420
3659,Clo1313_1334,KEGG_pathway,map03440
3662,Clo1313_1335,KEGG_pathway,map00770
3663,Clo1313_1335,KEGG_pathway,map01100
3664,Clo1313_1336,KEGG_pathway,-
3665,Clo1313_1337,KEGG_pathway,-
3666,Clo1313_1338,KEGG_pathway,-
3667,Clo1313_1339,KEGG_pathway,-
3673,Clo1313_1340,KEGG_pathway,map00400
3674,Clo1313_1340,KEGG_pathway,map01100
3675,Clo1313_1340,KEGG_pathway,map01110
3676,Clo1313_1340,KEGG_pathway,map01130
3677,Clo1313_1340,KEGG_pathway,map01230
3680,Clo1313_1341,KEGG_pathway,map02020
3681,Clo1313_1341,KEGG_pathway,map02030
3682,Clo1313_1342,KEGG_pathway,-
3683,Clo1313_1343,KEGG_pathway,-
3692,Clo1313_1344,KEGG_pathway,map00400
3693,Clo1313_1344,KEGG_pathway,map00405
3694,Clo1313_1344,KEGG_pathway,map01100
3695,Clo1313_1344,KEGG_pathway,map01110
3696,Clo1313_1344,KEGG_pathway,map01130
3697,Clo1313_1344,KEGG_pathway,map01230
3698,Clo1313_1344,KEGG_pathway,map02024
3699,Clo1313_1344,KEGG_pathway,map02025
3708,Clo1313_1345,KEGG_pathway,map00400
3709,Clo1313_1345,KEGG_pathway,map00405
3710,Clo1313_1345,KEGG_pathway,map01100
3711,Clo1313_1345,KEGG_pathway,map01110
3712,Clo1313_1345,KEGG_pathway,map01130
3713,Clo1313_1345,KEGG_pathway,map01230
3714,Clo1313_1345,KEGG_pathway,map02024
3715,Clo1313_1345,KEGG_pathway,map02025
3721,Clo1313_1346,KEGG_pathway,map00400
3722,Clo1313_1346,KEGG_pathway,map01100
3723,Clo1313_1346,KEGG_pathway,map01110
3724,Clo1313_1346,KEGG_pathway,map01130
3725,Clo1313_1346,KEGG_pathway,map01230
3731,Clo1313_1347,KEGG_pathway,map00400
3732,Clo1313_1347,KEGG_pathway,map01100
3733,Clo1313_1347,KEGG_pathway,map01110
3734,Clo1313_1347,KEGG_pathway,map01130
3735,Clo1313_1347,KEGG_pathway,map01230
3741,Clo1313_1348,KEGG_pathway,map00400
3742,Clo1313_1348,KEGG_pathway,map01100
3743,Clo1313_1348,KEGG_pathway,map01110
3744,Clo1313_1348,KEGG_pathway,map01130
3745,Clo1313_1348,KEGG_pathway,map01230
3746,Clo1313_1349,KEGG_pathway,-
3747,Clo1313_1351,KEGG_pathway,-
3748,Clo1313_1352,KEGG_pathway,-
3754,Clo1313_1353,KEGG_pathway,map00020
3755,Clo1313_1353,KEGG_pathway,map00720
3756,Clo1313_1353,KEGG_pathway,map01100
3757,Clo1313_1353,KEGG_pathway,map01120
3758,Clo1313_1353,KEGG_pathway,map01200
3768,Clo1313_1354,KEGG_pathway,map00010
3769,Clo1313_1354,KEGG_pathway,map00020
3770,Clo1313_1354,KEGG_pathway,map00620
3771,Clo1313_1354,KEGG_pathway,map00650
3772,Clo1313_1354,KEGG_pathway,map00720
3773,Clo1313_1354,KEGG_pathway,map01100
3774,Clo1313_1354,KEGG_pathway,map01120
3775,Clo1313_1354,KEGG_pathway,map01130
3776,Clo1313_1354,KEGG_pathway,map01200
3786,Clo1313_1355,KEGG_pathway,map00010
3787,Clo1313_1355,KEGG_pathway,map00020
3788,Clo1313_1355,KEGG_pathway,map00620
3789,Clo1313_1355,KEGG_pathway,map00650
3790,Clo1313_1355,KEGG_pathway,map00720
3791,Clo1313_1355,KEGG_pathway,map01100
3792,Clo1313_1355,KEGG_pathway,map01120
3793,Clo1313_1355,KEGG_pathway,map01130
3794,Clo1313_1355,KEGG_pathway,map01200
3800,Clo1313_1356,KEGG_pathway,map00020
3801,Clo1313_1356,KEGG_pathway,map00720
3802,Clo1313_1356,KEGG_pathway,map01100
3803,Clo1313_1356,KEGG_pathway,map01120
3804,Clo1313_1356,KEGG_pathway,map01200
3816,Clo1313_1357,KEGG_pathway,map00220
3817,Clo1313_1357,KEGG_pathway,map00250
3818,Clo1313_1357,KEGG_pathway,map00630
3819,Clo1313_1357,KEGG_pathway,map00910
3820,Clo1313_1357,KEGG_pathway,map01100
3821,Clo1313_1357,KEGG_pathway,map01120
3822,Clo1313_1357,KEGG_pathway,map01230
3823,Clo1313_1357,KEGG_pathway,map02020
3824,Clo1313_1357,KEGG_pathway,map04217
3825,Clo1313_1357,KEGG_pathway,map04724
3826,Clo1313_1357,KEGG_pathway,map04727
3827,Clo1313_1358,KEGG_pathway,-
3828,Clo1313_1359,KEGG_pathway,-
3829,Clo1313_1360,KEGG_pathway,-
3830,Clo1313_1362,KEGG_pathway,-
3831,Clo1313_1363,KEGG_pathway,-
3842,Clo1313_1364,KEGG_pathway,map00270
3843,Clo1313_1364,KEGG_pathway,map00280
3844,Clo1313_1364,KEGG_pathway,map00290
3845,Clo1313_1364,KEGG_pathway,map00770
3846,Clo1313_1364,KEGG_pathway,map00790
3847,Clo1313_1364,KEGG_pathway,map01100
3848,Clo1313_1364,KEGG_pathway,map01110
3849,Clo1313_1364,KEGG_pathway,map01130
3850,Clo1313_1364,KEGG_pathway,map01210
3851,Clo1313_1364,KEGG_pathway,map01230
3852,Clo1313_1365,KEGG_pathway,-
3858,Clo1313_1366,KEGG_pathway,map00400
3859,Clo1313_1366,KEGG_pathway,map01100
3860,Clo1313_1366,KEGG_pathway,map01110
3861,Clo1313_1366,KEGG_pathway,map01130
3862,Clo1313_1366,KEGG_pathway,map01230
3863,Clo1313_1367,KEGG_pathway,-
3864,Clo1313_1368,KEGG_pathway,-
3865,Clo1313_1369,KEGG_pathway,-
3867,Clo1313_1370,KEGG_pathway,map03410
3873,Clo1313_1371,KEGG_pathway,map00400
3874,Clo1313_1371,KEGG_pathway,map01100
3875,Clo1313_1371,KEGG_pathway,map01110
3876,Clo1313_1371,KEGG_pathway,map01130
3877,Clo1313_1371,KEGG_pathway,map01230
3878,Clo1313_1372,KEGG_pathway,-
3879,Clo1313_1373,KEGG_pathway,-
3880,Clo1313_1374,KEGG_pathway,-
3881,Clo1313_1375,KEGG_pathway,-
3882,Clo1313_1376,KEGG_pathway,-
3883,Clo1313_1377,KEGG_pathway,-
3884,Clo1313_1378,KEGG_pathway,-
3885,Clo1313_1379,KEGG_pathway,-
3886,Clo1313_1380,KEGG_pathway,-
3887,Clo1313_1381,KEGG_pathway,-
3888,Clo1313_1382,KEGG_pathway,-
3889,Clo1313_1383,KEGG_pathway,-
3890,Clo1313_1384,KEGG_pathway,-
3891,Clo1313_1385,KEGG_pathway,-
3892,Clo1313_1386,KEGG_pathway,-
3893,Clo1313_1387,KEGG_pathway,-
3895,Clo1313_1388,KEGG_pathway,map03430
3897,Clo1313_1389,KEGG_pathway,map03430
3902,Clo1313_1390,KEGG_pathway,map00900
3903,Clo1313_1390,KEGG_pathway,map01100
3904,Clo1313_1390,KEGG_pathway,map01110
3905,Clo1313_1390,KEGG_pathway,map01130
3906,Clo1313_1391,KEGG_pathway,-
3907,Clo1313_1392,KEGG_pathway,-
3913,Clo1313_1393,KEGG_pathway,map00730
3914,Clo1313_1393,KEGG_pathway,map00900
3915,Clo1313_1393,KEGG_pathway,map01100
3916,Clo1313_1393,KEGG_pathway,map01110
3917,Clo1313_1393,KEGG_pathway,map01130
3918,Clo1313_1394,KEGG_pathway,-
3921,Clo1313_1396,KEGG_pathway,map00500
3922,Clo1313_1396,KEGG_pathway,map01100
3923,Clo1313_1397,KEGG_pathway,-
3926,Clo1313_1398,KEGG_pathway,map00051
3927,Clo1313_1398,KEGG_pathway,map02024
3928,Clo1313_1401,KEGG_pathway,-
3929,Clo1313_1404,KEGG_pathway,-
3932,Clo1313_1405,KEGG_pathway,map00760
3933,Clo1313_1405,KEGG_pathway,map01100
3934,Clo1313_1406,KEGG_pathway,-
3935,Clo1313_1407,KEGG_pathway,-
3936,Clo1313_1408,KEGG_pathway,-
3939,Clo1313_1409,KEGG_pathway,map02020
3940,Clo1313_1409,KEGG_pathway,map02024
3941,Clo1313_1410,KEGG_pathway,-
3944,Clo1313_1411,KEGG_pathway,map02020
3945,Clo1313_1411,KEGG_pathway,map02030
3948,Clo1313_1412,KEGG_pathway,map02020
3949,Clo1313_1412,KEGG_pathway,map02030
3952,Clo1313_1413,KEGG_pathway,map02020
3953,Clo1313_1413,KEGG_pathway,map02030
3956,Clo1313_1414,KEGG_pathway,map02020
3957,Clo1313_1414,KEGG_pathway,map02030
3958,Clo1313_1415,KEGG_pathway,-
3961,Clo1313_1416,KEGG_pathway,map02020
3962,Clo1313_1416,KEGG_pathway,map02030
3963,Clo1313_1417,KEGG_pathway,-
3964,Clo1313_1418,KEGG_pathway,-
3965,Clo1313_1421,KEGG_pathway,-
3966,Clo1313_1422,KEGG_pathway,-
3967,Clo1313_1423,KEGG_pathway,-
3968,Clo1313_1424,KEGG_pathway,-
3971,Clo1313_1425,KEGG_pathway,map00500
3972,Clo1313_1425,KEGG_pathway,map01100
3976,Clo1313_1426,KEGG_pathway,map00052
3977,Clo1313_1426,KEGG_pathway,map00500
3978,Clo1313_1426,KEGG_pathway,map01100
3979,Clo1313_1427,KEGG_pathway,-
3980,Clo1313_1428,KEGG_pathway,-
3981,Clo1313_1429,KEGG_pathway,-
3982,Clo1313_1430,KEGG_pathway,-
3983,Clo1313_1431,KEGG_pathway,-
3984,Clo1313_1432,KEGG_pathway,-
3985,Clo1313_1433,KEGG_pathway,-
3987,Clo1313_1434,KEGG_pathway,map00970
3993,Clo1313_1435,KEGG_pathway,map00400
3994,Clo1313_1435,KEGG_pathway,map01100
3995,Clo1313_1435,KEGG_pathway,map01110
3996,Clo1313_1435,KEGG_pathway,map01130
3997,Clo1313_1435,KEGG_pathway,map01230
3998,Clo1313_1436,KEGG_pathway,-
4001,Clo1313_1437,KEGG_pathway,map00240
4002,Clo1313_1437,KEGG_pathway,map01100
4003,Clo1313_1438,KEGG_pathway,-
4004,Clo1313_1439,KEGG_pathway,-
4007,Clo1313_1440,KEGG_pathway,map02020
4008,Clo1313_1440,KEGG_pathway,map02030
4009,Clo1313_1441,KEGG_pathway,-
4010,Clo1313_1442,KEGG_pathway,-
4011,Clo1313_1443,KEGG_pathway,-
4012,Clo1313_1444,KEGG_pathway,-
4014,Clo1313_1445,KEGG_pathway,map03430
4016,Clo1313_1446,KEGG_pathway,map03430
4020,Clo1313_1447,KEGG_pathway,map00908
4021,Clo1313_1447,KEGG_pathway,map01100
4022,Clo1313_1447,KEGG_pathway,map01110
4026,Clo1313_1448,KEGG_pathway,map02024
4027,Clo1313_1448,KEGG_pathway,map03018
4028,Clo1313_1448,KEGG_pathway,map05111
4029,Clo1313_1449,KEGG_pathway,-
4030,Clo1313_1450,KEGG_pathway,-
4031,Clo1313_1451,KEGG_pathway,-
4035,Clo1313_1452,KEGG_pathway,map02024
4036,Clo1313_1452,KEGG_pathway,map03060
4037,Clo1313_1452,KEGG_pathway,map03070
4039,Clo1313_1453,KEGG_pathway,map03010
4040,Clo1313_1454,KEGG_pathway,-
4041,Clo1313_1455,KEGG_pathway,-
4042,Clo1313_1456,KEGG_pathway,-
4044,Clo1313_1457,KEGG_pathway,map03010
4047,Clo1313_1458,KEGG_pathway,map02024
4048,Clo1313_1458,KEGG_pathway,map03060
4049,Clo1313_1459,KEGG_pathway,-
4050,Clo1313_1460,KEGG_pathway,-
4052,Clo1313_1461,KEGG_pathway,map03030
4053,Clo1313_1462,KEGG_pathway,-
4054,Clo1313_1463,KEGG_pathway,-
4055,Clo1313_1464,KEGG_pathway,-
4056,Clo1313_1465,KEGG_pathway,-
4057,Clo1313_1466,KEGG_pathway,-
4073,Clo1313_1467,KEGG_pathway,map00220
4074,Clo1313_1467,KEGG_pathway,map00250
4075,Clo1313_1467,KEGG_pathway,map00270
4076,Clo1313_1467,KEGG_pathway,map00330
4077,Clo1313_1467,KEGG_pathway,map00350
4078,Clo1313_1467,KEGG_pathway,map00360
4079,Clo1313_1467,KEGG_pathway,map00400
4080,Clo1313_1467,KEGG_pathway,map00401
4081,Clo1313_1467,KEGG_pathway,map00950
4082,Clo1313_1467,KEGG_pathway,map00960
4083,Clo1313_1467,KEGG_pathway,map01100
4084,Clo1313_1467,KEGG_pathway,map01110
4085,Clo1313_1467,KEGG_pathway,map01130
4086,Clo1313_1467,KEGG_pathway,map01210
4087,Clo1313_1467,KEGG_pathway,map01230
4088,Clo1313_1468,KEGG_pathway,-
4089,Clo1313_1470,KEGG_pathway,-
4090,Clo1313_1471,KEGG_pathway,-
4092,Clo1313_1472,KEGG_pathway,map02010
4094,Clo1313_1473,KEGG_pathway,map02010
4096,Clo1313_1474,KEGG_pathway,map02010
4098,Clo1313_1475,KEGG_pathway,map02010
4099,Clo1313_1476,KEGG_pathway,-
4104,Clo1313_1477,KEGG_pathway,map00051
4105,Clo1313_1477,KEGG_pathway,map00500
4106,Clo1313_1477,KEGG_pathway,map01100
4107,Clo1313_1477,KEGG_pathway,map02024
4108,Clo1313_1478,KEGG_pathway,-
4109,Clo1313_1479,KEGG_pathway,-
4110,Clo1313_1480,KEGG_pathway,-
4116,Clo1313_1481,KEGG_pathway,map00230
4117,Clo1313_1481,KEGG_pathway,map00250
4118,Clo1313_1481,KEGG_pathway,map01100
4119,Clo1313_1481,KEGG_pathway,map01110
4120,Clo1313_1481,KEGG_pathway,map01130
4121,Clo1313_1482,KEGG_pathway,-
4122,Clo1313_1483,KEGG_pathway,-
4124,Clo1313_1484,KEGG_pathway,map04978
4125,Clo1313_1485,KEGG_pathway,-
4127,Clo1313_1486,KEGG_pathway,map00770
4128,Clo1313_1487,KEGG_pathway,-
4129,Clo1313_1488,KEGG_pathway,-
4130,Clo1313_1489,KEGG_pathway,-
4131,Clo1313_1490,KEGG_pathway,-
4137,Clo1313_1491,KEGG_pathway,map00400
4138,Clo1313_1491,KEGG_pathway,map01100
4139,Clo1313_1491,KEGG_pathway,map01110
4140,Clo1313_1491,KEGG_pathway,map01130
4141,Clo1313_1491,KEGG_pathway,map01230
4147,Clo1313_1492,KEGG_pathway,map00400
4148,Clo1313_1492,KEGG_pathway,map01100
4149,Clo1313_1492,KEGG_pathway,map01110
4150,Clo1313_1492,KEGG_pathway,map01130
4151,Clo1313_1492,KEGG_pathway,map01230
4152,Clo1313_1493,KEGG_pathway,-
4153,Clo1313_1494,KEGG_pathway,-
4154,Clo1313_1495,KEGG_pathway,-
4155,Clo1313_1496,KEGG_pathway,-
4156,Clo1313_1497,KEGG_pathway,-
4157,Clo1313_1498,KEGG_pathway,-
4162,Clo1313_1499,KEGG_pathway,map00340
4163,Clo1313_1499,KEGG_pathway,map01100
4164,Clo1313_1499,KEGG_pathway,map01110
4165,Clo1313_1499,KEGG_pathway,map01230
4167,Clo1313_1500,KEGG_pathway,map00970
4169,Clo1313_1501,KEGG_pathway,map04122
4170,Clo1313_1502,KEGG_pathway,-
4174,Clo1313_1503,KEGG_pathway,map00730
4175,Clo1313_1503,KEGG_pathway,map01100
4176,Clo1313_1503,KEGG_pathway,map04122
4177,Clo1313_1504,KEGG_pathway,-
4178,Clo1313_1505,KEGG_pathway,-
4179,Clo1313_1506,KEGG_pathway,-
4182,Clo1313_1507,KEGG_pathway,map02020
4183,Clo1313_1507,KEGG_pathway,map02030
4191,Clo1313_1508,KEGG_pathway,map00230
4192,Clo1313_1508,KEGG_pathway,map00240
4193,Clo1313_1508,KEGG_pathway,map00983
4194,Clo1313_1508,KEGG_pathway,map01100
4195,Clo1313_1508,KEGG_pathway,map01110
4196,Clo1313_1508,KEGG_pathway,map01130
4197,Clo1313_1508,KEGG_pathway,map04016
4201,Clo1313_1509,KEGG_pathway,map00270
4202,Clo1313_1509,KEGG_pathway,map00330
4203,Clo1313_1509,KEGG_pathway,map01100
4209,Clo1313_1510,KEGG_pathway,map00900
4210,Clo1313_1510,KEGG_pathway,map01100
4211,Clo1313_1510,KEGG_pathway,map01110
4212,Clo1313_1510,KEGG_pathway,map01130
4213,Clo1313_1510,KEGG_pathway,map03010
4218,Clo1313_1511,KEGG_pathway,map00561
4219,Clo1313_1511,KEGG_pathway,map00564
4220,Clo1313_1511,KEGG_pathway,map01100
4221,Clo1313_1511,KEGG_pathway,map01110
4224,Clo1313_1512,KEGG_pathway,map00240
4225,Clo1313_1512,KEGG_pathway,map01100
4231,Clo1313_1513,KEGG_pathway,map00400
4232,Clo1313_1513,KEGG_pathway,map01100
4233,Clo1313_1513,KEGG_pathway,map01110
4234,Clo1313_1513,KEGG_pathway,map01130
4235,Clo1313_1513,KEGG_pathway,map01230
4236,Clo1313_1514,KEGG_pathway,-
4237,Clo1313_1515,KEGG_pathway,-
4238,Clo1313_1516,KEGG_pathway,-
4245,Clo1313_1517,KEGG_pathway,map00260
4246,Clo1313_1517,KEGG_pathway,map00680
4247,Clo1313_1517,KEGG_pathway,map00860
4248,Clo1313_1517,KEGG_pathway,map01100
4249,Clo1313_1517,KEGG_pathway,map01120
4250,Clo1313_1517,KEGG_pathway,map01130
4251,Clo1313_1518,KEGG_pathway,-
4252,Clo1313_1519,KEGG_pathway,-
4253,Clo1313_1520,KEGG_pathway,-
4254,Clo1313_1521,KEGG_pathway,-
4255,Clo1313_1522,KEGG_pathway,-
4258,Clo1313_1523,KEGG_pathway,map00620
4259,Clo1313_1523,KEGG_pathway,map01100
4260,Clo1313_1524,KEGG_pathway,-
4261,Clo1313_1525,KEGG_pathway,-
4269,Clo1313_1526,KEGG_pathway,map00280
4270,Clo1313_1526,KEGG_pathway,map00630
4271,Clo1313_1526,KEGG_pathway,map00640
4272,Clo1313_1526,KEGG_pathway,map01100
4273,Clo1313_1526,KEGG_pathway,map01120
4274,Clo1313_1526,KEGG_pathway,map01130
4275,Clo1313_1526,KEGG_pathway,map01200
4276,Clo1313_1527,KEGG_pathway,-
4277,Clo1313_1528,KEGG_pathway,-
4280,Clo1313_1529,KEGG_pathway,map00330
4281,Clo1313_1529,KEGG_pathway,map01100
4287,Clo1313_1530,KEGG_pathway,map00270
4288,Clo1313_1530,KEGG_pathway,map00330
4289,Clo1313_1530,KEGG_pathway,map00410
4290,Clo1313_1530,KEGG_pathway,map00480
4291,Clo1313_1530,KEGG_pathway,map01100
4292,Clo1313_1531,KEGG_pathway,-
4293,Clo1313_1532,KEGG_pathway,-
4294,Clo1313_1533,KEGG_pathway,-
4295,Clo1313_1534,KEGG_pathway,-
4296,Clo1313_1535,KEGG_pathway,-
4297,Clo1313_1536,KEGG_pathway,-
4299,Clo1313_1537,KEGG_pathway,map00970
4300,Clo1313_1538,KEGG_pathway,-
4303,Clo1313_1539,KEGG_pathway,map03013
4304,Clo1313_1539,KEGG_pathway,map03018
4311,Clo1313_1540,KEGG_pathway,map00300
4312,Clo1313_1540,KEGG_pathway,map01100
4313,Clo1313_1540,KEGG_pathway,map01110
4314,Clo1313_1540,KEGG_pathway,map01120
4315,Clo1313_1540,KEGG_pathway,map01130
4316,Clo1313_1540,KEGG_pathway,map01230
4317,Clo1313_1541,KEGG_pathway,-
4322,Clo1313_1542,KEGG_pathway,map00230
4323,Clo1313_1542,KEGG_pathway,map00983
4324,Clo1313_1542,KEGG_pathway,map01100
4325,Clo1313_1542,KEGG_pathway,map01110
4326,Clo1313_1543,KEGG_pathway,-
4329,Clo1313_1544,KEGG_pathway,map00550
4330,Clo1313_1544,KEGG_pathway,map01100
4335,Clo1313_1545,KEGG_pathway,map00240
4336,Clo1313_1545,KEGG_pathway,map00983
4337,Clo1313_1545,KEGG_pathway,map01100
4338,Clo1313_1545,KEGG_pathway,map05219
4341,Clo1313_1546,KEGG_pathway,map00030
4342,Clo1313_1546,KEGG_pathway,map00230
4343,Clo1313_1547,KEGG_pathway,-
4344,Clo1313_1548,KEGG_pathway,-
4346,Clo1313_1549,KEGG_pathway,map00230
4348,Clo1313_1550,KEGG_pathway,map03030
4354,Clo1313_1551,KEGG_pathway,map00330
4355,Clo1313_1551,KEGG_pathway,map01100
4356,Clo1313_1551,KEGG_pathway,map01110
4357,Clo1313_1551,KEGG_pathway,map01130
4358,Clo1313_1551,KEGG_pathway,map01230
4359,Clo1313_1552,KEGG_pathway,-
4360,Clo1313_1553,KEGG_pathway,-
4361,Clo1313_1554,KEGG_pathway,-
4362,Clo1313_1555,KEGG_pathway,-
4363,Clo1313_1556,KEGG_pathway,-
4364,Clo1313_1557,KEGG_pathway,-
4365,Clo1313_1558,KEGG_pathway,-
4366,Clo1313_1559,KEGG_pathway,-
4367,Clo1313_1560,KEGG_pathway,-
4368,Clo1313_1561,KEGG_pathway,-
4369,Clo1313_1563,KEGG_pathway,-
4370,Clo1313_1564,KEGG_pathway,-
4371,Clo1313_1565,KEGG_pathway,-
4372,Clo1313_1566,KEGG_pathway,-
4373,Clo1313_1567,KEGG_pathway,-
4374,Clo1313_1568,KEGG_pathway,-
4375,Clo1313_1569,KEGG_pathway,-
4376,Clo1313_1570,KEGG_pathway,-
4379,Clo1313_1571,KEGG_pathway,map00730
4380,Clo1313_1571,KEGG_pathway,map01100
4381,Clo1313_1572,KEGG_pathway,-
4388,Clo1313_1573,KEGG_pathway,map00362
4389,Clo1313_1573,KEGG_pathway,map00621
4390,Clo1313_1573,KEGG_pathway,map00622
4391,Clo1313_1573,KEGG_pathway,map01100
4392,Clo1313_1573,KEGG_pathway,map01120
4393,Clo1313_1573,KEGG_pathway,map01220
4394,Clo1313_1574,KEGG_pathway,-
4395,Clo1313_1575,KEGG_pathway,-
4396,Clo1313_1576,KEGG_pathway,-
4397,Clo1313_1577,KEGG_pathway,-
4403,Clo1313_1578,KEGG_pathway,map00860
4404,Clo1313_1578,KEGG_pathway,map00970
4405,Clo1313_1578,KEGG_pathway,map01100
4406,Clo1313_1578,KEGG_pathway,map01110
4407,Clo1313_1578,KEGG_pathway,map01120
4408,Clo1313_1579,KEGG_pathway,-
4412,Clo1313_1580,KEGG_pathway,map00230
4413,Clo1313_1580,KEGG_pathway,map00240
4414,Clo1313_1580,KEGG_pathway,map01100
4421,Clo1313_1581,KEGG_pathway,map00270
4422,Clo1313_1581,KEGG_pathway,map00450
4423,Clo1313_1581,KEGG_pathway,map00670
4424,Clo1313_1581,KEGG_pathway,map01100
4425,Clo1313_1581,KEGG_pathway,map01110
4426,Clo1313_1581,KEGG_pathway,map01230
4433,Clo1313_1582,KEGG_pathway,map00270
4434,Clo1313_1582,KEGG_pathway,map00450
4435,Clo1313_1582,KEGG_pathway,map00670
4436,Clo1313_1582,KEGG_pathway,map01100
4437,Clo1313_1582,KEGG_pathway,map01110
4438,Clo1313_1582,KEGG_pathway,map01230
4439,Clo1313_1583,KEGG_pathway,-
4440,Clo1313_1584,KEGG_pathway,-
4441,Clo1313_1585,KEGG_pathway,-
4442,Clo1313_1587,KEGG_pathway,-
4443,Clo1313_1588,KEGG_pathway,-
4444,Clo1313_1589,KEGG_pathway,-
4445,Clo1313_1590,KEGG_pathway,-
4446,Clo1313_1591,KEGG_pathway,-
4447,Clo1313_1592,KEGG_pathway,-
4448,Clo1313_1593,KEGG_pathway,-
4449,Clo1313_1594,KEGG_pathway,-
4450,Clo1313_1595,KEGG_pathway,-
4451,Clo1313_1596,KEGG_pathway,-
4452,Clo1313_1597,KEGG_pathway,-
4453,Clo1313_1598,KEGG_pathway,-
4454,Clo1313_1599,KEGG_pathway,-
4455,Clo1313_1600,KEGG_pathway,-
4456,Clo1313_1601,KEGG_pathway,-
4457,Clo1313_1602,KEGG_pathway,-
4460,Clo1313_1603,KEGG_pathway,map00500
4461,Clo1313_1603,KEGG_pathway,map01100
4464,Clo1313_1604,KEGG_pathway,map00500
4465,Clo1313_1604,KEGG_pathway,map01100
4466,Clo1313_1605,KEGG_pathway,-
4469,Clo1313_1606,KEGG_pathway,map00270
4470,Clo1313_1606,KEGG_pathway,map01100
4473,Clo1313_1607,KEGG_pathway,map00270
4474,Clo1313_1607,KEGG_pathway,map01100
4475,Clo1313_1608,KEGG_pathway,-
4476,Clo1313_1609,KEGG_pathway,-
4477,Clo1313_1610,KEGG_pathway,-
4478,Clo1313_1611,KEGG_pathway,-
4479,Clo1313_1612,KEGG_pathway,-
4480,Clo1313_1613,KEGG_pathway,-
4484,Clo1313_1614,KEGG_pathway,map00360
4485,Clo1313_1614,KEGG_pathway,map01120
4486,Clo1313_1614,KEGG_pathway,map05111
4487,Clo1313_1615,KEGG_pathway,-
4488,Clo1313_1616,KEGG_pathway,-
4489,Clo1313_1617,KEGG_pathway,-
4490,Clo1313_1618,KEGG_pathway,-
4501,Clo1313_1619,KEGG_pathway,map00340
4502,Clo1313_1619,KEGG_pathway,map00350
4503,Clo1313_1619,KEGG_pathway,map00360
4504,Clo1313_1619,KEGG_pathway,map00400
4505,Clo1313_1619,KEGG_pathway,map00401
4506,Clo1313_1619,KEGG_pathway,map00960
4507,Clo1313_1619,KEGG_pathway,map01100
4508,Clo1313_1619,KEGG_pathway,map01110
4509,Clo1313_1619,KEGG_pathway,map01130
4510,Clo1313_1619,KEGG_pathway,map01230
4513,Clo1313_1620,KEGG_pathway,map00500
4514,Clo1313_1620,KEGG_pathway,map01100
4517,Clo1313_1621,KEGG_pathway,map00500
4518,Clo1313_1621,KEGG_pathway,map01100
4519,Clo1313_1622,KEGG_pathway,-
4520,Clo1313_1623,KEGG_pathway,-
4521,Clo1313_1624,KEGG_pathway,-
4522,Clo1313_1626,KEGG_pathway,-
4525,Clo1313_1627,KEGG_pathway,map00730
4526,Clo1313_1627,KEGG_pathway,map01100
4529,Clo1313_1628,KEGG_pathway,map00730
4530,Clo1313_1628,KEGG_pathway,map01100
4534,Clo1313_1629,KEGG_pathway,map00730
4535,Clo1313_1629,KEGG_pathway,map01100
4536,Clo1313_1629,KEGG_pathway,map04122
4539,Clo1313_1630,KEGG_pathway,map00730
4540,Clo1313_1630,KEGG_pathway,map01100
4543,Clo1313_1631,KEGG_pathway,map00730
4544,Clo1313_1631,KEGG_pathway,map01100
4546,Clo1313_1632,KEGG_pathway,map04122
4547,Clo1313_1633,KEGG_pathway,-
4548,Clo1313_1634,KEGG_pathway,-
4549,Clo1313_1635,KEGG_pathway,-
4550,Clo1313_1636,KEGG_pathway,-
4551,Clo1313_1637,KEGG_pathway,-
4552,Clo1313_1638,KEGG_pathway,-
4553,Clo1313_1642,KEGG_pathway,-
4554,Clo1313_1643,KEGG_pathway,-
4555,Clo1313_1645,KEGG_pathway,-
4556,Clo1313_1647,KEGG_pathway,-
4557,Clo1313_1648,KEGG_pathway,-
4558,Clo1313_1650,KEGG_pathway,-
4559,Clo1313_1651,KEGG_pathway,-
4560,Clo1313_1652,KEGG_pathway,-
4561,Clo1313_1653,KEGG_pathway,-
4562,Clo1313_1654,KEGG_pathway,-
4563,Clo1313_1655,KEGG_pathway,-
4564,Clo1313_1656,KEGG_pathway,-
4580,Clo1313_1657,KEGG_pathway,map00220
4581,Clo1313_1657,KEGG_pathway,map00250
4582,Clo1313_1657,KEGG_pathway,map00270
4583,Clo1313_1657,KEGG_pathway,map00330
4584,Clo1313_1657,KEGG_pathway,map00350
4585,Clo1313_1657,KEGG_pathway,map00360
4586,Clo1313_1657,KEGG_pathway,map00400
4587,Clo1313_1657,KEGG_pathway,map00401
4588,Clo1313_1657,KEGG_pathway,map00950
4589,Clo1313_1657,KEGG_pathway,map00960
4590,Clo1313_1657,KEGG_pathway,map01100
4591,Clo1313_1657,KEGG_pathway,map01110
4592,Clo1313_1657,KEGG_pathway,map01130
4593,Clo1313_1657,KEGG_pathway,map01210
4594,Clo1313_1657,KEGG_pathway,map01230
4595,Clo1313_1658,KEGG_pathway,-
4596,Clo1313_1659,KEGG_pathway,-
4599,Clo1313_1660,KEGG_pathway,map00730
4600,Clo1313_1660,KEGG_pathway,map01100
4610,Clo1313_1661,KEGG_pathway,map00030
4611,Clo1313_1661,KEGG_pathway,map00040
4612,Clo1313_1661,KEGG_pathway,map00710
4613,Clo1313_1661,KEGG_pathway,map01100
4614,Clo1313_1661,KEGG_pathway,map01110
4615,Clo1313_1661,KEGG_pathway,map01120
4616,Clo1313_1661,KEGG_pathway,map01130
4617,Clo1313_1661,KEGG_pathway,map01200
4618,Clo1313_1661,KEGG_pathway,map01230
4621,Clo1313_1662,KEGG_pathway,map00730
4622,Clo1313_1662,KEGG_pathway,map01100
4623,Clo1313_1663,KEGG_pathway,-
4624,Clo1313_1664,KEGG_pathway,-
4625,Clo1313_1665,KEGG_pathway,-
4626,Clo1313_1666,KEGG_pathway,-
4627,Clo1313_1667,KEGG_pathway,-
4628,Clo1313_1668,KEGG_pathway,-
4631,Clo1313_1669,KEGG_pathway,map00670
4632,Clo1313_1669,KEGG_pathway,map00970
4633,Clo1313_1670,KEGG_pathway,-
4635,Clo1313_1671,KEGG_pathway,map03440
4636,Clo1313_1672,KEGG_pathway,-
4639,Clo1313_1673,KEGG_pathway,map00900
4640,Clo1313_1673,KEGG_pathway,map01110
4643,Clo1313_1674,KEGG_pathway,map00900
4644,Clo1313_1674,KEGG_pathway,map01110
4645,Clo1313_1675,KEGG_pathway,-
4646,Clo1313_1676,KEGG_pathway,-
4648,Clo1313_1677,KEGG_pathway,map00190
4649,Clo1313_1678,KEGG_pathway,-
4650,Clo1313_1679,KEGG_pathway,-
4651,Clo1313_1680,KEGG_pathway,-
4655,Clo1313_1681,KEGG_pathway,map00250
4656,Clo1313_1681,KEGG_pathway,map01100
4657,Clo1313_1681,KEGG_pathway,map01110
4658,Clo1313_1682,KEGG_pathway,-
4663,Clo1313_1683,KEGG_pathway,map00230
4664,Clo1313_1683,KEGG_pathway,map01100
4665,Clo1313_1683,KEGG_pathway,map01110
4666,Clo1313_1683,KEGG_pathway,map01130
4667,Clo1313_1684,KEGG_pathway,-
4668,Clo1313_1685,KEGG_pathway,-
4679,Clo1313_1686,KEGG_pathway,map00010
4680,Clo1313_1686,KEGG_pathway,map00620
4681,Clo1313_1686,KEGG_pathway,map00640
4682,Clo1313_1686,KEGG_pathway,map00680
4683,Clo1313_1686,KEGG_pathway,map00720
4684,Clo1313_1686,KEGG_pathway,map01100
4685,Clo1313_1686,KEGG_pathway,map01110
4686,Clo1313_1686,KEGG_pathway,map01120
4687,Clo1313_1686,KEGG_pathway,map01130
4688,Clo1313_1686,KEGG_pathway,map01200
4702,Clo1313_1687,KEGG_pathway,map04141
4703,Clo1313_1687,KEGG_pathway,map04151
4704,Clo1313_1687,KEGG_pathway,map04217
4705,Clo1313_1687,KEGG_pathway,map04612
4706,Clo1313_1687,KEGG_pathway,map04621
4707,Clo1313_1687,KEGG_pathway,map04626
4708,Clo1313_1687,KEGG_pathway,map04657
4709,Clo1313_1687,KEGG_pathway,map04659
4710,Clo1313_1687,KEGG_pathway,map04914
4711,Clo1313_1687,KEGG_pathway,map04915
4712,Clo1313_1687,KEGG_pathway,map05200
4713,Clo1313_1687,KEGG_pathway,map05215
4714,Clo1313_1687,KEGG_pathway,map05418
4716,Clo1313_1688,KEGG_pathway,map02010
4718,Clo1313_1689,KEGG_pathway,map02010
4720,Clo1313_1690,KEGG_pathway,map02010
4721,Clo1313_1691,KEGG_pathway,-
4722,Clo1313_1692,KEGG_pathway,-
4723,Clo1313_1693,KEGG_pathway,-
4726,Clo1313_1694,KEGG_pathway,map00500
4727,Clo1313_1694,KEGG_pathway,map01100
4728,Clo1313_1695,KEGG_pathway,-
4729,Clo1313_1696,KEGG_pathway,-
4730,Clo1313_1697,KEGG_pathway,-
4731,Clo1313_1698,KEGG_pathway,-
4732,Clo1313_1699,KEGG_pathway,-
4733,Clo1313_1700,KEGG_pathway,-
4736,Clo1313_1701,KEGG_pathway,map00500
4737,Clo1313_1701,KEGG_pathway,map01100
4740,Clo1313_1703,KEGG_pathway,map02010
4741,Clo1313_1703,KEGG_pathway,map02024
4742,Clo1313_1704,KEGG_pathway,-
4743,Clo1313_1705,KEGG_pathway,-
4744,Clo1313_1708,KEGG_pathway,-
4745,Clo1313_1709,KEGG_pathway,-
4746,Clo1313_1710,KEGG_pathway,-
4747,Clo1313_1711,KEGG_pathway,-
4750,Clo1313_1712,KEGG_pathway,map00620
4751,Clo1313_1712,KEGG_pathway,map01100
4752,Clo1313_1713,KEGG_pathway,-
4753,Clo1313_1714,KEGG_pathway,-
4754,Clo1313_1715,KEGG_pathway,-
4755,Clo1313_1716,KEGG_pathway,-
4761,Clo1313_1717,KEGG_pathway,map00620
4762,Clo1313_1717,KEGG_pathway,map00640
4763,Clo1313_1717,KEGG_pathway,map00650
4764,Clo1313_1717,KEGG_pathway,map01100
4765,Clo1313_1717,KEGG_pathway,map01120
4766,Clo1313_1718,KEGG_pathway,-
4767,Clo1313_1719,KEGG_pathway,-
4768,Clo1313_1720,KEGG_pathway,-
4769,Clo1313_1721,KEGG_pathway,-
4770,Clo1313_1722,KEGG_pathway,-
4771,Clo1313_1723,KEGG_pathway,-
4772,Clo1313_1724,KEGG_pathway,-
4778,Clo1313_1725,KEGG_pathway,map02020
4779,Clo1313_1725,KEGG_pathway,map02025
4780,Clo1313_1725,KEGG_pathway,map02026
4781,Clo1313_1725,KEGG_pathway,map02040
4782,Clo1313_1725,KEGG_pathway,map05111
4783,Clo1313_1726,KEGG_pathway,-
4785,Clo1313_1727,KEGG_pathway,map02030
4787,Clo1313_1728,KEGG_pathway,map02030
4790,Clo1313_1729,KEGG_pathway,map02020
4791,Clo1313_1729,KEGG_pathway,map02030
4794,Clo1313_1730,KEGG_pathway,map02020
4795,Clo1313_1730,KEGG_pathway,map02030
4798,Clo1313_1731,KEGG_pathway,map02020
4799,Clo1313_1731,KEGG_pathway,map02030
4800,Clo1313_1732,KEGG_pathway,-
4801,Clo1313_1733,KEGG_pathway,-
4802,Clo1313_1734,KEGG_pathway,-
4804,Clo1313_1735,KEGG_pathway,map02040
4806,Clo1313_1736,KEGG_pathway,map02040
4808,Clo1313_1737,KEGG_pathway,map02040
4810,Clo1313_1738,KEGG_pathway,map02040
4812,Clo1313_1739,KEGG_pathway,map02040
4814,Clo1313_1740,KEGG_pathway,map02040
4817,Clo1313_1741,KEGG_pathway,map02020
4818,Clo1313_1741,KEGG_pathway,map02030
4821,Clo1313_1742,KEGG_pathway,map02030
4822,Clo1313_1742,KEGG_pathway,map02040
4825,Clo1313_1743,KEGG_pathway,map02030
4826,Clo1313_1743,KEGG_pathway,map02040
4827,Clo1313_1744,KEGG_pathway,-
4828,Clo1313_1745,KEGG_pathway,-
4830,Clo1313_1746,KEGG_pathway,map02040
4831,Clo1313_1747,KEGG_pathway,-
4833,Clo1313_1748,KEGG_pathway,map02040
4835,Clo1313_1749,KEGG_pathway,map02040
4836,Clo1313_1750,KEGG_pathway,-
4838,Clo1313_1751,KEGG_pathway,map02040
4841,Clo1313_1752,KEGG_pathway,map02040
4842,Clo1313_1752,KEGG_pathway,map03070
4844,Clo1313_1753,KEGG_pathway,map02040
4847,Clo1313_1754,KEGG_pathway,map02030
4848,Clo1313_1754,KEGG_pathway,map02040
4850,Clo1313_1755,KEGG_pathway,map02040
4852,Clo1313_1756,KEGG_pathway,map02040
4854,Clo1313_1757,KEGG_pathway,map02040
4856,Clo1313_1758,KEGG_pathway,map02040
4857,Clo1313_1759,KEGG_pathway,-
4858,Clo1313_1760,KEGG_pathway,-
4859,Clo1313_1761,KEGG_pathway,-
4861,Clo1313_1762,KEGG_pathway,map03410
4862,Clo1313_1763,KEGG_pathway,-
4863,Clo1313_1764,KEGG_pathway,-
4864,Clo1313_1765,KEGG_pathway,-
4865,Clo1313_1766,KEGG_pathway,-
4866,Clo1313_1767,KEGG_pathway,-
4869,Clo1313_1768,KEGG_pathway,map01503
4870,Clo1313_1768,KEGG_pathway,map02010
4871,Clo1313_1769,KEGG_pathway,-
4872,Clo1313_1770,KEGG_pathway,-
4873,Clo1313_1771,KEGG_pathway,-
4874,Clo1313_1772,KEGG_pathway,-
4875,Clo1313_1773,KEGG_pathway,-
4876,Clo1313_1774,KEGG_pathway,-
4878,Clo1313_1775,KEGG_pathway,map04112
4880,Clo1313_1776,KEGG_pathway,map04112
4881,Clo1313_1777,KEGG_pathway,-
4883,Clo1313_1778,KEGG_pathway,map04112
4886,Clo1313_1780,KEGG_pathway,map00300
4887,Clo1313_1780,KEGG_pathway,map00550
4888,Clo1313_1781,KEGG_pathway,-
4889,Clo1313_1782,KEGG_pathway,-
4890,Clo1313_1783,KEGG_pathway,-
4891,Clo1313_1784,KEGG_pathway,-
4892,Clo1313_1785,KEGG_pathway,-
4893,Clo1313_1786,KEGG_pathway,-
4894,Clo1313_1787,KEGG_pathway,-
4895,Clo1313_1788,KEGG_pathway,-
4896,Clo1313_1790,KEGG_pathway,-
4899,Clo1313_1791,KEGG_pathway,map00190
4900,Clo1313_1791,KEGG_pathway,map01100
4903,Clo1313_1792,KEGG_pathway,map00190
4904,Clo1313_1792,KEGG_pathway,map01100
4907,Clo1313_1793,KEGG_pathway,map00190
4908,Clo1313_1793,KEGG_pathway,map01100
4909,Clo1313_1794,KEGG_pathway,-
4910,Clo1313_1795,KEGG_pathway,-
4911,Clo1313_1796,KEGG_pathway,-
4912,Clo1313_1797,KEGG_pathway,-
4925,Clo1313_1798,KEGG_pathway,map00010
4926,Clo1313_1798,KEGG_pathway,map00071
4927,Clo1313_1798,KEGG_pathway,map00350
4928,Clo1313_1798,KEGG_pathway,map00620
4929,Clo1313_1798,KEGG_pathway,map00625
4930,Clo1313_1798,KEGG_pathway,map00626
4931,Clo1313_1798,KEGG_pathway,map00650
4932,Clo1313_1798,KEGG_pathway,map01100
4933,Clo1313_1798,KEGG_pathway,map01110
4934,Clo1313_1798,KEGG_pathway,map01120
4935,Clo1313_1798,KEGG_pathway,map01130
4936,Clo1313_1798,KEGG_pathway,map01220
4937,Clo1313_1799,KEGG_pathway,-
4938,Clo1313_1800,KEGG_pathway,-
4939,Clo1313_1801,KEGG_pathway,-
4940,Clo1313_1802,KEGG_pathway,-
4944,Clo1313_1803,KEGG_pathway,map00230
4945,Clo1313_1803,KEGG_pathway,map00240
4946,Clo1313_1803,KEGG_pathway,map03018
4948,Clo1313_1804,KEGG_pathway,map03010
4949,Clo1313_1805,KEGG_pathway,-
4950,Clo1313_1806,KEGG_pathway,-
4951,Clo1313_1807,KEGG_pathway,-
4954,Clo1313_1808,KEGG_pathway,map00500
4955,Clo1313_1808,KEGG_pathway,map01100
4958,Clo1313_1809,KEGG_pathway,map00500
4959,Clo1313_1809,KEGG_pathway,map01100
4960,Clo1313_1810,KEGG_pathway,-
4961,Clo1313_1811,KEGG_pathway,-
4962,Clo1313_1812,KEGG_pathway,-
4963,Clo1313_1813,KEGG_pathway,-
4964,Clo1313_1814,KEGG_pathway,-
4965,Clo1313_1815,KEGG_pathway,-
4968,Clo1313_1816,KEGG_pathway,map00500
4969,Clo1313_1816,KEGG_pathway,map01100
4972,Clo1313_1817,KEGG_pathway,map00500
4973,Clo1313_1817,KEGG_pathway,map01100
4974,Clo1313_1818,KEGG_pathway,-
4976,Clo1313_1819,KEGG_pathway,map02010
4977,Clo1313_1820,KEGG_pathway,-
4978,Clo1313_1821,KEGG_pathway,-
4979,Clo1313_1822,KEGG_pathway,-
4980,Clo1313_1823,KEGG_pathway,-
4982,Clo1313_1824,KEGG_pathway,map02010
4983,Clo1313_1825,KEGG_pathway,-
4985,Clo1313_1826,KEGG_pathway,map02010
4996,Clo1313_1827,KEGG_pathway,map00010
4997,Clo1313_1827,KEGG_pathway,map00071
4998,Clo1313_1827,KEGG_pathway,map00350
4999,Clo1313_1827,KEGG_pathway,map00625
5000,Clo1313_1827,KEGG_pathway,map00626
5001,Clo1313_1827,KEGG_pathway,map01100
5002,Clo1313_1827,KEGG_pathway,map01110
5003,Clo1313_1827,KEGG_pathway,map01120
5004,Clo1313_1827,KEGG_pathway,map01130
5005,Clo1313_1827,KEGG_pathway,map01220
5008,Clo1313_1828,KEGG_pathway,map02010
5009,Clo1313_1828,KEGG_pathway,map02030
5011,Clo1313_1829,KEGG_pathway,map02010
5013,Clo1313_1830,KEGG_pathway,map02010
5014,Clo1313_1831,KEGG_pathway,-
5019,Clo1313_1832,KEGG_pathway,map00051
5020,Clo1313_1832,KEGG_pathway,map00500
5021,Clo1313_1832,KEGG_pathway,map00520
5022,Clo1313_1832,KEGG_pathway,map01100
5026,Clo1313_1833,KEGG_pathway,map00040
5027,Clo1313_1833,KEGG_pathway,map00051
5028,Clo1313_1833,KEGG_pathway,map01100
5029,Clo1313_1834,KEGG_pathway,-
5030,Clo1313_1835,KEGG_pathway,-
5031,Clo1313_1838,KEGG_pathway,-
5032,Clo1313_1840,KEGG_pathway,-
5033,Clo1313_1841,KEGG_pathway,-
5034,Clo1313_1842,KEGG_pathway,-
5035,Clo1313_1843,KEGG_pathway,-
5036,Clo1313_1844,KEGG_pathway,-
5037,Clo1313_1845,KEGG_pathway,-
5041,Clo1313_1846,KEGG_pathway,map00230
5042,Clo1313_1846,KEGG_pathway,map00983
5043,Clo1313_1846,KEGG_pathway,map01100
5052,Clo1313_1847,KEGG_pathway,map00220
5053,Clo1313_1847,KEGG_pathway,map00250
5054,Clo1313_1847,KEGG_pathway,map00471
5055,Clo1313_1847,KEGG_pathway,map00910
5056,Clo1313_1847,KEGG_pathway,map01100
5057,Clo1313_1847,KEGG_pathway,map01200
5058,Clo1313_1847,KEGG_pathway,map04217
5059,Clo1313_1847,KEGG_pathway,map04964
5062,Clo1313_1848,KEGG_pathway,map00920
5063,Clo1313_1848,KEGG_pathway,map01120
5071,Clo1313_1849,KEGG_pathway,map00250
5072,Clo1313_1849,KEGG_pathway,map00910
5073,Clo1313_1849,KEGG_pathway,map01100
5074,Clo1313_1849,KEGG_pathway,map01110
5075,Clo1313_1849,KEGG_pathway,map01120
5076,Clo1313_1849,KEGG_pathway,map01130
5077,Clo1313_1849,KEGG_pathway,map01230
5078,Clo1313_1850,KEGG_pathway,-
5079,Clo1313_1851,KEGG_pathway,-
5080,Clo1313_1852,KEGG_pathway,-
5081,Clo1313_1853,KEGG_pathway,-
5082,Clo1313_1854,KEGG_pathway,-
5083,Clo1313_1855,KEGG_pathway,-
5084,Clo1313_1856,KEGG_pathway,-
5085,Clo1313_1857,KEGG_pathway,-
5101,Clo1313_1858,KEGG_pathway,map00220
5102,Clo1313_1858,KEGG_pathway,map00250
5103,Clo1313_1858,KEGG_pathway,map00270
5104,Clo1313_1858,KEGG_pathway,map00330
5105,Clo1313_1858,KEGG_pathway,map00350
5106,Clo1313_1858,KEGG_pathway,map00360
5107,Clo1313_1858,KEGG_pathway,map00400
5108,Clo1313_1858,KEGG_pathway,map00401
5109,Clo1313_1858,KEGG_pathway,map00950
5110,Clo1313_1858,KEGG_pathway,map00960
5111,Clo1313_1858,KEGG_pathway,map01100
5112,Clo1313_1858,KEGG_pathway,map01110
5113,Clo1313_1858,KEGG_pathway,map01130
5114,Clo1313_1858,KEGG_pathway,map01210
5115,Clo1313_1858,KEGG_pathway,map01230
5116,Clo1313_1859,KEGG_pathway,-
5117,Clo1313_1861,KEGG_pathway,-
5120,Clo1313_1862,KEGG_pathway,map04621
5121,Clo1313_1862,KEGG_pathway,map05418
5122,Clo1313_1864,KEGG_pathway,-
5123,Clo1313_1865,KEGG_pathway,-
5124,Clo1313_1866,KEGG_pathway,-
5133,Clo1313_1867,KEGG_pathway,map00500
5134,Clo1313_1867,KEGG_pathway,map01100
5135,Clo1313_1867,KEGG_pathway,map01110
5136,Clo1313_1867,KEGG_pathway,map02026
5137,Clo1313_1867,KEGG_pathway,map04217
5138,Clo1313_1867,KEGG_pathway,map04910
5139,Clo1313_1867,KEGG_pathway,map04922
5140,Clo1313_1867,KEGG_pathway,map04931
5141,Clo1313_1868,KEGG_pathway,-
5142,Clo1313_1869,KEGG_pathway,-
5143,Clo1313_1870,KEGG_pathway,-
5144,Clo1313_1871,KEGG_pathway,-
5145,Clo1313_1872,KEGG_pathway,-
5146,Clo1313_1873,KEGG_pathway,-
5149,Clo1313_1874,KEGG_pathway,map02024
5150,Clo1313_1874,KEGG_pathway,map03060
5162,Clo1313_1875,KEGG_pathway,map00010
5163,Clo1313_1875,KEGG_pathway,map00030
5164,Clo1313_1875,KEGG_pathway,map00051
5165,Clo1313_1875,KEGG_pathway,map00680
5166,Clo1313_1875,KEGG_pathway,map00710
5167,Clo1313_1875,KEGG_pathway,map01100
5168,Clo1313_1875,KEGG_pathway,map01110
5169,Clo1313_1875,KEGG_pathway,map01120
5170,Clo1313_1875,KEGG_pathway,map01130
5171,Clo1313_1875,KEGG_pathway,map01200
5172,Clo1313_1875,KEGG_pathway,map01230
5182,Clo1313_1876,KEGG_pathway,map00010
5183,Clo1313_1876,KEGG_pathway,map00030
5184,Clo1313_1876,KEGG_pathway,map00051
5185,Clo1313_1876,KEGG_pathway,map00052
5186,Clo1313_1876,KEGG_pathway,map00680
5187,Clo1313_1876,KEGG_pathway,map01100
5188,Clo1313_1876,KEGG_pathway,map01110
5189,Clo1313_1876,KEGG_pathway,map01120
5190,Clo1313_1876,KEGG_pathway,map01130
5191,Clo1313_1877,KEGG_pathway,-
5201,Clo1313_1878,KEGG_pathway,map00010
5202,Clo1313_1878,KEGG_pathway,map00270
5203,Clo1313_1878,KEGG_pathway,map00620
5204,Clo1313_1878,KEGG_pathway,map00640
5205,Clo1313_1878,KEGG_pathway,map01100
5206,Clo1313_1878,KEGG_pathway,map01110
5207,Clo1313_1878,KEGG_pathway,map01120
5208,Clo1313_1878,KEGG_pathway,map01130
5209,Clo1313_1878,KEGG_pathway,map04922
5213,Clo1313_1879,KEGG_pathway,map00620
5214,Clo1313_1879,KEGG_pathway,map01200
5215,Clo1313_1879,KEGG_pathway,map02020
5216,Clo1313_1880,KEGG_pathway,-
5219,Clo1313_1881,KEGG_pathway,map00190
5220,Clo1313_1881,KEGG_pathway,map01100
5223,Clo1313_1882,KEGG_pathway,map00190
5224,Clo1313_1882,KEGG_pathway,map01100
5225,Clo1313_1883,KEGG_pathway,-
5226,Clo1313_1884,KEGG_pathway,-
5229,Clo1313_1885,KEGG_pathway,map00190
5230,Clo1313_1885,KEGG_pathway,map01100
5231,Clo1313_1886,KEGG_pathway,-
5232,Clo1313_1887,KEGG_pathway,-
5233,Clo1313_1888,KEGG_pathway,-
5234,Clo1313_1889,KEGG_pathway,-
5235,Clo1313_1890,KEGG_pathway,-
5239,Clo1313_1891,KEGG_pathway,map00240
5240,Clo1313_1891,KEGG_pathway,map00983
5241,Clo1313_1891,KEGG_pathway,map01100
5242,Clo1313_1892,KEGG_pathway,-
5243,Clo1313_1894,KEGG_pathway,-
5244,Clo1313_1896,KEGG_pathway,-
5245,Clo1313_1897,KEGG_pathway,-
5246,Clo1313_1898,KEGG_pathway,-
5249,Clo1313_1901,KEGG_pathway,map00760
5250,Clo1313_1901,KEGG_pathway,map01100
5252,Clo1313_1902,KEGG_pathway,map00970
5253,Clo1313_1903,KEGG_pathway,-
5258,Clo1313_1904,KEGG_pathway,map00520
5259,Clo1313_1904,KEGG_pathway,map00531
5260,Clo1313_1904,KEGG_pathway,map01100
5261,Clo1313_1904,KEGG_pathway,map01501
5262,Clo1313_1905,KEGG_pathway,-
5263,Clo1313_1906,KEGG_pathway,-
5266,Clo1313_1907,KEGG_pathway,map00051
5267,Clo1313_1907,KEGG_pathway,map01120
5268,Clo1313_1908,KEGG_pathway,-
5269,Clo1313_1909,KEGG_pathway,-
5270,Clo1313_1910,KEGG_pathway,-
5271,Clo1313_1911,KEGG_pathway,-
5272,Clo1313_1912,KEGG_pathway,-
5273,Clo1313_1913,KEGG_pathway,-
5274,Clo1313_1914,KEGG_pathway,-
5275,Clo1313_1915,KEGG_pathway,-
5277,Clo1313_1916,KEGG_pathway,map03420
5278,Clo1313_1917,KEGG_pathway,-
5280,Clo1313_1918,KEGG_pathway,map03420
5281,Clo1313_1920,KEGG_pathway,-
5282,Clo1313_1921,KEGG_pathway,-
5283,Clo1313_1922,KEGG_pathway,-
5284,Clo1313_1923,KEGG_pathway,-
5285,Clo1313_1925,KEGG_pathway,-
5286,Clo1313_1926,KEGG_pathway,-
5287,Clo1313_1927,KEGG_pathway,-
5288,Clo1313_1928,KEGG_pathway,-
5291,Clo1313_1929,KEGG_pathway,map02020
5292,Clo1313_1929,KEGG_pathway,map02030
5293,Clo1313_1930,KEGG_pathway,-
5302,Clo1313_1931,KEGG_pathway,map00260
5303,Clo1313_1931,KEGG_pathway,map00680
5304,Clo1313_1931,KEGG_pathway,map00750
5305,Clo1313_1931,KEGG_pathway,map01100
5306,Clo1313_1931,KEGG_pathway,map01120
5307,Clo1313_1931,KEGG_pathway,map01130
5308,Clo1313_1931,KEGG_pathway,map01200
5309,Clo1313_1931,KEGG_pathway,map01230
5310,Clo1313_1935,KEGG_pathway,-
5311,Clo1313_1936,KEGG_pathway,-
5312,Clo1313_1937,KEGG_pathway,-
5321,Clo1313_1938,KEGG_pathway,map00260
5322,Clo1313_1938,KEGG_pathway,map00270
5323,Clo1313_1938,KEGG_pathway,map00300
5324,Clo1313_1938,KEGG_pathway,map01100
5325,Clo1313_1938,KEGG_pathway,map01110
5326,Clo1313_1938,KEGG_pathway,map01120
5327,Clo1313_1938,KEGG_pathway,map01130
5328,Clo1313_1938,KEGG_pathway,map01230
5331,Clo1313_1939,KEGG_pathway,map03022
5332,Clo1313_1939,KEGG_pathway,map03420
5335,Clo1313_1940,KEGG_pathway,map02020
5336,Clo1313_1940,KEGG_pathway,map02030
5337,Clo1313_1942,KEGG_pathway,-
5349,Clo1313_1944,KEGG_pathway,map00020
5350,Clo1313_1944,KEGG_pathway,map00480
5351,Clo1313_1944,KEGG_pathway,map00720
5352,Clo1313_1944,KEGG_pathway,map01100
5353,Clo1313_1944,KEGG_pathway,map01110
5354,Clo1313_1944,KEGG_pathway,map01120
5355,Clo1313_1944,KEGG_pathway,map01130
5356,Clo1313_1944,KEGG_pathway,map01200
5357,Clo1313_1944,KEGG_pathway,map01210
5358,Clo1313_1944,KEGG_pathway,map01230
5359,Clo1313_1944,KEGG_pathway,map04146
5360,Clo1313_1945,KEGG_pathway,-
5361,Clo1313_1946,KEGG_pathway,-
5366,Clo1313_1947,KEGG_pathway,map00500
5367,Clo1313_1947,KEGG_pathway,map01100
5368,Clo1313_1947,KEGG_pathway,map01110
5369,Clo1313_1947,KEGG_pathway,map02026
5370,Clo1313_1948,KEGG_pathway,-
5371,Clo1313_1949,KEGG_pathway,-
5372,Clo1313_1950,KEGG_pathway,-
5373,Clo1313_1951,KEGG_pathway,-
5383,Clo1313_1953,KEGG_pathway,map00260
5384,Clo1313_1953,KEGG_pathway,map00630
5385,Clo1313_1953,KEGG_pathway,map00680
5386,Clo1313_1953,KEGG_pathway,map01100
5387,Clo1313_1953,KEGG_pathway,map01110
5388,Clo1313_1953,KEGG_pathway,map01120
5389,Clo1313_1953,KEGG_pathway,map01130
5390,Clo1313_1953,KEGG_pathway,map01200
5391,Clo1313_1953,KEGG_pathway,map01230
5394,Clo1313_1954,KEGG_pathway,map00500
5395,Clo1313_1954,KEGG_pathway,map01100
5398,Clo1313_1955,KEGG_pathway,map00500
5399,Clo1313_1955,KEGG_pathway,map01100
5400,Clo1313_1956,KEGG_pathway,-
5403,Clo1313_1957,KEGG_pathway,map00550
5404,Clo1313_1957,KEGG_pathway,map01100
5405,Clo1313_1958,KEGG_pathway,-
5408,Clo1313_1959,KEGG_pathway,map00520
5409,Clo1313_1959,KEGG_pathway,map01100
5410,Clo1313_1960,KEGG_pathway,-
5411,Clo1313_1961,KEGG_pathway,-
5412,Clo1313_1962,KEGG_pathway,-
5415,Clo1313_1963,KEGG_pathway,map02020
5416,Clo1313_1963,KEGG_pathway,map02030
5427,Clo1313_1964,KEGG_pathway,map00250
5428,Clo1313_1964,KEGG_pathway,map00260
5429,Clo1313_1964,KEGG_pathway,map00630
5430,Clo1313_1964,KEGG_pathway,map00680
5431,Clo1313_1964,KEGG_pathway,map01100
5432,Clo1313_1964,KEGG_pathway,map01110
5433,Clo1313_1964,KEGG_pathway,map01120
5434,Clo1313_1964,KEGG_pathway,map01130
5435,Clo1313_1964,KEGG_pathway,map01200
5436,Clo1313_1964,KEGG_pathway,map04146
5437,Clo1313_1965,KEGG_pathway,-
5438,Clo1313_1966,KEGG_pathway,-
5445,Clo1313_1967,KEGG_pathway,map00330
5446,Clo1313_1967,KEGG_pathway,map00332
5447,Clo1313_1967,KEGG_pathway,map01100
5448,Clo1313_1967,KEGG_pathway,map01110
5449,Clo1313_1967,KEGG_pathway,map01130
5450,Clo1313_1967,KEGG_pathway,map01230
5455,Clo1313_1968,KEGG_pathway,map00630
5456,Clo1313_1968,KEGG_pathway,map01100
5457,Clo1313_1968,KEGG_pathway,map01110
5458,Clo1313_1968,KEGG_pathway,map01130
5459,Clo1313_1969,KEGG_pathway,-
5460,Clo1313_1970,KEGG_pathway,-
5461,Clo1313_1971,KEGG_pathway,-
5462,Clo1313_1972,KEGG_pathway,-
5463,Clo1313_1973,KEGG_pathway,-
5464,Clo1313_1974,KEGG_pathway,-
5465,Clo1313_1975,KEGG_pathway,-
5466,Clo1313_1976,KEGG_pathway,-
5467,Clo1313_1977,KEGG_pathway,-
5468,Clo1313_1978,KEGG_pathway,-
5469,Clo1313_1979,KEGG_pathway,-
5470,Clo1313_1980,KEGG_pathway,-
5471,Clo1313_1981,KEGG_pathway,-
5472,Clo1313_1982,KEGG_pathway,-
5473,Clo1313_1983,KEGG_pathway,-
5474,Clo1313_1984,KEGG_pathway,-
5475,Clo1313_1985,KEGG_pathway,-
5476,Clo1313_1986,KEGG_pathway,-
5477,Clo1313_1987,KEGG_pathway,-
5478,Clo1313_1988,KEGG_pathway,-
5479,Clo1313_1989,KEGG_pathway,-
5480,Clo1313_1990,KEGG_pathway,-
5481,Clo1313_1992,KEGG_pathway,-
5482,Clo1313_1993,KEGG_pathway,-
5483,Clo1313_1994,KEGG_pathway,-
5484,Clo1313_1995,KEGG_pathway,-
5485,Clo1313_1996,KEGG_pathway,-
5486,Clo1313_1997,KEGG_pathway,-
5487,Clo1313_1998,KEGG_pathway,-
5490,Clo1313_1999,KEGG_pathway,map00520
5491,Clo1313_1999,KEGG_pathway,map01100
5492,Clo1313_2001,KEGG_pathway,-
5493,Clo1313_2002,KEGG_pathway,-
5496,Clo1313_2004,KEGG_pathway,map03420
5497,Clo1313_2004,KEGG_pathway,map03430
5498,Clo1313_2005,KEGG_pathway,-
5499,Clo1313_2006,KEGG_pathway,-
5500,Clo1313_2008,KEGG_pathway,-
5501,Clo1313_2012,KEGG_pathway,-
5502,Clo1313_2014,KEGG_pathway,-
5512,Clo1313_2015,KEGG_pathway,map00010
5513,Clo1313_2015,KEGG_pathway,map00030
5514,Clo1313_2015,KEGG_pathway,map00500
5515,Clo1313_2015,KEGG_pathway,map00520
5516,Clo1313_2015,KEGG_pathway,map01100
5517,Clo1313_2015,KEGG_pathway,map01110
5518,Clo1313_2015,KEGG_pathway,map01120
5519,Clo1313_2015,KEGG_pathway,map01130
5520,Clo1313_2015,KEGG_pathway,map01200
5521,Clo1313_2016,KEGG_pathway,-
5523,Clo1313_2017,KEGG_pathway,map00970
5525,Clo1313_2018,KEGG_pathway,map00970
5526,Clo1313_2019,KEGG_pathway,-
5532,Clo1313_2020,KEGG_pathway,map00460
5533,Clo1313_2020,KEGG_pathway,map00500
5534,Clo1313_2020,KEGG_pathway,map00940
5535,Clo1313_2020,KEGG_pathway,map01100
5536,Clo1313_2020,KEGG_pathway,map01110
5537,Clo1313_2021,KEGG_pathway,-
5538,Clo1313_2022,KEGG_pathway,-
5539,Clo1313_2023,KEGG_pathway,-
5540,Clo1313_2024,KEGG_pathway,-
5541,Clo1313_2026,KEGG_pathway,-
5544,Clo1313_2027,KEGG_pathway,map03420
5545,Clo1313_2027,KEGG_pathway,map03430
5546,Clo1313_2028,KEGG_pathway,-
5547,Clo1313_2029,KEGG_pathway,-
5548,Clo1313_2030,KEGG_pathway,-
5560,Clo1313_2031,KEGG_pathway,map00220
5561,Clo1313_2031,KEGG_pathway,map00250
5562,Clo1313_2031,KEGG_pathway,map00630
5563,Clo1313_2031,KEGG_pathway,map00910
5564,Clo1313_2031,KEGG_pathway,map01100
5565,Clo1313_2031,KEGG_pathway,map01120
5566,Clo1313_2031,KEGG_pathway,map01230
5567,Clo1313_2031,KEGG_pathway,map02020
5568,Clo1313_2031,KEGG_pathway,map04217
5569,Clo1313_2031,KEGG_pathway,map04724
5570,Clo1313_2031,KEGG_pathway,map04727
5571,Clo1313_2032,KEGG_pathway,-
5572,Clo1313_2033,KEGG_pathway,-
5578,Clo1313_2034,KEGG_pathway,map00633
5579,Clo1313_2034,KEGG_pathway,map00680
5580,Clo1313_2034,KEGG_pathway,map00720
5581,Clo1313_2034,KEGG_pathway,map01120
5582,Clo1313_2034,KEGG_pathway,map01200
5591,Clo1313_2035,KEGG_pathway,map00250
5592,Clo1313_2035,KEGG_pathway,map00630
5593,Clo1313_2035,KEGG_pathway,map00910
5594,Clo1313_2035,KEGG_pathway,map01100
5595,Clo1313_2035,KEGG_pathway,map01110
5596,Clo1313_2035,KEGG_pathway,map01120
5597,Clo1313_2035,KEGG_pathway,map01130
5598,Clo1313_2035,KEGG_pathway,map01230
5599,Clo1313_2036,KEGG_pathway,-
5611,Clo1313_2038,KEGG_pathway,map00220
5612,Clo1313_2038,KEGG_pathway,map00250
5613,Clo1313_2038,KEGG_pathway,map00630
5614,Clo1313_2038,KEGG_pathway,map00910
5615,Clo1313_2038,KEGG_pathway,map01100
5616,Clo1313_2038,KEGG_pathway,map01120
5617,Clo1313_2038,KEGG_pathway,map01230
5618,Clo1313_2038,KEGG_pathway,map02020
5619,Clo1313_2038,KEGG_pathway,map04217
5620,Clo1313_2038,KEGG_pathway,map04724
5621,Clo1313_2038,KEGG_pathway,map04727
5622,Clo1313_2041,KEGG_pathway,-
5624,Clo1313_2042,KEGG_pathway,map05146
5626,Clo1313_2043,KEGG_pathway,map05146
5628,Clo1313_2044,KEGG_pathway,map00230
5630,Clo1313_2045,KEGG_pathway,map00230
5631,Clo1313_2046,KEGG_pathway,-
5635,Clo1313_2047,KEGG_pathway,map00052
5636,Clo1313_2047,KEGG_pathway,map00520
5637,Clo1313_2047,KEGG_pathway,map01100
5639,Clo1313_2048,KEGG_pathway,map01503
5640,Clo1313_2049,KEGG_pathway,-
5641,Clo1313_2050,KEGG_pathway,-
5643,Clo1313_2051,KEGG_pathway,map03440
5645,Clo1313_2052,KEGG_pathway,map03440
5647,Clo1313_2053,KEGG_pathway,map03440
5655,Clo1313_2054,KEGG_pathway,map00220
5656,Clo1313_2054,KEGG_pathway,map00250
5657,Clo1313_2054,KEGG_pathway,map01100
5658,Clo1313_2054,KEGG_pathway,map01110
5659,Clo1313_2054,KEGG_pathway,map01130
5660,Clo1313_2054,KEGG_pathway,map01230
5661,Clo1313_2054,KEGG_pathway,map05418
5668,Clo1313_2055,KEGG_pathway,map00220
5669,Clo1313_2055,KEGG_pathway,map00250
5670,Clo1313_2055,KEGG_pathway,map01100
5671,Clo1313_2055,KEGG_pathway,map01110
5672,Clo1313_2055,KEGG_pathway,map01130
5673,Clo1313_2055,KEGG_pathway,map01230
5674,Clo1313_2056,KEGG_pathway,-
5675,Clo1313_2057,KEGG_pathway,-
5676,Clo1313_2058,KEGG_pathway,-
5677,Clo1313_2059,KEGG_pathway,-
5678,Clo1313_2060,KEGG_pathway,-
5679,Clo1313_2061,KEGG_pathway,-
5680,Clo1313_2062,KEGG_pathway,-
5681,Clo1313_2063,KEGG_pathway,-
5682,Clo1313_2064,KEGG_pathway,-
5683,Clo1313_2065,KEGG_pathway,-
5684,Clo1313_2066,KEGG_pathway,-
5685,Clo1313_2067,KEGG_pathway,-
5686,Clo1313_2068,KEGG_pathway,-
5687,Clo1313_2069,KEGG_pathway,-
5688,Clo1313_2070,KEGG_pathway,-
5689,Clo1313_2071,KEGG_pathway,-
5691,Clo1313_2072,KEGG_pathway,map03010
5692,Clo1313_2073,KEGG_pathway,-
5694,Clo1313_2074,KEGG_pathway,map03010
5695,Clo1313_2075,KEGG_pathway,-
5696,Clo1313_2076,KEGG_pathway,-
5697,Clo1313_2077,KEGG_pathway,-
5698,Clo1313_2078,KEGG_pathway,-
5699,Clo1313_2079,KEGG_pathway,-
5700,Clo1313_2080,KEGG_pathway,-
5701,Clo1313_2081,KEGG_pathway,-
5702,Clo1313_2082,KEGG_pathway,-
5703,Clo1313_2083,KEGG_pathway,-
5704,Clo1313_2084,KEGG_pathway,-
5705,Clo1313_2085,KEGG_pathway,-
5707,Clo1313_2086,KEGG_pathway,map03018
5708,Clo1313_2087,KEGG_pathway,-
5709,Clo1313_2088,KEGG_pathway,-
5713,Clo1313_2089,KEGG_pathway,map02024
5714,Clo1313_2089,KEGG_pathway,map03060
5715,Clo1313_2089,KEGG_pathway,map03070
5726,Clo1313_2090,KEGG_pathway,map00010
5727,Clo1313_2090,KEGG_pathway,map00680
5728,Clo1313_2090,KEGG_pathway,map01100
5729,Clo1313_2090,KEGG_pathway,map01110
5730,Clo1313_2090,KEGG_pathway,map01120
5731,Clo1313_2090,KEGG_pathway,map01130
5732,Clo1313_2090,KEGG_pathway,map01200
5733,Clo1313_2090,KEGG_pathway,map01230
5734,Clo1313_2090,KEGG_pathway,map03018
5735,Clo1313_2090,KEGG_pathway,map04066
5736,Clo1313_2091,KEGG_pathway,-
5746,Clo1313_2092,KEGG_pathway,map00010
5747,Clo1313_2092,KEGG_pathway,map00260
5748,Clo1313_2092,KEGG_pathway,map00680
5749,Clo1313_2092,KEGG_pathway,map01100
5750,Clo1313_2092,KEGG_pathway,map01110
5751,Clo1313_2092,KEGG_pathway,map01120
5752,Clo1313_2092,KEGG_pathway,map01130
5753,Clo1313_2092,KEGG_pathway,map01200
5754,Clo1313_2092,KEGG_pathway,map01230
5765,Clo1313_2093,KEGG_pathway,map00010
5766,Clo1313_2093,KEGG_pathway,map00051
5767,Clo1313_2093,KEGG_pathway,map00562
5768,Clo1313_2093,KEGG_pathway,map00710
5769,Clo1313_2093,KEGG_pathway,map01100
5770,Clo1313_2093,KEGG_pathway,map01110
5771,Clo1313_2093,KEGG_pathway,map01120
5772,Clo1313_2093,KEGG_pathway,map01130
5773,Clo1313_2093,KEGG_pathway,map01200
5774,Clo1313_2093,KEGG_pathway,map01230
5785,Clo1313_2094,KEGG_pathway,map00010
5786,Clo1313_2094,KEGG_pathway,map00051
5787,Clo1313_2094,KEGG_pathway,map00562
5788,Clo1313_2094,KEGG_pathway,map00710
5789,Clo1313_2094,KEGG_pathway,map01100
5790,Clo1313_2094,KEGG_pathway,map01110
5791,Clo1313_2094,KEGG_pathway,map01120
5792,Clo1313_2094,KEGG_pathway,map01130
5793,Clo1313_2094,KEGG_pathway,map01200
5794,Clo1313_2094,KEGG_pathway,map01230
5805,Clo1313_2095,KEGG_pathway,map00010
5806,Clo1313_2095,KEGG_pathway,map00710
5807,Clo1313_2095,KEGG_pathway,map01100
5808,Clo1313_2095,KEGG_pathway,map01110
5809,Clo1313_2095,KEGG_pathway,map01120
5810,Clo1313_2095,KEGG_pathway,map01130
5811,Clo1313_2095,KEGG_pathway,map01200
5812,Clo1313_2095,KEGG_pathway,map01230
5813,Clo1313_2095,KEGG_pathway,map04066
5814,Clo1313_2095,KEGG_pathway,map05010
5819,Clo1313_2096,KEGG_pathway,map00770
5820,Clo1313_2096,KEGG_pathway,map01053
5821,Clo1313_2096,KEGG_pathway,map01110
5822,Clo1313_2096,KEGG_pathway,map01130
5823,Clo1313_2097,KEGG_pathway,-
5824,Clo1313_2098,KEGG_pathway,-
5836,Clo1313_2099,KEGG_pathway,map00061
5837,Clo1313_2099,KEGG_pathway,map00071
5838,Clo1313_2099,KEGG_pathway,map00630
5839,Clo1313_2099,KEGG_pathway,map01100
5840,Clo1313_2099,KEGG_pathway,map01212
5841,Clo1313_2099,KEGG_pathway,map02024
5842,Clo1313_2099,KEGG_pathway,map03320
5843,Clo1313_2099,KEGG_pathway,map04146
5844,Clo1313_2099,KEGG_pathway,map04216
5845,Clo1313_2099,KEGG_pathway,map04714
5846,Clo1313_2099,KEGG_pathway,map04920
5850,Clo1313_2100,KEGG_pathway,map00061
5851,Clo1313_2100,KEGG_pathway,map01100
5852,Clo1313_2100,KEGG_pathway,map01212
5853,Clo1313_2101,KEGG_pathway,-
5857,Clo1313_2102,KEGG_pathway,map00061
5858,Clo1313_2102,KEGG_pathway,map01100
5859,Clo1313_2102,KEGG_pathway,map01212
5860,Clo1313_2103,KEGG_pathway,-
5861,Clo1313_2104,KEGG_pathway,-
5863,Clo1313_2105,KEGG_pathway,map02030
5864,Clo1313_2106,KEGG_pathway,-
5865,Clo1313_2107,KEGG_pathway,-
5866,Clo1313_2108,KEGG_pathway,-
5867,Clo1313_2109,KEGG_pathway,-
5868,Clo1313_2111,KEGG_pathway,-
5869,Clo1313_2112,KEGG_pathway,-
5870,Clo1313_2113,KEGG_pathway,-
5871,Clo1313_2114,KEGG_pathway,-
5872,Clo1313_2115,KEGG_pathway,-
5873,Clo1313_2116,KEGG_pathway,-
5874,Clo1313_2117,KEGG_pathway,-
5875,Clo1313_2118,KEGG_pathway,-
5879,Clo1313_2119,KEGG_pathway,map00520
5880,Clo1313_2119,KEGG_pathway,map00550
5881,Clo1313_2119,KEGG_pathway,map01100
5882,Clo1313_2120,KEGG_pathway,-
5883,Clo1313_2121,KEGG_pathway,-
5884,Clo1313_2123,KEGG_pathway,-
5888,Clo1313_2124,KEGG_pathway,map00740
5889,Clo1313_2124,KEGG_pathway,map01100
5890,Clo1313_2124,KEGG_pathway,map01110
5895,Clo1313_2125,KEGG_pathway,map00740
5896,Clo1313_2125,KEGG_pathway,map00790
5897,Clo1313_2125,KEGG_pathway,map01100
5898,Clo1313_2125,KEGG_pathway,map01110
5902,Clo1313_2126,KEGG_pathway,map00740
5903,Clo1313_2126,KEGG_pathway,map01100
5904,Clo1313_2126,KEGG_pathway,map01110
5909,Clo1313_2127,KEGG_pathway,map00740
5910,Clo1313_2127,KEGG_pathway,map01100
5911,Clo1313_2127,KEGG_pathway,map01110
5912,Clo1313_2127,KEGG_pathway,map02024
5913,Clo1313_2128,KEGG_pathway,-
5914,Clo1313_2129,KEGG_pathway,-
5915,Clo1313_2130,KEGG_pathway,-
5916,Clo1313_2131,KEGG_pathway,-
5923,Clo1313_2132,KEGG_pathway,map00670
5924,Clo1313_2132,KEGG_pathway,map00720
5925,Clo1313_2132,KEGG_pathway,map01100
5926,Clo1313_2132,KEGG_pathway,map01120
5927,Clo1313_2132,KEGG_pathway,map01200
5928,Clo1313_2132,KEGG_pathway,map01523
5929,Clo1313_2133,KEGG_pathway,-
5930,Clo1313_2134,KEGG_pathway,-
5931,Clo1313_2135,KEGG_pathway,-
5934,Clo1313_2136,KEGG_pathway,map00640
5935,Clo1313_2136,KEGG_pathway,map01120
5936,Clo1313_2137,KEGG_pathway,-
5937,Clo1313_2138,KEGG_pathway,-
5938,Clo1313_2139,KEGG_pathway,-
5941,Clo1313_2140,KEGG_pathway,map00550
5942,Clo1313_2140,KEGG_pathway,map01501
5943,Clo1313_2141,KEGG_pathway,-
5944,Clo1313_2142,KEGG_pathway,-
5945,Clo1313_2143,KEGG_pathway,-
5946,Clo1313_2144,KEGG_pathway,-
5947,Clo1313_2145,KEGG_pathway,-
5948,Clo1313_2146,KEGG_pathway,-
5949,Clo1313_2147,KEGG_pathway,-
5950,Clo1313_2148,KEGG_pathway,-
5952,Clo1313_2149,KEGG_pathway,map04112
5959,Clo1313_2150,KEGG_pathway,map00220
5960,Clo1313_2150,KEGG_pathway,map01100
5961,Clo1313_2150,KEGG_pathway,map01110
5962,Clo1313_2150,KEGG_pathway,map01130
5963,Clo1313_2150,KEGG_pathway,map01210
5964,Clo1313_2150,KEGG_pathway,map01230
5967,Clo1313_2151,KEGG_pathway,map02020
5968,Clo1313_2151,KEGG_pathway,map02030
5969,Clo1313_2152,KEGG_pathway,-
5970,Clo1313_2153,KEGG_pathway,-
5971,Clo1313_2154,KEGG_pathway,-
5972,Clo1313_2155,KEGG_pathway,-
5973,Clo1313_2156,KEGG_pathway,-
5974,Clo1313_2159,KEGG_pathway,-
5975,Clo1313_2160,KEGG_pathway,-
5978,Clo1313_2161,KEGG_pathway,map00500
5979,Clo1313_2161,KEGG_pathway,map01100
5981,Clo1313_2162,KEGG_pathway,map00970
5987,Clo1313_2163,KEGG_pathway,map00250
5988,Clo1313_2163,KEGG_pathway,map00460
5989,Clo1313_2163,KEGG_pathway,map01100
5990,Clo1313_2163,KEGG_pathway,map01110
5991,Clo1313_2163,KEGG_pathway,map01230
5992,Clo1313_2164,KEGG_pathway,-
5993,Clo1313_2165,KEGG_pathway,-
5994,Clo1313_2166,KEGG_pathway,-
5995,Clo1313_2167,KEGG_pathway,-
5996,Clo1313_2168,KEGG_pathway,-
5997,Clo1313_2169,KEGG_pathway,-
5998,Clo1313_2170,KEGG_pathway,-
6000,Clo1313_2171,KEGG_pathway,map02010
6001,Clo1313_2172,KEGG_pathway,-
6002,Clo1313_2173,KEGG_pathway,-
6003,Clo1313_2174,KEGG_pathway,-
6005,Clo1313_2175,KEGG_pathway,map05143
6006,Clo1313_2176,KEGG_pathway,-
6007,Clo1313_2177,KEGG_pathway,-
6008,Clo1313_2178,KEGG_pathway,-
6012,Clo1313_2179,KEGG_pathway,map00230
6013,Clo1313_2179,KEGG_pathway,map00240
6014,Clo1313_2179,KEGG_pathway,map01100
6015,Clo1313_2180,KEGG_pathway,-
6016,Clo1313_2181,KEGG_pathway,-
6017,Clo1313_2182,KEGG_pathway,-
6018,Clo1313_2183,KEGG_pathway,-
6019,Clo1313_2184,KEGG_pathway,-
6020,Clo1313_2185,KEGG_pathway,-
6021,Clo1313_2186,KEGG_pathway,-
6022,Clo1313_2187,KEGG_pathway,-
6023,Clo1313_2188,KEGG_pathway,-
6024,Clo1313_2189,KEGG_pathway,-
6025,Clo1313_2190,KEGG_pathway,-
6026,Clo1313_2191,KEGG_pathway,-
6029,Clo1313_2192,KEGG_pathway,map00500
6030,Clo1313_2192,KEGG_pathway,map01100
6033,Clo1313_2193,KEGG_pathway,map02020
6034,Clo1313_2193,KEGG_pathway,map02030
6037,Clo1313_2194,KEGG_pathway,map02020
6038,Clo1313_2194,KEGG_pathway,map02030
6041,Clo1313_2195,KEGG_pathway,map02020
6042,Clo1313_2195,KEGG_pathway,map02030
6045,Clo1313_2196,KEGG_pathway,map02020
6046,Clo1313_2196,KEGG_pathway,map02030
6048,Clo1313_2197,KEGG_pathway,map04141
6050,Clo1313_2198,KEGG_pathway,map00910
6051,Clo1313_2199,KEGG_pathway,-
6052,Clo1313_2200,KEGG_pathway,-
6053,Clo1313_2201,KEGG_pathway,-
6054,Clo1313_2202,KEGG_pathway,-
6055,Clo1313_2203,KEGG_pathway,-
6056,Clo1313_2204,KEGG_pathway,-
6059,Clo1313_2207,KEGG_pathway,map00780
6060,Clo1313_2207,KEGG_pathway,map01100
6063,Clo1313_2208,KEGG_pathway,map00780
6064,Clo1313_2208,KEGG_pathway,map01100
6067,Clo1313_2209,KEGG_pathway,map00780
6068,Clo1313_2209,KEGG_pathway,map01100
6072,Clo1313_2210,KEGG_pathway,map00260
6073,Clo1313_2210,KEGG_pathway,map00780
6074,Clo1313_2210,KEGG_pathway,map01100
6077,Clo1313_2211,KEGG_pathway,map00780
6078,Clo1313_2211,KEGG_pathway,map01100
6081,Clo1313_2212,KEGG_pathway,map00780
6082,Clo1313_2212,KEGG_pathway,map01100
6083,Clo1313_2214,KEGG_pathway,-
6084,Clo1313_2215,KEGG_pathway,-
6085,Clo1313_2216,KEGG_pathway,-
6086,Clo1313_2221,KEGG_pathway,-
6087,Clo1313_2223,KEGG_pathway,-
6088,Clo1313_2224,KEGG_pathway,-
6089,Clo1313_2225,KEGG_pathway,-
6090,Clo1313_2226,KEGG_pathway,-
6091,Clo1313_2228,KEGG_pathway,-
6092,Clo1313_2229,KEGG_pathway,-
6093,Clo1313_2231,KEGG_pathway,-
6094,Clo1313_2232,KEGG_pathway,-
6095,Clo1313_2233,KEGG_pathway,-
6098,Clo1313_2234,KEGG_pathway,map00500
6099,Clo1313_2234,KEGG_pathway,map01100
6100,Clo1313_2235,KEGG_pathway,-
6103,Clo1313_2239,KEGG_pathway,map00240
6104,Clo1313_2239,KEGG_pathway,map01100
6105,Clo1313_2240,KEGG_pathway,-
6106,Clo1313_2241,KEGG_pathway,-
6107,Clo1313_2242,KEGG_pathway,-
6108,Clo1313_2243,KEGG_pathway,-
6109,Clo1313_2244,KEGG_pathway,-
6110,Clo1313_2245,KEGG_pathway,-
6111,Clo1313_2246,KEGG_pathway,-
6112,Clo1313_2247,KEGG_pathway,-
6113,Clo1313_2248,KEGG_pathway,-
6114,Clo1313_2249,KEGG_pathway,-
6117,Clo1313_2250,KEGG_pathway,map02020
6118,Clo1313_2250,KEGG_pathway,map02030
6119,Clo1313_2252,KEGG_pathway,-
6120,Clo1313_2253,KEGG_pathway,-
6121,Clo1313_2254,KEGG_pathway,-
6122,Clo1313_2255,KEGG_pathway,-
6123,Clo1313_2256,KEGG_pathway,-
6124,Clo1313_2257,KEGG_pathway,-
6125,Clo1313_2258,KEGG_pathway,-
6128,Clo1313_2259,KEGG_pathway,map02020
6129,Clo1313_2259,KEGG_pathway,map02030
6130,Clo1313_2260,KEGG_pathway,-
6131,Clo1313_2261,KEGG_pathway,-
6132,Clo1313_2262,KEGG_pathway,-
6133,Clo1313_2263,KEGG_pathway,-
6134,Clo1313_2264,KEGG_pathway,-
6135,Clo1313_2265,KEGG_pathway,-
6136,Clo1313_2266,KEGG_pathway,-
6137,Clo1313_2267,KEGG_pathway,-
6138,Clo1313_2269,KEGG_pathway,-
6139,Clo1313_2270,KEGG_pathway,-
6140,Clo1313_2271,KEGG_pathway,-
6141,Clo1313_2272,KEGG_pathway,-
6142,Clo1313_2273,KEGG_pathway,-
6143,Clo1313_2274,KEGG_pathway,-
6145,Clo1313_2275,KEGG_pathway,map03430
6146,Clo1313_2276,KEGG_pathway,-
6149,Clo1313_2278,KEGG_pathway,map00730
6150,Clo1313_2278,KEGG_pathway,map01100
6151,Clo1313_2280,KEGG_pathway,-
6153,Clo1313_2282,KEGG_pathway,map05100
6154,Clo1313_2283,KEGG_pathway,-
6155,Clo1313_2284,KEGG_pathway,-
6156,Clo1313_2286,KEGG_pathway,-
6157,Clo1313_2288,KEGG_pathway,-
6158,Clo1313_2289,KEGG_pathway,-
6159,Clo1313_2290,KEGG_pathway,-
6160,Clo1313_2291,KEGG_pathway,-
6161,Clo1313_2292,KEGG_pathway,-
6162,Clo1313_2293,KEGG_pathway,-
6163,Clo1313_2294,KEGG_pathway,-
6164,Clo1313_2296,KEGG_pathway,-
6165,Clo1313_2299,KEGG_pathway,-
6166,Clo1313_2300,KEGG_pathway,-
6167,Clo1313_2301,KEGG_pathway,-
6168,Clo1313_2302,KEGG_pathway,-
6180,Clo1313_2303,KEGG_pathway,map00220
6181,Clo1313_2303,KEGG_pathway,map00250
6182,Clo1313_2303,KEGG_pathway,map00630
6183,Clo1313_2303,KEGG_pathway,map00910
6184,Clo1313_2303,KEGG_pathway,map01100
6185,Clo1313_2303,KEGG_pathway,map01120
6186,Clo1313_2303,KEGG_pathway,map01230
6187,Clo1313_2303,KEGG_pathway,map02020
6188,Clo1313_2303,KEGG_pathway,map04217
6189,Clo1313_2303,KEGG_pathway,map04724
6190,Clo1313_2303,KEGG_pathway,map04727
6193,Clo1313_2304,KEGG_pathway,map00970
6194,Clo1313_2304,KEGG_pathway,map01100
6197,Clo1313_2305,KEGG_pathway,map00970
6198,Clo1313_2305,KEGG_pathway,map01100
6201,Clo1313_2306,KEGG_pathway,map00970
6202,Clo1313_2306,KEGG_pathway,map01100
6204,Clo1313_2307,KEGG_pathway,map00970
6205,Clo1313_2309,KEGG_pathway,-
6206,Clo1313_2310,KEGG_pathway,-
6207,Clo1313_2311,KEGG_pathway,-
6212,Clo1313_2312,KEGG_pathway,map00280
6213,Clo1313_2312,KEGG_pathway,map00650
6214,Clo1313_2312,KEGG_pathway,map01100
6215,Clo1313_2312,KEGG_pathway,map01200
6216,Clo1313_2314,KEGG_pathway,-
6217,Clo1313_2318,KEGG_pathway,-
6218,Clo1313_2319,KEGG_pathway,-
6220,Clo1313_2321,KEGG_pathway,map02010
6222,Clo1313_2322,KEGG_pathway,map02010
6224,Clo1313_2323,KEGG_pathway,map02010
6225,Clo1313_2324,KEGG_pathway,-
6233,Clo1313_2325,KEGG_pathway,map00270
6234,Clo1313_2325,KEGG_pathway,map00450
6235,Clo1313_2325,KEGG_pathway,map00920
6236,Clo1313_2325,KEGG_pathway,map01100
6237,Clo1313_2325,KEGG_pathway,map01110
6238,Clo1313_2325,KEGG_pathway,map01130
6239,Clo1313_2325,KEGG_pathway,map01230
6248,Clo1313_2326,KEGG_pathway,map00270
6249,Clo1313_2326,KEGG_pathway,map00920
6250,Clo1313_2326,KEGG_pathway,map01100
6251,Clo1313_2326,KEGG_pathway,map01110
6252,Clo1313_2326,KEGG_pathway,map01120
6253,Clo1313_2326,KEGG_pathway,map01130
6254,Clo1313_2326,KEGG_pathway,map01200
6255,Clo1313_2326,KEGG_pathway,map01230
6256,Clo1313_2327,KEGG_pathway,-
6257,Clo1313_2328,KEGG_pathway,-
6258,Clo1313_2329,KEGG_pathway,-
6259,Clo1313_2330,KEGG_pathway,-
6264,Clo1313_2331,KEGG_pathway,map00625
6265,Clo1313_2331,KEGG_pathway,map00910
6266,Clo1313_2331,KEGG_pathway,map01100
6267,Clo1313_2331,KEGG_pathway,map01120
6272,Clo1313_2332,KEGG_pathway,map00625
6273,Clo1313_2332,KEGG_pathway,map00910
6274,Clo1313_2332,KEGG_pathway,map01100
6275,Clo1313_2332,KEGG_pathway,map01120
6276,Clo1313_2333,KEGG_pathway,-
6277,Clo1313_2334,KEGG_pathway,-
6280,Clo1313_2335,KEGG_pathway,map00270
6281,Clo1313_2335,KEGG_pathway,map01100
6282,Clo1313_2336,KEGG_pathway,-
6283,Clo1313_2337,KEGG_pathway,-
6286,Clo1313_2338,KEGG_pathway,map00920
6287,Clo1313_2338,KEGG_pathway,map02010
6292,Clo1313_2339,KEGG_pathway,map00625
6293,Clo1313_2339,KEGG_pathway,map00910
6294,Clo1313_2339,KEGG_pathway,map01100
6295,Clo1313_2339,KEGG_pathway,map01120
6296,Clo1313_2340,KEGG_pathway,-
6302,Clo1313_2341,KEGG_pathway,map00230
6303,Clo1313_2341,KEGG_pathway,map00240
6304,Clo1313_2341,KEGG_pathway,map00760
6305,Clo1313_2341,KEGG_pathway,map01100
6306,Clo1313_2341,KEGG_pathway,map01110
6307,Clo1313_2342,KEGG_pathway,-
6308,Clo1313_2343,KEGG_pathway,-
6309,Clo1313_2344,KEGG_pathway,-
6310,Clo1313_2345,KEGG_pathway,-
6311,Clo1313_2346,KEGG_pathway,-
6312,Clo1313_2347,KEGG_pathway,-
6316,Clo1313_2348,KEGG_pathway,map00240
6317,Clo1313_2348,KEGG_pathway,map00983
6318,Clo1313_2348,KEGG_pathway,map01100
6320,Clo1313_2349,KEGG_pathway,map00030
6322,Clo1313_2350,KEGG_pathway,map02020
6323,Clo1313_2351,KEGG_pathway,-
6325,Clo1313_2352,KEGG_pathway,map02010
6327,Clo1313_2353,KEGG_pathway,map02010
6329,Clo1313_2354,KEGG_pathway,map02010
6330,Clo1313_2355,KEGG_pathway,-
6331,Clo1313_2356,KEGG_pathway,-
6332,Clo1313_2358,KEGG_pathway,-
6339,Clo1313_2359,KEGG_pathway,map00260
6340,Clo1313_2359,KEGG_pathway,map00561
6341,Clo1313_2359,KEGG_pathway,map00630
6342,Clo1313_2359,KEGG_pathway,map01100
6343,Clo1313_2359,KEGG_pathway,map01120
6344,Clo1313_2359,KEGG_pathway,map01130
6345,Clo1313_2365,KEGG_pathway,-
6346,Clo1313_2366,KEGG_pathway,-
6347,Clo1313_2367,KEGG_pathway,-
6348,Clo1313_2369,KEGG_pathway,-
6349,Clo1313_2370,KEGG_pathway,-
6351,Clo1313_2371,KEGG_pathway,map03410
6352,Clo1313_2372,KEGG_pathway,-
6353,Clo1313_2373,KEGG_pathway,-
6354,Clo1313_2374,KEGG_pathway,-
6355,Clo1313_2375,KEGG_pathway,-
6356,Clo1313_2376,KEGG_pathway,-
6357,Clo1313_2377,KEGG_pathway,-
6358,Clo1313_2378,KEGG_pathway,-
6359,Clo1313_2379,KEGG_pathway,-
6360,Clo1313_2380,KEGG_pathway,-
6361,Clo1313_2381,KEGG_pathway,-
6362,Clo1313_2382,KEGG_pathway,-
6363,Clo1313_2383,KEGG_pathway,-
6364,Clo1313_2384,KEGG_pathway,-
6365,Clo1313_2385,KEGG_pathway,-
6366,Clo1313_2386,KEGG_pathway,-
6367,Clo1313_2387,KEGG_pathway,-
6368,Clo1313_2388,KEGG_pathway,-
6369,Clo1313_2389,KEGG_pathway,-
6370,Clo1313_2390,KEGG_pathway,-
6371,Clo1313_2391,KEGG_pathway,-
6372,Clo1313_2392,KEGG_pathway,-
6373,Clo1313_2393,KEGG_pathway,-
6374,Clo1313_2394,KEGG_pathway,-
6375,Clo1313_2395,KEGG_pathway,-
6378,Clo1313_2396,KEGG_pathway,map04112
6379,Clo1313_2396,KEGG_pathway,map04212
6380,Clo1313_2397,KEGG_pathway,-
6381,Clo1313_2398,KEGG_pathway,-
6382,Clo1313_2399,KEGG_pathway,-
6383,Clo1313_2400,KEGG_pathway,-
6384,Clo1313_2401,KEGG_pathway,-
6385,Clo1313_2402,KEGG_pathway,-
6386,Clo1313_2403,KEGG_pathway,-
6387,Clo1313_2404,KEGG_pathway,-
6388,Clo1313_2405,KEGG_pathway,-
6389,Clo1313_2406,KEGG_pathway,-
6390,Clo1313_2407,KEGG_pathway,-
6391,Clo1313_2408,KEGG_pathway,-
6392,Clo1313_2409,KEGG_pathway,-
6393,Clo1313_2410,KEGG_pathway,-
6394,Clo1313_2411,KEGG_pathway,-
6395,Clo1313_2412,KEGG_pathway,-
6396,Clo1313_2414,KEGG_pathway,-
6397,Clo1313_2415,KEGG_pathway,-
6398,Clo1313_2416,KEGG_pathway,-
6399,Clo1313_2417,KEGG_pathway,-
6400,Clo1313_2418,KEGG_pathway,-
6401,Clo1313_2421,KEGG_pathway,-
6402,Clo1313_2422,KEGG_pathway,-
6403,Clo1313_2425,KEGG_pathway,-
6405,Clo1313_2426,KEGG_pathway,map02010
6407,Clo1313_2427,KEGG_pathway,map02010
6409,Clo1313_2428,KEGG_pathway,map02010
6410,Clo1313_2429,KEGG_pathway,-
6411,Clo1313_2430,KEGG_pathway,-
6412,Clo1313_2431,KEGG_pathway,-
6413,Clo1313_2432,KEGG_pathway,-
6417,Clo1313_2433,KEGG_pathway,map00550
6418,Clo1313_2433,KEGG_pathway,map01100
6419,Clo1313_2433,KEGG_pathway,map01501
6420,Clo1313_2434,KEGG_pathway,-
6421,Clo1313_2435,KEGG_pathway,-
6422,Clo1313_2436,KEGG_pathway,-
6429,Clo1313_2437,KEGG_pathway,map01501
6430,Clo1313_2437,KEGG_pathway,map01503
6431,Clo1313_2437,KEGG_pathway,map02020
6432,Clo1313_2437,KEGG_pathway,map03070
6433,Clo1313_2437,KEGG_pathway,map04626
6434,Clo1313_2437,KEGG_pathway,map05133
6435,Clo1313_2438,KEGG_pathway,-
6441,Clo1313_2439,KEGG_pathway,map00330
6442,Clo1313_2439,KEGG_pathway,map00332
6443,Clo1313_2439,KEGG_pathway,map01100
6444,Clo1313_2439,KEGG_pathway,map01130
6445,Clo1313_2439,KEGG_pathway,map01230
6446,Clo1313_2440,KEGG_pathway,-
6447,Clo1313_2441,KEGG_pathway,-
6448,Clo1313_2442,KEGG_pathway,-
6449,Clo1313_2443,KEGG_pathway,-
6450,Clo1313_2444,KEGG_pathway,-
6451,Clo1313_2445,KEGG_pathway,-
6452,Clo1313_2446,KEGG_pathway,-
6453,Clo1313_2447,KEGG_pathway,-
6454,Clo1313_2448,KEGG_pathway,-
6455,Clo1313_2449,KEGG_pathway,-
6456,Clo1313_2450,KEGG_pathway,-
6457,Clo1313_2451,KEGG_pathway,-
6458,Clo1313_2452,KEGG_pathway,-
6459,Clo1313_2453,KEGG_pathway,-
6461,Clo1313_2455,KEGG_pathway,map03010
6463,Clo1313_2456,KEGG_pathway,map03010
6464,Clo1313_2457,KEGG_pathway,-
6465,Clo1313_2458,KEGG_pathway,-
6466,Clo1313_2459,KEGG_pathway,-
6467,Clo1313_2460,KEGG_pathway,-
6468,Clo1313_2461,KEGG_pathway,-
6470,Clo1313_2462,KEGG_pathway,map01100
6471,Clo1313_2463,KEGG_pathway,-
6472,Clo1313_2464,KEGG_pathway,-
6473,Clo1313_2465,KEGG_pathway,-
6474,Clo1313_2467,KEGG_pathway,-
6480,Clo1313_2468,KEGG_pathway,map00400
6481,Clo1313_2468,KEGG_pathway,map01100
6482,Clo1313_2468,KEGG_pathway,map01110
6483,Clo1313_2468,KEGG_pathway,map01130
6484,Clo1313_2468,KEGG_pathway,map01230
6491,Clo1313_2469,KEGG_pathway,map00400
6492,Clo1313_2469,KEGG_pathway,map00401
6493,Clo1313_2469,KEGG_pathway,map01100
6494,Clo1313_2469,KEGG_pathway,map01110
6495,Clo1313_2469,KEGG_pathway,map01130
6496,Clo1313_2469,KEGG_pathway,map01230
6502,Clo1313_2470,KEGG_pathway,map00400
6503,Clo1313_2470,KEGG_pathway,map01100
6504,Clo1313_2470,KEGG_pathway,map01110
6505,Clo1313_2470,KEGG_pathway,map01130
6506,Clo1313_2470,KEGG_pathway,map01230
6507,Clo1313_2471,KEGG_pathway,-
6508,Clo1313_2472,KEGG_pathway,-
6509,Clo1313_2473,KEGG_pathway,-
6511,Clo1313_2474,KEGG_pathway,map02010
6513,Clo1313_2475,KEGG_pathway,map02010
6515,Clo1313_2476,KEGG_pathway,map02010
6517,Clo1313_2477,KEGG_pathway,map01503
6518,Clo1313_2478,KEGG_pathway,-
6519,Clo1313_2479,KEGG_pathway,-
6520,Clo1313_2481,KEGG_pathway,-
6521,Clo1313_2482,KEGG_pathway,-
6522,Clo1313_2483,KEGG_pathway,-
6524,Clo1313_2484,KEGG_pathway,map01501
6526,Clo1313_2485,KEGG_pathway,map01501
6527,Clo1313_2486,KEGG_pathway,-
6528,Clo1313_2487,KEGG_pathway,-
6529,Clo1313_2488,KEGG_pathway,-
6536,Clo1313_2490,KEGG_pathway,map00220
6537,Clo1313_2490,KEGG_pathway,map00230
6538,Clo1313_2490,KEGG_pathway,map00791
6539,Clo1313_2490,KEGG_pathway,map01100
6540,Clo1313_2490,KEGG_pathway,map01120
6541,Clo1313_2490,KEGG_pathway,map05120
6548,Clo1313_2491,KEGG_pathway,map00220
6549,Clo1313_2491,KEGG_pathway,map00230
6550,Clo1313_2491,KEGG_pathway,map00791
6551,Clo1313_2491,KEGG_pathway,map01100
6552,Clo1313_2491,KEGG_pathway,map01120
6553,Clo1313_2491,KEGG_pathway,map05120
6559,Clo1313_2492,KEGG_pathway,map00220
6560,Clo1313_2492,KEGG_pathway,map00230
6561,Clo1313_2492,KEGG_pathway,map00791
6562,Clo1313_2492,KEGG_pathway,map01100
6563,Clo1313_2492,KEGG_pathway,map01120
6566,Clo1313_2493,KEGG_pathway,map02010
6567,Clo1313_2493,KEGG_pathway,map02024
6569,Clo1313_2494,KEGG_pathway,map02010
6572,Clo1313_2495,KEGG_pathway,map02010
6573,Clo1313_2495,KEGG_pathway,map02024
6576,Clo1313_2496,KEGG_pathway,map02010
6577,Clo1313_2496,KEGG_pathway,map02024
6580,Clo1313_2497,KEGG_pathway,map02010
6581,Clo1313_2497,KEGG_pathway,map02024
6583,Clo1313_2498,KEGG_pathway,map02020
6584,Clo1313_2499,KEGG_pathway,-
6585,Clo1313_2500,KEGG_pathway,-
6586,Clo1313_2502,KEGG_pathway,-
6587,Clo1313_2506,KEGG_pathway,-
6588,Clo1313_2507,KEGG_pathway,-
6589,Clo1313_2508,KEGG_pathway,-
6590,Clo1313_2509,KEGG_pathway,-
6591,Clo1313_2510,KEGG_pathway,-
6592,Clo1313_2515,KEGG_pathway,-
6593,Clo1313_2516,KEGG_pathway,-
6594,Clo1313_2518,KEGG_pathway,-
6595,Clo1313_2519,KEGG_pathway,-
6596,Clo1313_2521,KEGG_pathway,-
6597,Clo1313_2522,KEGG_pathway,-
6598,Clo1313_2523,KEGG_pathway,-
6599,Clo1313_2524,KEGG_pathway,-
6601,Clo1313_2525,KEGG_pathway,map01503
6603,Clo1313_2526,KEGG_pathway,map02010
6604,Clo1313_2528,KEGG_pathway,-
6605,Clo1313_2529,KEGG_pathway,-
6606,Clo1313_2530,KEGG_pathway,-
6609,Clo1313_2531,KEGG_pathway,map00780
6610,Clo1313_2531,KEGG_pathway,map01100
6619,Clo1313_2532,KEGG_pathway,map00270
6620,Clo1313_2532,KEGG_pathway,map00920
6621,Clo1313_2532,KEGG_pathway,map01100
6622,Clo1313_2532,KEGG_pathway,map01110
6623,Clo1313_2532,KEGG_pathway,map01120
6624,Clo1313_2532,KEGG_pathway,map01130
6625,Clo1313_2532,KEGG_pathway,map01200
6626,Clo1313_2532,KEGG_pathway,map01230
6627,Clo1313_2533,KEGG_pathway,-
6630,Clo1313_2534,KEGG_pathway,map00270
6631,Clo1313_2534,KEGG_pathway,map01100
6632,Clo1313_2535,KEGG_pathway,-
6633,Clo1313_2536,KEGG_pathway,-
6639,Clo1313_2537,KEGG_pathway,map00270
6640,Clo1313_2537,KEGG_pathway,map00920
6641,Clo1313_2537,KEGG_pathway,map01100
6642,Clo1313_2537,KEGG_pathway,map01110
6643,Clo1313_2537,KEGG_pathway,map01230
6644,Clo1313_2538,KEGG_pathway,-
6645,Clo1313_2539,KEGG_pathway,-
6648,Clo1313_2540,KEGG_pathway,map01524
6649,Clo1313_2540,KEGG_pathway,map04016
6650,Clo1313_2541,KEGG_pathway,-
6651,Clo1313_2542,KEGG_pathway,-
6652,Clo1313_2543,KEGG_pathway,-
6653,Clo1313_2544,KEGG_pathway,-
6654,Clo1313_2545,KEGG_pathway,-
6655,Clo1313_2546,KEGG_pathway,-
6656,Clo1313_2547,KEGG_pathway,-
6657,Clo1313_2548,KEGG_pathway,-
6658,Clo1313_2549,KEGG_pathway,-
6659,Clo1313_2550,KEGG_pathway,-
6661,Clo1313_2551,KEGG_pathway,map02010
6663,Clo1313_2552,KEGG_pathway,map02010
6664,Clo1313_2553,KEGG_pathway,-
6666,Clo1313_2554,KEGG_pathway,map02010
6673,Clo1313_2555,KEGG_pathway,map00220
6674,Clo1313_2555,KEGG_pathway,map01100
6675,Clo1313_2555,KEGG_pathway,map01110
6676,Clo1313_2555,KEGG_pathway,map01130
6677,Clo1313_2555,KEGG_pathway,map01210
6678,Clo1313_2555,KEGG_pathway,map01230
6685,Clo1313_2556,KEGG_pathway,map00220
6686,Clo1313_2556,KEGG_pathway,map01100
6687,Clo1313_2556,KEGG_pathway,map01110
6688,Clo1313_2556,KEGG_pathway,map01130
6689,Clo1313_2556,KEGG_pathway,map01210
6690,Clo1313_2556,KEGG_pathway,map01230
6691,Clo1313_2557,KEGG_pathway,-
6700,Clo1313_2558,KEGG_pathway,map00220
6701,Clo1313_2558,KEGG_pathway,map00300
6702,Clo1313_2558,KEGG_pathway,map01100
6703,Clo1313_2558,KEGG_pathway,map01110
6704,Clo1313_2558,KEGG_pathway,map01120
6705,Clo1313_2558,KEGG_pathway,map01130
6706,Clo1313_2558,KEGG_pathway,map01210
6707,Clo1313_2558,KEGG_pathway,map01230
6711,Clo1313_2559,KEGG_pathway,map00240
6712,Clo1313_2559,KEGG_pathway,map00250
6713,Clo1313_2559,KEGG_pathway,map01100
6717,Clo1313_2560,KEGG_pathway,map00240
6718,Clo1313_2560,KEGG_pathway,map00250
6719,Clo1313_2560,KEGG_pathway,map01100
6725,Clo1313_2561,KEGG_pathway,map00220
6726,Clo1313_2561,KEGG_pathway,map01100
6727,Clo1313_2561,KEGG_pathway,map01110
6728,Clo1313_2561,KEGG_pathway,map01130
6729,Clo1313_2561,KEGG_pathway,map01230
6730,Clo1313_2562,KEGG_pathway,-
6731,Clo1313_2563,KEGG_pathway,-
6732,Clo1313_2564,KEGG_pathway,-
6733,Clo1313_2565,KEGG_pathway,-
6734,Clo1313_2567,KEGG_pathway,-
6735,Clo1313_2568,KEGG_pathway,-
6736,Clo1313_2569,KEGG_pathway,-
6737,Clo1313_2570,KEGG_pathway,-
6742,Clo1313_2572,KEGG_pathway,map00550
6743,Clo1313_2572,KEGG_pathway,map01100
6744,Clo1313_2572,KEGG_pathway,map01502
6745,Clo1313_2572,KEGG_pathway,map02020
6746,Clo1313_2574,KEGG_pathway,-
6753,Clo1313_2575,KEGG_pathway,map00260
6754,Clo1313_2575,KEGG_pathway,map00750
6755,Clo1313_2575,KEGG_pathway,map01100
6756,Clo1313_2575,KEGG_pathway,map01110
6757,Clo1313_2575,KEGG_pathway,map01120
6758,Clo1313_2575,KEGG_pathway,map01230
6759,Clo1313_2576,KEGG_pathway,-
6760,Clo1313_2577,KEGG_pathway,-
6761,Clo1313_2578,KEGG_pathway,-
6762,Clo1313_2579,KEGG_pathway,-
6763,Clo1313_2580,KEGG_pathway,-
6764,Clo1313_2581,KEGG_pathway,-
6765,Clo1313_2582,KEGG_pathway,-
6766,Clo1313_2583,KEGG_pathway,-
6767,Clo1313_2584,KEGG_pathway,-
6768,Clo1313_2585,KEGG_pathway,-
6769,Clo1313_2586,KEGG_pathway,-
6770,Clo1313_2587,KEGG_pathway,-
6771,Clo1313_2588,KEGG_pathway,-
6772,Clo1313_2589,KEGG_pathway,-
6773,Clo1313_2590,KEGG_pathway,-
6774,Clo1313_2591,KEGG_pathway,-
6777,Clo1313_2592,KEGG_pathway,map00330
6778,Clo1313_2592,KEGG_pathway,map01100
6779,Clo1313_2593,KEGG_pathway,-
6780,Clo1313_2594,KEGG_pathway,-
6781,Clo1313_2595,KEGG_pathway,-
6782,Clo1313_2596,KEGG_pathway,-
6785,Clo1313_2597,KEGG_pathway,map00240
6786,Clo1313_2597,KEGG_pathway,map01100
6787,Clo1313_2599,KEGG_pathway,-
6788,Clo1313_2600,KEGG_pathway,-
6789,Clo1313_2601,KEGG_pathway,-
6790,Clo1313_2602,KEGG_pathway,-
6791,Clo1313_2603,KEGG_pathway,-
6792,Clo1313_2604,KEGG_pathway,-
6793,Clo1313_2605,KEGG_pathway,-
6795,Clo1313_2606,KEGG_pathway,map00970
6796,Clo1313_2607,KEGG_pathway,-
6799,Clo1313_2608,KEGG_pathway,map00471
6800,Clo1313_2608,KEGG_pathway,map01100
6805,Clo1313_2609,KEGG_pathway,map00473
6806,Clo1313_2609,KEGG_pathway,map00550
6807,Clo1313_2609,KEGG_pathway,map01100
6808,Clo1313_2609,KEGG_pathway,map01502
6809,Clo1313_2610,KEGG_pathway,-
6810,Clo1313_2612,KEGG_pathway,-
6811,Clo1313_2613,KEGG_pathway,-
6812,Clo1313_2614,KEGG_pathway,-
6814,Clo1313_2615,KEGG_pathway,map00030
6815,Clo1313_2616,KEGG_pathway,-
6817,Clo1313_2617,KEGG_pathway,map00450
6819,Clo1313_2618,KEGG_pathway,map00450
6820,Clo1313_2619,KEGG_pathway,-
6821,Clo1313_2620,KEGG_pathway,-
6822,Clo1313_2621,KEGG_pathway,-
6823,Clo1313_2622,KEGG_pathway,-
6824,Clo1313_2623,KEGG_pathway,-
6825,Clo1313_2624,KEGG_pathway,-
6826,Clo1313_2625,KEGG_pathway,-
6827,Clo1313_2626,KEGG_pathway,-
6831,Clo1313_2627,KEGG_pathway,map00051
6832,Clo1313_2627,KEGG_pathway,map00052
6833,Clo1313_2627,KEGG_pathway,map01100
6834,Clo1313_2628,KEGG_pathway,-
6835,Clo1313_2629,KEGG_pathway,-
6836,Clo1313_2630,KEGG_pathway,-
6837,Clo1313_2631,KEGG_pathway,-
6838,Clo1313_2632,KEGG_pathway,-
6844,Clo1313_2633,KEGG_pathway,map00051
6845,Clo1313_2633,KEGG_pathway,map00520
6846,Clo1313_2633,KEGG_pathway,map01100
6847,Clo1313_2633,KEGG_pathway,map01110
6848,Clo1313_2633,KEGG_pathway,map01130
6849,Clo1313_2634,KEGG_pathway,-
6850,Clo1313_2635,KEGG_pathway,-
6851,Clo1313_2637,KEGG_pathway,-
6853,Clo1313_2638,KEGG_pathway,map04214
6854,Clo1313_2640,KEGG_pathway,-
6855,Clo1313_2641,KEGG_pathway,-
6856,Clo1313_2642,KEGG_pathway,-
6857,Clo1313_2643,KEGG_pathway,-
6858,Clo1313_2644,KEGG_pathway,-
6859,Clo1313_2645,KEGG_pathway,-
6860,Clo1313_2646,KEGG_pathway,-
6861,Clo1313_2647,KEGG_pathway,-
6862,Clo1313_2648,KEGG_pathway,-
6863,Clo1313_2649,KEGG_pathway,-
6864,Clo1313_2650,KEGG_pathway,-
6865,Clo1313_2651,KEGG_pathway,-
6866,Clo1313_2653,KEGG_pathway,-
6867,Clo1313_2657,KEGG_pathway,-
6868,Clo1313_2659,KEGG_pathway,-
6869,Clo1313_2660,KEGG_pathway,-
6870,Clo1313_2663,KEGG_pathway,-
6871,Clo1313_2664,KEGG_pathway,-
6872,Clo1313_2665,KEGG_pathway,-
6873,Clo1313_2666,KEGG_pathway,-
6874,Clo1313_2667,KEGG_pathway,-
6875,Clo1313_2670,KEGG_pathway,-
6876,Clo1313_2671,KEGG_pathway,-
6877,Clo1313_2672,KEGG_pathway,-
6878,Clo1313_2675,KEGG_pathway,-
6879,Clo1313_2677,KEGG_pathway,-
6880,Clo1313_2678,KEGG_pathway,-
6881,Clo1313_2680,KEGG_pathway,-
6882,Clo1313_2683,KEGG_pathway,-
6883,Clo1313_2684,KEGG_pathway,-
6884,Clo1313_2686,KEGG_pathway,-
6885,Clo1313_2687,KEGG_pathway,-
6886,Clo1313_2688,KEGG_pathway,-
6887,Clo1313_2689,KEGG_pathway,-
6888,Clo1313_2691,KEGG_pathway,-
6889,Clo1313_2693,KEGG_pathway,-
6890,Clo1313_2694,KEGG_pathway,-
6891,Clo1313_2695,KEGG_pathway,-
6892,Clo1313_2696,KEGG_pathway,-
6893,Clo1313_2698,KEGG_pathway,-
6894,Clo1313_2700,KEGG_pathway,-
6895,Clo1313_2702,KEGG_pathway,-
6896,Clo1313_2704,KEGG_pathway,-
6897,Clo1313_2705,KEGG_pathway,-
6898,Clo1313_2706,KEGG_pathway,-
6899,Clo1313_2707,KEGG_pathway,-
6900,Clo1313_2708,KEGG_pathway,-
6901,Clo1313_2709,KEGG_pathway,-
6902,Clo1313_2710,KEGG_pathway,-
6903,Clo1313_2711,KEGG_pathway,-
6904,Clo1313_2712,KEGG_pathway,-
6905,Clo1313_2713,KEGG_pathway,-
6906,Clo1313_2714,KEGG_pathway,-
6907,Clo1313_2715,KEGG_pathway,-
6908,Clo1313_2716,KEGG_pathway,-
6909,Clo1313_2718,KEGG_pathway,-
6910,Clo1313_2719,KEGG_pathway,-
6911,Clo1313_2720,KEGG_pathway,-
6912,Clo1313_2721,KEGG_pathway,-
6913,Clo1313_2722,KEGG_pathway,-
6915,Clo1313_2723,KEGG_pathway,map00970
6924,Clo1313_2724,KEGG_pathway,map00270
6925,Clo1313_2724,KEGG_pathway,map00920
6926,Clo1313_2724,KEGG_pathway,map01100
6927,Clo1313_2724,KEGG_pathway,map01110
6928,Clo1313_2724,KEGG_pathway,map01120
6929,Clo1313_2724,KEGG_pathway,map01200
6930,Clo1313_2724,KEGG_pathway,map01230
6931,Clo1313_2724,KEGG_pathway,map05111
6932,Clo1313_2725,KEGG_pathway,-
6934,Clo1313_2726,KEGG_pathway,map03410
6935,Clo1313_2727,KEGG_pathway,-
6936,Clo1313_2728,KEGG_pathway,-
6937,Clo1313_2729,KEGG_pathway,-
6938,Clo1313_2730,KEGG_pathway,-
6939,Clo1313_2731,KEGG_pathway,-
6940,Clo1313_2732,KEGG_pathway,-
6941,Clo1313_2733,KEGG_pathway,-
6942,Clo1313_2734,KEGG_pathway,-
6943,Clo1313_2735,KEGG_pathway,-
6944,Clo1313_2736,KEGG_pathway,-
6945,Clo1313_2737,KEGG_pathway,-
6948,Clo1313_2738,KEGG_pathway,map02024
6949,Clo1313_2738,KEGG_pathway,map03060
6950,Clo1313_2739,KEGG_pathway,-
6951,Clo1313_2740,KEGG_pathway,-
6952,Clo1313_2741,KEGG_pathway,-
6953,Clo1313_2742,KEGG_pathway,-
6957,Clo1313_2743,KEGG_pathway,map00240
6958,Clo1313_2743,KEGG_pathway,map00983
6959,Clo1313_2743,KEGG_pathway,map01100
6961,Clo1313_2744,KEGG_pathway,map05120
6962,Clo1313_2745,KEGG_pathway,-
6963,Clo1313_2746,KEGG_pathway,-
6966,Clo1313_2747,KEGG_pathway,map00500
6967,Clo1313_2747,KEGG_pathway,map01100
6968,Clo1313_2748,KEGG_pathway,-
6969,Clo1313_2749,KEGG_pathway,-
6970,Clo1313_2750,KEGG_pathway,-
6971,Clo1313_2751,KEGG_pathway,-
6972,Clo1313_2753,KEGG_pathway,-
6975,Clo1313_2754,KEGG_pathway,map00450
6976,Clo1313_2754,KEGG_pathway,map00970
6977,Clo1313_2755,KEGG_pathway,-
6978,Clo1313_2756,KEGG_pathway,-
6979,Clo1313_2757,KEGG_pathway,-
6980,Clo1313_2758,KEGG_pathway,-
6981,Clo1313_2759,KEGG_pathway,-
6982,Clo1313_2760,KEGG_pathway,-
6983,Clo1313_2761,KEGG_pathway,-
6984,Clo1313_2762,KEGG_pathway,-
6991,Clo1313_2763,KEGG_pathway,map00230
6992,Clo1313_2763,KEGG_pathway,map00240
6993,Clo1313_2763,KEGG_pathway,map01100
6994,Clo1313_2763,KEGG_pathway,map03030
6995,Clo1313_2763,KEGG_pathway,map03430
6996,Clo1313_2763,KEGG_pathway,map03440
6997,Clo1313_2764,KEGG_pathway,-
7000,Clo1313_2765,KEGG_pathway,map00240
7001,Clo1313_2765,KEGG_pathway,map01100
7007,Clo1313_2766,KEGG_pathway,map00310
7008,Clo1313_2766,KEGG_pathway,map00330
7009,Clo1313_2766,KEGG_pathway,map00960
7010,Clo1313_2766,KEGG_pathway,map01100
7011,Clo1313_2766,KEGG_pathway,map01110
7012,Clo1313_2767,KEGG_pathway,-
7013,Clo1313_2768,KEGG_pathway,-
7014,Clo1313_2769,KEGG_pathway,-
7015,Clo1313_2770,KEGG_pathway,-
7016,Clo1313_2771,KEGG_pathway,-
7017,Clo1313_2772,KEGG_pathway,-
7018,Clo1313_2773,KEGG_pathway,-
7019,Clo1313_2774,KEGG_pathway,-
7020,Clo1313_2775,KEGG_pathway,-
7021,Clo1313_2776,KEGG_pathway,-
7022,Clo1313_2777,KEGG_pathway,-
7023,Clo1313_2778,KEGG_pathway,-
7024,Clo1313_2779,KEGG_pathway,-
7025,Clo1313_2781,KEGG_pathway,-
7026,Clo1313_2782,KEGG_pathway,-
7027,Clo1313_2783,KEGG_pathway,-
7028,Clo1313_2784,KEGG_pathway,-
7029,Clo1313_2785,KEGG_pathway,-
7030,Clo1313_2786,KEGG_pathway,-
7031,Clo1313_2788,KEGG_pathway,-
7032,Clo1313_2789,KEGG_pathway,-
7033,Clo1313_2790,KEGG_pathway,-
7034,Clo1313_2791,KEGG_pathway,-
7043,Clo1313_2793,KEGG_pathway,map00052
7044,Clo1313_2793,KEGG_pathway,map00440
7045,Clo1313_2793,KEGG_pathway,map00561
7046,Clo1313_2793,KEGG_pathway,map00600
7047,Clo1313_2793,KEGG_pathway,map00603
7048,Clo1313_2793,KEGG_pathway,map01100
7049,Clo1313_2793,KEGG_pathway,map01120
7050,Clo1313_2793,KEGG_pathway,map01130
7051,Clo1313_2794,KEGG_pathway,-
7052,Clo1313_2795,KEGG_pathway,-
7053,Clo1313_2796,KEGG_pathway,-
7054,Clo1313_2797,KEGG_pathway,-
7056,Clo1313_2798,KEGG_pathway,map00230
7058,Clo1313_2800,KEGG_pathway,map03440
7059,Clo1313_2801,KEGG_pathway,-
7066,Clo1313_2802,KEGG_pathway,map00230
7067,Clo1313_2802,KEGG_pathway,map00240
7068,Clo1313_2802,KEGG_pathway,map01100
7069,Clo1313_2802,KEGG_pathway,map03030
7070,Clo1313_2802,KEGG_pathway,map03430
7071,Clo1313_2802,KEGG_pathway,map03440
7074,Clo1313_2804,KEGG_pathway,map00051
7075,Clo1313_2804,KEGG_pathway,map02024
7078,Clo1313_2805,KEGG_pathway,map00500
7079,Clo1313_2805,KEGG_pathway,map01100
7080,Clo1313_2806,KEGG_pathway,-
7081,Clo1313_2807,KEGG_pathway,-
7085,Clo1313_2808,KEGG_pathway,map00514
7086,Clo1313_2808,KEGG_pathway,map00515
7087,Clo1313_2808,KEGG_pathway,map01100
7088,Clo1313_2809,KEGG_pathway,-
7089,Clo1313_2810,KEGG_pathway,-
7090,Clo1313_2811,KEGG_pathway,-
7091,Clo1313_2812,KEGG_pathway,-
7092,Clo1313_2813,KEGG_pathway,-
7093,Clo1313_2815,KEGG_pathway,-
7094,Clo1313_2816,KEGG_pathway,-
7095,Clo1313_2817,KEGG_pathway,-
7098,Clo1313_2818,KEGG_pathway,map02020
7099,Clo1313_2818,KEGG_pathway,map02024
7100,Clo1313_2819,KEGG_pathway,-
7101,Clo1313_2820,KEGG_pathway,-
7102,Clo1313_2821,KEGG_pathway,-
7103,Clo1313_2822,KEGG_pathway,-
7104,Clo1313_2823,KEGG_pathway,-
7105,Clo1313_2824,KEGG_pathway,-
7106,Clo1313_2825,KEGG_pathway,-
7107,Clo1313_2826,KEGG_pathway,-
7108,Clo1313_2827,KEGG_pathway,-
7109,Clo1313_2828,KEGG_pathway,-
7110,Clo1313_2829,KEGG_pathway,-
7111,Clo1313_2830,KEGG_pathway,-
7113,Clo1313_2831,KEGG_pathway,map03010
7115,Clo1313_2832,KEGG_pathway,map03018
7116,Clo1313_2834,KEGG_pathway,-
7117,Clo1313_2835,KEGG_pathway,-
7118,Clo1313_2837,KEGG_pathway,-
7119,Clo1313_2840,KEGG_pathway,-
7122,Clo1313_2842,KEGG_pathway,map00040
7123,Clo1313_2842,KEGG_pathway,map02024
7126,Clo1313_2843,KEGG_pathway,map00040
7127,Clo1313_2843,KEGG_pathway,map02024
7128,Clo1313_2844,KEGG_pathway,-
7129,Clo1313_2845,KEGG_pathway,-
7130,Clo1313_2846,KEGG_pathway,-
7137,Clo1313_2847,KEGG_pathway,map00040
7138,Clo1313_2847,KEGG_pathway,map00052
7139,Clo1313_2847,KEGG_pathway,map00500
7140,Clo1313_2847,KEGG_pathway,map00520
7141,Clo1313_2847,KEGG_pathway,map01100
7142,Clo1313_2847,KEGG_pathway,map01130
7143,Clo1313_2848,KEGG_pathway,-
7145,Clo1313_2849,KEGG_pathway,map03010
7149,Clo1313_2850,KEGG_pathway,map03030
7150,Clo1313_2850,KEGG_pathway,map03430
7151,Clo1313_2850,KEGG_pathway,map03440
7153,Clo1313_2851,KEGG_pathway,map03010
7154,Clo1313_2852,KEGG_pathway,-
7157,Clo1313_2853,KEGG_pathway,map00520
7158,Clo1313_2853,KEGG_pathway,map01130
7162,Clo1313_2854,KEGG_pathway,map00500
7163,Clo1313_2854,KEGG_pathway,map01100
7164,Clo1313_2854,KEGG_pathway,map01110
7165,Clo1313_2856,KEGG_pathway,-
7166,Clo1313_2857,KEGG_pathway,-
7167,Clo1313_2858,KEGG_pathway,-
7168,Clo1313_2859,KEGG_pathway,-
7170,Clo1313_2860,KEGG_pathway,map00520
7175,Clo1313_2861,KEGG_pathway,map00052
7176,Clo1313_2861,KEGG_pathway,map00511
7177,Clo1313_2861,KEGG_pathway,map00600
7178,Clo1313_2861,KEGG_pathway,map01100
7179,Clo1313_2862,KEGG_pathway,-
7180,Clo1313_2863,KEGG_pathway,-
7181,Clo1313_2864,KEGG_pathway,-
7182,Clo1313_2865,KEGG_pathway,-
7183,Clo1313_2866,KEGG_pathway,-
7185,Clo1313_2867,KEGG_pathway,map02020
7187,Clo1313_2868,KEGG_pathway,map02020
7188,Clo1313_2873,KEGG_pathway,-
7189,Clo1313_2875,KEGG_pathway,-
7192,Clo1313_2876,KEGG_pathway,map00790
7193,Clo1313_2876,KEGG_pathway,map01100
7194,Clo1313_2877,KEGG_pathway,-
7195,Clo1313_2878,KEGG_pathway,-
7196,Clo1313_2879,KEGG_pathway,-
7197,Clo1313_2880,KEGG_pathway,-
7198,Clo1313_2881,KEGG_pathway,-
7205,Clo1313_2882,KEGG_pathway,map00290
7206,Clo1313_2882,KEGG_pathway,map00660
7207,Clo1313_2882,KEGG_pathway,map01100
7208,Clo1313_2882,KEGG_pathway,map01110
7209,Clo1313_2882,KEGG_pathway,map01210
7210,Clo1313_2882,KEGG_pathway,map01230
7217,Clo1313_2883,KEGG_pathway,map00290
7218,Clo1313_2883,KEGG_pathway,map00660
7219,Clo1313_2883,KEGG_pathway,map01100
7220,Clo1313_2883,KEGG_pathway,map01110
7221,Clo1313_2883,KEGG_pathway,map01210
7222,Clo1313_2883,KEGG_pathway,map01230
7232,Clo1313_2884,KEGG_pathway,map00290
7233,Clo1313_2884,KEGG_pathway,map00660
7234,Clo1313_2884,KEGG_pathway,map00760
7235,Clo1313_2884,KEGG_pathway,map00966
7236,Clo1313_2884,KEGG_pathway,map01100
7237,Clo1313_2884,KEGG_pathway,map01110
7238,Clo1313_2884,KEGG_pathway,map01120
7239,Clo1313_2884,KEGG_pathway,map01210
7240,Clo1313_2884,KEGG_pathway,map01230
7241,Clo1313_2885,KEGG_pathway,-
7242,Clo1313_2886,KEGG_pathway,-
7243,Clo1313_2887,KEGG_pathway,-
7244,Clo1313_2888,KEGG_pathway,-
7245,Clo1313_2889,KEGG_pathway,-
7247,Clo1313_2890,KEGG_pathway,map02040
7249,Clo1313_2891,KEGG_pathway,map02040
7250,Clo1313_2892,KEGG_pathway,-
7259,Clo1313_2893,KEGG_pathway,map00052
7260,Clo1313_2893,KEGG_pathway,map00520
7261,Clo1313_2893,KEGG_pathway,map00521
7262,Clo1313_2893,KEGG_pathway,map00523
7263,Clo1313_2893,KEGG_pathway,map00525
7264,Clo1313_2893,KEGG_pathway,map01055
7265,Clo1313_2893,KEGG_pathway,map01100
7266,Clo1313_2893,KEGG_pathway,map01130
7267,Clo1313_2894,KEGG_pathway,-
7269,Clo1313_2895,KEGG_pathway,map00520
7270,Clo1313_2896,KEGG_pathway,-
7273,Clo1313_2897,KEGG_pathway,map00670
7274,Clo1313_2897,KEGG_pathway,map00970
7282,Clo1313_2898,KEGG_pathway,map00280
7283,Clo1313_2898,KEGG_pathway,map00630
7284,Clo1313_2898,KEGG_pathway,map00640
7285,Clo1313_2898,KEGG_pathway,map00720
7286,Clo1313_2898,KEGG_pathway,map01100
7287,Clo1313_2898,KEGG_pathway,map01120
7288,Clo1313_2898,KEGG_pathway,map01200
7289,Clo1313_2899,KEGG_pathway,-
7290,Clo1313_2900,KEGG_pathway,-
7292,Clo1313_2901,KEGG_pathway,map00520
7295,Clo1313_2902,KEGG_pathway,map00520
7296,Clo1313_2902,KEGG_pathway,map01100
7297,Clo1313_2903,KEGG_pathway,-
7298,Clo1313_2904,KEGG_pathway,-
7302,Clo1313_2905,KEGG_pathway,map00052
7303,Clo1313_2905,KEGG_pathway,map00520
7304,Clo1313_2905,KEGG_pathway,map01100
7305,Clo1313_2906,KEGG_pathway,-
7306,Clo1313_2907,KEGG_pathway,-
7307,Clo1313_2908,KEGG_pathway,-
7314,Clo1313_2909,KEGG_pathway,map02020
7315,Clo1313_2909,KEGG_pathway,map02040
7316,Clo1313_2909,KEGG_pathway,map04621
7317,Clo1313_2909,KEGG_pathway,map04626
7318,Clo1313_2909,KEGG_pathway,map05132
7319,Clo1313_2909,KEGG_pathway,map05134
7326,Clo1313_2910,KEGG_pathway,map02020
7327,Clo1313_2910,KEGG_pathway,map02040
7328,Clo1313_2910,KEGG_pathway,map04621
7329,Clo1313_2910,KEGG_pathway,map04626
7330,Clo1313_2910,KEGG_pathway,map05132
7331,Clo1313_2910,KEGG_pathway,map05134
7350,Clo1313_2911,KEGG_pathway,map00010
7351,Clo1313_2911,KEGG_pathway,map00053
7352,Clo1313_2911,KEGG_pathway,map00071
7353,Clo1313_2911,KEGG_pathway,map00280
7354,Clo1313_2911,KEGG_pathway,map00310
7355,Clo1313_2911,KEGG_pathway,map00330
7356,Clo1313_2911,KEGG_pathway,map00340
7357,Clo1313_2911,KEGG_pathway,map00380
7358,Clo1313_2911,KEGG_pathway,map00410
7359,Clo1313_2911,KEGG_pathway,map00561
7360,Clo1313_2911,KEGG_pathway,map00620
7361,Clo1313_2911,KEGG_pathway,map00625
7362,Clo1313_2911,KEGG_pathway,map00903
7363,Clo1313_2911,KEGG_pathway,map00981
7364,Clo1313_2911,KEGG_pathway,map01100
7365,Clo1313_2911,KEGG_pathway,map01110
7366,Clo1313_2911,KEGG_pathway,map01120
7367,Clo1313_2911,KEGG_pathway,map01130
7372,Clo1313_2912,KEGG_pathway,map02020
7373,Clo1313_2912,KEGG_pathway,map02025
7374,Clo1313_2912,KEGG_pathway,map02026
7375,Clo1313_2912,KEGG_pathway,map05111
7376,Clo1313_2913,KEGG_pathway,-
7377,Clo1313_2914,KEGG_pathway,-
7379,Clo1313_2915,KEGG_pathway,map02040
7381,Clo1313_2916,KEGG_pathway,map02040
7383,Clo1313_2917,KEGG_pathway,map02040
7384,Clo1313_2918,KEGG_pathway,-
7389,Clo1313_2919,KEGG_pathway,map02020
7390,Clo1313_2919,KEGG_pathway,map02025
7391,Clo1313_2919,KEGG_pathway,map02026
7392,Clo1313_2919,KEGG_pathway,map02040
7393,Clo1313_2920,KEGG_pathway,-
7394,Clo1313_2921,KEGG_pathway,-
7396,Clo1313_2922,KEGG_pathway,map03440
7397,Clo1313_2923,KEGG_pathway,-
7402,Clo1313_2924,KEGG_pathway,map00270
7403,Clo1313_2924,KEGG_pathway,map01100
7404,Clo1313_2924,KEGG_pathway,map01110
7405,Clo1313_2924,KEGG_pathway,map01230
7406,Clo1313_2925,KEGG_pathway,-
7407,Clo1313_2926,KEGG_pathway,-
7412,Clo1313_2927,KEGG_pathway,map00230
7413,Clo1313_2927,KEGG_pathway,map00983
7414,Clo1313_2927,KEGG_pathway,map01100
7415,Clo1313_2927,KEGG_pathway,map01110
7416,Clo1313_2928,KEGG_pathway,-
7419,Clo1313_2929,KEGG_pathway,map03030
7420,Clo1313_2929,KEGG_pathway,map04112
7422,Clo1313_2930,KEGG_pathway,map03010
7423,Clo1313_2931,KEGG_pathway,-
7424,Clo1313_2932,KEGG_pathway,-
7430,Clo1313_2933,KEGG_pathway,map00400
7431,Clo1313_2933,KEGG_pathway,map01100
7432,Clo1313_2933,KEGG_pathway,map01110
7433,Clo1313_2933,KEGG_pathway,map01130
7434,Clo1313_2933,KEGG_pathway,map01230
7436,Clo1313_2934,KEGG_pathway,map00190
7439,Clo1313_2935,KEGG_pathway,map00190
7440,Clo1313_2935,KEGG_pathway,map01100
7443,Clo1313_2936,KEGG_pathway,map00190
7444,Clo1313_2936,KEGG_pathway,map01100
7447,Clo1313_2937,KEGG_pathway,map00190
7448,Clo1313_2937,KEGG_pathway,map01100
7451,Clo1313_2938,KEGG_pathway,map00190
7452,Clo1313_2938,KEGG_pathway,map01100
7455,Clo1313_2939,KEGG_pathway,map00190
7456,Clo1313_2939,KEGG_pathway,map01100
7459,Clo1313_2940,KEGG_pathway,map00190
7460,Clo1313_2940,KEGG_pathway,map01100
7463,Clo1313_2941,KEGG_pathway,map00190
7464,Clo1313_2941,KEGG_pathway,map01100
7467,Clo1313_2942,KEGG_pathway,map00190
7468,Clo1313_2942,KEGG_pathway,map01100
7470,Clo1313_2943,KEGG_pathway,map02010
7471,Clo1313_2944,KEGG_pathway,-
7472,Clo1313_2945,KEGG_pathway,-
7473,Clo1313_2946,KEGG_pathway,-
7474,Clo1313_2947,KEGG_pathway,-
7475,Clo1313_2949,KEGG_pathway,-
7476,Clo1313_2950,KEGG_pathway,-
7477,Clo1313_2951,KEGG_pathway,-
7478,Clo1313_2952,KEGG_pathway,-
7479,Clo1313_2953,KEGG_pathway,-
7480,Clo1313_2954,KEGG_pathway,-
7483,Clo1313_2955,KEGG_pathway,map02020
7484,Clo1313_2955,KEGG_pathway,map02030
7487,Clo1313_2956,KEGG_pathway,map02020
7488,Clo1313_2956,KEGG_pathway,map02030
7491,Clo1313_2957,KEGG_pathway,map02020
7492,Clo1313_2957,KEGG_pathway,map02030
7495,Clo1313_2958,KEGG_pathway,map02020
7496,Clo1313_2958,KEGG_pathway,map02030
7499,Clo1313_2959,KEGG_pathway,map02020
7500,Clo1313_2959,KEGG_pathway,map02030
7501,Clo1313_2961,KEGG_pathway,-
7502,Clo1313_2962,KEGG_pathway,-
7503,Clo1313_2963,KEGG_pathway,-
7504,Clo1313_2965,KEGG_pathway,-
7505,Clo1313_2967,KEGG_pathway,-
7506,Clo1313_2969,KEGG_pathway,-
7507,Clo1313_2970,KEGG_pathway,-
7508,Clo1313_2971,KEGG_pathway,-
7509,Clo1313_2972,KEGG_pathway,-
7510,Clo1313_2973,KEGG_pathway,-
7511,Clo1313_2974,KEGG_pathway,-
7512,Clo1313_2975,KEGG_pathway,-
7513,Clo1313_2976,KEGG_pathway,-
7514,Clo1313_2977,KEGG_pathway,-
7516,Clo1313_2978,KEGG_pathway,map00550
7517,Clo1313_2979,KEGG_pathway,-
7518,Clo1313_2980,KEGG_pathway,-
7520,Clo1313_2981,KEGG_pathway,map02030
7522,Clo1313_2982,KEGG_pathway,map00250
7523,Clo1313_2983,KEGG_pathway,-
7524,Clo1313_2984,KEGG_pathway,-
7525,Clo1313_2985,KEGG_pathway,-
7526,Clo1313_2986,KEGG_pathway,-
7527,Clo1313_2987,KEGG_pathway,-
7528,Clo1313_2988,KEGG_pathway,-
7532,Clo1313_2989,KEGG_pathway,map00520
7533,Clo1313_2989,KEGG_pathway,map00550
7534,Clo1313_2989,KEGG_pathway,map01100
7535,Clo1313_2990,KEGG_pathway,-
7536,Clo1313_2991,KEGG_pathway,-
7537,Clo1313_2992,KEGG_pathway,-
7539,Clo1313_2993,KEGG_pathway,map02020
7541,Clo1313_2994,KEGG_pathway,map02020
7542,Clo1313_2996,KEGG_pathway,-
7543,Clo1313_2997,KEGG_pathway,-
7544,Clo1313_2998,KEGG_pathway,-
7545,Clo1313_2999,KEGG_pathway,-
7546,Clo1313_3000,KEGG_pathway,-
7547,Clo1313_3001,KEGG_pathway,-
7548,Clo1313_3002,KEGG_pathway,-
7550,Clo1313_3003,KEGG_pathway,map00520
7551,Clo1313_3004,KEGG_pathway,-
7552,Clo1313_3005,KEGG_pathway,-
7553,Clo1313_3006,KEGG_pathway,-
7554,Clo1313_3007,KEGG_pathway,-
7556,Clo1313_3008,KEGG_pathway,map00520
7557,Clo1313_3009,KEGG_pathway,-
7558,Clo1313_3010,KEGG_pathway,-
7559,Clo1313_3011,KEGG_pathway,-
7560,Clo1313_3012,KEGG_pathway,-
7561,Clo1313_3013,KEGG_pathway,-
7562,Clo1313_3014,KEGG_pathway,-
7563,Clo1313_3015,KEGG_pathway,-
7564,Clo1313_3016,KEGG_pathway,-
7567,Clo1313_3017,KEGG_pathway,map00760
7568,Clo1313_3017,KEGG_pathway,map01100
7572,Clo1313_3018,KEGG_pathway,map00250
7573,Clo1313_3018,KEGG_pathway,map00760
7574,Clo1313_3018,KEGG_pathway,map01100
7577,Clo1313_3019,KEGG_pathway,map00760
7578,Clo1313_3019,KEGG_pathway,map01100
7579,Clo1313_3020,KEGG_pathway,-
7582,Clo1313_3021,KEGG_pathway,map02020
7583,Clo1313_3021,KEGG_pathway,map02024
7586,Clo1313_3022,KEGG_pathway,map00240
7587,Clo1313_3022,KEGG_pathway,map01100
7590,Clo1313_3023,KEGG_pathway,map00500
7591,Clo1313_3023,KEGG_pathway,map01100
7592,Clo1313_3024,KEGG_pathway,-
7593,Clo1313_3025,KEGG_pathway,-
7594,Clo1313_3026,KEGG_pathway,-
7595,Clo1313_3027,KEGG_pathway,-
7596,Clo1313_3028,KEGG_pathway,-
7597,Clo1313_3029,KEGG_pathway,-
7601,Clo1313_3030,KEGG_pathway,map02024
7602,Clo1313_3030,KEGG_pathway,map03060
7603,Clo1313_3030,KEGG_pathway,map03070
7604,Clo1313_0005,KEGG_module,-
7605,Clo1313_0006,KEGG_module,-
7606,Clo1313_0007,KEGG_module,-
7607,Clo1313_0008,KEGG_module,-
7608,Clo1313_0009,KEGG_module,-
7609,Clo1313_0010,KEGG_module,-
7610,Clo1313_0011,KEGG_module,M00359
7611,Clo1313_0011,KEGG_module,M00360
7612,Clo1313_0012,KEGG_module,-
7613,Clo1313_0013,KEGG_module,-
7614,Clo1313_0014,KEGG_module,-
7615,Clo1313_0015,KEGG_module,-
7616,Clo1313_0016,KEGG_module,M00651
7617,Clo1313_0017,KEGG_module,-
7618,Clo1313_0018,KEGG_module,-
7619,Clo1313_0019,KEGG_module,-
7620,Clo1313_0020,KEGG_module,M00173
7621,Clo1313_0020,KEGG_module,M00307
7622,Clo1313_0020,KEGG_module,M00374
7623,Clo1313_0020,KEGG_module,M00620
7624,Clo1313_0021,KEGG_module,M00173
7625,Clo1313_0021,KEGG_module,M00307
7626,Clo1313_0021,KEGG_module,M00374
7627,Clo1313_0021,KEGG_module,M00620
7628,Clo1313_0022,KEGG_module,M00173
7629,Clo1313_0022,KEGG_module,M00307
7630,Clo1313_0022,KEGG_module,M00374
7631,Clo1313_0022,KEGG_module,M00620
7632,Clo1313_0023,KEGG_module,M00173
7633,Clo1313_0023,KEGG_module,M00307
7634,Clo1313_0023,KEGG_module,M00374
7635,Clo1313_0023,KEGG_module,M00620
7636,Clo1313_0025,KEGG_module,-
7637,Clo1313_0026,KEGG_module,-
7638,Clo1313_0027,KEGG_module,-
7639,Clo1313_0028,KEGG_module,-
7640,Clo1313_0029,KEGG_module,-
7641,Clo1313_0030,KEGG_module,M00140
7642,Clo1313_0030,KEGG_module,M00377
7643,Clo1313_0031,KEGG_module,-
7644,Clo1313_0032,KEGG_module,-
7645,Clo1313_0033,KEGG_module,-
7646,Clo1313_0034,KEGG_module,M00096
7647,Clo1313_0035,KEGG_module,-
7648,Clo1313_0036,KEGG_module,-
7649,Clo1313_0037,KEGG_module,-
7650,Clo1313_0038,KEGG_module,-
7651,Clo1313_0039,KEGG_module,-
7652,Clo1313_0040,KEGG_module,-
7653,Clo1313_0041,KEGG_module,-
7654,Clo1313_0042,KEGG_module,-
7655,Clo1313_0043,KEGG_module,-
7656,Clo1313_0044,KEGG_module,-
7657,Clo1313_0046,KEGG_module,-
7658,Clo1313_0047,KEGG_module,-
7659,Clo1313_0048,KEGG_module,-
7660,Clo1313_0049,KEGG_module,-
7661,Clo1313_0050,KEGG_module,-
7662,Clo1313_0051,KEGG_module,-
7663,Clo1313_0053,KEGG_module,-
7664,Clo1313_0054,KEGG_module,-
7665,Clo1313_0055,KEGG_module,-
7666,Clo1313_0056,KEGG_module,-
7667,Clo1313_0057,KEGG_module,-
7668,Clo1313_0058,KEGG_module,-
7669,Clo1313_0059,KEGG_module,-
7670,Clo1313_0060,KEGG_module,-
7671,Clo1313_0061,KEGG_module,-
7672,Clo1313_0062,KEGG_module,-
7673,Clo1313_0063,KEGG_module,-
7674,Clo1313_0064,KEGG_module,-
7675,Clo1313_0065,KEGG_module,-
7676,Clo1313_0066,KEGG_module,-
7677,Clo1313_0067,KEGG_module,-
7678,Clo1313_0068,KEGG_module,M00022
7679,Clo1313_0070,KEGG_module,-
7680,Clo1313_0071,KEGG_module,-
7681,Clo1313_0072,KEGG_module,-
7682,Clo1313_0073,KEGG_module,-
7683,Clo1313_0074,KEGG_module,M00004
7684,Clo1313_0074,KEGG_module,M00007
7685,Clo1313_0074,KEGG_module,M00165
7686,Clo1313_0074,KEGG_module,M00167
7687,Clo1313_0075,KEGG_module,M00004
7688,Clo1313_0075,KEGG_module,M00007
7689,Clo1313_0075,KEGG_module,M00165
7690,Clo1313_0075,KEGG_module,M00167
7691,Clo1313_0076,KEGG_module,M00014
7692,Clo1313_0077,KEGG_module,M00212
7693,Clo1313_0078,KEGG_module,M00212
7694,Clo1313_0079,KEGG_module,M00212
7695,Clo1313_0079,KEGG_module,M00221
7696,Clo1313_0080,KEGG_module,-
7697,Clo1313_0081,KEGG_module,-
7698,Clo1313_0082,KEGG_module,-
7699,Clo1313_0083,KEGG_module,-
7700,Clo1313_0084,KEGG_module,-
7701,Clo1313_0085,KEGG_module,-
7702,Clo1313_0087,KEGG_module,-
7703,Clo1313_0088,KEGG_module,-
7704,Clo1313_0089,KEGG_module,-
7705,Clo1313_0090,KEGG_module,-
7706,Clo1313_0091,KEGG_module,-
7707,Clo1313_0092,KEGG_module,-
7708,Clo1313_0093,KEGG_module,-
7709,Clo1313_0094,KEGG_module,-
7710,Clo1313_0095,KEGG_module,-
7711,Clo1313_0096,KEGG_module,M00728
7712,Clo1313_0097,KEGG_module,-
7713,Clo1313_0098,KEGG_module,-
7714,Clo1313_0099,KEGG_module,M00019
7715,Clo1313_0099,KEGG_module,M00570
7716,Clo1313_0100,KEGG_module,M00019
7717,Clo1313_0100,KEGG_module,M00570
7718,Clo1313_0101,KEGG_module,M00019
7719,Clo1313_0101,KEGG_module,M00570
7720,Clo1313_0102,KEGG_module,M00432
7721,Clo1313_0103,KEGG_module,-
7722,Clo1313_0104,KEGG_module,-
7723,Clo1313_0105,KEGG_module,-
7724,Clo1313_0106,KEGG_module,-
7725,Clo1313_0107,KEGG_module,-
7726,Clo1313_0108,KEGG_module,M00121
7727,Clo1313_0109,KEGG_module,M00121
7728,Clo1313_0110,KEGG_module,M00121
7729,Clo1313_0111,KEGG_module,M00121
7730,Clo1313_0112,KEGG_module,M00121
7731,Clo1313_0113,KEGG_module,M00121
7732,Clo1313_0114,KEGG_module,M00185
7733,Clo1313_0115,KEGG_module,M00185
7734,Clo1313_0115,KEGG_module,M00423
7735,Clo1313_0116,KEGG_module,M00185
7736,Clo1313_0117,KEGG_module,M00185
7737,Clo1313_0118,KEGG_module,M00176
7738,Clo1313_0119,KEGG_module,M00176
7739,Clo1313_0119,KEGG_module,M00596
7740,Clo1313_0120,KEGG_module,M00176
7741,Clo1313_0121,KEGG_module,-
7742,Clo1313_0122,KEGG_module,-
7743,Clo1313_0123,KEGG_module,-
7744,Clo1313_0124,KEGG_module,-
7745,Clo1313_0125,KEGG_module,-
7746,Clo1313_0126,KEGG_module,-
7747,Clo1313_0127,KEGG_module,-
7748,Clo1313_0128,KEGG_module,-
7749,Clo1313_0129,KEGG_module,-
7750,Clo1313_0133,KEGG_module,-
7751,Clo1313_0135,KEGG_module,-
7752,Clo1313_0136,KEGG_module,-
7753,Clo1313_0137,KEGG_module,-
7754,Clo1313_0138,KEGG_module,-
7755,Clo1313_0139,KEGG_module,-
7756,Clo1313_0140,KEGG_module,-
7757,Clo1313_0141,KEGG_module,-
7758,Clo1313_0142,KEGG_module,-
7759,Clo1313_0143,KEGG_module,-
7760,Clo1313_0144,KEGG_module,-
7761,Clo1313_0145,KEGG_module,-
7762,Clo1313_0146,KEGG_module,M00793
7763,Clo1313_0147,KEGG_module,-
7764,Clo1313_0148,KEGG_module,-
7765,Clo1313_0149,KEGG_module,-
7766,Clo1313_0150,KEGG_module,-
7767,Clo1313_0151,KEGG_module,-
7768,Clo1313_0152,KEGG_module,-
7769,Clo1313_0153,KEGG_module,-
7770,Clo1313_0154,KEGG_module,-
7771,Clo1313_0155,KEGG_module,-
7772,Clo1313_0159,KEGG_module,-
7773,Clo1313_0160,KEGG_module,M00188
7774,Clo1313_0161,KEGG_module,M00188
7775,Clo1313_0162,KEGG_module,M00188
7776,Clo1313_0163,KEGG_module,-
7777,Clo1313_0164,KEGG_module,-
7778,Clo1313_0165,KEGG_module,-
7779,Clo1313_0166,KEGG_module,-
7780,Clo1313_0167,KEGG_module,-
7781,Clo1313_0168,KEGG_module,M00126
7782,Clo1313_0168,KEGG_module,M00841
7783,Clo1313_0169,KEGG_module,M00126
7784,Clo1313_0169,KEGG_module,M00840
7785,Clo1313_0170,KEGG_module,M00126
7786,Clo1313_0170,KEGG_module,M00841
7787,Clo1313_0171,KEGG_module,-
7788,Clo1313_0172,KEGG_module,-
7789,Clo1313_0173,KEGG_module,-
7790,Clo1313_0174,KEGG_module,-
7791,Clo1313_0175,KEGG_module,M00120
7792,Clo1313_0176,KEGG_module,-
7793,Clo1313_0177,KEGG_module,-
7794,Clo1313_0178,KEGG_module,-
7795,Clo1313_0179,KEGG_module,-
7796,Clo1313_0180,KEGG_module,-
7797,Clo1313_0181,KEGG_module,-
7798,Clo1313_0182,KEGG_module,-
7799,Clo1313_0183,KEGG_module,-
7800,Clo1313_0184,KEGG_module,M00004
7801,Clo1313_0184,KEGG_module,M00007
7802,Clo1313_0184,KEGG_module,M00165
7803,Clo1313_0184,KEGG_module,M00167
7804,Clo1313_0185,KEGG_module,-
7805,Clo1313_0186,KEGG_module,M00429
7806,Clo1313_0187,KEGG_module,-
7807,Clo1313_0188,KEGG_module,M00362
7808,Clo1313_0189,KEGG_module,M00157
7809,Clo1313_0190,KEGG_module,M00157
7810,Clo1313_0191,KEGG_module,M00157
7811,Clo1313_0192,KEGG_module,M00157
7812,Clo1313_0193,KEGG_module,M00157
7813,Clo1313_0194,KEGG_module,M00157
7814,Clo1313_0195,KEGG_module,M00157
7815,Clo1313_0196,KEGG_module,M00157
7816,Clo1313_0197,KEGG_module,-
7817,Clo1313_0198,KEGG_module,-
7818,Clo1313_0199,KEGG_module,-
7819,Clo1313_0200,KEGG_module,-
7820,Clo1313_0201,KEGG_module,-
7821,Clo1313_0202,KEGG_module,-
7822,Clo1313_0203,KEGG_module,-
7823,Clo1313_0204,KEGG_module,-
7824,Clo1313_0205,KEGG_module,-
7825,Clo1313_0206,KEGG_module,-
7826,Clo1313_0207,KEGG_module,-
7827,Clo1313_0208,KEGG_module,-
7828,Clo1313_0209,KEGG_module,-
7829,Clo1313_0210,KEGG_module,-
7830,Clo1313_0211,KEGG_module,M00258
7831,Clo1313_0213,KEGG_module,M00083
7832,Clo1313_0213,KEGG_module,M00572
7833,Clo1313_0214,KEGG_module,-
7834,Clo1313_0215,KEGG_module,-
7835,Clo1313_0216,KEGG_module,-
7836,Clo1313_0217,KEGG_module,M00362
7837,Clo1313_0218,KEGG_module,M00005
7838,Clo1313_0219,KEGG_module,-
7839,Clo1313_0220,KEGG_module,-
7840,Clo1313_0221,KEGG_module,-
7841,Clo1313_0222,KEGG_module,-
7842,Clo1313_0223,KEGG_module,-
7843,Clo1313_0224,KEGG_module,-
7844,Clo1313_0225,KEGG_module,-
7845,Clo1313_0226,KEGG_module,-
7846,Clo1313_0227,KEGG_module,-
7847,Clo1313_0228,KEGG_module,-
7848,Clo1313_0229,KEGG_module,M00362
7849,Clo1313_0230,KEGG_module,-
7850,Clo1313_0231,KEGG_module,-
7851,Clo1313_0232,KEGG_module,-
7852,Clo1313_0233,KEGG_module,-
7853,Clo1313_0234,KEGG_module,M00793
7854,Clo1313_0235,KEGG_module,-
7855,Clo1313_0236,KEGG_module,-
7856,Clo1313_0237,KEGG_module,-
7857,Clo1313_0238,KEGG_module,-
7858,Clo1313_0239,KEGG_module,-
7859,Clo1313_0240,KEGG_module,-
7860,Clo1313_0241,KEGG_module,-
7861,Clo1313_0242,KEGG_module,-
7862,Clo1313_0243,KEGG_module,-
7863,Clo1313_0244,KEGG_module,-
7864,Clo1313_0245,KEGG_module,-
7865,Clo1313_0246,KEGG_module,-
7866,Clo1313_0247,KEGG_module,-
7867,Clo1313_0248,KEGG_module,-
7868,Clo1313_0249,KEGG_module,-
7869,Clo1313_0250,KEGG_module,-
7870,Clo1313_0251,KEGG_module,-
7871,Clo1313_0252,KEGG_module,-
7872,Clo1313_0253,KEGG_module,-
7873,Clo1313_0254,KEGG_module,-
7874,Clo1313_0255,KEGG_module,-
7875,Clo1313_0256,KEGG_module,-
7876,Clo1313_0259,KEGG_module,-
7877,Clo1313_0260,KEGG_module,-
7878,Clo1313_0262,KEGG_module,-
7879,Clo1313_0264,KEGG_module,-
7880,Clo1313_0266,KEGG_module,-
7881,Clo1313_0268,KEGG_module,-
7882,Clo1313_0269,KEGG_module,-
7883,Clo1313_0270,KEGG_module,-
7884,Clo1313_0271,KEGG_module,-
7885,Clo1313_0272,KEGG_module,-
7886,Clo1313_0273,KEGG_module,-
7887,Clo1313_0274,KEGG_module,-
7888,Clo1313_0275,KEGG_module,-
7889,Clo1313_0276,KEGG_module,-
7890,Clo1313_0277,KEGG_module,-
7891,Clo1313_0278,KEGG_module,-
7892,Clo1313_0279,KEGG_module,-
7893,Clo1313_0280,KEGG_module,-
7894,Clo1313_0281,KEGG_module,-
7895,Clo1313_0282,KEGG_module,-
7896,Clo1313_0283,KEGG_module,-
7897,Clo1313_0284,KEGG_module,-
7898,Clo1313_0285,KEGG_module,-
7899,Clo1313_0286,KEGG_module,-
7900,Clo1313_0287,KEGG_module,-
7901,Clo1313_0288,KEGG_module,-
7902,Clo1313_0289,KEGG_module,-
7903,Clo1313_0290,KEGG_module,-
7904,Clo1313_0291,KEGG_module,-
7905,Clo1313_0292,KEGG_module,-
7906,Clo1313_0293,KEGG_module,-
7907,Clo1313_0294,KEGG_module,-
7908,Clo1313_0295,KEGG_module,M00004
7909,Clo1313_0295,KEGG_module,M00007
7910,Clo1313_0295,KEGG_module,M00165
7911,Clo1313_0295,KEGG_module,M00167
7912,Clo1313_0296,KEGG_module,M00004
7913,Clo1313_0296,KEGG_module,M00007
7914,Clo1313_0296,KEGG_module,M00165
7915,Clo1313_0296,KEGG_module,M00167
7916,Clo1313_0297,KEGG_module,M00254
7917,Clo1313_0298,KEGG_module,M00254
7918,Clo1313_0299,KEGG_module,M00254
7919,Clo1313_0300,KEGG_module,-
7920,Clo1313_0301,KEGG_module,-
7921,Clo1313_0302,KEGG_module,-
7922,Clo1313_0303,KEGG_module,-
7923,Clo1313_0304,KEGG_module,M00019
7924,Clo1313_0304,KEGG_module,M00570
7925,Clo1313_0305,KEGG_module,M00019
7926,Clo1313_0305,KEGG_module,M00570
7927,Clo1313_0306,KEGG_module,M00178
7928,Clo1313_0307,KEGG_module,M00335
7929,Clo1313_0308,KEGG_module,-
7930,Clo1313_0309,KEGG_module,M00178
7931,Clo1313_0309,KEGG_module,M00179
7932,Clo1313_0310,KEGG_module,M00178
7933,Clo1313_0310,KEGG_module,M00179
7934,Clo1313_0311,KEGG_module,M00178
7935,Clo1313_0311,KEGG_module,M00179
7936,Clo1313_0312,KEGG_module,M00178
7937,Clo1313_0313,KEGG_module,M00183
7938,Clo1313_0314,KEGG_module,M00183
7939,Clo1313_0315,KEGG_module,M00178
7940,Clo1313_0316,KEGG_module,M00178
7941,Clo1313_0316,KEGG_module,M00179
7942,Clo1313_0317,KEGG_module,M00178
7943,Clo1313_0317,KEGG_module,M00179
7944,Clo1313_0318,KEGG_module,-
7945,Clo1313_0319,KEGG_module,-
7946,Clo1313_0320,KEGG_module,-
7947,Clo1313_0321,KEGG_module,-
7948,Clo1313_0322,KEGG_module,-
7949,Clo1313_0323,KEGG_module,-
7950,Clo1313_0324,KEGG_module,-
7951,Clo1313_0325,KEGG_module,M00173
7952,Clo1313_0325,KEGG_module,M00374
7953,Clo1313_0326,KEGG_module,-
7954,Clo1313_0327,KEGG_module,-
7955,Clo1313_0328,KEGG_module,-
7956,Clo1313_0329,KEGG_module,-
7957,Clo1313_0330,KEGG_module,-
7958,Clo1313_0331,KEGG_module,-
7959,Clo1313_0332,KEGG_module,-
7960,Clo1313_0333,KEGG_module,-
7961,Clo1313_0334,KEGG_module,-
7962,Clo1313_0335,KEGG_module,-
7963,Clo1313_0336,KEGG_module,-
7964,Clo1313_0337,KEGG_module,-
7965,Clo1313_0339,KEGG_module,-
7966,Clo1313_0341,KEGG_module,M00429
7967,Clo1313_0342,KEGG_module,-
7968,Clo1313_0343,KEGG_module,-
7969,Clo1313_0344,KEGG_module,-
7970,Clo1313_0346,KEGG_module,-
7971,Clo1313_0347,KEGG_module,-
7972,Clo1313_0348,KEGG_module,-
7973,Clo1313_0349,KEGG_module,-
7974,Clo1313_0350,KEGG_module,-
7975,Clo1313_0351,KEGG_module,-
7976,Clo1313_0352,KEGG_module,-
7977,Clo1313_0353,KEGG_module,-
7978,Clo1313_0354,KEGG_module,-
7979,Clo1313_0355,KEGG_module,-
7980,Clo1313_0356,KEGG_module,-
7981,Clo1313_0357,KEGG_module,-
7982,Clo1313_0358,KEGG_module,-
7983,Clo1313_0359,KEGG_module,-
7984,Clo1313_0360,KEGG_module,-
7985,Clo1313_0364,KEGG_module,-
7986,Clo1313_0365,KEGG_module,-
7987,Clo1313_0366,KEGG_module,-
7988,Clo1313_0368,KEGG_module,-
7989,Clo1313_0369,KEGG_module,-
7990,Clo1313_0370,KEGG_module,-
7991,Clo1313_0371,KEGG_module,-
7992,Clo1313_0372,KEGG_module,-
7993,Clo1313_0373,KEGG_module,M00121
7994,Clo1313_0374,KEGG_module,M00121
7995,Clo1313_0374,KEGG_module,M00356
7996,Clo1313_0375,KEGG_module,-
7997,Clo1313_0376,KEGG_module,-
7998,Clo1313_0377,KEGG_module,M00188
7999,Clo1313_0378,KEGG_module,M00188
8000,Clo1313_0378,KEGG_module,M00435
8001,Clo1313_0378,KEGG_module,M00436
8002,Clo1313_0379,KEGG_module,M00188
8003,Clo1313_0380,KEGG_module,-
8004,Clo1313_0381,KEGG_module,-
8005,Clo1313_0382,KEGG_module,M00173
8006,Clo1313_0382,KEGG_module,M00307
8007,Clo1313_0382,KEGG_module,M00374
8008,Clo1313_0382,KEGG_module,M00620
8009,Clo1313_0383,KEGG_module,M00173
8010,Clo1313_0383,KEGG_module,M00307
8011,Clo1313_0383,KEGG_module,M00374
8012,Clo1313_0383,KEGG_module,M00620
8013,Clo1313_0384,KEGG_module,M00173
8014,Clo1313_0384,KEGG_module,M00307
8015,Clo1313_0384,KEGG_module,M00374
8016,Clo1313_0384,KEGG_module,M00620
8017,Clo1313_0385,KEGG_module,M00173
8018,Clo1313_0385,KEGG_module,M00307
8019,Clo1313_0385,KEGG_module,M00374
8020,Clo1313_0385,KEGG_module,M00620
8021,Clo1313_0387,KEGG_module,-
8022,Clo1313_0388,KEGG_module,M00017
8023,Clo1313_0389,KEGG_module,-
8024,Clo1313_0390,KEGG_module,M00377
8025,Clo1313_0391,KEGG_module,M00188
8026,Clo1313_0392,KEGG_module,M00188
8027,Clo1313_0392,KEGG_module,M00435
8028,Clo1313_0393,KEGG_module,M00188
8029,Clo1313_0393,KEGG_module,M00436
8030,Clo1313_0394,KEGG_module,-
8031,Clo1313_0395,KEGG_module,-
8032,Clo1313_0396,KEGG_module,-
8033,Clo1313_0397,KEGG_module,-
8034,Clo1313_0398,KEGG_module,-
8035,Clo1313_0399,KEGG_module,-
8036,Clo1313_0400,KEGG_module,-
8037,Clo1313_0401,KEGG_module,-
8038,Clo1313_0402,KEGG_module,-
8039,Clo1313_0403,KEGG_module,M00360
8040,Clo1313_0405,KEGG_module,-
8041,Clo1313_0406,KEGG_module,M00506
8042,Clo1313_0407,KEGG_module,-
8043,Clo1313_0408,KEGG_module,-
8044,Clo1313_0409,KEGG_module,M00506
8045,Clo1313_0410,KEGG_module,-
8046,Clo1313_0411,KEGG_module,-
8047,Clo1313_0412,KEGG_module,-
8048,Clo1313_0413,KEGG_module,-
8049,Clo1313_0414,KEGG_module,-
8050,Clo1313_0415,KEGG_module,M00003
8051,Clo1313_0416,KEGG_module,-
8052,Clo1313_0417,KEGG_module,-
8053,Clo1313_0418,KEGG_module,-
8054,Clo1313_0419,KEGG_module,-
8055,Clo1313_0420,KEGG_module,-
8056,Clo1313_0421,KEGG_module,M00026
8057,Clo1313_0422,KEGG_module,M00026
8058,Clo1313_0423,KEGG_module,M00026
8059,Clo1313_0424,KEGG_module,M00026
8060,Clo1313_0425,KEGG_module,M00026
8061,Clo1313_0426,KEGG_module,M00048
8062,Clo1313_0427,KEGG_module,M00026
8063,Clo1313_0428,KEGG_module,M00026
8064,Clo1313_0429,KEGG_module,M00026
8065,Clo1313_0430,KEGG_module,M00026
8066,Clo1313_0431,KEGG_module,-
8067,Clo1313_0432,KEGG_module,-
8068,Clo1313_0433,KEGG_module,-
8069,Clo1313_0434,KEGG_module,-
8070,Clo1313_0435,KEGG_module,-
8071,Clo1313_0436,KEGG_module,-
8072,Clo1313_0437,KEGG_module,-
8073,Clo1313_0438,KEGG_module,-
8074,Clo1313_0439,KEGG_module,-
8075,Clo1313_0440,KEGG_module,-
8076,Clo1313_0441,KEGG_module,-
8077,Clo1313_0442,KEGG_module,-
8078,Clo1313_0444,KEGG_module,M00178
8079,Clo1313_0444,KEGG_module,M00179
8080,Clo1313_0445,KEGG_module,M00178
8081,Clo1313_0445,KEGG_module,M00179
8082,Clo1313_0446,KEGG_module,M00178
8083,Clo1313_0447,KEGG_module,M00178
8084,Clo1313_0447,KEGG_module,M00179
8085,Clo1313_0448,KEGG_module,M00178
8086,Clo1313_0448,KEGG_module,M00179
8087,Clo1313_0449,KEGG_module,M00178
8088,Clo1313_0449,KEGG_module,M00179
8089,Clo1313_0450,KEGG_module,M00178
8090,Clo1313_0450,KEGG_module,M00179
8091,Clo1313_0451,KEGG_module,M00178
8092,Clo1313_0451,KEGG_module,M00179
8093,Clo1313_0452,KEGG_module,M00178
8094,Clo1313_0453,KEGG_module,M00178
8095,Clo1313_0453,KEGG_module,M00179
8096,Clo1313_0454,KEGG_module,M00178
8097,Clo1313_0454,KEGG_module,M00179
8098,Clo1313_0455,KEGG_module,M00178
8099,Clo1313_0455,KEGG_module,M00179
8100,Clo1313_0456,KEGG_module,M00178
8101,Clo1313_0456,KEGG_module,M00179
8102,Clo1313_0457,KEGG_module,M00178
8103,Clo1313_0457,KEGG_module,M00179
8104,Clo1313_0458,KEGG_module,M00178
8105,Clo1313_0458,KEGG_module,M00179
8106,Clo1313_0459,KEGG_module,M00178
8107,Clo1313_0459,KEGG_module,M00179
8108,Clo1313_0460,KEGG_module,M00178
8109,Clo1313_0460,KEGG_module,M00179
8110,Clo1313_0461,KEGG_module,M00178
8111,Clo1313_0461,KEGG_module,M00179
8112,Clo1313_0462,KEGG_module,M00178
8113,Clo1313_0462,KEGG_module,M00179
8114,Clo1313_0463,KEGG_module,M00178
8115,Clo1313_0463,KEGG_module,M00179
8116,Clo1313_0464,KEGG_module,M00178
8117,Clo1313_0464,KEGG_module,M00179
8118,Clo1313_0465,KEGG_module,M00335
8119,Clo1313_0466,KEGG_module,M00049
8120,Clo1313_0467,KEGG_module,-
8121,Clo1313_0468,KEGG_module,-
8122,Clo1313_0469,KEGG_module,-
8123,Clo1313_0470,KEGG_module,M00178
8124,Clo1313_0471,KEGG_module,M00178
8125,Clo1313_0471,KEGG_module,M00179
8126,Clo1313_0472,KEGG_module,M00178
8127,Clo1313_0472,KEGG_module,M00179
8128,Clo1313_0473,KEGG_module,M00178
8129,Clo1313_0473,KEGG_module,M00179
8130,Clo1313_0474,KEGG_module,M00183
8131,Clo1313_0475,KEGG_module,M00178
8132,Clo1313_0476,KEGG_module,M00582
8133,Clo1313_0477,KEGG_module,-
8134,Clo1313_0478,KEGG_module,-
8135,Clo1313_0479,KEGG_module,-
8136,Clo1313_0480,KEGG_module,-
8137,Clo1313_0482,KEGG_module,-
8138,Clo1313_0483,KEGG_module,-
8139,Clo1313_0484,KEGG_module,-
8140,Clo1313_0485,KEGG_module,-
8141,Clo1313_0486,KEGG_module,-
8142,Clo1313_0487,KEGG_module,M00582
8143,Clo1313_0488,KEGG_module,M00582
8144,Clo1313_0489,KEGG_module,M00001
8145,Clo1313_0489,KEGG_module,M00549
8146,Clo1313_0490,KEGG_module,-
8147,Clo1313_0491,KEGG_module,-
8148,Clo1313_0492,KEGG_module,M00096
8149,Clo1313_0493,KEGG_module,M00253
8150,Clo1313_0494,KEGG_module,M00253
8151,Clo1313_0495,KEGG_module,-
8152,Clo1313_0496,KEGG_module,-
8153,Clo1313_0497,KEGG_module,M00096
8154,Clo1313_0498,KEGG_module,M00359
8155,Clo1313_0498,KEGG_module,M00360
8156,Clo1313_0499,KEGG_module,-
8157,Clo1313_0500,KEGG_module,M00081
8158,Clo1313_0501,KEGG_module,-
8159,Clo1313_0502,KEGG_module,-
8160,Clo1313_0503,KEGG_module,-
8161,Clo1313_0509,KEGG_module,-
8162,Clo1313_0510,KEGG_module,M00239
8163,Clo1313_0510,KEGG_module,M00439
8164,Clo1313_0511,KEGG_module,M00439
8165,Clo1313_0512,KEGG_module,M00439
8166,Clo1313_0513,KEGG_module,M00239
8167,Clo1313_0513,KEGG_module,M00439
8168,Clo1313_0514,KEGG_module,M00439
8169,Clo1313_0515,KEGG_module,-
8170,Clo1313_0516,KEGG_module,-
8171,Clo1313_0517,KEGG_module,-
8172,Clo1313_0518,KEGG_module,-
8173,Clo1313_0519,KEGG_module,M00254
8174,Clo1313_0520,KEGG_module,-
8175,Clo1313_0521,KEGG_module,-
8176,Clo1313_0522,KEGG_module,-
8177,Clo1313_0523,KEGG_module,-
8178,Clo1313_0524,KEGG_module,-
8179,Clo1313_0525,KEGG_module,-
8180,Clo1313_0526,KEGG_module,-
8181,Clo1313_0527,KEGG_module,-
8182,Clo1313_0528,KEGG_module,-
8183,Clo1313_0529,KEGG_module,-
8184,Clo1313_0530,KEGG_module,-
8185,Clo1313_0531,KEGG_module,M00236
8186,Clo1313_0532,KEGG_module,-
8187,Clo1313_0534,KEGG_module,-
8188,Clo1313_0535,KEGG_module,-
8189,Clo1313_0536,KEGG_module,-
8190,Clo1313_0537,KEGG_module,-
8191,Clo1313_0538,KEGG_module,-
8192,Clo1313_0539,KEGG_module,-
8193,Clo1313_0540,KEGG_module,-
8194,Clo1313_0541,KEGG_module,-
8195,Clo1313_0542,KEGG_module,-
8196,Clo1313_0543,KEGG_module,-
8197,Clo1313_0544,KEGG_module,-
8198,Clo1313_0545,KEGG_module,-
8199,Clo1313_0546,KEGG_module,-
8200,Clo1313_0547,KEGG_module,-
8201,Clo1313_0549,KEGG_module,-
8202,Clo1313_0550,KEGG_module,-
8203,Clo1313_0551,KEGG_module,-
8204,Clo1313_0552,KEGG_module,-
8205,Clo1313_0554,KEGG_module,-
8206,Clo1313_0555,KEGG_module,-
8207,Clo1313_0556,KEGG_module,-
8208,Clo1313_0557,KEGG_module,-
8209,Clo1313_0558,KEGG_module,-
8210,Clo1313_0562,KEGG_module,-
8211,Clo1313_0563,KEGG_module,-
8212,Clo1313_0564,KEGG_module,-
8213,Clo1313_0565,KEGG_module,-
8214,Clo1313_0566,KEGG_module,-
8215,Clo1313_0567,KEGG_module,-
8216,Clo1313_0568,KEGG_module,-
8217,Clo1313_0569,KEGG_module,-
8218,Clo1313_0570,KEGG_module,-
8219,Clo1313_0571,KEGG_module,M00144
8220,Clo1313_0572,KEGG_module,-
8221,Clo1313_0573,KEGG_module,M00144
8222,Clo1313_0574,KEGG_module,M00144
8223,Clo1313_0575,KEGG_module,-
8224,Clo1313_0577,KEGG_module,-
8225,Clo1313_0578,KEGG_module,M00009
8226,Clo1313_0578,KEGG_module,M00010
8227,Clo1313_0578,KEGG_module,M00012
8228,Clo1313_0578,KEGG_module,M00740
8229,Clo1313_0579,KEGG_module,-
8230,Clo1313_0580,KEGG_module,-
8231,Clo1313_0581,KEGG_module,-
8232,Clo1313_0583,KEGG_module,-
8233,Clo1313_0584,KEGG_module,-
8234,Clo1313_0585,KEGG_module,-
8235,Clo1313_0586,KEGG_module,M00020
8236,Clo1313_0587,KEGG_module,-
8237,Clo1313_0588,KEGG_module,-
8238,Clo1313_0589,KEGG_module,-
8239,Clo1313_0590,KEGG_module,-
8240,Clo1313_0591,KEGG_module,-
8241,Clo1313_0592,KEGG_module,M00116
8242,Clo1313_0593,KEGG_module,-
8243,Clo1313_0594,KEGG_module,-
8244,Clo1313_0595,KEGG_module,-
8245,Clo1313_0596,KEGG_module,-
8246,Clo1313_0597,KEGG_module,-
8247,Clo1313_0598,KEGG_module,-
8248,Clo1313_0599,KEGG_module,-
8249,Clo1313_0600,KEGG_module,-
8250,Clo1313_0601,KEGG_module,-
8251,Clo1313_0602,KEGG_module,-
8252,Clo1313_0603,KEGG_module,-
8253,Clo1313_0604,KEGG_module,-
8254,Clo1313_0606,KEGG_module,-
8255,Clo1313_0609,KEGG_module,-
8256,Clo1313_0610,KEGG_module,-
8257,Clo1313_0612,KEGG_module,-
8258,Clo1313_0613,KEGG_module,-
8259,Clo1313_0614,KEGG_module,-
8260,Clo1313_0615,KEGG_module,-
8261,Clo1313_0616,KEGG_module,M00254
8262,Clo1313_0617,KEGG_module,M00254
8263,Clo1313_0618,KEGG_module,-
8264,Clo1313_0619,KEGG_module,-
8265,Clo1313_0620,KEGG_module,-
8266,Clo1313_0621,KEGG_module,-
8267,Clo1313_0622,KEGG_module,-
8268,Clo1313_0623,KEGG_module,-
8269,Clo1313_0624,KEGG_module,-
8270,Clo1313_0625,KEGG_module,-
8271,Clo1313_0626,KEGG_module,-
8272,Clo1313_0627,KEGG_module,-
8273,Clo1313_0628,KEGG_module,-
8274,Clo1313_0629,KEGG_module,-
8275,Clo1313_0630,KEGG_module,-
8276,Clo1313_0631,KEGG_module,-
8277,Clo1313_0633,KEGG_module,-
8278,Clo1313_0634,KEGG_module,-
8279,Clo1313_0635,KEGG_module,-
8280,Clo1313_0636,KEGG_module,M00022
8281,Clo1313_0637,KEGG_module,M00485
8282,Clo1313_0638,KEGG_module,-
8283,Clo1313_0639,KEGG_module,-
8284,Clo1313_0640,KEGG_module,M00009
8285,Clo1313_0640,KEGG_module,M00011
8286,Clo1313_0640,KEGG_module,M00173
8287,Clo1313_0640,KEGG_module,M00374
8288,Clo1313_0640,KEGG_module,M00620
8289,Clo1313_0641,KEGG_module,M00009
8290,Clo1313_0641,KEGG_module,M00011
8291,Clo1313_0641,KEGG_module,M00173
8292,Clo1313_0641,KEGG_module,M00374
8293,Clo1313_0641,KEGG_module,M00620
8294,Clo1313_0642,KEGG_module,-
8295,Clo1313_0643,KEGG_module,M00049
8296,Clo1313_0644,KEGG_module,-
8297,Clo1313_0645,KEGG_module,-
8298,Clo1313_0646,KEGG_module,-
8299,Clo1313_0647,KEGG_module,-
8300,Clo1313_0648,KEGG_module,-
8301,Clo1313_0649,KEGG_module,-
8302,Clo1313_0650,KEGG_module,-
8303,Clo1313_0651,KEGG_module,M00016
8304,Clo1313_0651,KEGG_module,M00525
8305,Clo1313_0651,KEGG_module,M00527
8306,Clo1313_0652,KEGG_module,M00527
8307,Clo1313_0653,KEGG_module,-
8308,Clo1313_0654,KEGG_module,-
8309,Clo1313_0655,KEGG_module,-
8310,Clo1313_0656,KEGG_module,-
8311,Clo1313_0657,KEGG_module,M00842
8312,Clo1313_0657,KEGG_module,M00843
8313,Clo1313_0658,KEGG_module,-
8314,Clo1313_0659,KEGG_module,-
8315,Clo1313_0660,KEGG_module,-
8316,Clo1313_0661,KEGG_module,-
8317,Clo1313_0662,KEGG_module,-
8318,Clo1313_0663,KEGG_module,-
8319,Clo1313_0665,KEGG_module,-
8320,Clo1313_0666,KEGG_module,M00114
8321,Clo1313_0666,KEGG_module,M00361
8322,Clo1313_0666,KEGG_module,M00362
8323,Clo1313_0667,KEGG_module,-
8324,Clo1313_0668,KEGG_module,-
8325,Clo1313_0669,KEGG_module,M00114
8326,Clo1313_0670,KEGG_module,-
8327,Clo1313_0671,KEGG_module,-
8328,Clo1313_0672,KEGG_module,-
8329,Clo1313_0673,KEGG_module,M00173
8330,Clo1313_0673,KEGG_module,M00307
8331,Clo1313_0674,KEGG_module,-
8332,Clo1313_0675,KEGG_module,-
8333,Clo1313_0676,KEGG_module,-
8334,Clo1313_0677,KEGG_module,M00086
8335,Clo1313_0678,KEGG_module,-
8336,Clo1313_0679,KEGG_module,-
8337,Clo1313_0680,KEGG_module,-
8338,Clo1313_0681,KEGG_module,-
8339,Clo1313_0682,KEGG_module,-
8340,Clo1313_0683,KEGG_module,-
8341,Clo1313_0684,KEGG_module,-
8342,Clo1313_0685,KEGG_module,-
8343,Clo1313_0686,KEGG_module,M00568
8344,Clo1313_0688,KEGG_module,-
8345,Clo1313_0689,KEGG_module,-
8346,Clo1313_0691,KEGG_module,-
8347,Clo1313_0692,KEGG_module,-
8348,Clo1313_0693,KEGG_module,-
8349,Clo1313_0694,KEGG_module,-
8350,Clo1313_0696,KEGG_module,-
8351,Clo1313_0697,KEGG_module,-
8352,Clo1313_0698,KEGG_module,-
8353,Clo1313_0699,KEGG_module,-
8354,Clo1313_0700,KEGG_module,-
8355,Clo1313_0701,KEGG_module,M00122
8356,Clo1313_0702,KEGG_module,M00122
8357,Clo1313_0703,KEGG_module,M00122
8358,Clo1313_0704,KEGG_module,M00122
8359,Clo1313_0705,KEGG_module,-
8360,Clo1313_0706,KEGG_module,-
8361,Clo1313_0707,KEGG_module,-
8362,Clo1313_0708,KEGG_module,-
8363,Clo1313_0709,KEGG_module,M00009
8364,Clo1313_0709,KEGG_module,M00010
8365,Clo1313_0709,KEGG_module,M00012
8366,Clo1313_0709,KEGG_module,M00173
8367,Clo1313_0709,KEGG_module,M00740
8368,Clo1313_0710,KEGG_module,-
8369,Clo1313_0711,KEGG_module,-
8370,Clo1313_0712,KEGG_module,-
8371,Clo1313_0713,KEGG_module,-
8372,Clo1313_0714,KEGG_module,-
8373,Clo1313_0715,KEGG_module,-
8374,Clo1313_0716,KEGG_module,-
8375,Clo1313_0717,KEGG_module,M00565
8376,Clo1313_0718,KEGG_module,M00565
8377,Clo1313_0719,KEGG_module,-
8378,Clo1313_0720,KEGG_module,M00083
8379,Clo1313_0720,KEGG_module,M00572
8380,Clo1313_0721,KEGG_module,M00258
8381,Clo1313_0722,KEGG_module,-
8382,Clo1313_0723,KEGG_module,M00258
8383,Clo1313_0724,KEGG_module,-
8384,Clo1313_0725,KEGG_module,-
8385,Clo1313_0726,KEGG_module,-
8386,Clo1313_0727,KEGG_module,-
8387,Clo1313_0728,KEGG_module,-
8388,Clo1313_0729,KEGG_module,-
8389,Clo1313_0730,KEGG_module,-
8390,Clo1313_0731,KEGG_module,-
8391,Clo1313_0732,KEGG_module,-
8392,Clo1313_0733,KEGG_module,-
8393,Clo1313_0734,KEGG_module,-
8394,Clo1313_0735,KEGG_module,-
8395,Clo1313_0736,KEGG_module,-
8396,Clo1313_0737,KEGG_module,-
8397,Clo1313_0738,KEGG_module,-
8398,Clo1313_0739,KEGG_module,-
8399,Clo1313_0740,KEGG_module,-
8400,Clo1313_0741,KEGG_module,-
8401,Clo1313_0742,KEGG_module,-
8402,Clo1313_0743,KEGG_module,-
8403,Clo1313_0744,KEGG_module,-
8404,Clo1313_0745,KEGG_module,-
8405,Clo1313_0746,KEGG_module,-
8406,Clo1313_0747,KEGG_module,-
8407,Clo1313_0748,KEGG_module,-
8408,Clo1313_0749,KEGG_module,M00359
8409,Clo1313_0749,KEGG_module,M00360
8410,Clo1313_0750,KEGG_module,-
8411,Clo1313_0751,KEGG_module,-
8412,Clo1313_0753,KEGG_module,-
8413,Clo1313_0754,KEGG_module,-
8414,Clo1313_0755,KEGG_module,-
8415,Clo1313_0756,KEGG_module,-
8416,Clo1313_0757,KEGG_module,-
8417,Clo1313_0758,KEGG_module,-
8418,Clo1313_0759,KEGG_module,-
8419,Clo1313_0760,KEGG_module,-
8420,Clo1313_0762,KEGG_module,-
8421,Clo1313_0764,KEGG_module,-
8422,Clo1313_0765,KEGG_module,-
8423,Clo1313_0766,KEGG_module,-
8424,Clo1313_0767,KEGG_module,-
8425,Clo1313_0770,KEGG_module,-
8426,Clo1313_0772,KEGG_module,-
8427,Clo1313_0773,KEGG_module,-
8428,Clo1313_0777,KEGG_module,-
8429,Clo1313_0778,KEGG_module,-
8430,Clo1313_0779,KEGG_module,-
8431,Clo1313_0780,KEGG_module,-
8432,Clo1313_0781,KEGG_module,-
8433,Clo1313_0782,KEGG_module,-
8434,Clo1313_0783,KEGG_module,-
8435,Clo1313_0784,KEGG_module,-
8436,Clo1313_0785,KEGG_module,-
8437,Clo1313_0786,KEGG_module,-
8438,Clo1313_0787,KEGG_module,-
8439,Clo1313_0788,KEGG_module,-
8440,Clo1313_0789,KEGG_module,-
8441,Clo1313_0790,KEGG_module,-
8442,Clo1313_0791,KEGG_module,-
8443,Clo1313_0792,KEGG_module,-
8444,Clo1313_0793,KEGG_module,M00236
8445,Clo1313_0794,KEGG_module,M00236
8446,Clo1313_0795,KEGG_module,M00236
8447,Clo1313_0796,KEGG_module,-
8448,Clo1313_0797,KEGG_module,-
8449,Clo1313_0799,KEGG_module,-
8450,Clo1313_0800,KEGG_module,-
8451,Clo1313_0801,KEGG_module,-
8452,Clo1313_0802,KEGG_module,-
8453,Clo1313_0803,KEGG_module,-
8454,Clo1313_0805,KEGG_module,M00728
8455,Clo1313_0807,KEGG_module,-
8456,Clo1313_0809,KEGG_module,-
8457,Clo1313_0811,KEGG_module,-
8458,Clo1313_0812,KEGG_module,-
8459,Clo1313_0813,KEGG_module,M00001
8460,Clo1313_0813,KEGG_module,M00002
8461,Clo1313_0813,KEGG_module,M00003
8462,Clo1313_0814,KEGG_module,-
8463,Clo1313_0815,KEGG_module,M00083
8464,Clo1313_0815,KEGG_module,M00572
8465,Clo1313_0816,KEGG_module,-
8466,Clo1313_0817,KEGG_module,-
8467,Clo1313_0818,KEGG_module,-
8468,Clo1313_0819,KEGG_module,-
8469,Clo1313_0820,KEGG_module,-
8470,Clo1313_0821,KEGG_module,-
8471,Clo1313_0822,KEGG_module,-
8472,Clo1313_0823,KEGG_module,-
8473,Clo1313_0824,KEGG_module,-
8474,Clo1313_0825,KEGG_module,-
8475,Clo1313_0827,KEGG_module,-
8476,Clo1313_0828,KEGG_module,-
8477,Clo1313_0829,KEGG_module,-
8478,Clo1313_0830,KEGG_module,-
8479,Clo1313_0832,KEGG_module,-
8480,Clo1313_0833,KEGG_module,-
8481,Clo1313_0834,KEGG_module,-
8482,Clo1313_0835,KEGG_module,-
8483,Clo1313_0836,KEGG_module,M00023
8484,Clo1313_0837,KEGG_module,M00023
8485,Clo1313_0838,KEGG_module,-
8486,Clo1313_0839,KEGG_module,-
8487,Clo1313_0840,KEGG_module,-
8488,Clo1313_0841,KEGG_module,-
8489,Clo1313_0842,KEGG_module,-
8490,Clo1313_0843,KEGG_module,-
8491,Clo1313_0844,KEGG_module,-
8492,Clo1313_0845,KEGG_module,-
8493,Clo1313_0846,KEGG_module,-
8494,Clo1313_0847,KEGG_module,-
8495,Clo1313_0848,KEGG_module,-
8496,Clo1313_0849,KEGG_module,-
8497,Clo1313_0850,KEGG_module,-
8498,Clo1313_0851,KEGG_module,-
8499,Clo1313_0852,KEGG_module,-
8500,Clo1313_0853,KEGG_module,-
8501,Clo1313_0855,KEGG_module,M00434
8502,Clo1313_0855,KEGG_module,M00459
8503,Clo1313_0856,KEGG_module,M00434
8504,Clo1313_0857,KEGG_module,M00432
8505,Clo1313_0858,KEGG_module,-
8506,Clo1313_0859,KEGG_module,-
8507,Clo1313_0860,KEGG_module,-
8508,Clo1313_0861,KEGG_module,-
8509,Clo1313_0862,KEGG_module,-
8510,Clo1313_0863,KEGG_module,M00335
8511,Clo1313_0864,KEGG_module,M00126
8512,Clo1313_0864,KEGG_module,M00841
8513,Clo1313_0865,KEGG_module,-
8514,Clo1313_0866,KEGG_module,-
8515,Clo1313_0867,KEGG_module,M00018
8516,Clo1313_0868,KEGG_module,M00506
8517,Clo1313_0869,KEGG_module,-
8518,Clo1313_0870,KEGG_module,-
8519,Clo1313_0871,KEGG_module,M00024
8520,Clo1313_0871,KEGG_module,M00025
8521,Clo1313_0872,KEGG_module,M00017
8522,Clo1313_0872,KEGG_module,M00018
8523,Clo1313_0873,KEGG_module,M00016
8524,Clo1313_0873,KEGG_module,M00017
8525,Clo1313_0873,KEGG_module,M00018
8526,Clo1313_0873,KEGG_module,M00033
8527,Clo1313_0873,KEGG_module,M00525
8528,Clo1313_0873,KEGG_module,M00526
8529,Clo1313_0873,KEGG_module,M00527
8530,Clo1313_0874,KEGG_module,M00727
8531,Clo1313_0875,KEGG_module,-
8532,Clo1313_0876,KEGG_module,-
8533,Clo1313_0880,KEGG_module,-
8534,Clo1313_0883,KEGG_module,-
8535,Clo1313_0884,KEGG_module,-
8536,Clo1313_0885,KEGG_module,-
8537,Clo1313_0886,KEGG_module,-
8538,Clo1313_0887,KEGG_module,M00793
8539,Clo1313_0888,KEGG_module,-
8540,Clo1313_0889,KEGG_module,-
8541,Clo1313_0890,KEGG_module,-
8542,Clo1313_0891,KEGG_module,-
8543,Clo1313_0892,KEGG_module,-
8544,Clo1313_0893,KEGG_module,-
8545,Clo1313_0894,KEGG_module,-
8546,Clo1313_0895,KEGG_module,-
8547,Clo1313_0896,KEGG_module,-
8548,Clo1313_0897,KEGG_module,-
8549,Clo1313_0898,KEGG_module,-
8550,Clo1313_0899,KEGG_module,-
8551,Clo1313_0900,KEGG_module,-
8552,Clo1313_0901,KEGG_module,M00014
8553,Clo1313_0901,KEGG_module,M00129
8554,Clo1313_0901,KEGG_module,M00361
8555,Clo1313_0901,KEGG_module,M00362
8556,Clo1313_0902,KEGG_module,-
8557,Clo1313_0903,KEGG_module,-
8558,Clo1313_0904,KEGG_module,-
8559,Clo1313_0905,KEGG_module,M00178
8560,Clo1313_0906,KEGG_module,-
8561,Clo1313_0907,KEGG_module,-
8562,Clo1313_0908,KEGG_module,-
8563,Clo1313_0909,KEGG_module,-
8564,Clo1313_0910,KEGG_module,-
8565,Clo1313_0911,KEGG_module,-
8566,Clo1313_0912,KEGG_module,-
8567,Clo1313_0913,KEGG_module,-
8568,Clo1313_0914,KEGG_module,-
8569,Clo1313_0915,KEGG_module,-
8570,Clo1313_0916,KEGG_module,-
8571,Clo1313_0917,KEGG_module,-
8572,Clo1313_0918,KEGG_module,-
8573,Clo1313_0919,KEGG_module,M00331
8574,Clo1313_0920,KEGG_module,-
8575,Clo1313_0921,KEGG_module,-
8576,Clo1313_0922,KEGG_module,M00359
8577,Clo1313_0922,KEGG_module,M00360
8578,Clo1313_0923,KEGG_module,M00359
8579,Clo1313_0923,KEGG_module,M00360
8580,Clo1313_0924,KEGG_module,-
8581,Clo1313_0925,KEGG_module,-
8582,Clo1313_0926,KEGG_module,-
8583,Clo1313_0927,KEGG_module,-
8584,Clo1313_0928,KEGG_module,-
8585,Clo1313_0929,KEGG_module,-
8586,Clo1313_0930,KEGG_module,-
8587,Clo1313_0931,KEGG_module,-
8588,Clo1313_0932,KEGG_module,-
8589,Clo1313_0933,KEGG_module,-
8590,Clo1313_0934,KEGG_module,-
8591,Clo1313_0935,KEGG_module,-
8592,Clo1313_0936,KEGG_module,-
8593,Clo1313_0937,KEGG_module,M00506
8594,Clo1313_0939,KEGG_module,-
8595,Clo1313_0940,KEGG_module,-
8596,Clo1313_0941,KEGG_module,M00050
8597,Clo1313_0942,KEGG_module,M00183
8598,Clo1313_0943,KEGG_module,M00120
8599,Clo1313_0944,KEGG_module,M00359
8600,Clo1313_0944,KEGG_module,M00360
8601,Clo1313_0945,KEGG_module,M00495
8602,Clo1313_0947,KEGG_module,-
8603,Clo1313_0948,KEGG_module,-
8604,Clo1313_0949,KEGG_module,M00169
8605,Clo1313_0949,KEGG_module,M00171
8606,Clo1313_0949,KEGG_module,M00172
8607,Clo1313_0949,KEGG_module,M00173
8608,Clo1313_0950,KEGG_module,-
8609,Clo1313_0951,KEGG_module,-
8610,Clo1313_0952,KEGG_module,-
8611,Clo1313_0953,KEGG_module,-
8612,Clo1313_0954,KEGG_module,-
8613,Clo1313_0955,KEGG_module,-
8614,Clo1313_0956,KEGG_module,-
8615,Clo1313_0957,KEGG_module,-
8616,Clo1313_0958,KEGG_module,-
8617,Clo1313_0959,KEGG_module,M00178
8618,Clo1313_0960,KEGG_module,M00122
8619,Clo1313_0961,KEGG_module,-
8620,Clo1313_0962,KEGG_module,-
8621,Clo1313_0964,KEGG_module,-
8622,Clo1313_0965,KEGG_module,-
8623,Clo1313_0966,KEGG_module,M00001
8624,Clo1313_0966,KEGG_module,M00002
8625,Clo1313_0966,KEGG_module,M00003
8626,Clo1313_0967,KEGG_module,-
8627,Clo1313_0968,KEGG_module,-
8628,Clo1313_0969,KEGG_module,-
8629,Clo1313_0970,KEGG_module,-
8630,Clo1313_0971,KEGG_module,-
8631,Clo1313_0972,KEGG_module,M00728
8632,Clo1313_0973,KEGG_module,-
8633,Clo1313_0974,KEGG_module,M00565
8634,Clo1313_0975,KEGG_module,-
8635,Clo1313_0976,KEGG_module,-
8636,Clo1313_0977,KEGG_module,-
8637,Clo1313_0978,KEGG_module,-
8638,Clo1313_0979,KEGG_module,M00178
8639,Clo1313_0980,KEGG_module,-
8640,Clo1313_0981,KEGG_module,-
8641,Clo1313_0982,KEGG_module,M00120
8642,Clo1313_0983,KEGG_module,-
8643,Clo1313_0984,KEGG_module,-
8644,Clo1313_0985,KEGG_module,-
8645,Clo1313_0986,KEGG_module,-
8646,Clo1313_0987,KEGG_module,-
8647,Clo1313_0988,KEGG_module,-
8648,Clo1313_0989,KEGG_module,-
8649,Clo1313_0990,KEGG_module,M00478
8650,Clo1313_0991,KEGG_module,-
8651,Clo1313_0992,KEGG_module,-
8652,Clo1313_0993,KEGG_module,M00114
8653,Clo1313_0993,KEGG_module,M00549
8654,Clo1313_0994,KEGG_module,M00260
8655,Clo1313_0995,KEGG_module,-
8656,Clo1313_0996,KEGG_module,-
8657,Clo1313_0997,KEGG_module,M00001
8658,Clo1313_0997,KEGG_module,M00345
8659,Clo1313_0998,KEGG_module,-
8660,Clo1313_0999,KEGG_module,-
8661,Clo1313_1000,KEGG_module,-
8662,Clo1313_1001,KEGG_module,-
8663,Clo1313_1002,KEGG_module,-
8664,Clo1313_1003,KEGG_module,-
8665,Clo1313_1004,KEGG_module,-
8666,Clo1313_1005,KEGG_module,-
8667,Clo1313_1006,KEGG_module,-
8668,Clo1313_1007,KEGG_module,-
8669,Clo1313_1008,KEGG_module,M00048
8670,Clo1313_1009,KEGG_module,M00048
8671,Clo1313_1010,KEGG_module,M00048
8672,Clo1313_1011,KEGG_module,M00048
8673,Clo1313_1012,KEGG_module,M00048
8674,Clo1313_1013,KEGG_module,M00048
8675,Clo1313_1014,KEGG_module,-
8676,Clo1313_1015,KEGG_module,-
8677,Clo1313_1016,KEGG_module,M00115
8678,Clo1313_1017,KEGG_module,M00115
8679,Clo1313_1018,KEGG_module,-
8680,Clo1313_1019,KEGG_module,-
8681,Clo1313_1020,KEGG_module,M00359
8682,Clo1313_1020,KEGG_module,M00360
8683,Clo1313_1021,KEGG_module,-
8684,Clo1313_1022,KEGG_module,-
8685,Clo1313_1023,KEGG_module,-
8686,Clo1313_1024,KEGG_module,M00086
8687,Clo1313_1025,KEGG_module,-
8688,Clo1313_1026,KEGG_module,M00429
8689,Clo1313_1027,KEGG_module,-
8690,Clo1313_1029,KEGG_module,M00359
8691,Clo1313_1029,KEGG_module,M00360
8692,Clo1313_1030,KEGG_module,M00053
8693,Clo1313_1031,KEGG_module,M00126
8694,Clo1313_1031,KEGG_module,M00840
8695,Clo1313_1032,KEGG_module,-
8696,Clo1313_1033,KEGG_module,M00178
8697,Clo1313_1034,KEGG_module,M00178
8698,Clo1313_1035,KEGG_module,-
8699,Clo1313_1036,KEGG_module,-
8700,Clo1313_1037,KEGG_module,-
8701,Clo1313_1038,KEGG_module,-
8702,Clo1313_1039,KEGG_module,-
8703,Clo1313_1040,KEGG_module,-
8704,Clo1313_1041,KEGG_module,-
8705,Clo1313_1042,KEGG_module,-
8706,Clo1313_1043,KEGG_module,-
8707,Clo1313_1044,KEGG_module,-
8708,Clo1313_1045,KEGG_module,-
8709,Clo1313_1046,KEGG_module,M00023
8710,Clo1313_1047,KEGG_module,-
8711,Clo1313_1048,KEGG_module,-
8712,Clo1313_1049,KEGG_module,-
8713,Clo1313_1050,KEGG_module,-
8714,Clo1313_1051,KEGG_module,-
8715,Clo1313_1052,KEGG_module,-
8716,Clo1313_1053,KEGG_module,-
8717,Clo1313_1054,KEGG_module,-
8718,Clo1313_1055,KEGG_module,-
8719,Clo1313_1056,KEGG_module,-
8720,Clo1313_1057,KEGG_module,M00035
8721,Clo1313_1058,KEGG_module,-
8722,Clo1313_1059,KEGG_module,-
8723,Clo1313_1060,KEGG_module,-
8724,Clo1313_1065,KEGG_module,-
8725,Clo1313_1066,KEGG_module,-
8726,Clo1313_1067,KEGG_module,-
8727,Clo1313_1068,KEGG_module,-
8728,Clo1313_1069,KEGG_module,-
8729,Clo1313_1070,KEGG_module,M00254
8730,Clo1313_1071,KEGG_module,M00254
8731,Clo1313_1072,KEGG_module,M00254
8732,Clo1313_1073,KEGG_module,-
8733,Clo1313_1074,KEGG_module,-
8734,Clo1313_1075,KEGG_module,-
8735,Clo1313_1076,KEGG_module,-
8736,Clo1313_1077,KEGG_module,-
8737,Clo1313_1078,KEGG_module,-
8738,Clo1313_1079,KEGG_module,-
8739,Clo1313_1080,KEGG_module,-
8740,Clo1313_1081,KEGG_module,-
8741,Clo1313_1082,KEGG_module,-
8742,Clo1313_1083,KEGG_module,-
8743,Clo1313_1084,KEGG_module,-
8744,Clo1313_1085,KEGG_module,-
8745,Clo1313_1086,KEGG_module,-
8746,Clo1313_1087,KEGG_module,-
8747,Clo1313_1089,KEGG_module,-
8748,Clo1313_1090,KEGG_module,M00016
8749,Clo1313_1090,KEGG_module,M00525
8750,Clo1313_1090,KEGG_module,M00526
8751,Clo1313_1090,KEGG_module,M00527
8752,Clo1313_1091,KEGG_module,M00627
8753,Clo1313_1091,KEGG_module,M00628
8754,Clo1313_1093,KEGG_module,-
8755,Clo1313_1094,KEGG_module,-
8756,Clo1313_1095,KEGG_module,-
8757,Clo1313_1096,KEGG_module,-
8758,Clo1313_1097,KEGG_module,-
8759,Clo1313_1098,KEGG_module,-
8760,Clo1313_1099,KEGG_module,-
8761,Clo1313_1100,KEGG_module,-
8762,Clo1313_1101,KEGG_module,-
8763,Clo1313_1102,KEGG_module,-
8764,Clo1313_1103,KEGG_module,-
8765,Clo1313_1104,KEGG_module,-
8766,Clo1313_1106,KEGG_module,-
8767,Clo1313_1107,KEGG_module,-
8768,Clo1313_1108,KEGG_module,-
8769,Clo1313_1109,KEGG_module,M00331
8770,Clo1313_1110,KEGG_module,-
8771,Clo1313_1111,KEGG_module,-
8772,Clo1313_1112,KEGG_module,-
8773,Clo1313_1113,KEGG_module,-
8774,Clo1313_1114,KEGG_module,-
8775,Clo1313_1115,KEGG_module,-
8776,Clo1313_1116,KEGG_module,-
8777,Clo1313_1117,KEGG_module,-
8778,Clo1313_1118,KEGG_module,-
8779,Clo1313_1119,KEGG_module,-
8780,Clo1313_1120,KEGG_module,M00140
8781,Clo1313_1120,KEGG_module,M00377
8782,Clo1313_1121,KEGG_module,-
8783,Clo1313_1122,KEGG_module,-
8784,Clo1313_1123,KEGG_module,-
8785,Clo1313_1124,KEGG_module,-
8786,Clo1313_1125,KEGG_module,-
8787,Clo1313_1126,KEGG_module,-
8788,Clo1313_1127,KEGG_module,M00793
8789,Clo1313_1128,KEGG_module,-
8790,Clo1313_1129,KEGG_module,-
8791,Clo1313_1130,KEGG_module,-
8792,Clo1313_1132,KEGG_module,-
8793,Clo1313_1133,KEGG_module,-
8794,Clo1313_1134,KEGG_module,M00114
8795,Clo1313_1134,KEGG_module,M00361
8796,Clo1313_1134,KEGG_module,M00362
8797,Clo1313_1135,KEGG_module,-
8798,Clo1313_1136,KEGG_module,-
8799,Clo1313_1137,KEGG_module,-
8800,Clo1313_1138,KEGG_module,-
8801,Clo1313_1139,KEGG_module,-
8802,Clo1313_1140,KEGG_module,-
8803,Clo1313_1141,KEGG_module,-
8804,Clo1313_1142,KEGG_module,-
8805,Clo1313_1143,KEGG_module,-
8806,Clo1313_1144,KEGG_module,-
8807,Clo1313_1145,KEGG_module,-
8808,Clo1313_1146,KEGG_module,-
8809,Clo1313_1147,KEGG_module,-
8810,Clo1313_1148,KEGG_module,-
8811,Clo1313_1149,KEGG_module,-
8812,Clo1313_1150,KEGG_module,-
8813,Clo1313_1151,KEGG_module,-
8814,Clo1313_1152,KEGG_module,M00651
8815,Clo1313_1153,KEGG_module,-
8816,Clo1313_1154,KEGG_module,-
8817,Clo1313_1155,KEGG_module,M00140
8818,Clo1313_1155,KEGG_module,M00141
8819,Clo1313_1155,KEGG_module,M00346
8820,Clo1313_1155,KEGG_module,M00532
8821,Clo1313_1156,KEGG_module,-
8822,Clo1313_1157,KEGG_module,-
8823,Clo1313_1158,KEGG_module,-
8824,Clo1313_1159,KEGG_module,-
8825,Clo1313_1160,KEGG_module,-
8826,Clo1313_1161,KEGG_module,-
8827,Clo1313_1162,KEGG_module,-
8828,Clo1313_1163,KEGG_module,M00729
8829,Clo1313_1164,KEGG_module,-
8830,Clo1313_1165,KEGG_module,-
8831,Clo1313_1166,KEGG_module,-
8832,Clo1313_1167,KEGG_module,M00207
8833,Clo1313_1171,KEGG_module,-
8834,Clo1313_1172,KEGG_module,-
8835,Clo1313_1173,KEGG_module,M00260
8836,Clo1313_1174,KEGG_module,M00178
8837,Clo1313_1175,KEGG_module,-
8838,Clo1313_1176,KEGG_module,-
8839,Clo1313_1177,KEGG_module,-
8840,Clo1313_1178,KEGG_module,-
8841,Clo1313_1180,KEGG_module,-
8842,Clo1313_1181,KEGG_module,-
8843,Clo1313_1182,KEGG_module,-
8844,Clo1313_1183,KEGG_module,-
8845,Clo1313_1184,KEGG_module,-
8846,Clo1313_1185,KEGG_module,M00357
8847,Clo1313_1185,KEGG_module,M00579
8848,Clo1313_1186,KEGG_module,M00357
8849,Clo1313_1186,KEGG_module,M00579
8850,Clo1313_1187,KEGG_module,-
8851,Clo1313_1188,KEGG_module,M00178
8852,Clo1313_1189,KEGG_module,-
8853,Clo1313_1190,KEGG_module,-
8854,Clo1313_1191,KEGG_module,M00089
8855,Clo1313_1192,KEGG_module,-
8856,Clo1313_1193,KEGG_module,-
8857,Clo1313_1194,KEGG_module,M00207
8858,Clo1313_1195,KEGG_module,M00207
8859,Clo1313_1196,KEGG_module,M00207
8860,Clo1313_1197,KEGG_module,-
8861,Clo1313_1198,KEGG_module,M00727
8862,Clo1313_1199,KEGG_module,-
8863,Clo1313_1200,KEGG_module,-
8864,Clo1313_1201,KEGG_module,-
8865,Clo1313_1202,KEGG_module,-
8866,Clo1313_1203,KEGG_module,-
8867,Clo1313_1204,KEGG_module,-
8868,Clo1313_1205,KEGG_module,-
8869,Clo1313_1206,KEGG_module,-
8870,Clo1313_1207,KEGG_module,-
8871,Clo1313_1208,KEGG_module,-
8872,Clo1313_1209,KEGG_module,M00178
8873,Clo1313_1209,KEGG_module,M00179
8874,Clo1313_1210,KEGG_module,-
8875,Clo1313_1211,KEGG_module,-
8876,Clo1313_1212,KEGG_module,-
8877,Clo1313_1213,KEGG_module,-
8878,Clo1313_1214,KEGG_module,-
8879,Clo1313_1215,KEGG_module,M00093
8880,Clo1313_1216,KEGG_module,M00096
8881,Clo1313_1217,KEGG_module,-
8882,Clo1313_1218,KEGG_module,M00096
8883,Clo1313_1219,KEGG_module,M00260
8884,Clo1313_1221,KEGG_module,-
8885,Clo1313_1222,KEGG_module,-
8886,Clo1313_1223,KEGG_module,-
8887,Clo1313_1224,KEGG_module,-
8888,Clo1313_1225,KEGG_module,-
8889,Clo1313_1226,KEGG_module,-
8890,Clo1313_1227,KEGG_module,-
8891,Clo1313_1228,KEGG_module,-
8892,Clo1313_1229,KEGG_module,M00125
8893,Clo1313_1230,KEGG_module,-
8894,Clo1313_1231,KEGG_module,-
8895,Clo1313_1232,KEGG_module,-
8896,Clo1313_1233,KEGG_module,-
8897,Clo1313_1234,KEGG_module,-
8898,Clo1313_1235,KEGG_module,-
8899,Clo1313_1236,KEGG_module,-
8900,Clo1313_1237,KEGG_module,-
8901,Clo1313_1238,KEGG_module,-
8902,Clo1313_1239,KEGG_module,-
8903,Clo1313_1240,KEGG_module,-
8904,Clo1313_1241,KEGG_module,-
8905,Clo1313_1242,KEGG_module,-
8906,Clo1313_1243,KEGG_module,-
8907,Clo1313_1244,KEGG_module,-
8908,Clo1313_1245,KEGG_module,-
8909,Clo1313_1248,KEGG_module,-
8910,Clo1313_1249,KEGG_module,-
8911,Clo1313_1250,KEGG_module,-
8912,Clo1313_1251,KEGG_module,M00122
8913,Clo1313_1252,KEGG_module,M00016
8914,Clo1313_1252,KEGG_module,M00017
8915,Clo1313_1252,KEGG_module,M00018
8916,Clo1313_1252,KEGG_module,M00033
8917,Clo1313_1252,KEGG_module,M00525
8918,Clo1313_1252,KEGG_module,M00526
8919,Clo1313_1252,KEGG_module,M00527
8920,Clo1313_1253,KEGG_module,M00016
8921,Clo1313_1253,KEGG_module,M00525
8922,Clo1313_1253,KEGG_module,M00526
8923,Clo1313_1253,KEGG_module,M00527
8924,Clo1313_1254,KEGG_module,M00016
8925,Clo1313_1254,KEGG_module,M00525
8926,Clo1313_1254,KEGG_module,M00526
8927,Clo1313_1254,KEGG_module,M00527
8928,Clo1313_1255,KEGG_module,M00016
8929,Clo1313_1255,KEGG_module,M00017
8930,Clo1313_1255,KEGG_module,M00018
8931,Clo1313_1255,KEGG_module,M00033
8932,Clo1313_1255,KEGG_module,M00525
8933,Clo1313_1255,KEGG_module,M00526
8934,Clo1313_1255,KEGG_module,M00527
8935,Clo1313_1256,KEGG_module,-
8936,Clo1313_1257,KEGG_module,-
8937,Clo1313_1258,KEGG_module,-
8938,Clo1313_1259,KEGG_module,M00335
8939,Clo1313_1260,KEGG_module,-
8940,Clo1313_1261,KEGG_module,-
8941,Clo1313_1262,KEGG_module,-
8942,Clo1313_1264,KEGG_module,M00051
8943,Clo1313_1265,KEGG_module,M00051
8944,Clo1313_1266,KEGG_module,M00051
8945,Clo1313_1267,KEGG_module,M00051
8946,Clo1313_1268,KEGG_module,M00051
8947,Clo1313_1269,KEGG_module,-
8948,Clo1313_1270,KEGG_module,M00051
8949,Clo1313_1271,KEGG_module,-
8950,Clo1313_1272,KEGG_module,-
8951,Clo1313_1273,KEGG_module,-
8952,Clo1313_1274,KEGG_module,-
8953,Clo1313_1275,KEGG_module,-
8954,Clo1313_1276,KEGG_module,-
8955,Clo1313_1279,KEGG_module,-
8956,Clo1313_1280,KEGG_module,M00089
8957,Clo1313_1281,KEGG_module,M00082
8958,Clo1313_1281,KEGG_module,M00083
8959,Clo1313_1282,KEGG_module,M00082
8960,Clo1313_1283,KEGG_module,M00083
8961,Clo1313_1283,KEGG_module,M00572
8962,Clo1313_1284,KEGG_module,-
8963,Clo1313_1285,KEGG_module,M00083
8964,Clo1313_1285,KEGG_module,M00572
8965,Clo1313_1286,KEGG_module,-
8966,Clo1313_1287,KEGG_module,-
8967,Clo1313_1288,KEGG_module,-
8968,Clo1313_1289,KEGG_module,M00124
8969,Clo1313_1290,KEGG_module,-
8970,Clo1313_1291,KEGG_module,M00335
8971,Clo1313_1292,KEGG_module,-
8972,Clo1313_1293,KEGG_module,-
8973,Clo1313_1294,KEGG_module,-
8974,Clo1313_1295,KEGG_module,M00526
8975,Clo1313_1296,KEGG_module,-
8976,Clo1313_1297,KEGG_module,-
8977,Clo1313_1298,KEGG_module,-
8978,Clo1313_1299,KEGG_module,-
8979,Clo1313_1300,KEGG_module,-
8980,Clo1313_1301,KEGG_module,M00359
8981,Clo1313_1301,KEGG_module,M00360
8982,Clo1313_1302,KEGG_module,-
8983,Clo1313_1303,KEGG_module,-
8984,Clo1313_1304,KEGG_module,-
8985,Clo1313_1305,KEGG_module,-
8986,Clo1313_1306,KEGG_module,-
8987,Clo1313_1308,KEGG_module,M00239
8988,Clo1313_1309,KEGG_module,-
8989,Clo1313_1310,KEGG_module,-
8990,Clo1313_1311,KEGG_module,-
8991,Clo1313_1312,KEGG_module,-
8992,Clo1313_1313,KEGG_module,-
8993,Clo1313_1314,KEGG_module,M00335
8994,Clo1313_1315,KEGG_module,M00335
8995,Clo1313_1316,KEGG_module,M00119
8996,Clo1313_1317,KEGG_module,M00119
8997,Clo1313_1318,KEGG_module,M00119
8998,Clo1313_1319,KEGG_module,-
8999,Clo1313_1320,KEGG_module,-
9000,Clo1313_1321,KEGG_module,-
9001,Clo1313_1323,KEGG_module,-
9002,Clo1313_1324,KEGG_module,-
9003,Clo1313_1325,KEGG_module,-
9004,Clo1313_1327,KEGG_module,-
9005,Clo1313_1328,KEGG_module,-
9006,Clo1313_1329,KEGG_module,-
9007,Clo1313_1330,KEGG_module,-
9008,Clo1313_1331,KEGG_module,-
9009,Clo1313_1332,KEGG_module,-
9010,Clo1313_1333,KEGG_module,-
9011,Clo1313_1334,KEGG_module,-
9012,Clo1313_1335,KEGG_module,M00120
9013,Clo1313_1336,KEGG_module,-
9014,Clo1313_1337,KEGG_module,-
9015,Clo1313_1338,KEGG_module,-
9016,Clo1313_1339,KEGG_module,-
9017,Clo1313_1340,KEGG_module,M00022
9018,Clo1313_1341,KEGG_module,-
9019,Clo1313_1342,KEGG_module,-
9020,Clo1313_1343,KEGG_module,-
9021,Clo1313_1344,KEGG_module,M00023
9022,Clo1313_1345,KEGG_module,M00023
9023,Clo1313_1346,KEGG_module,M00023
9024,Clo1313_1347,KEGG_module,M00023
9025,Clo1313_1348,KEGG_module,M00023
9026,Clo1313_1349,KEGG_module,-
9027,Clo1313_1351,KEGG_module,-
9028,Clo1313_1352,KEGG_module,-
9029,Clo1313_1353,KEGG_module,M00009
9030,Clo1313_1353,KEGG_module,M00011
9031,Clo1313_1353,KEGG_module,M00173
9032,Clo1313_1353,KEGG_module,M00620
9033,Clo1313_1354,KEGG_module,M00009
9034,Clo1313_1354,KEGG_module,M00011
9035,Clo1313_1354,KEGG_module,M00173
9036,Clo1313_1354,KEGG_module,M00620
9037,Clo1313_1355,KEGG_module,M00009
9038,Clo1313_1355,KEGG_module,M00011
9039,Clo1313_1355,KEGG_module,M00173
9040,Clo1313_1355,KEGG_module,M00620
9041,Clo1313_1356,KEGG_module,M00009
9042,Clo1313_1356,KEGG_module,M00011
9043,Clo1313_1356,KEGG_module,M00173
9044,Clo1313_1356,KEGG_module,M00620
9045,Clo1313_1357,KEGG_module,-
9046,Clo1313_1358,KEGG_module,-
9047,Clo1313_1359,KEGG_module,-
9048,Clo1313_1360,KEGG_module,-
9049,Clo1313_1362,KEGG_module,-
9050,Clo1313_1363,KEGG_module,-
9051,Clo1313_1364,KEGG_module,M00019
9052,Clo1313_1364,KEGG_module,M00036
9053,Clo1313_1364,KEGG_module,M00119
9054,Clo1313_1364,KEGG_module,M00570
9055,Clo1313_1365,KEGG_module,-
9056,Clo1313_1366,KEGG_module,M00022
9057,Clo1313_1367,KEGG_module,-
9058,Clo1313_1368,KEGG_module,M00331
9059,Clo1313_1369,KEGG_module,M00429
9060,Clo1313_1370,KEGG_module,-
9061,Clo1313_1371,KEGG_module,M00022
9062,Clo1313_1372,KEGG_module,-
9063,Clo1313_1373,KEGG_module,-
9064,Clo1313_1374,KEGG_module,-
9065,Clo1313_1375,KEGG_module,-
9066,Clo1313_1376,KEGG_module,-
9067,Clo1313_1377,KEGG_module,-
9068,Clo1313_1378,KEGG_module,-
9069,Clo1313_1379,KEGG_module,-
9070,Clo1313_1380,KEGG_module,-
9071,Clo1313_1381,KEGG_module,-
9072,Clo1313_1382,KEGG_module,-
9073,Clo1313_1383,KEGG_module,-
9074,Clo1313_1384,KEGG_module,-
9075,Clo1313_1385,KEGG_module,-
9076,Clo1313_1386,KEGG_module,-
9077,Clo1313_1387,KEGG_module,-
9078,Clo1313_1388,KEGG_module,-
9079,Clo1313_1389,KEGG_module,-
9080,Clo1313_1390,KEGG_module,M00364
9081,Clo1313_1390,KEGG_module,M00366
9082,Clo1313_1391,KEGG_module,-
9083,Clo1313_1392,KEGG_module,-
9084,Clo1313_1393,KEGG_module,M00096
9085,Clo1313_1394,KEGG_module,-
9086,Clo1313_1396,KEGG_module,-
9087,Clo1313_1397,KEGG_module,-
9088,Clo1313_1398,KEGG_module,-
9089,Clo1313_1401,KEGG_module,-
9090,Clo1313_1404,KEGG_module,-
9091,Clo1313_1405,KEGG_module,-
9092,Clo1313_1406,KEGG_module,-
9093,Clo1313_1407,KEGG_module,-
9094,Clo1313_1408,KEGG_module,-
9095,Clo1313_1409,KEGG_module,M00485
9096,Clo1313_1410,KEGG_module,-
9097,Clo1313_1411,KEGG_module,M00506
9098,Clo1313_1412,KEGG_module,-
9099,Clo1313_1413,KEGG_module,-
9100,Clo1313_1414,KEGG_module,M00506
9101,Clo1313_1415,KEGG_module,-
9102,Clo1313_1416,KEGG_module,M00506
9103,Clo1313_1417,KEGG_module,-
9104,Clo1313_1418,KEGG_module,-
9105,Clo1313_1421,KEGG_module,-
9106,Clo1313_1422,KEGG_module,-
9107,Clo1313_1423,KEGG_module,-
9108,Clo1313_1424,KEGG_module,-
9109,Clo1313_1425,KEGG_module,-
9110,Clo1313_1426,KEGG_module,-
9111,Clo1313_1427,KEGG_module,-
9112,Clo1313_1428,KEGG_module,-
9113,Clo1313_1429,KEGG_module,-
9114,Clo1313_1430,KEGG_module,-
9115,Clo1313_1431,KEGG_module,-
9116,Clo1313_1432,KEGG_module,-
9117,Clo1313_1433,KEGG_module,-
9118,Clo1313_1434,KEGG_module,M00359
9119,Clo1313_1434,KEGG_module,M00360
9120,Clo1313_1435,KEGG_module,M00022
9121,Clo1313_1436,KEGG_module,-
9122,Clo1313_1437,KEGG_module,M00051
9123,Clo1313_1438,KEGG_module,-
9124,Clo1313_1439,KEGG_module,-
9125,Clo1313_1440,KEGG_module,-
9126,Clo1313_1441,KEGG_module,-
9127,Clo1313_1442,KEGG_module,-
9128,Clo1313_1443,KEGG_module,-
9129,Clo1313_1444,KEGG_module,-
9130,Clo1313_1445,KEGG_module,-
9131,Clo1313_1446,KEGG_module,-
9132,Clo1313_1447,KEGG_module,-
9133,Clo1313_1448,KEGG_module,-
9134,Clo1313_1449,KEGG_module,M00729
9135,Clo1313_1450,KEGG_module,-
9136,Clo1313_1451,KEGG_module,-
9137,Clo1313_1452,KEGG_module,M00335
9138,Clo1313_1453,KEGG_module,M00178
9139,Clo1313_1454,KEGG_module,-
9140,Clo1313_1455,KEGG_module,-
9141,Clo1313_1456,KEGG_module,-
9142,Clo1313_1457,KEGG_module,M00178
9143,Clo1313_1458,KEGG_module,-
9144,Clo1313_1459,KEGG_module,-
9145,Clo1313_1460,KEGG_module,-
9146,Clo1313_1461,KEGG_module,-
9147,Clo1313_1462,KEGG_module,-
9148,Clo1313_1463,KEGG_module,-
9149,Clo1313_1464,KEGG_module,-
9150,Clo1313_1465,KEGG_module,-
9151,Clo1313_1466,KEGG_module,-
9152,Clo1313_1467,KEGG_module,-
9153,Clo1313_1468,KEGG_module,-
9154,Clo1313_1470,KEGG_module,-
9155,Clo1313_1471,KEGG_module,-
9156,Clo1313_1472,KEGG_module,M00299
9157,Clo1313_1473,KEGG_module,M00299
9158,Clo1313_1474,KEGG_module,M00299
9159,Clo1313_1475,KEGG_module,M00299
9160,Clo1313_1476,KEGG_module,-
9161,Clo1313_1477,KEGG_module,-
9162,Clo1313_1478,KEGG_module,-
9163,Clo1313_1479,KEGG_module,-
9164,Clo1313_1480,KEGG_module,-
9165,Clo1313_1481,KEGG_module,M00048
9166,Clo1313_1481,KEGG_module,M00049
9167,Clo1313_1482,KEGG_module,-
9168,Clo1313_1483,KEGG_module,-
9169,Clo1313_1484,KEGG_module,-
9170,Clo1313_1485,KEGG_module,-
9171,Clo1313_1486,KEGG_module,-
9172,Clo1313_1487,KEGG_module,-
9173,Clo1313_1488,KEGG_module,-
9174,Clo1313_1489,KEGG_module,-
9175,Clo1313_1490,KEGG_module,-
9176,Clo1313_1491,KEGG_module,M00022
9177,Clo1313_1492,KEGG_module,M00022
9178,Clo1313_1493,KEGG_module,-
9179,Clo1313_1494,KEGG_module,-
9180,Clo1313_1495,KEGG_module,-
9181,Clo1313_1496,KEGG_module,-
9182,Clo1313_1497,KEGG_module,-
9183,Clo1313_1498,KEGG_module,-
9184,Clo1313_1499,KEGG_module,M00026
9185,Clo1313_1500,KEGG_module,M00359
9186,Clo1313_1500,KEGG_module,M00360
9187,Clo1313_1501,KEGG_module,-
9188,Clo1313_1502,KEGG_module,-
9189,Clo1313_1503,KEGG_module,-
9190,Clo1313_1504,KEGG_module,-
9191,Clo1313_1505,KEGG_module,-
9192,Clo1313_1506,KEGG_module,-
9193,Clo1313_1507,KEGG_module,-
9194,Clo1313_1508,KEGG_module,M00049
9195,Clo1313_1508,KEGG_module,M00050
9196,Clo1313_1508,KEGG_module,M00052
9197,Clo1313_1508,KEGG_module,M00053
9198,Clo1313_1509,KEGG_module,M00034
9199,Clo1313_1509,KEGG_module,M00133
9200,Clo1313_1510,KEGG_module,M00096
9201,Clo1313_1510,KEGG_module,M00178
9202,Clo1313_1511,KEGG_module,M00089
9203,Clo1313_1512,KEGG_module,M00052
9204,Clo1313_1513,KEGG_module,M00024
9205,Clo1313_1513,KEGG_module,M00025
9206,Clo1313_1514,KEGG_module,-
9207,Clo1313_1515,KEGG_module,-
9208,Clo1313_1516,KEGG_module,-
9209,Clo1313_1517,KEGG_module,M00122
9210,Clo1313_1518,KEGG_module,-
9211,Clo1313_1519,KEGG_module,-
9212,Clo1313_1520,KEGG_module,-
9213,Clo1313_1521,KEGG_module,-
9214,Clo1313_1522,KEGG_module,-
9215,Clo1313_1523,KEGG_module,-
9216,Clo1313_1524,KEGG_module,-
9217,Clo1313_1525,KEGG_module,-
9218,Clo1313_1526,KEGG_module,M00373
9219,Clo1313_1526,KEGG_module,M00741
9220,Clo1313_1527,KEGG_module,-
9221,Clo1313_1528,KEGG_module,-
9222,Clo1313_1529,KEGG_module,M00133
9223,Clo1313_1530,KEGG_module,M00034
9224,Clo1313_1530,KEGG_module,M00133
9225,Clo1313_1531,KEGG_module,-
9226,Clo1313_1532,KEGG_module,-
9227,Clo1313_1533,KEGG_module,-
9228,Clo1313_1534,KEGG_module,-
9229,Clo1313_1535,KEGG_module,-
9230,Clo1313_1536,KEGG_module,-
9231,Clo1313_1537,KEGG_module,M00359
9232,Clo1313_1537,KEGG_module,M00360
9233,Clo1313_1538,KEGG_module,-
9234,Clo1313_1539,KEGG_module,-
9235,Clo1313_1540,KEGG_module,M00016
9236,Clo1313_1540,KEGG_module,M00525
9237,Clo1313_1540,KEGG_module,M00526
9238,Clo1313_1540,KEGG_module,M00527
9239,Clo1313_1541,KEGG_module,-
9240,Clo1313_1542,KEGG_module,M00050
9241,Clo1313_1543,KEGG_module,-
9242,Clo1313_1544,KEGG_module,-
9243,Clo1313_1545,KEGG_module,-
9244,Clo1313_1546,KEGG_module,-
9245,Clo1313_1547,KEGG_module,-
9246,Clo1313_1548,KEGG_module,-
9247,Clo1313_1549,KEGG_module,-
9248,Clo1313_1550,KEGG_module,-
9249,Clo1313_1551,KEGG_module,M00015
9250,Clo1313_1552,KEGG_module,-
9251,Clo1313_1553,KEGG_module,-
9252,Clo1313_1554,KEGG_module,-
9253,Clo1313_1555,KEGG_module,-
9254,Clo1313_1556,KEGG_module,-
9255,Clo1313_1557,KEGG_module,-
9256,Clo1313_1558,KEGG_module,M00742
9257,Clo1313_1559,KEGG_module,M00742
9258,Clo1313_1560,KEGG_module,-
9259,Clo1313_1561,KEGG_module,-
9260,Clo1313_1563,KEGG_module,-
9261,Clo1313_1564,KEGG_module,-
9262,Clo1313_1565,KEGG_module,-
9263,Clo1313_1566,KEGG_module,-
9264,Clo1313_1567,KEGG_module,-
9265,Clo1313_1568,KEGG_module,-
9266,Clo1313_1569,KEGG_module,-
9267,Clo1313_1570,KEGG_module,-
9268,Clo1313_1571,KEGG_module,-
9269,Clo1313_1572,KEGG_module,-
9270,Clo1313_1573,KEGG_module,M00569
9271,Clo1313_1574,KEGG_module,-
9272,Clo1313_1575,KEGG_module,-
9273,Clo1313_1576,KEGG_module,-
9274,Clo1313_1577,KEGG_module,-
9275,Clo1313_1578,KEGG_module,M00121
9276,Clo1313_1578,KEGG_module,M00359
9277,Clo1313_1578,KEGG_module,M00360
9278,Clo1313_1579,KEGG_module,-
9279,Clo1313_1580,KEGG_module,M00053
9280,Clo1313_1581,KEGG_module,M00017
9281,Clo1313_1582,KEGG_module,M00017
9282,Clo1313_1583,KEGG_module,-
9283,Clo1313_1584,KEGG_module,-
9284,Clo1313_1585,KEGG_module,-
9285,Clo1313_1587,KEGG_module,-
9286,Clo1313_1588,KEGG_module,-
9287,Clo1313_1589,KEGG_module,-
9288,Clo1313_1590,KEGG_module,-
9289,Clo1313_1591,KEGG_module,-
9290,Clo1313_1592,KEGG_module,-
9291,Clo1313_1593,KEGG_module,-
9292,Clo1313_1594,KEGG_module,-
9293,Clo1313_1595,KEGG_module,-
9294,Clo1313_1596,KEGG_module,-
9295,Clo1313_1597,KEGG_module,-
9296,Clo1313_1598,KEGG_module,-
9297,Clo1313_1599,KEGG_module,-
9298,Clo1313_1600,KEGG_module,-
9299,Clo1313_1601,KEGG_module,-
9300,Clo1313_1602,KEGG_module,-
9301,Clo1313_1603,KEGG_module,-
9302,Clo1313_1604,KEGG_module,-
9303,Clo1313_1605,KEGG_module,-
9304,Clo1313_1606,KEGG_module,M00034
9305,Clo1313_1607,KEGG_module,M00034
9306,Clo1313_1608,KEGG_module,-
9307,Clo1313_1609,KEGG_module,-
9308,Clo1313_1610,KEGG_module,-
9309,Clo1313_1611,KEGG_module,-
9310,Clo1313_1612,KEGG_module,-
9311,Clo1313_1613,KEGG_module,-
9312,Clo1313_1614,KEGG_module,-
9313,Clo1313_1615,KEGG_module,-
9314,Clo1313_1616,KEGG_module,-
9315,Clo1313_1617,KEGG_module,-
9316,Clo1313_1618,KEGG_module,-
9317,Clo1313_1619,KEGG_module,M00026
9318,Clo1313_1620,KEGG_module,-
9319,Clo1313_1621,KEGG_module,-
9320,Clo1313_1622,KEGG_module,-
9321,Clo1313_1623,KEGG_module,M00429
9322,Clo1313_1624,KEGG_module,-
9323,Clo1313_1626,KEGG_module,-
9324,Clo1313_1627,KEGG_module,M00127
9325,Clo1313_1628,KEGG_module,M00127
9326,Clo1313_1629,KEGG_module,-
9327,Clo1313_1630,KEGG_module,-
9328,Clo1313_1631,KEGG_module,-
9329,Clo1313_1632,KEGG_module,-
9330,Clo1313_1633,KEGG_module,-
9331,Clo1313_1634,KEGG_module,-
9332,Clo1313_1635,KEGG_module,-
9333,Clo1313_1636,KEGG_module,-
9334,Clo1313_1637,KEGG_module,-
9335,Clo1313_1638,KEGG_module,-
9336,Clo1313_1642,KEGG_module,-
9337,Clo1313_1643,KEGG_module,-
9338,Clo1313_1645,KEGG_module,-
9339,Clo1313_1647,KEGG_module,-
9340,Clo1313_1648,KEGG_module,-
9341,Clo1313_1650,KEGG_module,-
9342,Clo1313_1651,KEGG_module,-
9343,Clo1313_1652,KEGG_module,-
9344,Clo1313_1653,KEGG_module,-
9345,Clo1313_1654,KEGG_module,-
9346,Clo1313_1655,KEGG_module,-
9347,Clo1313_1656,KEGG_module,-
9348,Clo1313_1657,KEGG_module,-
9349,Clo1313_1658,KEGG_module,-
9350,Clo1313_1659,KEGG_module,-
9351,Clo1313_1660,KEGG_module,-
9352,Clo1313_1661,KEGG_module,M00004
9353,Clo1313_1661,KEGG_module,M00007
9354,Clo1313_1662,KEGG_module,-
9355,Clo1313_1663,KEGG_module,-
9356,Clo1313_1664,KEGG_module,-
9357,Clo1313_1665,KEGG_module,-
9358,Clo1313_1666,KEGG_module,-
9359,Clo1313_1667,KEGG_module,-
9360,Clo1313_1668,KEGG_module,-
9361,Clo1313_1669,KEGG_module,-
9362,Clo1313_1670,KEGG_module,-
9363,Clo1313_1671,KEGG_module,-
9364,Clo1313_1672,KEGG_module,-
9365,Clo1313_1673,KEGG_module,-
9366,Clo1313_1674,KEGG_module,-
9367,Clo1313_1675,KEGG_module,-
9368,Clo1313_1676,KEGG_module,-
9369,Clo1313_1677,KEGG_module,-
9370,Clo1313_1678,KEGG_module,-
9371,Clo1313_1679,KEGG_module,-
9372,Clo1313_1680,KEGG_module,-
9373,Clo1313_1681,KEGG_module,-
9374,Clo1313_1682,KEGG_module,-
9375,Clo1313_1683,KEGG_module,M00048
9376,Clo1313_1684,KEGG_module,-
9377,Clo1313_1685,KEGG_module,-
9378,Clo1313_1686,KEGG_module,M00357
9379,Clo1313_1687,KEGG_module,-
9380,Clo1313_1688,KEGG_module,M00242
9381,Clo1313_1689,KEGG_module,M00242
9382,Clo1313_1690,KEGG_module,M00242
9383,Clo1313_1691,KEGG_module,-
9384,Clo1313_1692,KEGG_module,-
9385,Clo1313_1693,KEGG_module,-
9386,Clo1313_1694,KEGG_module,-
9387,Clo1313_1695,KEGG_module,-
9388,Clo1313_1696,KEGG_module,-
9389,Clo1313_1697,KEGG_module,M00258
9390,Clo1313_1698,KEGG_module,M00258
9391,Clo1313_1699,KEGG_module,-
9392,Clo1313_1700,KEGG_module,-
9393,Clo1313_1701,KEGG_module,-
9394,Clo1313_1703,KEGG_module,-
9395,Clo1313_1704,KEGG_module,-
9396,Clo1313_1705,KEGG_module,-
9397,Clo1313_1708,KEGG_module,-
9398,Clo1313_1709,KEGG_module,-
9399,Clo1313_1710,KEGG_module,-
9400,Clo1313_1711,KEGG_module,-
9401,Clo1313_1712,KEGG_module,-
9402,Clo1313_1713,KEGG_module,-
9403,Clo1313_1714,KEGG_module,-
9404,Clo1313_1715,KEGG_module,-
9405,Clo1313_1716,KEGG_module,-
9406,Clo1313_1717,KEGG_module,-
9407,Clo1313_1718,KEGG_module,-
9408,Clo1313_1719,KEGG_module,-
9409,Clo1313_1720,KEGG_module,-
9410,Clo1313_1721,KEGG_module,-
9411,Clo1313_1722,KEGG_module,-
9412,Clo1313_1723,KEGG_module,-
9413,Clo1313_1724,KEGG_module,-
9414,Clo1313_1725,KEGG_module,-
9415,Clo1313_1726,KEGG_module,-
9416,Clo1313_1727,KEGG_module,-
9417,Clo1313_1728,KEGG_module,-
9418,Clo1313_1729,KEGG_module,-
9419,Clo1313_1730,KEGG_module,M00506
9420,Clo1313_1731,KEGG_module,M00506
9421,Clo1313_1732,KEGG_module,-
9422,Clo1313_1733,KEGG_module,-
9423,Clo1313_1734,KEGG_module,-
9424,Clo1313_1735,KEGG_module,-
9425,Clo1313_1736,KEGG_module,-
9426,Clo1313_1737,KEGG_module,-
9427,Clo1313_1738,KEGG_module,-
9428,Clo1313_1739,KEGG_module,-
9429,Clo1313_1740,KEGG_module,-
9430,Clo1313_1741,KEGG_module,M00506
9431,Clo1313_1742,KEGG_module,-
9432,Clo1313_1743,KEGG_module,-
9433,Clo1313_1744,KEGG_module,-
9434,Clo1313_1745,KEGG_module,-
9435,Clo1313_1746,KEGG_module,-
9436,Clo1313_1747,KEGG_module,-
9437,Clo1313_1748,KEGG_module,-
9438,Clo1313_1749,KEGG_module,-
9439,Clo1313_1750,KEGG_module,-
9440,Clo1313_1751,KEGG_module,-
9441,Clo1313_1752,KEGG_module,M00332
9442,Clo1313_1752,KEGG_module,M00542
9443,Clo1313_1752,KEGG_module,M00660
9444,Clo1313_1753,KEGG_module,-
9445,Clo1313_1754,KEGG_module,-
9446,Clo1313_1755,KEGG_module,-
9447,Clo1313_1756,KEGG_module,-
9448,Clo1313_1757,KEGG_module,-
9449,Clo1313_1758,KEGG_module,-
9450,Clo1313_1759,KEGG_module,-
9451,Clo1313_1760,KEGG_module,-
9452,Clo1313_1761,KEGG_module,-
9453,Clo1313_1762,KEGG_module,-
9454,Clo1313_1763,KEGG_module,-
9455,Clo1313_1764,KEGG_module,-
9456,Clo1313_1765,KEGG_module,-
9457,Clo1313_1766,KEGG_module,-
9458,Clo1313_1767,KEGG_module,-
9459,Clo1313_1768,KEGG_module,M00240
9460,Clo1313_1768,KEGG_module,M00727
9461,Clo1313_1769,KEGG_module,-
9462,Clo1313_1770,KEGG_module,-
9463,Clo1313_1771,KEGG_module,-
9464,Clo1313_1772,KEGG_module,-
9465,Clo1313_1773,KEGG_module,-
9466,Clo1313_1774,KEGG_module,-
9467,Clo1313_1775,KEGG_module,-
9468,Clo1313_1776,KEGG_module,-
9469,Clo1313_1777,KEGG_module,-
9470,Clo1313_1778,KEGG_module,-
9471,Clo1313_1780,KEGG_module,-
9472,Clo1313_1781,KEGG_module,-
9473,Clo1313_1782,KEGG_module,-
9474,Clo1313_1783,KEGG_module,-
9475,Clo1313_1784,KEGG_module,-
9476,Clo1313_1785,KEGG_module,-
9477,Clo1313_1786,KEGG_module,-
9478,Clo1313_1787,KEGG_module,-
9479,Clo1313_1788,KEGG_module,-
9480,Clo1313_1790,KEGG_module,-
9481,Clo1313_1791,KEGG_module,M00144
9482,Clo1313_1792,KEGG_module,M00144
9483,Clo1313_1793,KEGG_module,M00144
9484,Clo1313_1794,KEGG_module,-
9485,Clo1313_1795,KEGG_module,-
9486,Clo1313_1796,KEGG_module,-
9487,Clo1313_1797,KEGG_module,-
9488,Clo1313_1798,KEGG_module,-
9489,Clo1313_1799,KEGG_module,-
9490,Clo1313_1800,KEGG_module,-
9491,Clo1313_1801,KEGG_module,-
9492,Clo1313_1802,KEGG_module,-
9493,Clo1313_1803,KEGG_module,M00394
9494,Clo1313_1804,KEGG_module,M00178
9495,Clo1313_1804,KEGG_module,M00179
9496,Clo1313_1805,KEGG_module,-
9497,Clo1313_1806,KEGG_module,-
9498,Clo1313_1807,KEGG_module,-
9499,Clo1313_1808,KEGG_module,-
9500,Clo1313_1809,KEGG_module,-
9501,Clo1313_1810,KEGG_module,-
9502,Clo1313_1811,KEGG_module,-
9503,Clo1313_1812,KEGG_module,-
9504,Clo1313_1813,KEGG_module,M00236
9505,Clo1313_1814,KEGG_module,-
9506,Clo1313_1815,KEGG_module,-
9507,Clo1313_1816,KEGG_module,-
9508,Clo1313_1817,KEGG_module,-
9509,Clo1313_1818,KEGG_module,-
9510,Clo1313_1819,KEGG_module,M00186
9511,Clo1313_1820,KEGG_module,-
9512,Clo1313_1821,KEGG_module,-
9513,Clo1313_1822,KEGG_module,-
9514,Clo1313_1823,KEGG_module,-
9515,Clo1313_1824,KEGG_module,-
9516,Clo1313_1825,KEGG_module,-
9517,Clo1313_1826,KEGG_module,-
9518,Clo1313_1827,KEGG_module,-
9519,Clo1313_1828,KEGG_module,M00212
9520,Clo1313_1829,KEGG_module,M00212
9521,Clo1313_1830,KEGG_module,M00212
9522,Clo1313_1831,KEGG_module,-
9523,Clo1313_1832,KEGG_module,-
9524,Clo1313_1833,KEGG_module,M00014
9525,Clo1313_1834,KEGG_module,-
9526,Clo1313_1835,KEGG_module,-
9527,Clo1313_1838,KEGG_module,M00258
9528,Clo1313_1840,KEGG_module,-
9529,Clo1313_1841,KEGG_module,-
9530,Clo1313_1842,KEGG_module,-
9531,Clo1313_1843,KEGG_module,-
9532,Clo1313_1844,KEGG_module,-
9533,Clo1313_1845,KEGG_module,-
9534,Clo1313_1846,KEGG_module,M00050
9535,Clo1313_1847,KEGG_module,M00740
9536,Clo1313_1848,KEGG_module,-
9537,Clo1313_1849,KEGG_module,-
9538,Clo1313_1850,KEGG_module,-
9539,Clo1313_1851,KEGG_module,-
9540,Clo1313_1852,KEGG_module,-
9541,Clo1313_1853,KEGG_module,-
9542,Clo1313_1854,KEGG_module,-
9543,Clo1313_1855,KEGG_module,-
9544,Clo1313_1856,KEGG_module,-
9545,Clo1313_1857,KEGG_module,-
9546,Clo1313_1858,KEGG_module,-
9547,Clo1313_1859,KEGG_module,-
9548,Clo1313_1861,KEGG_module,-
9549,Clo1313_1862,KEGG_module,-
9550,Clo1313_1864,KEGG_module,-
9551,Clo1313_1865,KEGG_module,-
9552,Clo1313_1866,KEGG_module,-
9553,Clo1313_1867,KEGG_module,-
9554,Clo1313_1868,KEGG_module,-
9555,Clo1313_1869,KEGG_module,-
9556,Clo1313_1870,KEGG_module,-
9557,Clo1313_1871,KEGG_module,-
9558,Clo1313_1872,KEGG_module,-
9559,Clo1313_1873,KEGG_module,-
9560,Clo1313_1874,KEGG_module,-
9561,Clo1313_1875,KEGG_module,M00001
9562,Clo1313_1875,KEGG_module,M00003
9563,Clo1313_1875,KEGG_module,M00165
9564,Clo1313_1875,KEGG_module,M00167
9565,Clo1313_1875,KEGG_module,M00344
9566,Clo1313_1875,KEGG_module,M00345
9567,Clo1313_1876,KEGG_module,-
9568,Clo1313_1877,KEGG_module,-
9569,Clo1313_1878,KEGG_module,-
9570,Clo1313_1879,KEGG_module,-
9571,Clo1313_1880,KEGG_module,-
9572,Clo1313_1881,KEGG_module,M00144
9573,Clo1313_1882,KEGG_module,M00144
9574,Clo1313_1883,KEGG_module,-
9575,Clo1313_1884,KEGG_module,-
9576,Clo1313_1885,KEGG_module,M00144
9577,Clo1313_1886,KEGG_module,-
9578,Clo1313_1887,KEGG_module,-
9579,Clo1313_1888,KEGG_module,-
9580,Clo1313_1889,KEGG_module,-
9581,Clo1313_1890,KEGG_module,-
9582,Clo1313_1891,KEGG_module,-
9583,Clo1313_1892,KEGG_module,-
9584,Clo1313_1894,KEGG_module,-
9585,Clo1313_1896,KEGG_module,-
9586,Clo1313_1897,KEGG_module,-
9587,Clo1313_1898,KEGG_module,-
9588,Clo1313_1901,KEGG_module,M00115
9589,Clo1313_1902,KEGG_module,M00359
9590,Clo1313_1902,KEGG_module,M00360
9591,Clo1313_1903,KEGG_module,-
9592,Clo1313_1904,KEGG_module,M00628
9593,Clo1313_1905,KEGG_module,-
9594,Clo1313_1906,KEGG_module,-
9595,Clo1313_1907,KEGG_module,-
9596,Clo1313_1908,KEGG_module,-
9597,Clo1313_1909,KEGG_module,-
9598,Clo1313_1910,KEGG_module,-
9599,Clo1313_1911,KEGG_module,-
9600,Clo1313_1912,KEGG_module,-
9601,Clo1313_1913,KEGG_module,-
9602,Clo1313_1914,KEGG_module,-
9603,Clo1313_1915,KEGG_module,-
9604,Clo1313_1916,KEGG_module,-
9605,Clo1313_1917,KEGG_module,-
9606,Clo1313_1918,KEGG_module,-
9607,Clo1313_1920,KEGG_module,-
9608,Clo1313_1921,KEGG_module,-
9609,Clo1313_1922,KEGG_module,-
9610,Clo1313_1923,KEGG_module,-
9611,Clo1313_1925,KEGG_module,-
9612,Clo1313_1926,KEGG_module,-
9613,Clo1313_1927,KEGG_module,-
9614,Clo1313_1928,KEGG_module,-
9615,Clo1313_1929,KEGG_module,-
9616,Clo1313_1930,KEGG_module,-
9617,Clo1313_1931,KEGG_module,M00020
9618,Clo1313_1931,KEGG_module,M00124
9619,Clo1313_1935,KEGG_module,-
9620,Clo1313_1936,KEGG_module,-
9621,Clo1313_1937,KEGG_module,-
9622,Clo1313_1938,KEGG_module,M00017
9623,Clo1313_1938,KEGG_module,M00018
9624,Clo1313_1939,KEGG_module,M00290
9625,Clo1313_1940,KEGG_module,-
9626,Clo1313_1942,KEGG_module,-
9627,Clo1313_1944,KEGG_module,M00009
9628,Clo1313_1944,KEGG_module,M00010
9629,Clo1313_1944,KEGG_module,M00173
9630,Clo1313_1944,KEGG_module,M00740
9631,Clo1313_1945,KEGG_module,-
9632,Clo1313_1946,KEGG_module,-
9633,Clo1313_1947,KEGG_module,M00565
9634,Clo1313_1948,KEGG_module,-
9635,Clo1313_1949,KEGG_module,-
9636,Clo1313_1950,KEGG_module,-
9637,Clo1313_1951,KEGG_module,-
9638,Clo1313_1953,KEGG_module,M00020
9639,Clo1313_1953,KEGG_module,M00346
9640,Clo1313_1954,KEGG_module,-
9641,Clo1313_1955,KEGG_module,-
9642,Clo1313_1956,KEGG_module,-
9643,Clo1313_1957,KEGG_module,-
9644,Clo1313_1958,KEGG_module,-
9645,Clo1313_1959,KEGG_module,-
9646,Clo1313_1960,KEGG_module,-
9647,Clo1313_1961,KEGG_module,-
9648,Clo1313_1962,KEGG_module,-
9649,Clo1313_1963,KEGG_module,-
9650,Clo1313_1964,KEGG_module,M00346
9651,Clo1313_1964,KEGG_module,M00532
9652,Clo1313_1965,KEGG_module,-
9653,Clo1313_1966,KEGG_module,-
9654,Clo1313_1967,KEGG_module,M00015
9655,Clo1313_1968,KEGG_module,-
9656,Clo1313_1969,KEGG_module,-
9657,Clo1313_1970,KEGG_module,-
9658,Clo1313_1971,KEGG_module,-
9659,Clo1313_1972,KEGG_module,-
9660,Clo1313_1973,KEGG_module,-
9661,Clo1313_1974,KEGG_module,-
9662,Clo1313_1975,KEGG_module,-
9663,Clo1313_1976,KEGG_module,-
9664,Clo1313_1977,KEGG_module,-
9665,Clo1313_1978,KEGG_module,-
9666,Clo1313_1979,KEGG_module,-
9667,Clo1313_1980,KEGG_module,-
9668,Clo1313_1981,KEGG_module,-
9669,Clo1313_1982,KEGG_module,-
9670,Clo1313_1983,KEGG_module,-
9671,Clo1313_1984,KEGG_module,-
9672,Clo1313_1985,KEGG_module,-
9673,Clo1313_1986,KEGG_module,-
9674,Clo1313_1987,KEGG_module,-
9675,Clo1313_1988,KEGG_module,-
9676,Clo1313_1989,KEGG_module,-
9677,Clo1313_1990,KEGG_module,-
9678,Clo1313_1992,KEGG_module,-
9679,Clo1313_1993,KEGG_module,-
9680,Clo1313_1994,KEGG_module,-
9681,Clo1313_1995,KEGG_module,-
9682,Clo1313_1996,KEGG_module,-
9683,Clo1313_1997,KEGG_module,-
9684,Clo1313_1998,KEGG_module,-
9685,Clo1313_1999,KEGG_module,-
9686,Clo1313_2001,KEGG_module,-
9687,Clo1313_2002,KEGG_module,-
9688,Clo1313_2004,KEGG_module,-
9689,Clo1313_2005,KEGG_module,-
9690,Clo1313_2006,KEGG_module,-
9691,Clo1313_2008,KEGG_module,-
9692,Clo1313_2012,KEGG_module,-
9693,Clo1313_2014,KEGG_module,-
9694,Clo1313_2015,KEGG_module,M00001
9695,Clo1313_2015,KEGG_module,M00004
9696,Clo1313_2015,KEGG_module,M00114
9697,Clo1313_2016,KEGG_module,-
9698,Clo1313_2017,KEGG_module,M00359
9699,Clo1313_2017,KEGG_module,M00360
9700,Clo1313_2018,KEGG_module,M00359
9701,Clo1313_2018,KEGG_module,M00360
9702,Clo1313_2019,KEGG_module,-
9703,Clo1313_2020,KEGG_module,-
9704,Clo1313_2021,KEGG_module,-
9705,Clo1313_2022,KEGG_module,-
9706,Clo1313_2023,KEGG_module,-
9707,Clo1313_2024,KEGG_module,-
9708,Clo1313_2026,KEGG_module,-
9709,Clo1313_2027,KEGG_module,-
9710,Clo1313_2028,KEGG_module,-
9711,Clo1313_2029,KEGG_module,-
9712,Clo1313_2030,KEGG_module,M00839
9713,Clo1313_2031,KEGG_module,-
9714,Clo1313_2032,KEGG_module,-
9715,Clo1313_2033,KEGG_module,-
9716,Clo1313_2034,KEGG_module,-
9717,Clo1313_2035,KEGG_module,-
9718,Clo1313_2036,KEGG_module,-
9719,Clo1313_2038,KEGG_module,-
9720,Clo1313_2041,KEGG_module,-
9721,Clo1313_2042,KEGG_module,-
9722,Clo1313_2043,KEGG_module,-
9723,Clo1313_2044,KEGG_module,-
9724,Clo1313_2045,KEGG_module,-
9725,Clo1313_2046,KEGG_module,-
9726,Clo1313_2047,KEGG_module,M00361
9727,Clo1313_2047,KEGG_module,M00362
9728,Clo1313_2047,KEGG_module,M00632
9729,Clo1313_2048,KEGG_module,M00727
9730,Clo1313_2049,KEGG_module,-
9731,Clo1313_2050,KEGG_module,-
9732,Clo1313_2051,KEGG_module,-
9733,Clo1313_2052,KEGG_module,-
9734,Clo1313_2053,KEGG_module,-
9735,Clo1313_2054,KEGG_module,M00029
9736,Clo1313_2054,KEGG_module,M00844
9737,Clo1313_2054,KEGG_module,M00845
9738,Clo1313_2055,KEGG_module,M00029
9739,Clo1313_2055,KEGG_module,M00844
9740,Clo1313_2055,KEGG_module,M00845
9741,Clo1313_2056,KEGG_module,-
9742,Clo1313_2057,KEGG_module,-
9743,Clo1313_2058,KEGG_module,-
9744,Clo1313_2059,KEGG_module,-
9745,Clo1313_2060,KEGG_module,-
9746,Clo1313_2061,KEGG_module,-
9747,Clo1313_2062,KEGG_module,-
9748,Clo1313_2063,KEGG_module,-
9749,Clo1313_2064,KEGG_module,-
9750,Clo1313_2065,KEGG_module,-
9751,Clo1313_2066,KEGG_module,-
9752,Clo1313_2067,KEGG_module,-
9753,Clo1313_2068,KEGG_module,-
9754,Clo1313_2069,KEGG_module,-
9755,Clo1313_2070,KEGG_module,-
9756,Clo1313_2071,KEGG_module,-
9757,Clo1313_2072,KEGG_module,M00178
9758,Clo1313_2073,KEGG_module,-
9759,Clo1313_2074,KEGG_module,M00178
9760,Clo1313_2075,KEGG_module,-
9761,Clo1313_2076,KEGG_module,-
9762,Clo1313_2077,KEGG_module,-
9763,Clo1313_2078,KEGG_module,-
9764,Clo1313_2079,KEGG_module,-
9765,Clo1313_2080,KEGG_module,-
9766,Clo1313_2081,KEGG_module,-
9767,Clo1313_2082,KEGG_module,-
9768,Clo1313_2083,KEGG_module,-
9769,Clo1313_2084,KEGG_module,-
9770,Clo1313_2085,KEGG_module,-
9771,Clo1313_2086,KEGG_module,-
9772,Clo1313_2087,KEGG_module,-
9773,Clo1313_2088,KEGG_module,-
9774,Clo1313_2089,KEGG_module,M00335
9775,Clo1313_2090,KEGG_module,M00001
9776,Clo1313_2090,KEGG_module,M00002
9777,Clo1313_2090,KEGG_module,M00003
9778,Clo1313_2090,KEGG_module,M00346
9779,Clo1313_2090,KEGG_module,M00394
9780,Clo1313_2091,KEGG_module,-
9781,Clo1313_2092,KEGG_module,M00001
9782,Clo1313_2092,KEGG_module,M00002
9783,Clo1313_2092,KEGG_module,M00003
9784,Clo1313_2093,KEGG_module,M00001
9785,Clo1313_2093,KEGG_module,M00002
9786,Clo1313_2093,KEGG_module,M00003
9787,Clo1313_2094,KEGG_module,M00001
9788,Clo1313_2094,KEGG_module,M00002
9789,Clo1313_2094,KEGG_module,M00003
9790,Clo1313_2094,KEGG_module,M00165
9791,Clo1313_2094,KEGG_module,M00166
9792,Clo1313_2094,KEGG_module,M00308
9793,Clo1313_2094,KEGG_module,M00552
9794,Clo1313_2095,KEGG_module,M00001
9795,Clo1313_2095,KEGG_module,M00002
9796,Clo1313_2095,KEGG_module,M00003
9797,Clo1313_2095,KEGG_module,M00165
9798,Clo1313_2095,KEGG_module,M00166
9799,Clo1313_2095,KEGG_module,M00308
9800,Clo1313_2095,KEGG_module,M00552
9801,Clo1313_2096,KEGG_module,-
9802,Clo1313_2097,KEGG_module,-
9803,Clo1313_2098,KEGG_module,-
9804,Clo1313_2099,KEGG_module,M00086
9805,Clo1313_2100,KEGG_module,M00082
9806,Clo1313_2100,KEGG_module,M00083
9807,Clo1313_2101,KEGG_module,-
9808,Clo1313_2102,KEGG_module,M00082
9809,Clo1313_2102,KEGG_module,M00083
9810,Clo1313_2103,KEGG_module,-
9811,Clo1313_2104,KEGG_module,-
9812,Clo1313_2105,KEGG_module,-
9813,Clo1313_2106,KEGG_module,-
9814,Clo1313_2107,KEGG_module,-
9815,Clo1313_2108,KEGG_module,-
9816,Clo1313_2109,KEGG_module,-
9817,Clo1313_2111,KEGG_module,-
9818,Clo1313_2112,KEGG_module,-
9819,Clo1313_2113,KEGG_module,-
9820,Clo1313_2114,KEGG_module,-
9821,Clo1313_2115,KEGG_module,-
9822,Clo1313_2116,KEGG_module,-
9823,Clo1313_2117,KEGG_module,-
9824,Clo1313_2118,KEGG_module,-
9825,Clo1313_2119,KEGG_module,-
9826,Clo1313_2120,KEGG_module,-
9827,Clo1313_2121,KEGG_module,-
9828,Clo1313_2123,KEGG_module,-
9829,Clo1313_2124,KEGG_module,M00125
9830,Clo1313_2125,KEGG_module,M00125
9831,Clo1313_2125,KEGG_module,M00840
9832,Clo1313_2126,KEGG_module,M00125
9833,Clo1313_2127,KEGG_module,M00125
9834,Clo1313_2128,KEGG_module,-
9835,Clo1313_2129,KEGG_module,-
9836,Clo1313_2130,KEGG_module,-
9837,Clo1313_2131,KEGG_module,-
9838,Clo1313_2132,KEGG_module,M00377
9839,Clo1313_2133,KEGG_module,-
9840,Clo1313_2134,KEGG_module,-
9841,Clo1313_2135,KEGG_module,-
9842,Clo1313_2136,KEGG_module,-
9843,Clo1313_2137,KEGG_module,-
9844,Clo1313_2138,KEGG_module,-
9845,Clo1313_2139,KEGG_module,-
9846,Clo1313_2140,KEGG_module,-
9847,Clo1313_2141,KEGG_module,-
9848,Clo1313_2142,KEGG_module,-
9849,Clo1313_2143,KEGG_module,-
9850,Clo1313_2144,KEGG_module,-
9851,Clo1313_2145,KEGG_module,-
9852,Clo1313_2146,KEGG_module,-
9853,Clo1313_2147,KEGG_module,-
9854,Clo1313_2148,KEGG_module,-
9855,Clo1313_2149,KEGG_module,-
9856,Clo1313_2150,KEGG_module,M00028
9857,Clo1313_2151,KEGG_module,-
9858,Clo1313_2152,KEGG_module,-
9859,Clo1313_2153,KEGG_module,-
9860,Clo1313_2154,KEGG_module,-
9861,Clo1313_2155,KEGG_module,-
9862,Clo1313_2156,KEGG_module,-
9863,Clo1313_2159,KEGG_module,-
9864,Clo1313_2160,KEGG_module,-
9865,Clo1313_2161,KEGG_module,-
9866,Clo1313_2162,KEGG_module,M00359
9867,Clo1313_2162,KEGG_module,M00360
9868,Clo1313_2163,KEGG_module,-
9869,Clo1313_2164,KEGG_module,-
9870,Clo1313_2165,KEGG_module,-
9871,Clo1313_2166,KEGG_module,-
9872,Clo1313_2167,KEGG_module,-
9873,Clo1313_2168,KEGG_module,-
9874,Clo1313_2169,KEGG_module,-
9875,Clo1313_2170,KEGG_module,-
9876,Clo1313_2171,KEGG_module,M00581
9877,Clo1313_2171,KEGG_module,M00582
9878,Clo1313_2172,KEGG_module,-
9879,Clo1313_2173,KEGG_module,-
9880,Clo1313_2174,KEGG_module,-
9881,Clo1313_2175,KEGG_module,-
9882,Clo1313_2176,KEGG_module,-
9883,Clo1313_2177,KEGG_module,-
9884,Clo1313_2178,KEGG_module,-
9885,Clo1313_2179,KEGG_module,M00053
9886,Clo1313_2180,KEGG_module,-
9887,Clo1313_2181,KEGG_module,-
9888,Clo1313_2182,KEGG_module,-
9889,Clo1313_2183,KEGG_module,-
9890,Clo1313_2184,KEGG_module,-
9891,Clo1313_2185,KEGG_module,-
9892,Clo1313_2186,KEGG_module,-
9893,Clo1313_2187,KEGG_module,-
9894,Clo1313_2188,KEGG_module,-
9895,Clo1313_2189,KEGG_module,-
9896,Clo1313_2190,KEGG_module,-
9897,Clo1313_2191,KEGG_module,-
9898,Clo1313_2192,KEGG_module,-
9899,Clo1313_2193,KEGG_module,-
9900,Clo1313_2194,KEGG_module,-
9901,Clo1313_2195,KEGG_module,-
9902,Clo1313_2196,KEGG_module,-
9903,Clo1313_2197,KEGG_module,-
9904,Clo1313_2198,KEGG_module,-
9905,Clo1313_2199,KEGG_module,-
9906,Clo1313_2200,KEGG_module,-
9907,Clo1313_2201,KEGG_module,-
9908,Clo1313_2202,KEGG_module,-
9909,Clo1313_2203,KEGG_module,-
9910,Clo1313_2204,KEGG_module,-
9911,Clo1313_2207,KEGG_module,M00123
9912,Clo1313_2207,KEGG_module,M00573
9913,Clo1313_2207,KEGG_module,M00577
9914,Clo1313_2208,KEGG_module,M00572
9915,Clo1313_2209,KEGG_module,M00572
9916,Clo1313_2210,KEGG_module,M00123
9917,Clo1313_2210,KEGG_module,M00573
9918,Clo1313_2210,KEGG_module,M00577
9919,Clo1313_2211,KEGG_module,M00123
9920,Clo1313_2211,KEGG_module,M00573
9921,Clo1313_2211,KEGG_module,M00577
9922,Clo1313_2212,KEGG_module,M00123
9923,Clo1313_2212,KEGG_module,M00573
9924,Clo1313_2212,KEGG_module,M00577
9925,Clo1313_2214,KEGG_module,-
9926,Clo1313_2215,KEGG_module,-
9927,Clo1313_2216,KEGG_module,-
9928,Clo1313_2221,KEGG_module,-
9929,Clo1313_2223,KEGG_module,-
9930,Clo1313_2224,KEGG_module,-
9931,Clo1313_2225,KEGG_module,-
9932,Clo1313_2226,KEGG_module,-
9933,Clo1313_2228,KEGG_module,-
9934,Clo1313_2229,KEGG_module,-
9935,Clo1313_2231,KEGG_module,-
9936,Clo1313_2232,KEGG_module,-
9937,Clo1313_2233,KEGG_module,-
9938,Clo1313_2234,KEGG_module,-
9939,Clo1313_2235,KEGG_module,-
9940,Clo1313_2239,KEGG_module,M00053
9941,Clo1313_2240,KEGG_module,-
9942,Clo1313_2241,KEGG_module,-
9943,Clo1313_2242,KEGG_module,-
9944,Clo1313_2243,KEGG_module,-
9945,Clo1313_2244,KEGG_module,-
9946,Clo1313_2245,KEGG_module,-
9947,Clo1313_2246,KEGG_module,-
9948,Clo1313_2247,KEGG_module,-
9949,Clo1313_2248,KEGG_module,-
9950,Clo1313_2249,KEGG_module,-
9951,Clo1313_2250,KEGG_module,-
9952,Clo1313_2252,KEGG_module,-
9953,Clo1313_2253,KEGG_module,-
9954,Clo1313_2254,KEGG_module,-
9955,Clo1313_2255,KEGG_module,-
9956,Clo1313_2256,KEGG_module,-
9957,Clo1313_2257,KEGG_module,-
9958,Clo1313_2258,KEGG_module,-
9959,Clo1313_2259,KEGG_module,-
9960,Clo1313_2260,KEGG_module,-
9961,Clo1313_2261,KEGG_module,-
9962,Clo1313_2262,KEGG_module,-
9963,Clo1313_2263,KEGG_module,-
9964,Clo1313_2264,KEGG_module,-
9965,Clo1313_2265,KEGG_module,-
9966,Clo1313_2266,KEGG_module,-
9967,Clo1313_2267,KEGG_module,-
9968,Clo1313_2269,KEGG_module,-
9969,Clo1313_2270,KEGG_module,-
9970,Clo1313_2271,KEGG_module,-
9971,Clo1313_2272,KEGG_module,-
9972,Clo1313_2273,KEGG_module,-
9973,Clo1313_2274,KEGG_module,-
9974,Clo1313_2275,KEGG_module,-
9975,Clo1313_2276,KEGG_module,-
9976,Clo1313_2278,KEGG_module,-
9977,Clo1313_2280,KEGG_module,-
9978,Clo1313_2282,KEGG_module,-
9979,Clo1313_2283,KEGG_module,-
9980,Clo1313_2284,KEGG_module,-
9981,Clo1313_2286,KEGG_module,M00331
9982,Clo1313_2288,KEGG_module,-
9983,Clo1313_2289,KEGG_module,-
9984,Clo1313_2290,KEGG_module,-
9985,Clo1313_2291,KEGG_module,M00258
9986,Clo1313_2292,KEGG_module,M00258
9987,Clo1313_2293,KEGG_module,-
9988,Clo1313_2294,KEGG_module,-
9989,Clo1313_2296,KEGG_module,-
9990,Clo1313_2299,KEGG_module,M00254
9991,Clo1313_2300,KEGG_module,M00254
9992,Clo1313_2301,KEGG_module,-
9993,Clo1313_2302,KEGG_module,-
9994,Clo1313_2303,KEGG_module,-
9995,Clo1313_2304,KEGG_module,-
9996,Clo1313_2305,KEGG_module,-
9997,Clo1313_2306,KEGG_module,-
9998,Clo1313_2307,KEGG_module,M00359
9999,Clo1313_2307,KEGG_module,M00360
10000,Clo1313_2309,KEGG_module,-
10001,Clo1313_2310,KEGG_module,-
10002,Clo1313_2311,KEGG_module,-
10003,Clo1313_2312,KEGG_module,M00036
10004,Clo1313_2314,KEGG_module,-
10005,Clo1313_2318,KEGG_module,-
10006,Clo1313_2319,KEGG_module,-
10007,Clo1313_2321,KEGG_module,M00238
10008,Clo1313_2322,KEGG_module,M00238
10009,Clo1313_2323,KEGG_module,M00238
10010,Clo1313_2324,KEGG_module,-
10011,Clo1313_2325,KEGG_module,M00017
10012,Clo1313_2326,KEGG_module,M00021
10013,Clo1313_2326,KEGG_module,M00609
10014,Clo1313_2327,KEGG_module,-
10015,Clo1313_2328,KEGG_module,M00258
10016,Clo1313_2329,KEGG_module,M00258
10017,Clo1313_2330,KEGG_module,-
10018,Clo1313_2331,KEGG_module,M00175
10019,Clo1313_2332,KEGG_module,M00175
10020,Clo1313_2333,KEGG_module,-
10021,Clo1313_2334,KEGG_module,-
10022,Clo1313_2335,KEGG_module,-
10023,Clo1313_2336,KEGG_module,M00188
10024,Clo1313_2337,KEGG_module,M00188
10025,Clo1313_2338,KEGG_module,M00188
10026,Clo1313_2338,KEGG_module,M00436
10027,Clo1313_2339,KEGG_module,M00175
10028,Clo1313_2340,KEGG_module,-
10029,Clo1313_2341,KEGG_module,-
10030,Clo1313_2342,KEGG_module,-
10031,Clo1313_2343,KEGG_module,-
10032,Clo1313_2344,KEGG_module,-
10033,Clo1313_2345,KEGG_module,M00221
10034,Clo1313_2346,KEGG_module,M00221
10035,Clo1313_2347,KEGG_module,M00221
10036,Clo1313_2348,KEGG_module,-
10037,Clo1313_2349,KEGG_module,-
10038,Clo1313_2350,KEGG_module,M00519
10039,Clo1313_2351,KEGG_module,-
10040,Clo1313_2352,KEGG_module,M00190
10041,Clo1313_2353,KEGG_module,M00190
10042,Clo1313_2354,KEGG_module,M00190
10043,Clo1313_2355,KEGG_module,-
10044,Clo1313_2356,KEGG_module,-
10045,Clo1313_2358,KEGG_module,-
10046,Clo1313_2359,KEGG_module,-
10047,Clo1313_2365,KEGG_module,-
10048,Clo1313_2366,KEGG_module,-
10049,Clo1313_2367,KEGG_module,-
10050,Clo1313_2369,KEGG_module,-
10051,Clo1313_2370,KEGG_module,-
10052,Clo1313_2371,KEGG_module,-
10053,Clo1313_2372,KEGG_module,-
10054,Clo1313_2373,KEGG_module,-
10055,Clo1313_2374,KEGG_module,-
10056,Clo1313_2375,KEGG_module,-
10057,Clo1313_2376,KEGG_module,-
10058,Clo1313_2377,KEGG_module,-
10059,Clo1313_2378,KEGG_module,-
10060,Clo1313_2379,KEGG_module,-
10061,Clo1313_2380,KEGG_module,-
10062,Clo1313_2381,KEGG_module,-
10063,Clo1313_2382,KEGG_module,-
10064,Clo1313_2383,KEGG_module,-
10065,Clo1313_2384,KEGG_module,-
10066,Clo1313_2385,KEGG_module,-
10067,Clo1313_2386,KEGG_module,-
10068,Clo1313_2387,KEGG_module,-
10069,Clo1313_2388,KEGG_module,-
10070,Clo1313_2389,KEGG_module,-
10071,Clo1313_2390,KEGG_module,-
10072,Clo1313_2391,KEGG_module,-
10073,Clo1313_2392,KEGG_module,-
10074,Clo1313_2393,KEGG_module,-
10075,Clo1313_2394,KEGG_module,-
10076,Clo1313_2395,KEGG_module,-
10077,Clo1313_2396,KEGG_module,-
10078,Clo1313_2397,KEGG_module,-
10079,Clo1313_2398,KEGG_module,-
10080,Clo1313_2399,KEGG_module,-
10081,Clo1313_2400,KEGG_module,-
10082,Clo1313_2401,KEGG_module,-
10083,Clo1313_2402,KEGG_module,-
10084,Clo1313_2403,KEGG_module,-
10085,Clo1313_2404,KEGG_module,-
10086,Clo1313_2405,KEGG_module,-
10087,Clo1313_2406,KEGG_module,-
10088,Clo1313_2407,KEGG_module,-
10089,Clo1313_2408,KEGG_module,-
10090,Clo1313_2409,KEGG_module,-
10091,Clo1313_2410,KEGG_module,-
10092,Clo1313_2411,KEGG_module,-
10093,Clo1313_2412,KEGG_module,-
10094,Clo1313_2414,KEGG_module,M00258
10095,Clo1313_2415,KEGG_module,M00258
10096,Clo1313_2416,KEGG_module,-
10097,Clo1313_2417,KEGG_module,-
10098,Clo1313_2418,KEGG_module,-
10099,Clo1313_2421,KEGG_module,-
10100,Clo1313_2422,KEGG_module,-
10101,Clo1313_2425,KEGG_module,-
10102,Clo1313_2426,KEGG_module,M00240
10103,Clo1313_2427,KEGG_module,M00240
10104,Clo1313_2428,KEGG_module,M00240
10105,Clo1313_2429,KEGG_module,-
10106,Clo1313_2430,KEGG_module,-
10107,Clo1313_2431,KEGG_module,-
10108,Clo1313_2432,KEGG_module,-
10109,Clo1313_2433,KEGG_module,-
10110,Clo1313_2434,KEGG_module,M00258
10111,Clo1313_2435,KEGG_module,-
10112,Clo1313_2436,KEGG_module,M00258
10113,Clo1313_2437,KEGG_module,M00325
10114,Clo1313_2437,KEGG_module,M00326
10115,Clo1313_2437,KEGG_module,M00339
10116,Clo1313_2437,KEGG_module,M00571
10117,Clo1313_2437,KEGG_module,M00575
10118,Clo1313_2437,KEGG_module,M00646
10119,Clo1313_2437,KEGG_module,M00647
10120,Clo1313_2437,KEGG_module,M00696
10121,Clo1313_2437,KEGG_module,M00697
10122,Clo1313_2437,KEGG_module,M00709
10123,Clo1313_2437,KEGG_module,M00720
10124,Clo1313_2437,KEGG_module,M00821
10125,Clo1313_2438,KEGG_module,-
10126,Clo1313_2439,KEGG_module,M00015
10127,Clo1313_2440,KEGG_module,-
10128,Clo1313_2441,KEGG_module,-
10129,Clo1313_2442,KEGG_module,-
10130,Clo1313_2443,KEGG_module,-
10131,Clo1313_2444,KEGG_module,-
10132,Clo1313_2445,KEGG_module,-
10133,Clo1313_2446,KEGG_module,-
10134,Clo1313_2447,KEGG_module,-
10135,Clo1313_2448,KEGG_module,-
10136,Clo1313_2449,KEGG_module,-
10137,Clo1313_2450,KEGG_module,-
10138,Clo1313_2451,KEGG_module,-
10139,Clo1313_2452,KEGG_module,-
10140,Clo1313_2453,KEGG_module,-
10141,Clo1313_2455,KEGG_module,M00178
10142,Clo1313_2455,KEGG_module,M00179
10143,Clo1313_2456,KEGG_module,M00178
10144,Clo1313_2456,KEGG_module,M00179
10145,Clo1313_2457,KEGG_module,-
10146,Clo1313_2458,KEGG_module,-
10147,Clo1313_2459,KEGG_module,-
10148,Clo1313_2460,KEGG_module,-
10149,Clo1313_2461,KEGG_module,-
10150,Clo1313_2462,KEGG_module,-
10151,Clo1313_2463,KEGG_module,-
10152,Clo1313_2464,KEGG_module,-
10153,Clo1313_2465,KEGG_module,-
10154,Clo1313_2467,KEGG_module,-
10155,Clo1313_2468,KEGG_module,M00022
10156,Clo1313_2469,KEGG_module,M00025
10157,Clo1313_2470,KEGG_module,M00022
10158,Clo1313_2471,KEGG_module,-
10159,Clo1313_2472,KEGG_module,-
10160,Clo1313_2473,KEGG_module,-
10161,Clo1313_2474,KEGG_module,M00245
10162,Clo1313_2474,KEGG_module,M00246
10163,Clo1313_2475,KEGG_module,M00245
10164,Clo1313_2475,KEGG_module,M00246
10165,Clo1313_2476,KEGG_module,M00245
10166,Clo1313_2476,KEGG_module,M00246
10167,Clo1313_2477,KEGG_module,M00727
10168,Clo1313_2478,KEGG_module,-
10169,Clo1313_2479,KEGG_module,-
10170,Clo1313_2481,KEGG_module,-
10171,Clo1313_2482,KEGG_module,-
10172,Clo1313_2483,KEGG_module,-
10173,Clo1313_2484,KEGG_module,M00627
10174,Clo1313_2485,KEGG_module,M00627
10175,Clo1313_2486,KEGG_module,-
10176,Clo1313_2487,KEGG_module,-
10177,Clo1313_2488,KEGG_module,-
10178,Clo1313_2490,KEGG_module,-
10179,Clo1313_2491,KEGG_module,-
10180,Clo1313_2492,KEGG_module,-
10181,Clo1313_2493,KEGG_module,M00237
10182,Clo1313_2493,KEGG_module,M00323
10183,Clo1313_2494,KEGG_module,M00323
10184,Clo1313_2495,KEGG_module,M00237
10185,Clo1313_2495,KEGG_module,M00323
10186,Clo1313_2496,KEGG_module,M00237
10187,Clo1313_2496,KEGG_module,M00323
10188,Clo1313_2497,KEGG_module,M00237
10189,Clo1313_2497,KEGG_module,M00323
10190,Clo1313_2498,KEGG_module,M00519
10191,Clo1313_2499,KEGG_module,-
10192,Clo1313_2500,KEGG_module,-
10193,Clo1313_2502,KEGG_module,M00331
10194,Clo1313_2506,KEGG_module,-
10195,Clo1313_2507,KEGG_module,-
10196,Clo1313_2508,KEGG_module,-
10197,Clo1313_2509,KEGG_module,-
10198,Clo1313_2510,KEGG_module,M00331
10199,Clo1313_2515,KEGG_module,-
10200,Clo1313_2516,KEGG_module,-
10201,Clo1313_2518,KEGG_module,-
10202,Clo1313_2519,KEGG_module,M00331
10203,Clo1313_2521,KEGG_module,-
10204,Clo1313_2522,KEGG_module,-
10205,Clo1313_2523,KEGG_module,-
10206,Clo1313_2524,KEGG_module,-
10207,Clo1313_2525,KEGG_module,M00727
10208,Clo1313_2526,KEGG_module,M00240
10209,Clo1313_2528,KEGG_module,-
10210,Clo1313_2529,KEGG_module,-
10211,Clo1313_2530,KEGG_module,-
10212,Clo1313_2531,KEGG_module,M00123
10213,Clo1313_2531,KEGG_module,M00573
10214,Clo1313_2531,KEGG_module,M00577
10215,Clo1313_2532,KEGG_module,M00021
10216,Clo1313_2533,KEGG_module,-
10217,Clo1313_2534,KEGG_module,-
10218,Clo1313_2535,KEGG_module,-
10219,Clo1313_2536,KEGG_module,-
10220,Clo1313_2537,KEGG_module,M00017
10221,Clo1313_2538,KEGG_module,-
10222,Clo1313_2539,KEGG_module,-
10223,Clo1313_2540,KEGG_module,-
10224,Clo1313_2541,KEGG_module,-
10225,Clo1313_2542,KEGG_module,-
10226,Clo1313_2543,KEGG_module,-
10227,Clo1313_2544,KEGG_module,-
10228,Clo1313_2545,KEGG_module,-
10229,Clo1313_2546,KEGG_module,-
10230,Clo1313_2547,KEGG_module,-
10231,Clo1313_2548,KEGG_module,-
10232,Clo1313_2549,KEGG_module,-
10233,Clo1313_2550,KEGG_module,-
10234,Clo1313_2551,KEGG_module,M00256
10235,Clo1313_2552,KEGG_module,M00256
10236,Clo1313_2553,KEGG_module,-
10237,Clo1313_2554,KEGG_module,M00194
10238,Clo1313_2554,KEGG_module,M00196
10239,Clo1313_2554,KEGG_module,M00197
10240,Clo1313_2554,KEGG_module,M00200
10241,Clo1313_2554,KEGG_module,M00201
10242,Clo1313_2554,KEGG_module,M00206
10243,Clo1313_2554,KEGG_module,M00207
10244,Clo1313_2554,KEGG_module,M00491
10245,Clo1313_2554,KEGG_module,M00602
10246,Clo1313_2554,KEGG_module,M00605
10247,Clo1313_2554,KEGG_module,M00606
10248,Clo1313_2555,KEGG_module,M00028
10249,Clo1313_2555,KEGG_module,M00845
10250,Clo1313_2556,KEGG_module,M00028
10251,Clo1313_2557,KEGG_module,-
10252,Clo1313_2558,KEGG_module,M00016
10253,Clo1313_2558,KEGG_module,M00028
10254,Clo1313_2558,KEGG_module,M00845
10255,Clo1313_2559,KEGG_module,M00051
10256,Clo1313_2560,KEGG_module,M00051
10257,Clo1313_2561,KEGG_module,M00029
10258,Clo1313_2561,KEGG_module,M00844
10259,Clo1313_2561,KEGG_module,M00845
10260,Clo1313_2562,KEGG_module,-
10261,Clo1313_2563,KEGG_module,-
10262,Clo1313_2564,KEGG_module,-
10263,Clo1313_2565,KEGG_module,-
10264,Clo1313_2567,KEGG_module,-
10265,Clo1313_2568,KEGG_module,-
10266,Clo1313_2569,KEGG_module,-
10267,Clo1313_2570,KEGG_module,-
10268,Clo1313_2572,KEGG_module,M00651
10269,Clo1313_2574,KEGG_module,-
10270,Clo1313_2575,KEGG_module,M00018
10271,Clo1313_2576,KEGG_module,-
10272,Clo1313_2577,KEGG_module,-
10273,Clo1313_2578,KEGG_module,-
10274,Clo1313_2579,KEGG_module,-
10275,Clo1313_2580,KEGG_module,-
10276,Clo1313_2581,KEGG_module,-
10277,Clo1313_2582,KEGG_module,-
10278,Clo1313_2583,KEGG_module,-
10279,Clo1313_2584,KEGG_module,-
10280,Clo1313_2585,KEGG_module,-
10281,Clo1313_2586,KEGG_module,M00236
10282,Clo1313_2587,KEGG_module,-
10283,Clo1313_2588,KEGG_module,-
10284,Clo1313_2589,KEGG_module,-
10285,Clo1313_2590,KEGG_module,-
10286,Clo1313_2591,KEGG_module,-
10287,Clo1313_2592,KEGG_module,M00133
10288,Clo1313_2593,KEGG_module,-
10289,Clo1313_2594,KEGG_module,-
10290,Clo1313_2595,KEGG_module,-
10291,Clo1313_2596,KEGG_module,-
10292,Clo1313_2597,KEGG_module,M00052
10293,Clo1313_2599,KEGG_module,-
10294,Clo1313_2600,KEGG_module,-
10295,Clo1313_2601,KEGG_module,-
10296,Clo1313_2602,KEGG_module,-
10297,Clo1313_2603,KEGG_module,-
10298,Clo1313_2604,KEGG_module,-
10299,Clo1313_2605,KEGG_module,-
10300,Clo1313_2606,KEGG_module,M00359
10301,Clo1313_2606,KEGG_module,M00360
10302,Clo1313_2607,KEGG_module,-
10303,Clo1313_2608,KEGG_module,-
10304,Clo1313_2609,KEGG_module,-
10305,Clo1313_2610,KEGG_module,-
10306,Clo1313_2612,KEGG_module,-
10307,Clo1313_2613,KEGG_module,-
10308,Clo1313_2614,KEGG_module,-
10309,Clo1313_2615,KEGG_module,-
10310,Clo1313_2616,KEGG_module,-
10311,Clo1313_2617,KEGG_module,-
10312,Clo1313_2618,KEGG_module,-
10313,Clo1313_2619,KEGG_module,-
10314,Clo1313_2620,KEGG_module,-
10315,Clo1313_2621,KEGG_module,-
10316,Clo1313_2622,KEGG_module,-
10317,Clo1313_2623,KEGG_module,-
10318,Clo1313_2624,KEGG_module,-
10319,Clo1313_2625,KEGG_module,-
10320,Clo1313_2626,KEGG_module,-
10321,Clo1313_2627,KEGG_module,-
10322,Clo1313_2628,KEGG_module,M00207
10323,Clo1313_2629,KEGG_module,-
10324,Clo1313_2630,KEGG_module,-
10325,Clo1313_2631,KEGG_module,-
10326,Clo1313_2632,KEGG_module,-
10327,Clo1313_2633,KEGG_module,M00114
10328,Clo1313_2633,KEGG_module,M00361
10329,Clo1313_2633,KEGG_module,M00362
10330,Clo1313_2634,KEGG_module,-
10331,Clo1313_2635,KEGG_module,-
10332,Clo1313_2637,KEGG_module,-
10333,Clo1313_2638,KEGG_module,-
10334,Clo1313_2640,KEGG_module,-
10335,Clo1313_2641,KEGG_module,-
10336,Clo1313_2642,KEGG_module,-
10337,Clo1313_2643,KEGG_module,-
10338,Clo1313_2644,KEGG_module,-
10339,Clo1313_2645,KEGG_module,-
10340,Clo1313_2646,KEGG_module,-
10341,Clo1313_2647,KEGG_module,-
10342,Clo1313_2648,KEGG_module,-
10343,Clo1313_2649,KEGG_module,-
10344,Clo1313_2650,KEGG_module,-
10345,Clo1313_2651,KEGG_module,-
10346,Clo1313_2653,KEGG_module,-
10347,Clo1313_2657,KEGG_module,-
10348,Clo1313_2659,KEGG_module,-
10349,Clo1313_2660,KEGG_module,-
10350,Clo1313_2663,KEGG_module,-
10351,Clo1313_2664,KEGG_module,-
10352,Clo1313_2665,KEGG_module,-
10353,Clo1313_2666,KEGG_module,-
10354,Clo1313_2667,KEGG_module,-
10355,Clo1313_2670,KEGG_module,-
10356,Clo1313_2671,KEGG_module,-
10357,Clo1313_2672,KEGG_module,-
10358,Clo1313_2675,KEGG_module,-
10359,Clo1313_2677,KEGG_module,-
10360,Clo1313_2678,KEGG_module,-
10361,Clo1313_2680,KEGG_module,-
10362,Clo1313_2683,KEGG_module,-
10363,Clo1313_2684,KEGG_module,-
10364,Clo1313_2686,KEGG_module,-
10365,Clo1313_2687,KEGG_module,-
10366,Clo1313_2688,KEGG_module,-
10367,Clo1313_2689,KEGG_module,-
10368,Clo1313_2691,KEGG_module,-
10369,Clo1313_2693,KEGG_module,-
10370,Clo1313_2694,KEGG_module,-
10371,Clo1313_2695,KEGG_module,-
10372,Clo1313_2696,KEGG_module,-
10373,Clo1313_2698,KEGG_module,-
10374,Clo1313_2700,KEGG_module,-
10375,Clo1313_2702,KEGG_module,-
10376,Clo1313_2704,KEGG_module,-
10377,Clo1313_2705,KEGG_module,-
10378,Clo1313_2706,KEGG_module,-
10379,Clo1313_2707,KEGG_module,-
10380,Clo1313_2708,KEGG_module,-
10381,Clo1313_2709,KEGG_module,-
10382,Clo1313_2710,KEGG_module,-
10383,Clo1313_2711,KEGG_module,-
10384,Clo1313_2712,KEGG_module,-
10385,Clo1313_2713,KEGG_module,-
10386,Clo1313_2714,KEGG_module,-
10387,Clo1313_2715,KEGG_module,-
10388,Clo1313_2716,KEGG_module,-
10389,Clo1313_2718,KEGG_module,-
10390,Clo1313_2719,KEGG_module,-
10391,Clo1313_2720,KEGG_module,-
10392,Clo1313_2721,KEGG_module,-
10393,Clo1313_2722,KEGG_module,-
10394,Clo1313_2723,KEGG_module,M00359
10395,Clo1313_2723,KEGG_module,M00360
10396,Clo1313_2724,KEGG_module,M00021
10397,Clo1313_2725,KEGG_module,-
10398,Clo1313_2726,KEGG_module,-
10399,Clo1313_2727,KEGG_module,-
10400,Clo1313_2728,KEGG_module,-
10401,Clo1313_2729,KEGG_module,-
10402,Clo1313_2730,KEGG_module,-
10403,Clo1313_2731,KEGG_module,-
10404,Clo1313_2732,KEGG_module,-
10405,Clo1313_2733,KEGG_module,-
10406,Clo1313_2734,KEGG_module,-
10407,Clo1313_2735,KEGG_module,-
10408,Clo1313_2736,KEGG_module,-
10409,Clo1313_2737,KEGG_module,-
10410,Clo1313_2738,KEGG_module,-
10411,Clo1313_2739,KEGG_module,-
10412,Clo1313_2740,KEGG_module,-
10413,Clo1313_2741,KEGG_module,-
10414,Clo1313_2742,KEGG_module,-
10415,Clo1313_2743,KEGG_module,M00053
10416,Clo1313_2744,KEGG_module,-
10417,Clo1313_2745,KEGG_module,-
10418,Clo1313_2746,KEGG_module,-
10419,Clo1313_2747,KEGG_module,-
10420,Clo1313_2748,KEGG_module,-
10421,Clo1313_2749,KEGG_module,-
10422,Clo1313_2750,KEGG_module,-
10423,Clo1313_2751,KEGG_module,-
10424,Clo1313_2753,KEGG_module,-
10425,Clo1313_2754,KEGG_module,M00359
10426,Clo1313_2754,KEGG_module,M00360
10427,Clo1313_2755,KEGG_module,-
10428,Clo1313_2756,KEGG_module,-
10429,Clo1313_2757,KEGG_module,-
10430,Clo1313_2758,KEGG_module,-
10431,Clo1313_2759,KEGG_module,-
10432,Clo1313_2760,KEGG_module,-
10433,Clo1313_2761,KEGG_module,-
10434,Clo1313_2762,KEGG_module,-
10435,Clo1313_2763,KEGG_module,M00260
10436,Clo1313_2764,KEGG_module,-
10437,Clo1313_2765,KEGG_module,M00053
10438,Clo1313_2766,KEGG_module,M00133
10439,Clo1313_2767,KEGG_module,-
10440,Clo1313_2768,KEGG_module,-
10441,Clo1313_2769,KEGG_module,M00258
10442,Clo1313_2770,KEGG_module,M00258
10443,Clo1313_2771,KEGG_module,-
10444,Clo1313_2772,KEGG_module,-
10445,Clo1313_2773,KEGG_module,-
10446,Clo1313_2774,KEGG_module,-
10447,Clo1313_2775,KEGG_module,M00188
10448,Clo1313_2776,KEGG_module,M00188
10449,Clo1313_2777,KEGG_module,-
10450,Clo1313_2778,KEGG_module,-
10451,Clo1313_2779,KEGG_module,-
10452,Clo1313_2781,KEGG_module,M00258
10453,Clo1313_2782,KEGG_module,-
10454,Clo1313_2783,KEGG_module,M00207
10455,Clo1313_2784,KEGG_module,M00207
10456,Clo1313_2785,KEGG_module,-
10457,Clo1313_2786,KEGG_module,M00207
10458,Clo1313_2788,KEGG_module,-
10459,Clo1313_2789,KEGG_module,-
10460,Clo1313_2790,KEGG_module,-
10461,Clo1313_2791,KEGG_module,-
10462,Clo1313_2793,KEGG_module,-
10463,Clo1313_2794,KEGG_module,-
10464,Clo1313_2795,KEGG_module,-
10465,Clo1313_2796,KEGG_module,-
10466,Clo1313_2797,KEGG_module,-
10467,Clo1313_2798,KEGG_module,-
10468,Clo1313_2800,KEGG_module,-
10469,Clo1313_2801,KEGG_module,-
10470,Clo1313_2802,KEGG_module,M00260
10471,Clo1313_2804,KEGG_module,-
10472,Clo1313_2805,KEGG_module,-
10473,Clo1313_2806,KEGG_module,-
10474,Clo1313_2807,KEGG_module,-
10475,Clo1313_2808,KEGG_module,-
10476,Clo1313_2809,KEGG_module,-
10477,Clo1313_2810,KEGG_module,-
10478,Clo1313_2811,KEGG_module,-
10479,Clo1313_2812,KEGG_module,-
10480,Clo1313_2813,KEGG_module,-
10481,Clo1313_2815,KEGG_module,-
10482,Clo1313_2816,KEGG_module,-
10483,Clo1313_2817,KEGG_module,-
10484,Clo1313_2818,KEGG_module,-
10485,Clo1313_2819,KEGG_module,-
10486,Clo1313_2820,KEGG_module,-
10487,Clo1313_2821,KEGG_module,-
10488,Clo1313_2822,KEGG_module,-
10489,Clo1313_2823,KEGG_module,-
10490,Clo1313_2824,KEGG_module,-
10491,Clo1313_2825,KEGG_module,-
10492,Clo1313_2826,KEGG_module,-
10493,Clo1313_2827,KEGG_module,-
10494,Clo1313_2828,KEGG_module,-
10495,Clo1313_2829,KEGG_module,-
10496,Clo1313_2830,KEGG_module,-
10497,Clo1313_2831,KEGG_module,M00178
10498,Clo1313_2832,KEGG_module,-
10499,Clo1313_2834,KEGG_module,-
10500,Clo1313_2835,KEGG_module,-
10501,Clo1313_2837,KEGG_module,-
10502,Clo1313_2840,KEGG_module,-
10503,Clo1313_2842,KEGG_module,-
10504,Clo1313_2843,KEGG_module,-
10505,Clo1313_2844,KEGG_module,-
10506,Clo1313_2845,KEGG_module,-
10507,Clo1313_2846,KEGG_module,-
10508,Clo1313_2847,KEGG_module,M00129
10509,Clo1313_2847,KEGG_module,M00361
10510,Clo1313_2847,KEGG_module,M00362
10511,Clo1313_2847,KEGG_module,M00549
10512,Clo1313_2848,KEGG_module,-
10513,Clo1313_2849,KEGG_module,M00178
10514,Clo1313_2850,KEGG_module,-
10515,Clo1313_2851,KEGG_module,M00178
10516,Clo1313_2852,KEGG_module,-
10517,Clo1313_2853,KEGG_module,-
10518,Clo1313_2854,KEGG_module,M00565
10519,Clo1313_2856,KEGG_module,-
10520,Clo1313_2857,KEGG_module,-
10521,Clo1313_2858,KEGG_module,-
10522,Clo1313_2859,KEGG_module,-
10523,Clo1313_2860,KEGG_module,-
10524,Clo1313_2861,KEGG_module,-
10525,Clo1313_2862,KEGG_module,-
10526,Clo1313_2863,KEGG_module,-
10527,Clo1313_2864,KEGG_module,-
10528,Clo1313_2865,KEGG_module,M00258
10529,Clo1313_2866,KEGG_module,M00258
10530,Clo1313_2867,KEGG_module,M00734
10531,Clo1313_2867,KEGG_module,M00737
10532,Clo1313_2868,KEGG_module,M00734
10533,Clo1313_2868,KEGG_module,M00737
10534,Clo1313_2873,KEGG_module,-
10535,Clo1313_2875,KEGG_module,-
10536,Clo1313_2876,KEGG_module,M00126
10537,Clo1313_2876,KEGG_module,M00841
10538,Clo1313_2876,KEGG_module,M00842
10539,Clo1313_2876,KEGG_module,M00843
10540,Clo1313_2877,KEGG_module,-
10541,Clo1313_2878,KEGG_module,-
10542,Clo1313_2879,KEGG_module,-
10543,Clo1313_2880,KEGG_module,-
10544,Clo1313_2881,KEGG_module,M00729
10545,Clo1313_2882,KEGG_module,M00432
10546,Clo1313_2882,KEGG_module,M00535
10547,Clo1313_2883,KEGG_module,M00432
10548,Clo1313_2883,KEGG_module,M00535
10549,Clo1313_2884,KEGG_module,M00432
10550,Clo1313_2884,KEGG_module,M00535
10551,Clo1313_2885,KEGG_module,-
10552,Clo1313_2886,KEGG_module,-
10553,Clo1313_2887,KEGG_module,-
10554,Clo1313_2888,KEGG_module,-
10555,Clo1313_2889,KEGG_module,-
10556,Clo1313_2890,KEGG_module,-
10557,Clo1313_2891,KEGG_module,-
10558,Clo1313_2892,KEGG_module,-
10559,Clo1313_2893,KEGG_module,M00361
10560,Clo1313_2893,KEGG_module,M00362
10561,Clo1313_2893,KEGG_module,M00632
10562,Clo1313_2893,KEGG_module,M00793
10563,Clo1313_2894,KEGG_module,-
10564,Clo1313_2895,KEGG_module,-
10565,Clo1313_2896,KEGG_module,-
10566,Clo1313_2897,KEGG_module,-
10567,Clo1313_2898,KEGG_module,M00373
10568,Clo1313_2898,KEGG_module,M00375
10569,Clo1313_2898,KEGG_module,M00376
10570,Clo1313_2898,KEGG_module,M00741
10571,Clo1313_2899,KEGG_module,-
10572,Clo1313_2900,KEGG_module,-
10573,Clo1313_2901,KEGG_module,-
10574,Clo1313_2902,KEGG_module,-
10575,Clo1313_2903,KEGG_module,-
10576,Clo1313_2904,KEGG_module,-
10577,Clo1313_2905,KEGG_module,M00362
10578,Clo1313_2906,KEGG_module,-
10579,Clo1313_2907,KEGG_module,-
10580,Clo1313_2908,KEGG_module,-
10581,Clo1313_2909,KEGG_module,-
10582,Clo1313_2910,KEGG_module,-
10583,Clo1313_2911,KEGG_module,M00135
10584,Clo1313_2912,KEGG_module,-
10585,Clo1313_2913,KEGG_module,-
10586,Clo1313_2914,KEGG_module,-
10587,Clo1313_2915,KEGG_module,-
10588,Clo1313_2916,KEGG_module,-
10589,Clo1313_2917,KEGG_module,-
10590,Clo1313_2918,KEGG_module,-
10591,Clo1313_2919,KEGG_module,-
10592,Clo1313_2920,KEGG_module,-
10593,Clo1313_2921,KEGG_module,M00429
10594,Clo1313_2922,KEGG_module,-
10595,Clo1313_2923,KEGG_module,-
10596,Clo1313_2924,KEGG_module,M00034
10597,Clo1313_2924,KEGG_module,M00035
10598,Clo1313_2924,KEGG_module,M00368
10599,Clo1313_2924,KEGG_module,M00609
10600,Clo1313_2925,KEGG_module,-
10601,Clo1313_2926,KEGG_module,M00742
10602,Clo1313_2927,KEGG_module,-
10603,Clo1313_2928,KEGG_module,-
10604,Clo1313_2929,KEGG_module,-
10605,Clo1313_2930,KEGG_module,M00178
10606,Clo1313_2931,KEGG_module,-
10607,Clo1313_2932,KEGG_module,-
10608,Clo1313_2933,KEGG_module,M00024
10609,Clo1313_2933,KEGG_module,M00025
10610,Clo1313_2934,KEGG_module,M00159
10611,Clo1313_2935,KEGG_module,M00159
10612,Clo1313_2936,KEGG_module,M00159
10613,Clo1313_2937,KEGG_module,M00159
10614,Clo1313_2938,KEGG_module,M00159
10615,Clo1313_2939,KEGG_module,M00159
10616,Clo1313_2940,KEGG_module,M00159
10617,Clo1313_2941,KEGG_module,M00159
10618,Clo1313_2942,KEGG_module,M00159
10619,Clo1313_2943,KEGG_module,-
10620,Clo1313_2944,KEGG_module,-
10621,Clo1313_2945,KEGG_module,-
10622,Clo1313_2946,KEGG_module,-
10623,Clo1313_2947,KEGG_module,-
10624,Clo1313_2949,KEGG_module,-
10625,Clo1313_2950,KEGG_module,-
10626,Clo1313_2951,KEGG_module,-
10627,Clo1313_2952,KEGG_module,M00236
10628,Clo1313_2953,KEGG_module,M00236
10629,Clo1313_2954,KEGG_module,M00236
10630,Clo1313_2955,KEGG_module,M00506
10631,Clo1313_2956,KEGG_module,-
10632,Clo1313_2957,KEGG_module,-
10633,Clo1313_2958,KEGG_module,M00506
10634,Clo1313_2959,KEGG_module,-
10635,Clo1313_2961,KEGG_module,-
10636,Clo1313_2962,KEGG_module,-
10637,Clo1313_2963,KEGG_module,-
10638,Clo1313_2965,KEGG_module,M00254
10639,Clo1313_2967,KEGG_module,-
10640,Clo1313_2969,KEGG_module,-
10641,Clo1313_2970,KEGG_module,-
10642,Clo1313_2971,KEGG_module,-
10643,Clo1313_2972,KEGG_module,-
10644,Clo1313_2973,KEGG_module,-
10645,Clo1313_2974,KEGG_module,-
10646,Clo1313_2975,KEGG_module,-
10647,Clo1313_2976,KEGG_module,-
10648,Clo1313_2977,KEGG_module,-
10649,Clo1313_2978,KEGG_module,-
10650,Clo1313_2979,KEGG_module,-
10651,Clo1313_2980,KEGG_module,-
10652,Clo1313_2981,KEGG_module,-
10653,Clo1313_2982,KEGG_module,-
10654,Clo1313_2983,KEGG_module,-
10655,Clo1313_2984,KEGG_module,-
10656,Clo1313_2985,KEGG_module,-
10657,Clo1313_2986,KEGG_module,-
10658,Clo1313_2987,KEGG_module,-
10659,Clo1313_2988,KEGG_module,-
10660,Clo1313_2989,KEGG_module,-
10661,Clo1313_2990,KEGG_module,-
10662,Clo1313_2991,KEGG_module,-
10663,Clo1313_2992,KEGG_module,-
10664,Clo1313_2993,KEGG_module,M00459
10665,Clo1313_2994,KEGG_module,M00434
10666,Clo1313_2994,KEGG_module,M00459
10667,Clo1313_2996,KEGG_module,-
10668,Clo1313_2997,KEGG_module,-
10669,Clo1313_2998,KEGG_module,-
10670,Clo1313_2999,KEGG_module,-
10671,Clo1313_3000,KEGG_module,-
10672,Clo1313_3001,KEGG_module,-
10673,Clo1313_3002,KEGG_module,-
10674,Clo1313_3003,KEGG_module,-
10675,Clo1313_3004,KEGG_module,-
10676,Clo1313_3005,KEGG_module,-
10677,Clo1313_3006,KEGG_module,-
10678,Clo1313_3007,KEGG_module,-
10679,Clo1313_3008,KEGG_module,-
10680,Clo1313_3009,KEGG_module,-
10681,Clo1313_3010,KEGG_module,-
10682,Clo1313_3011,KEGG_module,-
10683,Clo1313_3012,KEGG_module,-
10684,Clo1313_3013,KEGG_module,-
10685,Clo1313_3014,KEGG_module,-
10686,Clo1313_3015,KEGG_module,-
10687,Clo1313_3016,KEGG_module,-
10688,Clo1313_3017,KEGG_module,M00115
10689,Clo1313_3018,KEGG_module,M00115
10690,Clo1313_3019,KEGG_module,M00115
10691,Clo1313_3020,KEGG_module,-
10692,Clo1313_3021,KEGG_module,-
10693,Clo1313_3022,KEGG_module,-
10694,Clo1313_3023,KEGG_module,-
10695,Clo1313_3024,KEGG_module,-
10696,Clo1313_3025,KEGG_module,-
10697,Clo1313_3026,KEGG_module,-
10698,Clo1313_3027,KEGG_module,-
10699,Clo1313_3028,KEGG_module,-
10700,Clo1313_3029,KEGG_module,-
10701,Clo1313_3030,KEGG_module,M00335
10702,Clo1313_0005,KEGG_reaction,-
10703,Clo1313_0006,KEGG_reaction,-
10704,Clo1313_0007,KEGG_reaction,-
10705,Clo1313_0008,KEGG_reaction,-
10706,Clo1313_0009,KEGG_reaction,-
10707,Clo1313_0010,KEGG_reaction,-
10708,Clo1313_0011,KEGG_reaction,R03662
10709,Clo1313_0011,KEGG_reaction,R08218
10710,Clo1313_0012,KEGG_reaction,-
10711,Clo1313_0013,KEGG_reaction,-
10712,Clo1313_0014,KEGG_reaction,-
10713,Clo1313_0015,KEGG_reaction,-
10714,Clo1313_0016,KEGG_reaction,-
10715,Clo1313_0017,KEGG_reaction,-
10716,Clo1313_0018,KEGG_reaction,-
10717,Clo1313_0019,KEGG_reaction,-
10718,Clo1313_0020,KEGG_reaction,R01196
10719,Clo1313_0020,KEGG_reaction,R01199
10720,Clo1313_0020,KEGG_reaction,R08034
10721,Clo1313_0021,KEGG_reaction,R01196
10722,Clo1313_0021,KEGG_reaction,R01199
10723,Clo1313_0021,KEGG_reaction,R08034
10724,Clo1313_0022,KEGG_reaction,R01196
10725,Clo1313_0022,KEGG_reaction,R01199
10726,Clo1313_0022,KEGG_reaction,R08034
10727,Clo1313_0023,KEGG_reaction,R01196
10728,Clo1313_0023,KEGG_reaction,R01199
10729,Clo1313_0023,KEGG_reaction,R08034
10730,Clo1313_0025,KEGG_reaction,-
10731,Clo1313_0026,KEGG_reaction,-
10732,Clo1313_0027,KEGG_reaction,-
10733,Clo1313_0028,KEGG_reaction,-
10734,Clo1313_0029,KEGG_reaction,-
10735,Clo1313_0030,KEGG_reaction,R00943
10736,Clo1313_0031,KEGG_reaction,-
10737,Clo1313_0032,KEGG_reaction,-
10738,Clo1313_0033,KEGG_reaction,-
10739,Clo1313_0034,KEGG_reaction,R05634
10740,Clo1313_0035,KEGG_reaction,-
10741,Clo1313_0036,KEGG_reaction,-
10742,Clo1313_0037,KEGG_reaction,-
10743,Clo1313_0038,KEGG_reaction,-
10744,Clo1313_0039,KEGG_reaction,-
10745,Clo1313_0040,KEGG_reaction,-
10746,Clo1313_0041,KEGG_reaction,-
10747,Clo1313_0042,KEGG_reaction,-
10748,Clo1313_0043,KEGG_reaction,-
10749,Clo1313_0044,KEGG_reaction,-
10750,Clo1313_0046,KEGG_reaction,R04112
10751,Clo1313_0047,KEGG_reaction,-
10752,Clo1313_0048,KEGG_reaction,-
10753,Clo1313_0049,KEGG_reaction,-
10754,Clo1313_0050,KEGG_reaction,-
10755,Clo1313_0051,KEGG_reaction,-
10756,Clo1313_0053,KEGG_reaction,-
10757,Clo1313_0054,KEGG_reaction,-
10758,Clo1313_0055,KEGG_reaction,-
10759,Clo1313_0056,KEGG_reaction,-
10760,Clo1313_0057,KEGG_reaction,-
10761,Clo1313_0058,KEGG_reaction,-
10762,Clo1313_0059,KEGG_reaction,R10806
10763,Clo1313_0060,KEGG_reaction,-
10764,Clo1313_0061,KEGG_reaction,-
10765,Clo1313_0062,KEGG_reaction,-
10766,Clo1313_0063,KEGG_reaction,-
10767,Clo1313_0064,KEGG_reaction,-
10768,Clo1313_0065,KEGG_reaction,-
10769,Clo1313_0066,KEGG_reaction,-
10770,Clo1313_0067,KEGG_reaction,-
10771,Clo1313_0068,KEGG_reaction,R02412
10772,Clo1313_0070,KEGG_reaction,-
10773,Clo1313_0071,KEGG_reaction,-
10774,Clo1313_0072,KEGG_reaction,-
10775,Clo1313_0073,KEGG_reaction,R00847
10776,Clo1313_0074,KEGG_reaction,R01067
10777,Clo1313_0074,KEGG_reaction,R01641
10778,Clo1313_0074,KEGG_reaction,R01830
10779,Clo1313_0074,KEGG_reaction,R06590
10780,Clo1313_0075,KEGG_reaction,R01067
10781,Clo1313_0075,KEGG_reaction,R01641
10782,Clo1313_0075,KEGG_reaction,R01830
10783,Clo1313_0075,KEGG_reaction,R06590
10784,Clo1313_0076,KEGG_reaction,R00875
10785,Clo1313_0076,KEGG_reaction,R01896
10786,Clo1313_0077,KEGG_reaction,-
10787,Clo1313_0078,KEGG_reaction,-
10788,Clo1313_0079,KEGG_reaction,-
10789,Clo1313_0080,KEGG_reaction,-
10790,Clo1313_0081,KEGG_reaction,-
10791,Clo1313_0082,KEGG_reaction,-
10792,Clo1313_0083,KEGG_reaction,-
10793,Clo1313_0084,KEGG_reaction,-
10794,Clo1313_0085,KEGG_reaction,R10223
10795,Clo1313_0087,KEGG_reaction,-
10796,Clo1313_0088,KEGG_reaction,-
10797,Clo1313_0089,KEGG_reaction,-
10798,Clo1313_0090,KEGG_reaction,-
10799,Clo1313_0091,KEGG_reaction,-
10800,Clo1313_0092,KEGG_reaction,-
10801,Clo1313_0093,KEGG_reaction,-
10802,Clo1313_0094,KEGG_reaction,-
10803,Clo1313_0095,KEGG_reaction,-
10804,Clo1313_0096,KEGG_reaction,-
10805,Clo1313_0097,KEGG_reaction,-
10806,Clo1313_0098,KEGG_reaction,R01676
10807,Clo1313_0099,KEGG_reaction,R00006
10808,Clo1313_0099,KEGG_reaction,R00014
10809,Clo1313_0099,KEGG_reaction,R00226
10810,Clo1313_0099,KEGG_reaction,R03050
10811,Clo1313_0099,KEGG_reaction,R04672
10812,Clo1313_0099,KEGG_reaction,R04673
10813,Clo1313_0099,KEGG_reaction,R08648
10814,Clo1313_0100,KEGG_reaction,R00006
10815,Clo1313_0100,KEGG_reaction,R00014
10816,Clo1313_0100,KEGG_reaction,R00226
10817,Clo1313_0100,KEGG_reaction,R03050
10818,Clo1313_0100,KEGG_reaction,R04672
10819,Clo1313_0100,KEGG_reaction,R04673
10820,Clo1313_0100,KEGG_reaction,R08648
10821,Clo1313_0101,KEGG_reaction,R03051
10822,Clo1313_0101,KEGG_reaction,R04439
10823,Clo1313_0101,KEGG_reaction,R04440
10824,Clo1313_0101,KEGG_reaction,R05068
10825,Clo1313_0101,KEGG_reaction,R05069
10826,Clo1313_0101,KEGG_reaction,R05071
10827,Clo1313_0102,KEGG_reaction,R01213
10828,Clo1313_0103,KEGG_reaction,-
10829,Clo1313_0104,KEGG_reaction,-
10830,Clo1313_0105,KEGG_reaction,-
10831,Clo1313_0106,KEGG_reaction,-
10832,Clo1313_0107,KEGG_reaction,-
10833,Clo1313_0108,KEGG_reaction,R04109
10834,Clo1313_0109,KEGG_reaction,R02864
10835,Clo1313_0109,KEGG_reaction,R03947
10836,Clo1313_0110,KEGG_reaction,R00084
10837,Clo1313_0111,KEGG_reaction,R02864
10838,Clo1313_0111,KEGG_reaction,R03165
10839,Clo1313_0111,KEGG_reaction,R03194
10840,Clo1313_0111,KEGG_reaction,R03947
10841,Clo1313_0112,KEGG_reaction,R00036
10842,Clo1313_0113,KEGG_reaction,R02272
10843,Clo1313_0114,KEGG_reaction,-
10844,Clo1313_0115,KEGG_reaction,-
10845,Clo1313_0116,KEGG_reaction,-
10846,Clo1313_0117,KEGG_reaction,-
10847,Clo1313_0118,KEGG_reaction,R02021
10848,Clo1313_0119,KEGG_reaction,R00529
10849,Clo1313_0119,KEGG_reaction,R02021
10850,Clo1313_0119,KEGG_reaction,R04929
10851,Clo1313_0120,KEGG_reaction,R00509
10852,Clo1313_0120,KEGG_reaction,R00529
10853,Clo1313_0120,KEGG_reaction,R04928
10854,Clo1313_0120,KEGG_reaction,R04929
10855,Clo1313_0121,KEGG_reaction,-
10856,Clo1313_0122,KEGG_reaction,R07459
10857,Clo1313_0123,KEGG_reaction,R11524
10858,Clo1313_0124,KEGG_reaction,-
10859,Clo1313_0125,KEGG_reaction,-
10860,Clo1313_0126,KEGG_reaction,-
10861,Clo1313_0127,KEGG_reaction,-
10862,Clo1313_0128,KEGG_reaction,-
10863,Clo1313_0129,KEGG_reaction,-
10864,Clo1313_0133,KEGG_reaction,R01762
10865,Clo1313_0135,KEGG_reaction,-
10866,Clo1313_0136,KEGG_reaction,-
10867,Clo1313_0137,KEGG_reaction,-
10868,Clo1313_0138,KEGG_reaction,-
10869,Clo1313_0139,KEGG_reaction,-
10870,Clo1313_0140,KEGG_reaction,-
10871,Clo1313_0141,KEGG_reaction,-
10872,Clo1313_0142,KEGG_reaction,-
10873,Clo1313_0143,KEGG_reaction,-
10874,Clo1313_0144,KEGG_reaction,-
10875,Clo1313_0145,KEGG_reaction,R03391
10876,Clo1313_0145,KEGG_reaction,R03392
10877,Clo1313_0146,KEGG_reaction,R06514
10878,Clo1313_0147,KEGG_reaction,R02426
10879,Clo1313_0148,KEGG_reaction,R00956
10880,Clo1313_0149,KEGG_reaction,-
10881,Clo1313_0150,KEGG_reaction,-
10882,Clo1313_0151,KEGG_reaction,-
10883,Clo1313_0152,KEGG_reaction,-
10884,Clo1313_0153,KEGG_reaction,-
10885,Clo1313_0154,KEGG_reaction,-
10886,Clo1313_0155,KEGG_reaction,-
10887,Clo1313_0159,KEGG_reaction,-
10888,Clo1313_0160,KEGG_reaction,-
10889,Clo1313_0161,KEGG_reaction,-
10890,Clo1313_0162,KEGG_reaction,-
10891,Clo1313_0163,KEGG_reaction,-
10892,Clo1313_0164,KEGG_reaction,-
10893,Clo1313_0165,KEGG_reaction,R03409
10894,Clo1313_0166,KEGG_reaction,R00623
10895,Clo1313_0166,KEGG_reaction,R00754
10896,Clo1313_0166,KEGG_reaction,R02124
10897,Clo1313_0166,KEGG_reaction,R04805
10898,Clo1313_0166,KEGG_reaction,R04880
10899,Clo1313_0166,KEGG_reaction,R05233
10900,Clo1313_0166,KEGG_reaction,R05234
10901,Clo1313_0166,KEGG_reaction,R06917
10902,Clo1313_0166,KEGG_reaction,R06927
10903,Clo1313_0166,KEGG_reaction,R07105
10904,Clo1313_0166,KEGG_reaction,R08281
10905,Clo1313_0166,KEGG_reaction,R08306
10906,Clo1313_0166,KEGG_reaction,R08310
10907,Clo1313_0167,KEGG_reaction,-
10908,Clo1313_0168,KEGG_reaction,R03066
10909,Clo1313_0168,KEGG_reaction,R03067
10910,Clo1313_0169,KEGG_reaction,R03504
10911,Clo1313_0169,KEGG_reaction,R11037
10912,Clo1313_0169,KEGG_reaction,R11073
10913,Clo1313_0170,KEGG_reaction,R03503
10914,Clo1313_0170,KEGG_reaction,R03504
10915,Clo1313_0171,KEGG_reaction,-
10916,Clo1313_0172,KEGG_reaction,R01074
10917,Clo1313_0172,KEGG_reaction,R05145
10918,Clo1313_0173,KEGG_reaction,-
10919,Clo1313_0174,KEGG_reaction,-
10920,Clo1313_0175,KEGG_reaction,R02971
10921,Clo1313_0175,KEGG_reaction,R03018
10922,Clo1313_0175,KEGG_reaction,R04391
10923,Clo1313_0176,KEGG_reaction,-
10924,Clo1313_0177,KEGG_reaction,-
10925,Clo1313_0178,KEGG_reaction,-
10926,Clo1313_0179,KEGG_reaction,-
10927,Clo1313_0180,KEGG_reaction,-
10928,Clo1313_0181,KEGG_reaction,-
10929,Clo1313_0182,KEGG_reaction,R10463
10930,Clo1313_0183,KEGG_reaction,-
10931,Clo1313_0184,KEGG_reaction,R01056
10932,Clo1313_0184,KEGG_reaction,R09030
10933,Clo1313_0185,KEGG_reaction,R00966
10934,Clo1313_0186,KEGG_reaction,R01663
10935,Clo1313_0187,KEGG_reaction,R08856
10936,Clo1313_0188,KEGG_reaction,R00420
10937,Clo1313_0188,KEGG_reaction,R08856
10938,Clo1313_0189,KEGG_reaction,-
10939,Clo1313_0190,KEGG_reaction,-
10940,Clo1313_0191,KEGG_reaction,-
10941,Clo1313_0192,KEGG_reaction,-
10942,Clo1313_0193,KEGG_reaction,-
10943,Clo1313_0194,KEGG_reaction,-
10944,Clo1313_0195,KEGG_reaction,-
10945,Clo1313_0196,KEGG_reaction,-
10946,Clo1313_0197,KEGG_reaction,-
10947,Clo1313_0198,KEGG_reaction,-
10948,Clo1313_0199,KEGG_reaction,-
10949,Clo1313_0200,KEGG_reaction,-
10950,Clo1313_0201,KEGG_reaction,-
10951,Clo1313_0202,KEGG_reaction,R00660
10952,Clo1313_0203,KEGG_reaction,-
10953,Clo1313_0204,KEGG_reaction,-
10954,Clo1313_0205,KEGG_reaction,-
10955,Clo1313_0206,KEGG_reaction,-
10956,Clo1313_0207,KEGG_reaction,-
10957,Clo1313_0208,KEGG_reaction,-
10958,Clo1313_0209,KEGG_reaction,-
10959,Clo1313_0210,KEGG_reaction,-
10960,Clo1313_0211,KEGG_reaction,-
10961,Clo1313_0213,KEGG_reaction,R04428
10962,Clo1313_0213,KEGG_reaction,R04535
10963,Clo1313_0213,KEGG_reaction,R04537
10964,Clo1313_0213,KEGG_reaction,R04544
10965,Clo1313_0213,KEGG_reaction,R04568
10966,Clo1313_0213,KEGG_reaction,R04954
10967,Clo1313_0213,KEGG_reaction,R04965
10968,Clo1313_0213,KEGG_reaction,R07764
10969,Clo1313_0213,KEGG_reaction,R10117
10970,Clo1313_0213,KEGG_reaction,R10121
10971,Clo1313_0214,KEGG_reaction,R03193
10972,Clo1313_0215,KEGG_reaction,-
10973,Clo1313_0216,KEGG_reaction,-
10974,Clo1313_0217,KEGG_reaction,R00416
10975,Clo1313_0217,KEGG_reaction,R05332
10976,Clo1313_0218,KEGG_reaction,R01049
10977,Clo1313_0219,KEGG_reaction,-
10978,Clo1313_0220,KEGG_reaction,-
10979,Clo1313_0221,KEGG_reaction,-
10980,Clo1313_0222,KEGG_reaction,-
10981,Clo1313_0223,KEGG_reaction,-
10982,Clo1313_0224,KEGG_reaction,-
10983,Clo1313_0225,KEGG_reaction,-
10984,Clo1313_0226,KEGG_reaction,-
10985,Clo1313_0227,KEGG_reaction,-
10986,Clo1313_0228,KEGG_reaction,R10182
10987,Clo1313_0229,KEGG_reaction,R00420
10988,Clo1313_0229,KEGG_reaction,R10187
10989,Clo1313_0230,KEGG_reaction,R01804
10990,Clo1313_0230,KEGG_reaction,R04435
10991,Clo1313_0230,KEGG_reaction,R10304
10992,Clo1313_0231,KEGG_reaction,-
10993,Clo1313_0232,KEGG_reaction,R09772
10994,Clo1313_0233,KEGG_reaction,R10460
10995,Clo1313_0234,KEGG_reaction,R02426
10996,Clo1313_0234,KEGG_reaction,R06513
10997,Clo1313_0235,KEGG_reaction,-
10998,Clo1313_0236,KEGG_reaction,R01150
10999,Clo1313_0237,KEGG_reaction,-
11000,Clo1313_0238,KEGG_reaction,-
11001,Clo1313_0239,KEGG_reaction,-
11002,Clo1313_0240,KEGG_reaction,-
11003,Clo1313_0241,KEGG_reaction,-
11004,Clo1313_0242,KEGG_reaction,-
11005,Clo1313_0243,KEGG_reaction,-
11006,Clo1313_0244,KEGG_reaction,-
11007,Clo1313_0245,KEGG_reaction,R00426
11008,Clo1313_0245,KEGG_reaction,R00720
11009,Clo1313_0245,KEGG_reaction,R01855
11010,Clo1313_0245,KEGG_reaction,R02100
11011,Clo1313_0245,KEGG_reaction,R02720
11012,Clo1313_0245,KEGG_reaction,R03531
11013,Clo1313_0246,KEGG_reaction,-
11014,Clo1313_0247,KEGG_reaction,-
11015,Clo1313_0248,KEGG_reaction,-
11016,Clo1313_0249,KEGG_reaction,-
11017,Clo1313_0250,KEGG_reaction,-
11018,Clo1313_0251,KEGG_reaction,-
11019,Clo1313_0252,KEGG_reaction,-
11020,Clo1313_0253,KEGG_reaction,-
11021,Clo1313_0254,KEGG_reaction,-
11022,Clo1313_0255,KEGG_reaction,-
11023,Clo1313_0256,KEGG_reaction,-
11024,Clo1313_0259,KEGG_reaction,-
11025,Clo1313_0260,KEGG_reaction,-
11026,Clo1313_0262,KEGG_reaction,-
11027,Clo1313_0264,KEGG_reaction,-
11028,Clo1313_0266,KEGG_reaction,-
11029,Clo1313_0268,KEGG_reaction,-
11030,Clo1313_0269,KEGG_reaction,-
11031,Clo1313_0270,KEGG_reaction,-
11032,Clo1313_0271,KEGG_reaction,-
11033,Clo1313_0272,KEGG_reaction,-
11034,Clo1313_0273,KEGG_reaction,-
11035,Clo1313_0274,KEGG_reaction,-
11036,Clo1313_0275,KEGG_reaction,-
11037,Clo1313_0276,KEGG_reaction,-
11038,Clo1313_0277,KEGG_reaction,-
11039,Clo1313_0278,KEGG_reaction,-
11040,Clo1313_0279,KEGG_reaction,-
11041,Clo1313_0280,KEGG_reaction,-
11042,Clo1313_0281,KEGG_reaction,-
11043,Clo1313_0282,KEGG_reaction,-
11044,Clo1313_0283,KEGG_reaction,-
11045,Clo1313_0284,KEGG_reaction,-
11046,Clo1313_0285,KEGG_reaction,-
11047,Clo1313_0286,KEGG_reaction,-
11048,Clo1313_0287,KEGG_reaction,-
11049,Clo1313_0288,KEGG_reaction,R00401
11050,Clo1313_0289,KEGG_reaction,-
11051,Clo1313_0290,KEGG_reaction,-
11052,Clo1313_0291,KEGG_reaction,-
11053,Clo1313_0292,KEGG_reaction,-
11054,Clo1313_0293,KEGG_reaction,-
11055,Clo1313_0294,KEGG_reaction,-
11056,Clo1313_0295,KEGG_reaction,R01067
11057,Clo1313_0295,KEGG_reaction,R01641
11058,Clo1313_0295,KEGG_reaction,R01830
11059,Clo1313_0295,KEGG_reaction,R06590
11060,Clo1313_0296,KEGG_reaction,R01067
11061,Clo1313_0296,KEGG_reaction,R01641
11062,Clo1313_0296,KEGG_reaction,R01830
11063,Clo1313_0296,KEGG_reaction,R06590
11064,Clo1313_0297,KEGG_reaction,-
11065,Clo1313_0298,KEGG_reaction,-
11066,Clo1313_0299,KEGG_reaction,-
11067,Clo1313_0300,KEGG_reaction,-
11068,Clo1313_0301,KEGG_reaction,-
11069,Clo1313_0302,KEGG_reaction,-
11070,Clo1313_0303,KEGG_reaction,-
11071,Clo1313_0304,KEGG_reaction,R01209
11072,Clo1313_0304,KEGG_reaction,R04441
11073,Clo1313_0304,KEGG_reaction,R05070
11074,Clo1313_0305,KEGG_reaction,R00006
11075,Clo1313_0305,KEGG_reaction,R00014
11076,Clo1313_0305,KEGG_reaction,R00226
11077,Clo1313_0305,KEGG_reaction,R03050
11078,Clo1313_0305,KEGG_reaction,R04672
11079,Clo1313_0305,KEGG_reaction,R04673
11080,Clo1313_0305,KEGG_reaction,R08648
11081,Clo1313_0306,KEGG_reaction,-
11082,Clo1313_0307,KEGG_reaction,-
11083,Clo1313_0308,KEGG_reaction,-
11084,Clo1313_0309,KEGG_reaction,-
11085,Clo1313_0310,KEGG_reaction,-
11086,Clo1313_0311,KEGG_reaction,-
11087,Clo1313_0312,KEGG_reaction,-
11088,Clo1313_0313,KEGG_reaction,R00435
11089,Clo1313_0313,KEGG_reaction,R00441
11090,Clo1313_0313,KEGG_reaction,R00442
11091,Clo1313_0313,KEGG_reaction,R00443
11092,Clo1313_0314,KEGG_reaction,R00435
11093,Clo1313_0314,KEGG_reaction,R00441
11094,Clo1313_0314,KEGG_reaction,R00442
11095,Clo1313_0314,KEGG_reaction,R00443
11096,Clo1313_0315,KEGG_reaction,-
11097,Clo1313_0316,KEGG_reaction,-
11098,Clo1313_0317,KEGG_reaction,-
11099,Clo1313_0318,KEGG_reaction,-
11100,Clo1313_0319,KEGG_reaction,-
11101,Clo1313_0320,KEGG_reaction,-
11102,Clo1313_0321,KEGG_reaction,-
11103,Clo1313_0322,KEGG_reaction,-
11104,Clo1313_0323,KEGG_reaction,-
11105,Clo1313_0324,KEGG_reaction,-
11106,Clo1313_0325,KEGG_reaction,R00199
11107,Clo1313_0326,KEGG_reaction,-
11108,Clo1313_0327,KEGG_reaction,-
11109,Clo1313_0328,KEGG_reaction,-
11110,Clo1313_0329,KEGG_reaction,-
11111,Clo1313_0330,KEGG_reaction,-
11112,Clo1313_0331,KEGG_reaction,-
11113,Clo1313_0332,KEGG_reaction,R10648
11114,Clo1313_0333,KEGG_reaction,-
11115,Clo1313_0334,KEGG_reaction,-
11116,Clo1313_0335,KEGG_reaction,-
11117,Clo1313_0336,KEGG_reaction,R00188
11118,Clo1313_0336,KEGG_reaction,R11188
11119,Clo1313_0337,KEGG_reaction,-
11120,Clo1313_0339,KEGG_reaction,-
11121,Clo1313_0341,KEGG_reaction,-
11122,Clo1313_0342,KEGG_reaction,-
11123,Clo1313_0343,KEGG_reaction,-
11124,Clo1313_0344,KEGG_reaction,-
11125,Clo1313_0346,KEGG_reaction,-
11126,Clo1313_0347,KEGG_reaction,-
11127,Clo1313_0348,KEGG_reaction,-
11128,Clo1313_0349,KEGG_reaction,R06200
11129,Clo1313_0349,KEGG_reaction,R11307
11130,Clo1313_0349,KEGG_reaction,R11308
11131,Clo1313_0350,KEGG_reaction,R06200
11132,Clo1313_0350,KEGG_reaction,R11307
11133,Clo1313_0350,KEGG_reaction,R11308
11134,Clo1313_0351,KEGG_reaction,-
11135,Clo1313_0352,KEGG_reaction,-
11136,Clo1313_0353,KEGG_reaction,-
11137,Clo1313_0354,KEGG_reaction,-
11138,Clo1313_0355,KEGG_reaction,-
11139,Clo1313_0356,KEGG_reaction,-
11140,Clo1313_0357,KEGG_reaction,-
11141,Clo1313_0358,KEGG_reaction,-
11142,Clo1313_0359,KEGG_reaction,-
11143,Clo1313_0360,KEGG_reaction,-
11144,Clo1313_0364,KEGG_reaction,-
11145,Clo1313_0365,KEGG_reaction,R00137
11146,Clo1313_0365,KEGG_reaction,R02324
11147,Clo1313_0365,KEGG_reaction,R03005
11148,Clo1313_0366,KEGG_reaction,-
11149,Clo1313_0368,KEGG_reaction,-
11150,Clo1313_0369,KEGG_reaction,R00086
11151,Clo1313_0370,KEGG_reaction,-
11152,Clo1313_0371,KEGG_reaction,-
11153,Clo1313_0372,KEGG_reaction,-
11154,Clo1313_0373,KEGG_reaction,R03197
11155,Clo1313_0373,KEGG_reaction,R04972
11156,Clo1313_0374,KEGG_reaction,R03197
11157,Clo1313_0374,KEGG_reaction,R04972
11158,Clo1313_0374,KEGG_reaction,R09098
11159,Clo1313_0374,KEGG_reaction,R10000
11160,Clo1313_0375,KEGG_reaction,-
11161,Clo1313_0376,KEGG_reaction,-
11162,Clo1313_0377,KEGG_reaction,-
11163,Clo1313_0378,KEGG_reaction,-
11164,Clo1313_0379,KEGG_reaction,-
11165,Clo1313_0380,KEGG_reaction,R02539
11166,Clo1313_0381,KEGG_reaction,-
11167,Clo1313_0382,KEGG_reaction,R01196
11168,Clo1313_0382,KEGG_reaction,R01199
11169,Clo1313_0382,KEGG_reaction,R08034
11170,Clo1313_0383,KEGG_reaction,R01196
11171,Clo1313_0383,KEGG_reaction,R01199
11172,Clo1313_0383,KEGG_reaction,R08034
11173,Clo1313_0384,KEGG_reaction,R01196
11174,Clo1313_0384,KEGG_reaction,R01199
11175,Clo1313_0384,KEGG_reaction,R08034
11176,Clo1313_0385,KEGG_reaction,R01196
11177,Clo1313_0385,KEGG_reaction,R01199
11178,Clo1313_0385,KEGG_reaction,R08034
11179,Clo1313_0387,KEGG_reaction,R11098
11180,Clo1313_0387,KEGG_reaction,R11099
11181,Clo1313_0388,KEGG_reaction,R00782
11182,Clo1313_0388,KEGG_reaction,R00999
11183,Clo1313_0388,KEGG_reaction,R01286
11184,Clo1313_0388,KEGG_reaction,R01288
11185,Clo1313_0388,KEGG_reaction,R02408
11186,Clo1313_0388,KEGG_reaction,R02508
11187,Clo1313_0388,KEGG_reaction,R03217
11188,Clo1313_0388,KEGG_reaction,R03260
11189,Clo1313_0388,KEGG_reaction,R04941
11190,Clo1313_0388,KEGG_reaction,R04944
11191,Clo1313_0388,KEGG_reaction,R04945
11192,Clo1313_0388,KEGG_reaction,R04946
11193,Clo1313_0389,KEGG_reaction,R00782
11194,Clo1313_0389,KEGG_reaction,R01286
11195,Clo1313_0389,KEGG_reaction,R02408
11196,Clo1313_0389,KEGG_reaction,R04941
11197,Clo1313_0390,KEGG_reaction,R07157
11198,Clo1313_0390,KEGG_reaction,R08034
11199,Clo1313_0391,KEGG_reaction,-
11200,Clo1313_0392,KEGG_reaction,-
11201,Clo1313_0393,KEGG_reaction,-
11202,Clo1313_0394,KEGG_reaction,-
11203,Clo1313_0395,KEGG_reaction,R06200
11204,Clo1313_0395,KEGG_reaction,R11307
11205,Clo1313_0395,KEGG_reaction,R11308
11206,Clo1313_0396,KEGG_reaction,-
11207,Clo1313_0397,KEGG_reaction,-
11208,Clo1313_0398,KEGG_reaction,-
11209,Clo1313_0399,KEGG_reaction,R01332
11210,Clo1313_0400,KEGG_reaction,-
11211,Clo1313_0401,KEGG_reaction,-
11212,Clo1313_0402,KEGG_reaction,-
11213,Clo1313_0403,KEGG_reaction,R03658
11214,Clo1313_0405,KEGG_reaction,-
11215,Clo1313_0406,KEGG_reaction,-
11216,Clo1313_0407,KEGG_reaction,-
11217,Clo1313_0408,KEGG_reaction,-
11218,Clo1313_0409,KEGG_reaction,-
11219,Clo1313_0410,KEGG_reaction,-
11220,Clo1313_0411,KEGG_reaction,-
11221,Clo1313_0412,KEGG_reaction,-
11222,Clo1313_0413,KEGG_reaction,R06200
11223,Clo1313_0413,KEGG_reaction,R11307
11224,Clo1313_0413,KEGG_reaction,R11308
11225,Clo1313_0414,KEGG_reaction,-
11226,Clo1313_0415,KEGG_reaction,R00431
11227,Clo1313_0415,KEGG_reaction,R00726
11228,Clo1313_0416,KEGG_reaction,-
11229,Clo1313_0417,KEGG_reaction,-
11230,Clo1313_0418,KEGG_reaction,-
11231,Clo1313_0419,KEGG_reaction,-
11232,Clo1313_0420,KEGG_reaction,-
11233,Clo1313_0421,KEGG_reaction,R01071
11234,Clo1313_0422,KEGG_reaction,R01071
11235,Clo1313_0423,KEGG_reaction,R01158
11236,Clo1313_0423,KEGG_reaction,R01163
11237,Clo1313_0423,KEGG_reaction,R03012
11238,Clo1313_0424,KEGG_reaction,R00694
11239,Clo1313_0424,KEGG_reaction,R00734
11240,Clo1313_0424,KEGG_reaction,R03243
11241,Clo1313_0425,KEGG_reaction,R03457
11242,Clo1313_0426,KEGG_reaction,R04591
11243,Clo1313_0427,KEGG_reaction,R04558
11244,Clo1313_0428,KEGG_reaction,R04640
11245,Clo1313_0429,KEGG_reaction,R04558
11246,Clo1313_0430,KEGG_reaction,R04035
11247,Clo1313_0430,KEGG_reaction,R04037
11248,Clo1313_0431,KEGG_reaction,-
11249,Clo1313_0432,KEGG_reaction,-
11250,Clo1313_0433,KEGG_reaction,-
11251,Clo1313_0434,KEGG_reaction,-
11252,Clo1313_0435,KEGG_reaction,-
11253,Clo1313_0436,KEGG_reaction,-
11254,Clo1313_0437,KEGG_reaction,-
11255,Clo1313_0438,KEGG_reaction,-
11256,Clo1313_0439,KEGG_reaction,-
11257,Clo1313_0440,KEGG_reaction,-
11258,Clo1313_0441,KEGG_reaction,-
11259,Clo1313_0442,KEGG_reaction,-
11260,Clo1313_0444,KEGG_reaction,-
11261,Clo1313_0445,KEGG_reaction,-
11262,Clo1313_0446,KEGG_reaction,-
11263,Clo1313_0447,KEGG_reaction,-
11264,Clo1313_0448,KEGG_reaction,-
11265,Clo1313_0449,KEGG_reaction,-
11266,Clo1313_0450,KEGG_reaction,-
11267,Clo1313_0451,KEGG_reaction,-
11268,Clo1313_0452,KEGG_reaction,-
11269,Clo1313_0453,KEGG_reaction,-
11270,Clo1313_0454,KEGG_reaction,-
11271,Clo1313_0455,KEGG_reaction,-
11272,Clo1313_0456,KEGG_reaction,-
11273,Clo1313_0457,KEGG_reaction,-
11274,Clo1313_0458,KEGG_reaction,-
11275,Clo1313_0459,KEGG_reaction,-
11276,Clo1313_0460,KEGG_reaction,-
11277,Clo1313_0461,KEGG_reaction,-
11278,Clo1313_0462,KEGG_reaction,-
11279,Clo1313_0463,KEGG_reaction,-
11280,Clo1313_0464,KEGG_reaction,-
11281,Clo1313_0465,KEGG_reaction,-
11282,Clo1313_0466,KEGG_reaction,R00127
11283,Clo1313_0466,KEGG_reaction,R01547
11284,Clo1313_0466,KEGG_reaction,R11319
11285,Clo1313_0467,KEGG_reaction,-
11286,Clo1313_0468,KEGG_reaction,-
11287,Clo1313_0469,KEGG_reaction,-
11288,Clo1313_0470,KEGG_reaction,-
11289,Clo1313_0471,KEGG_reaction,-
11290,Clo1313_0472,KEGG_reaction,-
11291,Clo1313_0473,KEGG_reaction,-
11292,Clo1313_0474,KEGG_reaction,R00435
11293,Clo1313_0474,KEGG_reaction,R00441
11294,Clo1313_0474,KEGG_reaction,R00442
11295,Clo1313_0474,KEGG_reaction,R00443
11296,Clo1313_0475,KEGG_reaction,-
11297,Clo1313_0476,KEGG_reaction,-
11298,Clo1313_0477,KEGG_reaction,R07234
11299,Clo1313_0478,KEGG_reaction,-
11300,Clo1313_0479,KEGG_reaction,-
11301,Clo1313_0480,KEGG_reaction,-
11302,Clo1313_0482,KEGG_reaction,-
11303,Clo1313_0483,KEGG_reaction,-
11304,Clo1313_0484,KEGG_reaction,-
11305,Clo1313_0485,KEGG_reaction,-
11306,Clo1313_0486,KEGG_reaction,-
11307,Clo1313_0487,KEGG_reaction,-
11308,Clo1313_0488,KEGG_reaction,-
11309,Clo1313_0489,KEGG_reaction,R00299
11310,Clo1313_0489,KEGG_reaction,R01600
11311,Clo1313_0489,KEGG_reaction,R01786
11312,Clo1313_0490,KEGG_reaction,-
11313,Clo1313_0491,KEGG_reaction,-
11314,Clo1313_0492,KEGG_reaction,R02921
11315,Clo1313_0492,KEGG_reaction,R05633
11316,Clo1313_0493,KEGG_reaction,-
11317,Clo1313_0494,KEGG_reaction,-
11318,Clo1313_0495,KEGG_reaction,-
11319,Clo1313_0496,KEGG_reaction,-
11320,Clo1313_0497,KEGG_reaction,R05633
11321,Clo1313_0497,KEGG_reaction,R05637
11322,Clo1313_0498,KEGG_reaction,R03661
11323,Clo1313_0499,KEGG_reaction,-
11324,Clo1313_0500,KEGG_reaction,R02362
11325,Clo1313_0501,KEGG_reaction,R02361
11326,Clo1313_0501,KEGG_reaction,R06240
11327,Clo1313_0502,KEGG_reaction,-
11328,Clo1313_0503,KEGG_reaction,-
11329,Clo1313_0509,KEGG_reaction,-
11330,Clo1313_0510,KEGG_reaction,-
11331,Clo1313_0511,KEGG_reaction,-
11332,Clo1313_0512,KEGG_reaction,-
11333,Clo1313_0513,KEGG_reaction,-
11334,Clo1313_0514,KEGG_reaction,-
11335,Clo1313_0515,KEGG_reaction,-
11336,Clo1313_0516,KEGG_reaction,-
11337,Clo1313_0517,KEGG_reaction,-
11338,Clo1313_0518,KEGG_reaction,-
11339,Clo1313_0519,KEGG_reaction,-
11340,Clo1313_0520,KEGG_reaction,-
11341,Clo1313_0521,KEGG_reaction,-
11342,Clo1313_0522,KEGG_reaction,-
11343,Clo1313_0523,KEGG_reaction,-
11344,Clo1313_0524,KEGG_reaction,-
11345,Clo1313_0525,KEGG_reaction,-
11346,Clo1313_0526,KEGG_reaction,-
11347,Clo1313_0527,KEGG_reaction,-
11348,Clo1313_0528,KEGG_reaction,-
11349,Clo1313_0529,KEGG_reaction,-
11350,Clo1313_0530,KEGG_reaction,-
11351,Clo1313_0531,KEGG_reaction,-
11352,Clo1313_0532,KEGG_reaction,-
11353,Clo1313_0534,KEGG_reaction,-
11354,Clo1313_0535,KEGG_reaction,-
11355,Clo1313_0536,KEGG_reaction,-
11356,Clo1313_0537,KEGG_reaction,-
11357,Clo1313_0538,KEGG_reaction,-
11358,Clo1313_0539,KEGG_reaction,-
11359,Clo1313_0540,KEGG_reaction,-
11360,Clo1313_0541,KEGG_reaction,-
11361,Clo1313_0542,KEGG_reaction,R02252
11362,Clo1313_0543,KEGG_reaction,-
11363,Clo1313_0544,KEGG_reaction,-
11364,Clo1313_0545,KEGG_reaction,-
11365,Clo1313_0546,KEGG_reaction,-
11366,Clo1313_0547,KEGG_reaction,-
11367,Clo1313_0549,KEGG_reaction,-
11368,Clo1313_0550,KEGG_reaction,-
11369,Clo1313_0551,KEGG_reaction,-
11370,Clo1313_0552,KEGG_reaction,-
11371,Clo1313_0554,KEGG_reaction,R00519
11372,Clo1313_0555,KEGG_reaction,-
11373,Clo1313_0556,KEGG_reaction,-
11374,Clo1313_0557,KEGG_reaction,-
11375,Clo1313_0558,KEGG_reaction,-
11376,Clo1313_0562,KEGG_reaction,-
11377,Clo1313_0563,KEGG_reaction,-
11378,Clo1313_0564,KEGG_reaction,-
11379,Clo1313_0565,KEGG_reaction,-
11380,Clo1313_0566,KEGG_reaction,-
11381,Clo1313_0567,KEGG_reaction,-
11382,Clo1313_0568,KEGG_reaction,-
11383,Clo1313_0569,KEGG_reaction,-
11384,Clo1313_0570,KEGG_reaction,-
11385,Clo1313_0571,KEGG_reaction,R11945
11386,Clo1313_0572,KEGG_reaction,-
11387,Clo1313_0573,KEGG_reaction,R11945
11388,Clo1313_0574,KEGG_reaction,R11945
11389,Clo1313_0575,KEGG_reaction,-
11390,Clo1313_0577,KEGG_reaction,-
11391,Clo1313_0578,KEGG_reaction,R00351
11392,Clo1313_0579,KEGG_reaction,R01167
11393,Clo1313_0580,KEGG_reaction,-
11394,Clo1313_0581,KEGG_reaction,-
11395,Clo1313_0583,KEGG_reaction,-
11396,Clo1313_0584,KEGG_reaction,-
11397,Clo1313_0585,KEGG_reaction,-
11398,Clo1313_0586,KEGG_reaction,R01513
11399,Clo1313_0587,KEGG_reaction,-
11400,Clo1313_0588,KEGG_reaction,-
11401,Clo1313_0589,KEGG_reaction,-
11402,Clo1313_0590,KEGG_reaction,-
11403,Clo1313_0591,KEGG_reaction,-
11404,Clo1313_0592,KEGG_reaction,R05617
11405,Clo1313_0592,KEGG_reaction,R06858
11406,Clo1313_0592,KEGG_reaction,R10757
11407,Clo1313_0593,KEGG_reaction,-
11408,Clo1313_0594,KEGG_reaction,-
11409,Clo1313_0595,KEGG_reaction,-
11410,Clo1313_0596,KEGG_reaction,-
11411,Clo1313_0597,KEGG_reaction,-
11412,Clo1313_0598,KEGG_reaction,R04519
11413,Clo1313_0599,KEGG_reaction,-
11414,Clo1313_0600,KEGG_reaction,-
11415,Clo1313_0601,KEGG_reaction,-
11416,Clo1313_0602,KEGG_reaction,-
11417,Clo1313_0603,KEGG_reaction,-
11418,Clo1313_0604,KEGG_reaction,-
11419,Clo1313_0606,KEGG_reaction,-
11420,Clo1313_0609,KEGG_reaction,-
11421,Clo1313_0610,KEGG_reaction,-
11422,Clo1313_0612,KEGG_reaction,-
11423,Clo1313_0613,KEGG_reaction,R03062
11424,Clo1313_0614,KEGG_reaction,-
11425,Clo1313_0615,KEGG_reaction,-
11426,Clo1313_0616,KEGG_reaction,-
11427,Clo1313_0617,KEGG_reaction,-
11428,Clo1313_0618,KEGG_reaction,-
11429,Clo1313_0619,KEGG_reaction,-
11430,Clo1313_0620,KEGG_reaction,-
11431,Clo1313_0621,KEGG_reaction,-
11432,Clo1313_0622,KEGG_reaction,R04014
11433,Clo1313_0622,KEGG_reaction,R08157
11434,Clo1313_0622,KEGG_reaction,R08158
11435,Clo1313_0623,KEGG_reaction,-
11436,Clo1313_0624,KEGG_reaction,-
11437,Clo1313_0625,KEGG_reaction,-
11438,Clo1313_0626,KEGG_reaction,-
11439,Clo1313_0627,KEGG_reaction,-
11440,Clo1313_0628,KEGG_reaction,-
11441,Clo1313_0629,KEGG_reaction,-
11442,Clo1313_0630,KEGG_reaction,-
11443,Clo1313_0631,KEGG_reaction,-
11444,Clo1313_0633,KEGG_reaction,-
11445,Clo1313_0634,KEGG_reaction,-
11446,Clo1313_0635,KEGG_reaction,-
11447,Clo1313_0636,KEGG_reaction,R03460
11448,Clo1313_0637,KEGG_reaction,-
11449,Clo1313_0638,KEGG_reaction,-
11450,Clo1313_0639,KEGG_reaction,-
11451,Clo1313_0640,KEGG_reaction,R01082
11452,Clo1313_0641,KEGG_reaction,R01082
11453,Clo1313_0642,KEGG_reaction,-
11454,Clo1313_0643,KEGG_reaction,R01135
11455,Clo1313_0644,KEGG_reaction,-
11456,Clo1313_0645,KEGG_reaction,-
11457,Clo1313_0646,KEGG_reaction,R04072
11458,Clo1313_0646,KEGG_reaction,R07620
11459,Clo1313_0646,KEGG_reaction,R11399
11460,Clo1313_0647,KEGG_reaction,-
11461,Clo1313_0648,KEGG_reaction,-
11462,Clo1313_0649,KEGG_reaction,-
11463,Clo1313_0650,KEGG_reaction,R01009
11464,Clo1313_0651,KEGG_reaction,R02735
11465,Clo1313_0652,KEGG_reaction,R07613
11466,Clo1313_0653,KEGG_reaction,-
11467,Clo1313_0654,KEGG_reaction,-
11468,Clo1313_0655,KEGG_reaction,-
11469,Clo1313_0656,KEGG_reaction,R09978
11470,Clo1313_0657,KEGG_reaction,R04286
11471,Clo1313_0657,KEGG_reaction,R09959
11472,Clo1313_0658,KEGG_reaction,R10002
11473,Clo1313_0659,KEGG_reaction,-
11474,Clo1313_0660,KEGG_reaction,-
11475,Clo1313_0661,KEGG_reaction,-
11476,Clo1313_0662,KEGG_reaction,-
11477,Clo1313_0663,KEGG_reaction,-
11478,Clo1313_0665,KEGG_reaction,-
11479,Clo1313_0666,KEGG_reaction,R00885
11480,Clo1313_0667,KEGG_reaction,-
11481,Clo1313_0668,KEGG_reaction,-
11482,Clo1313_0669,KEGG_reaction,R01819
11483,Clo1313_0670,KEGG_reaction,-
11484,Clo1313_0671,KEGG_reaction,-
11485,Clo1313_0672,KEGG_reaction,-
11486,Clo1313_0673,KEGG_reaction,R01196
11487,Clo1313_0673,KEGG_reaction,R10866
11488,Clo1313_0674,KEGG_reaction,-
11489,Clo1313_0675,KEGG_reaction,-
11490,Clo1313_0676,KEGG_reaction,-
11491,Clo1313_0677,KEGG_reaction,R01280
11492,Clo1313_0678,KEGG_reaction,-
11493,Clo1313_0679,KEGG_reaction,-
11494,Clo1313_0680,KEGG_reaction,-
11495,Clo1313_0681,KEGG_reaction,-
11496,Clo1313_0682,KEGG_reaction,-
11497,Clo1313_0683,KEGG_reaction,-
11498,Clo1313_0684,KEGG_reaction,-
11499,Clo1313_0685,KEGG_reaction,-
11500,Clo1313_0686,KEGG_reaction,R02991
11501,Clo1313_0688,KEGG_reaction,-
11502,Clo1313_0689,KEGG_reaction,-
11503,Clo1313_0691,KEGG_reaction,-
11504,Clo1313_0692,KEGG_reaction,-
11505,Clo1313_0693,KEGG_reaction,-
11506,Clo1313_0694,KEGG_reaction,-
11507,Clo1313_0696,KEGG_reaction,-
11508,Clo1313_0697,KEGG_reaction,-
11509,Clo1313_0698,KEGG_reaction,-
11510,Clo1313_0699,KEGG_reaction,-
11511,Clo1313_0700,KEGG_reaction,R00899
11512,Clo1313_0700,KEGG_reaction,R04951
11513,Clo1313_0701,KEGG_reaction,R06529
11514,Clo1313_0701,KEGG_reaction,R07302
11515,Clo1313_0702,KEGG_reaction,R05221
11516,Clo1313_0702,KEGG_reaction,R05222
11517,Clo1313_0702,KEGG_reaction,R06558
11518,Clo1313_0703,KEGG_reaction,R05223
11519,Clo1313_0703,KEGG_reaction,R11174
11520,Clo1313_0704,KEGG_reaction,R04594
11521,Clo1313_0704,KEGG_reaction,R11173
11522,Clo1313_0705,KEGG_reaction,-
11523,Clo1313_0706,KEGG_reaction,-
11524,Clo1313_0707,KEGG_reaction,-
11525,Clo1313_0708,KEGG_reaction,-
11526,Clo1313_0709,KEGG_reaction,R01324
11527,Clo1313_0709,KEGG_reaction,R01325
11528,Clo1313_0709,KEGG_reaction,R01900
11529,Clo1313_0710,KEGG_reaction,-
11530,Clo1313_0711,KEGG_reaction,-
11531,Clo1313_0712,KEGG_reaction,-
11532,Clo1313_0713,KEGG_reaction,-
11533,Clo1313_0714,KEGG_reaction,-
11534,Clo1313_0715,KEGG_reaction,-
11535,Clo1313_0716,KEGG_reaction,-
11536,Clo1313_0717,KEGG_reaction,R00948
11537,Clo1313_0718,KEGG_reaction,R00948
11538,Clo1313_0719,KEGG_reaction,R02240
11539,Clo1313_0720,KEGG_reaction,R01404
11540,Clo1313_0720,KEGG_reaction,R04429
11541,Clo1313_0720,KEGG_reaction,R04430
11542,Clo1313_0720,KEGG_reaction,R04724
11543,Clo1313_0720,KEGG_reaction,R04725
11544,Clo1313_0720,KEGG_reaction,R04955
11545,Clo1313_0720,KEGG_reaction,R04956
11546,Clo1313_0720,KEGG_reaction,R04958
11547,Clo1313_0720,KEGG_reaction,R04959
11548,Clo1313_0720,KEGG_reaction,R04961
11549,Clo1313_0720,KEGG_reaction,R04962
11550,Clo1313_0720,KEGG_reaction,R04966
11551,Clo1313_0720,KEGG_reaction,R04967
11552,Clo1313_0720,KEGG_reaction,R04969
11553,Clo1313_0720,KEGG_reaction,R04970
11554,Clo1313_0720,KEGG_reaction,R07765
11555,Clo1313_0720,KEGG_reaction,R10118
11556,Clo1313_0720,KEGG_reaction,R10122
11557,Clo1313_0720,KEGG_reaction,R11671
11558,Clo1313_0721,KEGG_reaction,-
11559,Clo1313_0722,KEGG_reaction,-
11560,Clo1313_0723,KEGG_reaction,-
11561,Clo1313_0724,KEGG_reaction,-
11562,Clo1313_0725,KEGG_reaction,-
11563,Clo1313_0726,KEGG_reaction,-
11564,Clo1313_0727,KEGG_reaction,-
11565,Clo1313_0728,KEGG_reaction,R02689
11566,Clo1313_0728,KEGG_reaction,R04377
11567,Clo1313_0729,KEGG_reaction,-
11568,Clo1313_0730,KEGG_reaction,-
11569,Clo1313_0731,KEGG_reaction,-
11570,Clo1313_0732,KEGG_reaction,-
11571,Clo1313_0733,KEGG_reaction,-
11572,Clo1313_0734,KEGG_reaction,-
11573,Clo1313_0735,KEGG_reaction,R06268
11574,Clo1313_0735,KEGG_reaction,R06269
11575,Clo1313_0735,KEGG_reaction,R06270
11576,Clo1313_0736,KEGG_reaction,-
11577,Clo1313_0737,KEGG_reaction,-
11578,Clo1313_0738,KEGG_reaction,-
11579,Clo1313_0739,KEGG_reaction,-
11580,Clo1313_0740,KEGG_reaction,-
11581,Clo1313_0741,KEGG_reaction,-
11582,Clo1313_0742,KEGG_reaction,R01312
11583,Clo1313_0742,KEGG_reaction,R02027
11584,Clo1313_0742,KEGG_reaction,R02052
11585,Clo1313_0742,KEGG_reaction,R03332
11586,Clo1313_0742,KEGG_reaction,R07381
11587,Clo1313_0743,KEGG_reaction,-
11588,Clo1313_0744,KEGG_reaction,-
11589,Clo1313_0745,KEGG_reaction,-
11590,Clo1313_0746,KEGG_reaction,-
11591,Clo1313_0747,KEGG_reaction,-
11592,Clo1313_0748,KEGG_reaction,-
11593,Clo1313_0749,KEGG_reaction,R03038
11594,Clo1313_0750,KEGG_reaction,-
11595,Clo1313_0751,KEGG_reaction,-
11596,Clo1313_0753,KEGG_reaction,-
11597,Clo1313_0754,KEGG_reaction,-
11598,Clo1313_0755,KEGG_reaction,-
11599,Clo1313_0756,KEGG_reaction,-
11600,Clo1313_0757,KEGG_reaction,-
11601,Clo1313_0758,KEGG_reaction,-
11602,Clo1313_0759,KEGG_reaction,-
11603,Clo1313_0760,KEGG_reaction,-
11604,Clo1313_0762,KEGG_reaction,-
11605,Clo1313_0764,KEGG_reaction,-
11606,Clo1313_0765,KEGG_reaction,-
11607,Clo1313_0766,KEGG_reaction,-
11608,Clo1313_0767,KEGG_reaction,-
11609,Clo1313_0770,KEGG_reaction,-
11610,Clo1313_0772,KEGG_reaction,-
11611,Clo1313_0773,KEGG_reaction,-
11612,Clo1313_0777,KEGG_reaction,-
11613,Clo1313_0778,KEGG_reaction,-
11614,Clo1313_0779,KEGG_reaction,-
11615,Clo1313_0780,KEGG_reaction,-
11616,Clo1313_0781,KEGG_reaction,-
11617,Clo1313_0782,KEGG_reaction,-
11618,Clo1313_0783,KEGG_reaction,-
11619,Clo1313_0784,KEGG_reaction,-
11620,Clo1313_0785,KEGG_reaction,-
11621,Clo1313_0786,KEGG_reaction,-
11622,Clo1313_0787,KEGG_reaction,-
11623,Clo1313_0788,KEGG_reaction,-
11624,Clo1313_0789,KEGG_reaction,-
11625,Clo1313_0790,KEGG_reaction,-
11626,Clo1313_0791,KEGG_reaction,-
11627,Clo1313_0792,KEGG_reaction,-
11628,Clo1313_0793,KEGG_reaction,-
11629,Clo1313_0794,KEGG_reaction,-
11630,Clo1313_0795,KEGG_reaction,-
11631,Clo1313_0796,KEGG_reaction,-
11632,Clo1313_0797,KEGG_reaction,-
11633,Clo1313_0799,KEGG_reaction,-
11634,Clo1313_0800,KEGG_reaction,-
11635,Clo1313_0801,KEGG_reaction,-
11636,Clo1313_0802,KEGG_reaction,-
11637,Clo1313_0803,KEGG_reaction,-
11638,Clo1313_0805,KEGG_reaction,-
11639,Clo1313_0807,KEGG_reaction,-
11640,Clo1313_0809,KEGG_reaction,-
11641,Clo1313_0811,KEGG_reaction,-
11642,Clo1313_0812,KEGG_reaction,-
11643,Clo1313_0813,KEGG_reaction,R01518
11644,Clo1313_0814,KEGG_reaction,-
11645,Clo1313_0815,KEGG_reaction,R04533
11646,Clo1313_0815,KEGG_reaction,R04534
11647,Clo1313_0815,KEGG_reaction,R04536
11648,Clo1313_0815,KEGG_reaction,R04543
11649,Clo1313_0815,KEGG_reaction,R04566
11650,Clo1313_0815,KEGG_reaction,R04953
11651,Clo1313_0815,KEGG_reaction,R04964
11652,Clo1313_0815,KEGG_reaction,R07759
11653,Clo1313_0815,KEGG_reaction,R07763
11654,Clo1313_0815,KEGG_reaction,R10116
11655,Clo1313_0815,KEGG_reaction,R10120
11656,Clo1313_0815,KEGG_reaction,R11671
11657,Clo1313_0816,KEGG_reaction,-
11658,Clo1313_0817,KEGG_reaction,-
11659,Clo1313_0818,KEGG_reaction,-
11660,Clo1313_0819,KEGG_reaction,-
11661,Clo1313_0820,KEGG_reaction,R00026
11662,Clo1313_0820,KEGG_reaction,R02558
11663,Clo1313_0820,KEGG_reaction,R02887
11664,Clo1313_0820,KEGG_reaction,R02985
11665,Clo1313_0820,KEGG_reaction,R03527
11666,Clo1313_0820,KEGG_reaction,R04949
11667,Clo1313_0820,KEGG_reaction,R04998
11668,Clo1313_0820,KEGG_reaction,R10035
11669,Clo1313_0820,KEGG_reaction,R10039
11670,Clo1313_0820,KEGG_reaction,R10040
11671,Clo1313_0821,KEGG_reaction,-
11672,Clo1313_0822,KEGG_reaction,-
11673,Clo1313_0823,KEGG_reaction,-
11674,Clo1313_0824,KEGG_reaction,-
11675,Clo1313_0825,KEGG_reaction,-
11676,Clo1313_0827,KEGG_reaction,-
11677,Clo1313_0828,KEGG_reaction,-
11678,Clo1313_0829,KEGG_reaction,-
11679,Clo1313_0830,KEGG_reaction,-
11680,Clo1313_0832,KEGG_reaction,-
11681,Clo1313_0833,KEGG_reaction,-
11682,Clo1313_0834,KEGG_reaction,-
11683,Clo1313_0835,KEGG_reaction,-
11684,Clo1313_0836,KEGG_reaction,R00674
11685,Clo1313_0836,KEGG_reaction,R02340
11686,Clo1313_0836,KEGG_reaction,R02722
11687,Clo1313_0837,KEGG_reaction,R00674
11688,Clo1313_0837,KEGG_reaction,R02340
11689,Clo1313_0837,KEGG_reaction,R02722
11690,Clo1313_0838,KEGG_reaction,-
11691,Clo1313_0839,KEGG_reaction,-
11692,Clo1313_0840,KEGG_reaction,-
11693,Clo1313_0841,KEGG_reaction,-
11694,Clo1313_0842,KEGG_reaction,-
11695,Clo1313_0843,KEGG_reaction,-
11696,Clo1313_0844,KEGG_reaction,-
11697,Clo1313_0845,KEGG_reaction,-
11698,Clo1313_0846,KEGG_reaction,-
11699,Clo1313_0847,KEGG_reaction,-
11700,Clo1313_0848,KEGG_reaction,-
11701,Clo1313_0849,KEGG_reaction,-
11702,Clo1313_0850,KEGG_reaction,-
11703,Clo1313_0851,KEGG_reaction,-
11704,Clo1313_0852,KEGG_reaction,-
11705,Clo1313_0853,KEGG_reaction,R07390
11706,Clo1313_0855,KEGG_reaction,-
11707,Clo1313_0856,KEGG_reaction,-
11708,Clo1313_0857,KEGG_reaction,R01213
11709,Clo1313_0858,KEGG_reaction,-
11710,Clo1313_0859,KEGG_reaction,R09382
11711,Clo1313_0859,KEGG_reaction,R09383
11712,Clo1313_0859,KEGG_reaction,R09384
11713,Clo1313_0859,KEGG_reaction,R09386
11714,Clo1313_0860,KEGG_reaction,-
11715,Clo1313_0861,KEGG_reaction,-
11716,Clo1313_0862,KEGG_reaction,-
11717,Clo1313_0863,KEGG_reaction,-
11718,Clo1313_0864,KEGG_reaction,R00942
11719,Clo1313_0864,KEGG_reaction,R02237
11720,Clo1313_0864,KEGG_reaction,R04241
11721,Clo1313_0865,KEGG_reaction,-
11722,Clo1313_0866,KEGG_reaction,-
11723,Clo1313_0867,KEGG_reaction,R01466
11724,Clo1313_0867,KEGG_reaction,R05086
11725,Clo1313_0868,KEGG_reaction,-
11726,Clo1313_0869,KEGG_reaction,-
11727,Clo1313_0870,KEGG_reaction,-
11728,Clo1313_0871,KEGG_reaction,R01715
11729,Clo1313_0872,KEGG_reaction,R01773
11730,Clo1313_0872,KEGG_reaction,R01775
11731,Clo1313_0873,KEGG_reaction,R00480
11732,Clo1313_0874,KEGG_reaction,R04112
11733,Clo1313_0875,KEGG_reaction,-
11734,Clo1313_0876,KEGG_reaction,-
11735,Clo1313_0880,KEGG_reaction,-
11736,Clo1313_0883,KEGG_reaction,-
11737,Clo1313_0884,KEGG_reaction,-
11738,Clo1313_0885,KEGG_reaction,-
11739,Clo1313_0886,KEGG_reaction,-
11740,Clo1313_0887,KEGG_reaction,R06514
11741,Clo1313_0888,KEGG_reaction,-
11742,Clo1313_0889,KEGG_reaction,-
11743,Clo1313_0890,KEGG_reaction,-
11744,Clo1313_0891,KEGG_reaction,-
11745,Clo1313_0892,KEGG_reaction,R01385
11746,Clo1313_0893,KEGG_reaction,-
11747,Clo1313_0894,KEGG_reaction,-
11748,Clo1313_0895,KEGG_reaction,-
11749,Clo1313_0896,KEGG_reaction,-
11750,Clo1313_0897,KEGG_reaction,-
11751,Clo1313_0898,KEGG_reaction,-
11752,Clo1313_0899,KEGG_reaction,-
11753,Clo1313_0900,KEGG_reaction,-
11754,Clo1313_0901,KEGG_reaction,R00286
11755,Clo1313_0902,KEGG_reaction,-
11756,Clo1313_0903,KEGG_reaction,-
11757,Clo1313_0904,KEGG_reaction,-
11758,Clo1313_0905,KEGG_reaction,-
11759,Clo1313_0906,KEGG_reaction,-
11760,Clo1313_0907,KEGG_reaction,-
11761,Clo1313_0908,KEGG_reaction,R00190
11762,Clo1313_0908,KEGG_reaction,R01229
11763,Clo1313_0908,KEGG_reaction,R04378
11764,Clo1313_0909,KEGG_reaction,R00429
11765,Clo1313_0910,KEGG_reaction,-
11766,Clo1313_0911,KEGG_reaction,-
11767,Clo1313_0912,KEGG_reaction,-
11768,Clo1313_0913,KEGG_reaction,-
11769,Clo1313_0914,KEGG_reaction,-
11770,Clo1313_0915,KEGG_reaction,-
11771,Clo1313_0916,KEGG_reaction,-
11772,Clo1313_0917,KEGG_reaction,-
11773,Clo1313_0918,KEGG_reaction,-
11774,Clo1313_0919,KEGG_reaction,-
11775,Clo1313_0920,KEGG_reaction,-
11776,Clo1313_0921,KEGG_reaction,-
11777,Clo1313_0922,KEGG_reaction,R03655
11778,Clo1313_0923,KEGG_reaction,R05577
11779,Clo1313_0924,KEGG_reaction,-
11780,Clo1313_0925,KEGG_reaction,-
11781,Clo1313_0926,KEGG_reaction,-
11782,Clo1313_0927,KEGG_reaction,-
11783,Clo1313_0928,KEGG_reaction,-
11784,Clo1313_0929,KEGG_reaction,-
11785,Clo1313_0930,KEGG_reaction,-
11786,Clo1313_0931,KEGG_reaction,-
11787,Clo1313_0932,KEGG_reaction,-
11788,Clo1313_0933,KEGG_reaction,-
11789,Clo1313_0934,KEGG_reaction,-
11790,Clo1313_0935,KEGG_reaction,-
11791,Clo1313_0936,KEGG_reaction,-
11792,Clo1313_0937,KEGG_reaction,-
11793,Clo1313_0939,KEGG_reaction,-
11794,Clo1313_0940,KEGG_reaction,-
11795,Clo1313_0941,KEGG_reaction,R00332
11796,Clo1313_0941,KEGG_reaction,R02090
11797,Clo1313_0942,KEGG_reaction,R00435
11798,Clo1313_0942,KEGG_reaction,R00441
11799,Clo1313_0942,KEGG_reaction,R00442
11800,Clo1313_0942,KEGG_reaction,R00443
11801,Clo1313_0943,KEGG_reaction,R03269
11802,Clo1313_0943,KEGG_reaction,R04231
11803,Clo1313_0944,KEGG_reaction,R03654
11804,Clo1313_0945,KEGG_reaction,-
11805,Clo1313_0947,KEGG_reaction,-
11806,Clo1313_0948,KEGG_reaction,-
11807,Clo1313_0949,KEGG_reaction,R00206
11808,Clo1313_0950,KEGG_reaction,-
11809,Clo1313_0951,KEGG_reaction,-
11810,Clo1313_0952,KEGG_reaction,-
11811,Clo1313_0953,KEGG_reaction,-
11812,Clo1313_0954,KEGG_reaction,R00292
11813,Clo1313_0955,KEGG_reaction,-
11814,Clo1313_0956,KEGG_reaction,-
11815,Clo1313_0957,KEGG_reaction,-
11816,Clo1313_0958,KEGG_reaction,-
11817,Clo1313_0959,KEGG_reaction,-
11818,Clo1313_0960,KEGG_reaction,R04148
11819,Clo1313_0961,KEGG_reaction,-
11820,Clo1313_0962,KEGG_reaction,R02301
11821,Clo1313_0964,KEGG_reaction,-
11822,Clo1313_0965,KEGG_reaction,-
11823,Clo1313_0966,KEGG_reaction,R01518
11824,Clo1313_0967,KEGG_reaction,-
11825,Clo1313_0968,KEGG_reaction,-
11826,Clo1313_0969,KEGG_reaction,-
11827,Clo1313_0970,KEGG_reaction,-
11828,Clo1313_0971,KEGG_reaction,-
11829,Clo1313_0972,KEGG_reaction,-
11830,Clo1313_0973,KEGG_reaction,-
11831,Clo1313_0974,KEGG_reaction,R02421
11832,Clo1313_0975,KEGG_reaction,-
11833,Clo1313_0976,KEGG_reaction,-
11834,Clo1313_0977,KEGG_reaction,-
11835,Clo1313_0978,KEGG_reaction,-
11836,Clo1313_0979,KEGG_reaction,-
11837,Clo1313_0980,KEGG_reaction,-
11838,Clo1313_0981,KEGG_reaction,R07234
11839,Clo1313_0982,KEGG_reaction,R03035
11840,Clo1313_0983,KEGG_reaction,-
11841,Clo1313_0984,KEGG_reaction,-
11842,Clo1313_0985,KEGG_reaction,-
11843,Clo1313_0986,KEGG_reaction,-
11844,Clo1313_0987,KEGG_reaction,R01762
11845,Clo1313_0988,KEGG_reaction,-
11846,Clo1313_0989,KEGG_reaction,-
11847,Clo1313_0990,KEGG_reaction,-
11848,Clo1313_0991,KEGG_reaction,-
11849,Clo1313_0992,KEGG_reaction,-
11850,Clo1313_0993,KEGG_reaction,R00959
11851,Clo1313_0993,KEGG_reaction,R01057
11852,Clo1313_0993,KEGG_reaction,R01818
11853,Clo1313_0993,KEGG_reaction,R08639
11854,Clo1313_0994,KEGG_reaction,R00375
11855,Clo1313_0994,KEGG_reaction,R00376
11856,Clo1313_0994,KEGG_reaction,R00377
11857,Clo1313_0994,KEGG_reaction,R00378
11858,Clo1313_0995,KEGG_reaction,-
11859,Clo1313_0996,KEGG_reaction,-
11860,Clo1313_0997,KEGG_reaction,R00756
11861,Clo1313_0997,KEGG_reaction,R03236
11862,Clo1313_0997,KEGG_reaction,R03237
11863,Clo1313_0997,KEGG_reaction,R03238
11864,Clo1313_0997,KEGG_reaction,R03239
11865,Clo1313_0997,KEGG_reaction,R04779
11866,Clo1313_0998,KEGG_reaction,-
11867,Clo1313_0999,KEGG_reaction,R01801
11868,Clo1313_0999,KEGG_reaction,R02030
11869,Clo1313_1000,KEGG_reaction,-
11870,Clo1313_1001,KEGG_reaction,-
11871,Clo1313_1002,KEGG_reaction,R00026
11872,Clo1313_1002,KEGG_reaction,R02558
11873,Clo1313_1002,KEGG_reaction,R02887
11874,Clo1313_1002,KEGG_reaction,R02985
11875,Clo1313_1002,KEGG_reaction,R03527
11876,Clo1313_1002,KEGG_reaction,R04949
11877,Clo1313_1002,KEGG_reaction,R04998
11878,Clo1313_1002,KEGG_reaction,R10035
11879,Clo1313_1002,KEGG_reaction,R10039
11880,Clo1313_1002,KEGG_reaction,R10040
11881,Clo1313_1003,KEGG_reaction,-
11882,Clo1313_1004,KEGG_reaction,-
11883,Clo1313_1005,KEGG_reaction,-
11884,Clo1313_1006,KEGG_reaction,-
11885,Clo1313_1007,KEGG_reaction,-
11886,Clo1313_1008,KEGG_reaction,R07405
11887,Clo1313_1009,KEGG_reaction,R01072
11888,Clo1313_1010,KEGG_reaction,R04208
11889,Clo1313_1011,KEGG_reaction,R04325
11890,Clo1313_1011,KEGG_reaction,R04326
11891,Clo1313_1012,KEGG_reaction,R01127
11892,Clo1313_1012,KEGG_reaction,R04560
11893,Clo1313_1013,KEGG_reaction,R04144
11894,Clo1313_1014,KEGG_reaction,-
11895,Clo1313_1015,KEGG_reaction,-
11896,Clo1313_1016,KEGG_reaction,R00137
11897,Clo1313_1016,KEGG_reaction,R03005
11898,Clo1313_1017,KEGG_reaction,R00137
11899,Clo1313_1017,KEGG_reaction,R03005
11900,Clo1313_1018,KEGG_reaction,-
11901,Clo1313_1019,KEGG_reaction,-
11902,Clo1313_1020,KEGG_reaction,R03657
11903,Clo1313_1021,KEGG_reaction,-
11904,Clo1313_1022,KEGG_reaction,-
11905,Clo1313_1023,KEGG_reaction,-
11906,Clo1313_1024,KEGG_reaction,R01280
11907,Clo1313_1025,KEGG_reaction,-
11908,Clo1313_1026,KEGG_reaction,-
11909,Clo1313_1027,KEGG_reaction,-
11910,Clo1313_1029,KEGG_reaction,R03663
11911,Clo1313_1030,KEGG_reaction,R02101
11912,Clo1313_1031,KEGG_reaction,R00936
11913,Clo1313_1031,KEGG_reaction,R00937
11914,Clo1313_1031,KEGG_reaction,R00939
11915,Clo1313_1031,KEGG_reaction,R00940
11916,Clo1313_1031,KEGG_reaction,R02235
11917,Clo1313_1031,KEGG_reaction,R02236
11918,Clo1313_1031,KEGG_reaction,R11765
11919,Clo1313_1032,KEGG_reaction,-
11920,Clo1313_1033,KEGG_reaction,-
11921,Clo1313_1034,KEGG_reaction,-
11922,Clo1313_1035,KEGG_reaction,-
11923,Clo1313_1036,KEGG_reaction,-
11924,Clo1313_1037,KEGG_reaction,-
11925,Clo1313_1038,KEGG_reaction,-
11926,Clo1313_1039,KEGG_reaction,R03813
11927,Clo1313_1039,KEGG_reaction,R11443
11928,Clo1313_1039,KEGG_reaction,R11444
11929,Clo1313_1040,KEGG_reaction,-
11930,Clo1313_1041,KEGG_reaction,-
11931,Clo1313_1042,KEGG_reaction,-
11932,Clo1313_1043,KEGG_reaction,-
11933,Clo1313_1044,KEGG_reaction,-
11934,Clo1313_1045,KEGG_reaction,-
11935,Clo1313_1046,KEGG_reaction,R00674
11936,Clo1313_1046,KEGG_reaction,R02340
11937,Clo1313_1046,KEGG_reaction,R02722
11938,Clo1313_1047,KEGG_reaction,-
11939,Clo1313_1048,KEGG_reaction,-
11940,Clo1313_1049,KEGG_reaction,-
11941,Clo1313_1050,KEGG_reaction,-
11942,Clo1313_1051,KEGG_reaction,-
11943,Clo1313_1052,KEGG_reaction,-
11944,Clo1313_1053,KEGG_reaction,-
11945,Clo1313_1054,KEGG_reaction,-
11946,Clo1313_1055,KEGG_reaction,-
11947,Clo1313_1056,KEGG_reaction,R01561
11948,Clo1313_1056,KEGG_reaction,R01863
11949,Clo1313_1056,KEGG_reaction,R01969
11950,Clo1313_1056,KEGG_reaction,R02147
11951,Clo1313_1056,KEGG_reaction,R02294
11952,Clo1313_1056,KEGG_reaction,R02295
11953,Clo1313_1056,KEGG_reaction,R02297
11954,Clo1313_1056,KEGG_reaction,R02484
11955,Clo1313_1056,KEGG_reaction,R02557
11956,Clo1313_1056,KEGG_reaction,R02748
11957,Clo1313_1056,KEGG_reaction,R08368
11958,Clo1313_1056,KEGG_reaction,R10244
11959,Clo1313_1057,KEGG_reaction,R00192
11960,Clo1313_1057,KEGG_reaction,R04936
11961,Clo1313_1058,KEGG_reaction,R09660
11962,Clo1313_1058,KEGG_reaction,R10695
11963,Clo1313_1059,KEGG_reaction,-
11964,Clo1313_1060,KEGG_reaction,-
11965,Clo1313_1065,KEGG_reaction,-
11966,Clo1313_1066,KEGG_reaction,-
11967,Clo1313_1067,KEGG_reaction,-
11968,Clo1313_1068,KEGG_reaction,R01334
11969,Clo1313_1069,KEGG_reaction,-
11970,Clo1313_1070,KEGG_reaction,-
11971,Clo1313_1071,KEGG_reaction,-
11972,Clo1313_1072,KEGG_reaction,-
11973,Clo1313_1073,KEGG_reaction,-
11974,Clo1313_1074,KEGG_reaction,-
11975,Clo1313_1075,KEGG_reaction,-
11976,Clo1313_1076,KEGG_reaction,-
11977,Clo1313_1077,KEGG_reaction,-
11978,Clo1313_1078,KEGG_reaction,-
11979,Clo1313_1079,KEGG_reaction,-
11980,Clo1313_1080,KEGG_reaction,-
11981,Clo1313_1081,KEGG_reaction,R01268
11982,Clo1313_1082,KEGG_reaction,R01724
11983,Clo1313_1083,KEGG_reaction,-
11984,Clo1313_1084,KEGG_reaction,-
11985,Clo1313_1085,KEGG_reaction,-
11986,Clo1313_1086,KEGG_reaction,-
11987,Clo1313_1087,KEGG_reaction,-
11988,Clo1313_1089,KEGG_reaction,-
11989,Clo1313_1090,KEGG_reaction,R04198
11990,Clo1313_1090,KEGG_reaction,R04199
11991,Clo1313_1091,KEGG_reaction,R06363
11992,Clo1313_1093,KEGG_reaction,-
11993,Clo1313_1094,KEGG_reaction,R04710
11994,Clo1313_1095,KEGG_reaction,-
11995,Clo1313_1096,KEGG_reaction,-
11996,Clo1313_1097,KEGG_reaction,-
11997,Clo1313_1098,KEGG_reaction,R02060
11998,Clo1313_1099,KEGG_reaction,R00768
11999,Clo1313_1100,KEGG_reaction,-
12000,Clo1313_1101,KEGG_reaction,-
12001,Clo1313_1102,KEGG_reaction,-
12002,Clo1313_1103,KEGG_reaction,-
12003,Clo1313_1104,KEGG_reaction,-
12004,Clo1313_1106,KEGG_reaction,-
12005,Clo1313_1107,KEGG_reaction,-
12006,Clo1313_1108,KEGG_reaction,-
12007,Clo1313_1109,KEGG_reaction,-
12008,Clo1313_1110,KEGG_reaction,-
12009,Clo1313_1111,KEGG_reaction,-
12010,Clo1313_1112,KEGG_reaction,-
12011,Clo1313_1113,KEGG_reaction,-
12012,Clo1313_1114,KEGG_reaction,-
12013,Clo1313_1115,KEGG_reaction,-
12014,Clo1313_1116,KEGG_reaction,-
12015,Clo1313_1117,KEGG_reaction,-
12016,Clo1313_1118,KEGG_reaction,-
12017,Clo1313_1119,KEGG_reaction,-
12018,Clo1313_1120,KEGG_reaction,R01220
12019,Clo1313_1120,KEGG_reaction,R01655
12020,Clo1313_1121,KEGG_reaction,-
12021,Clo1313_1122,KEGG_reaction,-
12022,Clo1313_1123,KEGG_reaction,-
12023,Clo1313_1124,KEGG_reaction,-
12024,Clo1313_1125,KEGG_reaction,-
12025,Clo1313_1126,KEGG_reaction,-
12026,Clo1313_1127,KEGG_reaction,R06513
12027,Clo1313_1128,KEGG_reaction,-
12028,Clo1313_1129,KEGG_reaction,-
12029,Clo1313_1130,KEGG_reaction,-
12030,Clo1313_1132,KEGG_reaction,-
12031,Clo1313_1133,KEGG_reaction,-
12032,Clo1313_1134,KEGG_reaction,R00885
12033,Clo1313_1134,KEGG_reaction,R01818
12034,Clo1313_1135,KEGG_reaction,-
12035,Clo1313_1136,KEGG_reaction,-
12036,Clo1313_1137,KEGG_reaction,-
12037,Clo1313_1138,KEGG_reaction,-
12038,Clo1313_1139,KEGG_reaction,-
12039,Clo1313_1140,KEGG_reaction,-
12040,Clo1313_1141,KEGG_reaction,-
12041,Clo1313_1142,KEGG_reaction,-
12042,Clo1313_1143,KEGG_reaction,-
12043,Clo1313_1144,KEGG_reaction,R01878
12044,Clo1313_1144,KEGG_reaction,R02485
12045,Clo1313_1144,KEGG_reaction,R08221
12046,Clo1313_1145,KEGG_reaction,R01878
12047,Clo1313_1145,KEGG_reaction,R02485
12048,Clo1313_1145,KEGG_reaction,R08221
12049,Clo1313_1146,KEGG_reaction,-
12050,Clo1313_1147,KEGG_reaction,-
12051,Clo1313_1148,KEGG_reaction,-
12052,Clo1313_1149,KEGG_reaction,-
12053,Clo1313_1150,KEGG_reaction,R07460
12054,Clo1313_1150,KEGG_reaction,R11528
12055,Clo1313_1150,KEGG_reaction,R11529
12056,Clo1313_1151,KEGG_reaction,R07461
12057,Clo1313_1152,KEGG_reaction,-
12058,Clo1313_1153,KEGG_reaction,-
12059,Clo1313_1154,KEGG_reaction,-
12060,Clo1313_1155,KEGG_reaction,R00945
12061,Clo1313_1155,KEGG_reaction,R09099
12062,Clo1313_1156,KEGG_reaction,-
12063,Clo1313_1157,KEGG_reaction,-
12064,Clo1313_1158,KEGG_reaction,-
12065,Clo1313_1159,KEGG_reaction,-
12066,Clo1313_1160,KEGG_reaction,R00703
12067,Clo1313_1160,KEGG_reaction,R01000
12068,Clo1313_1160,KEGG_reaction,R03104
12069,Clo1313_1161,KEGG_reaction,R02322
12070,Clo1313_1162,KEGG_reaction,-
12071,Clo1313_1163,KEGG_reaction,-
12072,Clo1313_1164,KEGG_reaction,-
12073,Clo1313_1165,KEGG_reaction,-
12074,Clo1313_1166,KEGG_reaction,-
12075,Clo1313_1167,KEGG_reaction,-
12076,Clo1313_1171,KEGG_reaction,-
12077,Clo1313_1172,KEGG_reaction,R02783
12078,Clo1313_1173,KEGG_reaction,R00375
12079,Clo1313_1173,KEGG_reaction,R00376
12080,Clo1313_1173,KEGG_reaction,R00377
12081,Clo1313_1173,KEGG_reaction,R00378
12082,Clo1313_1174,KEGG_reaction,-
12083,Clo1313_1175,KEGG_reaction,-
12084,Clo1313_1176,KEGG_reaction,-
12085,Clo1313_1177,KEGG_reaction,-
12086,Clo1313_1178,KEGG_reaction,R00382
12087,Clo1313_1180,KEGG_reaction,-
12088,Clo1313_1181,KEGG_reaction,R03905
12089,Clo1313_1181,KEGG_reaction,R04212
12090,Clo1313_1182,KEGG_reaction,R03905
12091,Clo1313_1182,KEGG_reaction,R04212
12092,Clo1313_1183,KEGG_reaction,R03905
12093,Clo1313_1183,KEGG_reaction,R04212
12094,Clo1313_1184,KEGG_reaction,-
12095,Clo1313_1185,KEGG_reaction,R00230
12096,Clo1313_1185,KEGG_reaction,R00921
12097,Clo1313_1186,KEGG_reaction,R00315
12098,Clo1313_1186,KEGG_reaction,R01353
12099,Clo1313_1187,KEGG_reaction,-
12100,Clo1313_1188,KEGG_reaction,-
12101,Clo1313_1189,KEGG_reaction,-
12102,Clo1313_1190,KEGG_reaction,-
12103,Clo1313_1191,KEGG_reaction,R00851
12104,Clo1313_1191,KEGG_reaction,R09380
12105,Clo1313_1192,KEGG_reaction,R00842
12106,Clo1313_1192,KEGG_reaction,R00844
12107,Clo1313_1193,KEGG_reaction,-
12108,Clo1313_1194,KEGG_reaction,-
12109,Clo1313_1195,KEGG_reaction,-
12110,Clo1313_1196,KEGG_reaction,-
12111,Clo1313_1197,KEGG_reaction,-
12112,Clo1313_1198,KEGG_reaction,R04112
12113,Clo1313_1199,KEGG_reaction,-
12114,Clo1313_1200,KEGG_reaction,-
12115,Clo1313_1201,KEGG_reaction,-
12116,Clo1313_1202,KEGG_reaction,-
12117,Clo1313_1203,KEGG_reaction,-
12118,Clo1313_1204,KEGG_reaction,-
12119,Clo1313_1205,KEGG_reaction,-
12120,Clo1313_1206,KEGG_reaction,-
12121,Clo1313_1207,KEGG_reaction,-
12122,Clo1313_1208,KEGG_reaction,-
12123,Clo1313_1209,KEGG_reaction,-
12124,Clo1313_1210,KEGG_reaction,-
12125,Clo1313_1211,KEGG_reaction,R00158
12126,Clo1313_1212,KEGG_reaction,-
12127,Clo1313_1213,KEGG_reaction,-
12128,Clo1313_1214,KEGG_reaction,R06447
12129,Clo1313_1215,KEGG_reaction,R01799
12130,Clo1313_1216,KEGG_reaction,R05688
12131,Clo1313_1217,KEGG_reaction,-
12132,Clo1313_1218,KEGG_reaction,R08689
12133,Clo1313_1218,KEGG_reaction,R10859
12134,Clo1313_1219,KEGG_reaction,R00375
12135,Clo1313_1219,KEGG_reaction,R00376
12136,Clo1313_1219,KEGG_reaction,R00377
12137,Clo1313_1219,KEGG_reaction,R00378
12138,Clo1313_1221,KEGG_reaction,-
12139,Clo1313_1222,KEGG_reaction,-
12140,Clo1313_1223,KEGG_reaction,-
12141,Clo1313_1224,KEGG_reaction,-
12142,Clo1313_1225,KEGG_reaction,-
12143,Clo1313_1226,KEGG_reaction,-
12144,Clo1313_1227,KEGG_reaction,R00188
12145,Clo1313_1227,KEGG_reaction,R00508
12146,Clo1313_1228,KEGG_reaction,-
12147,Clo1313_1229,KEGG_reaction,R00161
12148,Clo1313_1229,KEGG_reaction,R00549
12149,Clo1313_1230,KEGG_reaction,-
12150,Clo1313_1231,KEGG_reaction,-
12151,Clo1313_1232,KEGG_reaction,-
12152,Clo1313_1233,KEGG_reaction,-
12153,Clo1313_1234,KEGG_reaction,-
12154,Clo1313_1235,KEGG_reaction,-
12155,Clo1313_1236,KEGG_reaction,-
12156,Clo1313_1237,KEGG_reaction,-
12157,Clo1313_1238,KEGG_reaction,-
12158,Clo1313_1239,KEGG_reaction,-
12159,Clo1313_1240,KEGG_reaction,R02788
12160,Clo1313_1241,KEGG_reaction,R04573
12161,Clo1313_1241,KEGG_reaction,R04617
12162,Clo1313_1242,KEGG_reaction,R05629
12163,Clo1313_1242,KEGG_reaction,R05630
12164,Clo1313_1243,KEGG_reaction,-
12165,Clo1313_1244,KEGG_reaction,R05032
12166,Clo1313_1244,KEGG_reaction,R05662
12167,Clo1313_1245,KEGG_reaction,R00660
12168,Clo1313_1248,KEGG_reaction,-
12169,Clo1313_1249,KEGG_reaction,-
12170,Clo1313_1250,KEGG_reaction,-
12171,Clo1313_1251,KEGG_reaction,R01492
12172,Clo1313_1251,KEGG_reaction,R05220
12173,Clo1313_1251,KEGG_reaction,R07268
12174,Clo1313_1252,KEGG_reaction,R00480
12175,Clo1313_1253,KEGG_reaction,R04198
12176,Clo1313_1253,KEGG_reaction,R04199
12177,Clo1313_1254,KEGG_reaction,R10147
12178,Clo1313_1255,KEGG_reaction,R02291
12179,Clo1313_1256,KEGG_reaction,-
12180,Clo1313_1257,KEGG_reaction,-
12181,Clo1313_1258,KEGG_reaction,R03789
12182,Clo1313_1258,KEGG_reaction,R10209
12183,Clo1313_1259,KEGG_reaction,-
12184,Clo1313_1260,KEGG_reaction,-
12185,Clo1313_1261,KEGG_reaction,-
12186,Clo1313_1262,KEGG_reaction,R00966
12187,Clo1313_1264,KEGG_reaction,R01397
12188,Clo1313_1265,KEGG_reaction,R01993
12189,Clo1313_1266,KEGG_reaction,R00965
12190,Clo1313_1267,KEGG_reaction,R00256
12191,Clo1313_1267,KEGG_reaction,R00575
12192,Clo1313_1267,KEGG_reaction,R01395
12193,Clo1313_1267,KEGG_reaction,R10948
12194,Clo1313_1267,KEGG_reaction,R10949
12195,Clo1313_1268,KEGG_reaction,R00256
12196,Clo1313_1268,KEGG_reaction,R00575
12197,Clo1313_1268,KEGG_reaction,R01395
12198,Clo1313_1268,KEGG_reaction,R10948
12199,Clo1313_1268,KEGG_reaction,R10949
12200,Clo1313_1269,KEGG_reaction,-
12201,Clo1313_1270,KEGG_reaction,R01869
12202,Clo1313_1271,KEGG_reaction,-
12203,Clo1313_1272,KEGG_reaction,-
12204,Clo1313_1273,KEGG_reaction,-
12205,Clo1313_1274,KEGG_reaction,-
12206,Clo1313_1275,KEGG_reaction,R10652
12207,Clo1313_1276,KEGG_reaction,R01801
12208,Clo1313_1279,KEGG_reaction,-
12209,Clo1313_1280,KEGG_reaction,R00851
12210,Clo1313_1280,KEGG_reaction,R09380
12211,Clo1313_1281,KEGG_reaction,R10707
12212,Clo1313_1282,KEGG_reaction,R01626
12213,Clo1313_1282,KEGG_reaction,R11671
12214,Clo1313_1283,KEGG_reaction,R04533
12215,Clo1313_1283,KEGG_reaction,R04534
12216,Clo1313_1283,KEGG_reaction,R04536
12217,Clo1313_1283,KEGG_reaction,R04543
12218,Clo1313_1283,KEGG_reaction,R04566
12219,Clo1313_1283,KEGG_reaction,R04953
12220,Clo1313_1283,KEGG_reaction,R04964
12221,Clo1313_1283,KEGG_reaction,R07759
12222,Clo1313_1283,KEGG_reaction,R07763
12223,Clo1313_1283,KEGG_reaction,R10116
12224,Clo1313_1283,KEGG_reaction,R10120
12225,Clo1313_1283,KEGG_reaction,R11671
12226,Clo1313_1284,KEGG_reaction,-
12227,Clo1313_1285,KEGG_reaction,R04355
12228,Clo1313_1285,KEGG_reaction,R04726
12229,Clo1313_1285,KEGG_reaction,R04952
12230,Clo1313_1285,KEGG_reaction,R04957
12231,Clo1313_1285,KEGG_reaction,R04960
12232,Clo1313_1285,KEGG_reaction,R04963
12233,Clo1313_1285,KEGG_reaction,R04968
12234,Clo1313_1285,KEGG_reaction,R07762
12235,Clo1313_1285,KEGG_reaction,R10115
12236,Clo1313_1285,KEGG_reaction,R10119
12237,Clo1313_1286,KEGG_reaction,-
12238,Clo1313_1287,KEGG_reaction,-
12239,Clo1313_1288,KEGG_reaction,-
12240,Clo1313_1289,KEGG_reaction,R05681
12241,Clo1313_1289,KEGG_reaction,R05837
12242,Clo1313_1289,KEGG_reaction,R07406
12243,Clo1313_1290,KEGG_reaction,-
12244,Clo1313_1291,KEGG_reaction,-
12245,Clo1313_1292,KEGG_reaction,-
12246,Clo1313_1293,KEGG_reaction,-
12247,Clo1313_1294,KEGG_reaction,-
12248,Clo1313_1295,KEGG_reaction,R02755
12249,Clo1313_1296,KEGG_reaction,-
12250,Clo1313_1297,KEGG_reaction,-
12251,Clo1313_1298,KEGG_reaction,-
12252,Clo1313_1299,KEGG_reaction,-
12253,Clo1313_1300,KEGG_reaction,-
12254,Clo1313_1301,KEGG_reaction,R03652
12255,Clo1313_1302,KEGG_reaction,-
12256,Clo1313_1303,KEGG_reaction,-
12257,Clo1313_1304,KEGG_reaction,-
12258,Clo1313_1305,KEGG_reaction,-
12259,Clo1313_1306,KEGG_reaction,-
12260,Clo1313_1308,KEGG_reaction,-
12261,Clo1313_1309,KEGG_reaction,-
12262,Clo1313_1310,KEGG_reaction,-
12263,Clo1313_1311,KEGG_reaction,-
12264,Clo1313_1312,KEGG_reaction,-
12265,Clo1313_1313,KEGG_reaction,-
12266,Clo1313_1314,KEGG_reaction,-
12267,Clo1313_1315,KEGG_reaction,-
12268,Clo1313_1316,KEGG_reaction,R01226
12269,Clo1313_1317,KEGG_reaction,R02473
12270,Clo1313_1318,KEGG_reaction,R00489
12271,Clo1313_1319,KEGG_reaction,-
12272,Clo1313_1320,KEGG_reaction,-
12273,Clo1313_1321,KEGG_reaction,R01856
12274,Clo1313_1323,KEGG_reaction,-
12275,Clo1313_1324,KEGG_reaction,-
12276,Clo1313_1325,KEGG_reaction,-
12277,Clo1313_1327,KEGG_reaction,-
12278,Clo1313_1328,KEGG_reaction,-
12279,Clo1313_1329,KEGG_reaction,-
12280,Clo1313_1330,KEGG_reaction,-
12281,Clo1313_1331,KEGG_reaction,-
12282,Clo1313_1332,KEGG_reaction,-
12283,Clo1313_1333,KEGG_reaction,-
12284,Clo1313_1334,KEGG_reaction,R00375
12285,Clo1313_1334,KEGG_reaction,R00376
12286,Clo1313_1334,KEGG_reaction,R00377
12287,Clo1313_1334,KEGG_reaction,R00378
12288,Clo1313_1335,KEGG_reaction,R00130
12289,Clo1313_1336,KEGG_reaction,-
12290,Clo1313_1337,KEGG_reaction,-
12291,Clo1313_1338,KEGG_reaction,-
12292,Clo1313_1339,KEGG_reaction,-
12293,Clo1313_1340,KEGG_reaction,R01826
12294,Clo1313_1341,KEGG_reaction,-
12295,Clo1313_1342,KEGG_reaction,-
12296,Clo1313_1343,KEGG_reaction,-
12297,Clo1313_1344,KEGG_reaction,R00985
12298,Clo1313_1344,KEGG_reaction,R00986
12299,Clo1313_1345,KEGG_reaction,R00985
12300,Clo1313_1345,KEGG_reaction,R00986
12301,Clo1313_1346,KEGG_reaction,R00985
12302,Clo1313_1346,KEGG_reaction,R00986
12303,Clo1313_1346,KEGG_reaction,R01073
12304,Clo1313_1347,KEGG_reaction,R03508
12305,Clo1313_1348,KEGG_reaction,R03509
12306,Clo1313_1349,KEGG_reaction,-
12307,Clo1313_1351,KEGG_reaction,-
12308,Clo1313_1352,KEGG_reaction,-
12309,Clo1313_1353,KEGG_reaction,R01197
12310,Clo1313_1354,KEGG_reaction,R01196
12311,Clo1313_1354,KEGG_reaction,R01197
12312,Clo1313_1355,KEGG_reaction,R01196
12313,Clo1313_1355,KEGG_reaction,R01197
12314,Clo1313_1356,KEGG_reaction,R01197
12315,Clo1313_1357,KEGG_reaction,R00253
12316,Clo1313_1358,KEGG_reaction,-
12317,Clo1313_1359,KEGG_reaction,-
12318,Clo1313_1360,KEGG_reaction,-
12319,Clo1313_1362,KEGG_reaction,-
12320,Clo1313_1363,KEGG_reaction,-
12321,Clo1313_1364,KEGG_reaction,R01090
12322,Clo1313_1364,KEGG_reaction,R01214
12323,Clo1313_1364,KEGG_reaction,R02199
12324,Clo1313_1364,KEGG_reaction,R05553
12325,Clo1313_1364,KEGG_reaction,R10991
12326,Clo1313_1365,KEGG_reaction,-
12327,Clo1313_1366,KEGG_reaction,R02413
12328,Clo1313_1367,KEGG_reaction,-
12329,Clo1313_1368,KEGG_reaction,-
12330,Clo1313_1369,KEGG_reaction,-
12331,Clo1313_1370,KEGG_reaction,-
12332,Clo1313_1371,KEGG_reaction,R03084
12333,Clo1313_1372,KEGG_reaction,-
12334,Clo1313_1373,KEGG_reaction,-
12335,Clo1313_1374,KEGG_reaction,-
12336,Clo1313_1375,KEGG_reaction,-
12337,Clo1313_1376,KEGG_reaction,-
12338,Clo1313_1377,KEGG_reaction,-
12339,Clo1313_1378,KEGG_reaction,-
12340,Clo1313_1379,KEGG_reaction,-
12341,Clo1313_1380,KEGG_reaction,-
12342,Clo1313_1381,KEGG_reaction,-
12343,Clo1313_1382,KEGG_reaction,-
12344,Clo1313_1383,KEGG_reaction,-
12345,Clo1313_1384,KEGG_reaction,-
12346,Clo1313_1385,KEGG_reaction,-
12347,Clo1313_1386,KEGG_reaction,-
12348,Clo1313_1387,KEGG_reaction,-
12349,Clo1313_1388,KEGG_reaction,-
12350,Clo1313_1389,KEGG_reaction,-
12351,Clo1313_1390,KEGG_reaction,R01658
12352,Clo1313_1390,KEGG_reaction,R02003
12353,Clo1313_1390,KEGG_reaction,R02061
12354,Clo1313_1391,KEGG_reaction,-
12355,Clo1313_1392,KEGG_reaction,-
12356,Clo1313_1393,KEGG_reaction,R05636
12357,Clo1313_1394,KEGG_reaction,-
12358,Clo1313_1396,KEGG_reaction,R06200
12359,Clo1313_1396,KEGG_reaction,R11307
12360,Clo1313_1396,KEGG_reaction,R11308
12361,Clo1313_1397,KEGG_reaction,-
12362,Clo1313_1398,KEGG_reaction,R01332
12363,Clo1313_1401,KEGG_reaction,-
12364,Clo1313_1404,KEGG_reaction,-
12365,Clo1313_1405,KEGG_reaction,R00104
12366,Clo1313_1406,KEGG_reaction,-
12367,Clo1313_1407,KEGG_reaction,-
12368,Clo1313_1408,KEGG_reaction,-
12369,Clo1313_1409,KEGG_reaction,-
12370,Clo1313_1410,KEGG_reaction,-
12371,Clo1313_1411,KEGG_reaction,-
12372,Clo1313_1412,KEGG_reaction,-
12373,Clo1313_1413,KEGG_reaction,-
12374,Clo1313_1414,KEGG_reaction,-
12375,Clo1313_1415,KEGG_reaction,-
12376,Clo1313_1416,KEGG_reaction,-
12377,Clo1313_1417,KEGG_reaction,-
12378,Clo1313_1418,KEGG_reaction,-
12379,Clo1313_1421,KEGG_reaction,-
12380,Clo1313_1422,KEGG_reaction,-
12381,Clo1313_1423,KEGG_reaction,-
12382,Clo1313_1424,KEGG_reaction,-
12383,Clo1313_1425,KEGG_reaction,R06200
12384,Clo1313_1425,KEGG_reaction,R11307
12385,Clo1313_1425,KEGG_reaction,R11308
12386,Clo1313_1426,KEGG_reaction,R00028
12387,Clo1313_1426,KEGG_reaction,R00801
12388,Clo1313_1426,KEGG_reaction,R00802
12389,Clo1313_1426,KEGG_reaction,R02112
12390,Clo1313_1426,KEGG_reaction,R03122
12391,Clo1313_1426,KEGG_reaction,R06087
12392,Clo1313_1426,KEGG_reaction,R06088
12393,Clo1313_1426,KEGG_reaction,R11262
12394,Clo1313_1427,KEGG_reaction,-
12395,Clo1313_1428,KEGG_reaction,-
12396,Clo1313_1429,KEGG_reaction,-
12397,Clo1313_1430,KEGG_reaction,-
12398,Clo1313_1431,KEGG_reaction,-
12399,Clo1313_1432,KEGG_reaction,-
12400,Clo1313_1433,KEGG_reaction,-
12401,Clo1313_1434,KEGG_reaction,R03656
12402,Clo1313_1435,KEGG_reaction,R02412
12403,Clo1313_1435,KEGG_reaction,R03083
12404,Clo1313_1436,KEGG_reaction,-
12405,Clo1313_1437,KEGG_reaction,R01870
12406,Clo1313_1438,KEGG_reaction,R10645
12407,Clo1313_1438,KEGG_reaction,R10646
12408,Clo1313_1438,KEGG_reaction,R10647
12409,Clo1313_1439,KEGG_reaction,-
12410,Clo1313_1440,KEGG_reaction,-
12411,Clo1313_1441,KEGG_reaction,-
12412,Clo1313_1442,KEGG_reaction,-
12413,Clo1313_1443,KEGG_reaction,-
12414,Clo1313_1444,KEGG_reaction,-
12415,Clo1313_1445,KEGG_reaction,-
12416,Clo1313_1446,KEGG_reaction,-
12417,Clo1313_1447,KEGG_reaction,R01122
12418,Clo1313_1448,KEGG_reaction,-
12419,Clo1313_1449,KEGG_reaction,-
12420,Clo1313_1450,KEGG_reaction,-
12421,Clo1313_1451,KEGG_reaction,-
12422,Clo1313_1452,KEGG_reaction,-
12423,Clo1313_1453,KEGG_reaction,-
12424,Clo1313_1454,KEGG_reaction,-
12425,Clo1313_1455,KEGG_reaction,-
12426,Clo1313_1456,KEGG_reaction,R00597
12427,Clo1313_1457,KEGG_reaction,-
12428,Clo1313_1458,KEGG_reaction,-
12429,Clo1313_1459,KEGG_reaction,-
12430,Clo1313_1460,KEGG_reaction,-
12431,Clo1313_1461,KEGG_reaction,-
12432,Clo1313_1462,KEGG_reaction,-
12433,Clo1313_1463,KEGG_reaction,-
12434,Clo1313_1464,KEGG_reaction,-
12435,Clo1313_1465,KEGG_reaction,-
12436,Clo1313_1466,KEGG_reaction,-
12437,Clo1313_1467,KEGG_reaction,R00355
12438,Clo1313_1467,KEGG_reaction,R00694
12439,Clo1313_1467,KEGG_reaction,R00734
12440,Clo1313_1467,KEGG_reaction,R00896
12441,Clo1313_1467,KEGG_reaction,R02433
12442,Clo1313_1467,KEGG_reaction,R02619
12443,Clo1313_1467,KEGG_reaction,R05052
12444,Clo1313_1468,KEGG_reaction,-
12445,Clo1313_1470,KEGG_reaction,-
12446,Clo1313_1471,KEGG_reaction,-
12447,Clo1313_1472,KEGG_reaction,-
12448,Clo1313_1473,KEGG_reaction,-
12449,Clo1313_1474,KEGG_reaction,-
12450,Clo1313_1475,KEGG_reaction,-
12451,Clo1313_1476,KEGG_reaction,-
12452,Clo1313_1477,KEGG_reaction,R01332
12453,Clo1313_1477,KEGG_reaction,R06200
12454,Clo1313_1477,KEGG_reaction,R11307
12455,Clo1313_1477,KEGG_reaction,R11308
12456,Clo1313_1478,KEGG_reaction,-
12457,Clo1313_1479,KEGG_reaction,-
12458,Clo1313_1480,KEGG_reaction,-
12459,Clo1313_1481,KEGG_reaction,R01083
12460,Clo1313_1481,KEGG_reaction,R04559
12461,Clo1313_1482,KEGG_reaction,-
12462,Clo1313_1483,KEGG_reaction,-
12463,Clo1313_1484,KEGG_reaction,-
12464,Clo1313_1485,KEGG_reaction,-
12465,Clo1313_1486,KEGG_reaction,R01625
12466,Clo1313_1487,KEGG_reaction,-
12467,Clo1313_1488,KEGG_reaction,-
12468,Clo1313_1489,KEGG_reaction,-
12469,Clo1313_1490,KEGG_reaction,-
12470,Clo1313_1491,KEGG_reaction,R01714
12471,Clo1313_1492,KEGG_reaction,R02412
12472,Clo1313_1493,KEGG_reaction,-
12473,Clo1313_1494,KEGG_reaction,-
12474,Clo1313_1495,KEGG_reaction,-
12475,Clo1313_1496,KEGG_reaction,-
12476,Clo1313_1497,KEGG_reaction,-
12477,Clo1313_1498,KEGG_reaction,-
12478,Clo1313_1499,KEGG_reaction,R03013
12479,Clo1313_1500,KEGG_reaction,R02918
12480,Clo1313_1501,KEGG_reaction,R08700
12481,Clo1313_1502,KEGG_reaction,-
12482,Clo1313_1503,KEGG_reaction,R07460
12483,Clo1313_1503,KEGG_reaction,R11528
12484,Clo1313_1503,KEGG_reaction,R11529
12485,Clo1313_1504,KEGG_reaction,-
12486,Clo1313_1505,KEGG_reaction,-
12487,Clo1313_1506,KEGG_reaction,-
12488,Clo1313_1507,KEGG_reaction,-
12489,Clo1313_1508,KEGG_reaction,R00124
12490,Clo1313_1508,KEGG_reaction,R00139
12491,Clo1313_1508,KEGG_reaction,R00156
12492,Clo1313_1508,KEGG_reaction,R00330
12493,Clo1313_1508,KEGG_reaction,R00570
12494,Clo1313_1508,KEGG_reaction,R00722
12495,Clo1313_1508,KEGG_reaction,R01137
12496,Clo1313_1508,KEGG_reaction,R01857
12497,Clo1313_1508,KEGG_reaction,R02093
12498,Clo1313_1508,KEGG_reaction,R02326
12499,Clo1313_1508,KEGG_reaction,R02331
12500,Clo1313_1508,KEGG_reaction,R03530
12501,Clo1313_1508,KEGG_reaction,R11894
12502,Clo1313_1508,KEGG_reaction,R11895
12503,Clo1313_1509,KEGG_reaction,R00178
12504,Clo1313_1510,KEGG_reaction,R05884
12505,Clo1313_1510,KEGG_reaction,R08210
12506,Clo1313_1511,KEGG_reaction,R02241
12507,Clo1313_1511,KEGG_reaction,R09381
12508,Clo1313_1512,KEGG_reaction,R00158
12509,Clo1313_1512,KEGG_reaction,R00512
12510,Clo1313_1512,KEGG_reaction,R01665
12511,Clo1313_1513,KEGG_reaction,R01715
12512,Clo1313_1514,KEGG_reaction,-
12513,Clo1313_1515,KEGG_reaction,-
12514,Clo1313_1516,KEGG_reaction,-
12515,Clo1313_1517,KEGG_reaction,R00582
12516,Clo1313_1517,KEGG_reaction,R04594
12517,Clo1313_1517,KEGG_reaction,R11173
12518,Clo1313_1518,KEGG_reaction,-
12519,Clo1313_1519,KEGG_reaction,-
12520,Clo1313_1520,KEGG_reaction,-
12521,Clo1313_1521,KEGG_reaction,-
12522,Clo1313_1522,KEGG_reaction,-
12523,Clo1313_1523,KEGG_reaction,R00217
12524,Clo1313_1524,KEGG_reaction,-
12525,Clo1313_1525,KEGG_reaction,-
12526,Clo1313_1526,KEGG_reaction,R01859
12527,Clo1313_1527,KEGG_reaction,-
12528,Clo1313_1528,KEGG_reaction,-
12529,Clo1313_1529,KEGG_reaction,R01157
12530,Clo1313_1530,KEGG_reaction,R01920
12531,Clo1313_1530,KEGG_reaction,R02869
12532,Clo1313_1530,KEGG_reaction,R08359
12533,Clo1313_1531,KEGG_reaction,-
12534,Clo1313_1532,KEGG_reaction,-
12535,Clo1313_1533,KEGG_reaction,-
12536,Clo1313_1534,KEGG_reaction,-
12537,Clo1313_1535,KEGG_reaction,-
12538,Clo1313_1536,KEGG_reaction,-
12539,Clo1313_1537,KEGG_reaction,R03664
12540,Clo1313_1538,KEGG_reaction,-
12541,Clo1313_1539,KEGG_reaction,R09382
12542,Clo1313_1539,KEGG_reaction,R09383
12543,Clo1313_1539,KEGG_reaction,R09384
12544,Clo1313_1539,KEGG_reaction,R09386
12545,Clo1313_1540,KEGG_reaction,R00451
12546,Clo1313_1541,KEGG_reaction,-
12547,Clo1313_1542,KEGG_reaction,R01130
12548,Clo1313_1542,KEGG_reaction,R08240
12549,Clo1313_1543,KEGG_reaction,-
12550,Clo1313_1544,KEGG_reaction,-
12551,Clo1313_1545,KEGG_reaction,R01570
12552,Clo1313_1545,KEGG_reaction,R01876
12553,Clo1313_1545,KEGG_reaction,R02296
12554,Clo1313_1545,KEGG_reaction,R02484
12555,Clo1313_1545,KEGG_reaction,R08222
12556,Clo1313_1545,KEGG_reaction,R08230
12557,Clo1313_1546,KEGG_reaction,R01057
12558,Clo1313_1546,KEGG_reaction,R02749
12559,Clo1313_1547,KEGG_reaction,-
12560,Clo1313_1548,KEGG_reaction,-
12561,Clo1313_1549,KEGG_reaction,R01054
12562,Clo1313_1550,KEGG_reaction,-
12563,Clo1313_1551,KEGG_reaction,R01248
12564,Clo1313_1551,KEGG_reaction,R01251
12565,Clo1313_1551,KEGG_reaction,R03291
12566,Clo1313_1551,KEGG_reaction,R03293
12567,Clo1313_1552,KEGG_reaction,-
12568,Clo1313_1553,KEGG_reaction,-
12569,Clo1313_1554,KEGG_reaction,-
12570,Clo1313_1555,KEGG_reaction,-
12571,Clo1313_1556,KEGG_reaction,-
12572,Clo1313_1557,KEGG_reaction,-
12573,Clo1313_1558,KEGG_reaction,-
12574,Clo1313_1559,KEGG_reaction,-
12575,Clo1313_1560,KEGG_reaction,-
12576,Clo1313_1561,KEGG_reaction,-
12577,Clo1313_1563,KEGG_reaction,-
12578,Clo1313_1564,KEGG_reaction,-
12579,Clo1313_1565,KEGG_reaction,-
12580,Clo1313_1566,KEGG_reaction,-
12581,Clo1313_1567,KEGG_reaction,-
12582,Clo1313_1568,KEGG_reaction,-
12583,Clo1313_1569,KEGG_reaction,-
12584,Clo1313_1570,KEGG_reaction,-
12585,Clo1313_1571,KEGG_reaction,R10246
12586,Clo1313_1572,KEGG_reaction,-
12587,Clo1313_1573,KEGG_reaction,R03966
12588,Clo1313_1573,KEGG_reaction,R05389
12589,Clo1313_1574,KEGG_reaction,-
12590,Clo1313_1575,KEGG_reaction,-
12591,Clo1313_1576,KEGG_reaction,-
12592,Clo1313_1577,KEGG_reaction,-
12593,Clo1313_1578,KEGG_reaction,R03651
12594,Clo1313_1578,KEGG_reaction,R05578
12595,Clo1313_1579,KEGG_reaction,R04710
12596,Clo1313_1580,KEGG_reaction,R11633
12597,Clo1313_1580,KEGG_reaction,R11634
12598,Clo1313_1580,KEGG_reaction,R11635
12599,Clo1313_1580,KEGG_reaction,R11636
12600,Clo1313_1581,KEGG_reaction,R00946
12601,Clo1313_1581,KEGG_reaction,R09365
12602,Clo1313_1582,KEGG_reaction,R00946
12603,Clo1313_1582,KEGG_reaction,R09365
12604,Clo1313_1583,KEGG_reaction,-
12605,Clo1313_1584,KEGG_reaction,-
12606,Clo1313_1585,KEGG_reaction,-
12607,Clo1313_1587,KEGG_reaction,-
12608,Clo1313_1588,KEGG_reaction,-
12609,Clo1313_1589,KEGG_reaction,-
12610,Clo1313_1590,KEGG_reaction,-
12611,Clo1313_1591,KEGG_reaction,-
12612,Clo1313_1592,KEGG_reaction,-
12613,Clo1313_1593,KEGG_reaction,-
12614,Clo1313_1594,KEGG_reaction,-
12615,Clo1313_1595,KEGG_reaction,-
12616,Clo1313_1596,KEGG_reaction,-
12617,Clo1313_1597,KEGG_reaction,-
12618,Clo1313_1598,KEGG_reaction,-
12619,Clo1313_1599,KEGG_reaction,-
12620,Clo1313_1600,KEGG_reaction,-
12621,Clo1313_1601,KEGG_reaction,-
12622,Clo1313_1602,KEGG_reaction,-
12623,Clo1313_1603,KEGG_reaction,R06200
12624,Clo1313_1603,KEGG_reaction,R11307
12625,Clo1313_1603,KEGG_reaction,R11308
12626,Clo1313_1604,KEGG_reaction,R06200
12627,Clo1313_1604,KEGG_reaction,R11307
12628,Clo1313_1604,KEGG_reaction,R11308
12629,Clo1313_1605,KEGG_reaction,-
12630,Clo1313_1606,KEGG_reaction,R01402
12631,Clo1313_1607,KEGG_reaction,R04420
12632,Clo1313_1608,KEGG_reaction,-
12633,Clo1313_1609,KEGG_reaction,-
12634,Clo1313_1610,KEGG_reaction,-
12635,Clo1313_1611,KEGG_reaction,-
12636,Clo1313_1612,KEGG_reaction,-
12637,Clo1313_1613,KEGG_reaction,-
12638,Clo1313_1614,KEGG_reaction,R02539
12639,Clo1313_1615,KEGG_reaction,-
12640,Clo1313_1616,KEGG_reaction,-
12641,Clo1313_1617,KEGG_reaction,-
12642,Clo1313_1618,KEGG_reaction,-
12643,Clo1313_1619,KEGG_reaction,R00694
12644,Clo1313_1619,KEGG_reaction,R00734
12645,Clo1313_1619,KEGG_reaction,R03243
12646,Clo1313_1620,KEGG_reaction,R06200
12647,Clo1313_1620,KEGG_reaction,R11307
12648,Clo1313_1620,KEGG_reaction,R11308
12649,Clo1313_1621,KEGG_reaction,R06200
12650,Clo1313_1621,KEGG_reaction,R11307
12651,Clo1313_1621,KEGG_reaction,R11308
12652,Clo1313_1622,KEGG_reaction,-
12653,Clo1313_1623,KEGG_reaction,-
12654,Clo1313_1624,KEGG_reaction,R04112
12655,Clo1313_1626,KEGG_reaction,-
12656,Clo1313_1627,KEGG_reaction,R03472
12657,Clo1313_1628,KEGG_reaction,R03223
12658,Clo1313_1628,KEGG_reaction,R10712
12659,Clo1313_1629,KEGG_reaction,R07459
12660,Clo1313_1630,KEGG_reaction,R10246
12661,Clo1313_1631,KEGG_reaction,R10247
12662,Clo1313_1632,KEGG_reaction,-
12663,Clo1313_1633,KEGG_reaction,-
12664,Clo1313_1634,KEGG_reaction,-
12665,Clo1313_1635,KEGG_reaction,-
12666,Clo1313_1636,KEGG_reaction,-
12667,Clo1313_1637,KEGG_reaction,-
12668,Clo1313_1638,KEGG_reaction,-
12669,Clo1313_1642,KEGG_reaction,-
12670,Clo1313_1643,KEGG_reaction,-
12671,Clo1313_1645,KEGG_reaction,-
12672,Clo1313_1647,KEGG_reaction,-
12673,Clo1313_1648,KEGG_reaction,-
12674,Clo1313_1650,KEGG_reaction,-
12675,Clo1313_1651,KEGG_reaction,-
12676,Clo1313_1652,KEGG_reaction,-
12677,Clo1313_1653,KEGG_reaction,-
12678,Clo1313_1654,KEGG_reaction,-
12679,Clo1313_1655,KEGG_reaction,-
12680,Clo1313_1656,KEGG_reaction,-
12681,Clo1313_1657,KEGG_reaction,R00355
12682,Clo1313_1657,KEGG_reaction,R00694
12683,Clo1313_1657,KEGG_reaction,R00734
12684,Clo1313_1657,KEGG_reaction,R00896
12685,Clo1313_1657,KEGG_reaction,R02433
12686,Clo1313_1657,KEGG_reaction,R02619
12687,Clo1313_1657,KEGG_reaction,R05052
12688,Clo1313_1658,KEGG_reaction,-
12689,Clo1313_1659,KEGG_reaction,-
12690,Clo1313_1660,KEGG_reaction,R00619
12691,Clo1313_1661,KEGG_reaction,R01529
12692,Clo1313_1662,KEGG_reaction,R00615
12693,Clo1313_1662,KEGG_reaction,R02135
12694,Clo1313_1663,KEGG_reaction,-
12695,Clo1313_1664,KEGG_reaction,-
12696,Clo1313_1665,KEGG_reaction,-
12697,Clo1313_1666,KEGG_reaction,-
12698,Clo1313_1667,KEGG_reaction,-
12699,Clo1313_1668,KEGG_reaction,-
12700,Clo1313_1669,KEGG_reaction,R03940
12701,Clo1313_1670,KEGG_reaction,-
12702,Clo1313_1671,KEGG_reaction,-
12703,Clo1313_1672,KEGG_reaction,-
12704,Clo1313_1673,KEGG_reaction,R09247
12705,Clo1313_1674,KEGG_reaction,R09247
12706,Clo1313_1675,KEGG_reaction,-
12707,Clo1313_1676,KEGG_reaction,-
12708,Clo1313_1677,KEGG_reaction,-
12709,Clo1313_1678,KEGG_reaction,-
12710,Clo1313_1679,KEGG_reaction,-
12711,Clo1313_1680,KEGG_reaction,-
12712,Clo1313_1681,KEGG_reaction,R00578
12713,Clo1313_1682,KEGG_reaction,-
12714,Clo1313_1683,KEGG_reaction,R04463
12715,Clo1313_1684,KEGG_reaction,-
12716,Clo1313_1685,KEGG_reaction,-
12717,Clo1313_1686,KEGG_reaction,R00235
12718,Clo1313_1686,KEGG_reaction,R00236
12719,Clo1313_1686,KEGG_reaction,R00316
12720,Clo1313_1686,KEGG_reaction,R00926
12721,Clo1313_1686,KEGG_reaction,R01354
12722,Clo1313_1687,KEGG_reaction,-
12723,Clo1313_1688,KEGG_reaction,-
12724,Clo1313_1689,KEGG_reaction,-
12725,Clo1313_1690,KEGG_reaction,-
12726,Clo1313_1691,KEGG_reaction,-
12727,Clo1313_1692,KEGG_reaction,-
12728,Clo1313_1693,KEGG_reaction,-
12729,Clo1313_1694,KEGG_reaction,R06200
12730,Clo1313_1694,KEGG_reaction,R11307
12731,Clo1313_1694,KEGG_reaction,R11308
12732,Clo1313_1695,KEGG_reaction,-
12733,Clo1313_1696,KEGG_reaction,-
12734,Clo1313_1697,KEGG_reaction,-
12735,Clo1313_1698,KEGG_reaction,-
12736,Clo1313_1699,KEGG_reaction,-
12737,Clo1313_1700,KEGG_reaction,-
12738,Clo1313_1701,KEGG_reaction,R06200
12739,Clo1313_1701,KEGG_reaction,R11307
12740,Clo1313_1701,KEGG_reaction,R11308
12741,Clo1313_1703,KEGG_reaction,-
12742,Clo1313_1704,KEGG_reaction,-
12743,Clo1313_1705,KEGG_reaction,-
12744,Clo1313_1708,KEGG_reaction,-
12745,Clo1313_1709,KEGG_reaction,-
12746,Clo1313_1710,KEGG_reaction,-
12747,Clo1313_1711,KEGG_reaction,-
12748,Clo1313_1712,KEGG_reaction,R00217
12749,Clo1313_1713,KEGG_reaction,-
12750,Clo1313_1714,KEGG_reaction,-
12751,Clo1313_1715,KEGG_reaction,-
12752,Clo1313_1716,KEGG_reaction,R04710
12753,Clo1313_1717,KEGG_reaction,R00212
12754,Clo1313_1717,KEGG_reaction,R06987
12755,Clo1313_1718,KEGG_reaction,-
12756,Clo1313_1719,KEGG_reaction,-
12757,Clo1313_1720,KEGG_reaction,-
12758,Clo1313_1721,KEGG_reaction,-
12759,Clo1313_1722,KEGG_reaction,-
12760,Clo1313_1723,KEGG_reaction,-
12761,Clo1313_1724,KEGG_reaction,-
12762,Clo1313_1725,KEGG_reaction,-
12763,Clo1313_1726,KEGG_reaction,-
12764,Clo1313_1727,KEGG_reaction,-
12765,Clo1313_1728,KEGG_reaction,-
12766,Clo1313_1729,KEGG_reaction,-
12767,Clo1313_1730,KEGG_reaction,-
12768,Clo1313_1731,KEGG_reaction,-
12769,Clo1313_1732,KEGG_reaction,-
12770,Clo1313_1733,KEGG_reaction,-
12771,Clo1313_1734,KEGG_reaction,-
12772,Clo1313_1735,KEGG_reaction,-
12773,Clo1313_1736,KEGG_reaction,-
12774,Clo1313_1737,KEGG_reaction,-
12775,Clo1313_1738,KEGG_reaction,-
12776,Clo1313_1739,KEGG_reaction,-
12777,Clo1313_1740,KEGG_reaction,-
12778,Clo1313_1741,KEGG_reaction,-
12779,Clo1313_1742,KEGG_reaction,-
12780,Clo1313_1743,KEGG_reaction,-
12781,Clo1313_1744,KEGG_reaction,-
12782,Clo1313_1745,KEGG_reaction,-
12783,Clo1313_1746,KEGG_reaction,-
12784,Clo1313_1747,KEGG_reaction,-
12785,Clo1313_1748,KEGG_reaction,-
12786,Clo1313_1749,KEGG_reaction,-
12787,Clo1313_1750,KEGG_reaction,-
12788,Clo1313_1751,KEGG_reaction,-
12789,Clo1313_1752,KEGG_reaction,-
12790,Clo1313_1753,KEGG_reaction,-
12791,Clo1313_1754,KEGG_reaction,-
12792,Clo1313_1755,KEGG_reaction,-
12793,Clo1313_1756,KEGG_reaction,-
12794,Clo1313_1757,KEGG_reaction,-
12795,Clo1313_1758,KEGG_reaction,-
12796,Clo1313_1759,KEGG_reaction,-
12797,Clo1313_1760,KEGG_reaction,-
12798,Clo1313_1761,KEGG_reaction,-
12799,Clo1313_1762,KEGG_reaction,-
12800,Clo1313_1763,KEGG_reaction,-
12801,Clo1313_1764,KEGG_reaction,-
12802,Clo1313_1765,KEGG_reaction,-
12803,Clo1313_1766,KEGG_reaction,-
12804,Clo1313_1767,KEGG_reaction,-
12805,Clo1313_1768,KEGG_reaction,R04112
12806,Clo1313_1769,KEGG_reaction,-
12807,Clo1313_1770,KEGG_reaction,-
12808,Clo1313_1771,KEGG_reaction,-
12809,Clo1313_1772,KEGG_reaction,-
12810,Clo1313_1773,KEGG_reaction,-
12811,Clo1313_1774,KEGG_reaction,-
12812,Clo1313_1775,KEGG_reaction,-
12813,Clo1313_1776,KEGG_reaction,-
12814,Clo1313_1777,KEGG_reaction,-
12815,Clo1313_1778,KEGG_reaction,-
12816,Clo1313_1780,KEGG_reaction,R02788
12817,Clo1313_1781,KEGG_reaction,-
12818,Clo1313_1782,KEGG_reaction,-
12819,Clo1313_1783,KEGG_reaction,-
12820,Clo1313_1784,KEGG_reaction,-
12821,Clo1313_1785,KEGG_reaction,-
12822,Clo1313_1786,KEGG_reaction,-
12823,Clo1313_1787,KEGG_reaction,-
12824,Clo1313_1788,KEGG_reaction,-
12825,Clo1313_1790,KEGG_reaction,-
12826,Clo1313_1791,KEGG_reaction,R11945
12827,Clo1313_1792,KEGG_reaction,R11945
12828,Clo1313_1793,KEGG_reaction,R11945
12829,Clo1313_1794,KEGG_reaction,-
12830,Clo1313_1795,KEGG_reaction,-
12831,Clo1313_1796,KEGG_reaction,-
12832,Clo1313_1797,KEGG_reaction,-
12833,Clo1313_1798,KEGG_reaction,R00228
12834,Clo1313_1798,KEGG_reaction,R00623
12835,Clo1313_1798,KEGG_reaction,R00754
12836,Clo1313_1798,KEGG_reaction,R01172
12837,Clo1313_1798,KEGG_reaction,R04880
12838,Clo1313_1798,KEGG_reaction,R05233
12839,Clo1313_1798,KEGG_reaction,R05234
12840,Clo1313_1798,KEGG_reaction,R06917
12841,Clo1313_1798,KEGG_reaction,R06927
12842,Clo1313_1799,KEGG_reaction,-
12843,Clo1313_1800,KEGG_reaction,-
12844,Clo1313_1801,KEGG_reaction,-
12845,Clo1313_1802,KEGG_reaction,-
12846,Clo1313_1803,KEGG_reaction,R00437
12847,Clo1313_1803,KEGG_reaction,R00438
12848,Clo1313_1803,KEGG_reaction,R00439
12849,Clo1313_1803,KEGG_reaction,R00440
12850,Clo1313_1804,KEGG_reaction,-
12851,Clo1313_1805,KEGG_reaction,-
12852,Clo1313_1806,KEGG_reaction,-
12853,Clo1313_1807,KEGG_reaction,-
12854,Clo1313_1808,KEGG_reaction,R06200
12855,Clo1313_1808,KEGG_reaction,R11307
12856,Clo1313_1808,KEGG_reaction,R11308
12857,Clo1313_1809,KEGG_reaction,R06200
12858,Clo1313_1809,KEGG_reaction,R11307
12859,Clo1313_1809,KEGG_reaction,R11308
12860,Clo1313_1810,KEGG_reaction,-
12861,Clo1313_1811,KEGG_reaction,-
12862,Clo1313_1812,KEGG_reaction,-
12863,Clo1313_1813,KEGG_reaction,-
12864,Clo1313_1814,KEGG_reaction,-
12865,Clo1313_1815,KEGG_reaction,-
12866,Clo1313_1816,KEGG_reaction,R06200
12867,Clo1313_1816,KEGG_reaction,R11307
12868,Clo1313_1816,KEGG_reaction,R11308
12869,Clo1313_1817,KEGG_reaction,R06200
12870,Clo1313_1817,KEGG_reaction,R11307
12871,Clo1313_1817,KEGG_reaction,R11308
12872,Clo1313_1818,KEGG_reaction,-
12873,Clo1313_1819,KEGG_reaction,-
12874,Clo1313_1820,KEGG_reaction,-
12875,Clo1313_1821,KEGG_reaction,-
12876,Clo1313_1822,KEGG_reaction,-
12877,Clo1313_1823,KEGG_reaction,-
12878,Clo1313_1824,KEGG_reaction,-
12879,Clo1313_1825,KEGG_reaction,-
12880,Clo1313_1826,KEGG_reaction,R08247
12881,Clo1313_1827,KEGG_reaction,R00623
12882,Clo1313_1827,KEGG_reaction,R00754
12883,Clo1313_1827,KEGG_reaction,R04880
12884,Clo1313_1827,KEGG_reaction,R05233
12885,Clo1313_1827,KEGG_reaction,R05234
12886,Clo1313_1827,KEGG_reaction,R06917
12887,Clo1313_1827,KEGG_reaction,R06927
12888,Clo1313_1828,KEGG_reaction,-
12889,Clo1313_1829,KEGG_reaction,-
12890,Clo1313_1830,KEGG_reaction,-
12891,Clo1313_1831,KEGG_reaction,-
12892,Clo1313_1832,KEGG_reaction,R00760
12893,Clo1313_1832,KEGG_reaction,R00867
12894,Clo1313_1832,KEGG_reaction,R03920
12895,Clo1313_1833,KEGG_reaction,R00875
12896,Clo1313_1833,KEGG_reaction,R01896
12897,Clo1313_1834,KEGG_reaction,-
12898,Clo1313_1835,KEGG_reaction,-
12899,Clo1313_1838,KEGG_reaction,-
12900,Clo1313_1840,KEGG_reaction,-
12901,Clo1313_1841,KEGG_reaction,-
12902,Clo1313_1842,KEGG_reaction,-
12903,Clo1313_1843,KEGG_reaction,-
12904,Clo1313_1844,KEGG_reaction,-
12905,Clo1313_1845,KEGG_reaction,-
12906,Clo1313_1846,KEGG_reaction,R01230
12907,Clo1313_1846,KEGG_reaction,R01231
12908,Clo1313_1846,KEGG_reaction,R08244
12909,Clo1313_1847,KEGG_reaction,R00243
12910,Clo1313_1847,KEGG_reaction,R00248
12911,Clo1313_1848,KEGG_reaction,R00858
12912,Clo1313_1848,KEGG_reaction,R10146
12913,Clo1313_1848,KEGG_reaction,R10159
12914,Clo1313_1849,KEGG_reaction,R00093
12915,Clo1313_1849,KEGG_reaction,R00114
12916,Clo1313_1849,KEGG_reaction,R00248
12917,Clo1313_1850,KEGG_reaction,-
12918,Clo1313_1851,KEGG_reaction,-
12919,Clo1313_1852,KEGG_reaction,-
12920,Clo1313_1853,KEGG_reaction,-
12921,Clo1313_1854,KEGG_reaction,-
12922,Clo1313_1855,KEGG_reaction,-
12923,Clo1313_1856,KEGG_reaction,-
12924,Clo1313_1857,KEGG_reaction,-
12925,Clo1313_1858,KEGG_reaction,R00355
12926,Clo1313_1858,KEGG_reaction,R00694
12927,Clo1313_1858,KEGG_reaction,R00734
12928,Clo1313_1858,KEGG_reaction,R00896
12929,Clo1313_1858,KEGG_reaction,R02433
12930,Clo1313_1858,KEGG_reaction,R02619
12931,Clo1313_1858,KEGG_reaction,R05052
12932,Clo1313_1859,KEGG_reaction,-
12933,Clo1313_1861,KEGG_reaction,-
12934,Clo1313_1862,KEGG_reaction,-
12935,Clo1313_1864,KEGG_reaction,-
12936,Clo1313_1865,KEGG_reaction,-
12937,Clo1313_1866,KEGG_reaction,-
12938,Clo1313_1867,KEGG_reaction,R02111
12939,Clo1313_1868,KEGG_reaction,-
12940,Clo1313_1869,KEGG_reaction,-
12941,Clo1313_1870,KEGG_reaction,-
12942,Clo1313_1871,KEGG_reaction,-
12943,Clo1313_1872,KEGG_reaction,-
12944,Clo1313_1873,KEGG_reaction,-
12945,Clo1313_1874,KEGG_reaction,-
12946,Clo1313_1875,KEGG_reaction,R01068
12947,Clo1313_1875,KEGG_reaction,R01070
12948,Clo1313_1875,KEGG_reaction,R01829
12949,Clo1313_1875,KEGG_reaction,R02568
12950,Clo1313_1876,KEGG_reaction,R00756
12951,Clo1313_1876,KEGG_reaction,R00764
12952,Clo1313_1876,KEGG_reaction,R02073
12953,Clo1313_1876,KEGG_reaction,R03236
12954,Clo1313_1876,KEGG_reaction,R04779
12955,Clo1313_1877,KEGG_reaction,-
12956,Clo1313_1878,KEGG_reaction,R00703
12957,Clo1313_1878,KEGG_reaction,R01000
12958,Clo1313_1878,KEGG_reaction,R03104
12959,Clo1313_1879,KEGG_reaction,R00214
12960,Clo1313_1880,KEGG_reaction,-
12961,Clo1313_1881,KEGG_reaction,R11945
12962,Clo1313_1882,KEGG_reaction,R11945
12963,Clo1313_1883,KEGG_reaction,-
12964,Clo1313_1884,KEGG_reaction,-
12965,Clo1313_1885,KEGG_reaction,R11945
12966,Clo1313_1886,KEGG_reaction,R00188
12967,Clo1313_1886,KEGG_reaction,R11188
12968,Clo1313_1887,KEGG_reaction,-
12969,Clo1313_1888,KEGG_reaction,-
12970,Clo1313_1889,KEGG_reaction,-
12971,Clo1313_1890,KEGG_reaction,-
12972,Clo1313_1891,KEGG_reaction,R00513
12973,Clo1313_1891,KEGG_reaction,R00516
12974,Clo1313_1891,KEGG_reaction,R00517
12975,Clo1313_1891,KEGG_reaction,R00962
12976,Clo1313_1891,KEGG_reaction,R00964
12977,Clo1313_1891,KEGG_reaction,R00967
12978,Clo1313_1891,KEGG_reaction,R00968
12979,Clo1313_1891,KEGG_reaction,R00970
12980,Clo1313_1891,KEGG_reaction,R01548
12981,Clo1313_1891,KEGG_reaction,R01549
12982,Clo1313_1891,KEGG_reaction,R01880
12983,Clo1313_1891,KEGG_reaction,R02091
12984,Clo1313_1891,KEGG_reaction,R02096
12985,Clo1313_1891,KEGG_reaction,R02097
12986,Clo1313_1891,KEGG_reaction,R02327
12987,Clo1313_1891,KEGG_reaction,R02332
12988,Clo1313_1891,KEGG_reaction,R02371
12989,Clo1313_1891,KEGG_reaction,R02372
12990,Clo1313_1891,KEGG_reaction,R08232
12991,Clo1313_1892,KEGG_reaction,-
12992,Clo1313_1894,KEGG_reaction,-
12993,Clo1313_1896,KEGG_reaction,-
12994,Clo1313_1897,KEGG_reaction,-
12995,Clo1313_1898,KEGG_reaction,-
12996,Clo1313_1901,KEGG_reaction,R00257
12997,Clo1313_1902,KEGG_reaction,R03665
12998,Clo1313_1903,KEGG_reaction,-
12999,Clo1313_1904,KEGG_reaction,R00022
13000,Clo1313_1904,KEGG_reaction,R05963
13001,Clo1313_1904,KEGG_reaction,R07809
13002,Clo1313_1904,KEGG_reaction,R07810
13003,Clo1313_1904,KEGG_reaction,R10831
13004,Clo1313_1905,KEGG_reaction,-
13005,Clo1313_1906,KEGG_reaction,-
13006,Clo1313_1907,KEGG_reaction,R02262
13007,Clo1313_1908,KEGG_reaction,-
13008,Clo1313_1909,KEGG_reaction,-
13009,Clo1313_1910,KEGG_reaction,-
13010,Clo1313_1911,KEGG_reaction,-
13011,Clo1313_1912,KEGG_reaction,-
13012,Clo1313_1913,KEGG_reaction,-
13013,Clo1313_1914,KEGG_reaction,-
13014,Clo1313_1915,KEGG_reaction,-
13015,Clo1313_1916,KEGG_reaction,-
13016,Clo1313_1917,KEGG_reaction,-
13017,Clo1313_1918,KEGG_reaction,-
13018,Clo1313_1920,KEGG_reaction,-
13019,Clo1313_1921,KEGG_reaction,-
13020,Clo1313_1922,KEGG_reaction,-
13021,Clo1313_1923,KEGG_reaction,-
13022,Clo1313_1925,KEGG_reaction,-
13023,Clo1313_1926,KEGG_reaction,-
13024,Clo1313_1927,KEGG_reaction,-
13025,Clo1313_1928,KEGG_reaction,-
13026,Clo1313_1929,KEGG_reaction,-
13027,Clo1313_1930,KEGG_reaction,-
13028,Clo1313_1931,KEGG_reaction,R04173
13029,Clo1313_1931,KEGG_reaction,R05085
13030,Clo1313_1935,KEGG_reaction,-
13031,Clo1313_1936,KEGG_reaction,-
13032,Clo1313_1937,KEGG_reaction,-
13033,Clo1313_1938,KEGG_reaction,R01773
13034,Clo1313_1938,KEGG_reaction,R01775
13035,Clo1313_1939,KEGG_reaction,-
13036,Clo1313_1940,KEGG_reaction,-
13037,Clo1313_1942,KEGG_reaction,-
13038,Clo1313_1944,KEGG_reaction,R00267
13039,Clo1313_1944,KEGG_reaction,R00268
13040,Clo1313_1944,KEGG_reaction,R01899
13041,Clo1313_1945,KEGG_reaction,-
13042,Clo1313_1946,KEGG_reaction,-
13043,Clo1313_1947,KEGG_reaction,R02421
13044,Clo1313_1948,KEGG_reaction,-
13045,Clo1313_1949,KEGG_reaction,-
13046,Clo1313_1950,KEGG_reaction,-
13047,Clo1313_1951,KEGG_reaction,-
13048,Clo1313_1953,KEGG_reaction,R00717
13049,Clo1313_1953,KEGG_reaction,R01388
13050,Clo1313_1953,KEGG_reaction,R01513
13051,Clo1313_1954,KEGG_reaction,R00952
13052,Clo1313_1955,KEGG_reaction,R06200
13053,Clo1313_1955,KEGG_reaction,R11307
13054,Clo1313_1955,KEGG_reaction,R11308
13055,Clo1313_1956,KEGG_reaction,-
13056,Clo1313_1957,KEGG_reaction,-
13057,Clo1313_1958,KEGG_reaction,-
13058,Clo1313_1959,KEGG_reaction,R01206
13059,Clo1313_1959,KEGG_reaction,R02334
13060,Clo1313_1960,KEGG_reaction,-
13061,Clo1313_1961,KEGG_reaction,-
13062,Clo1313_1962,KEGG_reaction,-
13063,Clo1313_1963,KEGG_reaction,-
13064,Clo1313_1964,KEGG_reaction,R00369
13065,Clo1313_1964,KEGG_reaction,R00372
13066,Clo1313_1964,KEGG_reaction,R00585
13067,Clo1313_1964,KEGG_reaction,R00588
13068,Clo1313_1965,KEGG_reaction,-
13069,Clo1313_1966,KEGG_reaction,-
13070,Clo1313_1967,KEGG_reaction,R03313
13071,Clo1313_1968,KEGG_reaction,R01334
13072,Clo1313_1969,KEGG_reaction,-
13073,Clo1313_1970,KEGG_reaction,-
13074,Clo1313_1971,KEGG_reaction,-
13075,Clo1313_1972,KEGG_reaction,-
13076,Clo1313_1973,KEGG_reaction,-
13077,Clo1313_1974,KEGG_reaction,-
13078,Clo1313_1975,KEGG_reaction,-
13079,Clo1313_1976,KEGG_reaction,-
13080,Clo1313_1977,KEGG_reaction,-
13081,Clo1313_1978,KEGG_reaction,-
13082,Clo1313_1979,KEGG_reaction,-
13083,Clo1313_1980,KEGG_reaction,-
13084,Clo1313_1981,KEGG_reaction,-
13085,Clo1313_1982,KEGG_reaction,-
13086,Clo1313_1983,KEGG_reaction,-
13087,Clo1313_1984,KEGG_reaction,-
13088,Clo1313_1985,KEGG_reaction,-
13089,Clo1313_1986,KEGG_reaction,R04112
13090,Clo1313_1987,KEGG_reaction,-
13091,Clo1313_1988,KEGG_reaction,-
13092,Clo1313_1989,KEGG_reaction,-
13093,Clo1313_1990,KEGG_reaction,-
13094,Clo1313_1992,KEGG_reaction,-
13095,Clo1313_1993,KEGG_reaction,-
13096,Clo1313_1994,KEGG_reaction,-
13097,Clo1313_1995,KEGG_reaction,-
13098,Clo1313_1996,KEGG_reaction,-
13099,Clo1313_1997,KEGG_reaction,-
13100,Clo1313_1998,KEGG_reaction,-
13101,Clo1313_1999,KEGG_reaction,R01385
13102,Clo1313_2001,KEGG_reaction,-
13103,Clo1313_2002,KEGG_reaction,-
13104,Clo1313_2004,KEGG_reaction,-
13105,Clo1313_2005,KEGG_reaction,-
13106,Clo1313_2006,KEGG_reaction,-
13107,Clo1313_2008,KEGG_reaction,-
13108,Clo1313_2012,KEGG_reaction,-
13109,Clo1313_2014,KEGG_reaction,-
13110,Clo1313_2015,KEGG_reaction,R02739
13111,Clo1313_2015,KEGG_reaction,R02740
13112,Clo1313_2015,KEGG_reaction,R03321
13113,Clo1313_2016,KEGG_reaction,-
13114,Clo1313_2017,KEGG_reaction,R03660
13115,Clo1313_2018,KEGG_reaction,R03660
13116,Clo1313_2019,KEGG_reaction,-
13117,Clo1313_2020,KEGG_reaction,R00026
13118,Clo1313_2020,KEGG_reaction,R02558
13119,Clo1313_2020,KEGG_reaction,R02887
13120,Clo1313_2020,KEGG_reaction,R02985
13121,Clo1313_2020,KEGG_reaction,R03527
13122,Clo1313_2020,KEGG_reaction,R04949
13123,Clo1313_2020,KEGG_reaction,R04998
13124,Clo1313_2020,KEGG_reaction,R10035
13125,Clo1313_2020,KEGG_reaction,R10039
13126,Clo1313_2020,KEGG_reaction,R10040
13127,Clo1313_2021,KEGG_reaction,-
13128,Clo1313_2022,KEGG_reaction,-
13129,Clo1313_2023,KEGG_reaction,-
13130,Clo1313_2024,KEGG_reaction,-
13131,Clo1313_2026,KEGG_reaction,-
13132,Clo1313_2027,KEGG_reaction,-
13133,Clo1313_2028,KEGG_reaction,-
13134,Clo1313_2029,KEGG_reaction,-
13135,Clo1313_2030,KEGG_reaction,-
13136,Clo1313_2031,KEGG_reaction,R00253
13137,Clo1313_2032,KEGG_reaction,-
13138,Clo1313_2033,KEGG_reaction,-
13139,Clo1313_2034,KEGG_reaction,R07157
13140,Clo1313_2034,KEGG_reaction,R08034
13141,Clo1313_2035,KEGG_reaction,R00021
13142,Clo1313_2035,KEGG_reaction,R00093
13143,Clo1313_2035,KEGG_reaction,R00114
13144,Clo1313_2035,KEGG_reaction,R00248
13145,Clo1313_2035,KEGG_reaction,R10086
13146,Clo1313_2036,KEGG_reaction,-
13147,Clo1313_2038,KEGG_reaction,R00253
13148,Clo1313_2041,KEGG_reaction,-
13149,Clo1313_2042,KEGG_reaction,-
13150,Clo1313_2043,KEGG_reaction,-
13151,Clo1313_2044,KEGG_reaction,R00426
13152,Clo1313_2044,KEGG_reaction,R00720
13153,Clo1313_2044,KEGG_reaction,R01855
13154,Clo1313_2044,KEGG_reaction,R02100
13155,Clo1313_2044,KEGG_reaction,R02720
13156,Clo1313_2044,KEGG_reaction,R03531
13157,Clo1313_2045,KEGG_reaction,R00426
13158,Clo1313_2045,KEGG_reaction,R00720
13159,Clo1313_2045,KEGG_reaction,R01855
13160,Clo1313_2045,KEGG_reaction,R02100
13161,Clo1313_2045,KEGG_reaction,R02720
13162,Clo1313_2045,KEGG_reaction,R03531
13163,Clo1313_2046,KEGG_reaction,-
13164,Clo1313_2047,KEGG_reaction,R00291
13165,Clo1313_2047,KEGG_reaction,R02984
13166,Clo1313_2048,KEGG_reaction,R04112
13167,Clo1313_2049,KEGG_reaction,-
13168,Clo1313_2050,KEGG_reaction,-
13169,Clo1313_2051,KEGG_reaction,-
13170,Clo1313_2052,KEGG_reaction,-
13171,Clo1313_2053,KEGG_reaction,-
13172,Clo1313_2054,KEGG_reaction,R01954
13173,Clo1313_2055,KEGG_reaction,R01086
13174,Clo1313_2056,KEGG_reaction,-
13175,Clo1313_2057,KEGG_reaction,-
13176,Clo1313_2058,KEGG_reaction,-
13177,Clo1313_2059,KEGG_reaction,-
13178,Clo1313_2060,KEGG_reaction,-
13179,Clo1313_2061,KEGG_reaction,-
13180,Clo1313_2062,KEGG_reaction,-
13181,Clo1313_2063,KEGG_reaction,-
13182,Clo1313_2064,KEGG_reaction,-
13183,Clo1313_2065,KEGG_reaction,-
13184,Clo1313_2066,KEGG_reaction,-
13185,Clo1313_2067,KEGG_reaction,-
13186,Clo1313_2068,KEGG_reaction,-
13187,Clo1313_2069,KEGG_reaction,-
13188,Clo1313_2070,KEGG_reaction,-
13189,Clo1313_2071,KEGG_reaction,-
13190,Clo1313_2072,KEGG_reaction,-
13191,Clo1313_2073,KEGG_reaction,-
13192,Clo1313_2074,KEGG_reaction,-
13193,Clo1313_2075,KEGG_reaction,-
13194,Clo1313_2076,KEGG_reaction,-
13195,Clo1313_2077,KEGG_reaction,-
13196,Clo1313_2078,KEGG_reaction,-
13197,Clo1313_2079,KEGG_reaction,-
13198,Clo1313_2080,KEGG_reaction,-
13199,Clo1313_2081,KEGG_reaction,-
13200,Clo1313_2082,KEGG_reaction,-
13201,Clo1313_2083,KEGG_reaction,R10649
13202,Clo1313_2084,KEGG_reaction,-
13203,Clo1313_2085,KEGG_reaction,-
13204,Clo1313_2086,KEGG_reaction,-
13205,Clo1313_2087,KEGG_reaction,-
13206,Clo1313_2088,KEGG_reaction,-
13207,Clo1313_2089,KEGG_reaction,-
13208,Clo1313_2090,KEGG_reaction,R00658
13209,Clo1313_2091,KEGG_reaction,-
13210,Clo1313_2092,KEGG_reaction,R01518
13211,Clo1313_2093,KEGG_reaction,R01015
13212,Clo1313_2094,KEGG_reaction,R01015
13213,Clo1313_2094,KEGG_reaction,R01512
13214,Clo1313_2095,KEGG_reaction,R01061
13215,Clo1313_2096,KEGG_reaction,R01625
13216,Clo1313_2096,KEGG_reaction,R07644
13217,Clo1313_2097,KEGG_reaction,-
13218,Clo1313_2098,KEGG_reaction,-
13219,Clo1313_2099,KEGG_reaction,R01280
13220,Clo1313_2099,KEGG_reaction,R01558
13221,Clo1313_2100,KEGG_reaction,R10707
13222,Clo1313_2101,KEGG_reaction,-
13223,Clo1313_2102,KEGG_reaction,R10707
13224,Clo1313_2103,KEGG_reaction,-
13225,Clo1313_2104,KEGG_reaction,-
13226,Clo1313_2105,KEGG_reaction,-
13227,Clo1313_2106,KEGG_reaction,-
13228,Clo1313_2107,KEGG_reaction,-
13229,Clo1313_2108,KEGG_reaction,-
13230,Clo1313_2109,KEGG_reaction,-
13231,Clo1313_2111,KEGG_reaction,-
13232,Clo1313_2112,KEGG_reaction,-
13233,Clo1313_2113,KEGG_reaction,-
13234,Clo1313_2114,KEGG_reaction,-
13235,Clo1313_2115,KEGG_reaction,-
13236,Clo1313_2116,KEGG_reaction,-
13237,Clo1313_2117,KEGG_reaction,-
13238,Clo1313_2118,KEGG_reaction,-
13239,Clo1313_2119,KEGG_reaction,R03191
13240,Clo1313_2119,KEGG_reaction,R03192
13241,Clo1313_2120,KEGG_reaction,-
13242,Clo1313_2121,KEGG_reaction,-
13243,Clo1313_2123,KEGG_reaction,-
13244,Clo1313_2124,KEGG_reaction,R04457
13245,Clo1313_2125,KEGG_reaction,R00425
13246,Clo1313_2125,KEGG_reaction,R07281
13247,Clo1313_2126,KEGG_reaction,R00066
13248,Clo1313_2127,KEGG_reaction,R03458
13249,Clo1313_2127,KEGG_reaction,R03459
13250,Clo1313_2128,KEGG_reaction,-
13251,Clo1313_2129,KEGG_reaction,-
13252,Clo1313_2130,KEGG_reaction,-
13253,Clo1313_2131,KEGG_reaction,-
13254,Clo1313_2132,KEGG_reaction,R01224
13255,Clo1313_2132,KEGG_reaction,R07168
13256,Clo1313_2133,KEGG_reaction,-
13257,Clo1313_2134,KEGG_reaction,-
13258,Clo1313_2135,KEGG_reaction,-
13259,Clo1313_2136,KEGG_reaction,R01016
13260,Clo1313_2137,KEGG_reaction,-
13261,Clo1313_2138,KEGG_reaction,-
13262,Clo1313_2139,KEGG_reaction,-
13263,Clo1313_2140,KEGG_reaction,-
13264,Clo1313_2141,KEGG_reaction,-
13265,Clo1313_2142,KEGG_reaction,-
13266,Clo1313_2143,KEGG_reaction,-
13267,Clo1313_2144,KEGG_reaction,-
13268,Clo1313_2145,KEGG_reaction,-
13269,Clo1313_2146,KEGG_reaction,-
13270,Clo1313_2147,KEGG_reaction,-
13271,Clo1313_2148,KEGG_reaction,-
13272,Clo1313_2149,KEGG_reaction,-
13273,Clo1313_2150,KEGG_reaction,R00259
13274,Clo1313_2150,KEGG_reaction,R02282
13275,Clo1313_2151,KEGG_reaction,-
13276,Clo1313_2152,KEGG_reaction,-
13277,Clo1313_2153,KEGG_reaction,-
13278,Clo1313_2154,KEGG_reaction,-
13279,Clo1313_2155,KEGG_reaction,-
13280,Clo1313_2156,KEGG_reaction,-
13281,Clo1313_2159,KEGG_reaction,-
13282,Clo1313_2160,KEGG_reaction,-
13283,Clo1313_2161,KEGG_reaction,R06200
13284,Clo1313_2161,KEGG_reaction,R11307
13285,Clo1313_2161,KEGG_reaction,R11308
13286,Clo1313_2162,KEGG_reaction,R03648
13287,Clo1313_2163,KEGG_reaction,R00483
13288,Clo1313_2164,KEGG_reaction,-
13289,Clo1313_2165,KEGG_reaction,-
13290,Clo1313_2166,KEGG_reaction,-
13291,Clo1313_2167,KEGG_reaction,-
13292,Clo1313_2168,KEGG_reaction,-
13293,Clo1313_2169,KEGG_reaction,-
13294,Clo1313_2170,KEGG_reaction,-
13295,Clo1313_2171,KEGG_reaction,-
13296,Clo1313_2172,KEGG_reaction,-
13297,Clo1313_2173,KEGG_reaction,-
13298,Clo1313_2174,KEGG_reaction,-
13299,Clo1313_2175,KEGG_reaction,-
13300,Clo1313_2176,KEGG_reaction,-
13301,Clo1313_2177,KEGG_reaction,-
13302,Clo1313_2178,KEGG_reaction,-
13303,Clo1313_2179,KEGG_reaction,R02017
13304,Clo1313_2179,KEGG_reaction,R02018
13305,Clo1313_2179,KEGG_reaction,R02019
13306,Clo1313_2179,KEGG_reaction,R02024
13307,Clo1313_2180,KEGG_reaction,-
13308,Clo1313_2181,KEGG_reaction,-
13309,Clo1313_2182,KEGG_reaction,-
13310,Clo1313_2183,KEGG_reaction,-
13311,Clo1313_2184,KEGG_reaction,-
13312,Clo1313_2185,KEGG_reaction,-
13313,Clo1313_2186,KEGG_reaction,-
13314,Clo1313_2187,KEGG_reaction,-
13315,Clo1313_2188,KEGG_reaction,-
13316,Clo1313_2189,KEGG_reaction,-
13317,Clo1313_2190,KEGG_reaction,-
13318,Clo1313_2191,KEGG_reaction,-
13319,Clo1313_2192,KEGG_reaction,R06200
13320,Clo1313_2192,KEGG_reaction,R11307
13321,Clo1313_2192,KEGG_reaction,R11308
13322,Clo1313_2193,KEGG_reaction,-
13323,Clo1313_2194,KEGG_reaction,-
13324,Clo1313_2195,KEGG_reaction,-
13325,Clo1313_2196,KEGG_reaction,-
13326,Clo1313_2197,KEGG_reaction,-
13327,Clo1313_2198,KEGG_reaction,R00143
13328,Clo1313_2199,KEGG_reaction,-
13329,Clo1313_2200,KEGG_reaction,-
13330,Clo1313_2201,KEGG_reaction,-
13331,Clo1313_2202,KEGG_reaction,-
13332,Clo1313_2203,KEGG_reaction,-
13333,Clo1313_2204,KEGG_reaction,-
13334,Clo1313_2207,KEGG_reaction,R03231
13335,Clo1313_2208,KEGG_reaction,R09543
13336,Clo1313_2209,KEGG_reaction,R09725
13337,Clo1313_2210,KEGG_reaction,R00371
13338,Clo1313_2210,KEGG_reaction,R03209
13339,Clo1313_2210,KEGG_reaction,R03210
13340,Clo1313_2210,KEGG_reaction,R10124
13341,Clo1313_2211,KEGG_reaction,R03182
13342,Clo1313_2212,KEGG_reaction,R01078
13343,Clo1313_2214,KEGG_reaction,-
13344,Clo1313_2215,KEGG_reaction,-
13345,Clo1313_2216,KEGG_reaction,-
13346,Clo1313_2221,KEGG_reaction,-
13347,Clo1313_2223,KEGG_reaction,-
13348,Clo1313_2224,KEGG_reaction,-
13349,Clo1313_2225,KEGG_reaction,-
13350,Clo1313_2226,KEGG_reaction,-
13351,Clo1313_2228,KEGG_reaction,-
13352,Clo1313_2229,KEGG_reaction,-
13353,Clo1313_2231,KEGG_reaction,-
13354,Clo1313_2232,KEGG_reaction,-
13355,Clo1313_2233,KEGG_reaction,-
13356,Clo1313_2234,KEGG_reaction,R06200
13357,Clo1313_2234,KEGG_reaction,R11307
13358,Clo1313_2234,KEGG_reaction,R11308
13359,Clo1313_2235,KEGG_reaction,-
13360,Clo1313_2239,KEGG_reaction,R00568
13361,Clo1313_2239,KEGG_reaction,R02325
13362,Clo1313_2240,KEGG_reaction,-
13363,Clo1313_2241,KEGG_reaction,-
13364,Clo1313_2242,KEGG_reaction,-
13365,Clo1313_2243,KEGG_reaction,-
13366,Clo1313_2244,KEGG_reaction,-
13367,Clo1313_2245,KEGG_reaction,-
13368,Clo1313_2246,KEGG_reaction,-
13369,Clo1313_2247,KEGG_reaction,-
13370,Clo1313_2248,KEGG_reaction,-
13371,Clo1313_2249,KEGG_reaction,-
13372,Clo1313_2250,KEGG_reaction,-
13373,Clo1313_2252,KEGG_reaction,-
13374,Clo1313_2253,KEGG_reaction,-
13375,Clo1313_2254,KEGG_reaction,-
13376,Clo1313_2255,KEGG_reaction,-
13377,Clo1313_2256,KEGG_reaction,-
13378,Clo1313_2257,KEGG_reaction,-
13379,Clo1313_2258,KEGG_reaction,-
13380,Clo1313_2259,KEGG_reaction,-
13381,Clo1313_2260,KEGG_reaction,-
13382,Clo1313_2261,KEGG_reaction,-
13383,Clo1313_2262,KEGG_reaction,-
13384,Clo1313_2263,KEGG_reaction,-
13385,Clo1313_2264,KEGG_reaction,-
13386,Clo1313_2265,KEGG_reaction,-
13387,Clo1313_2266,KEGG_reaction,-
13388,Clo1313_2267,KEGG_reaction,-
13389,Clo1313_2269,KEGG_reaction,-
13390,Clo1313_2270,KEGG_reaction,-
13391,Clo1313_2271,KEGG_reaction,-
13392,Clo1313_2272,KEGG_reaction,-
13393,Clo1313_2273,KEGG_reaction,-
13394,Clo1313_2274,KEGG_reaction,-
13395,Clo1313_2275,KEGG_reaction,-
13396,Clo1313_2276,KEGG_reaction,-
13397,Clo1313_2278,KEGG_reaction,R00615
13398,Clo1313_2278,KEGG_reaction,R02135
13399,Clo1313_2280,KEGG_reaction,-
13400,Clo1313_2282,KEGG_reaction,-
13401,Clo1313_2283,KEGG_reaction,-
13402,Clo1313_2284,KEGG_reaction,-
13403,Clo1313_2286,KEGG_reaction,-
13404,Clo1313_2288,KEGG_reaction,-
13405,Clo1313_2289,KEGG_reaction,-
13406,Clo1313_2290,KEGG_reaction,-
13407,Clo1313_2291,KEGG_reaction,-
13408,Clo1313_2292,KEGG_reaction,-
13409,Clo1313_2293,KEGG_reaction,-
13410,Clo1313_2294,KEGG_reaction,-
13411,Clo1313_2296,KEGG_reaction,-
13412,Clo1313_2299,KEGG_reaction,-
13413,Clo1313_2300,KEGG_reaction,-
13414,Clo1313_2301,KEGG_reaction,-
13415,Clo1313_2302,KEGG_reaction,-
13416,Clo1313_2303,KEGG_reaction,R00253
13417,Clo1313_2304,KEGG_reaction,R03905
13418,Clo1313_2304,KEGG_reaction,R04212
13419,Clo1313_2305,KEGG_reaction,R03905
13420,Clo1313_2305,KEGG_reaction,R04212
13421,Clo1313_2306,KEGG_reaction,R03905
13422,Clo1313_2306,KEGG_reaction,R04212
13423,Clo1313_2307,KEGG_reaction,R05577
13424,Clo1313_2309,KEGG_reaction,-
13425,Clo1313_2310,KEGG_reaction,-
13426,Clo1313_2311,KEGG_reaction,-
13427,Clo1313_2312,KEGG_reaction,R02085
13428,Clo1313_2312,KEGG_reaction,R03026
13429,Clo1313_2314,KEGG_reaction,-
13430,Clo1313_2318,KEGG_reaction,-
13431,Clo1313_2319,KEGG_reaction,-
13432,Clo1313_2321,KEGG_reaction,-
13433,Clo1313_2322,KEGG_reaction,-
13434,Clo1313_2323,KEGG_reaction,-
13435,Clo1313_2324,KEGG_reaction,-
13436,Clo1313_2325,KEGG_reaction,R00782
13437,Clo1313_2325,KEGG_reaction,R00999
13438,Clo1313_2325,KEGG_reaction,R01286
13439,Clo1313_2325,KEGG_reaction,R01288
13440,Clo1313_2325,KEGG_reaction,R02408
13441,Clo1313_2325,KEGG_reaction,R02508
13442,Clo1313_2325,KEGG_reaction,R03217
13443,Clo1313_2325,KEGG_reaction,R03260
13444,Clo1313_2325,KEGG_reaction,R04941
13445,Clo1313_2325,KEGG_reaction,R04944
13446,Clo1313_2325,KEGG_reaction,R04945
13447,Clo1313_2325,KEGG_reaction,R04946
13448,Clo1313_2326,KEGG_reaction,R00897
13449,Clo1313_2326,KEGG_reaction,R03601
13450,Clo1313_2326,KEGG_reaction,R04859
13451,Clo1313_2326,KEGG_reaction,R10305
13452,Clo1313_2327,KEGG_reaction,-
13453,Clo1313_2328,KEGG_reaction,-
13454,Clo1313_2329,KEGG_reaction,-
13455,Clo1313_2330,KEGG_reaction,-
13456,Clo1313_2331,KEGG_reaction,R05185
13457,Clo1313_2331,KEGG_reaction,R05496
13458,Clo1313_2332,KEGG_reaction,R05185
13459,Clo1313_2332,KEGG_reaction,R05496
13460,Clo1313_2333,KEGG_reaction,-
13461,Clo1313_2334,KEGG_reaction,-
13462,Clo1313_2335,KEGG_reaction,R01287
13463,Clo1313_2335,KEGG_reaction,R04859
13464,Clo1313_2336,KEGG_reaction,-
13465,Clo1313_2337,KEGG_reaction,-
13466,Clo1313_2338,KEGG_reaction,-
13467,Clo1313_2339,KEGG_reaction,R05185
13468,Clo1313_2339,KEGG_reaction,R05496
13469,Clo1313_2340,KEGG_reaction,-
13470,Clo1313_2341,KEGG_reaction,R01561
13471,Clo1313_2341,KEGG_reaction,R01863
13472,Clo1313_2341,KEGG_reaction,R01969
13473,Clo1313_2341,KEGG_reaction,R02147
13474,Clo1313_2341,KEGG_reaction,R02294
13475,Clo1313_2341,KEGG_reaction,R02295
13476,Clo1313_2341,KEGG_reaction,R02297
13477,Clo1313_2341,KEGG_reaction,R02484
13478,Clo1313_2341,KEGG_reaction,R02557
13479,Clo1313_2341,KEGG_reaction,R02748
13480,Clo1313_2341,KEGG_reaction,R08368
13481,Clo1313_2341,KEGG_reaction,R10244
13482,Clo1313_2342,KEGG_reaction,-
13483,Clo1313_2343,KEGG_reaction,-
13484,Clo1313_2344,KEGG_reaction,R04710
13485,Clo1313_2345,KEGG_reaction,-
13486,Clo1313_2346,KEGG_reaction,-
13487,Clo1313_2347,KEGG_reaction,-
13488,Clo1313_2348,KEGG_reaction,R01878
13489,Clo1313_2348,KEGG_reaction,R02485
13490,Clo1313_2348,KEGG_reaction,R08221
13491,Clo1313_2349,KEGG_reaction,R01066
13492,Clo1313_2350,KEGG_reaction,-
13493,Clo1313_2351,KEGG_reaction,-
13494,Clo1313_2352,KEGG_reaction,-
13495,Clo1313_2353,KEGG_reaction,-
13496,Clo1313_2354,KEGG_reaction,-
13497,Clo1313_2355,KEGG_reaction,-
13498,Clo1313_2356,KEGG_reaction,-
13499,Clo1313_2358,KEGG_reaction,-
13500,Clo1313_2359,KEGG_reaction,R08572
13501,Clo1313_2365,KEGG_reaction,-
13502,Clo1313_2366,KEGG_reaction,-
13503,Clo1313_2367,KEGG_reaction,-
13504,Clo1313_2369,KEGG_reaction,-
13505,Clo1313_2370,KEGG_reaction,-
13506,Clo1313_2371,KEGG_reaction,-
13507,Clo1313_2372,KEGG_reaction,-
13508,Clo1313_2373,KEGG_reaction,-
13509,Clo1313_2374,KEGG_reaction,-
13510,Clo1313_2375,KEGG_reaction,-
13511,Clo1313_2376,KEGG_reaction,-
13512,Clo1313_2377,KEGG_reaction,-
13513,Clo1313_2378,KEGG_reaction,-
13514,Clo1313_2379,KEGG_reaction,-
13515,Clo1313_2380,KEGG_reaction,-
13516,Clo1313_2381,KEGG_reaction,-
13517,Clo1313_2382,KEGG_reaction,-
13518,Clo1313_2383,KEGG_reaction,-
13519,Clo1313_2384,KEGG_reaction,-
13520,Clo1313_2385,KEGG_reaction,-
13521,Clo1313_2386,KEGG_reaction,-
13522,Clo1313_2387,KEGG_reaction,-
13523,Clo1313_2388,KEGG_reaction,-
13524,Clo1313_2389,KEGG_reaction,-
13525,Clo1313_2390,KEGG_reaction,-
13526,Clo1313_2391,KEGG_reaction,-
13527,Clo1313_2392,KEGG_reaction,-
13528,Clo1313_2393,KEGG_reaction,-
13529,Clo1313_2394,KEGG_reaction,-
13530,Clo1313_2395,KEGG_reaction,-
13531,Clo1313_2396,KEGG_reaction,-
13532,Clo1313_2397,KEGG_reaction,-
13533,Clo1313_2398,KEGG_reaction,-
13534,Clo1313_2399,KEGG_reaction,-
13535,Clo1313_2400,KEGG_reaction,-
13536,Clo1313_2401,KEGG_reaction,-
13537,Clo1313_2402,KEGG_reaction,-
13538,Clo1313_2403,KEGG_reaction,-
13539,Clo1313_2404,KEGG_reaction,-
13540,Clo1313_2405,KEGG_reaction,-
13541,Clo1313_2406,KEGG_reaction,-
13542,Clo1313_2407,KEGG_reaction,-
13543,Clo1313_2408,KEGG_reaction,-
13544,Clo1313_2409,KEGG_reaction,-
13545,Clo1313_2410,KEGG_reaction,-
13546,Clo1313_2411,KEGG_reaction,-
13547,Clo1313_2412,KEGG_reaction,-
13548,Clo1313_2414,KEGG_reaction,-
13549,Clo1313_2415,KEGG_reaction,-
13550,Clo1313_2416,KEGG_reaction,-
13551,Clo1313_2417,KEGG_reaction,-
13552,Clo1313_2418,KEGG_reaction,-
13553,Clo1313_2421,KEGG_reaction,-
13554,Clo1313_2422,KEGG_reaction,-
13555,Clo1313_2425,KEGG_reaction,-
13556,Clo1313_2426,KEGG_reaction,-
13557,Clo1313_2427,KEGG_reaction,-
13558,Clo1313_2428,KEGG_reaction,-
13559,Clo1313_2429,KEGG_reaction,-
13560,Clo1313_2430,KEGG_reaction,-
13561,Clo1313_2431,KEGG_reaction,-
13562,Clo1313_2432,KEGG_reaction,-
13563,Clo1313_2433,KEGG_reaction,-
13564,Clo1313_2434,KEGG_reaction,-
13565,Clo1313_2435,KEGG_reaction,-
13566,Clo1313_2436,KEGG_reaction,-
13567,Clo1313_2437,KEGG_reaction,-
13568,Clo1313_2438,KEGG_reaction,-
13569,Clo1313_2439,KEGG_reaction,R00239
13570,Clo1313_2440,KEGG_reaction,-
13571,Clo1313_2441,KEGG_reaction,-
13572,Clo1313_2442,KEGG_reaction,-
13573,Clo1313_2443,KEGG_reaction,-
13574,Clo1313_2444,KEGG_reaction,-
13575,Clo1313_2445,KEGG_reaction,-
13576,Clo1313_2446,KEGG_reaction,-
13577,Clo1313_2447,KEGG_reaction,-
13578,Clo1313_2448,KEGG_reaction,-
13579,Clo1313_2449,KEGG_reaction,-
13580,Clo1313_2450,KEGG_reaction,-
13581,Clo1313_2451,KEGG_reaction,-
13582,Clo1313_2452,KEGG_reaction,-
13583,Clo1313_2453,KEGG_reaction,-
13584,Clo1313_2455,KEGG_reaction,-
13585,Clo1313_2456,KEGG_reaction,-
13586,Clo1313_2457,KEGG_reaction,-
13587,Clo1313_2458,KEGG_reaction,-
13588,Clo1313_2459,KEGG_reaction,-
13589,Clo1313_2460,KEGG_reaction,-
13590,Clo1313_2461,KEGG_reaction,-
13591,Clo1313_2462,KEGG_reaction,-
13592,Clo1313_2463,KEGG_reaction,R11090
13593,Clo1313_2464,KEGG_reaction,-
13594,Clo1313_2465,KEGG_reaction,-
13595,Clo1313_2467,KEGG_reaction,-
13596,Clo1313_2468,KEGG_reaction,R01826
13597,Clo1313_2469,KEGG_reaction,R01728
13598,Clo1313_2470,KEGG_reaction,R03460
13599,Clo1313_2471,KEGG_reaction,-
13600,Clo1313_2472,KEGG_reaction,-
13601,Clo1313_2473,KEGG_reaction,-
13602,Clo1313_2474,KEGG_reaction,-
13603,Clo1313_2475,KEGG_reaction,-
13604,Clo1313_2476,KEGG_reaction,-
13605,Clo1313_2477,KEGG_reaction,R04112
13606,Clo1313_2478,KEGG_reaction,-
13607,Clo1313_2479,KEGG_reaction,-
13608,Clo1313_2481,KEGG_reaction,-
13609,Clo1313_2482,KEGG_reaction,-
13610,Clo1313_2483,KEGG_reaction,-
13611,Clo1313_2484,KEGG_reaction,-
13612,Clo1313_2485,KEGG_reaction,-
13613,Clo1313_2486,KEGG_reaction,-
13614,Clo1313_2487,KEGG_reaction,-
13615,Clo1313_2488,KEGG_reaction,-
13616,Clo1313_2490,KEGG_reaction,R00131
13617,Clo1313_2491,KEGG_reaction,R00131
13618,Clo1313_2492,KEGG_reaction,R00131
13619,Clo1313_2493,KEGG_reaction,-
13620,Clo1313_2494,KEGG_reaction,-
13621,Clo1313_2495,KEGG_reaction,-
13622,Clo1313_2496,KEGG_reaction,-
13623,Clo1313_2497,KEGG_reaction,-
13624,Clo1313_2498,KEGG_reaction,-
13625,Clo1313_2499,KEGG_reaction,-
13626,Clo1313_2500,KEGG_reaction,-
13627,Clo1313_2502,KEGG_reaction,-
13628,Clo1313_2506,KEGG_reaction,-
13629,Clo1313_2507,KEGG_reaction,-
13630,Clo1313_2508,KEGG_reaction,-
13631,Clo1313_2509,KEGG_reaction,-
13632,Clo1313_2510,KEGG_reaction,-
13633,Clo1313_2515,KEGG_reaction,-
13634,Clo1313_2516,KEGG_reaction,-
13635,Clo1313_2518,KEGG_reaction,-
13636,Clo1313_2519,KEGG_reaction,-
13637,Clo1313_2521,KEGG_reaction,-
13638,Clo1313_2522,KEGG_reaction,-
13639,Clo1313_2523,KEGG_reaction,-
13640,Clo1313_2524,KEGG_reaction,-
13641,Clo1313_2525,KEGG_reaction,R04112
13642,Clo1313_2526,KEGG_reaction,-
13643,Clo1313_2528,KEGG_reaction,-
13644,Clo1313_2529,KEGG_reaction,-
13645,Clo1313_2530,KEGG_reaction,-
13646,Clo1313_2531,KEGG_reaction,R01078
13647,Clo1313_2532,KEGG_reaction,R00897
13648,Clo1313_2532,KEGG_reaction,R03601
13649,Clo1313_2532,KEGG_reaction,R04859
13650,Clo1313_2533,KEGG_reaction,-
13651,Clo1313_2534,KEGG_reaction,R01287
13652,Clo1313_2534,KEGG_reaction,R04859
13653,Clo1313_2535,KEGG_reaction,-
13654,Clo1313_2536,KEGG_reaction,-
13655,Clo1313_2537,KEGG_reaction,R01777
13656,Clo1313_2538,KEGG_reaction,-
13657,Clo1313_2539,KEGG_reaction,-
13658,Clo1313_2540,KEGG_reaction,R00086
13659,Clo1313_2541,KEGG_reaction,-
13660,Clo1313_2542,KEGG_reaction,-
13661,Clo1313_2543,KEGG_reaction,-
13662,Clo1313_2544,KEGG_reaction,-
13663,Clo1313_2545,KEGG_reaction,-
13664,Clo1313_2546,KEGG_reaction,-
13665,Clo1313_2547,KEGG_reaction,-
13666,Clo1313_2548,KEGG_reaction,-
13667,Clo1313_2549,KEGG_reaction,-
13668,Clo1313_2550,KEGG_reaction,-
13669,Clo1313_2551,KEGG_reaction,-
13670,Clo1313_2552,KEGG_reaction,-
13671,Clo1313_2553,KEGG_reaction,-
13672,Clo1313_2554,KEGG_reaction,-
13673,Clo1313_2555,KEGG_reaction,R03443
13674,Clo1313_2556,KEGG_reaction,R02649
13675,Clo1313_2557,KEGG_reaction,-
13676,Clo1313_2558,KEGG_reaction,R02283
13677,Clo1313_2558,KEGG_reaction,R04475
13678,Clo1313_2559,KEGG_reaction,R00256
13679,Clo1313_2559,KEGG_reaction,R00575
13680,Clo1313_2559,KEGG_reaction,R01395
13681,Clo1313_2559,KEGG_reaction,R10948
13682,Clo1313_2559,KEGG_reaction,R10949
13683,Clo1313_2560,KEGG_reaction,R00256
13684,Clo1313_2560,KEGG_reaction,R00575
13685,Clo1313_2560,KEGG_reaction,R01395
13686,Clo1313_2560,KEGG_reaction,R10948
13687,Clo1313_2560,KEGG_reaction,R10949
13688,Clo1313_2561,KEGG_reaction,R01398
13689,Clo1313_2561,KEGG_reaction,R07245
13690,Clo1313_2562,KEGG_reaction,-
13691,Clo1313_2563,KEGG_reaction,-
13692,Clo1313_2564,KEGG_reaction,-
13693,Clo1313_2565,KEGG_reaction,-
13694,Clo1313_2567,KEGG_reaction,-
13695,Clo1313_2568,KEGG_reaction,-
13696,Clo1313_2569,KEGG_reaction,-
13697,Clo1313_2570,KEGG_reaction,-
13698,Clo1313_2572,KEGG_reaction,-
13699,Clo1313_2574,KEGG_reaction,-
13700,Clo1313_2575,KEGG_reaction,R01466
13701,Clo1313_2575,KEGG_reaction,R05086
13702,Clo1313_2576,KEGG_reaction,-
13703,Clo1313_2577,KEGG_reaction,-
13704,Clo1313_2578,KEGG_reaction,-
13705,Clo1313_2579,KEGG_reaction,-
13706,Clo1313_2580,KEGG_reaction,-
13707,Clo1313_2581,KEGG_reaction,-
13708,Clo1313_2582,KEGG_reaction,-
13709,Clo1313_2583,KEGG_reaction,-
13710,Clo1313_2584,KEGG_reaction,-
13711,Clo1313_2585,KEGG_reaction,-
13712,Clo1313_2586,KEGG_reaction,-
13713,Clo1313_2587,KEGG_reaction,-
13714,Clo1313_2588,KEGG_reaction,-
13715,Clo1313_2589,KEGG_reaction,-
13716,Clo1313_2590,KEGG_reaction,-
13717,Clo1313_2591,KEGG_reaction,-
13718,Clo1313_2592,KEGG_reaction,R00566
13719,Clo1313_2593,KEGG_reaction,-
13720,Clo1313_2594,KEGG_reaction,-
13721,Clo1313_2595,KEGG_reaction,-
13722,Clo1313_2596,KEGG_reaction,-
13723,Clo1313_2597,KEGG_reaction,R00571
13724,Clo1313_2597,KEGG_reaction,R00573
13725,Clo1313_2599,KEGG_reaction,-
13726,Clo1313_2600,KEGG_reaction,-
13727,Clo1313_2601,KEGG_reaction,-
13728,Clo1313_2602,KEGG_reaction,-
13729,Clo1313_2603,KEGG_reaction,-
13730,Clo1313_2604,KEGG_reaction,-
13731,Clo1313_2605,KEGG_reaction,-
13732,Clo1313_2606,KEGG_reaction,R03646
13733,Clo1313_2607,KEGG_reaction,-
13734,Clo1313_2608,KEGG_reaction,R00260
13735,Clo1313_2609,KEGG_reaction,R01150
13736,Clo1313_2610,KEGG_reaction,-
13737,Clo1313_2612,KEGG_reaction,-
13738,Clo1313_2613,KEGG_reaction,-
13739,Clo1313_2614,KEGG_reaction,-
13740,Clo1313_2615,KEGG_reaction,R01066
13741,Clo1313_2616,KEGG_reaction,-
13742,Clo1313_2617,KEGG_reaction,R02016
13743,Clo1313_2617,KEGG_reaction,R03596
13744,Clo1313_2617,KEGG_reaction,R09372
13745,Clo1313_2618,KEGG_reaction,R02016
13746,Clo1313_2618,KEGG_reaction,R03596
13747,Clo1313_2618,KEGG_reaction,R09372
13748,Clo1313_2619,KEGG_reaction,-
13749,Clo1313_2620,KEGG_reaction,-
13750,Clo1313_2621,KEGG_reaction,-
13751,Clo1313_2622,KEGG_reaction,-
13752,Clo1313_2623,KEGG_reaction,-
13753,Clo1313_2624,KEGG_reaction,R04112
13754,Clo1313_2625,KEGG_reaction,-
13755,Clo1313_2626,KEGG_reaction,-
13756,Clo1313_2627,KEGG_reaction,R02071
13757,Clo1313_2627,KEGG_reaction,R03236
13758,Clo1313_2628,KEGG_reaction,-
13759,Clo1313_2629,KEGG_reaction,-
13760,Clo1313_2630,KEGG_reaction,-
13761,Clo1313_2631,KEGG_reaction,-
13762,Clo1313_2632,KEGG_reaction,-
13763,Clo1313_2633,KEGG_reaction,R00885
13764,Clo1313_2633,KEGG_reaction,R01818
13765,Clo1313_2634,KEGG_reaction,-
13766,Clo1313_2635,KEGG_reaction,-
13767,Clo1313_2637,KEGG_reaction,-
13768,Clo1313_2638,KEGG_reaction,-
13769,Clo1313_2640,KEGG_reaction,-
13770,Clo1313_2641,KEGG_reaction,-
13771,Clo1313_2642,KEGG_reaction,-
13772,Clo1313_2643,KEGG_reaction,-
13773,Clo1313_2644,KEGG_reaction,-
13774,Clo1313_2645,KEGG_reaction,-
13775,Clo1313_2646,KEGG_reaction,-
13776,Clo1313_2647,KEGG_reaction,-
13777,Clo1313_2648,KEGG_reaction,-
13778,Clo1313_2649,KEGG_reaction,-
13779,Clo1313_2650,KEGG_reaction,-
13780,Clo1313_2651,KEGG_reaction,-
13781,Clo1313_2653,KEGG_reaction,-
13782,Clo1313_2657,KEGG_reaction,-
13783,Clo1313_2659,KEGG_reaction,-
13784,Clo1313_2660,KEGG_reaction,-
13785,Clo1313_2663,KEGG_reaction,-
13786,Clo1313_2664,KEGG_reaction,-
13787,Clo1313_2665,KEGG_reaction,-
13788,Clo1313_2666,KEGG_reaction,-
13789,Clo1313_2667,KEGG_reaction,-
13790,Clo1313_2670,KEGG_reaction,-
13791,Clo1313_2671,KEGG_reaction,-
13792,Clo1313_2672,KEGG_reaction,-
13793,Clo1313_2675,KEGG_reaction,-
13794,Clo1313_2677,KEGG_reaction,-
13795,Clo1313_2678,KEGG_reaction,-
13796,Clo1313_2680,KEGG_reaction,-
13797,Clo1313_2683,KEGG_reaction,-
13798,Clo1313_2684,KEGG_reaction,-
13799,Clo1313_2686,KEGG_reaction,-
13800,Clo1313_2687,KEGG_reaction,-
13801,Clo1313_2688,KEGG_reaction,-
13802,Clo1313_2689,KEGG_reaction,-
13803,Clo1313_2691,KEGG_reaction,-
13804,Clo1313_2693,KEGG_reaction,-
13805,Clo1313_2694,KEGG_reaction,-
13806,Clo1313_2695,KEGG_reaction,-
13807,Clo1313_2696,KEGG_reaction,-
13808,Clo1313_2698,KEGG_reaction,-
13809,Clo1313_2700,KEGG_reaction,-
13810,Clo1313_2702,KEGG_reaction,-
13811,Clo1313_2704,KEGG_reaction,-
13812,Clo1313_2705,KEGG_reaction,-
13813,Clo1313_2706,KEGG_reaction,-
13814,Clo1313_2707,KEGG_reaction,-
13815,Clo1313_2708,KEGG_reaction,-
13816,Clo1313_2709,KEGG_reaction,-
13817,Clo1313_2710,KEGG_reaction,-
13818,Clo1313_2711,KEGG_reaction,-
13819,Clo1313_2712,KEGG_reaction,-
13820,Clo1313_2713,KEGG_reaction,-
13821,Clo1313_2714,KEGG_reaction,-
13822,Clo1313_2715,KEGG_reaction,-
13823,Clo1313_2716,KEGG_reaction,-
13824,Clo1313_2718,KEGG_reaction,-
13825,Clo1313_2719,KEGG_reaction,-
13826,Clo1313_2720,KEGG_reaction,-
13827,Clo1313_2721,KEGG_reaction,-
13828,Clo1313_2722,KEGG_reaction,-
13829,Clo1313_2723,KEGG_reaction,R03650
13830,Clo1313_2724,KEGG_reaction,R00586
13831,Clo1313_2725,KEGG_reaction,-
13832,Clo1313_2726,KEGG_reaction,-
13833,Clo1313_2727,KEGG_reaction,-
13834,Clo1313_2728,KEGG_reaction,-
13835,Clo1313_2729,KEGG_reaction,-
13836,Clo1313_2730,KEGG_reaction,-
13837,Clo1313_2731,KEGG_reaction,-
13838,Clo1313_2732,KEGG_reaction,-
13839,Clo1313_2733,KEGG_reaction,-
13840,Clo1313_2734,KEGG_reaction,-
13841,Clo1313_2735,KEGG_reaction,-
13842,Clo1313_2736,KEGG_reaction,-
13843,Clo1313_2737,KEGG_reaction,-
13844,Clo1313_2738,KEGG_reaction,-
13845,Clo1313_2739,KEGG_reaction,-
13846,Clo1313_2740,KEGG_reaction,-
13847,Clo1313_2741,KEGG_reaction,-
13848,Clo1313_2742,KEGG_reaction,-
13849,Clo1313_2743,KEGG_reaction,R02100
13850,Clo1313_2743,KEGG_reaction,R11896
13851,Clo1313_2744,KEGG_reaction,-
13852,Clo1313_2745,KEGG_reaction,-
13853,Clo1313_2746,KEGG_reaction,-
13854,Clo1313_2747,KEGG_reaction,R06200
13855,Clo1313_2747,KEGG_reaction,R11307
13856,Clo1313_2747,KEGG_reaction,R11308
13857,Clo1313_2748,KEGG_reaction,-
13858,Clo1313_2749,KEGG_reaction,-
13859,Clo1313_2750,KEGG_reaction,R10716
13860,Clo1313_2751,KEGG_reaction,-
13861,Clo1313_2753,KEGG_reaction,-
13862,Clo1313_2754,KEGG_reaction,R03659
13863,Clo1313_2754,KEGG_reaction,R04773
13864,Clo1313_2755,KEGG_reaction,R10009
13865,Clo1313_2756,KEGG_reaction,-
13866,Clo1313_2757,KEGG_reaction,-
13867,Clo1313_2758,KEGG_reaction,-
13868,Clo1313_2759,KEGG_reaction,-
13869,Clo1313_2760,KEGG_reaction,-
13870,Clo1313_2761,KEGG_reaction,-
13871,Clo1313_2762,KEGG_reaction,-
13872,Clo1313_2763,KEGG_reaction,R00375
13873,Clo1313_2763,KEGG_reaction,R00376
13874,Clo1313_2763,KEGG_reaction,R00377
13875,Clo1313_2763,KEGG_reaction,R00378
13876,Clo1313_2764,KEGG_reaction,-
13877,Clo1313_2765,KEGG_reaction,R02094
13878,Clo1313_2765,KEGG_reaction,R02098
13879,Clo1313_2766,KEGG_reaction,R00462
13880,Clo1313_2766,KEGG_reaction,R00566
13881,Clo1313_2767,KEGG_reaction,-
13882,Clo1313_2768,KEGG_reaction,-
13883,Clo1313_2769,KEGG_reaction,-
13884,Clo1313_2770,KEGG_reaction,-
13885,Clo1313_2771,KEGG_reaction,-
13886,Clo1313_2772,KEGG_reaction,-
13887,Clo1313_2773,KEGG_reaction,-
13888,Clo1313_2774,KEGG_reaction,-
13889,Clo1313_2775,KEGG_reaction,-
13890,Clo1313_2776,KEGG_reaction,-
13891,Clo1313_2777,KEGG_reaction,-
13892,Clo1313_2778,KEGG_reaction,-
13893,Clo1313_2779,KEGG_reaction,-
13894,Clo1313_2781,KEGG_reaction,-
13895,Clo1313_2782,KEGG_reaction,-
13896,Clo1313_2783,KEGG_reaction,-
13897,Clo1313_2784,KEGG_reaction,-
13898,Clo1313_2785,KEGG_reaction,-
13899,Clo1313_2786,KEGG_reaction,-
13900,Clo1313_2788,KEGG_reaction,-
13901,Clo1313_2789,KEGG_reaction,-
13902,Clo1313_2790,KEGG_reaction,-
13903,Clo1313_2791,KEGG_reaction,-
13904,Clo1313_2793,KEGG_reaction,R00661
13905,Clo1313_2793,KEGG_reaction,R01101
13906,Clo1313_2793,KEGG_reaction,R01103
13907,Clo1313_2793,KEGG_reaction,R01104
13908,Clo1313_2793,KEGG_reaction,R01194
13909,Clo1313_2793,KEGG_reaction,R01329
13910,Clo1313_2793,KEGG_reaction,R02926
13911,Clo1313_2793,KEGG_reaction,R03634
13912,Clo1313_2793,KEGG_reaction,R04019
13913,Clo1313_2793,KEGG_reaction,R04470
13914,Clo1313_2793,KEGG_reaction,R05549
13915,Clo1313_2793,KEGG_reaction,R05961
13916,Clo1313_2793,KEGG_reaction,R06091
13917,Clo1313_2794,KEGG_reaction,-
13918,Clo1313_2795,KEGG_reaction,-
13919,Clo1313_2796,KEGG_reaction,-
13920,Clo1313_2797,KEGG_reaction,-
13921,Clo1313_2798,KEGG_reaction,R01856
13922,Clo1313_2800,KEGG_reaction,-
13923,Clo1313_2801,KEGG_reaction,-
13924,Clo1313_2802,KEGG_reaction,R00375
13925,Clo1313_2802,KEGG_reaction,R00376
13926,Clo1313_2802,KEGG_reaction,R00377
13927,Clo1313_2802,KEGG_reaction,R00378
13928,Clo1313_2804,KEGG_reaction,R01332
13929,Clo1313_2805,KEGG_reaction,R06200
13930,Clo1313_2805,KEGG_reaction,R11307
13931,Clo1313_2805,KEGG_reaction,R11308
13932,Clo1313_2806,KEGG_reaction,-
13933,Clo1313_2807,KEGG_reaction,-
13934,Clo1313_2808,KEGG_reaction,R04072
13935,Clo1313_2808,KEGG_reaction,R07620
13936,Clo1313_2808,KEGG_reaction,R11399
13937,Clo1313_2809,KEGG_reaction,-
13938,Clo1313_2810,KEGG_reaction,-
13939,Clo1313_2811,KEGG_reaction,-
13940,Clo1313_2812,KEGG_reaction,-
13941,Clo1313_2813,KEGG_reaction,-
13942,Clo1313_2815,KEGG_reaction,-
13943,Clo1313_2816,KEGG_reaction,-
13944,Clo1313_2817,KEGG_reaction,-
13945,Clo1313_2818,KEGG_reaction,-
13946,Clo1313_2819,KEGG_reaction,-
13947,Clo1313_2820,KEGG_reaction,-
13948,Clo1313_2821,KEGG_reaction,-
13949,Clo1313_2822,KEGG_reaction,-
13950,Clo1313_2823,KEGG_reaction,-
13951,Clo1313_2824,KEGG_reaction,-
13952,Clo1313_2825,KEGG_reaction,-
13953,Clo1313_2826,KEGG_reaction,-
13954,Clo1313_2827,KEGG_reaction,-
13955,Clo1313_2828,KEGG_reaction,-
13956,Clo1313_2829,KEGG_reaction,-
13957,Clo1313_2830,KEGG_reaction,-
13958,Clo1313_2831,KEGG_reaction,-
13959,Clo1313_2832,KEGG_reaction,-
13960,Clo1313_2834,KEGG_reaction,-
13961,Clo1313_2835,KEGG_reaction,-
13962,Clo1313_2837,KEGG_reaction,-
13963,Clo1313_2840,KEGG_reaction,-
13964,Clo1313_2842,KEGG_reaction,R02361
13965,Clo1313_2842,KEGG_reaction,R06240
13966,Clo1313_2843,KEGG_reaction,R02361
13967,Clo1313_2843,KEGG_reaction,R06240
13968,Clo1313_2844,KEGG_reaction,-
13969,Clo1313_2845,KEGG_reaction,-
13970,Clo1313_2846,KEGG_reaction,-
13971,Clo1313_2847,KEGG_reaction,R00289
13972,Clo1313_2848,KEGG_reaction,-
13973,Clo1313_2849,KEGG_reaction,-
13974,Clo1313_2850,KEGG_reaction,-
13975,Clo1313_2851,KEGG_reaction,-
13976,Clo1313_2852,KEGG_reaction,-
13977,Clo1313_2853,KEGG_reaction,R02059
13978,Clo1313_2854,KEGG_reaction,R02110
13979,Clo1313_2856,KEGG_reaction,-
13980,Clo1313_2857,KEGG_reaction,-
13981,Clo1313_2858,KEGG_reaction,-
13982,Clo1313_2859,KEGG_reaction,-
13983,Clo1313_2860,KEGG_reaction,R01762
13984,Clo1313_2861,KEGG_reaction,R01105
13985,Clo1313_2861,KEGG_reaction,R01678
13986,Clo1313_2861,KEGG_reaction,R03355
13987,Clo1313_2861,KEGG_reaction,R04783
13988,Clo1313_2861,KEGG_reaction,R06114
13989,Clo1313_2862,KEGG_reaction,-
13990,Clo1313_2863,KEGG_reaction,-
13991,Clo1313_2864,KEGG_reaction,-
13992,Clo1313_2865,KEGG_reaction,-
13993,Clo1313_2866,KEGG_reaction,-
13994,Clo1313_2867,KEGG_reaction,-
13995,Clo1313_2868,KEGG_reaction,-
13996,Clo1313_2873,KEGG_reaction,-
13997,Clo1313_2875,KEGG_reaction,-
13998,Clo1313_2876,KEGG_reaction,R00428
13999,Clo1313_2876,KEGG_reaction,R04639
14000,Clo1313_2876,KEGG_reaction,R05046
14001,Clo1313_2876,KEGG_reaction,R05048
14002,Clo1313_2877,KEGG_reaction,-
14003,Clo1313_2878,KEGG_reaction,R09722
14004,Clo1313_2879,KEGG_reaction,-
14005,Clo1313_2880,KEGG_reaction,-
14006,Clo1313_2881,KEGG_reaction,-
14007,Clo1313_2882,KEGG_reaction,R00994
14008,Clo1313_2882,KEGG_reaction,R04426
14009,Clo1313_2882,KEGG_reaction,R10052
14010,Clo1313_2883,KEGG_reaction,R03896
14011,Clo1313_2883,KEGG_reaction,R03898
14012,Clo1313_2883,KEGG_reaction,R03968
14013,Clo1313_2883,KEGG_reaction,R04001
14014,Clo1313_2883,KEGG_reaction,R10170
14015,Clo1313_2884,KEGG_reaction,R03069
14016,Clo1313_2884,KEGG_reaction,R03896
14017,Clo1313_2884,KEGG_reaction,R03898
14018,Clo1313_2884,KEGG_reaction,R03968
14019,Clo1313_2884,KEGG_reaction,R04001
14020,Clo1313_2884,KEGG_reaction,R08620
14021,Clo1313_2884,KEGG_reaction,R08624
14022,Clo1313_2884,KEGG_reaction,R08628
14023,Clo1313_2884,KEGG_reaction,R08634
14024,Clo1313_2884,KEGG_reaction,R08641
14025,Clo1313_2884,KEGG_reaction,R08645
14026,Clo1313_2884,KEGG_reaction,R10170
14027,Clo1313_2885,KEGG_reaction,-
14028,Clo1313_2886,KEGG_reaction,-
14029,Clo1313_2887,KEGG_reaction,-
14030,Clo1313_2888,KEGG_reaction,-
14031,Clo1313_2889,KEGG_reaction,-
14032,Clo1313_2890,KEGG_reaction,-
14033,Clo1313_2891,KEGG_reaction,-
14034,Clo1313_2892,KEGG_reaction,-
14035,Clo1313_2893,KEGG_reaction,R00291
14036,Clo1313_2893,KEGG_reaction,R02984
14037,Clo1313_2893,KEGG_reaction,R06513
14038,Clo1313_2894,KEGG_reaction,-
14039,Clo1313_2895,KEGG_reaction,R09834
14040,Clo1313_2896,KEGG_reaction,-
14041,Clo1313_2897,KEGG_reaction,R03940
14042,Clo1313_2898,KEGG_reaction,R02765
14043,Clo1313_2898,KEGG_reaction,R09979
14044,Clo1313_2899,KEGG_reaction,-
14045,Clo1313_2900,KEGG_reaction,-
14046,Clo1313_2901,KEGG_reaction,R09842
14047,Clo1313_2902,KEGG_reaction,R01804
14048,Clo1313_2902,KEGG_reaction,R04435
14049,Clo1313_2902,KEGG_reaction,R09841
14050,Clo1313_2903,KEGG_reaction,-
14051,Clo1313_2904,KEGG_reaction,-
14052,Clo1313_2905,KEGG_reaction,R00291
14053,Clo1313_2905,KEGG_reaction,R09697
14054,Clo1313_2906,KEGG_reaction,-
14055,Clo1313_2907,KEGG_reaction,-
14056,Clo1313_2908,KEGG_reaction,-
14057,Clo1313_2909,KEGG_reaction,-
14058,Clo1313_2910,KEGG_reaction,-
14059,Clo1313_2911,KEGG_reaction,R00264
14060,Clo1313_2911,KEGG_reaction,R00631
14061,Clo1313_2911,KEGG_reaction,R00710
14062,Clo1313_2911,KEGG_reaction,R00904
14063,Clo1313_2911,KEGG_reaction,R01752
14064,Clo1313_2911,KEGG_reaction,R01986
14065,Clo1313_2911,KEGG_reaction,R02549
14066,Clo1313_2911,KEGG_reaction,R02678
14067,Clo1313_2911,KEGG_reaction,R02940
14068,Clo1313_2911,KEGG_reaction,R02957
14069,Clo1313_2911,KEGG_reaction,R03283
14070,Clo1313_2911,KEGG_reaction,R03869
14071,Clo1313_2911,KEGG_reaction,R04065
14072,Clo1313_2911,KEGG_reaction,R04506
14073,Clo1313_2911,KEGG_reaction,R04903
14074,Clo1313_2911,KEGG_reaction,R05050
14075,Clo1313_2911,KEGG_reaction,R05237
14076,Clo1313_2911,KEGG_reaction,R05238
14077,Clo1313_2911,KEGG_reaction,R05286
14078,Clo1313_2911,KEGG_reaction,R06366
14079,Clo1313_2911,KEGG_reaction,R08146
14080,Clo1313_2912,KEGG_reaction,-
14081,Clo1313_2913,KEGG_reaction,-
14082,Clo1313_2914,KEGG_reaction,-
14083,Clo1313_2915,KEGG_reaction,-
14084,Clo1313_2916,KEGG_reaction,-
14085,Clo1313_2917,KEGG_reaction,-
14086,Clo1313_2918,KEGG_reaction,-
14087,Clo1313_2919,KEGG_reaction,-
14088,Clo1313_2920,KEGG_reaction,-
14089,Clo1313_2921,KEGG_reaction,-
14090,Clo1313_2922,KEGG_reaction,-
14091,Clo1313_2923,KEGG_reaction,-
14092,Clo1313_2924,KEGG_reaction,R00177
14093,Clo1313_2924,KEGG_reaction,R04771
14094,Clo1313_2925,KEGG_reaction,-
14095,Clo1313_2926,KEGG_reaction,-
14096,Clo1313_2927,KEGG_reaction,R00190
14097,Clo1313_2927,KEGG_reaction,R01132
14098,Clo1313_2927,KEGG_reaction,R01229
14099,Clo1313_2927,KEGG_reaction,R02142
14100,Clo1313_2927,KEGG_reaction,R08237
14101,Clo1313_2927,KEGG_reaction,R08238
14102,Clo1313_2927,KEGG_reaction,R08245
14103,Clo1313_2928,KEGG_reaction,R09597
14104,Clo1313_2929,KEGG_reaction,-
14105,Clo1313_2930,KEGG_reaction,-
14106,Clo1313_2931,KEGG_reaction,-
14107,Clo1313_2932,KEGG_reaction,-
14108,Clo1313_2933,KEGG_reaction,R00691
14109,Clo1313_2933,KEGG_reaction,R01373
14110,Clo1313_2933,KEGG_reaction,R01715
14111,Clo1313_2934,KEGG_reaction,-
14112,Clo1313_2935,KEGG_reaction,-
14113,Clo1313_2936,KEGG_reaction,-
14114,Clo1313_2937,KEGG_reaction,-
14115,Clo1313_2938,KEGG_reaction,-
14116,Clo1313_2939,KEGG_reaction,-
14117,Clo1313_2940,KEGG_reaction,-
14118,Clo1313_2941,KEGG_reaction,-
14119,Clo1313_2942,KEGG_reaction,-
14120,Clo1313_2943,KEGG_reaction,-
14121,Clo1313_2944,KEGG_reaction,-
14122,Clo1313_2945,KEGG_reaction,-
14123,Clo1313_2946,KEGG_reaction,-
14124,Clo1313_2947,KEGG_reaction,-
14125,Clo1313_2949,KEGG_reaction,-
14126,Clo1313_2950,KEGG_reaction,-
14127,Clo1313_2951,KEGG_reaction,-
14128,Clo1313_2952,KEGG_reaction,-
14129,Clo1313_2953,KEGG_reaction,-
14130,Clo1313_2954,KEGG_reaction,-
14131,Clo1313_2955,KEGG_reaction,-
14132,Clo1313_2956,KEGG_reaction,-
14133,Clo1313_2957,KEGG_reaction,-
14134,Clo1313_2958,KEGG_reaction,-
14135,Clo1313_2959,KEGG_reaction,-
14136,Clo1313_2961,KEGG_reaction,-
14137,Clo1313_2962,KEGG_reaction,-
14138,Clo1313_2963,KEGG_reaction,-
14139,Clo1313_2965,KEGG_reaction,-
14140,Clo1313_2967,KEGG_reaction,-
14141,Clo1313_2969,KEGG_reaction,-
14142,Clo1313_2970,KEGG_reaction,-
14143,Clo1313_2971,KEGG_reaction,-
14144,Clo1313_2972,KEGG_reaction,-
14145,Clo1313_2973,KEGG_reaction,-
14146,Clo1313_2974,KEGG_reaction,-
14147,Clo1313_2975,KEGG_reaction,-
14148,Clo1313_2976,KEGG_reaction,-
14149,Clo1313_2977,KEGG_reaction,-
14150,Clo1313_2978,KEGG_reaction,R05627
14151,Clo1313_2979,KEGG_reaction,-
14152,Clo1313_2980,KEGG_reaction,-
14153,Clo1313_2981,KEGG_reaction,-
14154,Clo1313_2982,KEGG_reaction,R00269
14155,Clo1313_2982,KEGG_reaction,R00348
14156,Clo1313_2983,KEGG_reaction,-
14157,Clo1313_2984,KEGG_reaction,-
14158,Clo1313_2985,KEGG_reaction,-
14159,Clo1313_2986,KEGG_reaction,-
14160,Clo1313_2987,KEGG_reaction,-
14161,Clo1313_2988,KEGG_reaction,-
14162,Clo1313_2989,KEGG_reaction,R00660
14163,Clo1313_2990,KEGG_reaction,-
14164,Clo1313_2991,KEGG_reaction,-
14165,Clo1313_2992,KEGG_reaction,-
14166,Clo1313_2993,KEGG_reaction,-
14167,Clo1313_2994,KEGG_reaction,-
14168,Clo1313_2996,KEGG_reaction,-
14169,Clo1313_2997,KEGG_reaction,-
14170,Clo1313_2998,KEGG_reaction,-
14171,Clo1313_2999,KEGG_reaction,-
14172,Clo1313_3000,KEGG_reaction,-
14173,Clo1313_3001,KEGG_reaction,-
14174,Clo1313_3002,KEGG_reaction,-
14175,Clo1313_3003,KEGG_reaction,R06894
14176,Clo1313_3004,KEGG_reaction,-
14177,Clo1313_3005,KEGG_reaction,-
14178,Clo1313_3006,KEGG_reaction,-
14179,Clo1313_3007,KEGG_reaction,-
14180,Clo1313_3008,KEGG_reaction,R10460
14181,Clo1313_3009,KEGG_reaction,-
14182,Clo1313_3010,KEGG_reaction,-
14183,Clo1313_3011,KEGG_reaction,-
14184,Clo1313_3012,KEGG_reaction,-
14185,Clo1313_3013,KEGG_reaction,R04112
14186,Clo1313_3014,KEGG_reaction,-
14187,Clo1313_3015,KEGG_reaction,-
14188,Clo1313_3016,KEGG_reaction,-
14189,Clo1313_3017,KEGG_reaction,R03348
14190,Clo1313_3018,KEGG_reaction,R00357
14191,Clo1313_3018,KEGG_reaction,R00481
14192,Clo1313_3019,KEGG_reaction,R04292
14193,Clo1313_3020,KEGG_reaction,-
14194,Clo1313_3021,KEGG_reaction,-
14195,Clo1313_3022,KEGG_reaction,R01569
14196,Clo1313_3022,KEGG_reaction,R01664
14197,Clo1313_3022,KEGG_reaction,R01968
14198,Clo1313_3022,KEGG_reaction,R02088
14199,Clo1313_3022,KEGG_reaction,R02102
14200,Clo1313_3022,KEGG_reaction,R10776
14201,Clo1313_3023,KEGG_reaction,R06200
14202,Clo1313_3023,KEGG_reaction,R11307
14203,Clo1313_3023,KEGG_reaction,R11308
14204,Clo1313_3024,KEGG_reaction,-
14205,Clo1313_3025,KEGG_reaction,-
14206,Clo1313_3026,KEGG_reaction,-
14207,Clo1313_3027,KEGG_reaction,R08701
14208,Clo1313_3028,KEGG_reaction,R08701
14209,Clo1313_3029,KEGG_reaction,-
14210,Clo1313_3030,KEGG_reaction,-
