,gene_id,PFAMs
0,Clo1313_0005,DUF370
1,Clo1313_0006,DNA_gyraseB
2,Clo1313_0006,DNA_gyraseB_C
3,Clo1313_0006,HATPase_c
4,Clo1313_0006,Toprim
5,Clo1313_0007,AAA_31
6,Clo1313_0008,ParBc
7,Clo1313_0009,DUF4446
8,Clo1313_0010,TPR_6
9,Clo1313_0011,Seryl_tRNA_N
10,Clo1313_0011,tRNA-synt_2b
11,Clo1313_0012,MFS_1
12,Clo1313_0013,Cu_amine_oxidN1
13,Clo1313_0014,SLH
14,Clo1313_0015,-
15,Clo1313_0016,G5
16,Clo1313_0016,PG_binding_4
17,Clo1313_0016,VanW
18,Clo1313_0017,LysM
19,Clo1313_0017,PG_binding_1
20,Clo1313_0017,Peptidase_M14
21,Clo1313_0018,DUF2508
22,Clo1313_0019,BofA
23,Clo1313_0020,POR
24,Clo1313_0021,Fer4
25,Clo1313_0022,PFOR_II
26,Clo1313_0022,POR_N
27,Clo1313_0023,TPP_enzyme_C
28,Clo1313_0025,-
29,Clo1313_0026,HTH_3
30,Clo1313_0027,-
31,Clo1313_0028,PMT_2
32,Clo1313_0029,APH
33,Clo1313_0029,Choline_kinase
34,Clo1313_0030,FTHFS
35,Clo1313_0031,Peptidase_U57
36,Clo1313_0032,VEG
37,Clo1313_0033,DUF3794
38,Clo1313_0033,LysM
39,Clo1313_0034,GHMP_kinases_C
40,Clo1313_0034,GHMP_kinases_N
41,Clo1313_0035,FCD
42,Clo1313_0035,GntR
43,Clo1313_0036,HMA
44,Clo1313_0037,CheX
45,Clo1313_0038,AAA
46,Clo1313_0039,PspA_IM30
47,Clo1313_0040,-
48,Clo1313_0041,FapA
49,Clo1313_0042,Metallophos
50,Clo1313_0042,Metallophos_2
51,Clo1313_0043,AAA_23
52,Clo1313_0043,AAA_27
53,Clo1313_0044,NLPC_P60
54,Clo1313_0044,SH3_3
55,Clo1313_0044,SH3_4
56,Clo1313_0046,Hydrolase_2
57,Clo1313_0046,PG_binding_1
58,Clo1313_0047,PepSY
59,Clo1313_0047,YPEB
60,Clo1313_0048,Abi
61,Clo1313_0049,IstB_IS21
62,Clo1313_0050,DnaB_2
63,Clo1313_0051,HD
64,Clo1313_0053,DUF5050
65,Clo1313_0054,CBM_3
66,Clo1313_0054,CBM_4_9
67,Clo1313_0054,VWA
68,Clo1313_0055,Cu_amine_oxidN1
69,Clo1313_0056,MotA_ExbB
70,Clo1313_0057,MotB_plug
71,Clo1313_0057,OmpA
72,Clo1313_0058,DUF1385
73,Clo1313_0058,MTS
74,Clo1313_0059,MTS
75,Clo1313_0059,Methyltransf_31
76,Clo1313_0060,AI-2E_transport
77,Clo1313_0061,Complex1_51K
78,Clo1313_0061,Fer4_10
79,Clo1313_0061,Fer4_7
80,Clo1313_0061,MTHFR_C
81,Clo1313_0061,RnfC_N
82,Clo1313_0061,SLBB
83,Clo1313_0062,NQR2_RnfD_RnfE
84,Clo1313_0063,FMN_bind
85,Clo1313_0064,Rnf-Nqr
86,Clo1313_0065,Rnf-Nqr
87,Clo1313_0066,FeS
88,Clo1313_0066,Fer4
89,Clo1313_0066,Fer4_13
90,Clo1313_0066,Fer4_4
91,Clo1313_0066,Fer4_9
92,Clo1313_0067,-
93,Clo1313_0068,SKI
94,Clo1313_0070,Acetyltransf_1
95,Clo1313_0070,Acetyltransf_10
96,Clo1313_0070,Acetyltransf_7
97,Clo1313_0071,DUF4275
98,Clo1313_0072,DeoRC
99,Clo1313_0072,HTH_DeoR
100,Clo1313_0073,FGGY_C
101,Clo1313_0073,FGGY_N
102,Clo1313_0074,Transketolase_N
103,Clo1313_0075,Transket_pyr
104,Clo1313_0075,Transketolase_C
105,Clo1313_0076,ADH_N
106,Clo1313_0076,ADH_zinc_N
107,Clo1313_0077,Peripla_BP_4
108,Clo1313_0078,ABC_tran
109,Clo1313_0079,BPD_transp_2
110,Clo1313_0080,His_Phos_1
111,Clo1313_0081,Helicase_C
112,Clo1313_0081,SNF2_N
113,Clo1313_0081,SNF2_assoc
114,Clo1313_0081,SWIM
115,Clo1313_0082,Peptidase_M3
116,Clo1313_0082,Peptidase_M3_N
117,Clo1313_0083,MazG-like
118,Clo1313_0084,SLH
119,Clo1313_0084,fn3
120,Clo1313_0085,MafB19-deam
121,Clo1313_0087,Cupin_2
122,Clo1313_0088,3D
123,Clo1313_0089,LacI
124,Clo1313_0089,Peripla_BP_3
125,Clo1313_0090,CBM_3
126,Clo1313_0090,Laminin_G_3
127,Clo1313_0091,Peptidase_U57
128,Clo1313_0092,Topoisom_bac
129,Clo1313_0092,Toprim
130,Clo1313_0092,Toprim_Crpt
131,Clo1313_0093,DUF368
132,Clo1313_0094,MS_channel
133,Clo1313_0095,DUF951
134,Clo1313_0096,PDZ_2
135,Clo1313_0096,Trypsin_2
136,Clo1313_0097,-
137,Clo1313_0098,dCMP_cyt_deam_1
138,Clo1313_0099,TPP_enzyme_C
139,Clo1313_0099,TPP_enzyme_M
140,Clo1313_0099,TPP_enzyme_N
141,Clo1313_0100,ACT
142,Clo1313_0100,ACT_5
143,Clo1313_0100,ALS_ss_C
144,Clo1313_0101,IlvC
145,Clo1313_0101,IlvN
146,Clo1313_0102,HMGL-like
147,Clo1313_0102,LeuA_dimer
148,Clo1313_0103,-
149,Clo1313_0104,Sigma70_r2
150,Clo1313_0105,RsgI_N
151,Clo1313_0106,DUF2721
152,Clo1313_0107,Rrf2
153,Clo1313_0108,GlutR_N
154,Clo1313_0108,GlutR_dimer
155,Clo1313_0108,NAD_binding_7
156,Clo1313_0108,Shikimate_DH
157,Clo1313_0109,CysG_dimeriser
158,Clo1313_0109,NAD_binding_7
159,Clo1313_0109,Sirohm_synth_M
160,Clo1313_0110,Porphobil_deam
161,Clo1313_0110,Porphobil_deamC
162,Clo1313_0111,HEM4
163,Clo1313_0111,Porphobil_deam
164,Clo1313_0111,Porphobil_deamC
165,Clo1313_0111,TP_methylase
166,Clo1313_0112,ALAD
167,Clo1313_0113,Aminotran_3
168,Clo1313_0114,SBP_bac_11
169,Clo1313_0115,BPD_transp_1
170,Clo1313_0116,BPD_transp_1
171,Clo1313_0117,ABC_tran
172,Clo1313_0117,TOBE_3
173,Clo1313_0118,PAPS_reduct
174,Clo1313_0119,PAPS_reduct
175,Clo1313_0120,APS_kinase
176,Clo1313_0120,GTP_EFTU
177,Clo1313_0120,GTP_EFTU_D3
178,Clo1313_0121,ThiS
179,Clo1313_0122,ThiF
180,Clo1313_0123,Prok-JAB
181,Clo1313_0124,Fer4
182,Clo1313_0124,NIR_SIR
183,Clo1313_0124,NIR_SIR_ferr
184,Clo1313_0125,TusA
185,Clo1313_0126,Germane
186,Clo1313_0126,zf-HC2
187,Clo1313_0127,Sigma70_r2
188,Clo1313_0127,Sigma70_r4
189,Clo1313_0127,Sigma70_r4_2
190,Clo1313_0128,HATPase_c_5
191,Clo1313_0129,HATPase_c_5
192,Clo1313_0133,Alpha-L-AF_C
193,Clo1313_0135,Dockerin_1
194,Clo1313_0136,Caps_synth
195,Clo1313_0136,Gb3_synth
196,Clo1313_0136,Gly_transf_sug
197,Clo1313_0137,Fer4_12
198,Clo1313_0137,Radical_SAM
199,Clo1313_0137,SPASM
200,Clo1313_0138,Fer4_14
201,Clo1313_0138,Radical_SAM
202,Clo1313_0138,SPASM
203,Clo1313_0139,Fer4_14
204,Clo1313_0139,Radical_SAM
205,Clo1313_0139,SPASM
206,Clo1313_0140,Glyco_trans_1_4
207,Clo1313_0140,Glycos_transf_1
208,Clo1313_0141,Methyltransf_21
209,Clo1313_0142,Fer4_12
210,Clo1313_0142,Radical_SAM
211,Clo1313_0142,SPASM
212,Clo1313_0143,Glycos_transf_2
213,Clo1313_0144,Epimerase
214,Clo1313_0145,DegT_DnrJ_EryC1
215,Clo1313_0146,dTDP_sugar_isom
216,Clo1313_0147,GDP_Man_Dehyd
217,Clo1313_0148,NTP_transferase
218,Clo1313_0149,-
219,Clo1313_0150,Transposase_mut
220,Clo1313_0151,DinB_2
221,Clo1313_0152,B12-binding
222,Clo1313_0152,DUF4070
223,Clo1313_0152,Radical_SAM
224,Clo1313_0153,Cupin_2
225,Clo1313_0154,-
226,Clo1313_0155,-
227,Clo1313_0159,-
228,Clo1313_0160,ABC_tran
229,Clo1313_0161,BPD_transp_1
230,Clo1313_0162,NMT1
231,Clo1313_0162,NMT1_2
232,Clo1313_0163,-
233,Clo1313_0164,CYTH
234,Clo1313_0165,HD
235,Clo1313_0165,Ppx-GppA
236,Clo1313_0166,Fe-ADH
237,Clo1313_0167,Metallophos_2
238,Clo1313_0168,Pterin_bind
239,Clo1313_0169,FolB
240,Clo1313_0170,FolB
241,Clo1313_0170,HPPK
242,Clo1313_0171,-
243,Clo1313_0172,BPL_C
244,Clo1313_0172,BPL_LplA_LipB
245,Clo1313_0172,HTH_11
246,Clo1313_0173,Amidohydro_2
247,Clo1313_0174,-
248,Clo1313_0175,Pan_kinase
249,Clo1313_0176,PMT_2
250,Clo1313_0177,CBM9_1
251,Clo1313_0177,CBM_4_9
252,Clo1313_0177,Glyco_hydro_10
253,Clo1313_0177,SLH
254,Clo1313_0178,-
255,Clo1313_0179,DUF2752
256,Clo1313_0180,PCRF
257,Clo1313_0180,RF-1
258,Clo1313_0181,Zip
259,Clo1313_0182,SUA5
260,Clo1313_0182,Sua5_yciO_yrdC
261,Clo1313_0183,LMWPc
262,Clo1313_0184,LacAB_rpiB
263,Clo1313_0185,UPRTase
264,Clo1313_0186,dCMP_cyt_deam_1
265,Clo1313_0187,Glycos_transf_4
266,Clo1313_0188,Epimerase_2
267,Clo1313_0188,Glycos_transf_4
268,Clo1313_0189,ATP-synt_A
269,Clo1313_0190,ATP-synt_C
270,Clo1313_0191,ATP-synt_B
271,Clo1313_0192,OSCP
272,Clo1313_0193,ATP-synt_ab
273,Clo1313_0193,ATP-synt_ab_C
274,Clo1313_0193,ATP-synt_ab_N
275,Clo1313_0194,ATP-synt
276,Clo1313_0195,ATP-synt_ab
277,Clo1313_0195,ATP-synt_ab_N
278,Clo1313_0196,ATP-synt_DE
279,Clo1313_0196,ATP-synt_DE_N
280,Clo1313_0197,DUF1524
281,Clo1313_0197,DUF262
282,Clo1313_0197,DUF3782
283,Clo1313_0197,DUF4268
284,Clo1313_0198,SLH
285,Clo1313_0199,-
286,Clo1313_0200,SLH
287,Clo1313_0201,DUF1779
288,Clo1313_0202,EPSP_synthase
289,Clo1313_0203,SpoIID
290,Clo1313_0204,Peptidase_M23
291,Clo1313_0205,SpoIIID
292,Clo1313_0206,MreB_Mbl
293,Clo1313_0207,Flg_bb_rod
294,Clo1313_0207,Flg_bbr_C
295,Clo1313_0208,Flg_bb_rod
296,Clo1313_0208,Flg_bbr_C
297,Clo1313_0209,Rod-binding
298,Clo1313_0210,NAGPA
299,Clo1313_0211,ABC_tran
300,Clo1313_0213,FabA
301,Clo1313_0214,Mur_ligase
302,Clo1313_0214,Mur_ligase_C
303,Clo1313_0214,Mur_ligase_M
304,Clo1313_0215,Pribosyltran
305,Clo1313_0215,PuR_N
306,Clo1313_0216,SpoVG
307,Clo1313_0217,Hexapep
308,Clo1313_0217,Hexapep_2
309,Clo1313_0217,NTP_transf_3
310,Clo1313_0217,NTP_transferase
311,Clo1313_0218,Pribosyl_synth
312,Clo1313_0218,Pribosyltran_N
313,Clo1313_0219,Pept_tRNA_hydro
314,Clo1313_0220,CarD_CdnL_TRCF
315,Clo1313_0220,DEAD
316,Clo1313_0220,Helicase_C
317,Clo1313_0220,TRCF
318,Clo1313_0221,Rotamase
319,Clo1313_0221,Rotamase_2
320,Clo1313_0221,Rotamase_3
321,Clo1313_0221,SurA_N_3
322,Clo1313_0222,HTH_18
323,Clo1313_0223,HTH_AraC
324,Clo1313_0224,Putative_PNPOx
325,Clo1313_0225,MVIN
326,Clo1313_0226,Glyco_transf_4
327,Clo1313_0226,Glycos_transf_1
328,Clo1313_0227,Wzy_C
329,Clo1313_0228,CTP_transf_3
330,Clo1313_0229,Epimerase_2
331,Clo1313_0230,NeuB
332,Clo1313_0230,SAF
333,Clo1313_0231,Hexapep
334,Clo1313_0232,CBS
335,Clo1313_0232,NTP_transferase
336,Clo1313_0233,DegT_DnrJ_EryC1
337,Clo1313_0234,GDP_Man_Dehyd
338,Clo1313_0235,Glyphos_transf
339,Clo1313_0236,Dala_Dala_lig_C
340,Clo1313_0236,Dala_Dala_lig_N
341,Clo1313_0237,Bac_transf
342,Clo1313_0238,HpcH_HpaI
343,Clo1313_0239,CoA_binding_3
344,Clo1313_0239,Polysacc_synt_2
345,Clo1313_0240,-
346,Clo1313_0241,Wzz
347,Clo1313_0242,AAA_31
348,Clo1313_0242,CbiA
349,Clo1313_0243,-
350,Clo1313_0244,MazE_antitoxin
351,Clo1313_0244,SpoVT_C
352,Clo1313_0245,MazG
353,Clo1313_0245,TP_methylase
354,Clo1313_0246,Bac_DNA_binding
355,Clo1313_0247,S4
356,Clo1313_0248,YabP
357,Clo1313_0249,Spore_YabQ
358,Clo1313_0250,DivIC
359,Clo1313_0251,S1
360,Clo1313_0252,HAMP
361,Clo1313_0252,MCPsignal
362,Clo1313_0252,dCache_1
363,Clo1313_0253,ABC1
364,Clo1313_0253,APH
365,Clo1313_0253,Pkinase
366,Clo1313_0254,-
367,Clo1313_0255,Cation_ATPase
368,Clo1313_0255,Cation_ATPase_C
369,Clo1313_0255,Cation_ATPase_N
370,Clo1313_0255,E1-E2_ATPase
371,Clo1313_0255,Hydrolase
372,Clo1313_0255,Hydrolase_3
373,Clo1313_0256,TetR_C_8
374,Clo1313_0256,TetR_N
375,Clo1313_0259,-
376,Clo1313_0260,Cys_rich_CPCC
377,Clo1313_0262,Ribosomal_L12
378,Clo1313_0264,-
379,Clo1313_0266,TraB
380,Clo1313_0268,DUF3267
381,Clo1313_0269,-
382,Clo1313_0270,Peptidase_S41
383,Clo1313_0270,TPR_1
384,Clo1313_0270,TPR_2
385,Clo1313_0270,TPR_8
386,Clo1313_0271,SpoIIE
387,Clo1313_0272,-
388,Clo1313_0273,-
389,Clo1313_0274,PilZ
390,Clo1313_0275,Dus
391,Clo1313_0276,PilM_2
392,Clo1313_0277,4HBT
393,Clo1313_0278,Polysacc_synt
394,Clo1313_0278,Polysacc_synt_C
395,Clo1313_0279,-
396,Clo1313_0280,Aminotran_1_2
397,Clo1313_0280,GntR
398,Clo1313_0281,UbiA
399,Clo1313_0282,Hexapep
400,Clo1313_0282,Hexapep_2
401,Clo1313_0283,Glyco_transf_4
402,Clo1313_0283,Glycos_transf_1
403,Clo1313_0284,DUF4330
404,Clo1313_0285,Wzy_C
405,Clo1313_0286,-
406,Clo1313_0287,ACPS
407,Clo1313_0287,Carb_kinase
408,Clo1313_0287,YjeF_N
409,Clo1313_0288,Ala_racemase_C
410,Clo1313_0288,Ala_racemase_N
411,Clo1313_0289,RHH_1
412,Clo1313_0290,PemK_toxin
413,Clo1313_0291,-
414,Clo1313_0292,Glyco_tran_WecB
415,Clo1313_0292,PS_pyruv_trans
416,Clo1313_0293,Glyco_transf_4
417,Clo1313_0293,Glycos_transf_1
418,Clo1313_0293,PS_pyruv_trans
419,Clo1313_0294,DUF2179
420,Clo1313_0294,YitT_membrane
421,Clo1313_0295,Transketolase_N
422,Clo1313_0296,Transket_pyr
423,Clo1313_0296,Transketolase_C
424,Clo1313_0297,ABC_tran
425,Clo1313_0298,ABC2_membrane_2
426,Clo1313_0299,ABC2_membrane_3
427,Clo1313_0299,ABC_transp_aux
428,Clo1313_0300,DUF4340
429,Clo1313_0301,-
430,Clo1313_0302,-
431,Clo1313_0303,Colicin_V
432,Clo1313_0304,ILVD_EDD
433,Clo1313_0305,TPP_enzyme_C
434,Clo1313_0305,TPP_enzyme_M
435,Clo1313_0305,TPP_enzyme_N
436,Clo1313_0306,Ribosomal_L33
437,Clo1313_0307,SecE
438,Clo1313_0308,KOW
439,Clo1313_0308,NusG
440,Clo1313_0309,Ribosomal_L11
441,Clo1313_0309,Ribosomal_L11_N
442,Clo1313_0310,Ribosomal_L1
443,Clo1313_0311,Ribosomal_L10
444,Clo1313_0312,Ribosomal_L12
445,Clo1313_0312,Ribosomal_L12_N
446,Clo1313_0313,RNA_pol_Rpb2_1
447,Clo1313_0313,RNA_pol_Rpb2_2
448,Clo1313_0313,RNA_pol_Rpb2_3
449,Clo1313_0313,RNA_pol_Rpb2_45
450,Clo1313_0313,RNA_pol_Rpb2_6
451,Clo1313_0313,RNA_pol_Rpb2_7
452,Clo1313_0314,RNA_pol_Rpb1_1
453,Clo1313_0314,RNA_pol_Rpb1_2
454,Clo1313_0314,RNA_pol_Rpb1_3
455,Clo1313_0314,RNA_pol_Rpb1_4
456,Clo1313_0314,RNA_pol_Rpb1_5
457,Clo1313_0315,Ribosomal_L7Ae
458,Clo1313_0316,Ribosom_S12_S23
459,Clo1313_0317,Ribosomal_S7
460,Clo1313_0318,EFG_C
461,Clo1313_0318,EFG_II
462,Clo1313_0318,EFG_IV
463,Clo1313_0318,GTP_EFTU
464,Clo1313_0318,GTP_EFTU_D2
465,Clo1313_0319,GTP_EFTU
466,Clo1313_0319,GTP_EFTU_D2
467,Clo1313_0319,GTP_EFTU_D3
468,Clo1313_0320,Sigma70_r2
469,Clo1313_0320,Sigma70_r4_2
470,Clo1313_0321,zf-HC2
471,Clo1313_0322,-
472,Clo1313_0323,PG_binding_4
473,Clo1313_0323,VanW
474,Clo1313_0324,PTS-HPr
475,Clo1313_0325,PEP-utilisers_N
476,Clo1313_0325,PEP-utilizers
477,Clo1313_0325,PEP-utilizers_C
478,Clo1313_0326,GIY-YIG
479,Clo1313_0326,HHH_2
480,Clo1313_0326,HHH_5
481,Clo1313_0326,UVR
482,Clo1313_0326,UvrC_HhH_N
483,Clo1313_0327,Metallophos
484,Clo1313_0328,FKBP_C
485,Clo1313_0328,Trigger_C
486,Clo1313_0328,Trigger_N
487,Clo1313_0329,CLP_protease
488,Clo1313_0330,AAA_2
489,Clo1313_0330,ClpB_D2-small
490,Clo1313_0330,zf-C4_ClpX
491,Clo1313_0331,AAA
492,Clo1313_0331,Lon_C
493,Clo1313_0331,RuvB_N
494,Clo1313_0332,Peptidase_M22
495,Clo1313_0333,SLT
496,Clo1313_0334,-
497,Clo1313_0335,DUF402
498,Clo1313_0336,PHP
499,Clo1313_0337,SmpB
500,Clo1313_0339,DUF5071
501,Clo1313_0341,Ada_Zn_binding
502,Clo1313_0341,Lactamase_B
503,Clo1313_0342,DUF3006
504,Clo1313_0343,Lactamase_B
505,Clo1313_0344,ADP_ribosyl_GH
506,Clo1313_0346,Na_H_Exchanger
507,Clo1313_0346,TrkA_C
508,Clo1313_0347,DUF4037
509,Clo1313_0347,NTP_transf_2
510,Clo1313_0348,Cass2
511,Clo1313_0348,GyrI-like
512,Clo1313_0348,HTH_18
513,Clo1313_0349,CBM_3
514,Clo1313_0349,Dockerin_1
515,Clo1313_0349,Glyco_hydro_9
516,Clo1313_0350,CBM_3
517,Clo1313_0350,Dockerin_1
518,Clo1313_0350,Glyco_hydro_9
519,Clo1313_0351,WYL
520,Clo1313_0352,WYL
521,Clo1313_0353,TROVE
522,Clo1313_0354,-
523,Clo1313_0355,-
524,Clo1313_0356,Hen1_L
525,Clo1313_0356,Methyltransf_12
526,Clo1313_0357,AAA_33
527,Clo1313_0357,Metallophos
528,Clo1313_0357,PNKP-ligase_C
529,Clo1313_0357,PNKP_ligase
530,Clo1313_0358,Hemerythrin
531,Clo1313_0358,ScdA_N
532,Clo1313_0359,Flavodoxin_1
533,Clo1313_0359,Lactamase_B
534,Clo1313_0360,HTH_Crp_2
535,Clo1313_0360,cNMP_binding
536,Clo1313_0364,NMN_transporter
537,Clo1313_0365,AAA_28
538,Clo1313_0365,CTP_transf_like
539,Clo1313_0365,Citrate_ly_lig
540,Clo1313_0366,-
541,Clo1313_0368,DUF1801
542,Clo1313_0368,OmdA
543,Clo1313_0369,ATPase-cat_bd
544,Clo1313_0369,E1-E2_ATPase
545,Clo1313_0369,HMA
546,Clo1313_0369,Hydrolase
547,Clo1313_0370,Amidase_2
548,Clo1313_0371,DUF2292
549,Clo1313_0372,B12-binding
550,Clo1313_0372,B12-binding_2
551,Clo1313_0373,URO-D
552,Clo1313_0374,URO-D
553,Clo1313_0375,DUF4445
554,Clo1313_0375,Fer2
555,Clo1313_0376,DUF1847
556,Clo1313_0377,NMT1
557,Clo1313_0377,NMT1_2
558,Clo1313_0378,ABC_tran
559,Clo1313_0379,BPD_transp_1
560,Clo1313_0380,AMP-binding
561,Clo1313_0380,AMP-binding_C_2
562,Clo1313_0380,LuxC
563,Clo1313_0381,Aminotran_1_2
564,Clo1313_0382,POR
565,Clo1313_0383,Fer4
566,Clo1313_0384,PFOR_II
567,Clo1313_0384,POR_N
568,Clo1313_0385,TPP_enzyme_C
569,Clo1313_0387,Ribonuc_L-PSP
570,Clo1313_0388,Cys_Met_Meta_PP
571,Clo1313_0389,Aminotran_1_2
572,Clo1313_0390,Prismane
573,Clo1313_0391,NMT1
574,Clo1313_0391,NMT1_2
575,Clo1313_0392,BPD_transp_1
576,Clo1313_0393,ABC_tran
577,Clo1313_0394,Peptidase_M60
578,Clo1313_0395,Cellulase
579,Clo1313_0396,LacI
580,Clo1313_0396,Peripla_BP_1
581,Clo1313_0396,Peripla_BP_3
582,Clo1313_0397,Big_2
583,Clo1313_0397,CBM_4_9
584,Clo1313_0397,CW_binding_1
585,Clo1313_0397,Glyco_hydro_16
586,Clo1313_0397,LRR_5
587,Clo1313_0397,SLH
588,Clo1313_0398,Na_Pi_cotrans
589,Clo1313_0398,PhoU
590,Clo1313_0399,CBM_35
591,Clo1313_0399,Dockerin_1
592,Clo1313_0399,Glyco_hydro_26
593,Clo1313_0400,Dockerin_1
594,Clo1313_0400,Glyco_hydro_9
595,Clo1313_0401,Response_reg
596,Clo1313_0401,Trans_reg_C
597,Clo1313_0402,HATPase_c
598,Clo1313_0402,HisKA
599,Clo1313_0403,tRNA-synt_1f
600,Clo1313_0403,tRNA_bind
601,Clo1313_0405,CheW
602,Clo1313_0406,CheW
603,Clo1313_0406,H-kinase_dim
604,Clo1313_0406,HATPase_c
605,Clo1313_0406,Hpt
606,Clo1313_0406,P2
607,Clo1313_0407,MCPsignal
608,Clo1313_0408,CheR
609,Clo1313_0408,CheR_N
610,Clo1313_0409,CheB_methylest
611,Clo1313_0409,Response_reg
612,Clo1313_0410,GFO_IDH_MocA
613,Clo1313_0410,GFO_IDH_MocA_C
614,Clo1313_0411,CBS
615,Clo1313_0411,CorC_HlyC
616,Clo1313_0411,DUF21
617,Clo1313_0412,MerR_1
618,Clo1313_0412,TipAS
619,Clo1313_0413,CBM_2
620,Clo1313_0413,Cellulase
621,Clo1313_0413,Dockerin_1
622,Clo1313_0414,-
623,Clo1313_0415,PEPCK_C
624,Clo1313_0415,PEPCK_N
625,Clo1313_0416,Ribosom_S30AE_C
626,Clo1313_0416,Ribosomal_S30AE
627,Clo1313_0417,UvrD-helicase
628,Clo1313_0417,UvrD_C
629,Clo1313_0418,BsuPI
630,Clo1313_0418,SLH
631,Clo1313_0419,Peptidase_C39
632,Clo1313_0420,Dockerin_1
633,Clo1313_0420,SASA
634,Clo1313_0421,tRNA-synt_His
635,Clo1313_0422,HisG
636,Clo1313_0423,Histidinol_dh
637,Clo1313_0424,Aminotran_1_2
638,Clo1313_0425,IGPD
639,Clo1313_0426,SAICAR_synt
640,Clo1313_0427,GATase
641,Clo1313_0428,His_biosynth
642,Clo1313_0429,His_biosynth
643,Clo1313_0430,His_biosynth
644,Clo1313_0430,PRA-CH
645,Clo1313_0430,PRA-PH
646,Clo1313_0431,AlbA_2
647,Clo1313_0432,Cpn10
648,Clo1313_0433,Cpn60_TCP1
649,Clo1313_0434,PilZ
650,Clo1313_0435,-
651,Clo1313_0436,CW_binding_2
652,Clo1313_0436,Cu_amine_oxidN1
653,Clo1313_0436,Glyco_hydro_18
654,Clo1313_0436,SH3_3
655,Clo1313_0437,-
656,Clo1313_0438,GreA_GreB
657,Clo1313_0438,GreA_GreB_N
658,Clo1313_0439,STAS
659,Clo1313_0440,HATPase_c_2
660,Clo1313_0441,Sigma70_r2
661,Clo1313_0441,Sigma70_r3
662,Clo1313_0441,Sigma70_r4
663,Clo1313_0442,HATPase_c_2
664,Clo1313_0444,Ribosomal_S10
665,Clo1313_0445,Ribosomal_L3
666,Clo1313_0446,Ribosomal_L4
667,Clo1313_0447,Ribosomal_L23
668,Clo1313_0448,Ribosomal_L2
669,Clo1313_0448,Ribosomal_L2_C
670,Clo1313_0449,Ribosomal_S19
671,Clo1313_0450,Ribosomal_L22
672,Clo1313_0451,KH_2
673,Clo1313_0451,Ribosomal_S3_C
674,Clo1313_0452,Ribosomal_L16
675,Clo1313_0453,Ribosomal_L29
676,Clo1313_0454,Ribosomal_S17
677,Clo1313_0455,Ribosomal_L14
678,Clo1313_0456,KOW
679,Clo1313_0456,ribosomal_L24
680,Clo1313_0457,Ribosomal_L5
681,Clo1313_0457,Ribosomal_L5_C
682,Clo1313_0458,Ribosomal_S14
683,Clo1313_0459,Ribosomal_S8
684,Clo1313_0460,Ribosomal_L6
685,Clo1313_0461,Ribosomal_L18p
686,Clo1313_0462,Ribosomal_S5
687,Clo1313_0462,Ribosomal_S5_C
688,Clo1313_0463,Ribosomal_L30
689,Clo1313_0464,Ribosomal_L27A
690,Clo1313_0465,SecY
691,Clo1313_0466,ADK
692,Clo1313_0466,ADK_lid
693,Clo1313_0467,Peptidase_M24
694,Clo1313_0468,KOW
695,Clo1313_0469,eIF-1a
696,Clo1313_0470,Ribosomal_L36
697,Clo1313_0471,Ribosomal_S13
698,Clo1313_0472,Ribosomal_S11
699,Clo1313_0473,Ribosomal_S4
700,Clo1313_0473,S4
701,Clo1313_0474,RNA_pol_A_CTD
702,Clo1313_0474,RNA_pol_A_bac
703,Clo1313_0474,RNA_pol_L
704,Clo1313_0475,Ribosomal_L17
705,Clo1313_0476,ABC_tran
706,Clo1313_0477,MTS
707,Clo1313_0478,ResIII
708,Clo1313_0479,HSDR_N_2
709,Clo1313_0480,N6_N4_Mtase
710,Clo1313_0482,AAA_11
711,Clo1313_0482,AAA_12
712,Clo1313_0482,AAA_25
713,Clo1313_0482,CBS
714,Clo1313_0482,DUF3320
715,Clo1313_0482,DUF3854
716,Clo1313_0482,DUF4011
717,Clo1313_0482,HTH_11
718,Clo1313_0482,Toprim_2
719,Clo1313_0483,-
720,Clo1313_0484,-
721,Clo1313_0485,Cu_amine_oxidN1
722,Clo1313_0485,Glyco_hydro_18
723,Clo1313_0486,Recombinase
724,Clo1313_0486,Resolvase
725,Clo1313_0486,Zn_ribbon_recom
726,Clo1313_0487,ABC_tran
727,Clo1313_0488,CbiQ
728,Clo1313_0489,ROK
729,Clo1313_0490,PseudoU_synth_1
730,Clo1313_0491,CarD_CdnL_TRCF
731,Clo1313_0492,IspD
732,Clo1313_0493,ABC_tran
733,Clo1313_0494,ABC2_membrane_2
734,Clo1313_0494,ABC2_membrane_3
735,Clo1313_0494,Abi
736,Clo1313_0495,HATPase_c
737,Clo1313_0495,dCache_1
738,Clo1313_0496,HATPase_c
739,Clo1313_0496,dCache_1
740,Clo1313_0497,IspD
741,Clo1313_0497,YgbB
742,Clo1313_0498,HGTP_anticodon
743,Clo1313_0498,tRNA-synt_2b
744,Clo1313_0498,tRNA_edit
745,Clo1313_0499,CAP
746,Clo1313_0499,SH3_3
747,Clo1313_0500,Dockerin_1
748,Clo1313_0500,Pectinesterase
749,Clo1313_0501,Pec_lyase_C
750,Clo1313_0501,RicinB_lectin_2
751,Clo1313_0502,CBM_3
752,Clo1313_0502,CBM_X2
753,Clo1313_0502,CarboxypepD_reg
754,Clo1313_0502,Cohesin
755,Clo1313_0503,IstB_IS21
756,Clo1313_0509,-
757,Clo1313_0510,SBP_bac_5
758,Clo1313_0511,ABC_tran
759,Clo1313_0511,oligo_HPY
760,Clo1313_0512,ABC_tran
761,Clo1313_0512,oligo_HPY
762,Clo1313_0513,BPD_transp_1
763,Clo1313_0513,OppC_N
764,Clo1313_0514,BPD_transp_1
765,Clo1313_0515,Cu_amine_oxidN1
766,Clo1313_0516,MFS_1
767,Clo1313_0517,Fer4
768,Clo1313_0517,Fer4_4
769,Clo1313_0517,Flavodoxin_3
770,Clo1313_0517,Flavodoxin_5
771,Clo1313_0518,GntR
772,Clo1313_0519,ABC_tran
773,Clo1313_0520,ABC2_membrane_5
774,Clo1313_0521,CBM_6
775,Clo1313_0521,Dockerin_1
776,Clo1313_0521,Glyco_hydro_10
777,Clo1313_0521,Glyco_hydro_11
778,Clo1313_0521,Polysacc_deac_1
779,Clo1313_0522,CBM_6
780,Clo1313_0522,Dockerin_1
781,Clo1313_0522,Glyco_hydro_10
782,Clo1313_0522,Glyco_hydro_11
783,Clo1313_0522,Polysacc_deac_1
784,Clo1313_0523,SfsA
785,Clo1313_0524,Collagen_bind
786,Clo1313_0524,Fn_bind
787,Clo1313_0524,Gram_pos_anchor
788,Clo1313_0524,NYN
789,Clo1313_0524,SPOR
790,Clo1313_0524,VWA
791,Clo1313_0525,Sigma70_r2
792,Clo1313_0526,-
793,Clo1313_0527,HTH_Crp_2
794,Clo1313_0527,cNMP_binding
795,Clo1313_0528,Fer4
796,Clo1313_0528,Fer4_4
797,Clo1313_0528,Fer4_6
798,Clo1313_0529,Fer4_5
799,Clo1313_0530,ECF_trnsprt
800,Clo1313_0531,SBP_bac_3
801,Clo1313_0532,HAMP
802,Clo1313_0532,MCPsignal
803,Clo1313_0532,dCache_1
804,Clo1313_0534,-
805,Clo1313_0535,-
806,Clo1313_0536,-
807,Clo1313_0537,-
808,Clo1313_0538,-
809,Clo1313_0539,Glyco_hydro_36
810,Clo1313_0539,Glyco_transf_36
811,Clo1313_0540,-
812,Clo1313_0541,PMSR
813,Clo1313_0541,SelR
814,Clo1313_0542,Oxidored_FMN
815,Clo1313_0542,Pyr_redox_2
816,Clo1313_0543,Sigma70_r2
817,Clo1313_0543,Sigma70_r4_2
818,Clo1313_0544,-
819,Clo1313_0545,-
820,Clo1313_0546,-
821,Clo1313_0547,DJ-1_PfpI
822,Clo1313_0549,ABC_membrane
823,Clo1313_0549,ABC_tran
824,Clo1313_0550,Acetyltransf_1
825,Clo1313_0550,Acetyltransf_7
826,Clo1313_0551,PHO4
827,Clo1313_0552,PhoU_div
828,Clo1313_0554,Fe_hyd_SSU
829,Clo1313_0554,Fe_hyd_lg_C
830,Clo1313_0554,Fer2_4
831,Clo1313_0554,Fer4
832,Clo1313_0554,Fer4_20
833,Clo1313_0554,Fer4_9
834,Clo1313_0554,Molybdop_Fe4S4
835,Clo1313_0554,Molybdopterin
836,Clo1313_0554,Pyr_redox_2
837,Clo1313_0554,Pyr_redox_3
838,Clo1313_0555,LysM
839,Clo1313_0556,PG_binding_1
840,Clo1313_0556,YkuD
841,Clo1313_0557,LysM
842,Clo1313_0557,YkuD
843,Clo1313_0558,Sod_Fe_C
844,Clo1313_0558,Sod_Fe_N
845,Clo1313_0562,-
846,Clo1313_0563,CBM_2
847,Clo1313_0563,CBM_4_9
848,Clo1313_0563,CBM_6
849,Clo1313_0563,Dockerin_1
850,Clo1313_0563,Esterase
851,Clo1313_0563,Glyco_hydro_30
852,Clo1313_0563,Glyco_hydro_30C
853,Clo1313_0563,Polysacc_deac_1
854,Clo1313_0563,RicinB_lectin_2
855,Clo1313_0564,AIRS
856,Clo1313_0564,AIRS_C
857,Clo1313_0565,HypD
858,Clo1313_0566,HupF_HypC
859,Clo1313_0567,Acylphosphatase
860,Clo1313_0567,Sua5_yciO_yrdC
861,Clo1313_0567,zf-HYPF
862,Clo1313_0568,cobW
863,Clo1313_0569,HypA
864,Clo1313_0570,Fer4
865,Clo1313_0570,Fer4_10
866,Clo1313_0570,Fer4_7
867,Clo1313_0571,Complex1_49kDa
868,Clo1313_0571,NiFeSe_Hases
869,Clo1313_0572,Complex1_30kDa
870,Clo1313_0573,Oxidored_q6
871,Clo1313_0574,NADHdh
872,Clo1313_0575,Proton_antipo_M
873,Clo1313_0575,Proton_antipo_N
874,Clo1313_0577,GreA_GreB
875,Clo1313_0577,Rnk_N
876,Clo1313_0578,Citrate_synt
877,Clo1313_0579,Pyridoxal_deC
878,Clo1313_0580,CheW
879,Clo1313_0581,4HB_MCP_1
880,Clo1313_0581,HAMP
881,Clo1313_0581,MCPsignal
882,Clo1313_0583,DUF4190
883,Clo1313_0584,DUF4190
884,Clo1313_0585,DUF2752
885,Clo1313_0586,2-Hacid_dh
886,Clo1313_0586,2-Hacid_dh_C
887,Clo1313_0587,4HB_MCP_1
888,Clo1313_0587,HAMP
889,Clo1313_0587,MCPsignal
890,Clo1313_0587,dCache_1
891,Clo1313_0588,Nitroreductase
892,Clo1313_0589,Cu_amine_oxidN1
893,Clo1313_0590,FtsK_4TM
894,Clo1313_0590,FtsK_SpoIIIE
895,Clo1313_0590,Ftsk_gamma
896,Clo1313_0591,DUF2383
897,Clo1313_0592,UbiA
898,Clo1313_0593,Rhomboid
899,Clo1313_0594,Cation_ATPase
900,Clo1313_0595,DUF975
901,Clo1313_0596,FHA
902,Clo1313_0597,FHA
903,Clo1313_0597,FTSW_RODA_SPOVE
904,Clo1313_0598,Transpeptidase
905,Clo1313_0599,RadC
906,Clo1313_0600,TPR_2
907,Clo1313_0600,TPR_8
908,Clo1313_0601,Autotransporter
909,Clo1313_0601,ChlamPMP_M
910,Clo1313_0601,Chlam_PMP
911,Clo1313_0601,Glyco_hydro_18
912,Clo1313_0601,IAT_beta
913,Clo1313_0601,Laminin_G_3
914,Clo1313_0601,fn3
915,Clo1313_0602,Transposase_mut
916,Clo1313_0603,Kelch_1
917,Clo1313_0603,RHS_repeat
918,Clo1313_0604,-
919,Clo1313_0606,Mu-like_Com
920,Clo1313_0609,GtrA
921,Clo1313_0610,PTS_2-RNA
922,Clo1313_0612,sCache_3_3
923,Clo1313_0613,AXE1
924,Clo1313_0614,Polysacc_synt
925,Clo1313_0614,Polysacc_synt_C
926,Clo1313_0615,-
927,Clo1313_0616,ABC_tran
928,Clo1313_0617,ABC2_membrane_2
929,Clo1313_0617,ABC2_membrane_4
930,Clo1313_0618,HAMP
931,Clo1313_0618,HATPase_c
932,Clo1313_0618,HisKA
933,Clo1313_0619,Response_reg
934,Clo1313_0619,Trans_reg_C
935,Clo1313_0620,DUF1256
936,Clo1313_0621,DUF1540
937,Clo1313_0622,Acyl-ACP_TE
938,Clo1313_0623,Acetyltransf_3
939,Clo1313_0623,HAD_2
940,Clo1313_0624,Hydrolase_3
941,Clo1313_0625,DUF3520
942,Clo1313_0625,VWA
943,Clo1313_0625,vWF_A
944,Clo1313_0626,Radical_SAM
945,Clo1313_0627,CBM_3
946,Clo1313_0627,CBM_X2
947,Clo1313_0627,CarboxypepD_reg
948,Clo1313_0627,Cohesin
949,Clo1313_0628,Cohesin
950,Clo1313_0628,SLH
951,Clo1313_0629,Big_3_5
952,Clo1313_0629,Cohesin
953,Clo1313_0629,Flg_new
954,Clo1313_0629,Laminin_G_3
955,Clo1313_0629,SLH
956,Clo1313_0630,Big_3_5
957,Clo1313_0630,Cohesin
958,Clo1313_0630,Flg_new
959,Clo1313_0630,Laminin_G_3
960,Clo1313_0630,SLH
961,Clo1313_0631,Transglut_core
962,Clo1313_0633,-
963,Clo1313_0634,THUMP
964,Clo1313_0634,UPF0020
965,Clo1313_0635,Response_reg
966,Clo1313_0636,EPSP_synthase
967,Clo1313_0637,Response_reg
968,Clo1313_0637,Spo0A_C
969,Clo1313_0638,Bac_DNA_binding
970,Clo1313_0639,Usp
971,Clo1313_0640,Fumerase
972,Clo1313_0641,Fumerase_C
973,Clo1313_0642,DUF1858
974,Clo1313_0643,Adenylsucc_synt
975,Clo1313_0644,Y1_Tnp
976,Clo1313_0645,Glycos_transf_2
977,Clo1313_0646,GT87
978,Clo1313_0646,PMT
979,Clo1313_0646,PMT_2
980,Clo1313_0646,PMT_4TMC
981,Clo1313_0647,CBM_4_9
982,Clo1313_0648,Glycos_transf_2
983,Clo1313_0649,DUF2304
984,Clo1313_0650,Glycos_transf_2
985,Clo1313_0651,DAP_epimerase
986,Clo1313_0652,Aminotran_1_2
987,Clo1313_0653,LytR_cpsA_psr
988,Clo1313_0654,HGD-D
989,Clo1313_0655,BcrAD_BadFG
990,Clo1313_0656,QueC
991,Clo1313_0657,PTPS
992,Clo1313_0658,Fer4_12
993,Clo1313_0658,Fer4_14
994,Clo1313_0658,Radical_SAM
995,Clo1313_0659,UDG
996,Clo1313_0660,UDG
997,Clo1313_0661,ThiF
998,Clo1313_0662,Y1_Tnp
999,Clo1313_0663,-
1000,Clo1313_0665,Glyco_hydro_130
1001,Clo1313_0666,Hexapep
1002,Clo1313_0666,NTP_transferase
1003,Clo1313_0667,Glyco_transf_4
1004,Clo1313_0667,Glycos_transf_1
1005,Clo1313_0668,-
1006,Clo1313_0669,PMI_typeI
1007,Clo1313_0670,Zip
1008,Clo1313_0671,Hemerythrin
1009,Clo1313_0672,Flavin_Reduct
1010,Clo1313_0672,Rubredoxin
1011,Clo1313_0673,EKR
1012,Clo1313_0673,Fer4_16
1013,Clo1313_0673,Fer4_7
1014,Clo1313_0673,PFOR_II
1015,Clo1313_0673,POR
1016,Clo1313_0673,POR_N
1017,Clo1313_0673,TPP_enzyme_C
1018,Clo1313_0674,DUF3787
1019,Clo1313_0675,-
1020,Clo1313_0676,VWA
1021,Clo1313_0676,VWA_2
1022,Clo1313_0677,AMP-binding
1023,Clo1313_0677,AMP-binding_C
1024,Clo1313_0678,HSP20
1025,Clo1313_0679,NUDIX
1026,Clo1313_0680,DUF4825
1027,Clo1313_0680,DUF4829
1028,Clo1313_0680,DUF5301
1029,Clo1313_0680,Peptidase_M56
1030,Clo1313_0681,FMN_red
1031,Clo1313_0681,Flavodoxin_2
1032,Clo1313_0682,CitMHS
1033,Clo1313_0683,-
1034,Clo1313_0684,SBP_bac_11
1035,Clo1313_0684,VWA
1036,Clo1313_0685,CAP
1037,Clo1313_0685,SLH
1038,Clo1313_0686,Abhydrolase_1
1039,Clo1313_0686,Abhydrolase_4
1040,Clo1313_0688,-
1041,Clo1313_0689,Peptidase_S8
1042,Clo1313_0691,-
1043,Clo1313_0692,TetR_N
1044,Clo1313_0693,CBM_35
1045,Clo1313_0693,Dockerin_1
1046,Clo1313_0693,Lipase_GDSL_2
1047,Clo1313_0693,RicinB_lectin_2
1048,Clo1313_0694,-
1049,Clo1313_0696,Penicillinase_R
1050,Clo1313_0697,DUF4825
1051,Clo1313_0697,DUF4829
1052,Clo1313_0697,DUF4830
1053,Clo1313_0697,DUF5301
1054,Clo1313_0697,Peptidase_M56
1055,Clo1313_0698,ABC_membrane
1056,Clo1313_0698,ABC_tran
1057,Clo1313_0699,ABC_membrane
1058,Clo1313_0699,ABC_tran
1059,Clo1313_0700,M20_dimer
1060,Clo1313_0700,Peptidase_M20
1061,Clo1313_0701,CobD_Cbib
1062,Clo1313_0702,CobU
1063,Clo1313_0703,CobS
1064,Clo1313_0704,His_Phos_1
1065,Clo1313_0705,ECF-ribofla_trS
1066,Clo1313_0706,Lactamase_B_2
1067,Clo1313_0707,HAMP
1068,Clo1313_0707,MCPsignal
1069,Clo1313_0707,dCache_1
1070,Clo1313_0708,HMGL-like
1071,Clo1313_0709,Aconitase
1072,Clo1313_0709,Aconitase_C
1073,Clo1313_0710,FCD
1074,Clo1313_0710,GntR
1075,Clo1313_0711,Methyltr_RsmB-F
1076,Clo1313_0711,Methyltr_RsmF_N
1077,Clo1313_0711,Methyltranf_PUA
1078,Clo1313_0711,RsmF_methylt_CI
1079,Clo1313_0712,PseudoU_synth_2
1080,Clo1313_0712,S4
1081,Clo1313_0713,Methyltransf_32
1082,Clo1313_0714,CBM53
1083,Clo1313_0715,Response_reg
1084,Clo1313_0716,-
1085,Clo1313_0717,Hexapep
1086,Clo1313_0717,NTP_transferase
1087,Clo1313_0718,Hexapep
1088,Clo1313_0718,NTP_transferase
1089,Clo1313_0719,DAGK_cat
1090,Clo1313_0720,adh_short_C2
1091,Clo1313_0721,ABC_tran
1092,Clo1313_0722,CARDB
1093,Clo1313_0723,FtsX
1094,Clo1313_0723,MacB_PCD
1095,Clo1313_0724,Na_Ca_ex
1096,Clo1313_0724,PGPGW
1097,Clo1313_0725,DUF4363
1098,Clo1313_0726,DUF421
1099,Clo1313_0727,SASP
1100,Clo1313_0728,Glyco_tran_28_C
1101,Clo1313_0728,Glyco_trans_1_4
1102,Clo1313_0728,MGDG_synth
1103,Clo1313_0729,FapA
1104,Clo1313_0730,PBP5_C
1105,Clo1313_0730,Peptidase_S11
1106,Clo1313_0731,FmrO
1107,Clo1313_0732,TrkA_C
1108,Clo1313_0732,TrkA_N
1109,Clo1313_0733,TrkH
1110,Clo1313_0734,-
1111,Clo1313_0735,B12-binding
1112,Clo1313_0735,DUF4080
1113,Clo1313_0735,Radical_SAM
1114,Clo1313_0736,HATPase_c_2
1115,Clo1313_0737,Cu_amine_oxidN1
1116,Clo1313_0737,PPC
1117,Clo1313_0738,-
1118,Clo1313_0739,AAA_30
1119,Clo1313_0739,HHH_4
1120,Clo1313_0739,HHH_5
1121,Clo1313_0739,UvrD_C_2
1122,Clo1313_0740,AAA_31
1123,Clo1313_0741,-
1124,Clo1313_0742,Zn_dep_PLPC
1125,Clo1313_0743,Spore_YhcN_YlaJ
1126,Clo1313_0744,-
1127,Clo1313_0745,DUF1015
1128,Clo1313_0746,PRC
1129,Clo1313_0747,-
1130,Clo1313_0748,AI-2E_transport
1131,Clo1313_0749,DHHA1
1132,Clo1313_0749,tRNA-synt_2c
1133,Clo1313_0749,tRNA_SAD
1134,Clo1313_0750,Cas_TM1802
1135,Clo1313_0751,DUF5328
1136,Clo1313_0753,DUF1887
1137,Clo1313_0754,DUF1887
1138,Clo1313_0755,-
1139,Clo1313_0756,RAMPs
1140,Clo1313_0757,RAMPs
1141,Clo1313_0758,RAMPs
1142,Clo1313_0759,-
1143,Clo1313_0760,RAMPs
1144,Clo1313_0762,Cas_Cas02710
1145,Clo1313_0764,CRISPR_Cas2
1146,Clo1313_0765,Cas_Cas4
1147,Clo1313_0766,Transposase_mut
1148,Clo1313_0767,Cu_amine_oxidN1
1149,Clo1313_0770,-
1150,Clo1313_0772,-
1151,Clo1313_0773,HTH_21
1152,Clo1313_0773,HTH_Tnp_1
1153,Clo1313_0773,rve
1154,Clo1313_0777,DUF5104
1155,Clo1313_0778,Big_2
1156,Clo1313_0778,CAP
1157,Clo1313_0778,CAP_assoc_N
1158,Clo1313_0778,Cu_amine_oxidN1
1159,Clo1313_0778,fn3
1160,Clo1313_0779,Big_2
1161,Clo1313_0779,CAP
1162,Clo1313_0779,CAP_assoc_N
1163,Clo1313_0779,Cu_amine_oxidN1
1164,Clo1313_0779,fn3
1165,Clo1313_0780,Big_2
1166,Clo1313_0780,CAP
1167,Clo1313_0780,CAP_assoc_N
1168,Clo1313_0780,Cu_amine_oxidN1
1169,Clo1313_0780,fn3
1170,Clo1313_0781,-
1171,Clo1313_0782,-
1172,Clo1313_0783,Phage_GPD
1173,Clo1313_0783,RHS_repeat
1174,Clo1313_0784,Ank_2
1175,Clo1313_0785,Transposase_mut
1176,Clo1313_0786,Phage_GPD
1177,Clo1313_0786,RHS_repeat
1178,Clo1313_0787,Phage_GPD
1179,Clo1313_0787,RHS_repeat
1180,Clo1313_0788,Phage_GPD
1181,Clo1313_0788,RHS_repeat
1182,Clo1313_0789,-
1183,Clo1313_0790,Transposase_mut
1184,Clo1313_0791,DAO
1185,Clo1313_0791,Rieske
1186,Clo1313_0792,-
1187,Clo1313_0793,SBP_bac_3
1188,Clo1313_0794,BPD_transp_1
1189,Clo1313_0795,ABC_tran
1190,Clo1313_0796,DNA_alkylation
1191,Clo1313_0797,zinc_ribbon_15
1192,Clo1313_0799,WG_beta_rep
1193,Clo1313_0800,Acetyltransf_10
1194,Clo1313_0800,Acetyltransf_3
1195,Clo1313_0801,-
1196,Clo1313_0802,MarR
1197,Clo1313_0802,MarR_2
1198,Clo1313_0803,MatE
1199,Clo1313_0805,Trypsin_2
1200,Clo1313_0805,YceG_bac
1201,Clo1313_0807,Zn_ribbon_2
1202,Clo1313_0809,DUF2935
1203,Clo1313_0811,Sigma70_r2
1204,Clo1313_0811,Sigma70_r4_2
1205,Clo1313_0812,DUF3298
1206,Clo1313_0812,DUF4163
1207,Clo1313_0813,His_Phos_1
1208,Clo1313_0814,-
1209,Clo1313_0815,adh_short_C2
1210,Clo1313_0816,Y1_Tnp
1211,Clo1313_0817,-
1212,Clo1313_0818,DUF4474
1213,Clo1313_0819,Metallophos
1214,Clo1313_0819,Metallophos_2
1215,Clo1313_0820,Glyco_hydro_1
1216,Clo1313_0821,AzlD
1217,Clo1313_0822,AzlC
1218,Clo1313_0823,H_PPase
1219,Clo1313_0824,TspO_MBR
1220,Clo1313_0825,AI-2E_transport
1221,Clo1313_0827,Y1_Tnp
1222,Clo1313_0828,RDD
1223,Clo1313_0829,Peptidase_S49
1224,Clo1313_0830,Mntp
1225,Clo1313_0832,-
1226,Clo1313_0833,ABC_tran
1227,Clo1313_0834,-
1228,Clo1313_0835,DUF5050
1229,Clo1313_0836,PALP
1230,Clo1313_0837,Trp_syntA
1231,Clo1313_0838,Cation_efflux
1232,Clo1313_0838,ZT_dimer
1233,Clo1313_0839,HAMP
1234,Clo1313_0839,HATPase_c
1235,Clo1313_0839,HisKA
1236,Clo1313_0840,HAMP
1237,Clo1313_0840,HATPase_c
1238,Clo1313_0840,HisKA
1239,Clo1313_0841,Response_reg
1240,Clo1313_0841,Trans_reg_C
1241,Clo1313_0842,VTC
1242,Clo1313_0843,DUF4956
1243,Clo1313_0844,CotH
1244,Clo1313_0845,FeoB_C
1245,Clo1313_0845,FeoB_N
1246,Clo1313_0845,Gate
1247,Clo1313_0846,FeoA
1248,Clo1313_0847,Fe_dep_repr_C
1249,Clo1313_0847,Fe_dep_repress
1250,Clo1313_0848,-
1251,Clo1313_0849,Dockerin_1
1252,Clo1313_0849,Glyco_hydro_53
1253,Clo1313_0850,C_GCAxxG_C_C
1254,Clo1313_0851,BNR
1255,Clo1313_0851,BNR_6
1256,Clo1313_0851,CBM_3
1257,Clo1313_0851,CBM_X2
1258,Clo1313_0851,Dockerin_1
1259,Clo1313_0851,Sortilin-Vps10
1260,Clo1313_0852,Glyco_transf_8
1261,Clo1313_0853,PLDc_2
1262,Clo1313_0853,PLDc_N
1263,Clo1313_0855,Response_reg
1264,Clo1313_0855,Trans_reg_C
1265,Clo1313_0856,HAMP
1266,Clo1313_0856,HATPase_c
1267,Clo1313_0856,HisKA
1268,Clo1313_0856,PAS
1269,Clo1313_0856,PAS_4
1270,Clo1313_0856,PAS_8
1271,Clo1313_0856,sCache_like
1272,Clo1313_0857,HMGL-like
1273,Clo1313_0857,LeuA_dimer
1274,Clo1313_0858,Hydrolase_4
1275,Clo1313_0859,HD
1276,Clo1313_0859,PolyA_pol
1277,Clo1313_0859,PolyA_pol_RNAbd
1278,Clo1313_0859,tRNA_NucTran2_2
1279,Clo1313_0860,Trp_repressor
1280,Clo1313_0861,-
1281,Clo1313_0862,DUF5317
1282,Clo1313_0863,Helicase_C
1283,Clo1313_0863,SEC-C
1284,Clo1313_0863,SecA_DEAD
1285,Clo1313_0863,SecA_PP_bind
1286,Clo1313_0863,SecA_SW
1287,Clo1313_0864,Mur_ligase_C
1288,Clo1313_0864,Mur_ligase_M
1289,Clo1313_0865,TPR_16
1290,Clo1313_0865,TPR_19
1291,Clo1313_0865,TPR_2
1292,Clo1313_0865,TPR_6
1293,Clo1313_0865,TPR_8
1294,Clo1313_0866,Patatin
1295,Clo1313_0867,PALP
1296,Clo1313_0867,Thr_synth_N
1297,Clo1313_0868,CheB_methylest
1298,Clo1313_0868,Response_reg
1299,Clo1313_0869,GFO_IDH_MocA
1300,Clo1313_0869,GFO_IDH_MocA_C
1301,Clo1313_0870,HD
1302,Clo1313_0870,PAS_4
1303,Clo1313_0871,ACT
1304,Clo1313_0871,ACT_4
1305,Clo1313_0872,Homoserine_dh
1306,Clo1313_0872,NAD_binding_3
1307,Clo1313_0873,AA_kinase
1308,Clo1313_0873,ACT
1309,Clo1313_0873,ACT_7
1310,Clo1313_0874,Amidase_3
1311,Clo1313_0874,Cu_amine_oxidN1
1312,Clo1313_0875,Phage_GPD
1313,Clo1313_0875,RHS_repeat
1314,Clo1313_0876,-
1315,Clo1313_0880,Phage_GPD
1316,Clo1313_0880,RHS_repeat
1317,Clo1313_0883,HIT
1318,Clo1313_0884,SLH
1319,Clo1313_0885,Y1_Tnp
1320,Clo1313_0886,-
1321,Clo1313_0887,dTDP_sugar_isom
1322,Clo1313_0888,-
1323,Clo1313_0889,Lipase_GDSL_2
1324,Clo1313_0890,AAA_31
1325,Clo1313_0890,GNVR
1326,Clo1313_0890,ParA
1327,Clo1313_0890,Wzz
1328,Clo1313_0891,KOW
1329,Clo1313_0891,NusG
1330,Clo1313_0892,Epimerase
1331,Clo1313_0892,GDP_Man_Dehyd
1332,Clo1313_0893,Alg14
1333,Clo1313_0894,Glyco_tran_28_C
1334,Clo1313_0895,ATPgrasp_TupA
1335,Clo1313_0896,Glyco_transf_4
1336,Clo1313_0896,Glycos_transf_1
1337,Clo1313_0897,ATPgrasp_TupA
1338,Clo1313_0898,Glycos_transf_2
1339,Clo1313_0899,Wzy_C
1340,Clo1313_0900,Polysacc_synt
1341,Clo1313_0900,Polysacc_synt_C
1342,Clo1313_0901,UDPG_MGDP_dh
1343,Clo1313_0901,UDPG_MGDP_dh_C
1344,Clo1313_0901,UDPG_MGDP_dh_N
1345,Clo1313_0902,VanZ
1346,Clo1313_0903,SSB
1347,Clo1313_0904,Bac_transf
1348,Clo1313_0904,CoA_binding_3
1349,Clo1313_0905,Ribosomal_S21
1350,Clo1313_0906,YqeY
1351,Clo1313_0907,DHH
1352,Clo1313_0907,DHHA1
1353,Clo1313_0907,ssDNA-exonuc_C
1354,Clo1313_0908,Pribosyltran
1355,Clo1313_0909,ACT_4
1356,Clo1313_0909,HD_4
1357,Clo1313_0909,RelA_SpoT
1358,Clo1313_0909,TGS
1359,Clo1313_0910,Tyr_Deacylase
1360,Clo1313_0911,Lactamase_B
1361,Clo1313_0912,Radical_SAM
1362,Clo1313_0913,AAA_31
1363,Clo1313_0914,T2SSE
1364,Clo1313_0915,T2SSF
1365,Clo1313_0916,T2SSF
1366,Clo1313_0917,Flp1_like
1367,Clo1313_0918,TadE
1368,Clo1313_0919,Peptidase_A24
1369,Clo1313_0920,FHA
1370,Clo1313_0921,-
1371,Clo1313_0922,HGTP_anticodon
1372,Clo1313_0922,tRNA-synt_His
1373,Clo1313_0923,GAD
1374,Clo1313_0923,tRNA-synt_2
1375,Clo1313_0923,tRNA_anti-codon
1376,Clo1313_0924,Peptidase_S24
1377,Clo1313_0925,BcrAD_BadFG
1378,Clo1313_0925,DUF2229
1379,Clo1313_0925,HGD-D
1380,Clo1313_0926,-
1381,Clo1313_0927,SpoIIP
1382,Clo1313_0928,-
1383,Clo1313_0929,EFG_C
1384,Clo1313_0929,GTP_EFTU
1385,Clo1313_0929,GTP_EFTU_D2
1386,Clo1313_0929,LepA_C
1387,Clo1313_0930,HemN_C
1388,Clo1313_0930,Radical_SAM
1389,Clo1313_0931,HrcA
1390,Clo1313_0931,HrcA_DNA-bdg
1391,Clo1313_0932,GrpE
1392,Clo1313_0933,HSP70
1393,Clo1313_0934,DnaJ
1394,Clo1313_0934,DnaJ_C
1395,Clo1313_0934,DnaJ_CXXCXGXG
1396,Clo1313_0935,PrmA
1397,Clo1313_0936,Methyltrans_RNA
1398,Clo1313_0937,Response_reg
1399,Clo1313_0939,DUF1732
1400,Clo1313_0939,YicC_N
1401,Clo1313_0940,DUF370
1402,Clo1313_0941,Guanylate_kin
1403,Clo1313_0942,RNA_pol_Rpb6
1404,Clo1313_0943,DFP
1405,Clo1313_0943,Flavoprotein
1406,Clo1313_0944,HGTP_anticodon
1407,Clo1313_0944,tRNA-synt_2b
1408,Clo1313_0945,HATPase_c_5
1409,Clo1313_0947,AgrB
1410,Clo1313_0948,Fer4_12
1411,Clo1313_0948,Fer4_14
1412,Clo1313_0948,Radical_SAM
1413,Clo1313_0948,SPASM
1414,Clo1313_0949,PEP-utilizers
1415,Clo1313_0949,PEP-utilizers_C
1416,Clo1313_0949,PPDK_N
1417,Clo1313_0950,ASH
1418,Clo1313_0950,Cohesin
1419,Clo1313_0950,He_PIG
1420,Clo1313_0950,SLH
1421,Clo1313_0950,fn3
1422,Clo1313_0951,-
1423,Clo1313_0952,Cupin_2
1424,Clo1313_0953,PIN_4
1425,Clo1313_0953,PhoH
1426,Clo1313_0954,Glyco_transf_4
1427,Clo1313_0954,Glycos_transf_1
1428,Clo1313_0955,Lactamase_B
1429,Clo1313_0955,Lactamase_B_2
1430,Clo1313_0955,RMMBL
1431,Clo1313_0956,HIGH_NTase1
1432,Clo1313_0957,-
1433,Clo1313_0958,-
1434,Clo1313_0959,Ribosomal_L25p
1435,Clo1313_0959,Ribosomal_TL5_C
1436,Clo1313_0960,DBI_PRT
1437,Clo1313_0961,-
1438,Clo1313_0962,5-FTHF_cyc-lig
1439,Clo1313_0964,Recombinase
1440,Clo1313_0964,Resolvase
1441,Clo1313_0964,Zn_ribbon_recom
1442,Clo1313_0965,HD
1443,Clo1313_0965,HD_5
1444,Clo1313_0966,Metalloenzyme
1445,Clo1313_0966,PhosphMutase
1446,Clo1313_0967,Amidohydro_2
1447,Clo1313_0968,-
1448,Clo1313_0969,-
1449,Clo1313_0970,Response_reg
1450,Clo1313_0970,Trans_reg_C
1451,Clo1313_0971,HAMP
1452,Clo1313_0971,HATPase_c
1453,Clo1313_0971,HisKA
1454,Clo1313_0972,PDZ_2
1455,Clo1313_0972,Trypsin_2
1456,Clo1313_0973,HD
1457,Clo1313_0973,dCache_1
1458,Clo1313_0974,Glyco_transf_5
1459,Clo1313_0974,Glycos_transf_1
1460,Clo1313_0974,HHH_3
1461,Clo1313_0975,EndIII_4Fe-2S
1462,Clo1313_0975,HhH-GPD
1463,Clo1313_0976,GGDEF
1464,Clo1313_0977,PsbP
1465,Clo1313_0978,Transgly_assoc
1466,Clo1313_0979,Ribosomal_L28
1467,Clo1313_0980,DEAD
1468,Clo1313_0980,Helicase_C
1469,Clo1313_0980,RecG_wedge
1470,Clo1313_0981,Cons_hypoth95
1471,Clo1313_0982,CTP_transf_like
1472,Clo1313_0983,-
1473,Clo1313_0984,Gate
1474,Clo1313_0985,AbfB
1475,Clo1313_0985,RsgI_N
1476,Clo1313_0986,Sigma70_r2
1477,Clo1313_0987,AbfB
1478,Clo1313_0987,Big_3
1479,Clo1313_0987,CBM_2
1480,Clo1313_0987,CBM_4_9
1481,Clo1313_0987,CBM_6
1482,Clo1313_0987,Dockerin_1
1483,Clo1313_0987,Esterase
1484,Clo1313_0987,Glyco_hydro_43
1485,Clo1313_0987,RicinB_lectin_2
1486,Clo1313_0988,Dockerin_1
1487,Clo1313_0988,Serpin
1488,Clo1313_0989,DUF362
1489,Clo1313_0990,DegS
1490,Clo1313_0990,HATPase_c
1491,Clo1313_0990,HisKA_3
1492,Clo1313_0991,GerE
1493,Clo1313_0991,Response_reg
1494,Clo1313_0992,MCPsignal
1495,Clo1313_0992,dCache_1
1496,Clo1313_0993,PGM_PMM_I
1497,Clo1313_0993,PGM_PMM_II
1498,Clo1313_0993,PGM_PMM_III
1499,Clo1313_0993,PGM_PMM_IV
1500,Clo1313_0994,DNA_pol3_alpha
1501,Clo1313_0994,HHH_6
1502,Clo1313_0994,PHP
1503,Clo1313_0994,tRNA_anti-codon
1504,Clo1313_0995,TrpBP
1505,Clo1313_0996,-
1506,Clo1313_0997,PFK
1507,Clo1313_0998,4HBT
1508,Clo1313_0998,4HBT_2
1509,Clo1313_0999,CDP-OH_P_transf
1510,Clo1313_1000,Cu_amine_oxidN1
1511,Clo1313_1000,Glyco_hydro_18
1512,Clo1313_1001,CBM_3
1513,Clo1313_1001,CBM_4_9
1514,Clo1313_1001,VWA
1515,Clo1313_1002,Fn3-like
1516,Clo1313_1002,Glyco_hydro_3
1517,Clo1313_1002,Glyco_hydro_3_C
1518,Clo1313_1003,-
1519,Clo1313_1004,YmaF
1520,Clo1313_1005,PPDK_N
1521,Clo1313_1006,Mem_trans
1522,Clo1313_1007,Xan_ur_permease
1523,Clo1313_1008,AIRC
1524,Clo1313_1009,GATase_6
1525,Clo1313_1009,GATase_7
1526,Clo1313_1009,Pribosyltran
1527,Clo1313_1010,AIRS
1528,Clo1313_1010,AIRS_C
1529,Clo1313_1011,Formyl_trans_N
1530,Clo1313_1012,AICARFT_IMPCHas
1531,Clo1313_1012,MGS
1532,Clo1313_1013,GARS_A
1533,Clo1313_1013,GARS_C
1534,Clo1313_1013,GARS_N
1535,Clo1313_1014,Glyco_tranf_2_5
1536,Clo1313_1014,Glycos_transf_2
1537,Clo1313_1015,Acetyltransf_10
1538,Clo1313_1016,CTP_transf_like
1539,Clo1313_1017,CTP_transf_like
1540,Clo1313_1017,HD
1541,Clo1313_1018,LytR_C
1542,Clo1313_1019,RsfS
1543,Clo1313_1020,Anticodon_1
1544,Clo1313_1020,tRNA-synt_1
1545,Clo1313_1020,tRNA-synt_1_2
1546,Clo1313_1021,CARDB
1547,Clo1313_1021,PKD
1548,Clo1313_1021,Paired_CXXCH_1
1549,Clo1313_1021,SLH
1550,Clo1313_1021,fn3
1551,Clo1313_1022,MCPsignal
1552,Clo1313_1023,MCPsignal
1553,Clo1313_1024,AMP-binding
1554,Clo1313_1024,AMP-binding_C
1555,Clo1313_1025,PBP5_C
1556,Clo1313_1025,Peptidase_S11
1557,Clo1313_1026,HHH_3
1558,Clo1313_1026,SLBB
1559,Clo1313_1027,Germane
1560,Clo1313_1029,HGTP_anticodon
1561,Clo1313_1029,TGS
1562,Clo1313_1029,tRNA-synt_2b
1563,Clo1313_1029,tRNA_SAD
1564,Clo1313_1030,Thymidylat_synt
1565,Clo1313_1031,DHFR_1
1566,Clo1313_1032,IF3_C
1567,Clo1313_1032,IF3_N
1568,Clo1313_1033,Ribosomal_L35p
1569,Clo1313_1034,Ribosomal_L20
1570,Clo1313_1035,SpoU_methylase
1571,Clo1313_1035,SpoU_sub_bind
1572,Clo1313_1036,DUF3131
1573,Clo1313_1036,Glyco_hydro_36
1574,Clo1313_1036,Glyco_transf_36
1575,Clo1313_1036,Glycoamylase
1576,Clo1313_1037,-
1577,Clo1313_1038,DUF3810
1578,Clo1313_1039,Leu_Phe_trans
1579,Clo1313_1040,AAA
1580,Clo1313_1040,AAA_2
1581,Clo1313_1040,ClpB_D2-small
1582,Clo1313_1040,Clp_N
1583,Clo1313_1041,ClpS
1584,Clo1313_1042,TauE
1585,Clo1313_1043,TauE
1586,Clo1313_1044,-
1587,Clo1313_1045,-
1588,Clo1313_1046,PALP
1589,Clo1313_1047,-
1590,Clo1313_1048,-
1591,Clo1313_1049,Acetyltransf_3
1592,Clo1313_1050,-
1593,Clo1313_1051,BPD_transp_1
1594,Clo1313_1051,DUF2141
1595,Clo1313_1051,PMT_2
1596,Clo1313_1052,AAA_PrkA
1597,Clo1313_1052,PrkA
1598,Clo1313_1053,DUF444
1599,Clo1313_1054,SpoVR
1600,Clo1313_1055,MFS_1_like
1601,Clo1313_1056,PNP_UDP_1
1602,Clo1313_1057,AdoHcyase
1603,Clo1313_1057,AdoHcyase_NAD
1604,Clo1313_1058,Amidohydro_1
1605,Clo1313_1059,PT-HINT
1606,Clo1313_1059,WHH
1607,Clo1313_1060,PT-HINT
1608,Clo1313_1060,WHH
1609,Clo1313_1065,DUF1910
1610,Clo1313_1065,DUF1911
1611,Clo1313_1066,Transposase_mut
1612,Clo1313_1067,BsuPI
1613,Clo1313_1068,HAD_2
1614,Clo1313_1069,-
1615,Clo1313_1070,ABC_tran
1616,Clo1313_1071,ABC2_membrane_6
1617,Clo1313_1072,ABC2_membrane_6
1618,Clo1313_1073,Abhydrolase_3
1619,Clo1313_1074,AATase
1620,Clo1313_1075,-
1621,Clo1313_1076,AAA_3
1622,Clo1313_1077,DUF58
1623,Clo1313_1078,DUF4129
1624,Clo1313_1078,Transglut_core
1625,Clo1313_1079,-
1626,Clo1313_1080,SspH
1627,Clo1313_1081,Isochorismatase
1628,Clo1313_1082,NAPRTase
1629,Clo1313_1082,QRPTase_C
1630,Clo1313_1082,QRPTase_N
1631,Clo1313_1083,CheX
1632,Clo1313_1084,DUF155
1633,Clo1313_1085,DUF155
1634,Clo1313_1086,-
1635,Clo1313_1087,DUF362
1636,Clo1313_1087,Fer4
1637,Clo1313_1087,Fer4_10
1638,Clo1313_1087,Fer4_7
1639,Clo1313_1089,PBP5_C
1640,Clo1313_1089,Peptidase_S11
1641,Clo1313_1090,DapB_C
1642,Clo1313_1090,DapB_N
1643,Clo1313_1091,Beta-lactamase2
1644,Clo1313_1091,DUF4214
1645,Clo1313_1093,AMMECR1
1646,Clo1313_1093,LigB
1647,Clo1313_1094,Fer4_12
1648,Clo1313_1094,Radical_SAM
1649,Clo1313_1095,DisA_N
1650,Clo1313_1096,YbbR
1651,Clo1313_1097,HI0933_like
1652,Clo1313_1097,NAD_binding_8
1653,Clo1313_1097,Pyr_redox_2
1654,Clo1313_1098,PGM_PMM_I
1655,Clo1313_1098,PGM_PMM_II
1656,Clo1313_1098,PGM_PMM_III
1657,Clo1313_1098,PGM_PMM_IV
1658,Clo1313_1099,GATase_6
1659,Clo1313_1099,SIS
1660,Clo1313_1100,HTH_5
1661,Clo1313_1101,SBF
1662,Clo1313_1102,LMWPc
1663,Clo1313_1103,ArsP_1
1664,Clo1313_1104,HTH_21
1665,Clo1313_1104,HTH_Tnp_1
1666,Clo1313_1104,rve
1667,Clo1313_1106,T2SSE
1668,Clo1313_1106,T2SSE_N
1669,Clo1313_1107,T2SSE
1670,Clo1313_1108,T2SSF
1671,Clo1313_1109,N_methyl
1672,Clo1313_1110,N_methyl
1673,Clo1313_1111,-
1674,Clo1313_1112,-
1675,Clo1313_1113,N_methyl
1676,Clo1313_1114,-
1677,Clo1313_1115,-
1678,Clo1313_1116,CLP_protease
1679,Clo1313_1117,YlzJ
1680,Clo1313_1118,FtsK_4TM
1681,Clo1313_1118,FtsK_SpoIIIE
1682,Clo1313_1118,Ftsk_gamma
1683,Clo1313_1119,DUF3362
1684,Clo1313_1119,Radical_SAM
1685,Clo1313_1119,Radical_SAM_N
1686,Clo1313_1120,THF_DHG_CYH
1687,Clo1313_1120,THF_DHG_CYH_C
1688,Clo1313_1121,-
1689,Clo1313_1122,DUF3552
1690,Clo1313_1122,HD
1691,Clo1313_1122,KH_1
1692,Clo1313_1123,YmdB
1693,Clo1313_1124,SpoVS
1694,Clo1313_1125,Cytochrome_C554
1695,Clo1313_1125,DUF1863
1696,Clo1313_1125,TIR_2
1697,Clo1313_1126,DUF3343
1698,Clo1313_1127,GDP_Man_Dehyd
1699,Clo1313_1128,Glyco_transf_4
1700,Clo1313_1128,Glycos_transf_1
1701,Clo1313_1129,APH
1702,Clo1313_1130,APH
1703,Clo1313_1132,-
1704,Clo1313_1133,CBM53
1705,Clo1313_1134,Hexapep
1706,Clo1313_1134,NTP_transferase
1707,Clo1313_1134,PGM_PMM_I
1708,Clo1313_1135,-
1709,Clo1313_1136,-
1710,Clo1313_1137,DUF881
1711,Clo1313_1138,DUF881
1712,Clo1313_1139,Polysacc_deac_1
1713,Clo1313_1140,YabP
1714,Clo1313_1141,YqfD
1715,Clo1313_1142,PhoH
1716,Clo1313_1143,7TM-7TMR_HD
1717,Clo1313_1143,7TMR-HDED
1718,Clo1313_1143,HD
1719,Clo1313_1144,UPF0054
1720,Clo1313_1145,dCMP_cyt_deam_1
1721,Clo1313_1146,KH_2
1722,Clo1313_1146,MMR_HSR1
1723,Clo1313_1147,YqzL
1724,Clo1313_1148,RecO_C
1725,Clo1313_1148,RecO_N
1726,Clo1313_1149,PilZ
1727,Clo1313_1150,Aminotran_5
1728,Clo1313_1151,THUMP
1729,Clo1313_1151,ThiI
1730,Clo1313_1152,G5
1731,Clo1313_1152,PG_binding_4
1732,Clo1313_1152,VanW
1733,Clo1313_1153,DUF2225
1734,Clo1313_1153,cNMP_binding
1735,Clo1313_1154,AIRS
1736,Clo1313_1154,AIRS_C
1737,Clo1313_1155,SHMT
1738,Clo1313_1156,PspC
1739,Clo1313_1157,DUF4129
1740,Clo1313_1157,Transglut_core
1741,Clo1313_1158,DUF58
1742,Clo1313_1159,AAA_3
1743,Clo1313_1160,Ldh_1_C
1744,Clo1313_1160,Ldh_1_N
1745,Clo1313_1161,CinA
1746,Clo1313_1161,MoCF_biosynth
1747,Clo1313_1162,MVIN
1748,Clo1313_1163,RecA
1749,Clo1313_1164,RecX
1750,Clo1313_1165,Rhomboid
1751,Clo1313_1166,-
1752,Clo1313_1167,SBP_bac_1
1753,Clo1313_1171,NTP_transf_2
1754,Clo1313_1172,Mur_ligase_C
1755,Clo1313_1172,Mur_ligase_M
1756,Clo1313_1173,DNA_pol3_delta
1757,Clo1313_1174,Ribosomal_S20p
1758,Clo1313_1175,Peptidase_A25
1759,Clo1313_1176,Amidase_3
1760,Clo1313_1177,Peptidase_M50B
1761,Clo1313_1178,BRCT
1762,Clo1313_1178,DNA_ligase_OB
1763,Clo1313_1178,DNA_ligase_ZBD
1764,Clo1313_1178,DNA_ligase_aden
1765,Clo1313_1178,HHH_2
1766,Clo1313_1178,HHH_5
1767,Clo1313_1180,-
1768,Clo1313_1181,Glu-tRNAGln
1769,Clo1313_1182,Amidase
1770,Clo1313_1183,GatB_N
1771,Clo1313_1183,GatB_Yqey
1772,Clo1313_1184,TPR_16
1773,Clo1313_1184,TPR_2
1774,Clo1313_1184,TPR_7
1775,Clo1313_1184,TPR_8
1776,Clo1313_1185,PTA_PTB
1777,Clo1313_1186,Acetate_kinase
1778,Clo1313_1187,DUF177
1779,Clo1313_1188,Ribosomal_L32p
1780,Clo1313_1189,DUF512
1781,Clo1313_1189,PDZ
1782,Clo1313_1189,PDZ_2
1783,Clo1313_1189,Radical_SAM
1784,Clo1313_1190,KH_dom-like
1785,Clo1313_1190,MMR_HSR1
1786,Clo1313_1191,G3P_acyltransf
1787,Clo1313_1192,NAD_Gly3P_dh_C
1788,Clo1313_1192,NAD_Gly3P_dh_N
1789,Clo1313_1193,Spore_IV_A
1790,Clo1313_1194,SBP_bac_1
1791,Clo1313_1194,SBP_bac_8
1792,Clo1313_1195,BPD_transp_1
1793,Clo1313_1196,BPD_transp_1
1794,Clo1313_1197,-
1795,Clo1313_1198,AMIN
1796,Clo1313_1198,Amidase_3
1797,Clo1313_1198,Cu_amine_oxidN1
1798,Clo1313_1199,DUF3842
1799,Clo1313_1200,-
1800,Clo1313_1201,MutS_V
1801,Clo1313_1201,Smr
1802,Clo1313_1202,AI-2E_transport
1803,Clo1313_1203,Sigma70_r2
1804,Clo1313_1203,Sigma70_r4
1805,Clo1313_1204,PBP_dimer
1806,Clo1313_1204,Transpeptidase
1807,Clo1313_1205,Peptidase_U32
1808,Clo1313_1205,Peptidase_U32_C
1809,Clo1313_1206,Methyltransf_3
1810,Clo1313_1207,YceG
1811,Clo1313_1208,EFG_C
1812,Clo1313_1208,EFG_II
1813,Clo1313_1208,GTP_EFTU
1814,Clo1313_1208,GTP_EFTU_D2
1815,Clo1313_1209,Ribosomal_S2
1816,Clo1313_1210,EF_TS
1817,Clo1313_1211,AA_kinase
1818,Clo1313_1212,RRF
1819,Clo1313_1213,-
1820,Clo1313_1214,Prenyltransf
1821,Clo1313_1215,CTP_transf_1
1822,Clo1313_1216,DXPR_C
1823,Clo1313_1216,DXP_redisom_C
1824,Clo1313_1216,DXP_reductoisom
1825,Clo1313_1217,PDZ
1826,Clo1313_1217,PDZ_2
1827,Clo1313_1217,Peptidase_M50
1828,Clo1313_1218,GcpE
1829,Clo1313_1219,DNA_pol3_a_NI
1830,Clo1313_1219,DNA_pol3_a_NII
1831,Clo1313_1219,DNA_pol3_alpha
1832,Clo1313_1219,HHH_6
1833,Clo1313_1219,PHP
1834,Clo1313_1219,RNase_T
1835,Clo1313_1219,tRNA_anti-codon
1836,Clo1313_1221,DUF150
1837,Clo1313_1221,DUF150_C
1838,Clo1313_1222,KH_5
1839,Clo1313_1222,NusA_N
1840,Clo1313_1222,S1
1841,Clo1313_1223,DUF448
1842,Clo1313_1224,Ribosomal_L7Ae
1843,Clo1313_1225,GTP_EFTU
1844,Clo1313_1225,IF-2
1845,Clo1313_1225,IF2_N
1846,Clo1313_1226,RBFA
1847,Clo1313_1227,DHH
1848,Clo1313_1227,DHHA1
1849,Clo1313_1228,TruB-C_2
1850,Clo1313_1228,TruB_C_2
1851,Clo1313_1228,TruB_N
1852,Clo1313_1229,FAD_syn
1853,Clo1313_1229,Flavokinase
1854,Clo1313_1230,-
1855,Clo1313_1231,Peptidase_M16_C
1856,Clo1313_1232,Peptidase_M16
1857,Clo1313_1232,Peptidase_M16_C
1858,Clo1313_1233,LGT
1859,Clo1313_1234,SpoOE-like
1860,Clo1313_1235,FTSW_RODA_SPOVE
1861,Clo1313_1236,MraZ
1862,Clo1313_1237,Methyltransf_5
1863,Clo1313_1238,DivIC
1864,Clo1313_1238,FtsL
1865,Clo1313_1239,PASTA
1866,Clo1313_1239,PBP_dimer
1867,Clo1313_1239,Transpeptidase
1868,Clo1313_1240,Mur_ligase
1869,Clo1313_1240,Mur_ligase_C
1870,Clo1313_1240,Mur_ligase_M
1871,Clo1313_1241,Mur_ligase
1872,Clo1313_1241,Mur_ligase_C
1873,Clo1313_1241,Mur_ligase_M
1874,Clo1313_1242,Glycos_transf_4
1875,Clo1313_1242,MraY_sig1
1876,Clo1313_1243,FTSW_RODA_SPOVE
1877,Clo1313_1244,Glyco_tran_28_C
1878,Clo1313_1244,Glyco_transf_28
1879,Clo1313_1245,EPSP_synthase
1880,Clo1313_1248,Transposase_mut
1881,Clo1313_1249,UvrD-helicase
1882,Clo1313_1249,UvrD_C
1883,Clo1313_1250,Cu_amine_oxidN1
1884,Clo1313_1250,Polysacc_deac_1
1885,Clo1313_1251,CobA_CobO_BtuR
1886,Clo1313_1252,ACT
1887,Clo1313_1252,ACT_7
1888,Clo1313_1253,DapB_C
1889,Clo1313_1253,DapB_N
1890,Clo1313_1254,DHDPS
1891,Clo1313_1255,Semialdhyde_dh
1892,Clo1313_1255,Semialdhyde_dhC
1893,Clo1313_1256,PG_binding_1
1894,Clo1313_1256,SpoIID
1895,Clo1313_1256,Y_Y_Y
1896,Clo1313_1257,Queuosine_synth
1897,Clo1313_1258,TGT
1898,Clo1313_1259,YajC
1899,Clo1313_1260,CBM53
1900,Clo1313_1261,DUF3792
1901,Clo1313_1262,Pribosyltran
1902,Clo1313_1264,OTCace
1903,Clo1313_1264,OTCace_N
1904,Clo1313_1264,PyrI_C
1905,Clo1313_1265,Amidohydro_1
1906,Clo1313_1266,OMPdecase
1907,Clo1313_1267,CPSase_sm_chain
1908,Clo1313_1267,GATase
1909,Clo1313_1268,CPSase_L_D2
1910,Clo1313_1268,CPSase_L_D3
1911,Clo1313_1268,DAP_epimerase
1912,Clo1313_1268,MGS
1913,Clo1313_1269,DHODB_Fe-S_bind
1914,Clo1313_1269,FAD_binding_6
1915,Clo1313_1269,NAD_binding_1
1916,Clo1313_1270,DHO_dh
1917,Clo1313_1271,Acetyltransf_1
1918,Clo1313_1271,His_Phos_1
1919,Clo1313_1272,Metallophos
1920,Clo1313_1272,Metallophos_2
1921,Clo1313_1273,AAA_15
1922,Clo1313_1273,AAA_23
1923,Clo1313_1273,Rad50_zn_hook
1924,Clo1313_1274,-
1925,Clo1313_1275,Radical_SAM
1926,Clo1313_1275,TRAM
1927,Clo1313_1275,UPF0004
1928,Clo1313_1276,CDP-OH_P_transf
1929,Clo1313_1279,4HBT
1930,Clo1313_1279,HTH_DeoR
1931,Clo1313_1280,FA_synthesis
1932,Clo1313_1281,ACP_syn_III
1933,Clo1313_1281,ACP_syn_III_C
1934,Clo1313_1282,Acyl_transf_1
1935,Clo1313_1283,adh_short_C2
1936,Clo1313_1284,PP-binding
1937,Clo1313_1285,Ketoacyl-synt_C
1938,Clo1313_1285,ketoacyl-synt
1939,Clo1313_1286,Ribonucleas_3_3
1940,Clo1313_1286,dsrm
1941,Clo1313_1287,Fer4_12
1942,Clo1313_1287,Fer4_14
1943,Clo1313_1287,Radical_SAM
1944,Clo1313_1287,Radical_SAM_C
1945,Clo1313_1288,SpoVS
1946,Clo1313_1289,PdxA
1947,Clo1313_1290,SMC_N
1948,Clo1313_1290,SMC_hinge
1949,Clo1313_1291,SRP54
1950,Clo1313_1291,SRP54_N
1951,Clo1313_1292,DUF218
1952,Clo1313_1293,-
1953,Clo1313_1294,-
1954,Clo1313_1295,DAPDH_C
1955,Clo1313_1295,DapB_N
1956,Clo1313_1296,-
1957,Clo1313_1297,CARDB
1958,Clo1313_1297,PKD
1959,Clo1313_1297,Paired_CXXCH_1
1960,Clo1313_1297,SLH
1961,Clo1313_1297,fn3
1962,Clo1313_1298,HTH_21
1963,Clo1313_1298,HTH_Tnp_1
1964,Clo1313_1298,rve
1965,Clo1313_1299,CARDB
1966,Clo1313_1299,PKD
1967,Clo1313_1299,Paired_CXXCH_1
1968,Clo1313_1299,SLH
1969,Clo1313_1299,fn3
1970,Clo1313_1300,LRR_5
1971,Clo1313_1301,tRNA-synt_1c
1972,Clo1313_1301,tRNA-synt_1c_C
1973,Clo1313_1302,-
1974,Clo1313_1303,-
1975,Clo1313_1304,DUF2339
1976,Clo1313_1305,CBM_4_9
1977,Clo1313_1305,Esterase
1978,Clo1313_1305,Glyco_hydro_10
1979,Clo1313_1306,Cu-oxidase_4
1980,Clo1313_1308,SBP_bac_5
1981,Clo1313_1309,Peptidase_A8
1982,Clo1313_1310,PseudoU_synth_2
1983,Clo1313_1310,S4
1984,Clo1313_1311,SCIFF
1985,Clo1313_1312,Fer4_12
1986,Clo1313_1312,Radical_SAM
1987,Clo1313_1312,SPASM
1988,Clo1313_1313,HD
1989,Clo1313_1314,SecD_SecF
1990,Clo1313_1315,SecD_SecF
1991,Clo1313_1315,Sec_GG
1992,Clo1313_1316,Pantoate_transf
1993,Clo1313_1317,Pantoate_ligase
1994,Clo1313_1318,Asp_decarbox
1995,Clo1313_1319,-
1996,Clo1313_1320,HD
1997,Clo1313_1321,HD
1998,Clo1313_1321,HD_assoc
1999,Clo1313_1323,DnaB
2000,Clo1313_1323,DnaB_bind
2001,Clo1313_1323,Toprim_2
2002,Clo1313_1323,Toprim_4
2003,Clo1313_1323,Toprim_N
2004,Clo1313_1323,zf-CHC2
2005,Clo1313_1324,Sigma70_r1_1
2006,Clo1313_1324,Sigma70_r1_2
2007,Clo1313_1324,Sigma70_r2
2008,Clo1313_1324,Sigma70_r3
2009,Clo1313_1324,Sigma70_r4
2010,Clo1313_1325,Rubrerythrin
2011,Clo1313_1327,Methyltransf_18
2012,Clo1313_1327,TrmK
2013,Clo1313_1328,NIF3
2014,Clo1313_1329,Response_reg
2015,Clo1313_1330,Sigma70_r2
2016,Clo1313_1330,Sigma70_r4_2
2017,Clo1313_1331,zf-HC2
2018,Clo1313_1332,PilZ
2019,Clo1313_1333,-
2020,Clo1313_1334,5_3_exonuc
2021,Clo1313_1334,5_3_exonuc_N
2022,Clo1313_1334,DNA_pol_A
2023,Clo1313_1334,DNA_pol_A_exo1
2024,Clo1313_1335,CoaE
2025,Clo1313_1336,SLT
2026,Clo1313_1337,-
2027,Clo1313_1338,EamA
2028,Clo1313_1339,5TM-5TMR_LYT
2029,Clo1313_1339,GGDEF
2030,Clo1313_1340,DAHP_synth_1
2031,Clo1313_1341,CheW
2032,Clo1313_1342,MMR_HSR1
2033,Clo1313_1342,YchF-GTPase_C
2034,Clo1313_1343,PMT_2
2035,Clo1313_1344,Anth_synt_I_N
2036,Clo1313_1344,Chorismate_bind
2037,Clo1313_1345,GATase
2038,Clo1313_1346,Glycos_trans_3N
2039,Clo1313_1346,Glycos_transf_3
2040,Clo1313_1347,IGPS
2041,Clo1313_1348,PRAI
2042,Clo1313_1349,FMN_red
2043,Clo1313_1351,CbiA
2044,Clo1313_1351,ParA
2045,Clo1313_1352,PilZ
2046,Clo1313_1353,Fer4
2047,Clo1313_1353,Fer4_4
2048,Clo1313_1353,Fer4_7
2049,Clo1313_1354,PFOR_II
2050,Clo1313_1354,POR_N
2051,Clo1313_1355,TPP_enzyme_C
2052,Clo1313_1356,POR
2053,Clo1313_1357,GSIII_N
2054,Clo1313_1357,Gln-synt_C
2055,Clo1313_1358,YmaF
2056,Clo1313_1359,LytR_cpsA_psr
2057,Clo1313_1360,Rubrerythrin
2058,Clo1313_1362,YdfA_immunity
2059,Clo1313_1363,NfeD
2060,Clo1313_1364,Aminotran_4
2061,Clo1313_1365,HAD_2
2062,Clo1313_1365,Hydrolase
2063,Clo1313_1365,Hydrolase_like
2064,Clo1313_1365,PGP_phosphatase
2065,Clo1313_1366,CM_2
2066,Clo1313_1366,SKI
2067,Clo1313_1366,Shikimate_DH
2068,Clo1313_1366,Shikimate_dh_N
2069,Clo1313_1367,T2SSE
2070,Clo1313_1367,T2SSE_N
2071,Clo1313_1368,DiS_P_DiS
2072,Clo1313_1368,Peptidase_A24
2073,Clo1313_1369,ComFB
2074,Clo1313_1370,AP_endonuc_2
2075,Clo1313_1371,DHquinase_II
2076,Clo1313_1372,Creatinase_N
2077,Clo1313_1372,Peptidase_M24
2078,Clo1313_1373,EFP
2079,Clo1313_1373,EFP_N
2080,Clo1313_1373,Elong-fact-P_C
2081,Clo1313_1374,-
2082,Clo1313_1375,Y1_Tnp
2083,Clo1313_1376,T2SSE
2084,Clo1313_1377,Spore_III_AB
2085,Clo1313_1378,SpoIIIAC
2086,Clo1313_1379,SpoIIIAC
2087,Clo1313_1380,Spore_III_AE
2088,Clo1313_1381,Spore_III_AF
2089,Clo1313_1382,-
2090,Clo1313_1383,SpoIIIAH
2091,Clo1313_1384,Asp23
2092,Clo1313_1385,Asp23
2093,Clo1313_1386,DUF2273
2094,Clo1313_1387,NusB
2095,Clo1313_1388,Exonuc_VII_L
2096,Clo1313_1388,tRNA_anti_2
2097,Clo1313_1389,Exonuc_VII_S
2098,Clo1313_1390,polyprenyl_synt
2099,Clo1313_1391,DUF212
2100,Clo1313_1392,-
2101,Clo1313_1393,DXP_synthase_N
2102,Clo1313_1393,Transket_pyr
2103,Clo1313_1393,Transketolase_C
2104,Clo1313_1394,FtsJ
2105,Clo1313_1394,S4
2106,Clo1313_1396,CelD_N
2107,Clo1313_1396,Dockerin_1
2108,Clo1313_1396,Glyco_hydro_9
2109,Clo1313_1397,Cu_amine_oxidN1
2110,Clo1313_1398,CBM_35
2111,Clo1313_1398,Cellulase
2112,Clo1313_1398,Dockerin_1
2113,Clo1313_1401,ABC_tran
2114,Clo1313_1404,AAA_16
2115,Clo1313_1404,GGDEF
2116,Clo1313_1404,Pkinase
2117,Clo1313_1404,TPR_12
2118,Clo1313_1404,TPR_8
2119,Clo1313_1405,NAD_kinase
2120,Clo1313_1406,Arg_repressor
2121,Clo1313_1406,Arg_repressor_C
2122,Clo1313_1407,AAA_23
2123,Clo1313_1407,SMC_N
2124,Clo1313_1408,PDZ_2
2125,Clo1313_1408,Peptidase_S55
2126,Clo1313_1409,Response_reg
2127,Clo1313_1409,Spo0A_C
2128,Clo1313_1410,Response_reg
2129,Clo1313_1411,CheW
2130,Clo1313_1411,H-kinase_dim
2131,Clo1313_1411,HATPase_c
2132,Clo1313_1411,Hpt
2133,Clo1313_1411,P2
2134,Clo1313_1412,CheW
2135,Clo1313_1413,CheR
2136,Clo1313_1413,CheR_N
2137,Clo1313_1414,CheB_methylest
2138,Clo1313_1414,Response_reg
2139,Clo1313_1415,HATPase_c
2140,Clo1313_1415,HisKA
2141,Clo1313_1415,PAS
2142,Clo1313_1415,PAS_3
2143,Clo1313_1415,PAS_4
2144,Clo1313_1415,PAS_9
2145,Clo1313_1415,Response_reg
2146,Clo1313_1416,Response_reg
2147,Clo1313_1417,MerR_1
2148,Clo1313_1418,PseudoU_synth_2
2149,Clo1313_1418,S4
2150,Clo1313_1421,Transposase_mut
2151,Clo1313_1422,HATPase_c
2152,Clo1313_1422,HisKA
2153,Clo1313_1423,Response_reg
2154,Clo1313_1423,Trans_reg_C
2155,Clo1313_1424,Dockerin_1
2156,Clo1313_1424,Lipase_GDSL_2
2157,Clo1313_1425,CBM_2
2158,Clo1313_1425,Cellulase
2159,Clo1313_1425,Dockerin_1
2160,Clo1313_1425,Lipase_GDSL_2
2161,Clo1313_1426,Alpha-amylase
2162,Clo1313_1426,Alpha-amylase_N
2163,Clo1313_1426,Malt_amylase_C
2164,Clo1313_1427,Met_gamma_lyase
2165,Clo1313_1428,-
2166,Clo1313_1429,Ala_racemase_N
2167,Clo1313_1430,SepF
2168,Clo1313_1431,YGGT
2169,Clo1313_1432,S4
2170,Clo1313_1433,DivIVA
2171,Clo1313_1434,Anticodon_1
2172,Clo1313_1434,tRNA-synt_1
2173,Clo1313_1434,zf-FPG_IleRS
2174,Clo1313_1435,DHQ_synthase
2175,Clo1313_1436,-
2176,Clo1313_1437,-
2177,Clo1313_1438,Radical_SAM
2178,Clo1313_1438,TRAM
2179,Clo1313_1438,UPF0004
2180,Clo1313_1439,ABC_sub_bind
2181,Clo1313_1440,HAMP
2182,Clo1313_1440,MCPsignal
2183,Clo1313_1440,sCache_3_3
2184,Clo1313_1441,Acetyltransf_10
2185,Clo1313_1442,HAD_2
2186,Clo1313_1443,CAP
2187,Clo1313_1443,CAP_assoc_N
2188,Clo1313_1443,Cu_amine_oxidN1
2189,Clo1313_1444,Com_YlbF
2190,Clo1313_1445,MutS_I
2191,Clo1313_1445,MutS_II
2192,Clo1313_1445,MutS_III
2193,Clo1313_1445,MutS_IV
2194,Clo1313_1445,MutS_V
2195,Clo1313_1446,DNA_mis_repair
2196,Clo1313_1446,HATPase_c_3
2197,Clo1313_1446,MutL_C
2198,Clo1313_1447,IPPT
2199,Clo1313_1448,Hfq
2200,Clo1313_1449,LexA_DNA_bind
2201,Clo1313_1449,Peptidase_S24
2202,Clo1313_1450,LysM
2203,Clo1313_1451,UPF0122
2204,Clo1313_1452,SRP54
2205,Clo1313_1452,SRP54_N
2206,Clo1313_1452,SRP_SPB
2207,Clo1313_1453,Ribosomal_S16
2208,Clo1313_1454,KH_4
2209,Clo1313_1455,PRC
2210,Clo1313_1455,RimM
2211,Clo1313_1456,tRNA_m1G_MT
2212,Clo1313_1457,Ribosomal_L19
2213,Clo1313_1458,Peptidase_S24
2214,Clo1313_1458,Peptidase_S26
2215,Clo1313_1459,MMR_HSR1
2216,Clo1313_1460,LUD_dom
2217,Clo1313_1461,RNase_HII
2218,Clo1313_1462,Flg_hook
2219,Clo1313_1463,Bac_export_2
2220,Clo1313_1464,UPF0102
2221,Clo1313_1465,HHH
2222,Clo1313_1465,RadC
2223,Clo1313_1466,Peptidase_M19
2224,Clo1313_1467,Aminotran_1_2
2225,Clo1313_1468,-
2226,Clo1313_1470,Methyltransf_25
2227,Clo1313_1471,Cupin_2
2228,Clo1313_1471,HTH_19
2229,Clo1313_1471,HTH_3
2230,Clo1313_1472,ABC_tran
2231,Clo1313_1472,TOBE_2
2232,Clo1313_1473,BPD_transp_1
2233,Clo1313_1474,BPD_transp_1
2234,Clo1313_1475,BPD_transp_1
2235,Clo1313_1475,SBP_bac_6
2236,Clo1313_1475,SBP_bac_8
2237,Clo1313_1476,-
2238,Clo1313_1477,CBM_2
2239,Clo1313_1477,CBM_3
2240,Clo1313_1477,Cellulase
2241,Clo1313_1477,Dockerin_1
2242,Clo1313_1477,Glyco_hydro_9
2243,Clo1313_1478,DUF5050
2244,Clo1313_1479,MatE
2245,Clo1313_1480,-
2246,Clo1313_1481,ADSL_C
2247,Clo1313_1481,Lyase_1
2248,Clo1313_1482,GntR
2249,Clo1313_1482,UTRA
2250,Clo1313_1483,PQQ
2251,Clo1313_1483,PQQ_2
2252,Clo1313_1484,HMA
2253,Clo1313_1485,-
2254,Clo1313_1486,ACPS
2255,Clo1313_1487,Cohesin
2256,Clo1313_1488,Cohesin
2257,Clo1313_1488,SLH
2258,Clo1313_1489,Peptidase_M23
2259,Clo1313_1490,PilZ
2260,Clo1313_1491,Chorismate_synt
2261,Clo1313_1492,SKI
2262,Clo1313_1493,DUF4956
2263,Clo1313_1494,Cthe_2159
2264,Clo1313_1494,Dockerin_1
2265,Clo1313_1495,Phage_int_SAM_1
2266,Clo1313_1495,Phage_integrase
2267,Clo1313_1496,LytR_C
2268,Clo1313_1496,LytR_cpsA_psr
2269,Clo1313_1497,Peptidase_M18
2270,Clo1313_1498,DUF3369
2271,Clo1313_1498,GAF
2272,Clo1313_1498,GAF_2
2273,Clo1313_1498,HAMP
2274,Clo1313_1498,HD
2275,Clo1313_1498,HD_5
2276,Clo1313_1498,PAS_9
2277,Clo1313_1498,Response_reg
2278,Clo1313_1499,PHP
2279,Clo1313_1500,S4
2280,Clo1313_1500,tRNA-synt_1b
2281,Clo1313_1501,tRNA_Me_trans
2282,Clo1313_1502,NifU_N
2283,Clo1313_1503,Aminotran_5
2284,Clo1313_1504,Rrf2
2285,Clo1313_1505,UPF0180
2286,Clo1313_1506,-
2287,Clo1313_1507,CheR
2288,Clo1313_1507,CheR_N
2289,Clo1313_1508,NDK
2290,Clo1313_1509,AdoMet_dc
2291,Clo1313_1510,LYTB
2292,Clo1313_1510,S1
2293,Clo1313_1511,Acyltransferase
2294,Clo1313_1512,Cytidylate_kin
2295,Clo1313_1513,CM_1
2296,Clo1313_1514,HutP
2297,Clo1313_1515,-
2298,Clo1313_1516,HI0933_like
2299,Clo1313_1517,His_Phos_1
2300,Clo1313_1518,HTH_6
2301,Clo1313_1518,SIS
2302,Clo1313_1519,DUF4264
2303,Clo1313_1520,-
2304,Clo1313_1521,-
2305,Clo1313_1522,-
2306,Clo1313_1523,HMGL-like
2307,Clo1313_1523,PYC_OADA
2308,Clo1313_1524,Biotin_lipoyl
2309,Clo1313_1525,-
2310,Clo1313_1526,Carboxyl_trans
2311,Clo1313_1527,PilZ
2312,Clo1313_1528,rRNA_methylase
2313,Clo1313_1529,Arginase
2314,Clo1313_1530,Spermine_synt_N
2315,Clo1313_1530,Spermine_synth
2316,Clo1313_1531,PseudoU_synth_2
2317,Clo1313_1531,S4
2318,Clo1313_1532,Spore_YtfJ
2319,Clo1313_1533,DUF2953
2320,Clo1313_1534,RDD
2321,Clo1313_1535,SMC_ScpB
2322,Clo1313_1536,SMC_ScpA
2323,Clo1313_1537,tRNA-synt_1b
2324,Clo1313_1538,Peptidase_M50
2325,Clo1313_1539,CBS
2326,Clo1313_1539,DHH
2327,Clo1313_1539,DHHA1
2328,Clo1313_1539,PolyA_pol
2329,Clo1313_1539,PolyA_pol_RNAbd
2330,Clo1313_1539,tRNA_NucTran2_2
2331,Clo1313_1540,Orn_Arg_deC_N
2332,Clo1313_1540,Orn_DAP_Arg_deC
2333,Clo1313_1541,-
2334,Clo1313_1542,CBS
2335,Clo1313_1542,IMPDH
2336,Clo1313_1543,LysE
2337,Clo1313_1544,PBP5_C
2338,Clo1313_1544,Peptidase_S11
2339,Clo1313_1545,Glycos_trans_3N
2340,Clo1313_1545,Glycos_transf_3
2341,Clo1313_1545,PYNP_C
2342,Clo1313_1546,Metalloenzyme
2343,Clo1313_1547,Phage_int_SAM_1
2344,Clo1313_1547,Phage_integrase
2345,Clo1313_1548,SpoIIM
2346,Clo1313_1549,NUDIX
2347,Clo1313_1550,RNase_H
2348,Clo1313_1551,F420_oxidored
2349,Clo1313_1551,P5CR_dimer
2350,Clo1313_1552,-
2351,Clo1313_1553,Spore_permease
2352,Clo1313_1554,-
2353,Clo1313_1555,Spore_GerAC
2354,Clo1313_1556,Spore_permease
2355,Clo1313_1557,GerA
2356,Clo1313_1558,Band_7
2357,Clo1313_1559,Band_7
2358,Clo1313_1560,3D
2359,Clo1313_1561,DUF4352
2360,Clo1313_1563,Dockerin_1
2361,Clo1313_1563,F5_F8_type_C
2362,Clo1313_1563,Glyco_hydro_43
2363,Clo1313_1563,Laminin_G_3
2364,Clo1313_1563,RicinB_lectin_2
2365,Clo1313_1564,Dockerin_1
2366,Clo1313_1564,Glyco_hydro_81
2367,Clo1313_1565,-
2368,Clo1313_1566,-
2369,Clo1313_1567,-
2370,Clo1313_1568,-
2371,Clo1313_1569,PilM_2
2372,Clo1313_1569,PilN
2373,Clo1313_1570,Aminotran_5
2374,Clo1313_1571,BATS
2375,Clo1313_1571,Radical_SAM
2376,Clo1313_1572,NikR_C
2377,Clo1313_1573,Tautomerase
2378,Clo1313_1574,YcxB
2379,Clo1313_1575,YcxB
2380,Clo1313_1576,AAA_18
2381,Clo1313_1576,AAA_33
2382,Clo1313_1577,-
2383,Clo1313_1578,tRNA-synt_1c
2384,Clo1313_1579,Fer4_12
2385,Clo1313_1579,Fer4_14
2386,Clo1313_1579,Radical_SAM
2387,Clo1313_1580,ATP-cone
2388,Clo1313_1580,Glutaredoxin
2389,Clo1313_1580,NRDD
2390,Clo1313_1581,B12-binding
2391,Clo1313_1581,B12-binding_2
2392,Clo1313_1581,Pterin_bind
2393,Clo1313_1581,S-methyl_trans
2394,Clo1313_1582,Met_synt_B12
2395,Clo1313_1583,-
2396,Clo1313_1584,-
2397,Clo1313_1585,Coat_F
2398,Clo1313_1587,Dockerin_1
2399,Clo1313_1587,Pectate_lyase_3
2400,Clo1313_1588,AMPK1_CBM
2401,Clo1313_1589,FHA
2402,Clo1313_1589,FtsK_SpoIIIE
2403,Clo1313_1590,WXG100
2404,Clo1313_1591,YukD
2405,Clo1313_1592,PP2C
2406,Clo1313_1592,PP2C_2
2407,Clo1313_1593,DUF5050
2408,Clo1313_1593,PASTA
2409,Clo1313_1593,Pkinase
2410,Clo1313_1593,SH3_3
2411,Clo1313_1594,-
2412,Clo1313_1595,-
2413,Clo1313_1596,-
2414,Clo1313_1597,-
2415,Clo1313_1598,-
2416,Clo1313_1599,T2SSE
2417,Clo1313_1600,-
2418,Clo1313_1601,-
2419,Clo1313_1602,-
2420,Clo1313_1603,CBM_3
2421,Clo1313_1603,Glyco_hydro_9
2422,Clo1313_1604,Dockerin_1
2423,Clo1313_1604,Glyco_hydro_44
2424,Clo1313_1604,PKD
2425,Clo1313_1605,zf-dskA_traR
2426,Clo1313_1606,PNP_UDP_1
2427,Clo1313_1607,IF-2B
2428,Clo1313_1608,Fe_dep_repr_C
2429,Clo1313_1608,Fe_dep_repress
2430,Clo1313_1609,FeoA
2431,Clo1313_1610,FeoB_C
2432,Clo1313_1610,FeoB_N
2433,Clo1313_1610,Gate
2434,Clo1313_1611,P12
2435,Clo1313_1612,AAA
2436,Clo1313_1612,AAA_assoc_2
2437,Clo1313_1612,MgsA_C
2438,Clo1313_1612,RuvB_N
2439,Clo1313_1613,ACT
2440,Clo1313_1614,AMP-binding
2441,Clo1313_1614,AMP-binding_C_2
2442,Clo1313_1615,POR
2443,Clo1313_1616,Fer4
2444,Clo1313_1616,POR_N
2445,Clo1313_1616,TPP_enzyme_C
2446,Clo1313_1617,SSF
2447,Clo1313_1618,Beta-Casp
2448,Clo1313_1618,Lactamase_B
2449,Clo1313_1618,Lactamase_B_6
2450,Clo1313_1618,RMMBL
2451,Clo1313_1619,Aminotran_1_2
2452,Clo1313_1620,Peptidase_M42
2453,Clo1313_1621,Peptidase_M42
2454,Clo1313_1622,Peptidase_M42
2455,Clo1313_1623,Competence
2456,Clo1313_1623,DUF4131
2457,Clo1313_1623,Lactamase_B
2458,Clo1313_1624,NLPC_P60
2459,Clo1313_1624,SH3_3
2460,Clo1313_1626,-
2461,Clo1313_1627,ThiC_Rad_SAM
2462,Clo1313_1628,TMP-TENI
2463,Clo1313_1629,ThiF
2464,Clo1313_1629,ThiS-like
2465,Clo1313_1630,BATS
2466,Clo1313_1630,Radical_SAM
2467,Clo1313_1631,ThiG
2468,Clo1313_1632,ThiS
2469,Clo1313_1633,MMR_HSR1
2470,Clo1313_1634,SIR2_2
2471,Clo1313_1634,TIR_2
2472,Clo1313_1635,-
2473,Clo1313_1636,-
2474,Clo1313_1637,Cu_amine_oxidN1
2475,Clo1313_1637,NAGPA
2476,Clo1313_1638,Methyltransf_25
2477,Clo1313_1642,Recombinase
2478,Clo1313_1642,Resolvase
2479,Clo1313_1642,Zn_ribbon_recom
2480,Clo1313_1643,Recombinase
2481,Clo1313_1643,Resolvase
2482,Clo1313_1643,Zn_ribbon_recom
2483,Clo1313_1645,DEAD
2484,Clo1313_1645,Helicase_C
2485,Clo1313_1647,TM2
2486,Clo1313_1647,TerB_C
2487,Clo1313_1647,TerB_N
2488,Clo1313_1648,Resolvase
2489,Clo1313_1650,HTH_17
2490,Clo1313_1650,MEDS
2491,Clo1313_1651,HTH_21
2492,Clo1313_1651,HTH_Tnp_1
2493,Clo1313_1651,rve
2494,Clo1313_1652,-
2495,Clo1313_1653,DUF503
2496,Clo1313_1654,Response_reg
2497,Clo1313_1654,SpoIIE
2498,Clo1313_1654,TPR_11
2499,Clo1313_1654,TPR_8
2500,Clo1313_1655,HATPase_c
2501,Clo1313_1655,HisKA
2502,Clo1313_1655,PAS_9
2503,Clo1313_1656,DUF814
2504,Clo1313_1656,FbpA
2505,Clo1313_1657,Aminotran_1_2
2506,Clo1313_1658,Nitroreductase
2507,Clo1313_1659,CBM_3
2508,Clo1313_1659,Glyco_hydro_9
2509,Clo1313_1660,TPK_B1_binding
2510,Clo1313_1660,TPK_catalytic
2511,Clo1313_1661,Ribul_P_3_epim
2512,Clo1313_1662,RsgA_GTPase
2513,Clo1313_1662,RsgA_N
2514,Clo1313_1663,PASTA
2515,Clo1313_1663,Pkinase
2516,Clo1313_1664,PP2C
2517,Clo1313_1664,PP2C_2
2518,Clo1313_1665,Fer4_14
2519,Clo1313_1665,Radical_SAM
2520,Clo1313_1666,Methyltr_RsmB-F
2521,Clo1313_1666,Methyltr_RsmF_N
2522,Clo1313_1666,NusB
2523,Clo1313_1667,Zn_peptidase_2
2524,Clo1313_1668,DUF116
2525,Clo1313_1669,Formyl_trans_C
2526,Clo1313_1669,Formyl_trans_N
2527,Clo1313_1670,Pep_deformylase
2528,Clo1313_1671,DEAD
2529,Clo1313_1671,Helicase_C
2530,Clo1313_1671,ResIII
2531,Clo1313_1672,-
2532,Clo1313_1673,polyprenyl_synt
2533,Clo1313_1674,Hpre_diP_synt_I
2534,Clo1313_1675,NusG_II
2535,Clo1313_1676,ApbE
2536,Clo1313_1677,DoxD
2537,Clo1313_1677,DoxX
2538,Clo1313_1677,Pyr_redox_2
2539,Clo1313_1678,SSB
2540,Clo1313_1679,Mur_ligase_M
2541,Clo1313_1680,Polysacc_deac_1
2542,Clo1313_1681,Asn_synthase
2543,Clo1313_1681,GATase_7
2544,Clo1313_1682,Rotamase_3
2545,Clo1313_1682,SurA_N_3
2546,Clo1313_1683,AIRS
2547,Clo1313_1683,AIRS_C
2548,Clo1313_1683,GATase_5
2549,Clo1313_1684,HTH_1
2550,Clo1313_1684,LysR_substrate
2551,Clo1313_1685,Cupin_2
2552,Clo1313_1685,HTH_19
2553,Clo1313_1685,HTH_3
2554,Clo1313_1686,AMP-binding
2555,Clo1313_1686,AMP-binding_C
2556,Clo1313_1687,HATPase_c
2557,Clo1313_1687,HATPase_c_3
2558,Clo1313_1687,HSP90
2559,Clo1313_1688,ABC-3
2560,Clo1313_1689,ABC_tran
2561,Clo1313_1690,ZnuA
2562,Clo1313_1691,FUR
2563,Clo1313_1692,Peptidase_A24
2564,Clo1313_1693,PP2C
2565,Clo1313_1693,PP2C_2
2566,Clo1313_1694,CBM_3
2567,Clo1313_1694,CBM_X2
2568,Clo1313_1694,Glyco_hydro_9
2569,Clo1313_1695,DUF45
2570,Clo1313_1696,Creatinase_N
2571,Clo1313_1696,Peptidase_M24
2572,Clo1313_1697,FtsX
2573,Clo1313_1697,MacB_PCD
2574,Clo1313_1698,ABC_tran
2575,Clo1313_1699,HATPase_c
2576,Clo1313_1699,HisKA
2577,Clo1313_1700,Response_reg
2578,Clo1313_1700,Trans_reg_C
2579,Clo1313_1701,Cellulase
2580,Clo1313_1701,Dockerin_1
2581,Clo1313_1703,ABC_membrane
2582,Clo1313_1703,ABC_tran
2583,Clo1313_1703,Peptidase_C39
2584,Clo1313_1704,Fer4_12
2585,Clo1313_1704,Fer4_14
2586,Clo1313_1704,Radical_SAM
2587,Clo1313_1704,SPASM
2588,Clo1313_1705,HAD_2
2589,Clo1313_1708,-
2590,Clo1313_1709,-
2591,Clo1313_1710,Y1_Tnp
2592,Clo1313_1711,HATPase_c
2593,Clo1313_1711,HisKA
2594,Clo1313_1711,PAS_4
2595,Clo1313_1711,PAS_8
2596,Clo1313_1711,PAS_9
2597,Clo1313_1712,OAD_beta
2598,Clo1313_1713,OAD_gamma
2599,Clo1313_1714,-
2600,Clo1313_1715,RNase_T
2601,Clo1313_1716,Fer4_12
2602,Clo1313_1716,Radical_SAM
2603,Clo1313_1717,Gly_radical
2604,Clo1313_1717,PFL-like
2605,Clo1313_1718,PGA_cap
2606,Clo1313_1718,Peptidase_M15
2607,Clo1313_1719,LigT_PEase
2608,Clo1313_1720,-
2609,Clo1313_1721,-
2610,Clo1313_1722,-
2611,Clo1313_1723,-
2612,Clo1313_1724,FapA
2613,Clo1313_1725,Sigma70_r2
2614,Clo1313_1725,Sigma70_r3
2615,Clo1313_1725,Sigma70_r4
2616,Clo1313_1726,-
2617,Clo1313_1727,CheD
2618,Clo1313_1728,CheC
2619,Clo1313_1729,CheW
2620,Clo1313_1730,CheW
2621,Clo1313_1730,H-kinase_dim
2622,Clo1313_1730,HATPase_c
2623,Clo1313_1730,Hpt
2624,Clo1313_1730,P2
2625,Clo1313_1731,CheB_methylest
2626,Clo1313_1731,Response_reg
2627,Clo1313_1732,PilZ
2628,Clo1313_1732,YcgR_2
2629,Clo1313_1733,CbiA
2630,Clo1313_1733,ParA
2631,Clo1313_1734,SRP54
2632,Clo1313_1735,FHIPEP
2633,Clo1313_1736,Bac_export_1
2634,Clo1313_1736,Bac_export_2
2635,Clo1313_1737,Bac_export_1
2636,Clo1313_1738,Bac_export_3
2637,Clo1313_1739,FliP
2638,Clo1313_1740,FliO
2639,Clo1313_1741,Response_reg
2640,Clo1313_1742,CheC
2641,Clo1313_1742,FliMN_C
2642,Clo1313_1743,FliM
2643,Clo1313_1743,FliMN_C
2644,Clo1313_1744,FliL
2645,Clo1313_1745,FlbD
2646,Clo1313_1746,FlaE
2647,Clo1313_1746,Flg_bb_rod
2648,Clo1313_1746,Flg_bbr_C
2649,Clo1313_1747,Flagellar_put
2650,Clo1313_1748,FLgD_tudor
2651,Clo1313_1748,FlgD
2652,Clo1313_1749,Flg_hook
2653,Clo1313_1750,MgtE_N
2654,Clo1313_1751,FliJ
2655,Clo1313_1752,ATP-synt_ab
2656,Clo1313_1752,ATP-synt_ab_N
2657,Clo1313_1753,FliH
2658,Clo1313_1754,FliG_C
2659,Clo1313_1754,FliG_M
2660,Clo1313_1754,FliG_N
2661,Clo1313_1755,YscJ_FliF
2662,Clo1313_1755,YscJ_FliF_C
2663,Clo1313_1756,FliE
2664,Clo1313_1757,Flg_bb_rod
2665,Clo1313_1757,Flg_bbr_C
2666,Clo1313_1758,Flg_bb_rod
2667,Clo1313_1759,GIDA
2668,Clo1313_1760,Topoisom_bac
2669,Clo1313_1760,Toprim
2670,Clo1313_1760,zf-C4_Topoisom
2671,Clo1313_1761,DNA_processg_A
2672,Clo1313_1762,Exo_endo_phos
2673,Clo1313_1763,YccF
2674,Clo1313_1764,UPF0047
2675,Clo1313_1765,ChlI
2676,Clo1313_1765,Mg_chelatase
2677,Clo1313_1765,Mg_chelatase_C
2678,Clo1313_1766,-
2679,Clo1313_1767,-
2680,Clo1313_1768,Amidase_3
2681,Clo1313_1768,Beta_helix
2682,Clo1313_1768,Cu_amine_oxidN1
2683,Clo1313_1768,Peripla_BP_2
2684,Clo1313_1769,MAF_flag10
2685,Clo1313_1770,ATP-cone
2686,Clo1313_1771,PRC
2687,Clo1313_1772,Sigma70_r2
2688,Clo1313_1772,Sigma70_r3
2689,Clo1313_1772,Sigma70_r4
2690,Clo1313_1773,Sigma70_r2
2691,Clo1313_1773,Sigma70_r4
2692,Clo1313_1774,Peptidase_U4
2693,Clo1313_1775,FtsZ_C
2694,Clo1313_1775,Tubulin
2695,Clo1313_1776,FtsA
2696,Clo1313_1776,SHS2_FTSA
2697,Clo1313_1777,DUF1290
2698,Clo1313_1778,POTRA_1
2699,Clo1313_1780,DUF1727
2700,Clo1313_1780,Mur_ligase_M
2701,Clo1313_1781,GATase_3
2702,Clo1313_1782,Transposase_mut
2703,Clo1313_1783,Dockerin_1
2704,Clo1313_1783,Pectate_lyase_3
2705,Clo1313_1784,-
2706,Clo1313_1785,TPR_1
2707,Clo1313_1785,TPR_16
2708,Clo1313_1785,TPR_2
2709,Clo1313_1785,TPR_6
2710,Clo1313_1785,TPR_8
2711,Clo1313_1786,Dockerin_1
2712,Clo1313_1787,-
2713,Clo1313_1788,CBM_3
2714,Clo1313_1788,Dockerin_1
2715,Clo1313_1788,Glyco_hydro_9
2716,Clo1313_1790,2Fe-2S_thioredx
2717,Clo1313_1791,2Fe-2S_thioredx
2718,Clo1313_1791,Fe_hyd_SSU
2719,Clo1313_1791,Fe_hyd_lg_C
2720,Clo1313_1791,Fer2_4
2721,Clo1313_1791,Fer4
2722,Clo1313_1791,Fer4_6
2723,Clo1313_1791,Fer4_7
2724,Clo1313_1791,NADH-G_4Fe-4S_3
2725,Clo1313_1792,2Fe-2S_thioredx
2726,Clo1313_1792,Complex1_51K
2727,Clo1313_1792,Fer4
2728,Clo1313_1792,NADH_4Fe-4S
2729,Clo1313_1792,SLBB
2730,Clo1313_1793,2Fe-2S_thioredx
2731,Clo1313_1794,SpoIIE
2732,Clo1313_1795,FeS
2733,Clo1313_1795,Fe_hyd_lg_C
2734,Clo1313_1795,Fer4
2735,Clo1313_1795,Fer4_10
2736,Clo1313_1795,PAS
2737,Clo1313_1796,2Fe-2S_thioredx
2738,Clo1313_1797,APH
2739,Clo1313_1798,Aldedh
2740,Clo1313_1798,Fe-ADH
2741,Clo1313_1799,CoA_binding
2742,Clo1313_1799,Put_DNA-bind_N
2743,Clo1313_1800,Flavoprotein
2744,Clo1313_1801,2-Hacid_dh_C
2745,Clo1313_1801,AlaDh_PNT_C
2746,Clo1313_1801,DpaA_N
2747,Clo1313_1802,Peptidase_M16
2748,Clo1313_1802,Peptidase_M16_C
2749,Clo1313_1803,KH_1
2750,Clo1313_1803,PNPase
2751,Clo1313_1803,RNase_PH
2752,Clo1313_1803,RNase_PH_C
2753,Clo1313_1803,S1
2754,Clo1313_1804,Ribosomal_S15
2755,Clo1313_1805,CotJA
2756,Clo1313_1806,CotJB
2757,Clo1313_1807,Mn_catalase
2758,Clo1313_1808,CBM_4_9
2759,Clo1313_1808,CelD_N
2760,Clo1313_1808,Dockerin_1
2761,Clo1313_1808,Glyco_hydro_9
2762,Clo1313_1809,CBM_4_9
2763,Clo1313_1809,CelD_N
2764,Clo1313_1809,Dockerin_1
2765,Clo1313_1809,Glyco_hydro_9
2766,Clo1313_1810,-
2767,Clo1313_1811,DUF711
2768,Clo1313_1812,ACT_6
2769,Clo1313_1813,EAL
2770,Clo1313_1813,GGDEF
2771,Clo1313_1813,HisKA_7TM
2772,Clo1313_1813,PAS_3
2773,Clo1313_1813,PAS_9
2774,Clo1313_1813,SBP_bac_3
2775,Clo1313_1814,HHH_3
2776,Clo1313_1814,Radical_SAM
2777,Clo1313_1815,DUF4130
2778,Clo1313_1816,CBM_3
2779,Clo1313_1816,Cellulase
2780,Clo1313_1816,Dockerin_1
2781,Clo1313_1817,Baseplate_J
2782,Clo1313_1817,CBM_3
2783,Clo1313_1817,CBM_X2
2784,Clo1313_1817,Cu-binding_MopE
2785,Clo1313_1817,Dockerin_1
2786,Clo1313_1817,Glyco_hydro_48
2787,Clo1313_1817,Glyco_hydro_9
2788,Clo1313_1818,Sigma70_r2
2789,Clo1313_1819,Cu_amine_oxidN1
2790,Clo1313_1819,PBP_like_2
2791,Clo1313_1820,MCPsignal
2792,Clo1313_1820,dCache_1
2793,Clo1313_1821,-
2794,Clo1313_1822,TPM_phosphatase
2795,Clo1313_1823,YbjQ_1
2796,Clo1313_1824,ABC_membrane
2797,Clo1313_1824,ABC_tran
2798,Clo1313_1825,ABC_membrane
2799,Clo1313_1825,ABC_tran
2800,Clo1313_1826,RbsD_FucU
2801,Clo1313_1827,Fe-ADH
2802,Clo1313_1828,Peripla_BP_4
2803,Clo1313_1829,BPD_transp_2
2804,Clo1313_1830,ABC_tran
2805,Clo1313_1831,HTH_24
2806,Clo1313_1831,ROK
2807,Clo1313_1832,PfkB
2808,Clo1313_1833,ADH_N
2809,Clo1313_1833,ADH_zinc_N
2810,Clo1313_1834,-
2811,Clo1313_1835,-
2812,Clo1313_1838,ABC_tran
2813,Clo1313_1840,-
2814,Clo1313_1841,Kelch_1
2815,Clo1313_1841,RHS_repeat
2816,Clo1313_1842,-
2817,Clo1313_1843,-
2818,Clo1313_1844,Peptidase_M56
2819,Clo1313_1845,Penicillinase_R
2820,Clo1313_1846,GATase
2821,Clo1313_1846,GMP_synt_C
2822,Clo1313_1846,NAD_synthase
2823,Clo1313_1846,tRNA_Me_trans
2824,Clo1313_1847,ELFV_dehydrog
2825,Clo1313_1847,ELFV_dehydrog_N
2826,Clo1313_1848,DHODB_Fe-S_bind
2827,Clo1313_1848,FAD_binding_6
2828,Clo1313_1848,NAD_binding_1
2829,Clo1313_1849,Fer4_20
2830,Clo1313_1849,Pyr_redox_2
2831,Clo1313_1850,Transposase_mut
2832,Clo1313_1851,Radical_SAM
2833,Clo1313_1851,Radical_SAM_C
2834,Clo1313_1852,DUF111
2835,Clo1313_1853,AIRC
2836,Clo1313_1854,DUF2520
2837,Clo1313_1854,F420_oxidored
2838,Clo1313_1854,Rossmann-like
2839,Clo1313_1855,-
2840,Clo1313_1856,PCRF
2841,Clo1313_1856,RF-1
2842,Clo1313_1857,HTH_3
2843,Clo1313_1858,Aminotran_1_2
2844,Clo1313_1859,AsnC_trans_reg
2845,Clo1313_1859,HTH_24
2846,Clo1313_1861,DivIVA
2847,Clo1313_1862,Thioredoxin
2848,Clo1313_1864,Transposase_mut
2849,Clo1313_1865,HTH_21
2850,Clo1313_1865,HTH_Tnp_1
2851,Clo1313_1865,rve
2852,Clo1313_1866,DUF3267
2853,Clo1313_1867,DUF3417
2854,Clo1313_1867,Phosphorylase
2855,Clo1313_1868,Transposase_mut
2856,Clo1313_1869,PHP_C
2857,Clo1313_1870,BcrAD_BadFG
2858,Clo1313_1871,DUF2229
2859,Clo1313_1872,DUF2229
2860,Clo1313_1873,Rotamase_3
2861,Clo1313_1873,SurA_N_3
2862,Clo1313_1874,Peptidase_S24
2863,Clo1313_1875,F_bP_aldolase
2864,Clo1313_1876,PFK
2865,Clo1313_1877,-
2866,Clo1313_1878,Ldh_1_C
2867,Clo1313_1878,Ldh_1_N
2868,Clo1313_1879,Malic_M
2869,Clo1313_1879,malic
2870,Clo1313_1880,Flavin_Reduct
2871,Clo1313_1881,Fe_hyd_SSU
2872,Clo1313_1881,Fe_hyd_lg_C
2873,Clo1313_1881,Fer2_4
2874,Clo1313_1881,Fer4
2875,Clo1313_1881,Fer4_7
2876,Clo1313_1881,Fer4_9
2877,Clo1313_1881,NADH-G_4Fe-4S_3
2878,Clo1313_1882,2Fe-2S_thioredx
2879,Clo1313_1882,Complex1_51K
2880,Clo1313_1882,Fer4
2881,Clo1313_1882,NADH_4Fe-4S
2882,Clo1313_1882,SLBB
2883,Clo1313_1883,2Fe-2S_thioredx
2884,Clo1313_1884,HATPase_c
2885,Clo1313_1885,2Fe-2S_thioredx
2886,Clo1313_1886,PHP
2887,Clo1313_1887,DRTGG
2888,Clo1313_1888,FeS
2889,Clo1313_1888,Fe_hyd_lg_C
2890,Clo1313_1888,Fer4
2891,Clo1313_1888,Fer4_10
2892,Clo1313_1888,Fer4_9
2893,Clo1313_1889,HATPase_c
2894,Clo1313_1889,HATPase_c_2
2895,Clo1313_1890,DRTGG
2896,Clo1313_1891,PRK
2897,Clo1313_1892,Glyoxalase
2898,Clo1313_1894,DUF1848
2899,Clo1313_1896,GTP_EFTU
2900,Clo1313_1896,GTP_EFTU_D2
2901,Clo1313_1896,RF3_C
2902,Clo1313_1897,SLH
2903,Clo1313_1898,Y1_Tnp
2904,Clo1313_1901,CN_hydrolase
2905,Clo1313_1901,NAD_synthase
2906,Clo1313_1902,Anticodon_1
2907,Clo1313_1902,Val_tRNA-synt_C
2908,Clo1313_1902,tRNA-synt_1
2909,Clo1313_1903,-
2910,Clo1313_1904,Glyco_hydro_3
2911,Clo1313_1905,-
2912,Clo1313_1906,MotA_ExbB
2913,Clo1313_1907,Aldolase_II
2914,Clo1313_1908,PG_binding_1
2915,Clo1313_1908,YkuD
2916,Clo1313_1909,-
2917,Clo1313_1910,PA14
2918,Clo1313_1910,RsgI_N
2919,Clo1313_1911,Sigma70_r2
2920,Clo1313_1912,Glyco_tran_28_C
2921,Clo1313_1912,Glyco_trans_1_3
2922,Clo1313_1913,NA37
2923,Clo1313_1914,AAA
2924,Clo1313_1914,AAA_2
2925,Clo1313_1914,ClpB_D2-small
2926,Clo1313_1915,DDE_Tnp_1_3
2927,Clo1313_1916,ABC_tran
2928,Clo1313_1917,3D
2929,Clo1313_1918,Helicase_C
2930,Clo1313_1918,ResIII
2931,Clo1313_1918,UVR
2932,Clo1313_1918,UvrB
2933,Clo1313_1920,DUF4234
2934,Clo1313_1920,zinc_ribbon_2
2935,Clo1313_1921,DNA_gyraseA_C
2936,Clo1313_1921,DNA_topoisoIV
2937,Clo1313_1922,DNA_gyraseB
2938,Clo1313_1922,DNA_gyraseB_C
2939,Clo1313_1922,HATPase_c
2940,Clo1313_1922,Toprim
2941,Clo1313_1923,-
2942,Clo1313_1925,ThrE_2
2943,Clo1313_1926,ThrE
2944,Clo1313_1927,CAP
2945,Clo1313_1927,LysM
2946,Clo1313_1928,MatE
2947,Clo1313_1929,4HB_MCP_1
2948,Clo1313_1929,HAMP
2949,Clo1313_1929,MCPsignal
2950,Clo1313_1929,dCache_1
2951,Clo1313_1930,PMT_2
2952,Clo1313_1931,Aminotran_5
2953,Clo1313_1935,HTH_21
2954,Clo1313_1935,HTH_Tnp_1
2955,Clo1313_1935,rve
2956,Clo1313_1936,-
2957,Clo1313_1937,GlcNAc_2-epim
2958,Clo1313_1937,Thioredox_DsbH
2959,Clo1313_1938,ACT
2960,Clo1313_1938,Homoserine_dh
2961,Clo1313_1938,NAD_binding_3
2962,Clo1313_1939,DEAD
2963,Clo1313_1939,DEAD_2
2964,Clo1313_1939,HBB
2965,Clo1313_1939,Helicase_C_2
2966,Clo1313_1939,PDDEXK_1
2967,Clo1313_1940,CheR
2968,Clo1313_1940,CheR_N
2969,Clo1313_1942,HATPase_c
2970,Clo1313_1942,HisKA
2971,Clo1313_1942,PAS_4
2972,Clo1313_1942,PAS_9
2973,Clo1313_1942,Response_reg
2974,Clo1313_1944,Iso_dh
2975,Clo1313_1945,DUF815
2976,Clo1313_1946,Aldo_ket_red
2977,Clo1313_1947,Glyco_transf_5
2978,Clo1313_1947,Glycos_transf_1
2979,Clo1313_1948,Coat_F
2980,Clo1313_1949,-
2981,Clo1313_1950,PseudoU_synth_2
2982,Clo1313_1951,Methyltrans_SAM
2983,Clo1313_1953,2-Hacid_dh
2984,Clo1313_1953,2-Hacid_dh_C
2985,Clo1313_1954,Glyco_hydro_36
2986,Clo1313_1954,Glyco_transf_36
2987,Clo1313_1955,Glyco_hydro_9
2988,Clo1313_1956,GGDEF
2989,Clo1313_1956,HD
2990,Clo1313_1957,PBP5_C
2991,Clo1313_1957,Peptidase_S11
2992,Clo1313_1958,CBM_3
2993,Clo1313_1959,Glyco_hydro_18
2994,Clo1313_1960,Glyco_hydro_8
2995,Clo1313_1961,Sigma70_r2
2996,Clo1313_1962,CBM_3
2997,Clo1313_1962,Dockerin_1
2998,Clo1313_1962,RsgI_N
2999,Clo1313_1963,MCPsignal
3000,Clo1313_1964,Aminotran_5
3001,Clo1313_1965,-
3002,Clo1313_1966,-
3003,Clo1313_1967,Aldedh
3004,Clo1313_1968,HAD_2
3005,Clo1313_1969,Cu_amine_oxidN1
3006,Clo1313_1969,RsgI_N
3007,Clo1313_1969,Trypsin_2
3008,Clo1313_1970,Rhomboid
3009,Clo1313_1971,Cu_amine_oxidN1
3010,Clo1313_1971,RCC1
3011,Clo1313_1972,T2SSE
3012,Clo1313_1973,HATPase_c
3013,Clo1313_1973,Peripla_BP_3
3014,Clo1313_1974,-
3015,Clo1313_1975,DUF58
3016,Clo1313_1976,AAA_3
3017,Clo1313_1977,-
3018,Clo1313_1978,Transglut_core
3019,Clo1313_1979,RtcB
3020,Clo1313_1980,Peptidase_C11
3021,Clo1313_1981,DDE_Tnp_1_3
3022,Clo1313_1982,MutS_III
3023,Clo1313_1982,MutS_V
3024,Clo1313_1983,CBM_6
3025,Clo1313_1983,Dockerin_1
3026,Clo1313_1984,HTH_5
3027,Clo1313_1985,E1-E2_ATPase
3028,Clo1313_1985,HMA
3029,Clo1313_1985,Hydrolase
3030,Clo1313_1986,Hydrolase_2
3031,Clo1313_1987,DUF2156
3032,Clo1313_1988,DUF4956
3033,Clo1313_1989,VTC
3034,Clo1313_1990,CHB_HEX_C_1
3035,Clo1313_1990,CotH
3036,Clo1313_1990,Dockerin_1
3037,Clo1313_1990,Fn3_assoc
3038,Clo1313_1990,LTD
3039,Clo1313_1992,Aldo_ket_red
3040,Clo1313_1992,Fer4_17
3041,Clo1313_1992,Fer4_9
3042,Clo1313_1993,Glutaredoxin
3043,Clo1313_1994,AMP-binding
3044,Clo1313_1994,AMP-binding_C
3045,Clo1313_1994,AP_endonuc_2
3046,Clo1313_1995,Acetyltransf_3
3047,Clo1313_1996,-
3048,Clo1313_1997,Fer4_12
3049,Clo1313_1997,Fer4_14
3050,Clo1313_1997,PqqD
3051,Clo1313_1997,Radical_SAM
3052,Clo1313_1997,SPASM
3053,Clo1313_1998,-
3054,Clo1313_1999,Epimerase
3055,Clo1313_1999,GDP_Man_Dehyd
3056,Clo1313_2001,-
3057,Clo1313_2002,-
3058,Clo1313_2004,UvrD-helicase
3059,Clo1313_2004,UvrD_C
3060,Clo1313_2005,AAA_15
3061,Clo1313_2006,ADP_ribosyl_GH
3062,Clo1313_2008,Transposase_mut
3063,Clo1313_2012,Pyridox_ox_2
3064,Clo1313_2014,Metallophos
3065,Clo1313_2015,PGI
3066,Clo1313_2016,SASP
3067,Clo1313_2017,B3_4
3068,Clo1313_2017,B5
3069,Clo1313_2017,FDX-ACB
3070,Clo1313_2017,tRNA-synt_2d
3071,Clo1313_2017,tRNA_bind
3072,Clo1313_2018,Phe_tRNA-synt_N
3073,Clo1313_2018,tRNA-synt_2d
3074,Clo1313_2019,DUF975
3075,Clo1313_2020,Glyco_hydro_1
3076,Clo1313_2021,-
3077,Clo1313_2022,Glyco_hydro_11
3078,Clo1313_2022,Glyco_hydro_16
3079,Clo1313_2023,LacI
3080,Clo1313_2023,Peripla_BP_1
3081,Clo1313_2023,Peripla_BP_3
3082,Clo1313_2024,Glycos_transf_2
3083,Clo1313_2026,PDDEXK_1
3084,Clo1313_2027,UvrD-helicase
3085,Clo1313_2027,UvrD_C
3086,Clo1313_2028,-
3087,Clo1313_2029,DUF1294
3088,Clo1313_2030,ANTAR
3089,Clo1313_2030,Response_reg
3090,Clo1313_2031,Gln-synt_C
3091,Clo1313_2031,Gln-synt_N
3092,Clo1313_2032,GXGXG
3093,Clo1313_2033,Pyr_redox_2
3094,Clo1313_2034,Fer4_11
3095,Clo1313_2035,Fer4
3096,Clo1313_2035,Fer4_7
3097,Clo1313_2035,Fer4_9
3098,Clo1313_2035,GATase_2
3099,Clo1313_2035,GXGXG
3100,Clo1313_2035,Glu_syn_central
3101,Clo1313_2035,Glu_synthase
3102,Clo1313_2036,GATase_2
3103,Clo1313_2036,GATase_6
3104,Clo1313_2038,GSIII_N
3105,Clo1313_2038,Gln-synt_C
3106,Clo1313_2041,Na_H_Exchanger
3107,Clo1313_2042,Dockerin_1
3108,Clo1313_2042,Serpin
3109,Clo1313_2043,Dockerin_1
3110,Clo1313_2043,Serpin
3111,Clo1313_2044,Ham1p_like
3112,Clo1313_2045,Ham1p_like
3113,Clo1313_2045,RNase_PH
3114,Clo1313_2045,RNase_PH_C
3115,Clo1313_2046,Germane
3116,Clo1313_2047,Epimerase
3117,Clo1313_2048,AMIN
3118,Clo1313_2048,Amidase_3
3119,Clo1313_2048,Cu_amine_oxidN1
3120,Clo1313_2049,PilM_2
3121,Clo1313_2049,PilN
3122,Clo1313_2050,DUF208
3123,Clo1313_2051,RuvB_C
3124,Clo1313_2051,RuvB_N
3125,Clo1313_2052,HHH_5
3126,Clo1313_2052,RuvA_C
3127,Clo1313_2052,RuvA_N
3128,Clo1313_2053,RuvC
3129,Clo1313_2054,Arginosuc_synth
3130,Clo1313_2055,ASL_C2
3131,Clo1313_2055,Lyase_1
3132,Clo1313_2056,-
3133,Clo1313_2057,-
3134,Clo1313_2058,Polysacc_deac_1
3135,Clo1313_2059,Sulfatase
3136,Clo1313_2060,NAD_binding_8
3137,Clo1313_2060,Pyr_redox_2
3138,Clo1313_2061,-
3139,Clo1313_2062,-
3140,Clo1313_2063,-
3141,Clo1313_2064,NAD_binding_8
3142,Clo1313_2064,Pyr_redox_2
3143,Clo1313_2065,-
3144,Clo1313_2066,Response_reg
3145,Clo1313_2067,Fer4
3146,Clo1313_2067,Fer4_16
3147,Clo1313_2067,Fer4_7
3148,Clo1313_2068,DUF4364
3149,Clo1313_2069,CRS1_YhbY
3150,Clo1313_2070,-
3151,Clo1313_2071,DUF1967
3152,Clo1313_2071,GTP1_OBG
3153,Clo1313_2071,MMR_HSR1
3154,Clo1313_2072,Ribosomal_L27
3155,Clo1313_2073,Peptidase_Prp
3156,Clo1313_2074,Ribosomal_L21p
3157,Clo1313_2075,RNase_E_G
3158,Clo1313_2075,S1
3159,Clo1313_2075,TRAM
3160,Clo1313_2076,DUF2344
3161,Clo1313_2077,Radical_SAM
3162,Clo1313_2078,DUF3048
3163,Clo1313_2078,DUF3048_C
3164,Clo1313_2079,DUF1292
3165,Clo1313_2080,RuvX
3166,Clo1313_2081,Aldo_ket_red
3167,Clo1313_2081,Fer4
3168,Clo1313_2082,DUF965
3169,Clo1313_2083,Radical_SAM
3170,Clo1313_2083,TRAM
3171,Clo1313_2083,UPF0004
3172,Clo1313_2084,PTS-HPr
3173,Clo1313_2085,DUF523
3174,Clo1313_2086,OB_RNB
3175,Clo1313_2086,RNB
3176,Clo1313_2086,S1
3177,Clo1313_2087,Y1_Tnp
3178,Clo1313_2088,HD
3179,Clo1313_2089,SecG
3180,Clo1313_2090,Enolase_C
3181,Clo1313_2090,Enolase_N
3182,Clo1313_2091,GGDEF
3183,Clo1313_2091,HD
3184,Clo1313_2091,HD_5
3185,Clo1313_2092,Metalloenzyme
3186,Clo1313_2092,Phosphodiest
3187,Clo1313_2092,iPGM_N
3188,Clo1313_2093,TIM
3189,Clo1313_2094,PGK
3190,Clo1313_2095,Gp_dh_C
3191,Clo1313_2095,Gp_dh_N
3192,Clo1313_2096,ACPS
3193,Clo1313_2097,Acyl_transf_1
3194,Clo1313_2097,KR
3195,Clo1313_2097,Ketoacyl-synt_C
3196,Clo1313_2097,PS-DH
3197,Clo1313_2097,ketoacyl-synt
3198,Clo1313_2098,-
3199,Clo1313_2099,AMP-binding
3200,Clo1313_2099,AMP-binding_C
3201,Clo1313_2100,ACP_syn_III
3202,Clo1313_2100,ACP_syn_III_C
3203,Clo1313_2101,PP-binding
3204,Clo1313_2102,ACP_syn_III
3205,Clo1313_2102,ACP_syn_III_C
3206,Clo1313_2103,GGDEF
3207,Clo1313_2103,HD
3208,Clo1313_2103,HD_5
3209,Clo1313_2104,SpoU_methylase
3210,Clo1313_2105,CheX
3211,Clo1313_2106,SpoVAE
3212,Clo1313_2107,SpoVAC_SpoVAEB
3213,Clo1313_2108,SpoVAD
3214,Clo1313_2109,SpoVAC_SpoVAEB
3215,Clo1313_2111,Sigma70_r2
3216,Clo1313_2111,Sigma70_r3
3217,Clo1313_2111,Sigma70_r4
3218,Clo1313_2112,HATPase_c_2
3219,Clo1313_2113,STAS
3220,Clo1313_2114,PTS-HPr
3221,Clo1313_2115,HTH_WhiA
3222,Clo1313_2115,LAGLIDADG_WhiA
3223,Clo1313_2115,WhiA_N
3224,Clo1313_2116,GDE_C
3225,Clo1313_2116,GDE_N
3226,Clo1313_2117,UPF0052
3227,Clo1313_2118,ATP_bind_2
3228,Clo1313_2119,FAD_binding_4
3229,Clo1313_2119,MurB_C
3230,Clo1313_2120,PHP
3231,Clo1313_2121,Hpr_kinase_C
3232,Clo1313_2121,Hpr_kinase_N
3233,Clo1313_2123,PilZ
3234,Clo1313_2124,DMRL_synthase
3235,Clo1313_2125,DHBP_synthase
3236,Clo1313_2125,GTP_cyclohydro2
3237,Clo1313_2126,Lum_binding
3238,Clo1313_2127,RibD_C
3239,Clo1313_2127,dCMP_cyt_deam_1
3240,Clo1313_2128,UPF0047
3241,Clo1313_2129,Methyltransf_4
3242,Clo1313_2130,Fe-ADH
3243,Clo1313_2131,-
3244,Clo1313_2132,MTHFR
3245,Clo1313_2133,CBS
3246,Clo1313_2133,Peptidase_M50
3247,Clo1313_2134,Peptidase_M23
3248,Clo1313_2135,UPF0180
3249,Clo1313_2136,MGS
3250,Clo1313_2137,MinE
3251,Clo1313_2138,AAA_31
3252,Clo1313_2138,CbiA
3253,Clo1313_2139,MinC_C
3254,Clo1313_2140,PBP_dimer
3255,Clo1313_2140,Transpeptidase
3256,Clo1313_2141,MreD
3257,Clo1313_2142,MreC
3258,Clo1313_2143,MreB_Mbl
3259,Clo1313_2144,Maf
3260,Clo1313_2145,-
3261,Clo1313_2146,MecA
3262,Clo1313_2147,-
3263,Clo1313_2148,MASE3
3264,Clo1313_2148,SpoIIE
3265,Clo1313_2149,AAA
3266,Clo1313_2149,LON_substr_bdg
3267,Clo1313_2149,Lon_C
3268,Clo1313_2150,ArgJ
3269,Clo1313_2151,CheW
3270,Clo1313_2152,Amidase_6
3271,Clo1313_2153,zf-trcl
3272,Clo1313_2154,-
3273,Clo1313_2155,YtxH
3274,Clo1313_2156,-
3275,Clo1313_2159,DUF2154
3276,Clo1313_2159,Toast_rack_N
3277,Clo1313_2160,PspC
3278,Clo1313_2161,CBM_3
3279,Clo1313_2161,Glyco_hydro_48
3280,Clo1313_2161,Glyco_hydro_9
3281,Clo1313_2162,tRNA-synt_2
3282,Clo1313_2162,tRNA_anti-codon
3283,Clo1313_2163,AsnA
3284,Clo1313_2164,Pro_isomerase
3285,Clo1313_2165,SIR2
3286,Clo1313_2166,-
3287,Clo1313_2167,Spore_YtrH
3288,Clo1313_2168,Na_Pi_cotrans
3289,Clo1313_2168,PhoU
3290,Clo1313_2169,-
3291,Clo1313_2170,Sulfatase
3292,Clo1313_2171,BioY
3293,Clo1313_2172,SEC-C
3294,Clo1313_2173,CBM_3
3295,Clo1313_2173,RsgI_N
3296,Clo1313_2174,Sigma70_r2
3297,Clo1313_2175,Cu_amine_oxidN1
3298,Clo1313_2175,DUF3298
3299,Clo1313_2175,DUF4163
3300,Clo1313_2176,-
3301,Clo1313_2177,-
3302,Clo1313_2178,CW_binding_2
3303,Clo1313_2178,GHL10
3304,Clo1313_2178,SLH
3305,Clo1313_2179,Intein_splicing
3306,Clo1313_2179,LAGLIDADG_3
3307,Clo1313_2179,Ribonuc_red_2_N
3308,Clo1313_2179,Ribonuc_red_lgC
3309,Clo1313_2179,Ribonuc_red_lgN
3310,Clo1313_2179,TSCPD
3311,Clo1313_2180,DUF4015
3312,Clo1313_2181,DUF4015
3313,Clo1313_2182,-
3314,Clo1313_2183,HTH_19
3315,Clo1313_2183,HTH_3
3316,Clo1313_2183,HTH_31
3317,Clo1313_2184,Cu_amine_oxidN1
3318,Clo1313_2185,Cu_amine_oxidN1
3319,Clo1313_2186,-
3320,Clo1313_2187,Cu_amine_oxidN1
3321,Clo1313_2188,CotH
3322,Clo1313_2188,Dockerin_1
3323,Clo1313_2189,CBM_3
3324,Clo1313_2189,Dockerin_1
3325,Clo1313_2189,Glyco_hydro_9
3326,Clo1313_2190,MMR_HSR1
3327,Clo1313_2191,DUF2935
3328,Clo1313_2192,CBM_3
3329,Clo1313_2192,Glyco_hydro_48
3330,Clo1313_2192,Glyco_hydro_9
3331,Clo1313_2193,4HB_MCP_1
3332,Clo1313_2193,HAMP
3333,Clo1313_2193,MCPsignal
3334,Clo1313_2194,CheW
3335,Clo1313_2195,4HB_MCP_1
3336,Clo1313_2195,HAMP
3337,Clo1313_2195,MCPsignal
3338,Clo1313_2196,CheW
3339,Clo1313_2197,HSP20
3340,Clo1313_2198,Prismane
3341,Clo1313_2199,Fer4
3342,Clo1313_2199,Fer4_6
3343,Clo1313_2200,HTH_Crp_2
3344,Clo1313_2200,cNMP_binding
3345,Clo1313_2201,EFG_C
3346,Clo1313_2201,EFG_II
3347,Clo1313_2201,EFG_IV
3348,Clo1313_2201,GTP_EFTU
3349,Clo1313_2201,NYN_YacP
3350,Clo1313_2202,CBM_35
3351,Clo1313_2202,Dockerin_1
3352,Clo1313_2202,Glyco_hydro_26
3353,Clo1313_2203,GyrI-like
3354,Clo1313_2204,Nuc-transf
3355,Clo1313_2207,Aminotran_3
3356,Clo1313_2208,Methyltransf_31
3357,Clo1313_2209,Abhydrolase_1
3358,Clo1313_2209,Hydrolase_4
3359,Clo1313_2210,Aminotran_1_2
3360,Clo1313_2210,BioW
3361,Clo1313_2211,AAA_26
3362,Clo1313_2212,BATS
3363,Clo1313_2212,Radical_SAM
3364,Clo1313_2214,DUF1538
3365,Clo1313_2215,Ferritin
3366,Clo1313_2216,Dockerin_1
3367,Clo1313_2216,GH43_C
3368,Clo1313_2216,Glyco_hydro_43
3369,Clo1313_2216,Laminin_G_3
3370,Clo1313_2216,RicinB_lectin_2
3371,Clo1313_2221,LMWPc
3372,Clo1313_2223,-
3373,Clo1313_2224,Transposase_mut
3374,Clo1313_2225,HTH_3
3375,Clo1313_2226,Gp49
3376,Clo1313_2228,AhpC-TSA
3377,Clo1313_2229,DUF1706
3378,Clo1313_2231,-
3379,Clo1313_2232,Sigma70_r2
3380,Clo1313_2232,Sigma70_r4
3381,Clo1313_2232,Sigma70_r4_2
3382,Clo1313_2233,-
3383,Clo1313_2234,Dockerin_1
3384,Clo1313_2234,Glyco_hydro_26
3385,Clo1313_2235,FMN_red
3386,Clo1313_2239,DCD
3387,Clo1313_2239,dUTPase
3388,Clo1313_2240,TetR_N
3389,Clo1313_2241,DUF308
3390,Clo1313_2242,MMPL
3391,Clo1313_2243,-
3392,Clo1313_2244,Hydrolase_3
3393,Clo1313_2245,-
3394,Clo1313_2246,HTH_18
3395,Clo1313_2247,Flavodoxin_1
3396,Clo1313_2247,Flavodoxin_5
3397,Clo1313_2247,Lactamase_B
3398,Clo1313_2248,NUDIX
3399,Clo1313_2249,SdpI
3400,Clo1313_2250,HAMP
3401,Clo1313_2250,MCPsignal
3402,Clo1313_2250,dCache_1
3403,Clo1313_2252,DUF2812
3404,Clo1313_2253,PadR
3405,Clo1313_2254,FMN_red
3406,Clo1313_2254,Flavodoxin_2
3407,Clo1313_2254,SCP2
3408,Clo1313_2255,DUF4180
3409,Clo1313_2255,PadR
3410,Clo1313_2255,Vir_act_alpha_C
3411,Clo1313_2256,EamA
3412,Clo1313_2257,Putative_PNPOx
3413,Clo1313_2258,-
3414,Clo1313_2259,4HB_MCP_1
3415,Clo1313_2259,HAMP
3416,Clo1313_2259,MCPsignal
3417,Clo1313_2259,dCache_1
3418,Clo1313_2260,Ammonium_transp
3419,Clo1313_2260,P-II
3420,Clo1313_2261,ABC_membrane
3421,Clo1313_2261,ABC_tran
3422,Clo1313_2262,ABC_membrane
3423,Clo1313_2262,ABC_tran
3424,Clo1313_2263,MarR
3425,Clo1313_2263,MarR_2
3426,Clo1313_2264,COQ7
3427,Clo1313_2265,Linocin_M18
3428,Clo1313_2266,CarboxypepD_reg
3429,Clo1313_2266,SLH
3430,Clo1313_2267,HD
3431,Clo1313_2269,GGACT
3432,Clo1313_2270,ArsC
3433,Clo1313_2270,Glutaredoxin
3434,Clo1313_2271,DUF1858
3435,Clo1313_2271,DUF438
3436,Clo1313_2271,Hemerythrin
3437,Clo1313_2271,PAS_10
3438,Clo1313_2272,adh_short_C2
3439,Clo1313_2273,N6_N4_Mtase
3440,Clo1313_2274,DpnII
3441,Clo1313_2275,MethyltransfD12
3442,Clo1313_2276,Rubrerythrin
3443,Clo1313_2276,VIT1
3444,Clo1313_2278,RsgA_GTPase
3445,Clo1313_2280,Phosphodiest
3446,Clo1313_2282,CW_binding_2
3447,Clo1313_2282,DUF3888
3448,Clo1313_2282,GA-like
3449,Clo1313_2282,LRR_4
3450,Clo1313_2282,LRR_6
3451,Clo1313_2283,Methyltrans_SAM
3452,Clo1313_2283,PUA
3453,Clo1313_2284,-
3454,Clo1313_2286,Cu_amine_oxidN1
3455,Clo1313_2286,SH3_3
3456,Clo1313_2288,FMN_red
3457,Clo1313_2289,Acyltransferase
3458,Clo1313_2289,Glyco_transf_4
3459,Clo1313_2289,Glycos_transf_1
3460,Clo1313_2290,Cu_amine_oxidN1
3461,Clo1313_2290,NLPC_P60
3462,Clo1313_2291,FtsX
3463,Clo1313_2292,ABC_tran
3464,Clo1313_2293,HATPase_c
3465,Clo1313_2294,Response_reg
3466,Clo1313_2294,Trans_reg_C
3467,Clo1313_2296,Flavin_Reduct
3468,Clo1313_2299,ABC2_membrane_2
3469,Clo1313_2300,ABC_tran
3470,Clo1313_2300,DUF4162
3471,Clo1313_2301,PLDc_N
3472,Clo1313_2302,HTH_3
3473,Clo1313_2302,TehB
3474,Clo1313_2303,GSIII_N
3475,Clo1313_2303,Gln-synt_C
3476,Clo1313_2304,GatB_N
3477,Clo1313_2304,GatB_Yqey
3478,Clo1313_2305,Amidase
3479,Clo1313_2306,Glu-tRNAGln
3480,Clo1313_2307,GAD
3481,Clo1313_2307,tRNA-synt_2
3482,Clo1313_2307,tRNA_anti-codon
3483,Clo1313_2309,DUF3788
3484,Clo1313_2309,DUF3795
3485,Clo1313_2310,DUF362
3486,Clo1313_2310,Fer4
3487,Clo1313_2310,Fer4_21
3488,Clo1313_2310,Fer4_6
3489,Clo1313_2310,Fer4_7
3490,Clo1313_2310,Fer4_9
3491,Clo1313_2311,DUF2871
3492,Clo1313_2312,ECH_1
3493,Clo1313_2314,Methyltransf_25
3494,Clo1313_2318,Flavin_Reduct
3495,Clo1313_2319,DNA_binding_1
3496,Clo1313_2321,Lipoprotein_9
3497,Clo1313_2322,BPD_transp_1
3498,Clo1313_2323,ABC_tran
3499,Clo1313_2323,NIL
3500,Clo1313_2324,Rrf2
3501,Clo1313_2325,Cys_Met_Meta_PP
3502,Clo1313_2326,Methyltransf_25
3503,Clo1313_2326,PALP
3504,Clo1313_2327,DUF4418
3505,Clo1313_2328,FtsX
3506,Clo1313_2328,MacB_PCD
3507,Clo1313_2329,ABC_tran
3508,Clo1313_2330,Acetyltransf_1
3509,Clo1313_2331,Oxidored_nitro
3510,Clo1313_2332,Oxidored_nitro
3511,Clo1313_2333,Nitro_FeMo-Co
3512,Clo1313_2334,Nitro_FeMo-Co
3513,Clo1313_2334,Radical_SAM
3514,Clo1313_2335,Cys_Met_Meta_PP
3515,Clo1313_2336,NMT1
3516,Clo1313_2337,BPD_transp_1
3517,Clo1313_2338,ABC_tran
3518,Clo1313_2339,Fer4_NifH
3519,Clo1313_2340,-
3520,Clo1313_2341,PNP_UDP_1
3521,Clo1313_2342,Bmp
3522,Clo1313_2343,DUF3029
3523,Clo1313_2344,Fer4
3524,Clo1313_2344,Fer4_12
3525,Clo1313_2344,Fer4_6
3526,Clo1313_2344,Radical_SAM
3527,Clo1313_2345,ABC_tran
3528,Clo1313_2346,BPD_transp_2
3529,Clo1313_2347,BPD_transp_2
3530,Clo1313_2348,dCMP_cyt_deam_1
3531,Clo1313_2348,dCMP_cyt_deam_2
3532,Clo1313_2349,DeoC
3533,Clo1313_2350,HTH_18
3534,Clo1313_2350,HTH_AraC
3535,Clo1313_2350,Response_reg
3536,Clo1313_2351,HATPase_c
3537,Clo1313_2351,His_kinase
3538,Clo1313_2352,BPD_transp_1
3539,Clo1313_2353,ABC_tran
3540,Clo1313_2353,TOBE_2
3541,Clo1313_2354,SBP_bac_6
3542,Clo1313_2354,SBP_bac_8
3543,Clo1313_2355,Penicillinase_R
3544,Clo1313_2356,DUF4825
3545,Clo1313_2356,Peptidase_M56
3546,Clo1313_2356,Transpeptidase
3547,Clo1313_2358,-
3548,Clo1313_2359,Gly_kinase
3549,Clo1313_2365,PglZ
3550,Clo1313_2366,Helicase_C
3551,Clo1313_2366,SNF2_N
3552,Clo1313_2367,N6_N4_Mtase
3553,Clo1313_2369,HTH_21
3554,Clo1313_2369,HTH_Tnp_1
3555,Clo1313_2369,rve
3556,Clo1313_2370,DUF2971
3557,Clo1313_2371,EndIII_4Fe-2S
3558,Clo1313_2371,HhH-GPD
3559,Clo1313_2372,-
3560,Clo1313_2373,-
3561,Clo1313_2374,NUDIX
3562,Clo1313_2375,HTH_38
3563,Clo1313_2375,rve
3564,Clo1313_2376,Recombinase
3565,Clo1313_2376,Resolvase
3566,Clo1313_2376,Zn_ribbon_recom
3567,Clo1313_2377,-
3568,Clo1313_2378,Recombinase
3569,Clo1313_2378,Resolvase
3570,Clo1313_2378,Zn_ribbon_recom
3571,Clo1313_2379,-
3572,Clo1313_2380,Amidase_2
3573,Clo1313_2380,LysM
3574,Clo1313_2380,SH3_3
3575,Clo1313_2380,SPOR
3576,Clo1313_2381,Phage_holin_4_1
3577,Clo1313_2382,Glyco_hydro_18
3578,Clo1313_2383,-
3579,Clo1313_2384,-
3580,Clo1313_2385,Prophage_tail
3581,Clo1313_2386,Sipho_tail
3582,Clo1313_2387,PhageMin_Tail
3583,Clo1313_2388,-
3584,Clo1313_2389,-
3585,Clo1313_2390,-
3586,Clo1313_2391,-
3587,Clo1313_2392,HK97-gp10_like
3588,Clo1313_2393,Phage_H_T_join
3589,Clo1313_2394,Phage_connect_1
3590,Clo1313_2395,Phage_capsid
3591,Clo1313_2396,CLP_protease
3592,Clo1313_2397,Phage_portal
3593,Clo1313_2398,Terminase_1
3594,Clo1313_2399,DUF5049
3595,Clo1313_2400,GGACT
3596,Clo1313_2401,Amidoligase_2
3597,Clo1313_2402,DUF4314
3598,Clo1313_2403,-
3599,Clo1313_2404,-
3600,Clo1313_2405,N6_N4_Mtase
3601,Clo1313_2405,ParBc
3602,Clo1313_2406,N6_N4_Mtase
3603,Clo1313_2406,ParBc
3604,Clo1313_2407,Terminase_4
3605,Clo1313_2408,HNH
3606,Clo1313_2409,-
3607,Clo1313_2410,-
3608,Clo1313_2411,VRR_NUC
3609,Clo1313_2412,HTH_11
3610,Clo1313_2414,ABC_tran
3611,Clo1313_2415,FtsX
3612,Clo1313_2416,HATPase_c
3613,Clo1313_2416,HisKA
3614,Clo1313_2417,Response_reg
3615,Clo1313_2417,Trans_reg_C
3616,Clo1313_2418,Lactamase_B
3617,Clo1313_2421,-
3618,Clo1313_2422,-
3619,Clo1313_2425,TRAM
3620,Clo1313_2425,tRNA_U5-meth_tr
3621,Clo1313_2426,ABC_tran
3622,Clo1313_2427,FecCD
3623,Clo1313_2428,Peripla_BP_2
3624,Clo1313_2429,Band_7_1
3625,Clo1313_2429,DZR
3626,Clo1313_2429,zf-ribbon_3
3627,Clo1313_2429,zinc_ribbon_2
3628,Clo1313_2430,Peptidase_M23
3629,Clo1313_2431,Bactofilin
3630,Clo1313_2432,Spore_YunB
3631,Clo1313_2433,Transgly
3632,Clo1313_2433,Transpeptidase
3633,Clo1313_2434,FtsX
3634,Clo1313_2434,MacB_PCD
3635,Clo1313_2435,Biotin_lipoyl_2
3636,Clo1313_2435,HlyD_3
3637,Clo1313_2435,HlyD_D23
3638,Clo1313_2436,ABC_tran
3639,Clo1313_2437,OEP
3640,Clo1313_2438,OEP
3641,Clo1313_2439,AA_kinase
3642,Clo1313_2439,PUA
3643,Clo1313_2440,GGGtGRT
3644,Clo1313_2441,NifU_N
3645,Clo1313_2442,-
3646,Clo1313_2443,-
3647,Clo1313_2444,Rubrerythrin
3648,Clo1313_2445,DUF218
3649,Clo1313_2446,AAA_32
3650,Clo1313_2446,Lon_C
3651,Clo1313_2447,Acetyltransf_1
3652,Clo1313_2447,Acetyltransf_10
3653,Clo1313_2448,Acetyltransf_1
3654,Clo1313_2448,Peptidase_M22
3655,Clo1313_2449,TsaE
3656,Clo1313_2450,Amidohydro_1
3657,Clo1313_2450,Amidohydro_3
3658,Clo1313_2451,Cu_amine_oxidN1
3659,Clo1313_2452,-
3660,Clo1313_2453,AAA_18
3661,Clo1313_2455,Ribosomal_S9
3662,Clo1313_2456,Ribosomal_L13
3663,Clo1313_2457,-
3664,Clo1313_2458,DisA-linker
3665,Clo1313_2458,DisA_N
3666,Clo1313_2458,HHH
3667,Clo1313_2458,HHH_2
3668,Clo1313_2459,AAA_25
3669,Clo1313_2459,ATPase
3670,Clo1313_2459,ChlI
3671,Clo1313_2459,Lon_C
3672,Clo1313_2460,Glyco_hydro_15
3673,Clo1313_2461,Glyco_tranf_2_3
3674,Clo1313_2462,AAA
3675,Clo1313_2462,AAA_2
3676,Clo1313_2462,ClpB_D2-small
3677,Clo1313_2462,Clp_N
3678,Clo1313_2462,UVR
3679,Clo1313_2463,ATP-gua_Ptrans
3680,Clo1313_2464,UVR
3681,Clo1313_2465,CtsR
3682,Clo1313_2467,EFG_C
3683,Clo1313_2467,EFG_II
3684,Clo1313_2467,EFG_IV
3685,Clo1313_2467,GTP_EFTU
3686,Clo1313_2467,GTP_EFTU_D2
3687,Clo1313_2468,DAHP_synth_1
3688,Clo1313_2469,ACT
3689,Clo1313_2469,PDH
3690,Clo1313_2470,EPSP_synthase
3691,Clo1313_2471,CoA_binding
3692,Clo1313_2471,Put_DNA-bind_N
3693,Clo1313_2472,ABC_tran
3694,Clo1313_2472,ABC_tran_CTD
3695,Clo1313_2472,ABC_tran_Xtn
3696,Clo1313_2473,Glyco_hydro_18
3697,Clo1313_2473,LysM
3698,Clo1313_2473,PG_binding_1
3699,Clo1313_2473,SH3_3
3700,Clo1313_2474,ABC_tran
3701,Clo1313_2475,CbiQ
3702,Clo1313_2476,CbiM
3703,Clo1313_2476,PDGLE
3704,Clo1313_2477,Amidase_3
3705,Clo1313_2478,GGDEF
3706,Clo1313_2478,Response_reg
3707,Clo1313_2479,Big_2
3708,Clo1313_2479,CW_binding_1
3709,Clo1313_2479,LRR_5
3710,Clo1313_2481,-
3711,Clo1313_2482,MucB_RseB
3712,Clo1313_2483,Sigma70_r2
3713,Clo1313_2483,Sigma70_r4_2
3714,Clo1313_2484,Peptidase_M56
3715,Clo1313_2484,Transpeptidase
3716,Clo1313_2485,Penicillinase_R
3717,Clo1313_2486,UreD
3718,Clo1313_2487,cobW
3719,Clo1313_2488,UreF
3720,Clo1313_2490,Amidohydro_1
3721,Clo1313_2490,Urease_alpha
3722,Clo1313_2491,Urease_beta
3723,Clo1313_2491,Urease_gamma
3724,Clo1313_2492,Urease_gamma
3725,Clo1313_2493,ABC_tran
3726,Clo1313_2494,ABC_tran
3727,Clo1313_2494,BCA_ABC_TP_C
3728,Clo1313_2495,BPD_transp_2
3729,Clo1313_2496,BPD_transp_2
3730,Clo1313_2497,Peripla_BP_5
3731,Clo1313_2498,HTH_18
3732,Clo1313_2498,Response_reg
3733,Clo1313_2499,HATPase_c
3734,Clo1313_2499,HisKA
3735,Clo1313_2499,Hpt
3736,Clo1313_2499,Response_reg
3737,Clo1313_2499,dCache_1
3738,Clo1313_2500,HATPase_c
3739,Clo1313_2500,Response_reg
3740,Clo1313_2502,Cu_amine_oxidN1
3741,Clo1313_2502,SH3_3
3742,Clo1313_2506,TadE
3743,Clo1313_2507,-
3744,Clo1313_2508,Transposase_mut
3745,Clo1313_2509,-
3746,Clo1313_2510,Cu_amine_oxidN1
3747,Clo1313_2510,SH3_3
3748,Clo1313_2515,TadE
3749,Clo1313_2516,-
3750,Clo1313_2518,-
3751,Clo1313_2519,Cu_amine_oxidN1
3752,Clo1313_2519,SH3_3
3753,Clo1313_2521,-
3754,Clo1313_2522,DDE_5
3755,Clo1313_2522,DDE_Tnp_1
3756,Clo1313_2523,TadE
3757,Clo1313_2524,-
3758,Clo1313_2525,Amidase_3
3759,Clo1313_2525,Cu_amine_oxidN1
3760,Clo1313_2526,Peripla_BP_2
3761,Clo1313_2528,-
3762,Clo1313_2529,-
3763,Clo1313_2530,CBM_4_9
3764,Clo1313_2530,Dockerin_1
3765,Clo1313_2530,Glyco_hydro_10
3766,Clo1313_2531,BATS
3767,Clo1313_2531,Radical_SAM
3768,Clo1313_2532,PALP
3769,Clo1313_2533,ATP_bind_3
3770,Clo1313_2533,NAD_synthase
3771,Clo1313_2533,QueC
3772,Clo1313_2534,Cys_Met_Meta_PP
3773,Clo1313_2535,Rrf2
3774,Clo1313_2536,Rrf2
3775,Clo1313_2537,AA_kinase
3776,Clo1313_2537,HTS
3777,Clo1313_2538,HAMP
3778,Clo1313_2538,HATPase_c
3779,Clo1313_2538,HisKA
3780,Clo1313_2539,Response_reg
3781,Clo1313_2539,Trans_reg_C
3782,Clo1313_2540,E1-E2_ATPase
3783,Clo1313_2540,HMA
3784,Clo1313_2540,Hydrolase
3785,Clo1313_2541,Cupredoxin_1
3786,Clo1313_2541,DsbD_2
3787,Clo1313_2541,HMA
3788,Clo1313_2542,DUF2318
3789,Clo1313_2543,ABC_trans_CmpB
3790,Clo1313_2544,HSP33
3791,Clo1313_2545,CSD
3792,Clo1313_2546,DNA_binding_1
3793,Clo1313_2547,Methyltransf_25
3794,Clo1313_2548,SASP
3795,Clo1313_2549,PDZ_2
3796,Clo1313_2549,Peptidase_S41
3797,Clo1313_2550,Peptidase_M23
3798,Clo1313_2551,FtsX
3799,Clo1313_2552,ABC_tran
3800,Clo1313_2553,Diacid_rec
3801,Clo1313_2553,HTH_30
3802,Clo1313_2554,ABC_tran
3803,Clo1313_2554,TOBE
3804,Clo1313_2554,TOBE_2
3805,Clo1313_2555,Semialdhyde_dh
3806,Clo1313_2555,Semialdhyde_dhC
3807,Clo1313_2556,AA_kinase
3808,Clo1313_2557,PilZ
3809,Clo1313_2558,Aminotran_3
3810,Clo1313_2559,CPSase_sm_chain
3811,Clo1313_2559,GATase
3812,Clo1313_2560,CPSase_L_D2
3813,Clo1313_2560,CPSase_L_D3
3814,Clo1313_2560,MGS
3815,Clo1313_2561,OTCace
3816,Clo1313_2561,OTCace_N
3817,Clo1313_2562,Acetyltransf_1
3818,Clo1313_2563,DDE_Tnp_1_3
3819,Clo1313_2564,DUF285
3820,Clo1313_2564,Dockerin_1
3821,Clo1313_2564,LRR_5
3822,Clo1313_2564,N_methyl
3823,Clo1313_2565,-
3824,Clo1313_2567,FTSW_RODA_SPOVE
3825,Clo1313_2568,PadR
3826,Clo1313_2569,Metallophos
3827,Clo1313_2570,-
3828,Clo1313_2572,Big_2
3829,Clo1313_2572,VanY
3830,Clo1313_2574,Transposase_mut
3831,Clo1313_2575,CHAT
3832,Clo1313_2575,NB-ARC
3833,Clo1313_2575,PALP
3834,Clo1313_2575,TIR_2
3835,Clo1313_2575,TPR_12
3836,Clo1313_2575,TPR_8
3837,Clo1313_2576,Polysacc_deac_1
3838,Clo1313_2577,AMP-binding
3839,Clo1313_2577,AMP-binding_C
3840,Clo1313_2577,Condensation
3841,Clo1313_2577,PP-binding
3842,Clo1313_2577,Thioesterase
3843,Clo1313_2578,Glyco_transf_28
3844,Clo1313_2578,UDPGT
3845,Clo1313_2579,Glyco_transf_28
3846,Clo1313_2579,UDPGT
3847,Clo1313_2580,AMP-binding
3848,Clo1313_2580,AMP-binding_C
3849,Clo1313_2580,Condensation
3850,Clo1313_2580,PP-binding
3851,Clo1313_2581,Cu_amine_oxidN1
3852,Clo1313_2582,Cu_amine_oxidN1
3853,Clo1313_2583,-
3854,Clo1313_2584,CBM_6
3855,Clo1313_2584,SLH
3856,Clo1313_2585,Y1_Tnp
3857,Clo1313_2586,Cu_amine_oxidN1
3858,Clo1313_2586,Glyco_hydro_18
3859,Clo1313_2586,LysM
3860,Clo1313_2586,Ricin_B_lectin
3861,Clo1313_2586,SBP_bac_3
3862,Clo1313_2587,Rhomboid
3863,Clo1313_2588,TPR_2
3864,Clo1313_2588,TPR_8
3865,Clo1313_2588,VCBS
3866,Clo1313_2589,HAMP
3867,Clo1313_2589,HATPase_c
3868,Clo1313_2589,HisKA
3869,Clo1313_2590,Response_reg
3870,Clo1313_2590,Trans_reg_C
3871,Clo1313_2591,Cation_ATPase
3872,Clo1313_2591,Cation_ATPase_C
3873,Clo1313_2591,Cation_ATPase_N
3874,Clo1313_2591,E1-E2_ATPase
3875,Clo1313_2591,Hydrolase
3876,Clo1313_2592,OKR_DC_1
3877,Clo1313_2592,OKR_DC_1_C
3878,Clo1313_2593,ACT
3879,Clo1313_2593,MgtC
3880,Clo1313_2594,Spore_II_R
3881,Clo1313_2595,PadR
3882,Clo1313_2596,HTH_3
3883,Clo1313_2597,CTP_synth_N
3884,Clo1313_2597,GATase
3885,Clo1313_2599,-
3886,Clo1313_2600,PT-HINT
3887,Clo1313_2600,WHH
3888,Clo1313_2601,PDZ_2
3889,Clo1313_2601,PG_binding_1
3890,Clo1313_2601,Peptidase_S41
3891,Clo1313_2602,SLH
3892,Clo1313_2603,SLH
3893,Clo1313_2604,Lactamase_B_3
3894,Clo1313_2605,Abi
3895,Clo1313_2606,Arg_tRNA_synt_N
3896,Clo1313_2606,DALR_1
3897,Clo1313_2606,tRNA-synt_1d
3898,Clo1313_2607,DUF1934
3899,Clo1313_2608,Asp_Glu_race
3900,Clo1313_2609,Dala_Dala_lig_C
3901,Clo1313_2609,Dala_Dala_lig_N
3902,Clo1313_2610,CBS
3903,Clo1313_2610,MgtE
3904,Clo1313_2610,MgtE_N
3905,Clo1313_2612,RDD
3906,Clo1313_2613,Zn-ribbon_8
3907,Clo1313_2614,Germane
3908,Clo1313_2615,DeoC
3909,Clo1313_2616,RNaseH_like
3910,Clo1313_2617,Pyr_redox_2
3911,Clo1313_2617,Pyr_redox_3
3912,Clo1313_2618,Pyr_redox_2
3913,Clo1313_2618,Thioredoxin
3914,Clo1313_2619,AhpC-TSA
3915,Clo1313_2619,DsbD
3916,Clo1313_2619,Redoxin
3917,Clo1313_2620,AhpC-TSA
3918,Clo1313_2620,DsbD
3919,Clo1313_2621,-
3920,Clo1313_2622,-
3921,Clo1313_2623,-
3922,Clo1313_2624,Hydrolase_2
3923,Clo1313_2624,PG_binding_1
3924,Clo1313_2625,-
3925,Clo1313_2626,HHH_3
3926,Clo1313_2626,S1
3927,Clo1313_2626,Tex_N
3928,Clo1313_2626,Tex_YqgF
3929,Clo1313_2627,PfkB
3930,Clo1313_2628,SBP_bac_1
3931,Clo1313_2628,SBP_bac_8
3932,Clo1313_2629,-
3933,Clo1313_2630,UvdE
3934,Clo1313_2631,Methyltransf_25
3935,Clo1313_2631,Methyltransf_31
3936,Clo1313_2632,PG_binding_1
3937,Clo1313_2633,Hexapep
3938,Clo1313_2633,NTP_transferase
3939,Clo1313_2633,PGM_PMM_I
3940,Clo1313_2634,PseudoU_synth_2
3941,Clo1313_2634,S4
3942,Clo1313_2635,CBM_4_9
3943,Clo1313_2635,Dockerin_1
3944,Clo1313_2635,Esterase
3945,Clo1313_2635,Glyco_hydro_11
3946,Clo1313_2637,Glutaredoxin
3947,Clo1313_2637,Pyr_redox_2
3948,Clo1313_2637,Thioredoxin_3
3949,Clo1313_2638,1-cysPrx_C
3950,Clo1313_2638,AhpC-TSA
3951,Clo1313_2640,-
3952,Clo1313_2641,FtsK_SpoIIIE
3953,Clo1313_2642,FtsK_SpoIIIE
3954,Clo1313_2643,-
3955,Clo1313_2644,-
3956,Clo1313_2645,WXG100
3957,Clo1313_2646,-
3958,Clo1313_2647,TPR_19
3959,Clo1313_2647,TPR_8
3960,Clo1313_2648,-
3961,Clo1313_2649,-
3962,Clo1313_2650,Amidase_2
3963,Clo1313_2650,DUF4157
3964,Clo1313_2650,PG_binding_1
3965,Clo1313_2650,Pesticin
3966,Clo1313_2650,YkuD
3967,Clo1313_2651,PT-HINT
3968,Clo1313_2651,WHH
3969,Clo1313_2653,Mu-like_Com
3970,Clo1313_2657,-
3971,Clo1313_2659,DEDD_Tnp_IS110
3972,Clo1313_2659,Transposase_20
3973,Clo1313_2660,Resolvase
3974,Clo1313_2663,HTH_21
3975,Clo1313_2663,HTH_Tnp_1
3976,Clo1313_2663,rve
3977,Clo1313_2664,DDE_Tnp_1_3
3978,Clo1313_2665,-
3979,Clo1313_2666,PT-HINT
3980,Clo1313_2666,WHH
3981,Clo1313_2667,D5_N
3982,Clo1313_2667,Pox_D5
3983,Clo1313_2667,PriCT_1
3984,Clo1313_2667,Prim-Pol
3985,Clo1313_2670,-
3986,Clo1313_2671,PT-HINT
3987,Clo1313_2671,WHH
3988,Clo1313_2672,-
3989,Clo1313_2675,-
3990,Clo1313_2677,DUF1910
3991,Clo1313_2677,DUF1911
3992,Clo1313_2678,PT-HINT
3993,Clo1313_2678,WHH
3994,Clo1313_2680,Mu-like_Com
3995,Clo1313_2683,PT-HINT
3996,Clo1313_2683,WHH
3997,Clo1313_2684,-
3998,Clo1313_2686,Y1_Tnp
3999,Clo1313_2687,-
4000,Clo1313_2688,-
4001,Clo1313_2689,Pkinase
4002,Clo1313_2691,Amidohydro_2
4003,Clo1313_2693,Dockerin_1
4004,Clo1313_2694,PDDEXK_1
4005,Clo1313_2694,UvrD-helicase
4006,Clo1313_2694,UvrD_C
4007,Clo1313_2695,Exonuc_V_gamma
4008,Clo1313_2695,PDDEXK_1
4009,Clo1313_2695,UvrD_C
4010,Clo1313_2696,-
4011,Clo1313_2698,-
4012,Clo1313_2700,HTH_21
4013,Clo1313_2700,HTH_Tnp_1
4014,Clo1313_2700,rve
4015,Clo1313_2702,-
4016,Clo1313_2704,PT-HINT
4017,Clo1313_2704,WHH
4018,Clo1313_2705,-
4019,Clo1313_2706,RAMPs
4020,Clo1313_2707,RAMPs
4021,Clo1313_2708,RAMPs
4022,Clo1313_2709,-
4023,Clo1313_2710,-
4024,Clo1313_2711,RAMPs
4025,Clo1313_2712,-
4026,Clo1313_2713,CRISPR_Cas6
4027,Clo1313_2714,Cas_DxTHG
4028,Clo1313_2715,Macro
4029,Clo1313_2716,GerE
4030,Clo1313_2716,Sigma70_r2
4031,Clo1313_2716,Sigma70_r4_2
4032,Clo1313_2718,SpoU_methylase
4033,Clo1313_2718,SpoU_sub_bind
4034,Clo1313_2719,Ribonuclease_3
4035,Clo1313_2720,GerA
4036,Clo1313_2721,Spore_permease
4037,Clo1313_2722,Spore_GerAC
4038,Clo1313_2723,DALR_2
4039,Clo1313_2723,tRNA-synt_1e
4040,Clo1313_2723,tRNA-synt_1g
4041,Clo1313_2724,Hexapep
4042,Clo1313_2724,SATase_N
4043,Clo1313_2725,Phage_holin_4_2
4044,Clo1313_2726,HhH-GPD
4045,Clo1313_2726,OGG_N
4046,Clo1313_2727,-
4047,Clo1313_2728,Asp23
4048,Clo1313_2728,IPT
4049,Clo1313_2729,YtxC
4050,Clo1313_2730,-
4051,Clo1313_2731,M20_dimer
4052,Clo1313_2731,Peptidase_M20
4053,Clo1313_2732,DUF378
4054,Clo1313_2733,-
4055,Clo1313_2734,Transcrip_reg
4056,Clo1313_2735,HATPase_c
4057,Clo1313_2735,HisKA
4058,Clo1313_2736,CoA_binding_2
4059,Clo1313_2737,DUF1949
4060,Clo1313_2737,UPF0029
4061,Clo1313_2738,Peptidase_S24
4062,Clo1313_2738,Peptidase_S26
4063,Clo1313_2739,NUDIX
4064,Clo1313_2740,GTP-bdg_M
4065,Clo1313_2740,GTP-bdg_N
4066,Clo1313_2740,MMR_HSR1
4067,Clo1313_2741,-
4068,Clo1313_2742,IMS
4069,Clo1313_2742,IMS_C
4070,Clo1313_2742,IMS_HHH
4071,Clo1313_2743,dUTPase
4072,Clo1313_2744,DUF3656
4073,Clo1313_2744,Peptidase_U32
4074,Clo1313_2745,Metalloenzyme
4075,Clo1313_2746,ZapA
4076,Clo1313_2747,CBM_3
4077,Clo1313_2747,CBM_X2
4078,Clo1313_2747,Dockerin_1
4079,Clo1313_2747,Glyco_hydro_48
4080,Clo1313_2747,Glyco_hydro_9
4081,Clo1313_2748,DZR
4082,Clo1313_2748,zf-ribbon_3
4083,Clo1313_2748,zinc_ribbon_2
4084,Clo1313_2749,-
4085,Clo1313_2750,RrnaAD
4086,Clo1313_2751,3D
4087,Clo1313_2751,DUF348
4088,Clo1313_2751,G5
4089,Clo1313_2753,TatD_DNase
4090,Clo1313_2754,Anticodon_1
4091,Clo1313_2754,tRNA-synt_1g
4092,Clo1313_2754,tRNA_bind
4093,Clo1313_2755,DUF2600
4094,Clo1313_2756,Gate
4095,Clo1313_2757,Gate
4096,Clo1313_2758,MazE_antitoxin
4097,Clo1313_2759,TP_methylase
4098,Clo1313_2760,MTS
4099,Clo1313_2760,Methyltransf_31
4100,Clo1313_2761,Fer4
4101,Clo1313_2762,PSP1
4102,Clo1313_2763,DNA_pol3_delta2
4103,Clo1313_2763,DNApol3-delta_C
4104,Clo1313_2764,DUF327
4105,Clo1313_2765,Thymidylate_kin
4106,Clo1313_2766,OKR_DC_1
4107,Clo1313_2766,OKR_DC_1_C
4108,Clo1313_2767,-
4109,Clo1313_2768,Beta_propel
4110,Clo1313_2768,Cu_amine_oxidN1
4111,Clo1313_2769,ABC_tran
4112,Clo1313_2770,FtsX
4113,Clo1313_2771,Response_reg
4114,Clo1313_2771,Trans_reg_C
4115,Clo1313_2772,HATPase_c
4116,Clo1313_2773,Thiamine_BP
4117,Clo1313_2774,BPD_transp_1
4118,Clo1313_2775,NMT1
4119,Clo1313_2776,ABC_tran
4120,Clo1313_2777,Glyco_hydro_10
4121,Clo1313_2778,Sigma70_r2
4122,Clo1313_2779,-
4123,Clo1313_2781,MacB_PCD
4124,Clo1313_2782,-
4125,Clo1313_2783,BPD_transp_1
4126,Clo1313_2784,BPD_transp_1
4127,Clo1313_2785,AAA_3
4128,Clo1313_2786,SBP_bac_1
4129,Clo1313_2786,SBP_bac_8
4130,Clo1313_2788,DUF4097
4131,Clo1313_2789,DUF2089
4132,Clo1313_2790,AAA_21
4133,Clo1313_2791,RloB
4134,Clo1313_2793,F5_F8_type_C
4135,Clo1313_2793,Glyco_hydro_36C
4136,Clo1313_2793,Glyco_hydro_36N
4137,Clo1313_2793,Melibiase
4138,Clo1313_2793,NPCBM
4139,Clo1313_2793,NPCBM_assoc
4140,Clo1313_2793,NTP_transf_3
4141,Clo1313_2793,PEP_mutase
4142,Clo1313_2794,AbfB
4143,Clo1313_2794,Big_4
4144,Clo1313_2794,Dockerin_1
4145,Clo1313_2794,Glyco_hydro_43
4146,Clo1313_2795,Dockerin_1
4147,Clo1313_2795,F5_F8_type_C
4148,Clo1313_2795,Glyco_hydr_30_2
4149,Clo1313_2795,Glyco_hydro_30C
4150,Clo1313_2796,DUF4829
4151,Clo1313_2796,DUF4830
4152,Clo1313_2797,PBP
4153,Clo1313_2798,HD
4154,Clo1313_2798,HD_assoc
4155,Clo1313_2800,HHH
4156,Clo1313_2800,RecR
4157,Clo1313_2800,Toprim_4
4158,Clo1313_2801,YbaB_DNA_bd
4159,Clo1313_2802,DNA_pol3_delta2
4160,Clo1313_2802,DNA_pol3_gamma3
4161,Clo1313_2804,CBM27
4162,Clo1313_2804,CBM_11
4163,Clo1313_2804,Glyco_hydro_26
4164,Clo1313_2805,CBM_3
4165,Clo1313_2805,Cellulase
4166,Clo1313_2806,HEAT_2
4167,Clo1313_2806,PG_binding_1
4168,Clo1313_2807,Amino_oxidase
4169,Clo1313_2808,GT87
4170,Clo1313_2808,PMT_2
4171,Clo1313_2809,-
4172,Clo1313_2810,GtrA
4173,Clo1313_2811,Methyltransf_23
4174,Clo1313_2812,Chlam_PMP
4175,Clo1313_2812,Flg_new
4176,Clo1313_2812,SLH
4177,Clo1313_2813,SLH
4178,Clo1313_2815,Cthe_2159
4179,Clo1313_2816,CotH
4180,Clo1313_2816,Fn3_assoc
4181,Clo1313_2816,LTD
4182,Clo1313_2817,-
4183,Clo1313_2818,-
4184,Clo1313_2819,-
4185,Clo1313_2820,Peptidase_C26
4186,Clo1313_2821,STAS
4187,Clo1313_2822,-
4188,Clo1313_2823,Rubredoxin
4189,Clo1313_2824,DUF1256
4190,Clo1313_2825,PAS_4
4191,Clo1313_2825,PAS_9
4192,Clo1313_2825,SpoIIE
4193,Clo1313_2826,AhpC-TSA
4194,Clo1313_2826,Glyco_hydro_8
4195,Clo1313_2827,PepSY
4196,Clo1313_2827,SLH
4197,Clo1313_2828,Metallophos
4198,Clo1313_2829,Amidase_6
4199,Clo1313_2830,ResIII
4200,Clo1313_2831,Ribosomal_L31
4201,Clo1313_2832,ATP-synt_ab
4202,Clo1313_2832,Rho_N
4203,Clo1313_2832,Rho_RNA_bind
4204,Clo1313_2834,-
4205,Clo1313_2835,Abi
4206,Clo1313_2837,-
4207,Clo1313_2840,Acyl_transf_3
4208,Clo1313_2842,Beta_helix
4209,Clo1313_2842,Dockerin_1
4210,Clo1313_2842,Pec_lyase_C
4211,Clo1313_2843,Beta_helix
4212,Clo1313_2843,Dockerin_1
4213,Clo1313_2843,Pec_lyase_C
4214,Clo1313_2844,CBS
4215,Clo1313_2844,Voltage_CLC
4216,Clo1313_2845,ATP_bind_3
4217,Clo1313_2846,Cu_amine_oxidN1
4218,Clo1313_2846,Metallophos
4219,Clo1313_2846,NAGPA
4220,Clo1313_2846,Pur_ac_phosph_N
4221,Clo1313_2846,SLH
4222,Clo1313_2847,NTP_transferase
4223,Clo1313_2848,Virul_fac_BrkB
4224,Clo1313_2849,Ribosomal_S18
4225,Clo1313_2850,SSB
4226,Clo1313_2851,Ribosomal_S6
4227,Clo1313_2852,GGDEF
4228,Clo1313_2853,Amidohydro_1
4229,Clo1313_2854,Alpha-amylase
4230,Clo1313_2854,Alpha-amylase_C
4231,Clo1313_2854,CBM_48
4232,Clo1313_2856,CBM_6
4233,Clo1313_2856,Cellulase
4234,Clo1313_2856,Dockerin_1
4235,Clo1313_2857,CBM_6
4236,Clo1313_2857,Dockerin_1
4237,Clo1313_2857,Glyco_hydro_43
4238,Clo1313_2858,CBM_6
4239,Clo1313_2858,Dockerin_1
4240,Clo1313_2858,Esterase
4241,Clo1313_2859,CBM_6
4242,Clo1313_2859,Dockerin_1
4243,Clo1313_2859,Laminin_G_3
4244,Clo1313_2860,AbfB
4245,Clo1313_2860,Big_3
4246,Clo1313_2860,CBM_2
4247,Clo1313_2860,CBM_4_9
4248,Clo1313_2860,CBM_6
4249,Clo1313_2860,Dockerin_1
4250,Clo1313_2860,Esterase
4251,Clo1313_2860,Glyco_hydro_43
4252,Clo1313_2860,RicinB_lectin_2
4253,Clo1313_2861,Big_3
4254,Clo1313_2861,Big_4
4255,Clo1313_2861,CBM_6
4256,Clo1313_2861,DUF4982
4257,Clo1313_2861,F5_F8_type_C
4258,Clo1313_2861,FIVAR
4259,Clo1313_2861,Glyco_hydro_2
4260,Clo1313_2861,Glyco_hydro_20b
4261,Clo1313_2861,Glyco_hydro_2_C
4262,Clo1313_2861,Glyco_hydro_2_N
4263,Clo1313_2861,NAGidase
4264,Clo1313_2862,-
4265,Clo1313_2863,AAA_15
4266,Clo1313_2863,AAA_21
4267,Clo1313_2864,GyrI-like
4268,Clo1313_2864,MerR_1
4269,Clo1313_2865,FtsX
4270,Clo1313_2866,ABC_tran
4271,Clo1313_2867,HATPase_c
4272,Clo1313_2868,Response_reg
4273,Clo1313_2868,Trans_reg_C
4274,Clo1313_2873,DDE_Tnp_1_3
4275,Clo1313_2875,DUF3784
4276,Clo1313_2876,GTP_cyclohydroI
4277,Clo1313_2877,Mur_ligase_C
4278,Clo1313_2877,Mur_ligase_M
4279,Clo1313_2877,RimK
4280,Clo1313_2878,Peptidase_S51
4281,Clo1313_2879,-
4282,Clo1313_2880,Amidohydro_1
4283,Clo1313_2880,Amidohydro_3
4284,Clo1313_2881,LexA_DNA_bind
4285,Clo1313_2882,Iso_dh
4286,Clo1313_2883,Aconitase_C
4287,Clo1313_2884,Aconitase
4288,Clo1313_2885,AraC_binding
4289,Clo1313_2885,Cupin_2
4290,Clo1313_2885,HTH_18
4291,Clo1313_2885,HTH_AraC
4292,Clo1313_2886,DUF2179
4293,Clo1313_2887,Hydrolase_4
4294,Clo1313_2887,Peptidase_S9
4295,Clo1313_2888,CorA
4296,Clo1313_2889,FlgN
4297,Clo1313_2890,FliS
4298,Clo1313_2891,Flagellin_IN
4299,Clo1313_2891,FliD_C
4300,Clo1313_2891,FliD_N
4301,Clo1313_2892,FlaG
4302,Clo1313_2893,Epimerase
4303,Clo1313_2893,GDP_Man_Dehyd
4304,Clo1313_2894,DegT_DnrJ_EryC1
4305,Clo1313_2895,Glyco_tran_28_C
4306,Clo1313_2896,PIG-L
4307,Clo1313_2897,Formyl_trans_N
4308,Clo1313_2898,Glyoxalase_4
4309,Clo1313_2899,NIF
4310,Clo1313_2900,PP-binding
4311,Clo1313_2901,Acetyltransf_1
4312,Clo1313_2901,Acetyltransf_3
4313,Clo1313_2901,Acetyltransf_4
4314,Clo1313_2902,NeuB
4315,Clo1313_2902,SAF
4316,Clo1313_2903,CTP_transf_3
4317,Clo1313_2904,Methyltransf_11
4318,Clo1313_2904,Methyltransf_23
4319,Clo1313_2905,Polysacc_syn_2C
4320,Clo1313_2905,Polysacc_synt_2
4321,Clo1313_2906,MAF_flag10
4322,Clo1313_2907,-
4323,Clo1313_2908,MAF_flag10
4324,Clo1313_2909,Flagellin_C
4325,Clo1313_2909,Flagellin_N
4326,Clo1313_2910,Flagellin_C
4327,Clo1313_2910,Flagellin_N
4328,Clo1313_2911,Aldedh
4329,Clo1313_2912,CsrA
4330,Clo1313_2913,FliW
4331,Clo1313_2914,-
4332,Clo1313_2915,Flagellin_C
4333,Clo1313_2915,Flagellin_N
4334,Clo1313_2916,Flg_bb_rod
4335,Clo1313_2916,Flg_bbr_C
4336,Clo1313_2917,Flg_bb_rod
4337,Clo1313_2917,Flg_bbr_C
4338,Clo1313_2917,VWA
4339,Clo1313_2918,FlgN
4340,Clo1313_2919,FlgM
4341,Clo1313_2920,-
4342,Clo1313_2921,Pribosyltran
4343,Clo1313_2922,AAA_30
4344,Clo1313_2922,HHH_4
4345,Clo1313_2922,HHH_5
4346,Clo1313_2922,UvrD_C_2
4347,Clo1313_2923,-
4348,Clo1313_2924,S-AdoMet_synt_C
4349,Clo1313_2924,S-AdoMet_synt_M
4350,Clo1313_2924,S-AdoMet_synt_N
4351,Clo1313_2925,4HBT
4352,Clo1313_2926,AAA
4353,Clo1313_2926,FtsH_ext
4354,Clo1313_2926,Peptidase_M41
4355,Clo1313_2927,Pribosyltran
4356,Clo1313_2928,ATP_bind_3
4357,Clo1313_2928,TilS
4358,Clo1313_2928,TilS_C
4359,Clo1313_2929,DnaB
4360,Clo1313_2929,DnaB_C
4361,Clo1313_2930,Ribosomal_L9_C
4362,Clo1313_2930,Ribosomal_L9_N
4363,Clo1313_2931,DHH
4364,Clo1313_2931,DHHA1
4365,Clo1313_2932,MazG-like
4366,Clo1313_2933,ACT
4367,Clo1313_2933,CM_2
4368,Clo1313_2933,PDT
4369,Clo1313_2934,-
4370,Clo1313_2935,V_ATPase_I
4371,Clo1313_2936,ATP-synt_C
4372,Clo1313_2937,vATP-synt_E
4373,Clo1313_2938,vATP-synt_AC39
4374,Clo1313_2939,ATP-synt_F
4375,Clo1313_2940,ATP-synt_ab
4376,Clo1313_2940,ATP-synt_ab_N
4377,Clo1313_2940,ATP-synt_ab_Xtn
4378,Clo1313_2941,ATP-synt_ab
4379,Clo1313_2941,ATP-synt_ab_N
4380,Clo1313_2942,ATP-synt_D
4381,Clo1313_2943,ABC_tran
4382,Clo1313_2943,ABC_tran_Xtn
4383,Clo1313_2944,Dockerin_1
4384,Clo1313_2945,DUF2229
4385,Clo1313_2946,DUF2229
4386,Clo1313_2947,-
4387,Clo1313_2949,DUF2812
4388,Clo1313_2950,AAA
4389,Clo1313_2950,FtsH_ext
4390,Clo1313_2951,-
4391,Clo1313_2952,SBP_bac_3
4392,Clo1313_2953,BPD_transp_1
4393,Clo1313_2953,SBP_bac_3
4394,Clo1313_2954,ABC_tran
4395,Clo1313_2955,CheB_methylest
4396,Clo1313_2955,Response_reg
4397,Clo1313_2956,CheR
4398,Clo1313_2956,CheR_N
4399,Clo1313_2957,MCPsignal
4400,Clo1313_2958,CheW
4401,Clo1313_2958,H-kinase_dim
4402,Clo1313_2958,HATPase_c
4403,Clo1313_2958,Hpt
4404,Clo1313_2958,P2
4405,Clo1313_2959,CheW
4406,Clo1313_2961,Phage_integrase
4407,Clo1313_2962,HTH_18
4408,Clo1313_2963,PBP
4409,Clo1313_2965,ABC_tran
4410,Clo1313_2967,-
4411,Clo1313_2969,CRISPR_Cas2
4412,Clo1313_2970,Cas_Cas1
4413,Clo1313_2970,RVT_1
4414,Clo1313_2971,Cas_Cas4
4415,Clo1313_2972,DEAD
4416,Clo1313_2972,HD
4417,Clo1313_2972,Helicase_C
4418,Clo1313_2973,Cas_Cas5d
4419,Clo1313_2974,DevR
4420,Clo1313_2975,-
4421,Clo1313_2976,Cas_Cas6
4422,Clo1313_2977,MTHFR
4423,Clo1313_2978,BacA
4424,Clo1313_2979,MatE
4425,Clo1313_2980,CheX
4426,Clo1313_2980,Hemerythrin
4427,Clo1313_2981,CheC
4428,Clo1313_2981,CheX
4429,Clo1313_2982,CN_hydrolase
4430,Clo1313_2983,Cu_amine_oxidN1
4431,Clo1313_2983,DUF4352
4432,Clo1313_2984,-
4433,Clo1313_2985,FMN_bind
4434,Clo1313_2986,DUF218
4435,Clo1313_2987,SPOUT_MTase
4436,Clo1313_2988,Lactamase_B
4437,Clo1313_2988,Lactamase_B_2
4438,Clo1313_2989,EPSP_synthase
4439,Clo1313_2990,YycI
4440,Clo1313_2991,-
4441,Clo1313_2992,-
4442,Clo1313_2993,HAMP
4443,Clo1313_2993,HATPase_c
4444,Clo1313_2993,HisKA
4445,Clo1313_2993,PAS
4446,Clo1313_2993,PAS_8
4447,Clo1313_2993,PAS_9
4448,Clo1313_2994,Response_reg
4449,Clo1313_2994,Trans_reg_C
4450,Clo1313_2996,SpoOE-like
4451,Clo1313_2997,CoA_binding_3
4452,Clo1313_2997,Polysacc_synt_2
4453,Clo1313_2998,Polysacc_synt_3
4454,Clo1313_2998,Polysacc_synt_C
4455,Clo1313_2999,Glyco_transf_4
4456,Clo1313_2999,Glycos_transf_1
4457,Clo1313_3000,-
4458,Clo1313_3001,Glyco_trans_1_4
4459,Clo1313_3001,Glycos_transf_1
4460,Clo1313_3001,Sulfotransfer_2
4461,Clo1313_3002,Glyco_trans_1_4
4462,Clo1313_3002,Glycos_transf_1
4463,Clo1313_3003,UDPG_MGDP_dh
4464,Clo1313_3003,UDPG_MGDP_dh_C
4465,Clo1313_3003,UDPG_MGDP_dh_N
4466,Clo1313_3004,Glycos_transf_2
4467,Clo1313_3005,Acetyltransf_6
4468,Clo1313_3005,FemAB
4469,Clo1313_3006,Acetyltransf_1
4470,Clo1313_3007,Bac_transf
4471,Clo1313_3007,Glycos_transf_2
4472,Clo1313_3008,DegT_DnrJ_EryC1
4473,Clo1313_3009,TPR_16
4474,Clo1313_3009,TPR_8
4475,Clo1313_3009,Wzy_C
4476,Clo1313_3010,GNVR
4477,Clo1313_3010,Wzz
4478,Clo1313_3011,Big_4
4479,Clo1313_3011,SLH
4480,Clo1313_3012,SASP
4481,Clo1313_3013,Hydrolase_2
4482,Clo1313_3014,-
4483,Clo1313_3015,CBS
4484,Clo1313_3016,PGAP1
4485,Clo1313_3017,QRPTase_C
4486,Clo1313_3017,QRPTase_N
4487,Clo1313_3018,FAD_binding_2
4488,Clo1313_3018,Succ_DH_flav_C
4489,Clo1313_3019,NadA
4490,Clo1313_3020,zinc_ribbon_2
4491,Clo1313_3021,AgrB
4492,Clo1313_3022,HD_2
4493,Clo1313_3022,HD_3
4494,Clo1313_3023,CBM_3
4495,Clo1313_3023,Dockerin_1
4496,Clo1313_3023,Glyco_hydro_9
4497,Clo1313_3024,DNA_gyraseA_C
4498,Clo1313_3024,DNA_topoisoIV
4499,Clo1313_3025,ParBc
4500,Clo1313_3026,GidB
4501,Clo1313_3027,GIDA
4502,Clo1313_3027,GIDA_assoc
4503,Clo1313_3028,MMR_HSR1
4504,Clo1313_3028,MnmE_helical
4505,Clo1313_3028,TrmE_N
4506,Clo1313_3029,Jag_N
4507,Clo1313_3029,KH_4
4508,Clo1313_3029,R3H
4509,Clo1313_3030,60KD_IMP
