Mar-25 09:42:49.778 [main] DEBUG nextflow.cli.Launcher - $> nextflow run main_fixed_w_delete.nf -resume -profile local --organism ctherm --metadata ../ctherm_nf/ctherm_metadata_fixed.tsv --sequence_dir ../ctherm_nf/sequence_files/ --outdir ../ctherm_nf/nf_results/
Mar-25 09:42:49.848 [main] INFO  nextflow.cli.CmdRun - N E X T F L O W  ~  version 22.10.0
Mar-25 09:42:49.861 [main] DEBUG nextflow.plugin.PluginsFacade - Setting up plugin manager > mode=prod; embedded=false; plugins-dir=/Users/skd6150/.nextflow/plugins; core-plugins: nf-amazon@1.11.0,nf-azure@0.14.2,nf-codecommit@0.1.2,nf-console@1.0.4,nf-ga4gh@1.0.4,nf-google@1.4.4,nf-tower@1.5.5,nf-wave@0.5.2
Mar-25 09:42:49.867 [main] INFO  org.pf4j.DefaultPluginStatusProvider - Enabled plugins: []
Mar-25 09:42:49.867 [main] INFO  org.pf4j.DefaultPluginStatusProvider - Disabled plugins: []
Mar-25 09:42:49.869 [main] INFO  org.pf4j.DefaultPluginManager - PF4J version 3.4.1 in 'deployment' mode
Mar-25 09:42:49.875 [main] INFO  org.pf4j.AbstractPluginManager - No plugins
Mar-25 09:42:49.884 [main] DEBUG nextflow.config.ConfigBuilder - Found config local: /Users/skd6150/Documents/Research/CBI/iModulon_Ctherm/iModulonMiner/2_process_data/nextflow.config
Mar-25 09:42:49.884 [main] DEBUG nextflow.config.ConfigBuilder - Parsing config file: /Users/skd6150/Documents/Research/CBI/iModulon_Ctherm/iModulonMiner/2_process_data/nextflow.config
Mar-25 09:42:49.897 [main] DEBUG nextflow.config.ConfigBuilder - Applying config profile: `local`
Mar-25 09:42:50.297 [main] DEBUG nextflow.config.ConfigBuilder - Available config profiles: [slurm, local]
Mar-25 09:42:50.335 [main] DEBUG nextflow.cli.CmdRun - Applied DSL=1 by probing script field
Mar-25 09:42:50.347 [main] INFO  nextflow.cli.CmdRun - Launching `main_fixed_w_delete.nf` [lethal_varahamihira] DSL1 - revision: 8d6d8342fb
Mar-25 09:42:50.347 [main] DEBUG nextflow.plugin.PluginsFacade - Plugins default=[]
Mar-25 09:42:50.347 [main] DEBUG nextflow.plugin.PluginsFacade - Plugins resolved requirement=[]
Mar-25 09:42:50.353 [main] DEBUG nextflow.secret.LocalSecretsProvider - Secrets store: /Users/skd6150/.nextflow/secrets/store.json
Mar-25 09:42:50.354 [main] DEBUG nextflow.secret.SecretsLoader - Discovered secrets providers: [nextflow.secret.LocalSecretsProvider@1f03fba0] - activable => nextflow.secret.LocalSecretsProvider@1f03fba0
Mar-25 09:42:50.392 [main] DEBUG nextflow.Session - Session UUID: fe569bb7-ffdd-4451-87c8-4935b4661d7e
Mar-25 09:42:50.392 [main] DEBUG nextflow.Session - Run name: lethal_varahamihira
Mar-25 09:42:50.392 [main] DEBUG nextflow.Session - Executor pool size: 8
Mar-25 09:42:50.398 [main] DEBUG nextflow.util.ThreadPoolBuilder - Creating thread pool 'FileTransfer' minSize=10; maxSize=24; workQueue=LinkedBlockingQueue[10000]; allowCoreThreadTimeout=false
Mar-25 09:42:50.447 [main] DEBUG nextflow.cli.CmdRun - 
  Version: 22.10.0 build 5826
  Created: 13-10-2022 05:44 UTC (00:44 CDT)
  System: Mac OS X 26.4
  Runtime: Groovy 3.0.13 on OpenJDK 64-Bit Server VM 17.0.14+1-b1367.22
  Encoding: UTF-8 (UTF-8)
  Process: 31388@E5-CHE-CMMBP001 [192.168.0.199]
  CPUs: 8 - Mem: 16 GB (66.6 MB) - Swap: 5 GB (1.7 GB)
Mar-25 09:42:50.471 [main] DEBUG nextflow.Session - Work-dir: /Users/skd6150/Documents/Research/CBI/iModulon_Ctherm/iModulonMiner/2_process_data/work [Mac OS X]
Mar-25 09:42:50.482 [main] DEBUG nextflow.executor.ExecutorFactory - Extension executors providers=[]
Mar-25 09:42:50.488 [main] DEBUG nextflow.Session - Observer factory: DefaultObserverFactory
Mar-25 09:42:50.507 [main] DEBUG nextflow.cache.CacheFactory - Using Nextflow cache factory: nextflow.cache.DefaultCacheFactory
Mar-25 09:42:50.512 [main] DEBUG nextflow.util.CustomThreadPool - Creating default thread pool > poolSize: 9; maxThreads: 1000
Mar-25 09:42:50.599 [main] DEBUG nextflow.Session - Session start
Mar-25 09:42:50.601 [main] DEBUG nextflow.trace.TraceFileObserver - Workflow started -- trace file: /Users/skd6150/Documents/Research/CBI/iModulon_Ctherm/iModulonMiner/2_process_data/trace/trace.txt
Mar-25 09:42:51.564 [main] DEBUG nextflow.script.ScriptRunner - > Launching execution
Mar-25 09:42:51.577 [PathVisitor-1] DEBUG nextflow.file.PathVisitor - files for syntax: glob; folder: ../ctherm_nf/sequence_files/; pattern: *.{fasta,gff3}; options: [checkIfExists:true]
Mar-25 09:42:51.633 [main] DEBUG nextflow.script.ProcessConfig - Config settings `withLabel:bowtie` matches labels `bowtie,small` for process with name bowtie_build
Mar-25 09:42:51.634 [main] DEBUG nextflow.script.ProcessConfig - Config settings `withLabel:small` matches labels `bowtie,small` for process with name bowtie_build
Mar-25 09:42:51.635 [main] DEBUG nextflow.executor.ExecutorFactory - << taskConfig executor: local
Mar-25 09:42:51.635 [main] DEBUG nextflow.executor.ExecutorFactory - >> processorType: 'local'
Mar-25 09:42:51.637 [main] DEBUG nextflow.executor.Executor - [warm up] executor > local
Mar-25 09:42:51.639 [main] DEBUG n.processor.LocalPollingMonitor - Creating local task monitor for executor 'local' > cpus=8; memory=16 GB; capacity=8; pollInterval=100ms; dumpInterval=5m
Mar-25 09:42:51.664 [main] DEBUG nextflow.script.ProcessConfig - Config settings `withLabel:small` matches labels `small` for process with name gff2bed
Mar-25 09:42:51.664 [main] DEBUG nextflow.script.ProcessConfig - Config settings `withName:gff2bed` matches process gff2bed
Mar-25 09:42:51.664 [main] DEBUG nextflow.executor.ExecutorFactory - << taskConfig executor: local
Mar-25 09:42:51.664 [main] DEBUG nextflow.executor.ExecutorFactory - >> processorType: 'local'
Mar-25 09:42:51.719 [main] INFO  nextflow.Nextflow - DEBUG: run_list (already completed) = []
Mar-25 09:42:51.720 [main] INFO  nextflow.Nextflow - DEBUG: sample_ids from metadata = [SRX1014219, SRX1014220, SRX1014221, SRX1014222, SRX1014223, SRX1014224, SRX1014225, SRX1014226, SRX1014227, SRX1014228, SRX1014229, SRX1014230, SRX1014231, SRX1014232, SRX1014233, SRX1014234, SRX1014235, SRX1014236, SRX1014237, SRX1014238, SRX1014239, SRX1014240, SRX1014241, SRX1014242, SRX1014243, SRX1014244, SRX1014245, SRX1014246, SRX1014247, SRX1014248, SRX1014249, SRX1014250, SRX1014251, SRX1014252, SRX1014253, SRX1014254, SRX110171, SRX1427048, SRX1427049, SRX1427050, SRX1427051, SRX1427052, SRX1427053, SRX1427054, SRX1427055, SRX1597717, SRX1597718, SRX1597719, SRX1597720, SRX1597721, SRX1597722, SRX1597723, SRX1597724, SRX1599892, SRX1599893, SRX1599894, SRX1599895, SRX1599896, SRX1599897, SRX1599898, SRX1599899, SRX1599900, SRX1599901, SRX1599902, SRX1599903, SRX1599904, SRX1599905, SRX1599906, SRX1599907, SRX1599908, SRX1599909, SRX1599910, SRX1599911, SRX1599912, SRX1599913, SRX1599914, SRX1599915, SRX1728789, SRX1728791, SRX1728792, SRX1728793, SRX1728794, SRX1728795, SRX1728796, SRX1728797, SRX1728798, SRX1728799, SRX1728800, SRX1728801, SRX1728802, SRX1728803, SRX1728804, SRX1728805, SRX1728806, SRX1728807, SRX189772, SRX202839, SRX21590719, SRX21590720, SRX21590721, SRX21590722, SRX21590723, SRX21590724, SRX2193597, SRX2193598, SRX2193599, SRX2193600, SRX2193601, SRX2193602, SRX2193603, SRX2193604, SRX25920392, SRX25920393, SRX25920394, SRX25920395, SRX25920396, SRX25920397, SRX25920398, SRX25920399, SRX25920400, SRX25920401, SRX25920402, SRX25920403, SRX25920404, SRX25920405, SRX25920406, SRX27114720, SRX27114721, SRX27114722, SRX27114723, SRX27114724, SRX27114725, SRX27114726, SRX27114727, SRX27114728, SRX27114729, SRX27114730, SRX27114731, SRX27114732, SRX27114733, SRX27114734, SRX27114735, SRX27114736, SRX27114737, SRX27114738, SRX27114739, SRX27114740, SRX27114741, SRX27114742, SRX27114743, SRX27114744, SRX27114745, SRX27114746, SRX27114747, SRX27114748, SRX27114749, SRX27114750, SRX27114751, SRX27114752, SRX27114753, SRX27114754, SRX27114755, SRX27114756, SRX27114757, SRX27114758, SRX27114759, SRX27114760, SRX27114761, SRX27114762, SRX27114763, SRX27114764, SRX27114765, SRX27114766, SRX27114767, SRX27114768, SRX27114769, SRX27114770, SRX27114771, SRX27114772, SRX27114773, SRX27114774, SRX27114775, SRX27114776, SRX27114777, SRX27114778, SRX27114779, SRX27114780, SRX27114781, SRX27114782, SRX27114783, SRX2919058, SRX2919059, SRX2919060, SRX2919061, SRX2919062, SRX2919063, SRX2919064, SRX2919065, SRX2919066, SRX2919067, SRX2919068, SRX2919069, SRX298045, SRX298054, SRX298055, SRX298056, SRX298057, SRX298058, SRX3042243, SRX3042244, SRX3042245, SRX3042246, SRX3042247, SRX3042248, SRX3042249, SRX3042250, SRX3042251, SRX3042252, SRX3042253, SRX3042254, SRX3200203, SRX3200204, SRX3200205, SRX3200206, SRX3200207, SRX3200208, SRX3200209, SRX368288, SRX368289, SRX368290, SRX368291, SRX368292, SRX368293, SRX5085503, SRX5085504, SRX5085505, SRX5085506, SRX5085507, SRX5085508, SRX5085509, SRX5085510, SRX5085511, SRX5085512, SRX5085513, SRX5085514, SRX5085515, SRX5085516, SRX5085517, SRX5085518, SRX5085519, SRX5085520, SRX5085521, SRX5085522, SRX5085523, SRX5085524, SRX5085525, SRX5085526, SRX5085527, SRX5085528, SRX5085529, SRX5085530, SRX5085531, SRX5085532, SRX5209262, SRX5209263, SRX5209264, SRX5209265, SRX5209268, SRX5209269, SRX5209270, SRX5209271, SRX5209272, SRX5209273, SRX5209274, SRX5209275, SRX5209276, SRX5209277, SRX5209278, SRX5209279, SRX5209280, SRX5209281, SRX5209282, SRX5209298, SRX5209299, SRX5209300, SRX5209301, SRX6853642, SRX6853643, SRX6853644, SRX6853645, SRX6853646, SRX6853647, SRX7194992, SRX7194993, SRX7194994, SRX7194995, SRX7194997, SRX7194998, SRX7194999, SRX7195000, SRX7195280, SRX7195281, SRX7195282, SRX7195283, SRX7195337, SRX7195338, SRX7195339, SRX7195340, SRX7195341, SRX7195342, SRX7195343, SRX7195344, SRX7195345, SRX7195346, SRX7195347, SRX7195348, SRX7195349, SRX7195350, SRX7195351, SRX7195406, SRX7195407, SRX7195408, SRX7195409, SRX7195410, SRX7195411, SRX7195412, SRX7195413, SRX7195414, SRX7195415, SRX7195416, SRX7195417, SRX7195418, SRX7195419, SRX7195420, SRX7195421, SRX7195422, SRX7195423, SRX7195424, SRX7195425, SRX7195426, SRX7195427, SRX7195428, SRX7195429, SRX7195430, SRX7195431, SRX7195432, SRX7195433, SRX7195434, SRX7195435, SRX7195436, SRX7195437, SRX7195438, SRX7195439, SRX7195440, SRX7195441, SRX7195442, SRX7195443, SRX7195444, SRX7195445, SRX7195447, SRX7195448, SRX7195449, SRX7195450, SRX7195451, SRX7195452, SRX7195453, SRX7195454, SRX7195455, SRX7195456, SRX7195457, SRX7195458, SRX7195459, SRX7195460, SRX7195461, SRX7195462, SRX974531]
Mar-25 09:42:51.720 [main] INFO  nextflow.Nextflow - DEBUG: params.force = false
Mar-25 09:42:51.730 [Actor Thread 8] INFO  nextflow.Nextflow - METADATA ROW: Experiment=SRX1014219, Layout=SINGLE, R1=[], in_run_list=false
Mar-25 09:42:51.732 [Actor Thread 8] INFO  nextflow.Nextflow - METADATA ROW: Experiment=SRX1014220, Layout=SINGLE, R1=[], in_run_list=false
Mar-25 09:42:51.732 [Actor Thread 8] INFO  nextflow.Nextflow - METADATA ROW: Experiment=SRX1014221, Layout=SINGLE, R1=[], in_run_list=false
Mar-25 09:42:51.732 [Actor Thread 7] INFO  nextflow.Nextflow - ROUTING SRX1014219 -> sra (download_fastq)
Mar-25 09:42:51.733 [Actor Thread 8] INFO  nextflow.Nextflow - METADATA ROW: Experiment=SRX1014222, Layout=SINGLE, R1=[], in_run_list=false
Mar-25 09:42:51.733 [Actor Thread 8] INFO  nextflow.Nextflow - METADATA ROW: Experiment=SRX1014223, Layout=SINGLE, R1=[], in_run_list=false
Mar-25 09:42:51.734 [Actor Thread 8] INFO  nextflow.Nextflow - METADATA ROW: Experiment=SRX1014224, Layout=SINGLE, R1=[], in_run_list=false
Mar-25 09:42:51.734 [Actor Thread 8] INFO  nextflow.Nextflow - METADATA ROW: Experiment=SRX1014225, Layout=SINGLE, R1=[], in_run_list=false
Mar-25 09:42:51.734 [Actor Thread 8] INFO  nextflow.Nextflow - METADATA ROW: Experiment=SRX1014226, Layout=SINGLE, R1=[], in_run_list=false
Mar-25 09:42:51.735 [Actor Thread 8] INFO  nextflow.Nextflow - METADATA ROW: Experiment=SRX1014227, Layout=SINGLE, R1=[], in_run_list=false
Mar-25 09:42:51.735 [Actor Thread 8] INFO  nextflow.Nextflow - METADATA ROW: Experiment=SRX1014228, Layout=SINGLE, R1=[], in_run_list=false
Mar-25 09:42:51.735 [Actor Thread 8] INFO  nextflow.Nextflow - METADATA ROW: Experiment=SRX1014229, Layout=SINGLE, R1=[], in_run_list=false
Mar-25 09:42:51.735 [Actor Thread 8] INFO  nextflow.Nextflow - METADATA ROW: Experiment=SRX1014230, Layout=SINGLE, R1=[], in_run_list=false
Mar-25 09:42:51.735 [Actor Thread 8] INFO  nextflow.Nextflow - METADATA ROW: Experiment=SRX1014231, Layout=SINGLE, R1=[], in_run_list=false
Mar-25 09:42:51.735 [Actor Thread 8] INFO  nextflow.Nextflow - METADATA ROW: Experiment=SRX1014232, Layout=SINGLE, R1=[], in_run_list=false
Mar-25 09:42:51.735 [Actor Thread 8] INFO  nextflow.Nextflow - METADATA ROW: Experiment=SRX1014233, Layout=SINGLE, R1=[], in_run_list=false
Mar-25 09:42:51.736 [Actor Thread 8] INFO  nextflow.Nextflow - METADATA ROW: Experiment=SRX1014234, Layout=SINGLE, R1=[], in_run_list=false
Mar-25 09:42:51.736 [Actor Thread 8] INFO  nextflow.Nextflow - METADATA ROW: Experiment=SRX1014235, Layout=SINGLE, R1=[], in_run_list=false
Mar-25 09:42:51.736 [Actor Thread 8] INFO  nextflow.Nextflow - METADATA ROW: Experiment=SRX1014236, Layout=SINGLE, R1=[], in_run_list=false
Mar-25 09:42:51.736 [Actor Thread 8] INFO  nextflow.Nextflow - METADATA ROW: Experiment=SRX1014237, Layout=SINGLE, R1=[], in_run_list=false
Mar-25 09:42:51.736 [Actor Thread 8] INFO  nextflow.Nextflow - METADATA ROW: Experiment=SRX1014238, Layout=SINGLE, R1=[], in_run_list=false
Mar-25 09:42:51.736 [Actor Thread 8] INFO  nextflow.Nextflow - METADATA ROW: Experiment=SRX1014239, Layout=SINGLE, R1=[], in_run_list=false
Mar-25 09:42:51.737 [Actor Thread 8] INFO  nextflow.Nextflow - METADATA ROW: Experiment=SRX1014240, Layout=SINGLE, R1=[], in_run_list=false
Mar-25 09:42:51.737 [Actor Thread 8] INFO  nextflow.Nextflow - METADATA ROW: Experiment=SRX1014241, Layout=SINGLE, R1=[], in_run_list=false
Mar-25 09:42:51.737 [Actor Thread 8] INFO  nextflow.Nextflow - METADATA ROW: Experiment=SRX1014242, Layout=SINGLE, R1=[], in_run_list=false
Mar-25 09:42:51.737 [Actor Thread 8] INFO  nextflow.Nextflow - METADATA ROW: Experiment=SRX1014243, Layout=SINGLE, R1=[], in_run_list=false
Mar-25 09:42:51.737 [Actor Thread 8] INFO  nextflow.Nextflow - METADATA ROW: Experiment=SRX1014244, Layout=SINGLE, R1=[], in_run_list=false
Mar-25 09:42:51.737 [Actor Thread 8] INFO  nextflow.Nextflow - METADATA ROW: Experiment=SRX1014245, Layout=SINGLE, R1=[], in_run_list=false
Mar-25 09:42:51.737 [Actor Thread 8] INFO  nextflow.Nextflow - METADATA ROW: Experiment=SRX1014246, Layout=SINGLE, R1=[], in_run_list=false
Mar-25 09:42:51.737 [Actor Thread 8] INFO  nextflow.Nextflow - METADATA ROW: Experiment=SRX1014247, Layout=SINGLE, R1=[], in_run_list=false
Mar-25 09:42:51.737 [Actor Thread 8] INFO  nextflow.Nextflow - METADATA ROW: Experiment=SRX1014248, Layout=SINGLE, R1=[], in_run_list=false
Mar-25 09:42:51.737 [Actor Thread 8] INFO  nextflow.Nextflow - METADATA ROW: Experiment=SRX1014249, Layout=SINGLE, R1=[], in_run_list=false
Mar-25 09:42:51.737 [Actor Thread 8] INFO  nextflow.Nextflow - METADATA ROW: Experiment=SRX1014250, Layout=SINGLE, R1=[], in_run_list=false
Mar-25 09:42:51.737 [Actor Thread 8] INFO  nextflow.Nextflow - METADATA ROW: Experiment=SRX1014251, Layout=SINGLE, R1=[], in_run_list=false
Mar-25 09:42:51.737 [Actor Thread 8] INFO  nextflow.Nextflow - METADATA ROW: Experiment=SRX1014252, Layout=SINGLE, R1=[], in_run_list=false
Mar-25 09:42:51.737 [Actor Thread 8] INFO  nextflow.Nextflow - METADATA ROW: Experiment=SRX1014253, Layout=SINGLE, R1=[], in_run_list=false
Mar-25 09:42:51.737 [Actor Thread 8] INFO  nextflow.Nextflow - METADATA ROW: Experiment=SRX1014254, Layout=SINGLE, R1=[], in_run_list=false
Mar-25 09:42:51.737 [Actor Thread 8] INFO  nextflow.Nextflow - METADATA ROW: Experiment=SRX110171, Layout=SINGLE, R1=[], in_run_list=false
Mar-25 09:42:51.737 [Actor Thread 8] INFO  nextflow.Nextflow - METADATA ROW: Experiment=SRX1427048, Layout=PAIRED, R1=[], in_run_list=false
Mar-25 09:42:51.737 [Actor Thread 8] INFO  nextflow.Nextflow - METADATA ROW: Experiment=SRX1427049, Layout=PAIRED, R1=[], in_run_list=false
Mar-25 09:42:51.737 [Actor Thread 8] INFO  nextflow.Nextflow - METADATA ROW: Experiment=SRX1427050, Layout=PAIRED, R1=[], in_run_list=false
Mar-25 09:42:51.738 [Actor Thread 7] INFO  nextflow.Nextflow - ROUTING SRX1014220 -> sra (download_fastq)
Mar-25 09:42:51.738 [Actor Thread 8] INFO  nextflow.Nextflow - METADATA ROW: Experiment=SRX1427051, Layout=PAIRED, R1=[], in_run_list=false
Mar-25 09:42:51.738 [Actor Thread 7] INFO  nextflow.Nextflow - ROUTING SRX1014221 -> sra (download_fastq)
Mar-25 09:42:51.738 [Actor Thread 7] INFO  nextflow.Nextflow - ROUTING SRX1014222 -> sra (download_fastq)
Mar-25 09:42:51.738 [Actor Thread 7] INFO  nextflow.Nextflow - ROUTING SRX1014223 -> sra (download_fastq)
Mar-25 09:42:51.738 [Actor Thread 8] INFO  nextflow.Nextflow - METADATA ROW: Experiment=SRX1427052, Layout=PAIRED, R1=[], in_run_list=false
Mar-25 09:42:51.738 [Actor Thread 7] INFO  nextflow.Nextflow - ROUTING SRX1014224 -> sra (download_fastq)
Mar-25 09:42:51.738 [Actor Thread 7] INFO  nextflow.Nextflow - ROUTING SRX1014225 -> sra (download_fastq)
Mar-25 09:42:51.738 [Actor Thread 8] INFO  nextflow.Nextflow - METADATA ROW: Experiment=SRX1427053, Layout=PAIRED, R1=[], in_run_list=false
Mar-25 09:42:51.738 [Actor Thread 8] INFO  nextflow.Nextflow - METADATA ROW: Experiment=SRX1427054, Layout=PAIRED, R1=[], in_run_list=false
Mar-25 09:42:51.738 [Actor Thread 7] INFO  nextflow.Nextflow - ROUTING SRX1014226 -> sra (download_fastq)
Mar-25 09:42:51.738 [Actor Thread 8] INFO  nextflow.Nextflow - METADATA ROW: Experiment=SRX1427055, Layout=PAIRED, R1=[], in_run_list=false
Mar-25 09:42:51.738 [Actor Thread 8] INFO  nextflow.Nextflow - METADATA ROW: Experiment=SRX1597717, Layout=SINGLE, R1=[], in_run_list=false
Mar-25 09:42:51.738 [Actor Thread 8] INFO  nextflow.Nextflow - METADATA ROW: Experiment=SRX1597718, Layout=SINGLE, R1=[], in_run_list=false
Mar-25 09:42:51.738 [Actor Thread 8] INFO  nextflow.Nextflow - METADATA ROW: Experiment=SRX1597719, Layout=SINGLE, R1=[], in_run_list=false
Mar-25 09:42:51.738 [Actor Thread 7] INFO  nextflow.Nextflow - ROUTING SRX1014227 -> sra (download_fastq)
Mar-25 09:42:51.739 [Actor Thread 8] INFO  nextflow.Nextflow - METADATA ROW: Experiment=SRX1597720, Layout=SINGLE, R1=[], in_run_list=false
Mar-25 09:42:51.739 [Actor Thread 8] INFO  nextflow.Nextflow - METADATA ROW: Experiment=SRX1597721, Layout=SINGLE, R1=[], in_run_list=false
Mar-25 09:42:51.739 [Actor Thread 8] INFO  nextflow.Nextflow - METADATA ROW: Experiment=SRX1597722, Layout=SINGLE, R1=[], in_run_list=false
Mar-25 09:42:51.739 [Actor Thread 8] INFO  nextflow.Nextflow - METADATA ROW: Experiment=SRX1597723, Layout=SINGLE, R1=[], in_run_list=false
Mar-25 09:42:51.739 [Actor Thread 8] INFO  nextflow.Nextflow - METADATA ROW: Experiment=SRX1597724, Layout=SINGLE, R1=[], in_run_list=false
Mar-25 09:42:51.739 [Actor Thread 8] INFO  nextflow.Nextflow - METADATA ROW: Experiment=SRX1599892, Layout=SINGLE, R1=[], in_run_list=false
Mar-25 09:42:51.739 [Actor Thread 7] INFO  nextflow.Nextflow - ROUTING SRX1014228 -> sra (download_fastq)
Mar-25 09:42:51.739 [Actor Thread 8] INFO  nextflow.Nextflow - METADATA ROW: Experiment=SRX1599893, Layout=SINGLE, R1=[], in_run_list=false
Mar-25 09:42:51.739 [Actor Thread 8] INFO  nextflow.Nextflow - METADATA ROW: Experiment=SRX1599894, Layout=SINGLE, R1=[], in_run_list=false
Mar-25 09:42:51.739 [Actor Thread 8] INFO  nextflow.Nextflow - METADATA ROW: Experiment=SRX1599895, Layout=SINGLE, R1=[], in_run_list=false
Mar-25 09:42:51.739 [Actor Thread 7] INFO  nextflow.Nextflow - ROUTING SRX1014229 -> sra (download_fastq)
Mar-25 09:42:51.739 [Actor Thread 8] INFO  nextflow.Nextflow - METADATA ROW: Experiment=SRX1599896, Layout=SINGLE, R1=[], in_run_list=false
Mar-25 09:42:51.739 [Actor Thread 8] INFO  nextflow.Nextflow - METADATA ROW: Experiment=SRX1599897, Layout=SINGLE, R1=[], in_run_list=false
Mar-25 09:42:51.739 [Actor Thread 8] INFO  nextflow.Nextflow - METADATA ROW: Experiment=SRX1599898, Layout=SINGLE, R1=[], in_run_list=false
Mar-25 09:42:51.739 [Actor Thread 8] INFO  nextflow.Nextflow - METADATA ROW: Experiment=SRX1599899, Layout=SINGLE, R1=[], in_run_list=false
Mar-25 09:42:51.739 [Actor Thread 8] INFO  nextflow.Nextflow - METADATA ROW: Experiment=SRX1599900, Layout=SINGLE, R1=[], in_run_list=false
Mar-25 09:42:51.739 [Actor Thread 8] INFO  nextflow.Nextflow - METADATA ROW: Experiment=SRX1599901, Layout=SINGLE, R1=[], in_run_list=false
Mar-25 09:42:51.739 [Actor Thread 8] INFO  nextflow.Nextflow - METADATA ROW: Experiment=SRX1599902, Layout=SINGLE, R1=[], in_run_list=false
Mar-25 09:42:51.739 [Actor Thread 8] INFO  nextflow.Nextflow - METADATA ROW: Experiment=SRX1599903, Layout=SINGLE, R1=[], in_run_list=false
Mar-25 09:42:51.739 [Actor Thread 8] INFO  nextflow.Nextflow - METADATA ROW: Experiment=SRX1599904, Layout=SINGLE, R1=[], in_run_list=false
Mar-25 09:42:51.739 [Actor Thread 7] INFO  nextflow.Nextflow - ROUTING SRX1014230 -> sra (download_fastq)
Mar-25 09:42:51.740 [Actor Thread 8] INFO  nextflow.Nextflow - METADATA ROW: Experiment=SRX1599905, Layout=SINGLE, R1=[], in_run_list=false
Mar-25 09:42:51.740 [Actor Thread 7] INFO  nextflow.Nextflow - ROUTING SRX1014231 -> sra (download_fastq)
Mar-25 09:42:51.740 [Actor Thread 8] INFO  nextflow.Nextflow - METADATA ROW: Experiment=SRX1599906, Layout=SINGLE, R1=[], in_run_list=false
Mar-25 09:42:51.740 [Actor Thread 8] INFO  nextflow.Nextflow - METADATA ROW: Experiment=SRX1599907, Layout=SINGLE, R1=[], in_run_list=false
Mar-25 09:42:51.740 [Actor Thread 7] INFO  nextflow.Nextflow - ROUTING SRX1014232 -> sra (download_fastq)
Mar-25 09:42:51.740 [Actor Thread 8] INFO  nextflow.Nextflow - METADATA ROW: Experiment=SRX1599908, Layout=SINGLE, R1=[], in_run_list=false
Mar-25 09:42:51.740 [Actor Thread 7] INFO  nextflow.Nextflow - ROUTING SRX1014233 -> sra (download_fastq)
Mar-25 09:42:51.740 [Actor Thread 8] INFO  nextflow.Nextflow - METADATA ROW: Experiment=SRX1599909, Layout=SINGLE, R1=[], in_run_list=false
Mar-25 09:42:51.740 [Actor Thread 8] INFO  nextflow.Nextflow - METADATA ROW: Experiment=SRX1599910, Layout=SINGLE, R1=[], in_run_list=false
Mar-25 09:42:51.740 [Actor Thread 8] INFO  nextflow.Nextflow - METADATA ROW: Experiment=SRX1599911, Layout=SINGLE, R1=[], in_run_list=false
Mar-25 09:42:51.741 [Actor Thread 8] INFO  nextflow.Nextflow - METADATA ROW: Experiment=SRX1599912, Layout=SINGLE, R1=[], in_run_list=false
Mar-25 09:42:51.741 [Actor Thread 8] INFO  nextflow.Nextflow - METADATA ROW: Experiment=SRX1599913, Layout=SINGLE, R1=[], in_run_list=false
Mar-25 09:42:51.741 [Actor Thread 7] INFO  nextflow.Nextflow - ROUTING SRX1014234 -> sra (download_fastq)
Mar-25 09:42:51.741 [Actor Thread 8] INFO  nextflow.Nextflow - METADATA ROW: Experiment=SRX1599914, Layout=SINGLE, R1=[], in_run_list=false
Mar-25 09:42:51.741 [Actor Thread 8] INFO  nextflow.Nextflow - METADATA ROW: Experiment=SRX1599915, Layout=SINGLE, R1=[], in_run_list=false
Mar-25 09:42:51.741 [Actor Thread 8] INFO  nextflow.Nextflow - METADATA ROW: Experiment=SRX1728789, Layout=SINGLE, R1=[], in_run_list=false
Mar-25 09:42:51.741 [Actor Thread 8] INFO  nextflow.Nextflow - METADATA ROW: Experiment=SRX1728791, Layout=SINGLE, R1=[], in_run_list=false
Mar-25 09:42:51.741 [Actor Thread 8] INFO  nextflow.Nextflow - METADATA ROW: Experiment=SRX1728792, Layout=SINGLE, R1=[], in_run_list=false
Mar-25 09:42:51.741 [Actor Thread 8] INFO  nextflow.Nextflow - METADATA ROW: Experiment=SRX1728793, Layout=SINGLE, R1=[], in_run_list=false
Mar-25 09:42:51.742 [Actor Thread 8] INFO  nextflow.Nextflow - METADATA ROW: Experiment=SRX1728794, Layout=SINGLE, R1=[], in_run_list=false
Mar-25 09:42:51.742 [Actor Thread 8] INFO  nextflow.Nextflow - METADATA ROW: Experiment=SRX1728795, Layout=SINGLE, R1=[], in_run_list=false
Mar-25 09:42:51.742 [Actor Thread 8] INFO  nextflow.Nextflow - METADATA ROW: Experiment=SRX1728796, Layout=SINGLE, R1=[], in_run_list=false
Mar-25 09:42:51.742 [Actor Thread 7] INFO  nextflow.Nextflow - ROUTING SRX1014235 -> sra (download_fastq)
Mar-25 09:42:51.742 [Actor Thread 8] INFO  nextflow.Nextflow - METADATA ROW: Experiment=SRX1728797, Layout=SINGLE, R1=[], in_run_list=false
Mar-25 09:42:51.742 [Actor Thread 8] INFO  nextflow.Nextflow - METADATA ROW: Experiment=SRX1728798, Layout=SINGLE, R1=[], in_run_list=false
Mar-25 09:42:51.742 [Actor Thread 7] INFO  nextflow.Nextflow - ROUTING SRX1014236 -> sra (download_fastq)
Mar-25 09:42:51.742 [Actor Thread 7] INFO  nextflow.Nextflow - ROUTING SRX1014237 -> sra (download_fastq)
Mar-25 09:42:51.742 [Actor Thread 7] INFO  nextflow.Nextflow - ROUTING SRX1014238 -> sra (download_fastq)
Mar-25 09:42:51.742 [Actor Thread 7] INFO  nextflow.Nextflow - ROUTING SRX1014239 -> sra (download_fastq)
Mar-25 09:42:51.742 [Actor Thread 7] INFO  nextflow.Nextflow - ROUTING SRX1014240 -> sra (download_fastq)
Mar-25 09:42:51.742 [Actor Thread 8] INFO  nextflow.Nextflow - METADATA ROW: Experiment=SRX1728799, Layout=SINGLE, R1=[], in_run_list=false
Mar-25 09:42:51.743 [Actor Thread 7] INFO  nextflow.Nextflow - ROUTING SRX1014241 -> sra (download_fastq)
Mar-25 09:42:51.743 [Actor Thread 7] INFO  nextflow.Nextflow - ROUTING SRX1014242 -> sra (download_fastq)
Mar-25 09:42:51.743 [Actor Thread 8] INFO  nextflow.Nextflow - METADATA ROW: Experiment=SRX1728800, Layout=SINGLE, R1=[], in_run_list=false
Mar-25 09:42:51.743 [Actor Thread 7] INFO  nextflow.Nextflow - ROUTING SRX1014243 -> sra (download_fastq)
Mar-25 09:42:51.743 [Actor Thread 8] INFO  nextflow.Nextflow - METADATA ROW: Experiment=SRX1728801, Layout=SINGLE, R1=[], in_run_list=false
Mar-25 09:42:51.743 [Actor Thread 7] INFO  nextflow.Nextflow - ROUTING SRX1014244 -> sra (download_fastq)
Mar-25 09:42:51.743 [Actor Thread 7] INFO  nextflow.Nextflow - ROUTING SRX1014245 -> sra (download_fastq)
Mar-25 09:42:51.743 [Actor Thread 8] INFO  nextflow.Nextflow - METADATA ROW: Experiment=SRX1728802, Layout=SINGLE, R1=[], in_run_list=false
Mar-25 09:42:51.743 [Actor Thread 7] INFO  nextflow.Nextflow - ROUTING SRX1014246 -> sra (download_fastq)
Mar-25 09:42:51.743 [Actor Thread 8] INFO  nextflow.Nextflow - METADATA ROW: Experiment=SRX1728803, Layout=SINGLE, R1=[], in_run_list=false
Mar-25 09:42:51.743 [Actor Thread 7] INFO  nextflow.Nextflow - ROUTING SRX1014247 -> sra (download_fastq)
Mar-25 09:42:51.743 [Actor Thread 8] INFO  nextflow.Nextflow - METADATA ROW: Experiment=SRX1728804, Layout=SINGLE, R1=[], in_run_list=false
Mar-25 09:42:51.743 [Actor Thread 7] INFO  nextflow.Nextflow - ROUTING SRX1014248 -> sra (download_fastq)
Mar-25 09:42:51.743 [Actor Thread 8] INFO  nextflow.Nextflow - METADATA ROW: Experiment=SRX1728805, Layout=SINGLE, R1=[], in_run_list=false
Mar-25 09:42:51.743 [Actor Thread 7] INFO  nextflow.Nextflow - ROUTING SRX1014249 -> sra (download_fastq)
Mar-25 09:42:51.743 [Actor Thread 8] INFO  nextflow.Nextflow - METADATA ROW: Experiment=SRX1728806, Layout=SINGLE, R1=[], in_run_list=false
Mar-25 09:42:51.743 [Actor Thread 7] INFO  nextflow.Nextflow - ROUTING SRX1014250 -> sra (download_fastq)
Mar-25 09:42:51.743 [Actor Thread 8] INFO  nextflow.Nextflow - METADATA ROW: Experiment=SRX1728807, Layout=SINGLE, R1=[], in_run_list=false
Mar-25 09:42:51.743 [Actor Thread 7] INFO  nextflow.Nextflow - ROUTING SRX1014251 -> sra (download_fastq)
Mar-25 09:42:51.743 [Actor Thread 8] INFO  nextflow.Nextflow - METADATA ROW: Experiment=SRX189772, Layout=SINGLE, R1=[], in_run_list=false
Mar-25 09:42:51.743 [Actor Thread 7] INFO  nextflow.Nextflow - ROUTING SRX1014252 -> sra (download_fastq)
Mar-25 09:42:51.743 [Actor Thread 8] INFO  nextflow.Nextflow - METADATA ROW: Experiment=SRX202839, Layout=SINGLE, R1=[], in_run_list=false
Mar-25 09:42:51.743 [Actor Thread 8] INFO  nextflow.Nextflow - METADATA ROW: Experiment=SRX21590719, Layout=SINGLE, R1=[], in_run_list=false
Mar-25 09:42:51.743 [Actor Thread 7] INFO  nextflow.Nextflow - ROUTING SRX1014253 -> sra (download_fastq)
Mar-25 09:42:51.743 [Actor Thread 8] INFO  nextflow.Nextflow - METADATA ROW: Experiment=SRX21590720, Layout=SINGLE, R1=[], in_run_list=false
Mar-25 09:42:51.743 [Actor Thread 8] INFO  nextflow.Nextflow - METADATA ROW: Experiment=SRX21590721, Layout=SINGLE, R1=[], in_run_list=false
Mar-25 09:42:51.743 [Actor Thread 7] INFO  nextflow.Nextflow - ROUTING SRX1014254 -> sra (download_fastq)
Mar-25 09:42:51.743 [Actor Thread 8] INFO  nextflow.Nextflow - METADATA ROW: Experiment=SRX21590722, Layout=SINGLE, R1=[], in_run_list=false
Mar-25 09:42:51.743 [Actor Thread 7] INFO  nextflow.Nextflow - ROUTING SRX110171 -> sra (download_fastq)
Mar-25 09:42:51.743 [Actor Thread 8] INFO  nextflow.Nextflow - METADATA ROW: Experiment=SRX21590723, Layout=SINGLE, R1=[], in_run_list=false
Mar-25 09:42:51.744 [Actor Thread 8] INFO  nextflow.Nextflow - METADATA ROW: Experiment=SRX21590724, Layout=SINGLE, R1=[], in_run_list=false
Mar-25 09:42:51.744 [Actor Thread 7] INFO  nextflow.Nextflow - ROUTING SRX1427048 -> sra (download_fastq)
Mar-25 09:42:51.744 [main] DEBUG nextflow.script.ProcessConfig - Config settings `withLabel:fastq` matches labels `fastq,medium,stage` for process with name download_fastq
Mar-25 09:42:51.744 [Actor Thread 7] INFO  nextflow.Nextflow - ROUTING SRX1427049 -> sra (download_fastq)
Mar-25 09:42:51.744 [Actor Thread 8] INFO  nextflow.Nextflow - METADATA ROW: Experiment=SRX2193597, Layout=PAIRED, R1=[], in_run_list=false
Mar-25 09:42:51.744 [Actor Thread 7] INFO  nextflow.Nextflow - ROUTING SRX1427050 -> sra (download_fastq)
Mar-25 09:42:51.744 [Actor Thread 7] INFO  nextflow.Nextflow - ROUTING SRX1427051 -> sra (download_fastq)
Mar-25 09:42:51.744 [Actor Thread 7] INFO  nextflow.Nextflow - ROUTING SRX1427052 -> sra (download_fastq)
Mar-25 09:42:51.744 [Actor Thread 8] INFO  nextflow.Nextflow - METADATA ROW: Experiment=SRX2193598, Layout=PAIRED, R1=[], in_run_list=false
Mar-25 09:42:51.744 [Actor Thread 7] INFO  nextflow.Nextflow - ROUTING SRX1427053 -> sra (download_fastq)
Mar-25 09:42:51.744 [main] DEBUG nextflow.script.ProcessConfig - Config settings `withLabel:medium` matches labels `fastq,medium,stage` for process with name download_fastq
Mar-25 09:42:51.744 [Actor Thread 8] INFO  nextflow.Nextflow - METADATA ROW: Experiment=SRX2193599, Layout=PAIRED, R1=[], in_run_list=false
Mar-25 09:42:51.744 [main] DEBUG nextflow.script.ProcessConfig - Config settings `withLabel:stage` matches labels `fastq,medium,stage` for process with name download_fastq
Mar-25 09:42:51.744 [Actor Thread 7] INFO  nextflow.Nextflow - ROUTING SRX1427054 -> sra (download_fastq)
Mar-25 09:42:51.744 [Actor Thread 8] INFO  nextflow.Nextflow - METADATA ROW: Experiment=SRX2193600, Layout=PAIRED, R1=[], in_run_list=false
Mar-25 09:42:51.744 [Actor Thread 7] INFO  nextflow.Nextflow - ROUTING SRX1427055 -> sra (download_fastq)
Mar-25 09:42:51.744 [Actor Thread 8] INFO  nextflow.Nextflow - METADATA ROW: Experiment=SRX2193601, Layout=PAIRED, R1=[], in_run_list=false
Mar-25 09:42:51.744 [main] DEBUG nextflow.executor.ExecutorFactory - << taskConfig executor: local
Mar-25 09:42:51.744 [main] DEBUG nextflow.executor.ExecutorFactory - >> processorType: 'local'
Mar-25 09:42:51.744 [Actor Thread 7] INFO  nextflow.Nextflow - ROUTING SRX1597717 -> sra (download_fastq)
Mar-25 09:42:51.744 [Actor Thread 8] INFO  nextflow.Nextflow - METADATA ROW: Experiment=SRX2193602, Layout=PAIRED, R1=[], in_run_list=false
Mar-25 09:42:51.744 [Actor Thread 7] INFO  nextflow.Nextflow - ROUTING SRX1597718 -> sra (download_fastq)
Mar-25 09:42:51.744 [Actor Thread 8] INFO  nextflow.Nextflow - METADATA ROW: Experiment=SRX2193603, Layout=PAIRED, R1=[], in_run_list=false
Mar-25 09:42:51.745 [Actor Thread 8] INFO  nextflow.Nextflow - METADATA ROW: Experiment=SRX2193604, Layout=PAIRED, R1=[], in_run_list=false
Mar-25 09:42:51.745 [Actor Thread 7] INFO  nextflow.Nextflow - ROUTING SRX1597719 -> sra (download_fastq)
Mar-25 09:42:51.745 [Actor Thread 8] INFO  nextflow.Nextflow - METADATA ROW: Experiment=SRX25920392, Layout=PAIRED, R1=[], in_run_list=false
Mar-25 09:42:51.745 [Actor Thread 8] INFO  nextflow.Nextflow - METADATA ROW: Experiment=SRX25920393, Layout=PAIRED, R1=[], in_run_list=false
Mar-25 09:42:51.745 [Actor Thread 7] INFO  nextflow.Nextflow - ROUTING SRX1597720 -> sra (download_fastq)
Mar-25 09:42:51.745 [Actor Thread 8] INFO  nextflow.Nextflow - METADATA ROW: Experiment=SRX25920394, Layout=PAIRED, R1=[], in_run_list=false
Mar-25 09:42:51.745 [Actor Thread 7] INFO  nextflow.Nextflow - ROUTING SRX1597721 -> sra (download_fastq)
Mar-25 09:42:51.745 [Actor Thread 8] INFO  nextflow.Nextflow - METADATA ROW: Experiment=SRX25920395, Layout=PAIRED, R1=[], in_run_list=false
Mar-25 09:42:51.745 [Actor Thread 7] INFO  nextflow.Nextflow - ROUTING SRX1597722 -> sra (download_fastq)
Mar-25 09:42:51.745 [Actor Thread 8] INFO  nextflow.Nextflow - METADATA ROW: Experiment=SRX25920396, Layout=PAIRED, R1=[], in_run_list=false
Mar-25 09:42:51.745 [Actor Thread 7] INFO  nextflow.Nextflow - ROUTING SRX1597723 -> sra (download_fastq)
Mar-25 09:42:51.745 [Actor Thread 8] INFO  nextflow.Nextflow - METADATA ROW: Experiment=SRX25920397, Layout=PAIRED, R1=[], in_run_list=false
Mar-25 09:42:51.745 [Actor Thread 7] INFO  nextflow.Nextflow - ROUTING SRX1597724 -> sra (download_fastq)
Mar-25 09:42:51.745 [Actor Thread 8] INFO  nextflow.Nextflow - METADATA ROW: Experiment=SRX25920398, Layout=PAIRED, R1=[], in_run_list=false
Mar-25 09:42:51.745 [Actor Thread 7] INFO  nextflow.Nextflow - ROUTING SRX1599892 -> sra (download_fastq)
Mar-25 09:42:51.745 [Actor Thread 8] INFO  nextflow.Nextflow - METADATA ROW: Experiment=SRX25920399, Layout=PAIRED, R1=[], in_run_list=false
Mar-25 09:42:51.745 [Actor Thread 8] INFO  nextflow.Nextflow - METADATA ROW: Experiment=SRX25920400, Layout=PAIRED, R1=[], in_run_list=false
Mar-25 09:42:51.745 [Actor Thread 7] INFO  nextflow.Nextflow - ROUTING SRX1599893 -> sra (download_fastq)
Mar-25 09:42:51.745 [Actor Thread 8] INFO  nextflow.Nextflow - METADATA ROW: Experiment=SRX25920401, Layout=PAIRED, R1=[], in_run_list=false
Mar-25 09:42:51.745 [Actor Thread 7] INFO  nextflow.Nextflow - ROUTING SRX1599894 -> sra (download_fastq)
Mar-25 09:42:51.745 [Actor Thread 8] INFO  nextflow.Nextflow - METADATA ROW: Experiment=SRX25920402, Layout=PAIRED, R1=[], in_run_list=false
Mar-25 09:42:51.745 [Actor Thread 7] INFO  nextflow.Nextflow - ROUTING SRX1599895 -> sra (download_fastq)
Mar-25 09:42:51.745 [Actor Thread 8] INFO  nextflow.Nextflow - METADATA ROW: Experiment=SRX25920403, Layout=PAIRED, R1=[], in_run_list=false
Mar-25 09:42:51.745 [Actor Thread 7] INFO  nextflow.Nextflow - ROUTING SRX1599896 -> sra (download_fastq)
Mar-25 09:42:51.745 [Actor Thread 8] INFO  nextflow.Nextflow - METADATA ROW: Experiment=SRX25920404, Layout=PAIRED, R1=[], in_run_list=false
Mar-25 09:42:51.745 [Actor Thread 7] INFO  nextflow.Nextflow - ROUTING SRX1599897 -> sra (download_fastq)
Mar-25 09:42:51.745 [Actor Thread 8] INFO  nextflow.Nextflow - METADATA ROW: Experiment=SRX25920405, Layout=PAIRED, R1=[], in_run_list=false
Mar-25 09:42:51.745 [Actor Thread 7] INFO  nextflow.Nextflow - ROUTING SRX1599898 -> sra (download_fastq)
Mar-25 09:42:51.745 [Actor Thread 8] INFO  nextflow.Nextflow - METADATA ROW: Experiment=SRX25920406, Layout=PAIRED, R1=[], in_run_list=false
Mar-25 09:42:51.745 [Actor Thread 7] INFO  nextflow.Nextflow - ROUTING SRX1599899 -> sra (download_fastq)
Mar-25 09:42:51.745 [Actor Thread 8] INFO  nextflow.Nextflow - METADATA ROW: Experiment=SRX27114720, Layout=PAIRED, R1=[], in_run_list=false
Mar-25 09:42:51.745 [Actor Thread 7] INFO  nextflow.Nextflow - ROUTING SRX1599900 -> sra (download_fastq)
Mar-25 09:42:51.745 [Actor Thread 8] INFO  nextflow.Nextflow - METADATA ROW: Experiment=SRX27114721, Layout=PAIRED, R1=[], in_run_list=false
Mar-25 09:42:51.746 [Actor Thread 7] INFO  nextflow.Nextflow - ROUTING SRX1599901 -> sra (download_fastq)
Mar-25 09:42:51.746 [Actor Thread 8] INFO  nextflow.Nextflow - METADATA ROW: Experiment=SRX27114722, Layout=PAIRED, R1=[], in_run_list=false
Mar-25 09:42:51.746 [Actor Thread 7] INFO  nextflow.Nextflow - ROUTING SRX1599902 -> sra (download_fastq)
Mar-25 09:42:51.746 [Actor Thread 8] INFO  nextflow.Nextflow - METADATA ROW: Experiment=SRX27114723, Layout=PAIRED, R1=[], in_run_list=false
Mar-25 09:42:51.746 [Actor Thread 8] INFO  nextflow.Nextflow - METADATA ROW: Experiment=SRX27114724, Layout=PAIRED, R1=[], in_run_list=false
Mar-25 09:42:51.746 [Actor Thread 7] INFO  nextflow.Nextflow - ROUTING SRX1599903 -> sra (download_fastq)
Mar-25 09:42:51.746 [Actor Thread 8] INFO  nextflow.Nextflow - METADATA ROW: Experiment=SRX27114725, Layout=PAIRED, R1=[], in_run_list=false
Mar-25 09:42:51.746 [Actor Thread 7] INFO  nextflow.Nextflow - ROUTING SRX1599904 -> sra (download_fastq)
Mar-25 09:42:51.746 [Actor Thread 8] INFO  nextflow.Nextflow - METADATA ROW: Experiment=SRX27114726, Layout=PAIRED, R1=[], in_run_list=false
Mar-25 09:42:51.746 [Actor Thread 7] INFO  nextflow.Nextflow - ROUTING SRX1599905 -> sra (download_fastq)
Mar-25 09:42:51.746 [Actor Thread 8] INFO  nextflow.Nextflow - METADATA ROW: Experiment=SRX27114727, Layout=PAIRED, R1=[], in_run_list=false
Mar-25 09:42:51.746 [Actor Thread 8] INFO  nextflow.Nextflow - METADATA ROW: Experiment=SRX27114728, Layout=PAIRED, R1=[], in_run_list=false
Mar-25 09:42:51.746 [Actor Thread 7] INFO  nextflow.Nextflow - ROUTING SRX1599906 -> sra (download_fastq)
Mar-25 09:42:51.746 [Actor Thread 8] INFO  nextflow.Nextflow - METADATA ROW: Experiment=SRX27114729, Layout=PAIRED, R1=[], in_run_list=false
Mar-25 09:42:51.746 [Actor Thread 7] INFO  nextflow.Nextflow - ROUTING SRX1599907 -> sra (download_fastq)
Mar-25 09:42:51.746 [Actor Thread 8] INFO  nextflow.Nextflow - METADATA ROW: Experiment=SRX27114730, Layout=PAIRED, R1=[], in_run_list=false
Mar-25 09:42:51.746 [Actor Thread 7] INFO  nextflow.Nextflow - ROUTING SRX1599908 -> sra (download_fastq)
Mar-25 09:42:51.746 [Actor Thread 8] INFO  nextflow.Nextflow - METADATA ROW: Experiment=SRX27114731, Layout=PAIRED, R1=[], in_run_list=false
Mar-25 09:42:51.746 [Actor Thread 7] INFO  nextflow.Nextflow - ROUTING SRX1599909 -> sra (download_fastq)
Mar-25 09:42:51.746 [Actor Thread 8] INFO  nextflow.Nextflow - METADATA ROW: Experiment=SRX27114732, Layout=PAIRED, R1=[], in_run_list=false
Mar-25 09:42:51.746 [Actor Thread 7] INFO  nextflow.Nextflow - ROUTING SRX1599910 -> sra (download_fastq)
Mar-25 09:42:51.746 [Actor Thread 8] INFO  nextflow.Nextflow - METADATA ROW: Experiment=SRX27114733, Layout=PAIRED, R1=[], in_run_list=false
Mar-25 09:42:51.746 [Actor Thread 7] INFO  nextflow.Nextflow - ROUTING SRX1599911 -> sra (download_fastq)
Mar-25 09:42:51.746 [Actor Thread 8] INFO  nextflow.Nextflow - METADATA ROW: Experiment=SRX27114734, Layout=PAIRED, R1=[], in_run_list=false
Mar-25 09:42:51.746 [Actor Thread 7] INFO  nextflow.Nextflow - ROUTING SRX1599912 -> sra (download_fastq)
Mar-25 09:42:51.746 [Actor Thread 8] INFO  nextflow.Nextflow - METADATA ROW: Experiment=SRX27114735, Layout=PAIRED, R1=[], in_run_list=false
Mar-25 09:42:51.746 [Actor Thread 7] INFO  nextflow.Nextflow - ROUTING SRX1599913 -> sra (download_fastq)
Mar-25 09:42:51.746 [Actor Thread 8] INFO  nextflow.Nextflow - METADATA ROW: Experiment=SRX27114736, Layout=PAIRED, R1=[], in_run_list=false
Mar-25 09:42:51.746 [Actor Thread 7] INFO  nextflow.Nextflow - ROUTING SRX1599914 -> sra (download_fastq)
Mar-25 09:42:51.746 [Actor Thread 8] INFO  nextflow.Nextflow - METADATA ROW: Experiment=SRX27114737, Layout=PAIRED, R1=[], in_run_list=false
Mar-25 09:42:51.746 [Actor Thread 7] INFO  nextflow.Nextflow - ROUTING SRX1599915 -> sra (download_fastq)
Mar-25 09:42:51.746 [Actor Thread 8] INFO  nextflow.Nextflow - METADATA ROW: Experiment=SRX27114738, Layout=PAIRED, R1=[], in_run_list=false
Mar-25 09:42:51.746 [Actor Thread 7] INFO  nextflow.Nextflow - ROUTING SRX1728789 -> sra (download_fastq)
Mar-25 09:42:51.746 [Actor Thread 8] INFO  nextflow.Nextflow - METADATA ROW: Experiment=SRX27114739, Layout=PAIRED, R1=[], in_run_list=false
Mar-25 09:42:51.746 [Actor Thread 7] INFO  nextflow.Nextflow - ROUTING SRX1728791 -> sra (download_fastq)
Mar-25 09:42:51.746 [Actor Thread 8] INFO  nextflow.Nextflow - METADATA ROW: Experiment=SRX27114740, Layout=PAIRED, R1=[], in_run_list=false
Mar-25 09:42:51.746 [Actor Thread 7] INFO  nextflow.Nextflow - ROUTING SRX1728792 -> sra (download_fastq)
Mar-25 09:42:51.746 [Actor Thread 8] INFO  nextflow.Nextflow - METADATA ROW: Experiment=SRX27114741, Layout=PAIRED, R1=[], in_run_list=false
Mar-25 09:42:51.746 [Actor Thread 7] INFO  nextflow.Nextflow - ROUTING SRX1728793 -> sra (download_fastq)
Mar-25 09:42:51.746 [Actor Thread 8] INFO  nextflow.Nextflow - METADATA ROW: Experiment=SRX27114742, Layout=PAIRED, R1=[], in_run_list=false
Mar-25 09:42:51.747 [Actor Thread 7] INFO  nextflow.Nextflow - ROUTING SRX1728794 -> sra (download_fastq)
Mar-25 09:42:51.747 [Actor Thread 8] INFO  nextflow.Nextflow - METADATA ROW: Experiment=SRX27114743, Layout=PAIRED, R1=[], in_run_list=false
Mar-25 09:42:51.747 [Actor Thread 7] INFO  nextflow.Nextflow - ROUTING SRX1728795 -> sra (download_fastq)
Mar-25 09:42:51.747 [Actor Thread 8] INFO  nextflow.Nextflow - METADATA ROW: Experiment=SRX27114744, Layout=PAIRED, R1=[], in_run_list=false
Mar-25 09:42:51.747 [Actor Thread 7] INFO  nextflow.Nextflow - ROUTING SRX1728796 -> sra (download_fastq)
Mar-25 09:42:51.747 [Actor Thread 8] INFO  nextflow.Nextflow - METADATA ROW: Experiment=SRX27114745, Layout=PAIRED, R1=[], in_run_list=false
Mar-25 09:42:51.747 [Actor Thread 7] INFO  nextflow.Nextflow - ROUTING SRX1728797 -> sra (download_fastq)
Mar-25 09:42:51.747 [Actor Thread 8] INFO  nextflow.Nextflow - METADATA ROW: Experiment=SRX27114746, Layout=PAIRED, R1=[], in_run_list=false
Mar-25 09:42:51.747 [Actor Thread 7] INFO  nextflow.Nextflow - ROUTING SRX1728798 -> sra (download_fastq)
Mar-25 09:42:51.747 [Actor Thread 8] INFO  nextflow.Nextflow - METADATA ROW: Experiment=SRX27114747, Layout=PAIRED, R1=[], in_run_list=false
Mar-25 09:42:51.747 [Actor Thread 8] INFO  nextflow.Nextflow - METADATA ROW: Experiment=SRX27114748, Layout=PAIRED, R1=[], in_run_list=false
Mar-25 09:42:51.747 [Actor Thread 8] INFO  nextflow.Nextflow - METADATA ROW: Experiment=SRX27114749, Layout=PAIRED, R1=[], in_run_list=false
Mar-25 09:42:51.747 [Actor Thread 8] INFO  nextflow.Nextflow - METADATA ROW: Experiment=SRX27114750, Layout=PAIRED, R1=[], in_run_list=false
Mar-25 09:42:51.747 [Actor Thread 8] INFO  nextflow.Nextflow - METADATA ROW: Experiment=SRX27114751, Layout=PAIRED, R1=[], in_run_list=false
Mar-25 09:42:51.747 [Actor Thread 8] INFO  nextflow.Nextflow - METADATA ROW: Experiment=SRX27114752, Layout=PAIRED, R1=[], in_run_list=false
Mar-25 09:42:51.747 [Actor Thread 8] INFO  nextflow.Nextflow - METADATA ROW: Experiment=SRX27114753, Layout=PAIRED, R1=[], in_run_list=false
Mar-25 09:42:51.747 [Actor Thread 7] INFO  nextflow.Nextflow - ROUTING SRX1728799 -> sra (download_fastq)
Mar-25 09:42:51.747 [Actor Thread 8] INFO  nextflow.Nextflow - METADATA ROW: Experiment=SRX27114754, Layout=PAIRED, R1=[], in_run_list=false
Mar-25 09:42:51.747 [Actor Thread 7] INFO  nextflow.Nextflow - ROUTING SRX1728800 -> sra (download_fastq)
Mar-25 09:42:51.747 [Actor Thread 8] INFO  nextflow.Nextflow - METADATA ROW: Experiment=SRX27114755, Layout=PAIRED, R1=[], in_run_list=false
Mar-25 09:42:51.748 [Actor Thread 8] INFO  nextflow.Nextflow - METADATA ROW: Experiment=SRX27114756, Layout=PAIRED, R1=[], in_run_list=false
Mar-25 09:42:51.748 [Actor Thread 7] INFO  nextflow.Nextflow - ROUTING SRX1728801 -> sra (download_fastq)
Mar-25 09:42:51.748 [Actor Thread 8] INFO  nextflow.Nextflow - METADATA ROW: Experiment=SRX27114757, Layout=PAIRED, R1=[], in_run_list=false
Mar-25 09:42:51.748 [Actor Thread 7] INFO  nextflow.Nextflow - ROUTING SRX1728802 -> sra (download_fastq)
Mar-25 09:42:51.748 [Actor Thread 8] INFO  nextflow.Nextflow - METADATA ROW: Experiment=SRX27114758, Layout=PAIRED, R1=[], in_run_list=false
Mar-25 09:42:51.748 [Actor Thread 7] INFO  nextflow.Nextflow - ROUTING SRX1728803 -> sra (download_fastq)
Mar-25 09:42:51.748 [Actor Thread 8] INFO  nextflow.Nextflow - METADATA ROW: Experiment=SRX27114759, Layout=PAIRED, R1=[], in_run_list=false
Mar-25 09:42:51.748 [Actor Thread 7] INFO  nextflow.Nextflow - ROUTING SRX1728804 -> sra (download_fastq)
Mar-25 09:42:51.748 [Actor Thread 8] INFO  nextflow.Nextflow - METADATA ROW: Experiment=SRX27114760, Layout=PAIRED, R1=[], in_run_list=false
Mar-25 09:42:51.748 [Actor Thread 7] INFO  nextflow.Nextflow - ROUTING SRX1728805 -> sra (download_fastq)
Mar-25 09:42:51.748 [Actor Thread 8] INFO  nextflow.Nextflow - METADATA ROW: Experiment=SRX27114761, Layout=PAIRED, R1=[], in_run_list=false
Mar-25 09:42:51.748 [Actor Thread 7] INFO  nextflow.Nextflow - ROUTING SRX1728806 -> sra (download_fastq)
Mar-25 09:42:51.748 [Actor Thread 8] INFO  nextflow.Nextflow - METADATA ROW: Experiment=SRX27114762, Layout=PAIRED, R1=[], in_run_list=false
Mar-25 09:42:51.748 [Actor Thread 7] INFO  nextflow.Nextflow - ROUTING SRX1728807 -> sra (download_fastq)
Mar-25 09:42:51.748 [Actor Thread 8] INFO  nextflow.Nextflow - METADATA ROW: Experiment=SRX27114763, Layout=PAIRED, R1=[], in_run_list=false
Mar-25 09:42:51.748 [Actor Thread 7] INFO  nextflow.Nextflow - ROUTING SRX189772 -> sra (download_fastq)
Mar-25 09:42:51.748 [Actor Thread 8] INFO  nextflow.Nextflow - METADATA ROW: Experiment=SRX27114764, Layout=PAIRED, R1=[], in_run_list=false
Mar-25 09:42:51.748 [Actor Thread 7] INFO  nextflow.Nextflow - ROUTING SRX202839 -> sra (download_fastq)
Mar-25 09:42:51.748 [Actor Thread 8] INFO  nextflow.Nextflow - METADATA ROW: Experiment=SRX27114765, Layout=PAIRED, R1=[], in_run_list=false
Mar-25 09:42:51.748 [Actor Thread 7] INFO  nextflow.Nextflow - ROUTING SRX21590719 -> sra (download_fastq)
Mar-25 09:42:51.748 [Actor Thread 8] INFO  nextflow.Nextflow - METADATA ROW: Experiment=SRX27114766, Layout=PAIRED, R1=[], in_run_list=false
Mar-25 09:42:51.749 [Actor Thread 7] INFO  nextflow.Nextflow - ROUTING SRX21590720 -> sra (download_fastq)
Mar-25 09:42:51.749 [Actor Thread 8] INFO  nextflow.Nextflow - METADATA ROW: Experiment=SRX27114767, Layout=PAIRED, R1=[], in_run_list=false
Mar-25 09:42:51.749 [Actor Thread 7] INFO  nextflow.Nextflow - ROUTING SRX21590721 -> sra (download_fastq)
Mar-25 09:42:51.749 [Actor Thread 7] INFO  nextflow.Nextflow - ROUTING SRX21590722 -> sra (download_fastq)
Mar-25 09:42:51.749 [Actor Thread 7] INFO  nextflow.Nextflow - ROUTING SRX21590723 -> sra (download_fastq)
Mar-25 09:42:51.749 [Actor Thread 7] INFO  nextflow.Nextflow - ROUTING SRX21590724 -> sra (download_fastq)
Mar-25 09:42:51.749 [Actor Thread 7] INFO  nextflow.Nextflow - ROUTING SRX2193597 -> sra (download_fastq)
Mar-25 09:42:51.749 [Actor Thread 8] INFO  nextflow.Nextflow - METADATA ROW: Experiment=SRX27114768, Layout=PAIRED, R1=[], in_run_list=false
Mar-25 09:42:51.749 [Actor Thread 7] INFO  nextflow.Nextflow - ROUTING SRX2193598 -> sra (download_fastq)
Mar-25 09:42:51.749 [Actor Thread 7] INFO  nextflow.Nextflow - ROUTING SRX2193599 -> sra (download_fastq)
Mar-25 09:42:51.749 [Actor Thread 8] INFO  nextflow.Nextflow - METADATA ROW: Experiment=SRX27114769, Layout=PAIRED, R1=[], in_run_list=false
Mar-25 09:42:51.750 [Actor Thread 7] INFO  nextflow.Nextflow - ROUTING SRX2193600 -> sra (download_fastq)
Mar-25 09:42:51.750 [Actor Thread 8] INFO  nextflow.Nextflow - METADATA ROW: Experiment=SRX27114770, Layout=PAIRED, R1=[], in_run_list=false
Mar-25 09:42:51.750 [Actor Thread 7] INFO  nextflow.Nextflow - ROUTING SRX2193601 -> sra (download_fastq)
Mar-25 09:42:51.750 [Actor Thread 8] INFO  nextflow.Nextflow - METADATA ROW: Experiment=SRX27114771, Layout=PAIRED, R1=[], in_run_list=false
Mar-25 09:42:51.750 [Actor Thread 7] INFO  nextflow.Nextflow - ROUTING SRX2193602 -> sra (download_fastq)
Mar-25 09:42:51.750 [Actor Thread 8] INFO  nextflow.Nextflow - METADATA ROW: Experiment=SRX27114772, Layout=PAIRED, R1=[], in_run_list=false
Mar-25 09:42:51.750 [Actor Thread 7] INFO  nextflow.Nextflow - ROUTING SRX2193603 -> sra (download_fastq)
Mar-25 09:42:51.750 [Actor Thread 8] INFO  nextflow.Nextflow - METADATA ROW: Experiment=SRX27114773, Layout=PAIRED, R1=[], in_run_list=false
Mar-25 09:42:51.750 [Actor Thread 7] INFO  nextflow.Nextflow - ROUTING SRX2193604 -> sra (download_fastq)
Mar-25 09:42:51.750 [Actor Thread 8] INFO  nextflow.Nextflow - METADATA ROW: Experiment=SRX27114774, Layout=PAIRED, R1=[], in_run_list=false
Mar-25 09:42:51.750 [Actor Thread 7] INFO  nextflow.Nextflow - ROUTING SRX25920392 -> sra (download_fastq)
Mar-25 09:42:51.750 [Actor Thread 8] INFO  nextflow.Nextflow - METADATA ROW: Experiment=SRX27114775, Layout=PAIRED, R1=[], in_run_list=false
Mar-25 09:42:51.750 [Actor Thread 7] INFO  nextflow.Nextflow - ROUTING SRX25920393 -> sra (download_fastq)
Mar-25 09:42:51.750 [Actor Thread 8] INFO  nextflow.Nextflow - METADATA ROW: Experiment=SRX27114776, Layout=PAIRED, R1=[], in_run_list=false
Mar-25 09:42:51.750 [Actor Thread 7] INFO  nextflow.Nextflow - ROUTING SRX25920394 -> sra (download_fastq)
Mar-25 09:42:51.750 [Actor Thread 8] INFO  nextflow.Nextflow - METADATA ROW: Experiment=SRX27114777, Layout=PAIRED, R1=[], in_run_list=false
Mar-25 09:42:51.751 [Actor Thread 7] INFO  nextflow.Nextflow - ROUTING SRX25920395 -> sra (download_fastq)
Mar-25 09:42:51.751 [Actor Thread 7] INFO  nextflow.Nextflow - ROUTING SRX25920396 -> sra (download_fastq)
Mar-25 09:42:51.751 [Actor Thread 7] INFO  nextflow.Nextflow - ROUTING SRX25920397 -> sra (download_fastq)
Mar-25 09:42:51.751 [Actor Thread 7] INFO  nextflow.Nextflow - ROUTING SRX25920398 -> sra (download_fastq)
Mar-25 09:42:51.751 [Actor Thread 7] INFO  nextflow.Nextflow - ROUTING SRX25920399 -> sra (download_fastq)
Mar-25 09:42:51.751 [Actor Thread 7] INFO  nextflow.Nextflow - ROUTING SRX25920400 -> sra (download_fastq)
Mar-25 09:42:51.751 [Actor Thread 8] INFO  nextflow.Nextflow - METADATA ROW: Experiment=SRX27114778, Layout=PAIRED, R1=[], in_run_list=false
Mar-25 09:42:51.751 [Actor Thread 7] INFO  nextflow.Nextflow - ROUTING SRX25920401 -> sra (download_fastq)
Mar-25 09:42:51.751 [Actor Thread 8] INFO  nextflow.Nextflow - METADATA ROW: Experiment=SRX27114779, Layout=PAIRED, R1=[], in_run_list=false
Mar-25 09:42:51.751 [Actor Thread 8] INFO  nextflow.Nextflow - METADATA ROW: Experiment=SRX27114780, Layout=PAIRED, R1=[], in_run_list=false
Mar-25 09:42:51.751 [Actor Thread 7] INFO  nextflow.Nextflow - ROUTING SRX25920402 -> sra (download_fastq)
Mar-25 09:42:51.752 [Actor Thread 8] INFO  nextflow.Nextflow - METADATA ROW: Experiment=SRX27114781, Layout=PAIRED, R1=[], in_run_list=false
Mar-25 09:42:51.752 [Actor Thread 7] INFO  nextflow.Nextflow - ROUTING SRX25920403 -> sra (download_fastq)
Mar-25 09:42:51.752 [Actor Thread 7] INFO  nextflow.Nextflow - ROUTING SRX25920404 -> sra (download_fastq)
Mar-25 09:42:51.752 [Actor Thread 8] INFO  nextflow.Nextflow - METADATA ROW: Experiment=SRX27114782, Layout=PAIRED, R1=[], in_run_list=false
Mar-25 09:42:51.752 [Actor Thread 8] INFO  nextflow.Nextflow - METADATA ROW: Experiment=SRX27114783, Layout=PAIRED, R1=[], in_run_list=false
Mar-25 09:42:51.752 [Actor Thread 8] INFO  nextflow.Nextflow - METADATA ROW: Experiment=SRX2919058, Layout=SINGLE, R1=[], in_run_list=false
Mar-25 09:42:51.752 [Actor Thread 7] INFO  nextflow.Nextflow - ROUTING SRX25920405 -> sra (download_fastq)
Mar-25 09:42:51.752 [Actor Thread 8] INFO  nextflow.Nextflow - METADATA ROW: Experiment=SRX2919059, Layout=SINGLE, R1=[], in_run_list=false
Mar-25 09:42:51.752 [Actor Thread 7] INFO  nextflow.Nextflow - ROUTING SRX25920406 -> sra (download_fastq)
Mar-25 09:42:51.752 [Actor Thread 8] INFO  nextflow.Nextflow - METADATA ROW: Experiment=SRX2919060, Layout=SINGLE, R1=[], in_run_list=false
Mar-25 09:42:51.752 [Actor Thread 7] INFO  nextflow.Nextflow - ROUTING SRX27114720 -> sra (download_fastq)
Mar-25 09:42:51.752 [Actor Thread 8] INFO  nextflow.Nextflow - METADATA ROW: Experiment=SRX2919061, Layout=SINGLE, R1=[], in_run_list=false
Mar-25 09:42:51.752 [Actor Thread 7] INFO  nextflow.Nextflow - ROUTING SRX27114721 -> sra (download_fastq)
Mar-25 09:42:51.753 [Actor Thread 8] INFO  nextflow.Nextflow - METADATA ROW: Experiment=SRX2919062, Layout=SINGLE, R1=[], in_run_list=false
Mar-25 09:42:51.753 [Actor Thread 8] INFO  nextflow.Nextflow - METADATA ROW: Experiment=SRX2919063, Layout=SINGLE, R1=[], in_run_list=false
Mar-25 09:42:51.753 [main] DEBUG nextflow.script.ProcessConfig - Config settings `withLabel:fastq` matches labels `fastq,medium,stage` for process with name stage_fastq_single
Mar-25 09:42:51.753 [Actor Thread 8] INFO  nextflow.Nextflow - METADATA ROW: Experiment=SRX2919064, Layout=SINGLE, R1=[], in_run_list=false
Mar-25 09:42:51.753 [main] DEBUG nextflow.script.ProcessConfig - Config settings `withLabel:medium` matches labels `fastq,medium,stage` for process with name stage_fastq_single
Mar-25 09:42:51.753 [Actor Thread 8] INFO  nextflow.Nextflow - METADATA ROW: Experiment=SRX2919065, Layout=SINGLE, R1=[], in_run_list=false
Mar-25 09:42:51.753 [main] DEBUG nextflow.script.ProcessConfig - Config settings `withLabel:stage` matches labels `fastq,medium,stage` for process with name stage_fastq_single
Mar-25 09:42:51.753 [Actor Thread 8] INFO  nextflow.Nextflow - METADATA ROW: Experiment=SRX2919066, Layout=SINGLE, R1=[], in_run_list=false
Mar-25 09:42:51.753 [Actor Thread 8] INFO  nextflow.Nextflow - METADATA ROW: Experiment=SRX2919067, Layout=SINGLE, R1=[], in_run_list=false
Mar-25 09:42:51.753 [Actor Thread 8] INFO  nextflow.Nextflow - METADATA ROW: Experiment=SRX2919068, Layout=SINGLE, R1=[], in_run_list=false
Mar-25 09:42:51.753 [Actor Thread 8] INFO  nextflow.Nextflow - METADATA ROW: Experiment=SRX2919069, Layout=SINGLE, R1=[], in_run_list=false
Mar-25 09:42:51.753 [Actor Thread 8] INFO  nextflow.Nextflow - METADATA ROW: Experiment=SRX298045, Layout=PAIRED, R1=[], in_run_list=false
Mar-25 09:42:51.753 [main] DEBUG nextflow.executor.ExecutorFactory - << taskConfig executor: local
Mar-25 09:42:51.753 [Actor Thread 8] INFO  nextflow.Nextflow - METADATA ROW: Experiment=SRX298054, Layout=PAIRED, R1=[], in_run_list=false
Mar-25 09:42:51.753 [Actor Thread 8] INFO  nextflow.Nextflow - METADATA ROW: Experiment=SRX298055, Layout=PAIRED, R1=[], in_run_list=false
Mar-25 09:42:51.753 [Actor Thread 8] INFO  nextflow.Nextflow - METADATA ROW: Experiment=SRX298056, Layout=PAIRED, R1=[], in_run_list=false
Mar-25 09:42:51.753 [Actor Thread 8] INFO  nextflow.Nextflow - METADATA ROW: Experiment=SRX298057, Layout=PAIRED, R1=[], in_run_list=false
Mar-25 09:42:51.753 [Actor Thread 8] INFO  nextflow.Nextflow - METADATA ROW: Experiment=SRX298058, Layout=PAIRED, R1=[], in_run_list=false
Mar-25 09:42:51.753 [Actor Thread 8] INFO  nextflow.Nextflow - METADATA ROW: Experiment=SRX3042243, Layout=SINGLE, R1=[], in_run_list=false
Mar-25 09:42:51.753 [Actor Thread 8] INFO  nextflow.Nextflow - METADATA ROW: Experiment=SRX3042244, Layout=SINGLE, R1=[], in_run_list=false
Mar-25 09:42:51.753 [Actor Thread 8] INFO  nextflow.Nextflow - METADATA ROW: Experiment=SRX3042245, Layout=SINGLE, R1=[], in_run_list=false
Mar-25 09:42:51.753 [Actor Thread 8] INFO  nextflow.Nextflow - METADATA ROW: Experiment=SRX3042246, Layout=SINGLE, R1=[], in_run_list=false
Mar-25 09:42:51.753 [Actor Thread 8] INFO  nextflow.Nextflow - METADATA ROW: Experiment=SRX3042247, Layout=SINGLE, R1=[], in_run_list=false
Mar-25 09:42:51.754 [Actor Thread 8] INFO  nextflow.Nextflow - METADATA ROW: Experiment=SRX3042248, Layout=SINGLE, R1=[], in_run_list=false
Mar-25 09:42:51.754 [Actor Thread 8] INFO  nextflow.Nextflow - METADATA ROW: Experiment=SRX3042249, Layout=SINGLE, R1=[], in_run_list=false
Mar-25 09:42:51.754 [Actor Thread 8] INFO  nextflow.Nextflow - METADATA ROW: Experiment=SRX3042250, Layout=SINGLE, R1=[], in_run_list=false
Mar-25 09:42:51.754 [Actor Thread 8] INFO  nextflow.Nextflow - METADATA ROW: Experiment=SRX3042251, Layout=SINGLE, R1=[], in_run_list=false
Mar-25 09:42:51.754 [Actor Thread 8] INFO  nextflow.Nextflow - METADATA ROW: Experiment=SRX3042252, Layout=SINGLE, R1=[], in_run_list=false
Mar-25 09:42:51.754 [Actor Thread 8] INFO  nextflow.Nextflow - METADATA ROW: Experiment=SRX3042253, Layout=SINGLE, R1=[], in_run_list=false
Mar-25 09:42:51.754 [Actor Thread 8] INFO  nextflow.Nextflow - METADATA ROW: Experiment=SRX3042254, Layout=SINGLE, R1=[], in_run_list=false
Mar-25 09:42:51.754 [Actor Thread 8] INFO  nextflow.Nextflow - METADATA ROW: Experiment=SRX3200203, Layout=PAIRED, R1=[], in_run_list=false
Mar-25 09:42:51.754 [Actor Thread 8] INFO  nextflow.Nextflow - METADATA ROW: Experiment=SRX3200204, Layout=PAIRED, R1=[], in_run_list=false
Mar-25 09:42:51.754 [Actor Thread 8] INFO  nextflow.Nextflow - METADATA ROW: Experiment=SRX3200205, Layout=PAIRED, R1=[], in_run_list=false
Mar-25 09:42:51.754 [Actor Thread 8] INFO  nextflow.Nextflow - METADATA ROW: Experiment=SRX3200206, Layout=PAIRED, R1=[], in_run_list=false
Mar-25 09:42:51.754 [Actor Thread 8] INFO  nextflow.Nextflow - METADATA ROW: Experiment=SRX3200207, Layout=PAIRED, R1=[], in_run_list=false
Mar-25 09:42:51.754 [Actor Thread 8] INFO  nextflow.Nextflow - METADATA ROW: Experiment=SRX3200208, Layout=PAIRED, R1=[], in_run_list=false
Mar-25 09:42:51.754 [Actor Thread 8] INFO  nextflow.Nextflow - METADATA ROW: Experiment=SRX3200209, Layout=PAIRED, R1=[], in_run_list=false
Mar-25 09:42:51.754 [Actor Thread 8] INFO  nextflow.Nextflow - METADATA ROW: Experiment=SRX368288, Layout=PAIRED, R1=[], in_run_list=false
Mar-25 09:42:51.754 [Actor Thread 8] INFO  nextflow.Nextflow - METADATA ROW: Experiment=SRX368289, Layout=PAIRED, R1=[], in_run_list=false
Mar-25 09:42:51.754 [Actor Thread 8] INFO  nextflow.Nextflow - METADATA ROW: Experiment=SRX368290, Layout=PAIRED, R1=[], in_run_list=false
Mar-25 09:42:51.754 [Actor Thread 8] INFO  nextflow.Nextflow - METADATA ROW: Experiment=SRX368291, Layout=PAIRED, R1=[], in_run_list=false
Mar-25 09:42:51.754 [Actor Thread 8] INFO  nextflow.Nextflow - METADATA ROW: Experiment=SRX368292, Layout=PAIRED, R1=[], in_run_list=false
Mar-25 09:42:51.754 [Actor Thread 8] INFO  nextflow.Nextflow - METADATA ROW: Experiment=SRX368293, Layout=PAIRED, R1=[], in_run_list=false
Mar-25 09:42:51.754 [Actor Thread 8] INFO  nextflow.Nextflow - METADATA ROW: Experiment=SRX5085503, Layout=PAIRED, R1=[], in_run_list=false
Mar-25 09:42:51.754 [Actor Thread 8] INFO  nextflow.Nextflow - METADATA ROW: Experiment=SRX5085504, Layout=PAIRED, R1=[], in_run_list=false
Mar-25 09:42:51.754 [Actor Thread 8] INFO  nextflow.Nextflow - METADATA ROW: Experiment=SRX5085505, Layout=PAIRED, R1=[], in_run_list=false
Mar-25 09:42:51.753 [Actor Thread 7] INFO  nextflow.Nextflow - ROUTING SRX27114722 -> sra (download_fastq)
Mar-25 09:42:51.755 [Actor Thread 7] INFO  nextflow.Nextflow - ROUTING SRX27114723 -> sra (download_fastq)
Mar-25 09:42:51.755 [Actor Thread 7] INFO  nextflow.Nextflow - ROUTING SRX27114724 -> sra (download_fastq)
Mar-25 09:42:51.755 [Actor Thread 7] INFO  nextflow.Nextflow - ROUTING SRX27114725 -> sra (download_fastq)
Mar-25 09:42:51.755 [Actor Thread 7] INFO  nextflow.Nextflow - ROUTING SRX27114726 -> sra (download_fastq)
Mar-25 09:42:51.753 [main] DEBUG nextflow.executor.ExecutorFactory - >> processorType: 'local'
Mar-25 09:42:51.754 [Actor Thread 8] INFO  nextflow.Nextflow - METADATA ROW: Experiment=SRX5085506, Layout=PAIRED, R1=[], in_run_list=false
Mar-25 09:42:51.755 [Actor Thread 8] INFO  nextflow.Nextflow - METADATA ROW: Experiment=SRX5085507, Layout=PAIRED, R1=[], in_run_list=false
Mar-25 09:42:51.755 [Actor Thread 8] INFO  nextflow.Nextflow - METADATA ROW: Experiment=SRX5085508, Layout=PAIRED, R1=[], in_run_list=false
Mar-25 09:42:51.755 [Actor Thread 8] INFO  nextflow.Nextflow - METADATA ROW: Experiment=SRX5085509, Layout=PAIRED, R1=[], in_run_list=false
Mar-25 09:42:51.755 [Actor Thread 8] INFO  nextflow.Nextflow - METADATA ROW: Experiment=SRX5085510, Layout=SINGLE, R1=[], in_run_list=false
Mar-25 09:42:51.755 [Actor Thread 8] INFO  nextflow.Nextflow - METADATA ROW: Experiment=SRX5085511, Layout=PAIRED, R1=[], in_run_list=false
Mar-25 09:42:51.755 [Actor Thread 8] INFO  nextflow.Nextflow - METADATA ROW: Experiment=SRX5085512, Layout=PAIRED, R1=[], in_run_list=false
Mar-25 09:42:51.755 [Actor Thread 8] INFO  nextflow.Nextflow - METADATA ROW: Experiment=SRX5085513, Layout=PAIRED, R1=[], in_run_list=false
Mar-25 09:42:51.755 [Actor Thread 8] INFO  nextflow.Nextflow - METADATA ROW: Experiment=SRX5085514, Layout=PAIRED, R1=[], in_run_list=false
Mar-25 09:42:51.755 [Actor Thread 8] INFO  nextflow.Nextflow - METADATA ROW: Experiment=SRX5085515, Layout=PAIRED, R1=[], in_run_list=false
Mar-25 09:42:51.755 [Actor Thread 8] INFO  nextflow.Nextflow - METADATA ROW: Experiment=SRX5085516, Layout=SINGLE, R1=[], in_run_list=false
Mar-25 09:42:51.755 [Actor Thread 8] INFO  nextflow.Nextflow - METADATA ROW: Experiment=SRX5085517, Layout=PAIRED, R1=[], in_run_list=false
Mar-25 09:42:51.755 [Actor Thread 8] INFO  nextflow.Nextflow - METADATA ROW: Experiment=SRX5085518, Layout=PAIRED, R1=[], in_run_list=false
Mar-25 09:42:51.755 [Actor Thread 8] INFO  nextflow.Nextflow - METADATA ROW: Experiment=SRX5085519, Layout=PAIRED, R1=[], in_run_list=false
Mar-25 09:42:51.755 [Actor Thread 8] INFO  nextflow.Nextflow - METADATA ROW: Experiment=SRX5085520, Layout=PAIRED, R1=[], in_run_list=false
Mar-25 09:42:51.755 [Actor Thread 8] INFO  nextflow.Nextflow - METADATA ROW: Experiment=SRX5085521, Layout=PAIRED, R1=[], in_run_list=false
Mar-25 09:42:51.755 [Actor Thread 8] INFO  nextflow.Nextflow - METADATA ROW: Experiment=SRX5085522, Layout=PAIRED, R1=[], in_run_list=false
Mar-25 09:42:51.755 [Actor Thread 8] INFO  nextflow.Nextflow - METADATA ROW: Experiment=SRX5085523, Layout=SINGLE, R1=[], in_run_list=false
Mar-25 09:42:51.755 [Actor Thread 8] INFO  nextflow.Nextflow - METADATA ROW: Experiment=SRX5085524, Layout=PAIRED, R1=[], in_run_list=false
Mar-25 09:42:51.756 [Actor Thread 8] INFO  nextflow.Nextflow - METADATA ROW: Experiment=SRX5085525, Layout=SINGLE, R1=[], in_run_list=false
Mar-25 09:42:51.756 [Actor Thread 8] INFO  nextflow.Nextflow - METADATA ROW: Experiment=SRX5085526, Layout=SINGLE, R1=[], in_run_list=false
Mar-25 09:42:51.756 [Actor Thread 8] INFO  nextflow.Nextflow - METADATA ROW: Experiment=SRX5085527, Layout=PAIRED, R1=[], in_run_list=false
Mar-25 09:42:51.756 [Actor Thread 8] INFO  nextflow.Nextflow - METADATA ROW: Experiment=SRX5085528, Layout=PAIRED, R1=[], in_run_list=false
Mar-25 09:42:51.756 [Actor Thread 8] INFO  nextflow.Nextflow - METADATA ROW: Experiment=SRX5085529, Layout=PAIRED, R1=[], in_run_list=false
Mar-25 09:42:51.756 [Actor Thread 8] INFO  nextflow.Nextflow - METADATA ROW: Experiment=SRX5085530, Layout=PAIRED, R1=[], in_run_list=false
Mar-25 09:42:51.756 [Actor Thread 8] INFO  nextflow.Nextflow - METADATA ROW: Experiment=SRX5085531, Layout=PAIRED, R1=[], in_run_list=false
Mar-25 09:42:51.756 [Actor Thread 8] INFO  nextflow.Nextflow - METADATA ROW: Experiment=SRX5085532, Layout=SINGLE, R1=[], in_run_list=false
Mar-25 09:42:51.756 [Actor Thread 8] INFO  nextflow.Nextflow - METADATA ROW: Experiment=SRX5209262, Layout=PAIRED, R1=[], in_run_list=false
Mar-25 09:42:51.756 [Actor Thread 8] INFO  nextflow.Nextflow - METADATA ROW: Experiment=SRX5209263, Layout=PAIRED, R1=[], in_run_list=false
Mar-25 09:42:51.756 [Actor Thread 8] INFO  nextflow.Nextflow - METADATA ROW: Experiment=SRX5209264, Layout=PAIRED, R1=[], in_run_list=false
Mar-25 09:42:51.756 [Actor Thread 8] INFO  nextflow.Nextflow - METADATA ROW: Experiment=SRX5209265, Layout=PAIRED, R1=[], in_run_list=false
Mar-25 09:42:51.756 [Actor Thread 8] INFO  nextflow.Nextflow - METADATA ROW: Experiment=SRX5209268, Layout=PAIRED, R1=[], in_run_list=false
Mar-25 09:42:51.756 [Actor Thread 8] INFO  nextflow.Nextflow - METADATA ROW: Experiment=SRX5209269, Layout=PAIRED, R1=[], in_run_list=false
Mar-25 09:42:51.756 [Actor Thread 8] INFO  nextflow.Nextflow - METADATA ROW: Experiment=SRX5209270, Layout=PAIRED, R1=[], in_run_list=false
Mar-25 09:42:51.756 [Actor Thread 8] INFO  nextflow.Nextflow - METADATA ROW: Experiment=SRX5209271, Layout=PAIRED, R1=[], in_run_list=false
Mar-25 09:42:51.756 [Actor Thread 8] INFO  nextflow.Nextflow - METADATA ROW: Experiment=SRX5209272, Layout=PAIRED, R1=[], in_run_list=false
Mar-25 09:42:51.756 [Actor Thread 8] INFO  nextflow.Nextflow - METADATA ROW: Experiment=SRX5209273, Layout=PAIRED, R1=[], in_run_list=false
Mar-25 09:42:51.756 [Task submitter] DEBUG n.executor.local.LocalTaskHandler - Launch cmd line: /bin/bash -ue .command.run
Mar-25 09:42:51.756 [Actor Thread 8] INFO  nextflow.Nextflow - METADATA ROW: Experiment=SRX5209274, Layout=PAIRED, R1=[], in_run_list=false
Mar-25 09:42:51.756 [Actor Thread 8] INFO  nextflow.Nextflow - METADATA ROW: Experiment=SRX5209275, Layout=PAIRED, R1=[], in_run_list=false
Mar-25 09:42:51.756 [Actor Thread 8] INFO  nextflow.Nextflow - METADATA ROW: Experiment=SRX5209276, Layout=PAIRED, R1=[], in_run_list=false
Mar-25 09:42:51.756 [Actor Thread 8] INFO  nextflow.Nextflow - METADATA ROW: Experiment=SRX5209277, Layout=PAIRED, R1=[], in_run_list=false
Mar-25 09:42:51.756 [Actor Thread 8] INFO  nextflow.Nextflow - METADATA ROW: Experiment=SRX5209278, Layout=PAIRED, R1=[], in_run_list=false
Mar-25 09:42:51.756 [Actor Thread 8] INFO  nextflow.Nextflow - METADATA ROW: Experiment=SRX5209279, Layout=PAIRED, R1=[], in_run_list=false
Mar-25 09:42:51.756 [Actor Thread 8] INFO  nextflow.Nextflow - METADATA ROW: Experiment=SRX5209280, Layout=PAIRED, R1=[], in_run_list=false
Mar-25 09:42:51.756 [Actor Thread 8] INFO  nextflow.Nextflow - METADATA ROW: Experiment=SRX5209281, Layout=PAIRED, R1=[], in_run_list=false
Mar-25 09:42:51.756 [Actor Thread 8] INFO  nextflow.Nextflow - METADATA ROW: Experiment=SRX5209282, Layout=PAIRED, R1=[], in_run_list=false
Mar-25 09:42:51.757 [Actor Thread 8] INFO  nextflow.Nextflow - METADATA ROW: Experiment=SRX5209298, Layout=PAIRED, R1=[], in_run_list=false
Mar-25 09:42:51.757 [Actor Thread 8] INFO  nextflow.Nextflow - METADATA ROW: Experiment=SRX5209299, Layout=PAIRED, R1=[], in_run_list=false
Mar-25 09:42:51.757 [Actor Thread 8] INFO  nextflow.Nextflow - METADATA ROW: Experiment=SRX5209300, Layout=PAIRED, R1=[], in_run_list=false
Mar-25 09:42:51.757 [Actor Thread 8] INFO  nextflow.Nextflow - METADATA ROW: Experiment=SRX5209301, Layout=PAIRED, R1=[], in_run_list=false
Mar-25 09:42:51.757 [Actor Thread 8] INFO  nextflow.Nextflow - METADATA ROW: Experiment=SRX6853642, Layout=PAIRED, R1=[], in_run_list=false
Mar-25 09:42:51.757 [Actor Thread 8] INFO  nextflow.Nextflow - METADATA ROW: Experiment=SRX6853643, Layout=PAIRED, R1=[], in_run_list=false
Mar-25 09:42:51.757 [Actor Thread 8] INFO  nextflow.Nextflow - METADATA ROW: Experiment=SRX6853644, Layout=PAIRED, R1=[], in_run_list=false
Mar-25 09:42:51.757 [Actor Thread 8] INFO  nextflow.Nextflow - METADATA ROW: Experiment=SRX6853645, Layout=PAIRED, R1=[], in_run_list=false
Mar-25 09:42:51.757 [Actor Thread 8] INFO  nextflow.Nextflow - METADATA ROW: Experiment=SRX6853646, Layout=PAIRED, R1=[], in_run_list=false
Mar-25 09:42:51.757 [Actor Thread 8] INFO  nextflow.Nextflow - METADATA ROW: Experiment=SRX6853647, Layout=PAIRED, R1=[], in_run_list=false
Mar-25 09:42:51.757 [Actor Thread 8] INFO  nextflow.Nextflow - METADATA ROW: Experiment=SRX7194992, Layout=PAIRED, R1=[], in_run_list=false
Mar-25 09:42:51.757 [Actor Thread 8] INFO  nextflow.Nextflow - METADATA ROW: Experiment=SRX7194993, Layout=PAIRED, R1=[], in_run_list=false
Mar-25 09:42:51.757 [Actor Thread 8] INFO  nextflow.Nextflow - METADATA ROW: Experiment=SRX7194994, Layout=PAIRED, R1=[], in_run_list=false
Mar-25 09:42:51.757 [Actor Thread 8] INFO  nextflow.Nextflow - METADATA ROW: Experiment=SRX7194995, Layout=PAIRED, R1=[], in_run_list=false
Mar-25 09:42:51.757 [Actor Thread 8] INFO  nextflow.Nextflow - METADATA ROW: Experiment=SRX7194997, Layout=PAIRED, R1=[], in_run_list=false
Mar-25 09:42:51.755 [Actor Thread 7] INFO  nextflow.Nextflow - ROUTING SRX27114727 -> sra (download_fastq)
Mar-25 09:42:51.757 [Actor Thread 7] INFO  nextflow.Nextflow - ROUTING SRX27114728 -> sra (download_fastq)
Mar-25 09:42:51.758 [Actor Thread 7] INFO  nextflow.Nextflow - ROUTING SRX27114729 -> sra (download_fastq)
Mar-25 09:42:51.758 [Actor Thread 7] INFO  nextflow.Nextflow - ROUTING SRX27114730 -> sra (download_fastq)
Mar-25 09:42:51.758 [Actor Thread 7] INFO  nextflow.Nextflow - ROUTING SRX27114731 -> sra (download_fastq)
Mar-25 09:42:51.758 [Actor Thread 7] INFO  nextflow.Nextflow - ROUTING SRX27114732 -> sra (download_fastq)
Mar-25 09:42:51.758 [Actor Thread 7] INFO  nextflow.Nextflow - ROUTING SRX27114733 -> sra (download_fastq)
Mar-25 09:42:51.757 [Actor Thread 8] INFO  nextflow.Nextflow - METADATA ROW: Experiment=SRX7194998, Layout=PAIRED, R1=[], in_run_list=false
Mar-25 09:42:51.758 [Actor Thread 7] INFO  nextflow.Nextflow - ROUTING SRX27114734 -> sra (download_fastq)
Mar-25 09:42:51.758 [Actor Thread 8] INFO  nextflow.Nextflow - METADATA ROW: Experiment=SRX7194999, Layout=PAIRED, R1=[], in_run_list=false
Mar-25 09:42:51.758 [Actor Thread 7] INFO  nextflow.Nextflow - ROUTING SRX27114735 -> sra (download_fastq)
Mar-25 09:42:51.758 [Actor Thread 8] INFO  nextflow.Nextflow - METADATA ROW: Experiment=SRX7195000, Layout=PAIRED, R1=[], in_run_list=false
Mar-25 09:42:51.758 [Actor Thread 8] INFO  nextflow.Nextflow - METADATA ROW: Experiment=SRX7195280, Layout=PAIRED, R1=[], in_run_list=false
Mar-25 09:42:51.758 [Actor Thread 7] INFO  nextflow.Nextflow - ROUTING SRX27114736 -> sra (download_fastq)
Mar-25 09:42:51.758 [Actor Thread 8] INFO  nextflow.Nextflow - METADATA ROW: Experiment=SRX7195281, Layout=PAIRED, R1=[], in_run_list=false
Mar-25 09:42:51.758 [Actor Thread 7] INFO  nextflow.Nextflow - ROUTING SRX27114737 -> sra (download_fastq)
Mar-25 09:42:51.758 [Actor Thread 8] INFO  nextflow.Nextflow - METADATA ROW: Experiment=SRX7195282, Layout=PAIRED, R1=[], in_run_list=false
Mar-25 09:42:51.758 [Actor Thread 7] INFO  nextflow.Nextflow - ROUTING SRX27114738 -> sra (download_fastq)
Mar-25 09:42:51.758 [Actor Thread 8] INFO  nextflow.Nextflow - METADATA ROW: Experiment=SRX7195283, Layout=PAIRED, R1=[], in_run_list=false
Mar-25 09:42:51.758 [Actor Thread 7] INFO  nextflow.Nextflow - ROUTING SRX27114739 -> sra (download_fastq)
Mar-25 09:42:51.759 [Actor Thread 7] INFO  nextflow.Nextflow - ROUTING SRX27114740 -> sra (download_fastq)
Mar-25 09:42:51.759 [Actor Thread 7] INFO  nextflow.Nextflow - ROUTING SRX27114741 -> sra (download_fastq)
Mar-25 09:42:51.759 [Actor Thread 7] INFO  nextflow.Nextflow - ROUTING SRX27114742 -> sra (download_fastq)
Mar-25 09:42:51.759 [Actor Thread 7] INFO  nextflow.Nextflow - ROUTING SRX27114743 -> sra (download_fastq)
Mar-25 09:42:51.758 [Actor Thread 8] INFO  nextflow.Nextflow - METADATA ROW: Experiment=SRX7195337, Layout=PAIRED, R1=[], in_run_list=false
Mar-25 09:42:51.759 [Actor Thread 7] INFO  nextflow.Nextflow - ROUTING SRX27114744 -> sra (download_fastq)
Mar-25 09:42:51.759 [Task submitter] INFO  nextflow.Session - [9c/6098e3] Submitted process > gff2bed
Mar-25 09:42:51.759 [Actor Thread 7] INFO  nextflow.Nextflow - ROUTING SRX27114745 -> sra (download_fastq)
Mar-25 09:42:51.759 [Actor Thread 8] INFO  nextflow.Nextflow - METADATA ROW: Experiment=SRX7195338, Layout=PAIRED, R1=[], in_run_list=false
Mar-25 09:42:51.759 [Actor Thread 7] INFO  nextflow.Nextflow - ROUTING SRX27114746 -> sra (download_fastq)
Mar-25 09:42:51.759 [Actor Thread 7] INFO  nextflow.Nextflow - ROUTING SRX27114747 -> sra (download_fastq)
Mar-25 09:42:51.759 [Actor Thread 8] INFO  nextflow.Nextflow - METADATA ROW: Experiment=SRX7195339, Layout=PAIRED, R1=[], in_run_list=false
Mar-25 09:42:51.759 [Actor Thread 7] INFO  nextflow.Nextflow - ROUTING SRX27114748 -> sra (download_fastq)
Mar-25 09:42:51.759 [Actor Thread 7] INFO  nextflow.Nextflow - ROUTING SRX27114749 -> sra (download_fastq)
Mar-25 09:42:51.759 [Actor Thread 8] INFO  nextflow.Nextflow - METADATA ROW: Experiment=SRX7195340, Layout=PAIRED, R1=[], in_run_list=false
Mar-25 09:42:51.759 [Actor Thread 7] INFO  nextflow.Nextflow - ROUTING SRX27114750 -> sra (download_fastq)
Mar-25 09:42:51.759 [Actor Thread 7] INFO  nextflow.Nextflow - ROUTING SRX27114751 -> sra (download_fastq)
Mar-25 09:42:51.759 [Actor Thread 8] INFO  nextflow.Nextflow - METADATA ROW: Experiment=SRX7195341, Layout=PAIRED, R1=[], in_run_list=false
Mar-25 09:42:51.759 [Actor Thread 7] INFO  nextflow.Nextflow - ROUTING SRX27114752 -> sra (download_fastq)
Mar-25 09:42:51.759 [Actor Thread 7] INFO  nextflow.Nextflow - ROUTING SRX27114753 -> sra (download_fastq)
Mar-25 09:42:51.759 [Actor Thread 8] INFO  nextflow.Nextflow - METADATA ROW: Experiment=SRX7195342, Layout=PAIRED, R1=[], in_run_list=false
Mar-25 09:42:51.759 [Actor Thread 7] INFO  nextflow.Nextflow - ROUTING SRX27114754 -> sra (download_fastq)
Mar-25 09:42:51.759 [Actor Thread 7] INFO  nextflow.Nextflow - ROUTING SRX27114755 -> sra (download_fastq)
Mar-25 09:42:51.759 [Actor Thread 8] INFO  nextflow.Nextflow - METADATA ROW: Experiment=SRX7195343, Layout=PAIRED, R1=[], in_run_list=false
Mar-25 09:42:51.759 [Actor Thread 7] INFO  nextflow.Nextflow - ROUTING SRX27114756 -> sra (download_fastq)
Mar-25 09:42:51.760 [Actor Thread 7] INFO  nextflow.Nextflow - ROUTING SRX27114757 -> sra (download_fastq)
Mar-25 09:42:51.760 [Actor Thread 8] INFO  nextflow.Nextflow - METADATA ROW: Experiment=SRX7195344, Layout=PAIRED, R1=[], in_run_list=false
Mar-25 09:42:51.760 [Actor Thread 7] INFO  nextflow.Nextflow - ROUTING SRX27114758 -> sra (download_fastq)
Mar-25 09:42:51.760 [Actor Thread 7] INFO  nextflow.Nextflow - ROUTING SRX27114759 -> sra (download_fastq)
Mar-25 09:42:51.760 [Actor Thread 8] INFO  nextflow.Nextflow - METADATA ROW: Experiment=SRX7195345, Layout=PAIRED, R1=[], in_run_list=false
Mar-25 09:42:51.760 [Actor Thread 7] INFO  nextflow.Nextflow - ROUTING SRX27114760 -> sra (download_fastq)
Mar-25 09:42:51.760 [Actor Thread 7] INFO  nextflow.Nextflow - ROUTING SRX27114761 -> sra (download_fastq)
Mar-25 09:42:51.760 [Actor Thread 8] INFO  nextflow.Nextflow - METADATA ROW: Experiment=SRX7195346, Layout=PAIRED, R1=[], in_run_list=false
Mar-25 09:42:51.760 [Actor Thread 7] INFO  nextflow.Nextflow - ROUTING SRX27114762 -> sra (download_fastq)
Mar-25 09:42:51.760 [Actor Thread 8] INFO  nextflow.Nextflow - METADATA ROW: Experiment=SRX7195347, Layout=PAIRED, R1=[], in_run_list=false
Mar-25 09:42:51.760 [Actor Thread 8] INFO  nextflow.Nextflow - METADATA ROW: Experiment=SRX7195348, Layout=PAIRED, R1=[], in_run_list=false
Mar-25 09:42:51.760 [Actor Thread 8] INFO  nextflow.Nextflow - METADATA ROW: Experiment=SRX7195349, Layout=PAIRED, R1=[], in_run_list=false
Mar-25 09:42:51.761 [Actor Thread 7] INFO  nextflow.Nextflow - ROUTING SRX27114763 -> sra (download_fastq)
Mar-25 09:42:51.761 [main] DEBUG nextflow.script.ProcessConfig - Config settings `withLabel:fastq` matches labels `fastq,medium,stage` for process with name stage_fastq_paired
Mar-25 09:42:51.761 [main] DEBUG nextflow.script.ProcessConfig - Config settings `withLabel:medium` matches labels `fastq,medium,stage` for process with name stage_fastq_paired
Mar-25 09:42:51.761 [Actor Thread 7] INFO  nextflow.Nextflow - ROUTING SRX27114764 -> sra (download_fastq)
Mar-25 09:42:51.761 [main] DEBUG nextflow.script.ProcessConfig - Config settings `withLabel:stage` matches labels `fastq,medium,stage` for process with name stage_fastq_paired
Mar-25 09:42:51.761 [Actor Thread 7] INFO  nextflow.Nextflow - ROUTING SRX27114765 -> sra (download_fastq)
Mar-25 09:42:51.761 [Actor Thread 7] INFO  nextflow.Nextflow - ROUTING SRX27114766 -> sra (download_fastq)
Mar-25 09:42:51.761 [Actor Thread 8] INFO  nextflow.Nextflow - METADATA ROW: Experiment=SRX7195350, Layout=PAIRED, R1=[], in_run_list=false
Mar-25 09:42:51.761 [Actor Thread 8] INFO  nextflow.Nextflow - METADATA ROW: Experiment=SRX7195351, Layout=PAIRED, R1=[], in_run_list=false
Mar-25 09:42:51.761 [Actor Thread 7] INFO  nextflow.Nextflow - ROUTING SRX27114767 -> sra (download_fastq)
Mar-25 09:42:51.761 [Actor Thread 8] INFO  nextflow.Nextflow - METADATA ROW: Experiment=SRX7195406, Layout=PAIRED, R1=[], in_run_list=false
Mar-25 09:42:51.761 [Actor Thread 8] INFO  nextflow.Nextflow - METADATA ROW: Experiment=SRX7195407, Layout=PAIRED, R1=[], in_run_list=false
Mar-25 09:42:51.761 [Actor Thread 8] INFO  nextflow.Nextflow - METADATA ROW: Experiment=SRX7195408, Layout=PAIRED, R1=[], in_run_list=false
Mar-25 09:42:51.761 [Actor Thread 7] INFO  nextflow.Nextflow - ROUTING SRX27114768 -> sra (download_fastq)
Mar-25 09:42:51.761 [Actor Thread 8] INFO  nextflow.Nextflow - METADATA ROW: Experiment=SRX7195409, Layout=PAIRED, R1=[], in_run_list=false
Mar-25 09:42:51.761 [Actor Thread 8] INFO  nextflow.Nextflow - METADATA ROW: Experiment=SRX7195410, Layout=PAIRED, R1=[], in_run_list=false
Mar-25 09:42:51.761 [Actor Thread 8] INFO  nextflow.Nextflow - METADATA ROW: Experiment=SRX7195411, Layout=PAIRED, R1=[], in_run_list=false
Mar-25 09:42:51.761 [Actor Thread 7] INFO  nextflow.Nextflow - ROUTING SRX27114769 -> sra (download_fastq)
Mar-25 09:42:51.762 [Actor Thread 7] INFO  nextflow.Nextflow - ROUTING SRX27114770 -> sra (download_fastq)
Mar-25 09:42:51.762 [Actor Thread 7] INFO  nextflow.Nextflow - ROUTING SRX27114771 -> sra (download_fastq)
Mar-25 09:42:51.762 [Actor Thread 7] INFO  nextflow.Nextflow - ROUTING SRX27114772 -> sra (download_fastq)
Mar-25 09:42:51.762 [Actor Thread 7] INFO  nextflow.Nextflow - ROUTING SRX27114773 -> sra (download_fastq)
Mar-25 09:42:51.762 [Actor Thread 7] INFO  nextflow.Nextflow - ROUTING SRX27114774 -> sra (download_fastq)
Mar-25 09:42:51.762 [Actor Thread 7] INFO  nextflow.Nextflow - ROUTING SRX27114775 -> sra (download_fastq)
Mar-25 09:42:51.762 [Actor Thread 7] INFO  nextflow.Nextflow - ROUTING SRX27114776 -> sra (download_fastq)
Mar-25 09:42:51.761 [main] DEBUG nextflow.executor.ExecutorFactory - << taskConfig executor: local
Mar-25 09:42:51.763 [main] DEBUG nextflow.executor.ExecutorFactory - >> processorType: 'local'
Mar-25 09:42:51.761 [Actor Thread 8] INFO  nextflow.Nextflow - METADATA ROW: Experiment=SRX7195412, Layout=PAIRED, R1=[], in_run_list=false
Mar-25 09:42:51.764 [Actor Thread 8] INFO  nextflow.Nextflow - METADATA ROW: Experiment=SRX7195413, Layout=PAIRED, R1=[], in_run_list=false
Mar-25 09:42:51.764 [Actor Thread 8] INFO  nextflow.Nextflow - METADATA ROW: Experiment=SRX7195414, Layout=PAIRED, R1=[], in_run_list=false
Mar-25 09:42:51.764 [Actor Thread 8] INFO  nextflow.Nextflow - METADATA ROW: Experiment=SRX7195415, Layout=PAIRED, R1=[], in_run_list=false
Mar-25 09:42:51.764 [Actor Thread 8] INFO  nextflow.Nextflow - METADATA ROW: Experiment=SRX7195416, Layout=PAIRED, R1=[], in_run_list=false
Mar-25 09:42:51.764 [Actor Thread 8] INFO  nextflow.Nextflow - METADATA ROW: Experiment=SRX7195417, Layout=PAIRED, R1=[], in_run_list=false
Mar-25 09:42:51.765 [Actor Thread 8] INFO  nextflow.Nextflow - METADATA ROW: Experiment=SRX7195418, Layout=PAIRED, R1=[], in_run_list=false
Mar-25 09:42:51.765 [Actor Thread 8] INFO  nextflow.Nextflow - METADATA ROW: Experiment=SRX7195419, Layout=PAIRED, R1=[], in_run_list=false
Mar-25 09:42:51.765 [Actor Thread 8] INFO  nextflow.Nextflow - METADATA ROW: Experiment=SRX7195420, Layout=PAIRED, R1=[], in_run_list=false
Mar-25 09:42:51.765 [Actor Thread 8] INFO  nextflow.Nextflow - METADATA ROW: Experiment=SRX7195421, Layout=PAIRED, R1=[], in_run_list=false
Mar-25 09:42:51.765 [Actor Thread 8] INFO  nextflow.Nextflow - METADATA ROW: Experiment=SRX7195422, Layout=PAIRED, R1=[], in_run_list=false
Mar-25 09:42:51.765 [Actor Thread 8] INFO  nextflow.Nextflow - METADATA ROW: Experiment=SRX7195423, Layout=PAIRED, R1=[], in_run_list=false
Mar-25 09:42:51.765 [Actor Thread 8] INFO  nextflow.Nextflow - METADATA ROW: Experiment=SRX7195424, Layout=PAIRED, R1=[], in_run_list=false
Mar-25 09:42:51.765 [Actor Thread 8] INFO  nextflow.Nextflow - METADATA ROW: Experiment=SRX7195425, Layout=PAIRED, R1=[], in_run_list=false
Mar-25 09:42:51.765 [Actor Thread 7] INFO  nextflow.Nextflow - ROUTING SRX27114777 -> sra (download_fastq)
Mar-25 09:42:51.765 [Actor Thread 8] INFO  nextflow.Nextflow - METADATA ROW: Experiment=SRX7195426, Layout=PAIRED, R1=[], in_run_list=false
Mar-25 09:42:51.765 [Actor Thread 7] INFO  nextflow.Nextflow - ROUTING SRX27114778 -> sra (download_fastq)
Mar-25 09:42:51.765 [Actor Thread 8] INFO  nextflow.Nextflow - METADATA ROW: Experiment=SRX7195427, Layout=PAIRED, R1=[], in_run_list=false
Mar-25 09:42:51.765 [Actor Thread 8] INFO  nextflow.Nextflow - METADATA ROW: Experiment=SRX7195428, Layout=PAIRED, R1=[], in_run_list=false
Mar-25 09:42:51.765 [Actor Thread 8] INFO  nextflow.Nextflow - METADATA ROW: Experiment=SRX7195429, Layout=PAIRED, R1=[], in_run_list=false
Mar-25 09:42:51.765 [Actor Thread 8] INFO  nextflow.Nextflow - METADATA ROW: Experiment=SRX7195430, Layout=PAIRED, R1=[], in_run_list=false
Mar-25 09:42:51.765 [Actor Thread 8] INFO  nextflow.Nextflow - METADATA ROW: Experiment=SRX7195431, Layout=PAIRED, R1=[], in_run_list=false
Mar-25 09:42:51.765 [Actor Thread 8] INFO  nextflow.Nextflow - METADATA ROW: Experiment=SRX7195432, Layout=PAIRED, R1=[], in_run_list=false
Mar-25 09:42:51.765 [Actor Thread 8] INFO  nextflow.Nextflow - METADATA ROW: Experiment=SRX7195433, Layout=PAIRED, R1=[], in_run_list=false
Mar-25 09:42:51.765 [Actor Thread 8] INFO  nextflow.Nextflow - METADATA ROW: Experiment=SRX7195434, Layout=PAIRED, R1=[], in_run_list=false
Mar-25 09:42:51.765 [Actor Thread 8] INFO  nextflow.Nextflow - METADATA ROW: Experiment=SRX7195435, Layout=PAIRED, R1=[], in_run_list=false
Mar-25 09:42:51.765 [Actor Thread 8] INFO  nextflow.Nextflow - METADATA ROW: Experiment=SRX7195436, Layout=PAIRED, R1=[], in_run_list=false
Mar-25 09:42:51.765 [Actor Thread 8] INFO  nextflow.Nextflow - METADATA ROW: Experiment=SRX7195437, Layout=PAIRED, R1=[], in_run_list=false
Mar-25 09:42:51.765 [Actor Thread 8] INFO  nextflow.Nextflow - METADATA ROW: Experiment=SRX7195438, Layout=PAIRED, R1=[], in_run_list=false
Mar-25 09:42:51.766 [Actor Thread 8] INFO  nextflow.Nextflow - METADATA ROW: Experiment=SRX7195439, Layout=PAIRED, R1=[], in_run_list=false
Mar-25 09:42:51.766 [Actor Thread 8] INFO  nextflow.Nextflow - METADATA ROW: Experiment=SRX7195440, Layout=PAIRED, R1=[], in_run_list=false
Mar-25 09:42:51.766 [Actor Thread 8] INFO  nextflow.Nextflow - METADATA ROW: Experiment=SRX7195441, Layout=PAIRED, R1=[], in_run_list=false
Mar-25 09:42:51.766 [Actor Thread 8] INFO  nextflow.Nextflow - METADATA ROW: Experiment=SRX7195442, Layout=PAIRED, R1=[], in_run_list=false
Mar-25 09:42:51.766 [Actor Thread 8] INFO  nextflow.Nextflow - METADATA ROW: Experiment=SRX7195443, Layout=PAIRED, R1=[], in_run_list=false
Mar-25 09:42:51.766 [Actor Thread 8] INFO  nextflow.Nextflow - METADATA ROW: Experiment=SRX7195444, Layout=PAIRED, R1=[], in_run_list=false
Mar-25 09:42:51.766 [Actor Thread 8] INFO  nextflow.Nextflow - METADATA ROW: Experiment=SRX7195445, Layout=PAIRED, R1=[], in_run_list=false
Mar-25 09:42:51.766 [Actor Thread 8] INFO  nextflow.Nextflow - METADATA ROW: Experiment=SRX7195447, Layout=PAIRED, R1=[], in_run_list=false
Mar-25 09:42:51.766 [Actor Thread 8] INFO  nextflow.Nextflow - METADATA ROW: Experiment=SRX7195448, Layout=PAIRED, R1=[], in_run_list=false
Mar-25 09:42:51.766 [Actor Thread 8] INFO  nextflow.Nextflow - METADATA ROW: Experiment=SRX7195449, Layout=PAIRED, R1=[], in_run_list=false
Mar-25 09:42:51.767 [Actor Thread 8] INFO  nextflow.Nextflow - METADATA ROW: Experiment=SRX7195450, Layout=PAIRED, R1=[], in_run_list=false
Mar-25 09:42:51.767 [Actor Thread 8] INFO  nextflow.Nextflow - METADATA ROW: Experiment=SRX7195451, Layout=PAIRED, R1=[], in_run_list=false
Mar-25 09:42:51.767 [Actor Thread 7] INFO  nextflow.Nextflow - ROUTING SRX27114779 -> sra (download_fastq)
Mar-25 09:42:51.767 [Actor Thread 8] INFO  nextflow.Nextflow - METADATA ROW: Experiment=SRX7195452, Layout=PAIRED, R1=[], in_run_list=false
Mar-25 09:42:51.767 [Actor Thread 7] INFO  nextflow.Nextflow - ROUTING SRX27114780 -> sra (download_fastq)
Mar-25 09:42:51.767 [Actor Thread 8] INFO  nextflow.Nextflow - METADATA ROW: Experiment=SRX7195453, Layout=PAIRED, R1=[], in_run_list=false
Mar-25 09:42:51.767 [Actor Thread 7] INFO  nextflow.Nextflow - ROUTING SRX27114781 -> sra (download_fastq)
Mar-25 09:42:51.768 [Actor Thread 8] INFO  nextflow.Nextflow - METADATA ROW: Experiment=SRX7195454, Layout=PAIRED, R1=[], in_run_list=false
Mar-25 09:42:51.768 [Actor Thread 8] INFO  nextflow.Nextflow - METADATA ROW: Experiment=SRX7195455, Layout=PAIRED, R1=[], in_run_list=false
Mar-25 09:42:51.768 [Actor Thread 7] INFO  nextflow.Nextflow - ROUTING SRX27114782 -> sra (download_fastq)
Mar-25 09:42:51.768 [Actor Thread 8] INFO  nextflow.Nextflow - METADATA ROW: Experiment=SRX7195456, Layout=PAIRED, R1=[], in_run_list=false
Mar-25 09:42:51.768 [Actor Thread 8] INFO  nextflow.Nextflow - METADATA ROW: Experiment=SRX7195457, Layout=PAIRED, R1=[], in_run_list=false
Mar-25 09:42:51.768 [Actor Thread 8] INFO  nextflow.Nextflow - METADATA ROW: Experiment=SRX7195458, Layout=PAIRED, R1=[], in_run_list=false
Mar-25 09:42:51.768 [Actor Thread 8] INFO  nextflow.Nextflow - METADATA ROW: Experiment=SRX7195459, Layout=PAIRED, R1=[], in_run_list=false
Mar-25 09:42:51.768 [Actor Thread 8] INFO  nextflow.Nextflow - METADATA ROW: Experiment=SRX7195460, Layout=PAIRED, R1=[], in_run_list=false
Mar-25 09:42:51.768 [Actor Thread 8] INFO  nextflow.Nextflow - METADATA ROW: Experiment=SRX7195461, Layout=PAIRED, R1=[], in_run_list=false
Mar-25 09:42:51.768 [Actor Thread 8] INFO  nextflow.Nextflow - METADATA ROW: Experiment=SRX7195462, Layout=PAIRED, R1=[], in_run_list=false
Mar-25 09:42:51.768 [Actor Thread 8] INFO  nextflow.Nextflow - METADATA ROW: Experiment=SRX974531, Layout=PAIRED, R1=[], in_run_list=false
Mar-25 09:42:51.768 [Actor Thread 7] INFO  nextflow.Nextflow - ROUTING SRX27114783 -> sra (download_fastq)
Mar-25 09:42:51.769 [Actor Thread 7] INFO  nextflow.Nextflow - ROUTING SRX2919058 -> sra (download_fastq)
Mar-25 09:42:51.769 [Actor Thread 7] INFO  nextflow.Nextflow - ROUTING SRX2919059 -> sra (download_fastq)
Mar-25 09:42:51.769 [Actor Thread 7] INFO  nextflow.Nextflow - ROUTING SRX2919060 -> sra (download_fastq)
Mar-25 09:42:51.769 [Actor Thread 7] INFO  nextflow.Nextflow - ROUTING SRX2919061 -> sra (download_fastq)
Mar-25 09:42:51.769 [Actor Thread 7] INFO  nextflow.Nextflow - ROUTING SRX2919062 -> sra (download_fastq)
Mar-25 09:42:51.769 [Actor Thread 7] INFO  nextflow.Nextflow - ROUTING SRX2919063 -> sra (download_fastq)
Mar-25 09:42:51.769 [Actor Thread 7] INFO  nextflow.Nextflow - ROUTING SRX2919064 -> sra (download_fastq)
Mar-25 09:42:51.769 [Actor Thread 7] INFO  nextflow.Nextflow - ROUTING SRX2919065 -> sra (download_fastq)
Mar-25 09:42:51.769 [Actor Thread 7] INFO  nextflow.Nextflow - ROUTING SRX2919066 -> sra (download_fastq)
Mar-25 09:42:51.769 [Actor Thread 7] INFO  nextflow.Nextflow - ROUTING SRX2919067 -> sra (download_fastq)
Mar-25 09:42:51.769 [Actor Thread 7] INFO  nextflow.Nextflow - ROUTING SRX2919068 -> sra (download_fastq)
Mar-25 09:42:51.769 [Actor Thread 7] INFO  nextflow.Nextflow - ROUTING SRX2919069 -> sra (download_fastq)
Mar-25 09:42:51.769 [Actor Thread 7] INFO  nextflow.Nextflow - ROUTING SRX298045 -> sra (download_fastq)
Mar-25 09:42:51.769 [Actor Thread 7] INFO  nextflow.Nextflow - ROUTING SRX298054 -> sra (download_fastq)
Mar-25 09:42:51.770 [Actor Thread 7] INFO  nextflow.Nextflow - ROUTING SRX298055 -> sra (download_fastq)
Mar-25 09:42:51.770 [Actor Thread 7] INFO  nextflow.Nextflow - ROUTING SRX298056 -> sra (download_fastq)
Mar-25 09:42:51.770 [Actor Thread 7] INFO  nextflow.Nextflow - ROUTING SRX298057 -> sra (download_fastq)
Mar-25 09:42:51.770 [Actor Thread 7] INFO  nextflow.Nextflow - ROUTING SRX298058 -> sra (download_fastq)
Mar-25 09:42:51.770 [Actor Thread 7] INFO  nextflow.Nextflow - ROUTING SRX3042243 -> sra (download_fastq)
Mar-25 09:42:51.770 [Actor Thread 7] INFO  nextflow.Nextflow - ROUTING SRX3042244 -> sra (download_fastq)
Mar-25 09:42:51.770 [Actor Thread 7] INFO  nextflow.Nextflow - ROUTING SRX3042245 -> sra (download_fastq)
Mar-25 09:42:51.770 [Actor Thread 7] INFO  nextflow.Nextflow - ROUTING SRX3042246 -> sra (download_fastq)
Mar-25 09:42:51.770 [Actor Thread 7] INFO  nextflow.Nextflow - ROUTING SRX3042247 -> sra (download_fastq)
Mar-25 09:42:51.770 [Actor Thread 7] INFO  nextflow.Nextflow - ROUTING SRX3042248 -> sra (download_fastq)
Mar-25 09:42:51.770 [Actor Thread 7] INFO  nextflow.Nextflow - ROUTING SRX3042249 -> sra (download_fastq)
Mar-25 09:42:51.770 [Actor Thread 7] INFO  nextflow.Nextflow - ROUTING SRX3042250 -> sra (download_fastq)
Mar-25 09:42:51.770 [Actor Thread 7] INFO  nextflow.Nextflow - ROUTING SRX3042251 -> sra (download_fastq)
Mar-25 09:42:51.770 [Actor Thread 7] INFO  nextflow.Nextflow - ROUTING SRX3042252 -> sra (download_fastq)
Mar-25 09:42:51.770 [Actor Thread 7] INFO  nextflow.Nextflow - ROUTING SRX3042253 -> sra (download_fastq)
Mar-25 09:42:51.770 [Actor Thread 7] INFO  nextflow.Nextflow - ROUTING SRX3042254 -> sra (download_fastq)
Mar-25 09:42:51.770 [Actor Thread 7] INFO  nextflow.Nextflow - ROUTING SRX3200203 -> sra (download_fastq)
Mar-25 09:42:51.770 [Actor Thread 7] INFO  nextflow.Nextflow - ROUTING SRX3200204 -> sra (download_fastq)
Mar-25 09:42:51.770 [Actor Thread 7] INFO  nextflow.Nextflow - ROUTING SRX3200205 -> sra (download_fastq)
Mar-25 09:42:51.770 [Actor Thread 7] INFO  nextflow.Nextflow - ROUTING SRX3200206 -> sra (download_fastq)
Mar-25 09:42:51.770 [Actor Thread 7] INFO  nextflow.Nextflow - ROUTING SRX3200207 -> sra (download_fastq)
Mar-25 09:42:51.770 [Actor Thread 7] INFO  nextflow.Nextflow - ROUTING SRX3200208 -> sra (download_fastq)
Mar-25 09:42:51.770 [Actor Thread 7] INFO  nextflow.Nextflow - ROUTING SRX3200209 -> sra (download_fastq)
Mar-25 09:42:51.770 [Actor Thread 7] INFO  nextflow.Nextflow - ROUTING SRX368288 -> sra (download_fastq)
Mar-25 09:42:51.770 [Actor Thread 7] INFO  nextflow.Nextflow - ROUTING SRX368289 -> sra (download_fastq)
Mar-25 09:42:51.770 [Actor Thread 7] INFO  nextflow.Nextflow - ROUTING SRX368290 -> sra (download_fastq)
Mar-25 09:42:51.771 [Actor Thread 7] INFO  nextflow.Nextflow - ROUTING SRX368291 -> sra (download_fastq)
Mar-25 09:42:51.771 [Actor Thread 7] INFO  nextflow.Nextflow - ROUTING SRX368292 -> sra (download_fastq)
Mar-25 09:42:51.771 [Actor Thread 7] INFO  nextflow.Nextflow - ROUTING SRX368293 -> sra (download_fastq)
Mar-25 09:42:51.771 [Actor Thread 7] INFO  nextflow.Nextflow - ROUTING SRX5085503 -> sra (download_fastq)
Mar-25 09:42:51.771 [Actor Thread 7] INFO  nextflow.Nextflow - ROUTING SRX5085504 -> sra (download_fastq)
Mar-25 09:42:51.771 [Actor Thread 7] INFO  nextflow.Nextflow - ROUTING SRX5085505 -> sra (download_fastq)
Mar-25 09:42:51.771 [Actor Thread 7] INFO  nextflow.Nextflow - ROUTING SRX5085506 -> sra (download_fastq)
Mar-25 09:42:51.771 [Actor Thread 7] INFO  nextflow.Nextflow - ROUTING SRX5085507 -> sra (download_fastq)
Mar-25 09:42:51.771 [Actor Thread 7] INFO  nextflow.Nextflow - ROUTING SRX5085508 -> sra (download_fastq)
Mar-25 09:42:51.771 [Actor Thread 7] INFO  nextflow.Nextflow - ROUTING SRX5085509 -> sra (download_fastq)
Mar-25 09:42:51.771 [Actor Thread 7] INFO  nextflow.Nextflow - ROUTING SRX5085510 -> sra (download_fastq)
Mar-25 09:42:51.771 [Actor Thread 7] INFO  nextflow.Nextflow - ROUTING SRX5085511 -> sra (download_fastq)
Mar-25 09:42:51.771 [Actor Thread 7] INFO  nextflow.Nextflow - ROUTING SRX5085512 -> sra (download_fastq)
Mar-25 09:42:51.771 [Actor Thread 7] INFO  nextflow.Nextflow - ROUTING SRX5085513 -> sra (download_fastq)
Mar-25 09:42:51.771 [Actor Thread 7] INFO  nextflow.Nextflow - ROUTING SRX5085514 -> sra (download_fastq)
Mar-25 09:42:51.771 [Actor Thread 7] INFO  nextflow.Nextflow - ROUTING SRX5085515 -> sra (download_fastq)
Mar-25 09:42:51.771 [Actor Thread 7] INFO  nextflow.Nextflow - ROUTING SRX5085516 -> sra (download_fastq)
Mar-25 09:42:51.771 [Actor Thread 7] INFO  nextflow.Nextflow - ROUTING SRX5085517 -> sra (download_fastq)
Mar-25 09:42:51.771 [Actor Thread 7] INFO  nextflow.Nextflow - ROUTING SRX5085518 -> sra (download_fastq)
Mar-25 09:42:51.771 [Actor Thread 7] INFO  nextflow.Nextflow - ROUTING SRX5085519 -> sra (download_fastq)
Mar-25 09:42:51.772 [Actor Thread 7] INFO  nextflow.Nextflow - ROUTING SRX5085520 -> sra (download_fastq)
Mar-25 09:42:51.772 [Actor Thread 7] INFO  nextflow.Nextflow - ROUTING SRX5085521 -> sra (download_fastq)
Mar-25 09:42:51.772 [Actor Thread 7] INFO  nextflow.Nextflow - ROUTING SRX5085522 -> sra (download_fastq)
Mar-25 09:42:51.772 [Actor Thread 7] INFO  nextflow.Nextflow - ROUTING SRX5085523 -> sra (download_fastq)
Mar-25 09:42:51.772 [Actor Thread 7] INFO  nextflow.Nextflow - ROUTING SRX5085524 -> sra (download_fastq)
Mar-25 09:42:51.772 [Actor Thread 7] INFO  nextflow.Nextflow - ROUTING SRX5085525 -> sra (download_fastq)
Mar-25 09:42:51.772 [Actor Thread 7] INFO  nextflow.Nextflow - ROUTING SRX5085526 -> sra (download_fastq)
Mar-25 09:42:51.772 [Actor Thread 7] INFO  nextflow.Nextflow - ROUTING SRX5085527 -> sra (download_fastq)
Mar-25 09:42:51.772 [Actor Thread 7] INFO  nextflow.Nextflow - ROUTING SRX5085528 -> sra (download_fastq)
Mar-25 09:42:51.772 [Actor Thread 7] INFO  nextflow.Nextflow - ROUTING SRX5085529 -> sra (download_fastq)
Mar-25 09:42:51.772 [Actor Thread 7] INFO  nextflow.Nextflow - ROUTING SRX5085530 -> sra (download_fastq)
Mar-25 09:42:51.772 [Actor Thread 7] INFO  nextflow.Nextflow - ROUTING SRX5085531 -> sra (download_fastq)
Mar-25 09:42:51.772 [Actor Thread 7] INFO  nextflow.Nextflow - ROUTING SRX5085532 -> sra (download_fastq)
Mar-25 09:42:51.772 [Actor Thread 7] INFO  nextflow.Nextflow - ROUTING SRX5209262 -> sra (download_fastq)
Mar-25 09:42:51.772 [Actor Thread 7] INFO  nextflow.Nextflow - ROUTING SRX5209263 -> sra (download_fastq)
Mar-25 09:42:51.772 [Actor Thread 7] INFO  nextflow.Nextflow - ROUTING SRX5209264 -> sra (download_fastq)
Mar-25 09:42:51.772 [Actor Thread 7] INFO  nextflow.Nextflow - ROUTING SRX5209265 -> sra (download_fastq)
Mar-25 09:42:51.772 [Actor Thread 7] INFO  nextflow.Nextflow - ROUTING SRX5209268 -> sra (download_fastq)
Mar-25 09:42:51.772 [Actor Thread 7] INFO  nextflow.Nextflow - ROUTING SRX5209269 -> sra (download_fastq)
Mar-25 09:42:51.772 [Actor Thread 7] INFO  nextflow.Nextflow - ROUTING SRX5209270 -> sra (download_fastq)
Mar-25 09:42:51.772 [Actor Thread 7] INFO  nextflow.Nextflow - ROUTING SRX5209271 -> sra (download_fastq)
Mar-25 09:42:51.772 [Actor Thread 7] INFO  nextflow.Nextflow - ROUTING SRX5209272 -> sra (download_fastq)
Mar-25 09:42:51.772 [Actor Thread 7] INFO  nextflow.Nextflow - ROUTING SRX5209273 -> sra (download_fastq)
Mar-25 09:42:51.772 [Actor Thread 7] INFO  nextflow.Nextflow - ROUTING SRX5209274 -> sra (download_fastq)
Mar-25 09:42:51.772 [Actor Thread 7] INFO  nextflow.Nextflow - ROUTING SRX5209275 -> sra (download_fastq)
Mar-25 09:42:51.773 [Actor Thread 7] INFO  nextflow.Nextflow - ROUTING SRX5209276 -> sra (download_fastq)
Mar-25 09:42:51.773 [Actor Thread 7] INFO  nextflow.Nextflow - ROUTING SRX5209277 -> sra (download_fastq)
Mar-25 09:42:51.773 [Actor Thread 7] INFO  nextflow.Nextflow - ROUTING SRX5209278 -> sra (download_fastq)
Mar-25 09:42:51.773 [Actor Thread 7] INFO  nextflow.Nextflow - ROUTING SRX5209279 -> sra (download_fastq)
Mar-25 09:42:51.773 [Actor Thread 7] INFO  nextflow.Nextflow - ROUTING SRX5209280 -> sra (download_fastq)
Mar-25 09:42:51.773 [Actor Thread 7] INFO  nextflow.Nextflow - ROUTING SRX5209281 -> sra (download_fastq)
Mar-25 09:42:51.773 [Actor Thread 7] INFO  nextflow.Nextflow - ROUTING SRX5209282 -> sra (download_fastq)
Mar-25 09:42:51.773 [Actor Thread 7] INFO  nextflow.Nextflow - ROUTING SRX5209298 -> sra (download_fastq)
Mar-25 09:42:51.773 [Actor Thread 7] INFO  nextflow.Nextflow - ROUTING SRX5209299 -> sra (download_fastq)
Mar-25 09:42:51.773 [Actor Thread 7] INFO  nextflow.Nextflow - ROUTING SRX5209300 -> sra (download_fastq)
Mar-25 09:42:51.773 [Actor Thread 7] INFO  nextflow.Nextflow - ROUTING SRX5209301 -> sra (download_fastq)
Mar-25 09:42:51.773 [Actor Thread 7] INFO  nextflow.Nextflow - ROUTING SRX6853642 -> sra (download_fastq)
Mar-25 09:42:51.773 [Actor Thread 7] INFO  nextflow.Nextflow - ROUTING SRX6853643 -> sra (download_fastq)
Mar-25 09:42:51.773 [Actor Thread 7] INFO  nextflow.Nextflow - ROUTING SRX6853644 -> sra (download_fastq)
Mar-25 09:42:51.773 [Actor Thread 7] INFO  nextflow.Nextflow - ROUTING SRX6853645 -> sra (download_fastq)
Mar-25 09:42:51.773 [Actor Thread 7] INFO  nextflow.Nextflow - ROUTING SRX6853646 -> sra (download_fastq)
Mar-25 09:42:51.773 [Actor Thread 7] INFO  nextflow.Nextflow - ROUTING SRX6853647 -> sra (download_fastq)
Mar-25 09:42:51.773 [Actor Thread 7] INFO  nextflow.Nextflow - ROUTING SRX7194992 -> sra (download_fastq)
Mar-25 09:42:51.773 [Actor Thread 7] INFO  nextflow.Nextflow - ROUTING SRX7194993 -> sra (download_fastq)
Mar-25 09:42:51.773 [Task submitter] DEBUG n.executor.local.LocalTaskHandler - Launch cmd line: /bin/bash -ue .command.run
Mar-25 09:42:51.773 [Actor Thread 7] INFO  nextflow.Nextflow - ROUTING SRX7194994 -> sra (download_fastq)
Mar-25 09:42:51.773 [Actor Thread 7] INFO  nextflow.Nextflow - ROUTING SRX7194995 -> sra (download_fastq)
Mar-25 09:42:51.773 [Actor Thread 7] INFO  nextflow.Nextflow - ROUTING SRX7194997 -> sra (download_fastq)
Mar-25 09:42:51.773 [Actor Thread 7] INFO  nextflow.Nextflow - ROUTING SRX7194998 -> sra (download_fastq)
Mar-25 09:42:51.773 [Actor Thread 7] INFO  nextflow.Nextflow - ROUTING SRX7194999 -> sra (download_fastq)
Mar-25 09:42:51.773 [Actor Thread 7] INFO  nextflow.Nextflow - ROUTING SRX7195000 -> sra (download_fastq)
Mar-25 09:42:51.773 [Actor Thread 7] INFO  nextflow.Nextflow - ROUTING SRX7195280 -> sra (download_fastq)
Mar-25 09:42:51.774 [Actor Thread 7] INFO  nextflow.Nextflow - ROUTING SRX7195281 -> sra (download_fastq)
Mar-25 09:42:51.774 [Actor Thread 7] INFO  nextflow.Nextflow - ROUTING SRX7195282 -> sra (download_fastq)
Mar-25 09:42:51.774 [Actor Thread 7] INFO  nextflow.Nextflow - ROUTING SRX7195283 -> sra (download_fastq)
Mar-25 09:42:51.774 [Actor Thread 7] INFO  nextflow.Nextflow - ROUTING SRX7195337 -> sra (download_fastq)
Mar-25 09:42:51.774 [Actor Thread 7] INFO  nextflow.Nextflow - ROUTING SRX7195338 -> sra (download_fastq)
Mar-25 09:42:51.774 [Actor Thread 7] INFO  nextflow.Nextflow - ROUTING SRX7195339 -> sra (download_fastq)
Mar-25 09:42:51.774 [Actor Thread 7] INFO  nextflow.Nextflow - ROUTING SRX7195340 -> sra (download_fastq)
Mar-25 09:42:51.774 [Actor Thread 7] INFO  nextflow.Nextflow - ROUTING SRX7195341 -> sra (download_fastq)
Mar-25 09:42:51.774 [Actor Thread 7] INFO  nextflow.Nextflow - ROUTING SRX7195342 -> sra (download_fastq)
Mar-25 09:42:51.774 [Actor Thread 7] INFO  nextflow.Nextflow - ROUTING SRX7195343 -> sra (download_fastq)
Mar-25 09:42:51.774 [Actor Thread 7] INFO  nextflow.Nextflow - ROUTING SRX7195344 -> sra (download_fastq)
Mar-25 09:42:51.774 [Actor Thread 7] INFO  nextflow.Nextflow - ROUTING SRX7195345 -> sra (download_fastq)
Mar-25 09:42:51.774 [Actor Thread 7] INFO  nextflow.Nextflow - ROUTING SRX7195346 -> sra (download_fastq)
Mar-25 09:42:51.774 [Actor Thread 7] INFO  nextflow.Nextflow - ROUTING SRX7195347 -> sra (download_fastq)
Mar-25 09:42:51.774 [Actor Thread 7] INFO  nextflow.Nextflow - ROUTING SRX7195348 -> sra (download_fastq)
Mar-25 09:42:51.774 [Actor Thread 7] INFO  nextflow.Nextflow - ROUTING SRX7195349 -> sra (download_fastq)
Mar-25 09:42:51.774 [Actor Thread 7] INFO  nextflow.Nextflow - ROUTING SRX7195350 -> sra (download_fastq)
Mar-25 09:42:51.774 [Actor Thread 7] INFO  nextflow.Nextflow - ROUTING SRX7195351 -> sra (download_fastq)
Mar-25 09:42:51.774 [Actor Thread 7] INFO  nextflow.Nextflow - ROUTING SRX7195406 -> sra (download_fastq)
Mar-25 09:42:51.774 [Actor Thread 7] INFO  nextflow.Nextflow - ROUTING SRX7195407 -> sra (download_fastq)
Mar-25 09:42:51.774 [Actor Thread 7] INFO  nextflow.Nextflow - ROUTING SRX7195408 -> sra (download_fastq)
Mar-25 09:42:51.774 [Actor Thread 7] INFO  nextflow.Nextflow - ROUTING SRX7195409 -> sra (download_fastq)
Mar-25 09:42:51.774 [Actor Thread 7] INFO  nextflow.Nextflow - ROUTING SRX7195410 -> sra (download_fastq)
Mar-25 09:42:51.774 [Task submitter] INFO  nextflow.Session - [55/c1026f] Submitted process > bowtie_build
Mar-25 09:42:51.776 [Actor Thread 7] INFO  nextflow.Nextflow - ROUTING SRX7195411 -> sra (download_fastq)
Mar-25 09:42:51.776 [Actor Thread 7] INFO  nextflow.Nextflow - ROUTING SRX7195412 -> sra (download_fastq)
Mar-25 09:42:51.776 [Actor Thread 7] INFO  nextflow.Nextflow - ROUTING SRX7195413 -> sra (download_fastq)
Mar-25 09:42:51.776 [Actor Thread 7] INFO  nextflow.Nextflow - ROUTING SRX7195414 -> sra (download_fastq)
Mar-25 09:42:51.776 [Actor Thread 7] INFO  nextflow.Nextflow - ROUTING SRX7195415 -> sra (download_fastq)
Mar-25 09:42:51.777 [main] DEBUG nextflow.script.ProcessConfig - Config settings `withLabel:trim_galore` matches labels `large,trim_galore` for process with name trim_galore
Mar-25 09:42:51.777 [main] DEBUG nextflow.script.ProcessConfig - Config settings `withLabel:large` matches labels `large,trim_galore` for process with name trim_galore
Mar-25 09:42:51.777 [main] DEBUG nextflow.executor.ExecutorFactory - << taskConfig executor: local
Mar-25 09:42:51.777 [main] DEBUG nextflow.executor.ExecutorFactory - >> processorType: 'local'
Mar-25 09:42:51.777 [Actor Thread 7] INFO  nextflow.Nextflow - ROUTING SRX7195416 -> sra (download_fastq)
Mar-25 09:42:51.777 [Actor Thread 7] INFO  nextflow.Nextflow - ROUTING SRX7195417 -> sra (download_fastq)
Mar-25 09:42:51.777 [Actor Thread 7] INFO  nextflow.Nextflow - ROUTING SRX7195418 -> sra (download_fastq)
Mar-25 09:42:51.778 [Actor Thread 7] INFO  nextflow.Nextflow - ROUTING SRX7195419 -> sra (download_fastq)
Mar-25 09:42:51.778 [Actor Thread 7] INFO  nextflow.Nextflow - ROUTING SRX7195420 -> sra (download_fastq)
Mar-25 09:42:51.778 [Actor Thread 7] INFO  nextflow.Nextflow - ROUTING SRX7195421 -> sra (download_fastq)
Mar-25 09:42:51.778 [Actor Thread 7] INFO  nextflow.Nextflow - ROUTING SRX7195422 -> sra (download_fastq)
Mar-25 09:42:51.778 [Actor Thread 7] INFO  nextflow.Nextflow - ROUTING SRX7195423 -> sra (download_fastq)
Mar-25 09:42:51.778 [Actor Thread 7] INFO  nextflow.Nextflow - ROUTING SRX7195424 -> sra (download_fastq)
Mar-25 09:42:51.778 [Actor Thread 7] INFO  nextflow.Nextflow - ROUTING SRX7195425 -> sra (download_fastq)
Mar-25 09:42:51.778 [Actor Thread 7] INFO  nextflow.Nextflow - ROUTING SRX7195426 -> sra (download_fastq)
Mar-25 09:42:51.778 [Actor Thread 7] INFO  nextflow.Nextflow - ROUTING SRX7195427 -> sra (download_fastq)
Mar-25 09:42:51.778 [Actor Thread 7] INFO  nextflow.Nextflow - ROUTING SRX7195428 -> sra (download_fastq)
Mar-25 09:42:51.778 [Actor Thread 7] INFO  nextflow.Nextflow - ROUTING SRX7195429 -> sra (download_fastq)
Mar-25 09:42:51.778 [Actor Thread 7] INFO  nextflow.Nextflow - ROUTING SRX7195430 -> sra (download_fastq)
Mar-25 09:42:51.778 [Actor Thread 7] INFO  nextflow.Nextflow - ROUTING SRX7195431 -> sra (download_fastq)
Mar-25 09:42:51.778 [Actor Thread 7] INFO  nextflow.Nextflow - ROUTING SRX7195432 -> sra (download_fastq)
Mar-25 09:42:51.778 [Actor Thread 7] INFO  nextflow.Nextflow - ROUTING SRX7195433 -> sra (download_fastq)
Mar-25 09:42:51.778 [Actor Thread 7] INFO  nextflow.Nextflow - ROUTING SRX7195434 -> sra (download_fastq)
Mar-25 09:42:51.778 [Actor Thread 7] INFO  nextflow.Nextflow - ROUTING SRX7195435 -> sra (download_fastq)
Mar-25 09:42:51.778 [Actor Thread 7] INFO  nextflow.Nextflow - ROUTING SRX7195436 -> sra (download_fastq)
Mar-25 09:42:51.778 [Actor Thread 7] INFO  nextflow.Nextflow - ROUTING SRX7195437 -> sra (download_fastq)
Mar-25 09:42:51.778 [Actor Thread 7] INFO  nextflow.Nextflow - ROUTING SRX7195438 -> sra (download_fastq)
Mar-25 09:42:51.778 [Actor Thread 7] INFO  nextflow.Nextflow - ROUTING SRX7195439 -> sra (download_fastq)
Mar-25 09:42:51.778 [Actor Thread 7] INFO  nextflow.Nextflow - ROUTING SRX7195440 -> sra (download_fastq)
Mar-25 09:42:51.778 [Actor Thread 7] INFO  nextflow.Nextflow - ROUTING SRX7195441 -> sra (download_fastq)
Mar-25 09:42:51.778 [Actor Thread 7] INFO  nextflow.Nextflow - ROUTING SRX7195442 -> sra (download_fastq)
Mar-25 09:42:51.778 [Actor Thread 7] INFO  nextflow.Nextflow - ROUTING SRX7195443 -> sra (download_fastq)
Mar-25 09:42:51.778 [Actor Thread 7] INFO  nextflow.Nextflow - ROUTING SRX7195444 -> sra (download_fastq)
Mar-25 09:42:51.778 [Actor Thread 7] INFO  nextflow.Nextflow - ROUTING SRX7195445 -> sra (download_fastq)
Mar-25 09:42:51.778 [Actor Thread 7] INFO  nextflow.Nextflow - ROUTING SRX7195447 -> sra (download_fastq)
Mar-25 09:42:51.779 [Actor Thread 7] INFO  nextflow.Nextflow - ROUTING SRX7195448 -> sra (download_fastq)
Mar-25 09:42:51.779 [Actor Thread 7] INFO  nextflow.Nextflow - ROUTING SRX7195449 -> sra (download_fastq)
Mar-25 09:42:51.779 [Actor Thread 7] INFO  nextflow.Nextflow - ROUTING SRX7195450 -> sra (download_fastq)
Mar-25 09:42:51.779 [Actor Thread 7] INFO  nextflow.Nextflow - ROUTING SRX7195451 -> sra (download_fastq)
Mar-25 09:42:51.779 [Actor Thread 7] INFO  nextflow.Nextflow - ROUTING SRX7195452 -> sra (download_fastq)
Mar-25 09:42:51.779 [Actor Thread 7] INFO  nextflow.Nextflow - ROUTING SRX7195453 -> sra (download_fastq)
Mar-25 09:42:51.779 [Actor Thread 7] INFO  nextflow.Nextflow - ROUTING SRX7195454 -> sra (download_fastq)
Mar-25 09:42:51.779 [Actor Thread 7] INFO  nextflow.Nextflow - ROUTING SRX7195455 -> sra (download_fastq)
Mar-25 09:42:51.779 [Actor Thread 7] INFO  nextflow.Nextflow - ROUTING SRX7195456 -> sra (download_fastq)
Mar-25 09:42:51.779 [Actor Thread 7] INFO  nextflow.Nextflow - ROUTING SRX7195457 -> sra (download_fastq)
Mar-25 09:42:51.779 [Actor Thread 7] INFO  nextflow.Nextflow - ROUTING SRX7195458 -> sra (download_fastq)
Mar-25 09:42:51.779 [Actor Thread 7] INFO  nextflow.Nextflow - ROUTING SRX7195459 -> sra (download_fastq)
Mar-25 09:42:51.779 [Actor Thread 7] INFO  nextflow.Nextflow - ROUTING SRX7195460 -> sra (download_fastq)
Mar-25 09:42:51.779 [Actor Thread 7] INFO  nextflow.Nextflow - ROUTING SRX7195461 -> sra (download_fastq)
Mar-25 09:42:51.779 [Actor Thread 7] INFO  nextflow.Nextflow - ROUTING SRX7195462 -> sra (download_fastq)
Mar-25 09:42:51.779 [Actor Thread 7] INFO  nextflow.Nextflow - ROUTING SRX974531 -> sra (download_fastq)
Mar-25 09:42:51.780 [main] DEBUG nextflow.script.ProcessConfig - Config settings `withLabel:bowtie` matches labels `bowtie,large` for process with name bowtie_align
Mar-25 09:42:51.780 [main] DEBUG nextflow.script.ProcessConfig - Config settings `withLabel:large` matches labels `bowtie,large` for process with name bowtie_align
Mar-25 09:42:51.780 [main] DEBUG nextflow.executor.ExecutorFactory - << taskConfig executor: local
Mar-25 09:42:51.780 [main] DEBUG nextflow.executor.ExecutorFactory - >> processorType: 'local'
Mar-25 09:42:51.783 [main] DEBUG nextflow.script.ProcessConfig - Config settings `withLabel:large` matches labels `large` for process with name sam2bam
Mar-25 09:42:51.783 [main] DEBUG nextflow.script.ProcessConfig - Config settings `withName:sam2bam` matches process sam2bam
Mar-25 09:42:51.784 [main] DEBUG nextflow.executor.ExecutorFactory - << taskConfig executor: local
Mar-25 09:42:51.784 [main] DEBUG nextflow.executor.ExecutorFactory - >> processorType: 'local'
Mar-25 09:42:51.788 [main] DEBUG nextflow.script.ProcessConfig - Config settings `withLabel:python` matches labels `python,small` for process with name get_read_direction
Mar-25 09:42:51.788 [main] DEBUG nextflow.script.ProcessConfig - Config settings `withLabel:small` matches labels `python,small` for process with name get_read_direction
Mar-25 09:42:51.788 [main] DEBUG nextflow.script.ProcessConfig - Config settings `withName:get_read_direction` matches process get_read_direction
Mar-25 09:42:51.789 [main] DEBUG nextflow.executor.ExecutorFactory - << taskConfig executor: local
Mar-25 09:42:51.789 [main] DEBUG nextflow.executor.ExecutorFactory - >> processorType: 'local'
Mar-25 09:42:51.793 [main] DEBUG nextflow.script.ProcessConfig - Config settings `withLabel:large` matches labels `large` for process with name featureCounts
Mar-25 09:42:51.793 [main] DEBUG nextflow.script.ProcessConfig - Config settings `withName:featureCounts` matches process featureCounts
Mar-25 09:42:51.793 [main] DEBUG nextflow.executor.ExecutorFactory - << taskConfig executor: local
Mar-25 09:42:51.793 [main] DEBUG nextflow.executor.ExecutorFactory - >> processorType: 'local'
Mar-25 09:42:51.805 [main] DEBUG nextflow.script.ProcessConfig - Config settings `withLabel:large` matches labels `large` for process with name multiqc
Mar-25 09:42:51.805 [main] DEBUG nextflow.script.ProcessConfig - Config settings `withName:multiqc` matches process multiqc
Mar-25 09:42:51.805 [main] DEBUG nextflow.executor.ExecutorFactory - << taskConfig executor: local
Mar-25 09:42:51.805 [main] DEBUG nextflow.executor.ExecutorFactory - >> processorType: 'local'
Mar-25 09:42:51.812 [main] DEBUG nextflow.script.ProcessConfig - Config settings `withLabel:python` matches labels `python,large` for process with name assemble_tpm
Mar-25 09:42:51.812 [main] DEBUG nextflow.script.ProcessConfig - Config settings `withLabel:large` matches labels `python,large` for process with name assemble_tpm
Mar-25 09:42:51.812 [main] DEBUG nextflow.executor.ExecutorFactory - << taskConfig executor: local
Mar-25 09:42:51.812 [main] DEBUG nextflow.executor.ExecutorFactory - >> processorType: 'local'
Mar-25 09:42:51.813 [main] DEBUG nextflow.Session - Workflow process names [dsl1]: sam2bam, gff2bed, download_fastq, assemble_tpm, get_read_direction, stage_fastq_single, featureCounts, bowtie_align, bowtie_build, stage_fastq_paired, multiqc, trim_galore
Mar-25 09:42:51.816 [main] DEBUG nextflow.script.ScriptRunner - > Awaiting termination 
Mar-25 09:42:51.816 [main] DEBUG nextflow.Session - Session await
Mar-25 09:42:56.185 [Task monitor] DEBUG n.processor.TaskPollingMonitor - Task completed > TaskHandler[id: 2; name: gff2bed; status: COMPLETED; exit: 0; error: -; workDir: /Users/skd6150/Documents/Research/CBI/iModulon_Ctherm/iModulonMiner/2_process_data/work/9c/6098e3bd05b742676d4470e220c446]
Mar-25 09:43:01.315 [Task monitor] DEBUG n.processor.TaskPollingMonitor - Task completed > TaskHandler[id: 1; name: bowtie_build; status: COMPLETED; exit: 0; error: -; workDir: /Users/skd6150/Documents/Research/CBI/iModulon_Ctherm/iModulonMiner/2_process_data/work/55/c1026fa7a992c52d7d38955a2f02a4]
Mar-25 09:43:01.322 [Task submitter] DEBUG n.executor.local.LocalTaskHandler - Launch cmd line: /bin/bash -ue .command.run
Mar-25 09:43:01.323 [Task submitter] INFO  nextflow.Session - [74/c81305] Submitted process > download_fastq (4)
Mar-25 09:47:51.836 [Task submitter] DEBUG n.processor.TaskPollingMonitor - %% executor local > tasks in the submission queue: 375 -- tasks to be submitted are shown below
~> TaskHandler[id: 9; name: download_fastq (7); status: NEW; exit: -; error: -; workDir: /Users/skd6150/Documents/Research/CBI/iModulon_Ctherm/iModulonMiner/2_process_data/work/a5/6cbc1859241142065128b5776a2c7e]
~> TaskHandler[id: 3; name: download_fastq (1); status: NEW; exit: -; error: -; workDir: /Users/skd6150/Documents/Research/CBI/iModulon_Ctherm/iModulonMiner/2_process_data/work/0e/984b438d86ac0fe5033dfb848616e4]
~> TaskHandler[id: 7; name: download_fastq (5); status: NEW; exit: -; error: -; workDir: /Users/skd6150/Documents/Research/CBI/iModulon_Ctherm/iModulonMiner/2_process_data/work/b1/82449860fabcbfadc51f205f695748]
~> TaskHandler[id: 4; name: download_fastq (2); status: NEW; exit: -; error: -; workDir: /Users/skd6150/Documents/Research/CBI/iModulon_Ctherm/iModulonMiner/2_process_data/work/6b/d0434912b96fad09a5e1a0eb7ac6d7]
~> TaskHandler[id: 10; name: download_fastq (8); status: NEW; exit: -; error: -; workDir: /Users/skd6150/Documents/Research/CBI/iModulon_Ctherm/iModulonMiner/2_process_data/work/31/b57d4232b4abfe5c9e5fd350bcb39a]
~> TaskHandler[id: 8; name: download_fastq (6); status: NEW; exit: -; error: -; workDir: /Users/skd6150/Documents/Research/CBI/iModulon_Ctherm/iModulonMiner/2_process_data/work/5c/494f09d28d70b5198bd46ed35e24a8]
~> TaskHandler[id: 11; name: download_fastq (9); status: NEW; exit: -; error: -; workDir: /Users/skd6150/Documents/Research/CBI/iModulon_Ctherm/iModulonMiner/2_process_data/work/fa/fe728f1221e8b02c5e0306829a0714]
~> TaskHandler[id: 12; name: download_fastq (10); status: NEW; exit: -; error: -; workDir: /Users/skd6150/Documents/Research/CBI/iModulon_Ctherm/iModulonMiner/2_process_data/work/47/83fe764dcd368c4b817844d6f28314]
~> TaskHandler[id: 5; name: download_fastq (3); status: NEW; exit: -; error: -; workDir: /Users/skd6150/Documents/Research/CBI/iModulon_Ctherm/iModulonMiner/2_process_data/work/d0/bf9baa3d73909fc917da788f789bd5]
~> TaskHandler[id: 14; name: download_fastq (12); status: NEW; exit: -; error: -; workDir: /Users/skd6150/Documents/Research/CBI/iModulon_Ctherm/iModulonMiner/2_process_data/work/a6/ebdee7e421938b796f9108562e9dff]
.. remaining tasks omitted.
Mar-25 09:47:51.845 [Task monitor] DEBUG n.processor.TaskPollingMonitor - !! executor local > tasks to be completed: 1 -- submitted tasks are shown below
~> TaskHandler[id: 6; name: download_fastq (4); status: RUNNING; exit: -; error: -; workDir: /Users/skd6150/Documents/Research/CBI/iModulon_Ctherm/iModulonMiner/2_process_data/work/74/c813052c6e409a1040ba850c11c44e]
Mar-25 09:49:42.748 [Task monitor] DEBUG n.processor.TaskPollingMonitor - Task completed > TaskHandler[id: 6; name: download_fastq (4); status: COMPLETED; exit: 0; error: -; workDir: /Users/skd6150/Documents/Research/CBI/iModulon_Ctherm/iModulonMiner/2_process_data/work/74/c813052c6e409a1040ba850c11c44e]
Mar-25 09:49:42.761 [Task submitter] DEBUG n.executor.local.LocalTaskHandler - Launch cmd line: /bin/bash -ue .command.run
Mar-25 09:49:42.762 [Task submitter] INFO  nextflow.Session - [a5/6cbc18] Submitted process > download_fastq (7)
Mar-25 09:52:51.878 [Task monitor] DEBUG n.processor.TaskPollingMonitor - !! executor local > tasks to be completed: 1 -- submitted tasks are shown below
~> TaskHandler[id: 9; name: download_fastq (7); status: RUNNING; exit: -; error: -; workDir: /Users/skd6150/Documents/Research/CBI/iModulon_Ctherm/iModulonMiner/2_process_data/work/a5/6cbc1859241142065128b5776a2c7e]
Mar-25 09:52:52.795 [Task submitter] DEBUG n.processor.TaskPollingMonitor - %% executor local > tasks in the submission queue: 375 -- tasks to be submitted are shown below
~> TaskHandler[id: 3; name: download_fastq (1); status: NEW; exit: -; error: -; workDir: /Users/skd6150/Documents/Research/CBI/iModulon_Ctherm/iModulonMiner/2_process_data/work/0e/984b438d86ac0fe5033dfb848616e4]
~> TaskHandler[id: 7; name: download_fastq (5); status: NEW; exit: -; error: -; workDir: /Users/skd6150/Documents/Research/CBI/iModulon_Ctherm/iModulonMiner/2_process_data/work/b1/82449860fabcbfadc51f205f695748]
~> TaskHandler[id: 4; name: download_fastq (2); status: NEW; exit: -; error: -; workDir: /Users/skd6150/Documents/Research/CBI/iModulon_Ctherm/iModulonMiner/2_process_data/work/6b/d0434912b96fad09a5e1a0eb7ac6d7]
~> TaskHandler[id: 10; name: download_fastq (8); status: NEW; exit: -; error: -; workDir: /Users/skd6150/Documents/Research/CBI/iModulon_Ctherm/iModulonMiner/2_process_data/work/31/b57d4232b4abfe5c9e5fd350bcb39a]
~> TaskHandler[id: 8; name: download_fastq (6); status: NEW; exit: -; error: -; workDir: /Users/skd6150/Documents/Research/CBI/iModulon_Ctherm/iModulonMiner/2_process_data/work/5c/494f09d28d70b5198bd46ed35e24a8]
~> TaskHandler[id: 11; name: download_fastq (9); status: NEW; exit: -; error: -; workDir: /Users/skd6150/Documents/Research/CBI/iModulon_Ctherm/iModulonMiner/2_process_data/work/fa/fe728f1221e8b02c5e0306829a0714]
~> TaskHandler[id: 12; name: download_fastq (10); status: NEW; exit: -; error: -; workDir: /Users/skd6150/Documents/Research/CBI/iModulon_Ctherm/iModulonMiner/2_process_data/work/47/83fe764dcd368c4b817844d6f28314]
~> TaskHandler[id: 5; name: download_fastq (3); status: NEW; exit: -; error: -; workDir: /Users/skd6150/Documents/Research/CBI/iModulon_Ctherm/iModulonMiner/2_process_data/work/d0/bf9baa3d73909fc917da788f789bd5]
~> TaskHandler[id: 14; name: download_fastq (12); status: NEW; exit: -; error: -; workDir: /Users/skd6150/Documents/Research/CBI/iModulon_Ctherm/iModulonMiner/2_process_data/work/a6/ebdee7e421938b796f9108562e9dff]
~> TaskHandler[id: 15; name: download_fastq (13); status: NEW; exit: -; error: -; workDir: /Users/skd6150/Documents/Research/CBI/iModulon_Ctherm/iModulonMiner/2_process_data/work/2b/25a52bfa5c049174388b835e90a499]
.. remaining tasks omitted.
Mar-25 09:57:51.881 [Task monitor] DEBUG n.processor.TaskPollingMonitor - !! executor local > tasks to be completed: 1 -- submitted tasks are shown below
~> TaskHandler[id: 9; name: download_fastq (7); status: RUNNING; exit: -; error: -; workDir: /Users/skd6150/Documents/Research/CBI/iModulon_Ctherm/iModulonMiner/2_process_data/work/a5/6cbc1859241142065128b5776a2c7e]
Mar-25 09:57:53.121 [Task submitter] DEBUG n.processor.TaskPollingMonitor - %% executor local > tasks in the submission queue: 375 -- tasks to be submitted are shown below
~> TaskHandler[id: 3; name: download_fastq (1); status: NEW; exit: -; error: -; workDir: /Users/skd6150/Documents/Research/CBI/iModulon_Ctherm/iModulonMiner/2_process_data/work/0e/984b438d86ac0fe5033dfb848616e4]
~> TaskHandler[id: 7; name: download_fastq (5); status: NEW; exit: -; error: -; workDir: /Users/skd6150/Documents/Research/CBI/iModulon_Ctherm/iModulonMiner/2_process_data/work/b1/82449860fabcbfadc51f205f695748]
~> TaskHandler[id: 4; name: download_fastq (2); status: NEW; exit: -; error: -; workDir: /Users/skd6150/Documents/Research/CBI/iModulon_Ctherm/iModulonMiner/2_process_data/work/6b/d0434912b96fad09a5e1a0eb7ac6d7]
~> TaskHandler[id: 10; name: download_fastq (8); status: NEW; exit: -; error: -; workDir: /Users/skd6150/Documents/Research/CBI/iModulon_Ctherm/iModulonMiner/2_process_data/work/31/b57d4232b4abfe5c9e5fd350bcb39a]
~> TaskHandler[id: 8; name: download_fastq (6); status: NEW; exit: -; error: -; workDir: /Users/skd6150/Documents/Research/CBI/iModulon_Ctherm/iModulonMiner/2_process_data/work/5c/494f09d28d70b5198bd46ed35e24a8]
~> TaskHandler[id: 11; name: download_fastq (9); status: NEW; exit: -; error: -; workDir: /Users/skd6150/Documents/Research/CBI/iModulon_Ctherm/iModulonMiner/2_process_data/work/fa/fe728f1221e8b02c5e0306829a0714]
~> TaskHandler[id: 12; name: download_fastq (10); status: NEW; exit: -; error: -; workDir: /Users/skd6150/Documents/Research/CBI/iModulon_Ctherm/iModulonMiner/2_process_data/work/47/83fe764dcd368c4b817844d6f28314]
~> TaskHandler[id: 5; name: download_fastq (3); status: NEW; exit: -; error: -; workDir: /Users/skd6150/Documents/Research/CBI/iModulon_Ctherm/iModulonMiner/2_process_data/work/d0/bf9baa3d73909fc917da788f789bd5]
~> TaskHandler[id: 14; name: download_fastq (12); status: NEW; exit: -; error: -; workDir: /Users/skd6150/Documents/Research/CBI/iModulon_Ctherm/iModulonMiner/2_process_data/work/a6/ebdee7e421938b796f9108562e9dff]
~> TaskHandler[id: 15; name: download_fastq (13); status: NEW; exit: -; error: -; workDir: /Users/skd6150/Documents/Research/CBI/iModulon_Ctherm/iModulonMiner/2_process_data/work/2b/25a52bfa5c049174388b835e90a499]
.. remaining tasks omitted.
Mar-25 09:58:16.471 [Task monitor] DEBUG n.processor.TaskPollingMonitor - Task completed > TaskHandler[id: 9; name: download_fastq (7); status: COMPLETED; exit: 0; error: -; workDir: /Users/skd6150/Documents/Research/CBI/iModulon_Ctherm/iModulonMiner/2_process_data/work/a5/6cbc1859241142065128b5776a2c7e]
Mar-25 09:58:16.485 [Task submitter] DEBUG n.executor.local.LocalTaskHandler - Launch cmd line: /bin/bash -ue .command.run
Mar-25 09:58:16.485 [Task submitter] INFO  nextflow.Session - [0e/984b43] Submitted process > download_fastq (1)
Mar-25 10:02:51.898 [Task monitor] DEBUG n.processor.TaskPollingMonitor - !! executor local > tasks to be completed: 1 -- submitted tasks are shown below
~> TaskHandler[id: 3; name: download_fastq (1); status: RUNNING; exit: -; error: -; workDir: /Users/skd6150/Documents/Research/CBI/iModulon_Ctherm/iModulonMiner/2_process_data/work/0e/984b438d86ac0fe5033dfb848616e4]
Mar-25 10:02:53.613 [Task submitter] DEBUG n.processor.TaskPollingMonitor - %% executor local > tasks in the submission queue: 375 -- tasks to be submitted are shown below
~> TaskHandler[id: 7; name: download_fastq (5); status: NEW; exit: -; error: -; workDir: /Users/skd6150/Documents/Research/CBI/iModulon_Ctherm/iModulonMiner/2_process_data/work/b1/82449860fabcbfadc51f205f695748]
~> TaskHandler[id: 4; name: download_fastq (2); status: NEW; exit: -; error: -; workDir: /Users/skd6150/Documents/Research/CBI/iModulon_Ctherm/iModulonMiner/2_process_data/work/6b/d0434912b96fad09a5e1a0eb7ac6d7]
~> TaskHandler[id: 10; name: download_fastq (8); status: NEW; exit: -; error: -; workDir: /Users/skd6150/Documents/Research/CBI/iModulon_Ctherm/iModulonMiner/2_process_data/work/31/b57d4232b4abfe5c9e5fd350bcb39a]
~> TaskHandler[id: 8; name: download_fastq (6); status: NEW; exit: -; error: -; workDir: /Users/skd6150/Documents/Research/CBI/iModulon_Ctherm/iModulonMiner/2_process_data/work/5c/494f09d28d70b5198bd46ed35e24a8]
~> TaskHandler[id: 11; name: download_fastq (9); status: NEW; exit: -; error: -; workDir: /Users/skd6150/Documents/Research/CBI/iModulon_Ctherm/iModulonMiner/2_process_data/work/fa/fe728f1221e8b02c5e0306829a0714]
~> TaskHandler[id: 12; name: download_fastq (10); status: NEW; exit: -; error: -; workDir: /Users/skd6150/Documents/Research/CBI/iModulon_Ctherm/iModulonMiner/2_process_data/work/47/83fe764dcd368c4b817844d6f28314]
~> TaskHandler[id: 5; name: download_fastq (3); status: NEW; exit: -; error: -; workDir: /Users/skd6150/Documents/Research/CBI/iModulon_Ctherm/iModulonMiner/2_process_data/work/d0/bf9baa3d73909fc917da788f789bd5]
~> TaskHandler[id: 14; name: download_fastq (12); status: NEW; exit: -; error: -; workDir: /Users/skd6150/Documents/Research/CBI/iModulon_Ctherm/iModulonMiner/2_process_data/work/a6/ebdee7e421938b796f9108562e9dff]
~> TaskHandler[id: 15; name: download_fastq (13); status: NEW; exit: -; error: -; workDir: /Users/skd6150/Documents/Research/CBI/iModulon_Ctherm/iModulonMiner/2_process_data/work/2b/25a52bfa5c049174388b835e90a499]
~> TaskHandler[id: 13; name: download_fastq (11); status: NEW; exit: -; error: -; workDir: /Users/skd6150/Documents/Research/CBI/iModulon_Ctherm/iModulonMiner/2_process_data/work/13/7e04dcf59a196daebe8298154fd209]
.. remaining tasks omitted.
Mar-25 10:05:42.066 [Task monitor] DEBUG n.processor.TaskPollingMonitor - Task completed > TaskHandler[id: 3; name: download_fastq (1); status: COMPLETED; exit: 0; error: -; workDir: /Users/skd6150/Documents/Research/CBI/iModulon_Ctherm/iModulonMiner/2_process_data/work/0e/984b438d86ac0fe5033dfb848616e4]
Mar-25 10:05:42.078 [Task submitter] DEBUG n.executor.local.LocalTaskHandler - Launch cmd line: /bin/bash -ue .command.run
Mar-25 10:05:42.079 [Task submitter] INFO  nextflow.Session - [b1/824498] Submitted process > download_fastq (5)
Mar-25 10:07:51.919 [Task monitor] DEBUG n.processor.TaskPollingMonitor - !! executor local > tasks to be completed: 1 -- submitted tasks are shown below
~> TaskHandler[id: 7; name: download_fastq (5); status: RUNNING; exit: -; error: -; workDir: /Users/skd6150/Documents/Research/CBI/iModulon_Ctherm/iModulonMiner/2_process_data/work/b1/82449860fabcbfadc51f205f695748]
Mar-25 10:07:54.137 [Task submitter] DEBUG n.processor.TaskPollingMonitor - %% executor local > tasks in the submission queue: 375 -- tasks to be submitted are shown below
~> TaskHandler[id: 4; name: download_fastq (2); status: NEW; exit: -; error: -; workDir: /Users/skd6150/Documents/Research/CBI/iModulon_Ctherm/iModulonMiner/2_process_data/work/6b/d0434912b96fad09a5e1a0eb7ac6d7]
~> TaskHandler[id: 10; name: download_fastq (8); status: NEW; exit: -; error: -; workDir: /Users/skd6150/Documents/Research/CBI/iModulon_Ctherm/iModulonMiner/2_process_data/work/31/b57d4232b4abfe5c9e5fd350bcb39a]
~> TaskHandler[id: 8; name: download_fastq (6); status: NEW; exit: -; error: -; workDir: /Users/skd6150/Documents/Research/CBI/iModulon_Ctherm/iModulonMiner/2_process_data/work/5c/494f09d28d70b5198bd46ed35e24a8]
~> TaskHandler[id: 11; name: download_fastq (9); status: NEW; exit: -; error: -; workDir: /Users/skd6150/Documents/Research/CBI/iModulon_Ctherm/iModulonMiner/2_process_data/work/fa/fe728f1221e8b02c5e0306829a0714]
~> TaskHandler[id: 12; name: download_fastq (10); status: NEW; exit: -; error: -; workDir: /Users/skd6150/Documents/Research/CBI/iModulon_Ctherm/iModulonMiner/2_process_data/work/47/83fe764dcd368c4b817844d6f28314]
~> TaskHandler[id: 5; name: download_fastq (3); status: NEW; exit: -; error: -; workDir: /Users/skd6150/Documents/Research/CBI/iModulon_Ctherm/iModulonMiner/2_process_data/work/d0/bf9baa3d73909fc917da788f789bd5]
~> TaskHandler[id: 14; name: download_fastq (12); status: NEW; exit: -; error: -; workDir: /Users/skd6150/Documents/Research/CBI/iModulon_Ctherm/iModulonMiner/2_process_data/work/a6/ebdee7e421938b796f9108562e9dff]
~> TaskHandler[id: 15; name: download_fastq (13); status: NEW; exit: -; error: -; workDir: /Users/skd6150/Documents/Research/CBI/iModulon_Ctherm/iModulonMiner/2_process_data/work/2b/25a52bfa5c049174388b835e90a499]
~> TaskHandler[id: 13; name: download_fastq (11); status: NEW; exit: -; error: -; workDir: /Users/skd6150/Documents/Research/CBI/iModulon_Ctherm/iModulonMiner/2_process_data/work/13/7e04dcf59a196daebe8298154fd209]
~> TaskHandler[id: 18; name: download_fastq (16); status: NEW; exit: -; error: -; workDir: /Users/skd6150/Documents/Research/CBI/iModulon_Ctherm/iModulonMiner/2_process_data/work/b3/357c0eda5d94ac617a23fd9a3d8159]
.. remaining tasks omitted.
Mar-25 10:12:50.679 [Task monitor] DEBUG n.processor.TaskPollingMonitor - Task completed > TaskHandler[id: 7; name: download_fastq (5); status: COMPLETED; exit: 0; error: -; workDir: /Users/skd6150/Documents/Research/CBI/iModulon_Ctherm/iModulonMiner/2_process_data/work/b1/82449860fabcbfadc51f205f695748]
Mar-25 10:12:50.686 [Task submitter] DEBUG n.executor.local.LocalTaskHandler - Launch cmd line: /bin/bash -ue .command.run
Mar-25 10:12:50.687 [Task submitter] INFO  nextflow.Session - [6b/d04349] Submitted process > download_fastq (2)
Mar-25 10:12:51.927 [Task monitor] DEBUG n.processor.TaskPollingMonitor - !! executor local > tasks to be completed: 1 -- submitted tasks are shown below
~> TaskHandler[id: 4; name: download_fastq (2); status: RUNNING; exit: -; error: -; workDir: /Users/skd6150/Documents/Research/CBI/iModulon_Ctherm/iModulonMiner/2_process_data/work/6b/d0434912b96fad09a5e1a0eb7ac6d7]
Mar-25 10:12:54.730 [Task submitter] DEBUG n.processor.TaskPollingMonitor - %% executor local > tasks in the submission queue: 375 -- tasks to be submitted are shown below
~> TaskHandler[id: 10; name: download_fastq (8); status: NEW; exit: -; error: -; workDir: /Users/skd6150/Documents/Research/CBI/iModulon_Ctherm/iModulonMiner/2_process_data/work/31/b57d4232b4abfe5c9e5fd350bcb39a]
~> TaskHandler[id: 8; name: download_fastq (6); status: NEW; exit: -; error: -; workDir: /Users/skd6150/Documents/Research/CBI/iModulon_Ctherm/iModulonMiner/2_process_data/work/5c/494f09d28d70b5198bd46ed35e24a8]
~> TaskHandler[id: 11; name: download_fastq (9); status: NEW; exit: -; error: -; workDir: /Users/skd6150/Documents/Research/CBI/iModulon_Ctherm/iModulonMiner/2_process_data/work/fa/fe728f1221e8b02c5e0306829a0714]
~> TaskHandler[id: 12; name: download_fastq (10); status: NEW; exit: -; error: -; workDir: /Users/skd6150/Documents/Research/CBI/iModulon_Ctherm/iModulonMiner/2_process_data/work/47/83fe764dcd368c4b817844d6f28314]
~> TaskHandler[id: 5; name: download_fastq (3); status: NEW; exit: -; error: -; workDir: /Users/skd6150/Documents/Research/CBI/iModulon_Ctherm/iModulonMiner/2_process_data/work/d0/bf9baa3d73909fc917da788f789bd5]
~> TaskHandler[id: 14; name: download_fastq (12); status: NEW; exit: -; error: -; workDir: /Users/skd6150/Documents/Research/CBI/iModulon_Ctherm/iModulonMiner/2_process_data/work/a6/ebdee7e421938b796f9108562e9dff]
~> TaskHandler[id: 15; name: download_fastq (13); status: NEW; exit: -; error: -; workDir: /Users/skd6150/Documents/Research/CBI/iModulon_Ctherm/iModulonMiner/2_process_data/work/2b/25a52bfa5c049174388b835e90a499]
~> TaskHandler[id: 13; name: download_fastq (11); status: NEW; exit: -; error: -; workDir: /Users/skd6150/Documents/Research/CBI/iModulon_Ctherm/iModulonMiner/2_process_data/work/13/7e04dcf59a196daebe8298154fd209]
~> TaskHandler[id: 18; name: download_fastq (16); status: NEW; exit: -; error: -; workDir: /Users/skd6150/Documents/Research/CBI/iModulon_Ctherm/iModulonMiner/2_process_data/work/b3/357c0eda5d94ac617a23fd9a3d8159]
~> TaskHandler[id: 20; name: download_fastq (18); status: NEW; exit: -; error: -; workDir: /Users/skd6150/Documents/Research/CBI/iModulon_Ctherm/iModulonMiner/2_process_data/work/9e/215cb7fd278f5f28047f0c796e54b5]
.. remaining tasks omitted.
Mar-25 10:17:51.939 [Task monitor] DEBUG n.processor.TaskPollingMonitor - !! executor local > tasks to be completed: 1 -- submitted tasks are shown below
~> TaskHandler[id: 4; name: download_fastq (2); status: RUNNING; exit: -; error: -; workDir: /Users/skd6150/Documents/Research/CBI/iModulon_Ctherm/iModulonMiner/2_process_data/work/6b/d0434912b96fad09a5e1a0eb7ac6d7]
Mar-25 10:17:55.041 [Task submitter] DEBUG n.processor.TaskPollingMonitor - %% executor local > tasks in the submission queue: 375 -- tasks to be submitted are shown below
~> TaskHandler[id: 10; name: download_fastq (8); status: NEW; exit: -; error: -; workDir: /Users/skd6150/Documents/Research/CBI/iModulon_Ctherm/iModulonMiner/2_process_data/work/31/b57d4232b4abfe5c9e5fd350bcb39a]
~> TaskHandler[id: 8; name: download_fastq (6); status: NEW; exit: -; error: -; workDir: /Users/skd6150/Documents/Research/CBI/iModulon_Ctherm/iModulonMiner/2_process_data/work/5c/494f09d28d70b5198bd46ed35e24a8]
~> TaskHandler[id: 11; name: download_fastq (9); status: NEW; exit: -; error: -; workDir: /Users/skd6150/Documents/Research/CBI/iModulon_Ctherm/iModulonMiner/2_process_data/work/fa/fe728f1221e8b02c5e0306829a0714]
~> TaskHandler[id: 12; name: download_fastq (10); status: NEW; exit: -; error: -; workDir: /Users/skd6150/Documents/Research/CBI/iModulon_Ctherm/iModulonMiner/2_process_data/work/47/83fe764dcd368c4b817844d6f28314]
~> TaskHandler[id: 5; name: download_fastq (3); status: NEW; exit: -; error: -; workDir: /Users/skd6150/Documents/Research/CBI/iModulon_Ctherm/iModulonMiner/2_process_data/work/d0/bf9baa3d73909fc917da788f789bd5]
~> TaskHandler[id: 14; name: download_fastq (12); status: NEW; exit: -; error: -; workDir: /Users/skd6150/Documents/Research/CBI/iModulon_Ctherm/iModulonMiner/2_process_data/work/a6/ebdee7e421938b796f9108562e9dff]
~> TaskHandler[id: 15; name: download_fastq (13); status: NEW; exit: -; error: -; workDir: /Users/skd6150/Documents/Research/CBI/iModulon_Ctherm/iModulonMiner/2_process_data/work/2b/25a52bfa5c049174388b835e90a499]
~> TaskHandler[id: 13; name: download_fastq (11); status: NEW; exit: -; error: -; workDir: /Users/skd6150/Documents/Research/CBI/iModulon_Ctherm/iModulonMiner/2_process_data/work/13/7e04dcf59a196daebe8298154fd209]
~> TaskHandler[id: 18; name: download_fastq (16); status: NEW; exit: -; error: -; workDir: /Users/skd6150/Documents/Research/CBI/iModulon_Ctherm/iModulonMiner/2_process_data/work/b3/357c0eda5d94ac617a23fd9a3d8159]
~> TaskHandler[id: 20; name: download_fastq (18); status: NEW; exit: -; error: -; workDir: /Users/skd6150/Documents/Research/CBI/iModulon_Ctherm/iModulonMiner/2_process_data/work/9e/215cb7fd278f5f28047f0c796e54b5]
.. remaining tasks omitted.
Mar-25 10:21:41.388 [Task monitor] DEBUG n.processor.TaskPollingMonitor - Task completed > TaskHandler[id: 4; name: download_fastq (2); status: COMPLETED; exit: 0; error: -; workDir: /Users/skd6150/Documents/Research/CBI/iModulon_Ctherm/iModulonMiner/2_process_data/work/6b/d0434912b96fad09a5e1a0eb7ac6d7]
Mar-25 10:21:41.398 [Task submitter] DEBUG n.executor.local.LocalTaskHandler - Launch cmd line: /bin/bash -ue .command.run
Mar-25 10:21:41.399 [Task submitter] INFO  nextflow.Session - [31/b57d42] Submitted process > download_fastq (8)
Mar-25 10:22:51.944 [Task monitor] DEBUG n.processor.TaskPollingMonitor - !! executor local > tasks to be completed: 1 -- submitted tasks are shown below
~> TaskHandler[id: 10; name: download_fastq (8); status: RUNNING; exit: -; error: -; workDir: /Users/skd6150/Documents/Research/CBI/iModulon_Ctherm/iModulonMiner/2_process_data/work/31/b57d4232b4abfe5c9e5fd350bcb39a]
Mar-25 10:22:55.927 [Task submitter] DEBUG n.processor.TaskPollingMonitor - %% executor local > tasks in the submission queue: 375 -- tasks to be submitted are shown below
~> TaskHandler[id: 8; name: download_fastq (6); status: NEW; exit: -; error: -; workDir: /Users/skd6150/Documents/Research/CBI/iModulon_Ctherm/iModulonMiner/2_process_data/work/5c/494f09d28d70b5198bd46ed35e24a8]
~> TaskHandler[id: 11; name: download_fastq (9); status: NEW; exit: -; error: -; workDir: /Users/skd6150/Documents/Research/CBI/iModulon_Ctherm/iModulonMiner/2_process_data/work/fa/fe728f1221e8b02c5e0306829a0714]
~> TaskHandler[id: 12; name: download_fastq (10); status: NEW; exit: -; error: -; workDir: /Users/skd6150/Documents/Research/CBI/iModulon_Ctherm/iModulonMiner/2_process_data/work/47/83fe764dcd368c4b817844d6f28314]
~> TaskHandler[id: 5; name: download_fastq (3); status: NEW; exit: -; error: -; workDir: /Users/skd6150/Documents/Research/CBI/iModulon_Ctherm/iModulonMiner/2_process_data/work/d0/bf9baa3d73909fc917da788f789bd5]
~> TaskHandler[id: 14; name: download_fastq (12); status: NEW; exit: -; error: -; workDir: /Users/skd6150/Documents/Research/CBI/iModulon_Ctherm/iModulonMiner/2_process_data/work/a6/ebdee7e421938b796f9108562e9dff]
~> TaskHandler[id: 15; name: download_fastq (13); status: NEW; exit: -; error: -; workDir: /Users/skd6150/Documents/Research/CBI/iModulon_Ctherm/iModulonMiner/2_process_data/work/2b/25a52bfa5c049174388b835e90a499]
~> TaskHandler[id: 13; name: download_fastq (11); status: NEW; exit: -; error: -; workDir: /Users/skd6150/Documents/Research/CBI/iModulon_Ctherm/iModulonMiner/2_process_data/work/13/7e04dcf59a196daebe8298154fd209]
~> TaskHandler[id: 18; name: download_fastq (16); status: NEW; exit: -; error: -; workDir: /Users/skd6150/Documents/Research/CBI/iModulon_Ctherm/iModulonMiner/2_process_data/work/b3/357c0eda5d94ac617a23fd9a3d8159]
~> TaskHandler[id: 20; name: download_fastq (18); status: NEW; exit: -; error: -; workDir: /Users/skd6150/Documents/Research/CBI/iModulon_Ctherm/iModulonMiner/2_process_data/work/9e/215cb7fd278f5f28047f0c796e54b5]
~> TaskHandler[id: 16; name: download_fastq (14); status: NEW; exit: -; error: -; workDir: /Users/skd6150/Documents/Research/CBI/iModulon_Ctherm/iModulonMiner/2_process_data/work/39/d94a43e32f49f1146e7ad45b2c47e3]
.. remaining tasks omitted.
Mar-25 10:27:21.902 [Task monitor] DEBUG n.processor.TaskPollingMonitor - Task completed > TaskHandler[id: 10; name: download_fastq (8); status: COMPLETED; exit: 0; error: -; workDir: /Users/skd6150/Documents/Research/CBI/iModulon_Ctherm/iModulonMiner/2_process_data/work/31/b57d4232b4abfe5c9e5fd350bcb39a]
Mar-25 10:27:21.911 [Task submitter] DEBUG n.executor.local.LocalTaskHandler - Launch cmd line: /bin/bash -ue .command.run
Mar-25 10:27:21.912 [Task submitter] INFO  nextflow.Session - [5c/494f09] Submitted process > download_fastq (6)
Mar-25 10:27:51.955 [Task monitor] DEBUG n.processor.TaskPollingMonitor - !! executor local > tasks to be completed: 1 -- submitted tasks are shown below
~> TaskHandler[id: 8; name: download_fastq (6); status: RUNNING; exit: -; error: -; workDir: /Users/skd6150/Documents/Research/CBI/iModulon_Ctherm/iModulonMiner/2_process_data/work/5c/494f09d28d70b5198bd46ed35e24a8]
Mar-25 10:27:56.159 [Task submitter] DEBUG n.processor.TaskPollingMonitor - %% executor local > tasks in the submission queue: 375 -- tasks to be submitted are shown below
~> TaskHandler[id: 11; name: download_fastq (9); status: NEW; exit: -; error: -; workDir: /Users/skd6150/Documents/Research/CBI/iModulon_Ctherm/iModulonMiner/2_process_data/work/fa/fe728f1221e8b02c5e0306829a0714]
~> TaskHandler[id: 12; name: download_fastq (10); status: NEW; exit: -; error: -; workDir: /Users/skd6150/Documents/Research/CBI/iModulon_Ctherm/iModulonMiner/2_process_data/work/47/83fe764dcd368c4b817844d6f28314]
~> TaskHandler[id: 5; name: download_fastq (3); status: NEW; exit: -; error: -; workDir: /Users/skd6150/Documents/Research/CBI/iModulon_Ctherm/iModulonMiner/2_process_data/work/d0/bf9baa3d73909fc917da788f789bd5]
~> TaskHandler[id: 14; name: download_fastq (12); status: NEW; exit: -; error: -; workDir: /Users/skd6150/Documents/Research/CBI/iModulon_Ctherm/iModulonMiner/2_process_data/work/a6/ebdee7e421938b796f9108562e9dff]
~> TaskHandler[id: 15; name: download_fastq (13); status: NEW; exit: -; error: -; workDir: /Users/skd6150/Documents/Research/CBI/iModulon_Ctherm/iModulonMiner/2_process_data/work/2b/25a52bfa5c049174388b835e90a499]
~> TaskHandler[id: 13; name: download_fastq (11); status: NEW; exit: -; error: -; workDir: /Users/skd6150/Documents/Research/CBI/iModulon_Ctherm/iModulonMiner/2_process_data/work/13/7e04dcf59a196daebe8298154fd209]
~> TaskHandler[id: 18; name: download_fastq (16); status: NEW; exit: -; error: -; workDir: /Users/skd6150/Documents/Research/CBI/iModulon_Ctherm/iModulonMiner/2_process_data/work/b3/357c0eda5d94ac617a23fd9a3d8159]
~> TaskHandler[id: 20; name: download_fastq (18); status: NEW; exit: -; error: -; workDir: /Users/skd6150/Documents/Research/CBI/iModulon_Ctherm/iModulonMiner/2_process_data/work/9e/215cb7fd278f5f28047f0c796e54b5]
~> TaskHandler[id: 16; name: download_fastq (14); status: NEW; exit: -; error: -; workDir: /Users/skd6150/Documents/Research/CBI/iModulon_Ctherm/iModulonMiner/2_process_data/work/39/d94a43e32f49f1146e7ad45b2c47e3]
~> TaskHandler[id: 21; name: download_fastq (19); status: NEW; exit: -; error: -; workDir: /Users/skd6150/Documents/Research/CBI/iModulon_Ctherm/iModulonMiner/2_process_data/work/fc/83dae943c9cf19abdef8c8bc191c7d]
.. remaining tasks omitted.
Mar-25 10:30:58.105 [Task monitor] DEBUG n.processor.TaskPollingMonitor - Task completed > TaskHandler[id: 8; name: download_fastq (6); status: COMPLETED; exit: 0; error: -; workDir: /Users/skd6150/Documents/Research/CBI/iModulon_Ctherm/iModulonMiner/2_process_data/work/5c/494f09d28d70b5198bd46ed35e24a8]
Mar-25 10:30:58.113 [Task submitter] DEBUG n.executor.local.LocalTaskHandler - Launch cmd line: /bin/bash -ue .command.run
Mar-25 10:30:58.113 [Task submitter] INFO  nextflow.Session - [fa/fe728f] Submitted process > download_fastq (9)
Mar-25 10:32:51.956 [Task monitor] DEBUG n.processor.TaskPollingMonitor - !! executor local > tasks to be completed: 1 -- submitted tasks are shown below
~> TaskHandler[id: 11; name: download_fastq (9); status: RUNNING; exit: -; error: -; workDir: /Users/skd6150/Documents/Research/CBI/iModulon_Ctherm/iModulonMiner/2_process_data/work/fa/fe728f1221e8b02c5e0306829a0714]
Mar-25 10:32:57.033 [Task submitter] DEBUG n.processor.TaskPollingMonitor - %% executor local > tasks in the submission queue: 375 -- tasks to be submitted are shown below
~> TaskHandler[id: 12; name: download_fastq (10); status: NEW; exit: -; error: -; workDir: /Users/skd6150/Documents/Research/CBI/iModulon_Ctherm/iModulonMiner/2_process_data/work/47/83fe764dcd368c4b817844d6f28314]
~> TaskHandler[id: 5; name: download_fastq (3); status: NEW; exit: -; error: -; workDir: /Users/skd6150/Documents/Research/CBI/iModulon_Ctherm/iModulonMiner/2_process_data/work/d0/bf9baa3d73909fc917da788f789bd5]
~> TaskHandler[id: 14; name: download_fastq (12); status: NEW; exit: -; error: -; workDir: /Users/skd6150/Documents/Research/CBI/iModulon_Ctherm/iModulonMiner/2_process_data/work/a6/ebdee7e421938b796f9108562e9dff]
~> TaskHandler[id: 15; name: download_fastq (13); status: NEW; exit: -; error: -; workDir: /Users/skd6150/Documents/Research/CBI/iModulon_Ctherm/iModulonMiner/2_process_data/work/2b/25a52bfa5c049174388b835e90a499]
~> TaskHandler[id: 13; name: download_fastq (11); status: NEW; exit: -; error: -; workDir: /Users/skd6150/Documents/Research/CBI/iModulon_Ctherm/iModulonMiner/2_process_data/work/13/7e04dcf59a196daebe8298154fd209]
~> TaskHandler[id: 18; name: download_fastq (16); status: NEW; exit: -; error: -; workDir: /Users/skd6150/Documents/Research/CBI/iModulon_Ctherm/iModulonMiner/2_process_data/work/b3/357c0eda5d94ac617a23fd9a3d8159]
~> TaskHandler[id: 20; name: download_fastq (18); status: NEW; exit: -; error: -; workDir: /Users/skd6150/Documents/Research/CBI/iModulon_Ctherm/iModulonMiner/2_process_data/work/9e/215cb7fd278f5f28047f0c796e54b5]
~> TaskHandler[id: 16; name: download_fastq (14); status: NEW; exit: -; error: -; workDir: /Users/skd6150/Documents/Research/CBI/iModulon_Ctherm/iModulonMiner/2_process_data/work/39/d94a43e32f49f1146e7ad45b2c47e3]
~> TaskHandler[id: 21; name: download_fastq (19); status: NEW; exit: -; error: -; workDir: /Users/skd6150/Documents/Research/CBI/iModulon_Ctherm/iModulonMiner/2_process_data/work/fc/83dae943c9cf19abdef8c8bc191c7d]
~> TaskHandler[id: 19; name: download_fastq (17); status: NEW; exit: -; error: -; workDir: /Users/skd6150/Documents/Research/CBI/iModulon_Ctherm/iModulonMiner/2_process_data/work/e8/968796e2ce4cdb24603dcecf19c7aa]
.. remaining tasks omitted.
Mar-25 10:35:58.939 [Task monitor] DEBUG n.processor.TaskPollingMonitor - Task completed > TaskHandler[id: 11; name: download_fastq (9); status: COMPLETED; exit: 0; error: -; workDir: /Users/skd6150/Documents/Research/CBI/iModulon_Ctherm/iModulonMiner/2_process_data/work/fa/fe728f1221e8b02c5e0306829a0714]
Mar-25 10:35:58.946 [Task submitter] DEBUG n.executor.local.LocalTaskHandler - Launch cmd line: /bin/bash -ue .command.run
Mar-25 10:35:58.946 [Task submitter] INFO  nextflow.Session - [47/83fe76] Submitted process > download_fastq (10)
Mar-25 10:37:51.977 [Task monitor] DEBUG n.processor.TaskPollingMonitor - !! executor local > tasks to be completed: 1 -- submitted tasks are shown below
~> TaskHandler[id: 12; name: download_fastq (10); status: RUNNING; exit: -; error: -; workDir: /Users/skd6150/Documents/Research/CBI/iModulon_Ctherm/iModulonMiner/2_process_data/work/47/83fe764dcd368c4b817844d6f28314]
Mar-25 10:37:57.823 [Task submitter] DEBUG n.processor.TaskPollingMonitor - %% executor local > tasks in the submission queue: 375 -- tasks to be submitted are shown below
~> TaskHandler[id: 5; name: download_fastq (3); status: NEW; exit: -; error: -; workDir: /Users/skd6150/Documents/Research/CBI/iModulon_Ctherm/iModulonMiner/2_process_data/work/d0/bf9baa3d73909fc917da788f789bd5]
~> TaskHandler[id: 14; name: download_fastq (12); status: NEW; exit: -; error: -; workDir: /Users/skd6150/Documents/Research/CBI/iModulon_Ctherm/iModulonMiner/2_process_data/work/a6/ebdee7e421938b796f9108562e9dff]
~> TaskHandler[id: 15; name: download_fastq (13); status: NEW; exit: -; error: -; workDir: /Users/skd6150/Documents/Research/CBI/iModulon_Ctherm/iModulonMiner/2_process_data/work/2b/25a52bfa5c049174388b835e90a499]
~> TaskHandler[id: 13; name: download_fastq (11); status: NEW; exit: -; error: -; workDir: /Users/skd6150/Documents/Research/CBI/iModulon_Ctherm/iModulonMiner/2_process_data/work/13/7e04dcf59a196daebe8298154fd209]
~> TaskHandler[id: 18; name: download_fastq (16); status: NEW; exit: -; error: -; workDir: /Users/skd6150/Documents/Research/CBI/iModulon_Ctherm/iModulonMiner/2_process_data/work/b3/357c0eda5d94ac617a23fd9a3d8159]
~> TaskHandler[id: 20; name: download_fastq (18); status: NEW; exit: -; error: -; workDir: /Users/skd6150/Documents/Research/CBI/iModulon_Ctherm/iModulonMiner/2_process_data/work/9e/215cb7fd278f5f28047f0c796e54b5]
~> TaskHandler[id: 16; name: download_fastq (14); status: NEW; exit: -; error: -; workDir: /Users/skd6150/Documents/Research/CBI/iModulon_Ctherm/iModulonMiner/2_process_data/work/39/d94a43e32f49f1146e7ad45b2c47e3]
~> TaskHandler[id: 21; name: download_fastq (19); status: NEW; exit: -; error: -; workDir: /Users/skd6150/Documents/Research/CBI/iModulon_Ctherm/iModulonMiner/2_process_data/work/fc/83dae943c9cf19abdef8c8bc191c7d]
~> TaskHandler[id: 19; name: download_fastq (17); status: NEW; exit: -; error: -; workDir: /Users/skd6150/Documents/Research/CBI/iModulon_Ctherm/iModulonMiner/2_process_data/work/e8/968796e2ce4cdb24603dcecf19c7aa]
~> TaskHandler[id: 17; name: download_fastq (15); status: NEW; exit: -; error: -; workDir: /Users/skd6150/Documents/Research/CBI/iModulon_Ctherm/iModulonMiner/2_process_data/work/b9/91a0081602f99b9fbfea82d41b673e]
.. remaining tasks omitted.
Mar-25 10:42:52.030 [Task monitor] DEBUG n.processor.TaskPollingMonitor - !! executor local > tasks to be completed: 1 -- submitted tasks are shown below
~> TaskHandler[id: 12; name: download_fastq (10); status: RUNNING; exit: -; error: -; workDir: /Users/skd6150/Documents/Research/CBI/iModulon_Ctherm/iModulonMiner/2_process_data/work/47/83fe764dcd368c4b817844d6f28314]
Mar-25 10:42:58.183 [Task submitter] DEBUG n.processor.TaskPollingMonitor - %% executor local > tasks in the submission queue: 375 -- tasks to be submitted are shown below
~> TaskHandler[id: 5; name: download_fastq (3); status: NEW; exit: -; error: -; workDir: /Users/skd6150/Documents/Research/CBI/iModulon_Ctherm/iModulonMiner/2_process_data/work/d0/bf9baa3d73909fc917da788f789bd5]
~> TaskHandler[id: 14; name: download_fastq (12); status: NEW; exit: -; error: -; workDir: /Users/skd6150/Documents/Research/CBI/iModulon_Ctherm/iModulonMiner/2_process_data/work/a6/ebdee7e421938b796f9108562e9dff]
~> TaskHandler[id: 15; name: download_fastq (13); status: NEW; exit: -; error: -; workDir: /Users/skd6150/Documents/Research/CBI/iModulon_Ctherm/iModulonMiner/2_process_data/work/2b/25a52bfa5c049174388b835e90a499]
~> TaskHandler[id: 13; name: download_fastq (11); status: NEW; exit: -; error: -; workDir: /Users/skd6150/Documents/Research/CBI/iModulon_Ctherm/iModulonMiner/2_process_data/work/13/7e04dcf59a196daebe8298154fd209]
~> TaskHandler[id: 18; name: download_fastq (16); status: NEW; exit: -; error: -; workDir: /Users/skd6150/Documents/Research/CBI/iModulon_Ctherm/iModulonMiner/2_process_data/work/b3/357c0eda5d94ac617a23fd9a3d8159]
~> TaskHandler[id: 20; name: download_fastq (18); status: NEW; exit: -; error: -; workDir: /Users/skd6150/Documents/Research/CBI/iModulon_Ctherm/iModulonMiner/2_process_data/work/9e/215cb7fd278f5f28047f0c796e54b5]
~> TaskHandler[id: 16; name: download_fastq (14); status: NEW; exit: -; error: -; workDir: /Users/skd6150/Documents/Research/CBI/iModulon_Ctherm/iModulonMiner/2_process_data/work/39/d94a43e32f49f1146e7ad45b2c47e3]
~> TaskHandler[id: 21; name: download_fastq (19); status: NEW; exit: -; error: -; workDir: /Users/skd6150/Documents/Research/CBI/iModulon_Ctherm/iModulonMiner/2_process_data/work/fc/83dae943c9cf19abdef8c8bc191c7d]
~> TaskHandler[id: 19; name: download_fastq (17); status: NEW; exit: -; error: -; workDir: /Users/skd6150/Documents/Research/CBI/iModulon_Ctherm/iModulonMiner/2_process_data/work/e8/968796e2ce4cdb24603dcecf19c7aa]
~> TaskHandler[id: 17; name: download_fastq (15); status: NEW; exit: -; error: -; workDir: /Users/skd6150/Documents/Research/CBI/iModulon_Ctherm/iModulonMiner/2_process_data/work/b9/91a0081602f99b9fbfea82d41b673e]
.. remaining tasks omitted.
Mar-25 10:43:06.802 [Task monitor] DEBUG n.processor.TaskPollingMonitor - Task completed > TaskHandler[id: 12; name: download_fastq (10); status: COMPLETED; exit: 0; error: -; workDir: /Users/skd6150/Documents/Research/CBI/iModulon_Ctherm/iModulonMiner/2_process_data/work/47/83fe764dcd368c4b817844d6f28314]
Mar-25 10:43:06.814 [Task submitter] DEBUG n.executor.local.LocalTaskHandler - Launch cmd line: /bin/bash -ue .command.run
Mar-25 10:43:06.814 [Task submitter] INFO  nextflow.Session - [d0/bf9baa] Submitted process > download_fastq (3)
Mar-25 10:47:50.862 [Task monitor] DEBUG n.processor.TaskPollingMonitor - Task completed > TaskHandler[id: 5; name: download_fastq (3); status: COMPLETED; exit: 0; error: -; workDir: /Users/skd6150/Documents/Research/CBI/iModulon_Ctherm/iModulonMiner/2_process_data/work/d0/bf9baa3d73909fc917da788f789bd5]
Mar-25 10:47:50.869 [Task submitter] DEBUG n.executor.local.LocalTaskHandler - Launch cmd line: /bin/bash -ue .command.run
Mar-25 10:47:50.869 [Task submitter] INFO  nextflow.Session - [a6/ebdee7] Submitted process > download_fastq (12)
Mar-25 10:47:52.030 [Task monitor] DEBUG n.processor.TaskPollingMonitor - !! executor local > tasks to be completed: 1 -- submitted tasks are shown below
~> TaskHandler[id: 14; name: download_fastq (12); status: RUNNING; exit: -; error: -; workDir: /Users/skd6150/Documents/Research/CBI/iModulon_Ctherm/iModulonMiner/2_process_data/work/a6/ebdee7e421938b796f9108562e9dff]
Mar-25 10:47:58.937 [Task submitter] DEBUG n.processor.TaskPollingMonitor - %% executor local > tasks in the submission queue: 375 -- tasks to be submitted are shown below
~> TaskHandler[id: 15; name: download_fastq (13); status: NEW; exit: -; error: -; workDir: /Users/skd6150/Documents/Research/CBI/iModulon_Ctherm/iModulonMiner/2_process_data/work/2b/25a52bfa5c049174388b835e90a499]
~> TaskHandler[id: 13; name: download_fastq (11); status: NEW; exit: -; error: -; workDir: /Users/skd6150/Documents/Research/CBI/iModulon_Ctherm/iModulonMiner/2_process_data/work/13/7e04dcf59a196daebe8298154fd209]
~> TaskHandler[id: 18; name: download_fastq (16); status: NEW; exit: -; error: -; workDir: /Users/skd6150/Documents/Research/CBI/iModulon_Ctherm/iModulonMiner/2_process_data/work/b3/357c0eda5d94ac617a23fd9a3d8159]
~> TaskHandler[id: 20; name: download_fastq (18); status: NEW; exit: -; error: -; workDir: /Users/skd6150/Documents/Research/CBI/iModulon_Ctherm/iModulonMiner/2_process_data/work/9e/215cb7fd278f5f28047f0c796e54b5]
~> TaskHandler[id: 16; name: download_fastq (14); status: NEW; exit: -; error: -; workDir: /Users/skd6150/Documents/Research/CBI/iModulon_Ctherm/iModulonMiner/2_process_data/work/39/d94a43e32f49f1146e7ad45b2c47e3]
~> TaskHandler[id: 21; name: download_fastq (19); status: NEW; exit: -; error: -; workDir: /Users/skd6150/Documents/Research/CBI/iModulon_Ctherm/iModulonMiner/2_process_data/work/fc/83dae943c9cf19abdef8c8bc191c7d]
~> TaskHandler[id: 19; name: download_fastq (17); status: NEW; exit: -; error: -; workDir: /Users/skd6150/Documents/Research/CBI/iModulon_Ctherm/iModulonMiner/2_process_data/work/e8/968796e2ce4cdb24603dcecf19c7aa]
~> TaskHandler[id: 17; name: download_fastq (15); status: NEW; exit: -; error: -; workDir: /Users/skd6150/Documents/Research/CBI/iModulon_Ctherm/iModulonMiner/2_process_data/work/b9/91a0081602f99b9fbfea82d41b673e]
~> TaskHandler[id: 22; name: download_fastq (20); status: NEW; exit: -; error: -; workDir: /Users/skd6150/Documents/Research/CBI/iModulon_Ctherm/iModulonMiner/2_process_data/work/97/278e4085e8b7f8343d5656cb6c2d1e]
~> TaskHandler[id: 24; name: download_fastq (22); status: NEW; exit: -; error: -; workDir: /Users/skd6150/Documents/Research/CBI/iModulon_Ctherm/iModulonMiner/2_process_data/work/7d/b3077dce2f8c48a0fd35988f3eddf7]
.. remaining tasks omitted.
Mar-25 10:52:52.064 [Task monitor] DEBUG n.processor.TaskPollingMonitor - !! executor local > tasks to be completed: 1 -- submitted tasks are shown below
~> TaskHandler[id: 14; name: download_fastq (12); status: RUNNING; exit: -; error: -; workDir: /Users/skd6150/Documents/Research/CBI/iModulon_Ctherm/iModulonMiner/2_process_data/work/a6/ebdee7e421938b796f9108562e9dff]
Mar-25 10:52:59.317 [Task submitter] DEBUG n.processor.TaskPollingMonitor - %% executor local > tasks in the submission queue: 375 -- tasks to be submitted are shown below
~> TaskHandler[id: 15; name: download_fastq (13); status: NEW; exit: -; error: -; workDir: /Users/skd6150/Documents/Research/CBI/iModulon_Ctherm/iModulonMiner/2_process_data/work/2b/25a52bfa5c049174388b835e90a499]
~> TaskHandler[id: 13; name: download_fastq (11); status: NEW; exit: -; error: -; workDir: /Users/skd6150/Documents/Research/CBI/iModulon_Ctherm/iModulonMiner/2_process_data/work/13/7e04dcf59a196daebe8298154fd209]
~> TaskHandler[id: 18; name: download_fastq (16); status: NEW; exit: -; error: -; workDir: /Users/skd6150/Documents/Research/CBI/iModulon_Ctherm/iModulonMiner/2_process_data/work/b3/357c0eda5d94ac617a23fd9a3d8159]
~> TaskHandler[id: 20; name: download_fastq (18); status: NEW; exit: -; error: -; workDir: /Users/skd6150/Documents/Research/CBI/iModulon_Ctherm/iModulonMiner/2_process_data/work/9e/215cb7fd278f5f28047f0c796e54b5]
~> TaskHandler[id: 16; name: download_fastq (14); status: NEW; exit: -; error: -; workDir: /Users/skd6150/Documents/Research/CBI/iModulon_Ctherm/iModulonMiner/2_process_data/work/39/d94a43e32f49f1146e7ad45b2c47e3]
~> TaskHandler[id: 21; name: download_fastq (19); status: NEW; exit: -; error: -; workDir: /Users/skd6150/Documents/Research/CBI/iModulon_Ctherm/iModulonMiner/2_process_data/work/fc/83dae943c9cf19abdef8c8bc191c7d]
~> TaskHandler[id: 19; name: download_fastq (17); status: NEW; exit: -; error: -; workDir: /Users/skd6150/Documents/Research/CBI/iModulon_Ctherm/iModulonMiner/2_process_data/work/e8/968796e2ce4cdb24603dcecf19c7aa]
~> TaskHandler[id: 17; name: download_fastq (15); status: NEW; exit: -; error: -; workDir: /Users/skd6150/Documents/Research/CBI/iModulon_Ctherm/iModulonMiner/2_process_data/work/b9/91a0081602f99b9fbfea82d41b673e]
~> TaskHandler[id: 22; name: download_fastq (20); status: NEW; exit: -; error: -; workDir: /Users/skd6150/Documents/Research/CBI/iModulon_Ctherm/iModulonMiner/2_process_data/work/97/278e4085e8b7f8343d5656cb6c2d1e]
~> TaskHandler[id: 24; name: download_fastq (22); status: NEW; exit: -; error: -; workDir: /Users/skd6150/Documents/Research/CBI/iModulon_Ctherm/iModulonMiner/2_process_data/work/7d/b3077dce2f8c48a0fd35988f3eddf7]
.. remaining tasks omitted.
Mar-25 10:53:51.269 [Task monitor] DEBUG n.processor.TaskPollingMonitor - Task completed > TaskHandler[id: 14; name: download_fastq (12); status: COMPLETED; exit: 0; error: -; workDir: /Users/skd6150/Documents/Research/CBI/iModulon_Ctherm/iModulonMiner/2_process_data/work/a6/ebdee7e421938b796f9108562e9dff]
Mar-25 10:53:51.280 [Task submitter] DEBUG n.executor.local.LocalTaskHandler - Launch cmd line: /bin/bash -ue .command.run
Mar-25 10:53:51.280 [Task submitter] INFO  nextflow.Session - [2b/25a52b] Submitted process > download_fastq (13)
Mar-25 10:57:52.160 [Task monitor] DEBUG n.processor.TaskPollingMonitor - !! executor local > tasks to be completed: 1 -- submitted tasks are shown below
~> TaskHandler[id: 15; name: download_fastq (13); status: RUNNING; exit: -; error: -; workDir: /Users/skd6150/Documents/Research/CBI/iModulon_Ctherm/iModulonMiner/2_process_data/work/2b/25a52bfa5c049174388b835e90a499]
Mar-25 10:58:00.240 [Task submitter] DEBUG n.processor.TaskPollingMonitor - %% executor local > tasks in the submission queue: 375 -- tasks to be submitted are shown below
~> TaskHandler[id: 13; name: download_fastq (11); status: NEW; exit: -; error: -; workDir: /Users/skd6150/Documents/Research/CBI/iModulon_Ctherm/iModulonMiner/2_process_data/work/13/7e04dcf59a196daebe8298154fd209]
~> TaskHandler[id: 18; name: download_fastq (16); status: NEW; exit: -; error: -; workDir: /Users/skd6150/Documents/Research/CBI/iModulon_Ctherm/iModulonMiner/2_process_data/work/b3/357c0eda5d94ac617a23fd9a3d8159]
~> TaskHandler[id: 20; name: download_fastq (18); status: NEW; exit: -; error: -; workDir: /Users/skd6150/Documents/Research/CBI/iModulon_Ctherm/iModulonMiner/2_process_data/work/9e/215cb7fd278f5f28047f0c796e54b5]
~> TaskHandler[id: 16; name: download_fastq (14); status: NEW; exit: -; error: -; workDir: /Users/skd6150/Documents/Research/CBI/iModulon_Ctherm/iModulonMiner/2_process_data/work/39/d94a43e32f49f1146e7ad45b2c47e3]
~> TaskHandler[id: 21; name: download_fastq (19); status: NEW; exit: -; error: -; workDir: /Users/skd6150/Documents/Research/CBI/iModulon_Ctherm/iModulonMiner/2_process_data/work/fc/83dae943c9cf19abdef8c8bc191c7d]
~> TaskHandler[id: 19; name: download_fastq (17); status: NEW; exit: -; error: -; workDir: /Users/skd6150/Documents/Research/CBI/iModulon_Ctherm/iModulonMiner/2_process_data/work/e8/968796e2ce4cdb24603dcecf19c7aa]
~> TaskHandler[id: 17; name: download_fastq (15); status: NEW; exit: -; error: -; workDir: /Users/skd6150/Documents/Research/CBI/iModulon_Ctherm/iModulonMiner/2_process_data/work/b9/91a0081602f99b9fbfea82d41b673e]
~> TaskHandler[id: 22; name: download_fastq (20); status: NEW; exit: -; error: -; workDir: /Users/skd6150/Documents/Research/CBI/iModulon_Ctherm/iModulonMiner/2_process_data/work/97/278e4085e8b7f8343d5656cb6c2d1e]
~> TaskHandler[id: 24; name: download_fastq (22); status: NEW; exit: -; error: -; workDir: /Users/skd6150/Documents/Research/CBI/iModulon_Ctherm/iModulonMiner/2_process_data/work/7d/b3077dce2f8c48a0fd35988f3eddf7]
~> TaskHandler[id: 26; name: download_fastq (24); status: NEW; exit: -; error: -; workDir: /Users/skd6150/Documents/Research/CBI/iModulon_Ctherm/iModulonMiner/2_process_data/work/ae/ff0daf75d550ec9f1e30df38e09329]
.. remaining tasks omitted.
Mar-25 10:59:43.930 [Task monitor] DEBUG n.processor.TaskPollingMonitor - Task completed > TaskHandler[id: 15; name: download_fastq (13); status: COMPLETED; exit: 0; error: -; workDir: /Users/skd6150/Documents/Research/CBI/iModulon_Ctherm/iModulonMiner/2_process_data/work/2b/25a52bfa5c049174388b835e90a499]
Mar-25 10:59:43.938 [Task submitter] DEBUG n.executor.local.LocalTaskHandler - Launch cmd line: /bin/bash -ue .command.run
Mar-25 10:59:43.938 [Task submitter] INFO  nextflow.Session - [13/7e04dc] Submitted process > download_fastq (11)
Mar-25 11:02:52.233 [Task monitor] DEBUG n.processor.TaskPollingMonitor - !! executor local > tasks to be completed: 1 -- submitted tasks are shown below
~> TaskHandler[id: 13; name: download_fastq (11); status: RUNNING; exit: -; error: -; workDir: /Users/skd6150/Documents/Research/CBI/iModulon_Ctherm/iModulonMiner/2_process_data/work/13/7e04dcf59a196daebe8298154fd209]
Mar-25 11:03:00.467 [Task submitter] DEBUG n.processor.TaskPollingMonitor - %% executor local > tasks in the submission queue: 375 -- tasks to be submitted are shown below
~> TaskHandler[id: 18; name: download_fastq (16); status: NEW; exit: -; error: -; workDir: /Users/skd6150/Documents/Research/CBI/iModulon_Ctherm/iModulonMiner/2_process_data/work/b3/357c0eda5d94ac617a23fd9a3d8159]
~> TaskHandler[id: 20; name: download_fastq (18); status: NEW; exit: -; error: -; workDir: /Users/skd6150/Documents/Research/CBI/iModulon_Ctherm/iModulonMiner/2_process_data/work/9e/215cb7fd278f5f28047f0c796e54b5]
~> TaskHandler[id: 16; name: download_fastq (14); status: NEW; exit: -; error: -; workDir: /Users/skd6150/Documents/Research/CBI/iModulon_Ctherm/iModulonMiner/2_process_data/work/39/d94a43e32f49f1146e7ad45b2c47e3]
~> TaskHandler[id: 21; name: download_fastq (19); status: NEW; exit: -; error: -; workDir: /Users/skd6150/Documents/Research/CBI/iModulon_Ctherm/iModulonMiner/2_process_data/work/fc/83dae943c9cf19abdef8c8bc191c7d]
~> TaskHandler[id: 19; name: download_fastq (17); status: NEW; exit: -; error: -; workDir: /Users/skd6150/Documents/Research/CBI/iModulon_Ctherm/iModulonMiner/2_process_data/work/e8/968796e2ce4cdb24603dcecf19c7aa]
~> TaskHandler[id: 17; name: download_fastq (15); status: NEW; exit: -; error: -; workDir: /Users/skd6150/Documents/Research/CBI/iModulon_Ctherm/iModulonMiner/2_process_data/work/b9/91a0081602f99b9fbfea82d41b673e]
~> TaskHandler[id: 22; name: download_fastq (20); status: NEW; exit: -; error: -; workDir: /Users/skd6150/Documents/Research/CBI/iModulon_Ctherm/iModulonMiner/2_process_data/work/97/278e4085e8b7f8343d5656cb6c2d1e]
~> TaskHandler[id: 24; name: download_fastq (22); status: NEW; exit: -; error: -; workDir: /Users/skd6150/Documents/Research/CBI/iModulon_Ctherm/iModulonMiner/2_process_data/work/7d/b3077dce2f8c48a0fd35988f3eddf7]
~> TaskHandler[id: 26; name: download_fastq (24); status: NEW; exit: -; error: -; workDir: /Users/skd6150/Documents/Research/CBI/iModulon_Ctherm/iModulonMiner/2_process_data/work/ae/ff0daf75d550ec9f1e30df38e09329]
~> TaskHandler[id: 23; name: download_fastq (21); status: NEW; exit: -; error: -; workDir: /Users/skd6150/Documents/Research/CBI/iModulon_Ctherm/iModulonMiner/2_process_data/work/24/eceaf94aa7d54df7366df90858db96]
.. remaining tasks omitted.
Mar-25 11:05:21.991 [Task monitor] DEBUG n.processor.TaskPollingMonitor - Task completed > TaskHandler[id: 13; name: download_fastq (11); status: COMPLETED; exit: 0; error: -; workDir: /Users/skd6150/Documents/Research/CBI/iModulon_Ctherm/iModulonMiner/2_process_data/work/13/7e04dcf59a196daebe8298154fd209]
Mar-25 11:05:22.004 [Task submitter] DEBUG n.executor.local.LocalTaskHandler - Launch cmd line: /bin/bash -ue .command.run
Mar-25 11:05:22.004 [Task submitter] INFO  nextflow.Session - [b3/357c0e] Submitted process > download_fastq (16)
Mar-25 11:07:52.238 [Task monitor] DEBUG n.processor.TaskPollingMonitor - !! executor local > tasks to be completed: 1 -- submitted tasks are shown below
~> TaskHandler[id: 18; name: download_fastq (16); status: RUNNING; exit: -; error: -; workDir: /Users/skd6150/Documents/Research/CBI/iModulon_Ctherm/iModulonMiner/2_process_data/work/b3/357c0eda5d94ac617a23fd9a3d8159]
Mar-25 11:08:01.222 [Task submitter] DEBUG n.processor.TaskPollingMonitor - %% executor local > tasks in the submission queue: 375 -- tasks to be submitted are shown below
~> TaskHandler[id: 20; name: download_fastq (18); status: NEW; exit: -; error: -; workDir: /Users/skd6150/Documents/Research/CBI/iModulon_Ctherm/iModulonMiner/2_process_data/work/9e/215cb7fd278f5f28047f0c796e54b5]
~> TaskHandler[id: 16; name: download_fastq (14); status: NEW; exit: -; error: -; workDir: /Users/skd6150/Documents/Research/CBI/iModulon_Ctherm/iModulonMiner/2_process_data/work/39/d94a43e32f49f1146e7ad45b2c47e3]
~> TaskHandler[id: 21; name: download_fastq (19); status: NEW; exit: -; error: -; workDir: /Users/skd6150/Documents/Research/CBI/iModulon_Ctherm/iModulonMiner/2_process_data/work/fc/83dae943c9cf19abdef8c8bc191c7d]
~> TaskHandler[id: 19; name: download_fastq (17); status: NEW; exit: -; error: -; workDir: /Users/skd6150/Documents/Research/CBI/iModulon_Ctherm/iModulonMiner/2_process_data/work/e8/968796e2ce4cdb24603dcecf19c7aa]
~> TaskHandler[id: 17; name: download_fastq (15); status: NEW; exit: -; error: -; workDir: /Users/skd6150/Documents/Research/CBI/iModulon_Ctherm/iModulonMiner/2_process_data/work/b9/91a0081602f99b9fbfea82d41b673e]
~> TaskHandler[id: 22; name: download_fastq (20); status: NEW; exit: -; error: -; workDir: /Users/skd6150/Documents/Research/CBI/iModulon_Ctherm/iModulonMiner/2_process_data/work/97/278e4085e8b7f8343d5656cb6c2d1e]
~> TaskHandler[id: 24; name: download_fastq (22); status: NEW; exit: -; error: -; workDir: /Users/skd6150/Documents/Research/CBI/iModulon_Ctherm/iModulonMiner/2_process_data/work/7d/b3077dce2f8c48a0fd35988f3eddf7]
~> TaskHandler[id: 26; name: download_fastq (24); status: NEW; exit: -; error: -; workDir: /Users/skd6150/Documents/Research/CBI/iModulon_Ctherm/iModulonMiner/2_process_data/work/ae/ff0daf75d550ec9f1e30df38e09329]
~> TaskHandler[id: 23; name: download_fastq (21); status: NEW; exit: -; error: -; workDir: /Users/skd6150/Documents/Research/CBI/iModulon_Ctherm/iModulonMiner/2_process_data/work/24/eceaf94aa7d54df7366df90858db96]
~> TaskHandler[id: 25; name: download_fastq (23); status: NEW; exit: -; error: -; workDir: /Users/skd6150/Documents/Research/CBI/iModulon_Ctherm/iModulonMiner/2_process_data/work/95/c0ba22b4fbe95d0e2f7148b9742997]
.. remaining tasks omitted.
Mar-25 11:10:37.024 [Task monitor] DEBUG n.processor.TaskPollingMonitor - Task completed > TaskHandler[id: 18; name: download_fastq (16); status: COMPLETED; exit: 0; error: -; workDir: /Users/skd6150/Documents/Research/CBI/iModulon_Ctherm/iModulonMiner/2_process_data/work/b3/357c0eda5d94ac617a23fd9a3d8159]
Mar-25 11:10:37.028 [Task submitter] DEBUG n.executor.local.LocalTaskHandler - Launch cmd line: /bin/bash -ue .command.run
Mar-25 11:10:37.029 [Task submitter] INFO  nextflow.Session - [9e/215cb7] Submitted process > download_fastq (18)
Mar-25 11:12:52.278 [Task monitor] DEBUG n.processor.TaskPollingMonitor - !! executor local > tasks to be completed: 1 -- submitted tasks are shown below
~> TaskHandler[id: 20; name: download_fastq (18); status: RUNNING; exit: -; error: -; workDir: /Users/skd6150/Documents/Research/CBI/iModulon_Ctherm/iModulonMiner/2_process_data/work/9e/215cb7fd278f5f28047f0c796e54b5]
Mar-25 11:13:02.152 [Task submitter] DEBUG n.processor.TaskPollingMonitor - %% executor local > tasks in the submission queue: 375 -- tasks to be submitted are shown below
~> TaskHandler[id: 16; name: download_fastq (14); status: NEW; exit: -; error: -; workDir: /Users/skd6150/Documents/Research/CBI/iModulon_Ctherm/iModulonMiner/2_process_data/work/39/d94a43e32f49f1146e7ad45b2c47e3]
~> TaskHandler[id: 21; name: download_fastq (19); status: NEW; exit: -; error: -; workDir: /Users/skd6150/Documents/Research/CBI/iModulon_Ctherm/iModulonMiner/2_process_data/work/fc/83dae943c9cf19abdef8c8bc191c7d]
~> TaskHandler[id: 19; name: download_fastq (17); status: NEW; exit: -; error: -; workDir: /Users/skd6150/Documents/Research/CBI/iModulon_Ctherm/iModulonMiner/2_process_data/work/e8/968796e2ce4cdb24603dcecf19c7aa]
~> TaskHandler[id: 17; name: download_fastq (15); status: NEW; exit: -; error: -; workDir: /Users/skd6150/Documents/Research/CBI/iModulon_Ctherm/iModulonMiner/2_process_data/work/b9/91a0081602f99b9fbfea82d41b673e]
~> TaskHandler[id: 22; name: download_fastq (20); status: NEW; exit: -; error: -; workDir: /Users/skd6150/Documents/Research/CBI/iModulon_Ctherm/iModulonMiner/2_process_data/work/97/278e4085e8b7f8343d5656cb6c2d1e]
~> TaskHandler[id: 24; name: download_fastq (22); status: NEW; exit: -; error: -; workDir: /Users/skd6150/Documents/Research/CBI/iModulon_Ctherm/iModulonMiner/2_process_data/work/7d/b3077dce2f8c48a0fd35988f3eddf7]
~> TaskHandler[id: 26; name: download_fastq (24); status: NEW; exit: -; error: -; workDir: /Users/skd6150/Documents/Research/CBI/iModulon_Ctherm/iModulonMiner/2_process_data/work/ae/ff0daf75d550ec9f1e30df38e09329]
~> TaskHandler[id: 23; name: download_fastq (21); status: NEW; exit: -; error: -; workDir: /Users/skd6150/Documents/Research/CBI/iModulon_Ctherm/iModulonMiner/2_process_data/work/24/eceaf94aa7d54df7366df90858db96]
~> TaskHandler[id: 25; name: download_fastq (23); status: NEW; exit: -; error: -; workDir: /Users/skd6150/Documents/Research/CBI/iModulon_Ctherm/iModulonMiner/2_process_data/work/95/c0ba22b4fbe95d0e2f7148b9742997]
~> TaskHandler[id: 27; name: download_fastq (25); status: NEW; exit: -; error: -; workDir: /Users/skd6150/Documents/Research/CBI/iModulon_Ctherm/iModulonMiner/2_process_data/work/93/4bf1fa2390892300384755d0435b62]
.. remaining tasks omitted.
Mar-25 11:17:52.299 [Task monitor] DEBUG n.processor.TaskPollingMonitor - !! executor local > tasks to be completed: 1 -- submitted tasks are shown below
~> TaskHandler[id: 20; name: download_fastq (18); status: RUNNING; exit: -; error: -; workDir: /Users/skd6150/Documents/Research/CBI/iModulon_Ctherm/iModulonMiner/2_process_data/work/9e/215cb7fd278f5f28047f0c796e54b5]
Mar-25 11:18:02.544 [Task submitter] DEBUG n.processor.TaskPollingMonitor - %% executor local > tasks in the submission queue: 375 -- tasks to be submitted are shown below
~> TaskHandler[id: 16; name: download_fastq (14); status: NEW; exit: -; error: -; workDir: /Users/skd6150/Documents/Research/CBI/iModulon_Ctherm/iModulonMiner/2_process_data/work/39/d94a43e32f49f1146e7ad45b2c47e3]
~> TaskHandler[id: 21; name: download_fastq (19); status: NEW; exit: -; error: -; workDir: /Users/skd6150/Documents/Research/CBI/iModulon_Ctherm/iModulonMiner/2_process_data/work/fc/83dae943c9cf19abdef8c8bc191c7d]
~> TaskHandler[id: 19; name: download_fastq (17); status: NEW; exit: -; error: -; workDir: /Users/skd6150/Documents/Research/CBI/iModulon_Ctherm/iModulonMiner/2_process_data/work/e8/968796e2ce4cdb24603dcecf19c7aa]
~> TaskHandler[id: 17; name: download_fastq (15); status: NEW; exit: -; error: -; workDir: /Users/skd6150/Documents/Research/CBI/iModulon_Ctherm/iModulonMiner/2_process_data/work/b9/91a0081602f99b9fbfea82d41b673e]
~> TaskHandler[id: 22; name: download_fastq (20); status: NEW; exit: -; error: -; workDir: /Users/skd6150/Documents/Research/CBI/iModulon_Ctherm/iModulonMiner/2_process_data/work/97/278e4085e8b7f8343d5656cb6c2d1e]
~> TaskHandler[id: 24; name: download_fastq (22); status: NEW; exit: -; error: -; workDir: /Users/skd6150/Documents/Research/CBI/iModulon_Ctherm/iModulonMiner/2_process_data/work/7d/b3077dce2f8c48a0fd35988f3eddf7]
~> TaskHandler[id: 26; name: download_fastq (24); status: NEW; exit: -; error: -; workDir: /Users/skd6150/Documents/Research/CBI/iModulon_Ctherm/iModulonMiner/2_process_data/work/ae/ff0daf75d550ec9f1e30df38e09329]
~> TaskHandler[id: 23; name: download_fastq (21); status: NEW; exit: -; error: -; workDir: /Users/skd6150/Documents/Research/CBI/iModulon_Ctherm/iModulonMiner/2_process_data/work/24/eceaf94aa7d54df7366df90858db96]
~> TaskHandler[id: 25; name: download_fastq (23); status: NEW; exit: -; error: -; workDir: /Users/skd6150/Documents/Research/CBI/iModulon_Ctherm/iModulonMiner/2_process_data/work/95/c0ba22b4fbe95d0e2f7148b9742997]
~> TaskHandler[id: 27; name: download_fastq (25); status: NEW; exit: -; error: -; workDir: /Users/skd6150/Documents/Research/CBI/iModulon_Ctherm/iModulonMiner/2_process_data/work/93/4bf1fa2390892300384755d0435b62]
.. remaining tasks omitted.
Mar-25 11:20:16.209 [Task monitor] DEBUG n.processor.TaskPollingMonitor - Task completed > TaskHandler[id: 20; name: download_fastq (18); status: COMPLETED; exit: 0; error: -; workDir: /Users/skd6150/Documents/Research/CBI/iModulon_Ctherm/iModulonMiner/2_process_data/work/9e/215cb7fd278f5f28047f0c796e54b5]
Mar-25 11:20:16.225 [Task submitter] DEBUG n.executor.local.LocalTaskHandler - Launch cmd line: /bin/bash -ue .command.run
Mar-25 11:20:16.225 [Task submitter] INFO  nextflow.Session - [39/d94a43] Submitted process > download_fastq (14)
Mar-25 11:22:52.382 [Task monitor] DEBUG n.processor.TaskPollingMonitor - !! executor local > tasks to be completed: 1 -- submitted tasks are shown below
~> TaskHandler[id: 16; name: download_fastq (14); status: RUNNING; exit: -; error: -; workDir: /Users/skd6150/Documents/Research/CBI/iModulon_Ctherm/iModulonMiner/2_process_data/work/39/d94a43e32f49f1146e7ad45b2c47e3]
Mar-25 11:23:03.172 [Task submitter] DEBUG n.processor.TaskPollingMonitor - %% executor local > tasks in the submission queue: 375 -- tasks to be submitted are shown below
~> TaskHandler[id: 21; name: download_fastq (19); status: NEW; exit: -; error: -; workDir: /Users/skd6150/Documents/Research/CBI/iModulon_Ctherm/iModulonMiner/2_process_data/work/fc/83dae943c9cf19abdef8c8bc191c7d]
~> TaskHandler[id: 19; name: download_fastq (17); status: NEW; exit: -; error: -; workDir: /Users/skd6150/Documents/Research/CBI/iModulon_Ctherm/iModulonMiner/2_process_data/work/e8/968796e2ce4cdb24603dcecf19c7aa]
~> TaskHandler[id: 17; name: download_fastq (15); status: NEW; exit: -; error: -; workDir: /Users/skd6150/Documents/Research/CBI/iModulon_Ctherm/iModulonMiner/2_process_data/work/b9/91a0081602f99b9fbfea82d41b673e]
~> TaskHandler[id: 22; name: download_fastq (20); status: NEW; exit: -; error: -; workDir: /Users/skd6150/Documents/Research/CBI/iModulon_Ctherm/iModulonMiner/2_process_data/work/97/278e4085e8b7f8343d5656cb6c2d1e]
~> TaskHandler[id: 24; name: download_fastq (22); status: NEW; exit: -; error: -; workDir: /Users/skd6150/Documents/Research/CBI/iModulon_Ctherm/iModulonMiner/2_process_data/work/7d/b3077dce2f8c48a0fd35988f3eddf7]
~> TaskHandler[id: 26; name: download_fastq (24); status: NEW; exit: -; error: -; workDir: /Users/skd6150/Documents/Research/CBI/iModulon_Ctherm/iModulonMiner/2_process_data/work/ae/ff0daf75d550ec9f1e30df38e09329]
~> TaskHandler[id: 23; name: download_fastq (21); status: NEW; exit: -; error: -; workDir: /Users/skd6150/Documents/Research/CBI/iModulon_Ctherm/iModulonMiner/2_process_data/work/24/eceaf94aa7d54df7366df90858db96]
~> TaskHandler[id: 25; name: download_fastq (23); status: NEW; exit: -; error: -; workDir: /Users/skd6150/Documents/Research/CBI/iModulon_Ctherm/iModulonMiner/2_process_data/work/95/c0ba22b4fbe95d0e2f7148b9742997]
~> TaskHandler[id: 27; name: download_fastq (25); status: NEW; exit: -; error: -; workDir: /Users/skd6150/Documents/Research/CBI/iModulon_Ctherm/iModulonMiner/2_process_data/work/93/4bf1fa2390892300384755d0435b62]
~> TaskHandler[id: 28; name: download_fastq (26); status: NEW; exit: -; error: -; workDir: /Users/skd6150/Documents/Research/CBI/iModulon_Ctherm/iModulonMiner/2_process_data/work/2e/2b8aa48fa69da4988c1a3f714f9ff2]
.. remaining tasks omitted.
Mar-25 11:26:57.977 [Task monitor] DEBUG n.processor.TaskPollingMonitor - Task completed > TaskHandler[id: 16; name: download_fastq (14); status: COMPLETED; exit: 0; error: -; workDir: /Users/skd6150/Documents/Research/CBI/iModulon_Ctherm/iModulonMiner/2_process_data/work/39/d94a43e32f49f1146e7ad45b2c47e3]
Mar-25 11:26:57.992 [Task submitter] DEBUG n.executor.local.LocalTaskHandler - Launch cmd line: /bin/bash -ue .command.run
Mar-25 11:26:57.992 [Task submitter] INFO  nextflow.Session - [fc/83dae9] Submitted process > download_fastq (19)
Mar-25 11:27:52.466 [Task monitor] DEBUG n.processor.TaskPollingMonitor - !! executor local > tasks to be completed: 1 -- submitted tasks are shown below
~> TaskHandler[id: 21; name: download_fastq (19); status: RUNNING; exit: -; error: -; workDir: /Users/skd6150/Documents/Research/CBI/iModulon_Ctherm/iModulonMiner/2_process_data/work/fc/83dae943c9cf19abdef8c8bc191c7d]
Mar-25 11:28:03.384 [Task submitter] DEBUG n.processor.TaskPollingMonitor - %% executor local > tasks in the submission queue: 375 -- tasks to be submitted are shown below
~> TaskHandler[id: 19; name: download_fastq (17); status: NEW; exit: -; error: -; workDir: /Users/skd6150/Documents/Research/CBI/iModulon_Ctherm/iModulonMiner/2_process_data/work/e8/968796e2ce4cdb24603dcecf19c7aa]
~> TaskHandler[id: 17; name: download_fastq (15); status: NEW; exit: -; error: -; workDir: /Users/skd6150/Documents/Research/CBI/iModulon_Ctherm/iModulonMiner/2_process_data/work/b9/91a0081602f99b9fbfea82d41b673e]
~> TaskHandler[id: 22; name: download_fastq (20); status: NEW; exit: -; error: -; workDir: /Users/skd6150/Documents/Research/CBI/iModulon_Ctherm/iModulonMiner/2_process_data/work/97/278e4085e8b7f8343d5656cb6c2d1e]
~> TaskHandler[id: 24; name: download_fastq (22); status: NEW; exit: -; error: -; workDir: /Users/skd6150/Documents/Research/CBI/iModulon_Ctherm/iModulonMiner/2_process_data/work/7d/b3077dce2f8c48a0fd35988f3eddf7]
~> TaskHandler[id: 26; name: download_fastq (24); status: NEW; exit: -; error: -; workDir: /Users/skd6150/Documents/Research/CBI/iModulon_Ctherm/iModulonMiner/2_process_data/work/ae/ff0daf75d550ec9f1e30df38e09329]
~> TaskHandler[id: 23; name: download_fastq (21); status: NEW; exit: -; error: -; workDir: /Users/skd6150/Documents/Research/CBI/iModulon_Ctherm/iModulonMiner/2_process_data/work/24/eceaf94aa7d54df7366df90858db96]
~> TaskHandler[id: 25; name: download_fastq (23); status: NEW; exit: -; error: -; workDir: /Users/skd6150/Documents/Research/CBI/iModulon_Ctherm/iModulonMiner/2_process_data/work/95/c0ba22b4fbe95d0e2f7148b9742997]
~> TaskHandler[id: 27; name: download_fastq (25); status: NEW; exit: -; error: -; workDir: /Users/skd6150/Documents/Research/CBI/iModulon_Ctherm/iModulonMiner/2_process_data/work/93/4bf1fa2390892300384755d0435b62]
~> TaskHandler[id: 28; name: download_fastq (26); status: NEW; exit: -; error: -; workDir: /Users/skd6150/Documents/Research/CBI/iModulon_Ctherm/iModulonMiner/2_process_data/work/2e/2b8aa48fa69da4988c1a3f714f9ff2]
~> TaskHandler[id: 29; name: download_fastq (27); status: NEW; exit: -; error: -; workDir: /Users/skd6150/Documents/Research/CBI/iModulon_Ctherm/iModulonMiner/2_process_data/work/1b/de849d21476bd99f72793f6b687da3]
.. remaining tasks omitted.
Mar-25 11:30:36.829 [Task monitor] DEBUG n.processor.TaskPollingMonitor - Task completed > TaskHandler[id: 21; name: download_fastq (19); status: COMPLETED; exit: 0; error: -; workDir: /Users/skd6150/Documents/Research/CBI/iModulon_Ctherm/iModulonMiner/2_process_data/work/fc/83dae943c9cf19abdef8c8bc191c7d]
Mar-25 11:30:36.846 [Task submitter] DEBUG n.executor.local.LocalTaskHandler - Launch cmd line: /bin/bash -ue .command.run
Mar-25 11:30:36.846 [Task submitter] INFO  nextflow.Session - [e8/968796] Submitted process > download_fastq (17)
Mar-25 11:32:52.479 [Task monitor] DEBUG n.processor.TaskPollingMonitor - !! executor local > tasks to be completed: 1 -- submitted tasks are shown below
~> TaskHandler[id: 19; name: download_fastq (17); status: RUNNING; exit: -; error: -; workDir: /Users/skd6150/Documents/Research/CBI/iModulon_Ctherm/iModulonMiner/2_process_data/work/e8/968796e2ce4cdb24603dcecf19c7aa]
Mar-25 11:33:03.934 [Task submitter] DEBUG n.processor.TaskPollingMonitor - %% executor local > tasks in the submission queue: 375 -- tasks to be submitted are shown below
~> TaskHandler[id: 17; name: download_fastq (15); status: NEW; exit: -; error: -; workDir: /Users/skd6150/Documents/Research/CBI/iModulon_Ctherm/iModulonMiner/2_process_data/work/b9/91a0081602f99b9fbfea82d41b673e]
~> TaskHandler[id: 22; name: download_fastq (20); status: NEW; exit: -; error: -; workDir: /Users/skd6150/Documents/Research/CBI/iModulon_Ctherm/iModulonMiner/2_process_data/work/97/278e4085e8b7f8343d5656cb6c2d1e]
~> TaskHandler[id: 24; name: download_fastq (22); status: NEW; exit: -; error: -; workDir: /Users/skd6150/Documents/Research/CBI/iModulon_Ctherm/iModulonMiner/2_process_data/work/7d/b3077dce2f8c48a0fd35988f3eddf7]
~> TaskHandler[id: 26; name: download_fastq (24); status: NEW; exit: -; error: -; workDir: /Users/skd6150/Documents/Research/CBI/iModulon_Ctherm/iModulonMiner/2_process_data/work/ae/ff0daf75d550ec9f1e30df38e09329]
~> TaskHandler[id: 23; name: download_fastq (21); status: NEW; exit: -; error: -; workDir: /Users/skd6150/Documents/Research/CBI/iModulon_Ctherm/iModulonMiner/2_process_data/work/24/eceaf94aa7d54df7366df90858db96]
~> TaskHandler[id: 25; name: download_fastq (23); status: NEW; exit: -; error: -; workDir: /Users/skd6150/Documents/Research/CBI/iModulon_Ctherm/iModulonMiner/2_process_data/work/95/c0ba22b4fbe95d0e2f7148b9742997]
~> TaskHandler[id: 27; name: download_fastq (25); status: NEW; exit: -; error: -; workDir: /Users/skd6150/Documents/Research/CBI/iModulon_Ctherm/iModulonMiner/2_process_data/work/93/4bf1fa2390892300384755d0435b62]
~> TaskHandler[id: 28; name: download_fastq (26); status: NEW; exit: -; error: -; workDir: /Users/skd6150/Documents/Research/CBI/iModulon_Ctherm/iModulonMiner/2_process_data/work/2e/2b8aa48fa69da4988c1a3f714f9ff2]
~> TaskHandler[id: 29; name: download_fastq (27); status: NEW; exit: -; error: -; workDir: /Users/skd6150/Documents/Research/CBI/iModulon_Ctherm/iModulonMiner/2_process_data/work/1b/de849d21476bd99f72793f6b687da3]
~> TaskHandler[id: 30; name: download_fastq (28); status: NEW; exit: -; error: -; workDir: /Users/skd6150/Documents/Research/CBI/iModulon_Ctherm/iModulonMiner/2_process_data/work/c2/2df8ca12ae61c9ab66ce6b7e61a685]
.. remaining tasks omitted.
Mar-25 11:34:44.519 [Task monitor] DEBUG n.processor.TaskPollingMonitor - Task completed > TaskHandler[id: 19; name: download_fastq (17); status: COMPLETED; exit: 0; error: -; workDir: /Users/skd6150/Documents/Research/CBI/iModulon_Ctherm/iModulonMiner/2_process_data/work/e8/968796e2ce4cdb24603dcecf19c7aa]
Mar-25 11:34:44.525 [Task submitter] DEBUG n.executor.local.LocalTaskHandler - Launch cmd line: /bin/bash -ue .command.run
Mar-25 11:34:44.525 [Task submitter] INFO  nextflow.Session - [b9/91a008] Submitted process > download_fastq (15)
Mar-25 11:37:52.522 [Task monitor] DEBUG n.processor.TaskPollingMonitor - !! executor local > tasks to be completed: 1 -- submitted tasks are shown below
~> TaskHandler[id: 17; name: download_fastq (15); status: RUNNING; exit: -; error: -; workDir: /Users/skd6150/Documents/Research/CBI/iModulon_Ctherm/iModulonMiner/2_process_data/work/b9/91a0081602f99b9fbfea82d41b673e]
Mar-25 11:38:04.903 [Task submitter] DEBUG n.processor.TaskPollingMonitor - %% executor local > tasks in the submission queue: 375 -- tasks to be submitted are shown below
~> TaskHandler[id: 22; name: download_fastq (20); status: NEW; exit: -; error: -; workDir: /Users/skd6150/Documents/Research/CBI/iModulon_Ctherm/iModulonMiner/2_process_data/work/97/278e4085e8b7f8343d5656cb6c2d1e]
~> TaskHandler[id: 24; name: download_fastq (22); status: NEW; exit: -; error: -; workDir: /Users/skd6150/Documents/Research/CBI/iModulon_Ctherm/iModulonMiner/2_process_data/work/7d/b3077dce2f8c48a0fd35988f3eddf7]
~> TaskHandler[id: 26; name: download_fastq (24); status: NEW; exit: -; error: -; workDir: /Users/skd6150/Documents/Research/CBI/iModulon_Ctherm/iModulonMiner/2_process_data/work/ae/ff0daf75d550ec9f1e30df38e09329]
~> TaskHandler[id: 23; name: download_fastq (21); status: NEW; exit: -; error: -; workDir: /Users/skd6150/Documents/Research/CBI/iModulon_Ctherm/iModulonMiner/2_process_data/work/24/eceaf94aa7d54df7366df90858db96]
~> TaskHandler[id: 25; name: download_fastq (23); status: NEW; exit: -; error: -; workDir: /Users/skd6150/Documents/Research/CBI/iModulon_Ctherm/iModulonMiner/2_process_data/work/95/c0ba22b4fbe95d0e2f7148b9742997]
~> TaskHandler[id: 27; name: download_fastq (25); status: NEW; exit: -; error: -; workDir: /Users/skd6150/Documents/Research/CBI/iModulon_Ctherm/iModulonMiner/2_process_data/work/93/4bf1fa2390892300384755d0435b62]
~> TaskHandler[id: 28; name: download_fastq (26); status: NEW; exit: -; error: -; workDir: /Users/skd6150/Documents/Research/CBI/iModulon_Ctherm/iModulonMiner/2_process_data/work/2e/2b8aa48fa69da4988c1a3f714f9ff2]
~> TaskHandler[id: 29; name: download_fastq (27); status: NEW; exit: -; error: -; workDir: /Users/skd6150/Documents/Research/CBI/iModulon_Ctherm/iModulonMiner/2_process_data/work/1b/de849d21476bd99f72793f6b687da3]
~> TaskHandler[id: 30; name: download_fastq (28); status: NEW; exit: -; error: -; workDir: /Users/skd6150/Documents/Research/CBI/iModulon_Ctherm/iModulonMiner/2_process_data/work/c2/2df8ca12ae61c9ab66ce6b7e61a685]
~> TaskHandler[id: 31; name: download_fastq (29); status: NEW; exit: -; error: -; workDir: /Users/skd6150/Documents/Research/CBI/iModulon_Ctherm/iModulonMiner/2_process_data/work/2f/15904d47c65c3bf9ac47b8f8de50e9]
.. remaining tasks omitted.
Mar-25 11:38:42.081 [Task monitor] DEBUG n.processor.TaskPollingMonitor - Task completed > TaskHandler[id: 17; name: download_fastq (15); status: COMPLETED; exit: 0; error: -; workDir: /Users/skd6150/Documents/Research/CBI/iModulon_Ctherm/iModulonMiner/2_process_data/work/b9/91a0081602f99b9fbfea82d41b673e]
Mar-25 11:38:42.092 [Task submitter] DEBUG n.executor.local.LocalTaskHandler - Launch cmd line: /bin/bash -ue .command.run
Mar-25 11:38:42.092 [Task submitter] INFO  nextflow.Session - [97/278e40] Submitted process > download_fastq (20)
Mar-25 11:42:52.568 [Task monitor] DEBUG n.processor.TaskPollingMonitor - !! executor local > tasks to be completed: 1 -- submitted tasks are shown below
~> TaskHandler[id: 22; name: download_fastq (20); status: RUNNING; exit: -; error: -; workDir: /Users/skd6150/Documents/Research/CBI/iModulon_Ctherm/iModulonMiner/2_process_data/work/97/278e4085e8b7f8343d5656cb6c2d1e]
Mar-25 11:43:05.023 [Task submitter] DEBUG n.processor.TaskPollingMonitor - %% executor local > tasks in the submission queue: 375 -- tasks to be submitted are shown below
~> TaskHandler[id: 24; name: download_fastq (22); status: NEW; exit: -; error: -; workDir: /Users/skd6150/Documents/Research/CBI/iModulon_Ctherm/iModulonMiner/2_process_data/work/7d/b3077dce2f8c48a0fd35988f3eddf7]
~> TaskHandler[id: 26; name: download_fastq (24); status: NEW; exit: -; error: -; workDir: /Users/skd6150/Documents/Research/CBI/iModulon_Ctherm/iModulonMiner/2_process_data/work/ae/ff0daf75d550ec9f1e30df38e09329]
~> TaskHandler[id: 23; name: download_fastq (21); status: NEW; exit: -; error: -; workDir: /Users/skd6150/Documents/Research/CBI/iModulon_Ctherm/iModulonMiner/2_process_data/work/24/eceaf94aa7d54df7366df90858db96]
~> TaskHandler[id: 25; name: download_fastq (23); status: NEW; exit: -; error: -; workDir: /Users/skd6150/Documents/Research/CBI/iModulon_Ctherm/iModulonMiner/2_process_data/work/95/c0ba22b4fbe95d0e2f7148b9742997]
~> TaskHandler[id: 27; name: download_fastq (25); status: NEW; exit: -; error: -; workDir: /Users/skd6150/Documents/Research/CBI/iModulon_Ctherm/iModulonMiner/2_process_data/work/93/4bf1fa2390892300384755d0435b62]
~> TaskHandler[id: 28; name: download_fastq (26); status: NEW; exit: -; error: -; workDir: /Users/skd6150/Documents/Research/CBI/iModulon_Ctherm/iModulonMiner/2_process_data/work/2e/2b8aa48fa69da4988c1a3f714f9ff2]
~> TaskHandler[id: 29; name: download_fastq (27); status: NEW; exit: -; error: -; workDir: /Users/skd6150/Documents/Research/CBI/iModulon_Ctherm/iModulonMiner/2_process_data/work/1b/de849d21476bd99f72793f6b687da3]
~> TaskHandler[id: 30; name: download_fastq (28); status: NEW; exit: -; error: -; workDir: /Users/skd6150/Documents/Research/CBI/iModulon_Ctherm/iModulonMiner/2_process_data/work/c2/2df8ca12ae61c9ab66ce6b7e61a685]
~> TaskHandler[id: 31; name: download_fastq (29); status: NEW; exit: -; error: -; workDir: /Users/skd6150/Documents/Research/CBI/iModulon_Ctherm/iModulonMiner/2_process_data/work/2f/15904d47c65c3bf9ac47b8f8de50e9]
~> TaskHandler[id: 32; name: download_fastq (30); status: NEW; exit: -; error: -; workDir: /Users/skd6150/Documents/Research/CBI/iModulon_Ctherm/iModulonMiner/2_process_data/work/0e/a851389ce8615c1560331cb817e086]
.. remaining tasks omitted.
Mar-25 11:43:13.731 [Task monitor] DEBUG n.processor.TaskPollingMonitor - Task completed > TaskHandler[id: 22; name: download_fastq (20); status: COMPLETED; exit: 0; error: -; workDir: /Users/skd6150/Documents/Research/CBI/iModulon_Ctherm/iModulonMiner/2_process_data/work/97/278e4085e8b7f8343d5656cb6c2d1e]
Mar-25 11:43:13.743 [Task submitter] DEBUG n.executor.local.LocalTaskHandler - Launch cmd line: /bin/bash -ue .command.run
Mar-25 11:43:13.743 [Task submitter] INFO  nextflow.Session - [7d/b3077d] Submitted process > download_fastq (22)
Mar-25 11:47:52.652 [Task monitor] DEBUG n.processor.TaskPollingMonitor - !! executor local > tasks to be completed: 1 -- submitted tasks are shown below
~> TaskHandler[id: 24; name: download_fastq (22); status: RUNNING; exit: -; error: -; workDir: /Users/skd6150/Documents/Research/CBI/iModulon_Ctherm/iModulonMiner/2_process_data/work/7d/b3077dce2f8c48a0fd35988f3eddf7]
Mar-25 11:48:05.050 [Task submitter] DEBUG n.processor.TaskPollingMonitor - %% executor local > tasks in the submission queue: 375 -- tasks to be submitted are shown below
~> TaskHandler[id: 26; name: download_fastq (24); status: NEW; exit: -; error: -; workDir: /Users/skd6150/Documents/Research/CBI/iModulon_Ctherm/iModulonMiner/2_process_data/work/ae/ff0daf75d550ec9f1e30df38e09329]
~> TaskHandler[id: 23; name: download_fastq (21); status: NEW; exit: -; error: -; workDir: /Users/skd6150/Documents/Research/CBI/iModulon_Ctherm/iModulonMiner/2_process_data/work/24/eceaf94aa7d54df7366df90858db96]
~> TaskHandler[id: 25; name: download_fastq (23); status: NEW; exit: -; error: -; workDir: /Users/skd6150/Documents/Research/CBI/iModulon_Ctherm/iModulonMiner/2_process_data/work/95/c0ba22b4fbe95d0e2f7148b9742997]
~> TaskHandler[id: 27; name: download_fastq (25); status: NEW; exit: -; error: -; workDir: /Users/skd6150/Documents/Research/CBI/iModulon_Ctherm/iModulonMiner/2_process_data/work/93/4bf1fa2390892300384755d0435b62]
~> TaskHandler[id: 28; name: download_fastq (26); status: NEW; exit: -; error: -; workDir: /Users/skd6150/Documents/Research/CBI/iModulon_Ctherm/iModulonMiner/2_process_data/work/2e/2b8aa48fa69da4988c1a3f714f9ff2]
~> TaskHandler[id: 29; name: download_fastq (27); status: NEW; exit: -; error: -; workDir: /Users/skd6150/Documents/Research/CBI/iModulon_Ctherm/iModulonMiner/2_process_data/work/1b/de849d21476bd99f72793f6b687da3]
~> TaskHandler[id: 30; name: download_fastq (28); status: NEW; exit: -; error: -; workDir: /Users/skd6150/Documents/Research/CBI/iModulon_Ctherm/iModulonMiner/2_process_data/work/c2/2df8ca12ae61c9ab66ce6b7e61a685]
~> TaskHandler[id: 31; name: download_fastq (29); status: NEW; exit: -; error: -; workDir: /Users/skd6150/Documents/Research/CBI/iModulon_Ctherm/iModulonMiner/2_process_data/work/2f/15904d47c65c3bf9ac47b8f8de50e9]
~> TaskHandler[id: 32; name: download_fastq (30); status: NEW; exit: -; error: -; workDir: /Users/skd6150/Documents/Research/CBI/iModulon_Ctherm/iModulonMiner/2_process_data/work/0e/a851389ce8615c1560331cb817e086]
~> TaskHandler[id: 35; name: download_fastq (33); status: NEW; exit: -; error: -; workDir: /Users/skd6150/Documents/Research/CBI/iModulon_Ctherm/iModulonMiner/2_process_data/work/b3/73d43ee04da3115235c5b602ce1e71]
.. remaining tasks omitted.
Mar-25 11:49:32.093 [Task monitor] DEBUG n.processor.TaskPollingMonitor - Task completed > TaskHandler[id: 24; name: download_fastq (22); status: COMPLETED; exit: 0; error: -; workDir: /Users/skd6150/Documents/Research/CBI/iModulon_Ctherm/iModulonMiner/2_process_data/work/7d/b3077dce2f8c48a0fd35988f3eddf7]
Mar-25 11:49:32.099 [Task submitter] DEBUG n.executor.local.LocalTaskHandler - Launch cmd line: /bin/bash -ue .command.run
Mar-25 11:49:32.099 [Task submitter] INFO  nextflow.Session - [ae/ff0daf] Submitted process > download_fastq (24)
Mar-25 11:52:52.717 [Task monitor] DEBUG n.processor.TaskPollingMonitor - !! executor local > tasks to be completed: 1 -- submitted tasks are shown below
~> TaskHandler[id: 26; name: download_fastq (24); status: RUNNING; exit: -; error: -; workDir: /Users/skd6150/Documents/Research/CBI/iModulon_Ctherm/iModulonMiner/2_process_data/work/ae/ff0daf75d550ec9f1e30df38e09329]
Mar-25 11:53:05.689 [Task submitter] DEBUG n.processor.TaskPollingMonitor - %% executor local > tasks in the submission queue: 375 -- tasks to be submitted are shown below
~> TaskHandler[id: 23; name: download_fastq (21); status: NEW; exit: -; error: -; workDir: /Users/skd6150/Documents/Research/CBI/iModulon_Ctherm/iModulonMiner/2_process_data/work/24/eceaf94aa7d54df7366df90858db96]
~> TaskHandler[id: 25; name: download_fastq (23); status: NEW; exit: -; error: -; workDir: /Users/skd6150/Documents/Research/CBI/iModulon_Ctherm/iModulonMiner/2_process_data/work/95/c0ba22b4fbe95d0e2f7148b9742997]
~> TaskHandler[id: 27; name: download_fastq (25); status: NEW; exit: -; error: -; workDir: /Users/skd6150/Documents/Research/CBI/iModulon_Ctherm/iModulonMiner/2_process_data/work/93/4bf1fa2390892300384755d0435b62]
~> TaskHandler[id: 28; name: download_fastq (26); status: NEW; exit: -; error: -; workDir: /Users/skd6150/Documents/Research/CBI/iModulon_Ctherm/iModulonMiner/2_process_data/work/2e/2b8aa48fa69da4988c1a3f714f9ff2]
~> TaskHandler[id: 29; name: download_fastq (27); status: NEW; exit: -; error: -; workDir: /Users/skd6150/Documents/Research/CBI/iModulon_Ctherm/iModulonMiner/2_process_data/work/1b/de849d21476bd99f72793f6b687da3]
~> TaskHandler[id: 30; name: download_fastq (28); status: NEW; exit: -; error: -; workDir: /Users/skd6150/Documents/Research/CBI/iModulon_Ctherm/iModulonMiner/2_process_data/work/c2/2df8ca12ae61c9ab66ce6b7e61a685]
~> TaskHandler[id: 31; name: download_fastq (29); status: NEW; exit: -; error: -; workDir: /Users/skd6150/Documents/Research/CBI/iModulon_Ctherm/iModulonMiner/2_process_data/work/2f/15904d47c65c3bf9ac47b8f8de50e9]
~> TaskHandler[id: 32; name: download_fastq (30); status: NEW; exit: -; error: -; workDir: /Users/skd6150/Documents/Research/CBI/iModulon_Ctherm/iModulonMiner/2_process_data/work/0e/a851389ce8615c1560331cb817e086]
~> TaskHandler[id: 35; name: download_fastq (33); status: NEW; exit: -; error: -; workDir: /Users/skd6150/Documents/Research/CBI/iModulon_Ctherm/iModulonMiner/2_process_data/work/b3/73d43ee04da3115235c5b602ce1e71]
~> TaskHandler[id: 33; name: download_fastq (31); status: NEW; exit: -; error: -; workDir: /Users/skd6150/Documents/Research/CBI/iModulon_Ctherm/iModulonMiner/2_process_data/work/92/b01e5f6439a40395b6fe61f701721c]
.. remaining tasks omitted.
Mar-25 11:53:53.266 [Task monitor] DEBUG n.processor.TaskPollingMonitor - Task completed > TaskHandler[id: 26; name: download_fastq (24); status: COMPLETED; exit: 0; error: -; workDir: /Users/skd6150/Documents/Research/CBI/iModulon_Ctherm/iModulonMiner/2_process_data/work/ae/ff0daf75d550ec9f1e30df38e09329]
Mar-25 11:53:53.271 [Task submitter] DEBUG n.executor.local.LocalTaskHandler - Launch cmd line: /bin/bash -ue .command.run
Mar-25 11:53:53.271 [Task submitter] INFO  nextflow.Session - [24/eceaf9] Submitted process > download_fastq (21)
Mar-25 11:57:52.797 [Task monitor] DEBUG n.processor.TaskPollingMonitor - !! executor local > tasks to be completed: 1 -- submitted tasks are shown below
~> TaskHandler[id: 23; name: download_fastq (21); status: RUNNING; exit: -; error: -; workDir: /Users/skd6150/Documents/Research/CBI/iModulon_Ctherm/iModulonMiner/2_process_data/work/24/eceaf94aa7d54df7366df90858db96]
Mar-25 11:58:06.042 [Task submitter] DEBUG n.processor.TaskPollingMonitor - %% executor local > tasks in the submission queue: 375 -- tasks to be submitted are shown below
~> TaskHandler[id: 25; name: download_fastq (23); status: NEW; exit: -; error: -; workDir: /Users/skd6150/Documents/Research/CBI/iModulon_Ctherm/iModulonMiner/2_process_data/work/95/c0ba22b4fbe95d0e2f7148b9742997]
~> TaskHandler[id: 27; name: download_fastq (25); status: NEW; exit: -; error: -; workDir: /Users/skd6150/Documents/Research/CBI/iModulon_Ctherm/iModulonMiner/2_process_data/work/93/4bf1fa2390892300384755d0435b62]
~> TaskHandler[id: 28; name: download_fastq (26); status: NEW; exit: -; error: -; workDir: /Users/skd6150/Documents/Research/CBI/iModulon_Ctherm/iModulonMiner/2_process_data/work/2e/2b8aa48fa69da4988c1a3f714f9ff2]
~> TaskHandler[id: 29; name: download_fastq (27); status: NEW; exit: -; error: -; workDir: /Users/skd6150/Documents/Research/CBI/iModulon_Ctherm/iModulonMiner/2_process_data/work/1b/de849d21476bd99f72793f6b687da3]
~> TaskHandler[id: 30; name: download_fastq (28); status: NEW; exit: -; error: -; workDir: /Users/skd6150/Documents/Research/CBI/iModulon_Ctherm/iModulonMiner/2_process_data/work/c2/2df8ca12ae61c9ab66ce6b7e61a685]
~> TaskHandler[id: 31; name: download_fastq (29); status: NEW; exit: -; error: -; workDir: /Users/skd6150/Documents/Research/CBI/iModulon_Ctherm/iModulonMiner/2_process_data/work/2f/15904d47c65c3bf9ac47b8f8de50e9]
~> TaskHandler[id: 32; name: download_fastq (30); status: NEW; exit: -; error: -; workDir: /Users/skd6150/Documents/Research/CBI/iModulon_Ctherm/iModulonMiner/2_process_data/work/0e/a851389ce8615c1560331cb817e086]
~> TaskHandler[id: 35; name: download_fastq (33); status: NEW; exit: -; error: -; workDir: /Users/skd6150/Documents/Research/CBI/iModulon_Ctherm/iModulonMiner/2_process_data/work/b3/73d43ee04da3115235c5b602ce1e71]
~> TaskHandler[id: 33; name: download_fastq (31); status: NEW; exit: -; error: -; workDir: /Users/skd6150/Documents/Research/CBI/iModulon_Ctherm/iModulonMiner/2_process_data/work/92/b01e5f6439a40395b6fe61f701721c]
~> TaskHandler[id: 37; name: download_fastq (35); status: NEW; exit: -; error: -; workDir: /Users/skd6150/Documents/Research/CBI/iModulon_Ctherm/iModulonMiner/2_process_data/work/35/0b487257402cc621f009707cef8b7d]
.. remaining tasks omitted.
Mar-25 11:58:29.869 [Task monitor] DEBUG n.processor.TaskPollingMonitor - Task completed > TaskHandler[id: 23; name: download_fastq (21); status: COMPLETED; exit: 0; error: -; workDir: /Users/skd6150/Documents/Research/CBI/iModulon_Ctherm/iModulonMiner/2_process_data/work/24/eceaf94aa7d54df7366df90858db96]
Mar-25 11:58:29.879 [Task submitter] DEBUG n.executor.local.LocalTaskHandler - Launch cmd line: /bin/bash -ue .command.run
Mar-25 11:58:29.880 [Task submitter] INFO  nextflow.Session - [95/c0ba22] Submitted process > download_fastq (23)
Mar-25 12:02:49.092 [Task monitor] DEBUG n.processor.TaskPollingMonitor - Task completed > TaskHandler[id: 25; name: download_fastq (23); status: COMPLETED; exit: 0; error: -; workDir: /Users/skd6150/Documents/Research/CBI/iModulon_Ctherm/iModulonMiner/2_process_data/work/95/c0ba22b4fbe95d0e2f7148b9742997]
Mar-25 12:02:49.099 [Task submitter] DEBUG n.executor.local.LocalTaskHandler - Launch cmd line: /bin/bash -ue .command.run
Mar-25 12:02:49.099 [Task submitter] INFO  nextflow.Session - [93/4bf1fa] Submitted process > download_fastq (25)
Mar-25 12:02:52.906 [Task monitor] DEBUG n.processor.TaskPollingMonitor - !! executor local > tasks to be completed: 1 -- submitted tasks are shown below
~> TaskHandler[id: 27; name: download_fastq (25); status: RUNNING; exit: -; error: -; workDir: /Users/skd6150/Documents/Research/CBI/iModulon_Ctherm/iModulonMiner/2_process_data/work/93/4bf1fa2390892300384755d0435b62]
Mar-25 12:03:06.207 [Task submitter] DEBUG n.processor.TaskPollingMonitor - %% executor local > tasks in the submission queue: 375 -- tasks to be submitted are shown below
~> TaskHandler[id: 28; name: download_fastq (26); status: NEW; exit: -; error: -; workDir: /Users/skd6150/Documents/Research/CBI/iModulon_Ctherm/iModulonMiner/2_process_data/work/2e/2b8aa48fa69da4988c1a3f714f9ff2]
~> TaskHandler[id: 29; name: download_fastq (27); status: NEW; exit: -; error: -; workDir: /Users/skd6150/Documents/Research/CBI/iModulon_Ctherm/iModulonMiner/2_process_data/work/1b/de849d21476bd99f72793f6b687da3]
~> TaskHandler[id: 30; name: download_fastq (28); status: NEW; exit: -; error: -; workDir: /Users/skd6150/Documents/Research/CBI/iModulon_Ctherm/iModulonMiner/2_process_data/work/c2/2df8ca12ae61c9ab66ce6b7e61a685]
~> TaskHandler[id: 31; name: download_fastq (29); status: NEW; exit: -; error: -; workDir: /Users/skd6150/Documents/Research/CBI/iModulon_Ctherm/iModulonMiner/2_process_data/work/2f/15904d47c65c3bf9ac47b8f8de50e9]
~> TaskHandler[id: 32; name: download_fastq (30); status: NEW; exit: -; error: -; workDir: /Users/skd6150/Documents/Research/CBI/iModulon_Ctherm/iModulonMiner/2_process_data/work/0e/a851389ce8615c1560331cb817e086]
~> TaskHandler[id: 35; name: download_fastq (33); status: NEW; exit: -; error: -; workDir: /Users/skd6150/Documents/Research/CBI/iModulon_Ctherm/iModulonMiner/2_process_data/work/b3/73d43ee04da3115235c5b602ce1e71]
~> TaskHandler[id: 33; name: download_fastq (31); status: NEW; exit: -; error: -; workDir: /Users/skd6150/Documents/Research/CBI/iModulon_Ctherm/iModulonMiner/2_process_data/work/92/b01e5f6439a40395b6fe61f701721c]
~> TaskHandler[id: 37; name: download_fastq (35); status: NEW; exit: -; error: -; workDir: /Users/skd6150/Documents/Research/CBI/iModulon_Ctherm/iModulonMiner/2_process_data/work/35/0b487257402cc621f009707cef8b7d]
~> TaskHandler[id: 36; name: download_fastq (34); status: NEW; exit: -; error: -; workDir: /Users/skd6150/Documents/Research/CBI/iModulon_Ctherm/iModulonMiner/2_process_data/work/9d/1a4ac0a7bd9fb35cbdd397f80c18cf]
~> TaskHandler[id: 34; name: download_fastq (32); status: NEW; exit: -; error: -; workDir: /Users/skd6150/Documents/Research/CBI/iModulon_Ctherm/iModulonMiner/2_process_data/work/fb/78c54c799df0b753aef824943712e6]
.. remaining tasks omitted.
Mar-25 12:07:52.940 [Task monitor] DEBUG n.processor.TaskPollingMonitor - !! executor local > tasks to be completed: 1 -- submitted tasks are shown below
~> TaskHandler[id: 27; name: download_fastq (25); status: RUNNING; exit: -; error: -; workDir: /Users/skd6150/Documents/Research/CBI/iModulon_Ctherm/iModulonMiner/2_process_data/work/93/4bf1fa2390892300384755d0435b62]
Mar-25 12:08:06.468 [Task submitter] DEBUG n.processor.TaskPollingMonitor - %% executor local > tasks in the submission queue: 375 -- tasks to be submitted are shown below
~> TaskHandler[id: 28; name: download_fastq (26); status: NEW; exit: -; error: -; workDir: /Users/skd6150/Documents/Research/CBI/iModulon_Ctherm/iModulonMiner/2_process_data/work/2e/2b8aa48fa69da4988c1a3f714f9ff2]
~> TaskHandler[id: 29; name: download_fastq (27); status: NEW; exit: -; error: -; workDir: /Users/skd6150/Documents/Research/CBI/iModulon_Ctherm/iModulonMiner/2_process_data/work/1b/de849d21476bd99f72793f6b687da3]
~> TaskHandler[id: 30; name: download_fastq (28); status: NEW; exit: -; error: -; workDir: /Users/skd6150/Documents/Research/CBI/iModulon_Ctherm/iModulonMiner/2_process_data/work/c2/2df8ca12ae61c9ab66ce6b7e61a685]
~> TaskHandler[id: 31; name: download_fastq (29); status: NEW; exit: -; error: -; workDir: /Users/skd6150/Documents/Research/CBI/iModulon_Ctherm/iModulonMiner/2_process_data/work/2f/15904d47c65c3bf9ac47b8f8de50e9]
~> TaskHandler[id: 32; name: download_fastq (30); status: NEW; exit: -; error: -; workDir: /Users/skd6150/Documents/Research/CBI/iModulon_Ctherm/iModulonMiner/2_process_data/work/0e/a851389ce8615c1560331cb817e086]
~> TaskHandler[id: 35; name: download_fastq (33); status: NEW; exit: -; error: -; workDir: /Users/skd6150/Documents/Research/CBI/iModulon_Ctherm/iModulonMiner/2_process_data/work/b3/73d43ee04da3115235c5b602ce1e71]
~> TaskHandler[id: 33; name: download_fastq (31); status: NEW; exit: -; error: -; workDir: /Users/skd6150/Documents/Research/CBI/iModulon_Ctherm/iModulonMiner/2_process_data/work/92/b01e5f6439a40395b6fe61f701721c]
~> TaskHandler[id: 37; name: download_fastq (35); status: NEW; exit: -; error: -; workDir: /Users/skd6150/Documents/Research/CBI/iModulon_Ctherm/iModulonMiner/2_process_data/work/35/0b487257402cc621f009707cef8b7d]
~> TaskHandler[id: 36; name: download_fastq (34); status: NEW; exit: -; error: -; workDir: /Users/skd6150/Documents/Research/CBI/iModulon_Ctherm/iModulonMiner/2_process_data/work/9d/1a4ac0a7bd9fb35cbdd397f80c18cf]
~> TaskHandler[id: 34; name: download_fastq (32); status: NEW; exit: -; error: -; workDir: /Users/skd6150/Documents/Research/CBI/iModulon_Ctherm/iModulonMiner/2_process_data/work/fb/78c54c799df0b753aef824943712e6]
.. remaining tasks omitted.
Mar-25 12:09:14.144 [Task monitor] DEBUG n.processor.TaskPollingMonitor - Task completed > TaskHandler[id: 27; name: download_fastq (25); status: COMPLETED; exit: 0; error: -; workDir: /Users/skd6150/Documents/Research/CBI/iModulon_Ctherm/iModulonMiner/2_process_data/work/93/4bf1fa2390892300384755d0435b62]
Mar-25 12:09:14.152 [Task submitter] DEBUG n.executor.local.LocalTaskHandler - Launch cmd line: /bin/bash -ue .command.run
Mar-25 12:09:14.152 [Task submitter] INFO  nextflow.Session - [2e/2b8aa4] Submitted process > download_fastq (26)
Mar-25 12:12:25.551 [Task monitor] DEBUG n.processor.TaskPollingMonitor - Task completed > TaskHandler[id: 28; name: download_fastq (26); status: COMPLETED; exit: 0; error: -; workDir: /Users/skd6150/Documents/Research/CBI/iModulon_Ctherm/iModulonMiner/2_process_data/work/2e/2b8aa48fa69da4988c1a3f714f9ff2]
Mar-25 12:12:25.557 [Task submitter] DEBUG n.executor.local.LocalTaskHandler - Launch cmd line: /bin/bash -ue .command.run
Mar-25 12:12:25.557 [Task submitter] INFO  nextflow.Session - [1b/de849d] Submitted process > download_fastq (27)
Mar-25 12:12:52.988 [Task monitor] DEBUG n.processor.TaskPollingMonitor - !! executor local > tasks to be completed: 1 -- submitted tasks are shown below
~> TaskHandler[id: 29; name: download_fastq (27); status: RUNNING; exit: -; error: -; workDir: /Users/skd6150/Documents/Research/CBI/iModulon_Ctherm/iModulonMiner/2_process_data/work/1b/de849d21476bd99f72793f6b687da3]
Mar-25 12:13:06.852 [Task submitter] DEBUG n.processor.TaskPollingMonitor - %% executor local > tasks in the submission queue: 375 -- tasks to be submitted are shown below
~> TaskHandler[id: 30; name: download_fastq (28); status: NEW; exit: -; error: -; workDir: /Users/skd6150/Documents/Research/CBI/iModulon_Ctherm/iModulonMiner/2_process_data/work/c2/2df8ca12ae61c9ab66ce6b7e61a685]
~> TaskHandler[id: 31; name: download_fastq (29); status: NEW; exit: -; error: -; workDir: /Users/skd6150/Documents/Research/CBI/iModulon_Ctherm/iModulonMiner/2_process_data/work/2f/15904d47c65c3bf9ac47b8f8de50e9]
~> TaskHandler[id: 32; name: download_fastq (30); status: NEW; exit: -; error: -; workDir: /Users/skd6150/Documents/Research/CBI/iModulon_Ctherm/iModulonMiner/2_process_data/work/0e/a851389ce8615c1560331cb817e086]
~> TaskHandler[id: 35; name: download_fastq (33); status: NEW; exit: -; error: -; workDir: /Users/skd6150/Documents/Research/CBI/iModulon_Ctherm/iModulonMiner/2_process_data/work/b3/73d43ee04da3115235c5b602ce1e71]
~> TaskHandler[id: 33; name: download_fastq (31); status: NEW; exit: -; error: -; workDir: /Users/skd6150/Documents/Research/CBI/iModulon_Ctherm/iModulonMiner/2_process_data/work/92/b01e5f6439a40395b6fe61f701721c]
~> TaskHandler[id: 37; name: download_fastq (35); status: NEW; exit: -; error: -; workDir: /Users/skd6150/Documents/Research/CBI/iModulon_Ctherm/iModulonMiner/2_process_data/work/35/0b487257402cc621f009707cef8b7d]
~> TaskHandler[id: 36; name: download_fastq (34); status: NEW; exit: -; error: -; workDir: /Users/skd6150/Documents/Research/CBI/iModulon_Ctherm/iModulonMiner/2_process_data/work/9d/1a4ac0a7bd9fb35cbdd397f80c18cf]
~> TaskHandler[id: 34; name: download_fastq (32); status: NEW; exit: -; error: -; workDir: /Users/skd6150/Documents/Research/CBI/iModulon_Ctherm/iModulonMiner/2_process_data/work/fb/78c54c799df0b753aef824943712e6]
~> TaskHandler[id: 39; name: download_fastq (37); status: NEW; exit: -; error: -; workDir: /Users/skd6150/Documents/Research/CBI/iModulon_Ctherm/iModulonMiner/2_process_data/work/59/0ac3e285b0811b0e2b013ee0b80c64]
~> TaskHandler[id: 38; name: download_fastq (36); status: NEW; exit: -; error: -; workDir: /Users/skd6150/Documents/Research/CBI/iModulon_Ctherm/iModulonMiner/2_process_data/work/c8/4d60e5df526a058b16693d13609fd7]
.. remaining tasks omitted.
Mar-25 12:16:07.430 [Task monitor] DEBUG n.processor.TaskPollingMonitor - Task completed > TaskHandler[id: 29; name: download_fastq (27); status: COMPLETED; exit: 0; error: -; workDir: /Users/skd6150/Documents/Research/CBI/iModulon_Ctherm/iModulonMiner/2_process_data/work/1b/de849d21476bd99f72793f6b687da3]
Mar-25 12:16:07.438 [Task submitter] DEBUG n.executor.local.LocalTaskHandler - Launch cmd line: /bin/bash -ue .command.run
Mar-25 12:16:07.438 [Task submitter] INFO  nextflow.Session - [c2/2df8ca] Submitted process > download_fastq (28)
Mar-25 12:17:53.043 [Task monitor] DEBUG n.processor.TaskPollingMonitor - !! executor local > tasks to be completed: 1 -- submitted tasks are shown below
~> TaskHandler[id: 30; name: download_fastq (28); status: RUNNING; exit: -; error: -; workDir: /Users/skd6150/Documents/Research/CBI/iModulon_Ctherm/iModulonMiner/2_process_data/work/c2/2df8ca12ae61c9ab66ce6b7e61a685]
Mar-25 12:18:07.382 [Task submitter] DEBUG n.processor.TaskPollingMonitor - %% executor local > tasks in the submission queue: 375 -- tasks to be submitted are shown below
~> TaskHandler[id: 31; name: download_fastq (29); status: NEW; exit: -; error: -; workDir: /Users/skd6150/Documents/Research/CBI/iModulon_Ctherm/iModulonMiner/2_process_data/work/2f/15904d47c65c3bf9ac47b8f8de50e9]
~> TaskHandler[id: 32; name: download_fastq (30); status: NEW; exit: -; error: -; workDir: /Users/skd6150/Documents/Research/CBI/iModulon_Ctherm/iModulonMiner/2_process_data/work/0e/a851389ce8615c1560331cb817e086]
~> TaskHandler[id: 35; name: download_fastq (33); status: NEW; exit: -; error: -; workDir: /Users/skd6150/Documents/Research/CBI/iModulon_Ctherm/iModulonMiner/2_process_data/work/b3/73d43ee04da3115235c5b602ce1e71]
~> TaskHandler[id: 33; name: download_fastq (31); status: NEW; exit: -; error: -; workDir: /Users/skd6150/Documents/Research/CBI/iModulon_Ctherm/iModulonMiner/2_process_data/work/92/b01e5f6439a40395b6fe61f701721c]
~> TaskHandler[id: 37; name: download_fastq (35); status: NEW; exit: -; error: -; workDir: /Users/skd6150/Documents/Research/CBI/iModulon_Ctherm/iModulonMiner/2_process_data/work/35/0b487257402cc621f009707cef8b7d]
~> TaskHandler[id: 36; name: download_fastq (34); status: NEW; exit: -; error: -; workDir: /Users/skd6150/Documents/Research/CBI/iModulon_Ctherm/iModulonMiner/2_process_data/work/9d/1a4ac0a7bd9fb35cbdd397f80c18cf]
~> TaskHandler[id: 34; name: download_fastq (32); status: NEW; exit: -; error: -; workDir: /Users/skd6150/Documents/Research/CBI/iModulon_Ctherm/iModulonMiner/2_process_data/work/fb/78c54c799df0b753aef824943712e6]
~> TaskHandler[id: 39; name: download_fastq (37); status: NEW; exit: -; error: -; workDir: /Users/skd6150/Documents/Research/CBI/iModulon_Ctherm/iModulonMiner/2_process_data/work/59/0ac3e285b0811b0e2b013ee0b80c64]
~> TaskHandler[id: 38; name: download_fastq (36); status: NEW; exit: -; error: -; workDir: /Users/skd6150/Documents/Research/CBI/iModulon_Ctherm/iModulonMiner/2_process_data/work/c8/4d60e5df526a058b16693d13609fd7]
~> TaskHandler[id: 40; name: download_fastq (38); status: NEW; exit: -; error: -; workDir: /Users/skd6150/Documents/Research/CBI/iModulon_Ctherm/iModulonMiner/2_process_data/work/c8/7bc3a1f822d6dc03f478ab304392d8]
.. remaining tasks omitted.
Mar-25 12:19:48.934 [Task monitor] DEBUG n.processor.TaskPollingMonitor - Task completed > TaskHandler[id: 30; name: download_fastq (28); status: COMPLETED; exit: 0; error: -; workDir: /Users/skd6150/Documents/Research/CBI/iModulon_Ctherm/iModulonMiner/2_process_data/work/c2/2df8ca12ae61c9ab66ce6b7e61a685]
Mar-25 12:19:48.939 [Task submitter] DEBUG n.executor.local.LocalTaskHandler - Launch cmd line: /bin/bash -ue .command.run
Mar-25 12:19:48.940 [Task submitter] INFO  nextflow.Session - [2f/15904d] Submitted process > download_fastq (29)
Mar-25 12:22:53.104 [Task monitor] DEBUG n.processor.TaskPollingMonitor - !! executor local > tasks to be completed: 1 -- submitted tasks are shown below
~> TaskHandler[id: 31; name: download_fastq (29); status: RUNNING; exit: -; error: -; workDir: /Users/skd6150/Documents/Research/CBI/iModulon_Ctherm/iModulonMiner/2_process_data/work/2f/15904d47c65c3bf9ac47b8f8de50e9]
Mar-25 12:23:08.366 [Task submitter] DEBUG n.processor.TaskPollingMonitor - %% executor local > tasks in the submission queue: 375 -- tasks to be submitted are shown below
~> TaskHandler[id: 32; name: download_fastq (30); status: NEW; exit: -; error: -; workDir: /Users/skd6150/Documents/Research/CBI/iModulon_Ctherm/iModulonMiner/2_process_data/work/0e/a851389ce8615c1560331cb817e086]
~> TaskHandler[id: 35; name: download_fastq (33); status: NEW; exit: -; error: -; workDir: /Users/skd6150/Documents/Research/CBI/iModulon_Ctherm/iModulonMiner/2_process_data/work/b3/73d43ee04da3115235c5b602ce1e71]
~> TaskHandler[id: 33; name: download_fastq (31); status: NEW; exit: -; error: -; workDir: /Users/skd6150/Documents/Research/CBI/iModulon_Ctherm/iModulonMiner/2_process_data/work/92/b01e5f6439a40395b6fe61f701721c]
~> TaskHandler[id: 37; name: download_fastq (35); status: NEW; exit: -; error: -; workDir: /Users/skd6150/Documents/Research/CBI/iModulon_Ctherm/iModulonMiner/2_process_data/work/35/0b487257402cc621f009707cef8b7d]
~> TaskHandler[id: 36; name: download_fastq (34); status: NEW; exit: -; error: -; workDir: /Users/skd6150/Documents/Research/CBI/iModulon_Ctherm/iModulonMiner/2_process_data/work/9d/1a4ac0a7bd9fb35cbdd397f80c18cf]
~> TaskHandler[id: 34; name: download_fastq (32); status: NEW; exit: -; error: -; workDir: /Users/skd6150/Documents/Research/CBI/iModulon_Ctherm/iModulonMiner/2_process_data/work/fb/78c54c799df0b753aef824943712e6]
~> TaskHandler[id: 39; name: download_fastq (37); status: NEW; exit: -; error: -; workDir: /Users/skd6150/Documents/Research/CBI/iModulon_Ctherm/iModulonMiner/2_process_data/work/59/0ac3e285b0811b0e2b013ee0b80c64]
~> TaskHandler[id: 38; name: download_fastq (36); status: NEW; exit: -; error: -; workDir: /Users/skd6150/Documents/Research/CBI/iModulon_Ctherm/iModulonMiner/2_process_data/work/c8/4d60e5df526a058b16693d13609fd7]
~> TaskHandler[id: 40; name: download_fastq (38); status: NEW; exit: -; error: -; workDir: /Users/skd6150/Documents/Research/CBI/iModulon_Ctherm/iModulonMiner/2_process_data/work/c8/7bc3a1f822d6dc03f478ab304392d8]
~> TaskHandler[id: 41; name: download_fastq (39); status: NEW; exit: -; error: -; workDir: /Users/skd6150/Documents/Research/CBI/iModulon_Ctherm/iModulonMiner/2_process_data/work/60/9d6e26879133137ff94cbe4c360093]
.. remaining tasks omitted.
Mar-25 12:24:23.223 [Task monitor] DEBUG n.processor.TaskPollingMonitor - Task completed > TaskHandler[id: 31; name: download_fastq (29); status: COMPLETED; exit: 0; error: -; workDir: /Users/skd6150/Documents/Research/CBI/iModulon_Ctherm/iModulonMiner/2_process_data/work/2f/15904d47c65c3bf9ac47b8f8de50e9]
Mar-25 12:24:23.229 [Task submitter] DEBUG n.executor.local.LocalTaskHandler - Launch cmd line: /bin/bash -ue .command.run
Mar-25 12:24:23.229 [Task submitter] INFO  nextflow.Session - [0e/a85138] Submitted process > download_fastq (30)
Mar-25 12:27:14.952 [Task monitor] DEBUG n.processor.TaskPollingMonitor - Task completed > TaskHandler[id: 32; name: download_fastq (30); status: COMPLETED; exit: 0; error: -; workDir: /Users/skd6150/Documents/Research/CBI/iModulon_Ctherm/iModulonMiner/2_process_data/work/0e/a851389ce8615c1560331cb817e086]
Mar-25 12:27:14.958 [Task submitter] DEBUG n.executor.local.LocalTaskHandler - Launch cmd line: /bin/bash -ue .command.run
Mar-25 12:27:14.958 [Task submitter] INFO  nextflow.Session - [b3/73d43e] Submitted process > download_fastq (33)
Mar-25 12:27:53.180 [Task monitor] DEBUG n.processor.TaskPollingMonitor - !! executor local > tasks to be completed: 1 -- submitted tasks are shown below
~> TaskHandler[id: 35; name: download_fastq (33); status: RUNNING; exit: -; error: -; workDir: /Users/skd6150/Documents/Research/CBI/iModulon_Ctherm/iModulonMiner/2_process_data/work/b3/73d43ee04da3115235c5b602ce1e71]
Mar-25 12:28:09.365 [Task submitter] DEBUG n.processor.TaskPollingMonitor - %% executor local > tasks in the submission queue: 375 -- tasks to be submitted are shown below
~> TaskHandler[id: 33; name: download_fastq (31); status: NEW; exit: -; error: -; workDir: /Users/skd6150/Documents/Research/CBI/iModulon_Ctherm/iModulonMiner/2_process_data/work/92/b01e5f6439a40395b6fe61f701721c]
~> TaskHandler[id: 37; name: download_fastq (35); status: NEW; exit: -; error: -; workDir: /Users/skd6150/Documents/Research/CBI/iModulon_Ctherm/iModulonMiner/2_process_data/work/35/0b487257402cc621f009707cef8b7d]
~> TaskHandler[id: 36; name: download_fastq (34); status: NEW; exit: -; error: -; workDir: /Users/skd6150/Documents/Research/CBI/iModulon_Ctherm/iModulonMiner/2_process_data/work/9d/1a4ac0a7bd9fb35cbdd397f80c18cf]
~> TaskHandler[id: 34; name: download_fastq (32); status: NEW; exit: -; error: -; workDir: /Users/skd6150/Documents/Research/CBI/iModulon_Ctherm/iModulonMiner/2_process_data/work/fb/78c54c799df0b753aef824943712e6]
~> TaskHandler[id: 39; name: download_fastq (37); status: NEW; exit: -; error: -; workDir: /Users/skd6150/Documents/Research/CBI/iModulon_Ctherm/iModulonMiner/2_process_data/work/59/0ac3e285b0811b0e2b013ee0b80c64]
~> TaskHandler[id: 38; name: download_fastq (36); status: NEW; exit: -; error: -; workDir: /Users/skd6150/Documents/Research/CBI/iModulon_Ctherm/iModulonMiner/2_process_data/work/c8/4d60e5df526a058b16693d13609fd7]
~> TaskHandler[id: 40; name: download_fastq (38); status: NEW; exit: -; error: -; workDir: /Users/skd6150/Documents/Research/CBI/iModulon_Ctherm/iModulonMiner/2_process_data/work/c8/7bc3a1f822d6dc03f478ab304392d8]
~> TaskHandler[id: 41; name: download_fastq (39); status: NEW; exit: -; error: -; workDir: /Users/skd6150/Documents/Research/CBI/iModulon_Ctherm/iModulonMiner/2_process_data/work/60/9d6e26879133137ff94cbe4c360093]
~> TaskHandler[id: 42; name: download_fastq (40); status: NEW; exit: -; error: -; workDir: /Users/skd6150/Documents/Research/CBI/iModulon_Ctherm/iModulonMiner/2_process_data/work/e1/6bb82a86c44b32324aca9ea6be3ebe]
~> TaskHandler[id: 43; name: download_fastq (41); status: NEW; exit: -; error: -; workDir: /Users/skd6150/Documents/Research/CBI/iModulon_Ctherm/iModulonMiner/2_process_data/work/1f/8a7be57e85923669b980226e11dd52]
.. remaining tasks omitted.
Mar-25 12:30:23.700 [Task monitor] DEBUG n.processor.TaskPollingMonitor - Task completed > TaskHandler[id: 35; name: download_fastq (33); status: COMPLETED; exit: 0; error: -; workDir: /Users/skd6150/Documents/Research/CBI/iModulon_Ctherm/iModulonMiner/2_process_data/work/b3/73d43ee04da3115235c5b602ce1e71]
Mar-25 12:30:23.707 [Task submitter] DEBUG n.executor.local.LocalTaskHandler - Launch cmd line: /bin/bash -ue .command.run
Mar-25 12:30:23.707 [Task submitter] INFO  nextflow.Session - [92/b01e5f] Submitted process > download_fastq (31)
Mar-25 12:32:53.245 [Task monitor] DEBUG n.processor.TaskPollingMonitor - !! executor local > tasks to be completed: 1 -- submitted tasks are shown below
~> TaskHandler[id: 33; name: download_fastq (31); status: RUNNING; exit: -; error: -; workDir: /Users/skd6150/Documents/Research/CBI/iModulon_Ctherm/iModulonMiner/2_process_data/work/92/b01e5f6439a40395b6fe61f701721c]
Mar-25 12:33:10.024 [Task submitter] DEBUG n.processor.TaskPollingMonitor - %% executor local > tasks in the submission queue: 375 -- tasks to be submitted are shown below
~> TaskHandler[id: 37; name: download_fastq (35); status: NEW; exit: -; error: -; workDir: /Users/skd6150/Documents/Research/CBI/iModulon_Ctherm/iModulonMiner/2_process_data/work/35/0b487257402cc621f009707cef8b7d]
~> TaskHandler[id: 36; name: download_fastq (34); status: NEW; exit: -; error: -; workDir: /Users/skd6150/Documents/Research/CBI/iModulon_Ctherm/iModulonMiner/2_process_data/work/9d/1a4ac0a7bd9fb35cbdd397f80c18cf]
~> TaskHandler[id: 34; name: download_fastq (32); status: NEW; exit: -; error: -; workDir: /Users/skd6150/Documents/Research/CBI/iModulon_Ctherm/iModulonMiner/2_process_data/work/fb/78c54c799df0b753aef824943712e6]
~> TaskHandler[id: 39; name: download_fastq (37); status: NEW; exit: -; error: -; workDir: /Users/skd6150/Documents/Research/CBI/iModulon_Ctherm/iModulonMiner/2_process_data/work/59/0ac3e285b0811b0e2b013ee0b80c64]
~> TaskHandler[id: 38; name: download_fastq (36); status: NEW; exit: -; error: -; workDir: /Users/skd6150/Documents/Research/CBI/iModulon_Ctherm/iModulonMiner/2_process_data/work/c8/4d60e5df526a058b16693d13609fd7]
~> TaskHandler[id: 40; name: download_fastq (38); status: NEW; exit: -; error: -; workDir: /Users/skd6150/Documents/Research/CBI/iModulon_Ctherm/iModulonMiner/2_process_data/work/c8/7bc3a1f822d6dc03f478ab304392d8]
~> TaskHandler[id: 41; name: download_fastq (39); status: NEW; exit: -; error: -; workDir: /Users/skd6150/Documents/Research/CBI/iModulon_Ctherm/iModulonMiner/2_process_data/work/60/9d6e26879133137ff94cbe4c360093]
~> TaskHandler[id: 42; name: download_fastq (40); status: NEW; exit: -; error: -; workDir: /Users/skd6150/Documents/Research/CBI/iModulon_Ctherm/iModulonMiner/2_process_data/work/e1/6bb82a86c44b32324aca9ea6be3ebe]
~> TaskHandler[id: 43; name: download_fastq (41); status: NEW; exit: -; error: -; workDir: /Users/skd6150/Documents/Research/CBI/iModulon_Ctherm/iModulonMiner/2_process_data/work/1f/8a7be57e85923669b980226e11dd52]
~> TaskHandler[id: 44; name: download_fastq (42); status: NEW; exit: -; error: -; workDir: /Users/skd6150/Documents/Research/CBI/iModulon_Ctherm/iModulonMiner/2_process_data/work/26/afdc8beb84808ca9bd10e7b594ebe2]
.. remaining tasks omitted.
Mar-25 12:35:44.313 [Task monitor] DEBUG n.processor.TaskPollingMonitor - Task completed > TaskHandler[id: 33; name: download_fastq (31); status: COMPLETED; exit: 0; error: -; workDir: /Users/skd6150/Documents/Research/CBI/iModulon_Ctherm/iModulonMiner/2_process_data/work/92/b01e5f6439a40395b6fe61f701721c]
Mar-25 12:35:44.318 [Task submitter] DEBUG n.executor.local.LocalTaskHandler - Launch cmd line: /bin/bash -ue .command.run
Mar-25 12:35:44.318 [Task submitter] INFO  nextflow.Session - [35/0b4872] Submitted process > download_fastq (35)
Mar-25 12:37:53.282 [Task monitor] DEBUG n.processor.TaskPollingMonitor - !! executor local > tasks to be completed: 1 -- submitted tasks are shown below
~> TaskHandler[id: 37; name: download_fastq (35); status: RUNNING; exit: -; error: -; workDir: /Users/skd6150/Documents/Research/CBI/iModulon_Ctherm/iModulonMiner/2_process_data/work/35/0b487257402cc621f009707cef8b7d]
Mar-25 12:38:10.480 [Task submitter] DEBUG n.processor.TaskPollingMonitor - %% executor local > tasks in the submission queue: 375 -- tasks to be submitted are shown below
~> TaskHandler[id: 36; name: download_fastq (34); status: NEW; exit: -; error: -; workDir: /Users/skd6150/Documents/Research/CBI/iModulon_Ctherm/iModulonMiner/2_process_data/work/9d/1a4ac0a7bd9fb35cbdd397f80c18cf]
~> TaskHandler[id: 34; name: download_fastq (32); status: NEW; exit: -; error: -; workDir: /Users/skd6150/Documents/Research/CBI/iModulon_Ctherm/iModulonMiner/2_process_data/work/fb/78c54c799df0b753aef824943712e6]
~> TaskHandler[id: 39; name: download_fastq (37); status: NEW; exit: -; error: -; workDir: /Users/skd6150/Documents/Research/CBI/iModulon_Ctherm/iModulonMiner/2_process_data/work/59/0ac3e285b0811b0e2b013ee0b80c64]
~> TaskHandler[id: 38; name: download_fastq (36); status: NEW; exit: -; error: -; workDir: /Users/skd6150/Documents/Research/CBI/iModulon_Ctherm/iModulonMiner/2_process_data/work/c8/4d60e5df526a058b16693d13609fd7]
~> TaskHandler[id: 40; name: download_fastq (38); status: NEW; exit: -; error: -; workDir: /Users/skd6150/Documents/Research/CBI/iModulon_Ctherm/iModulonMiner/2_process_data/work/c8/7bc3a1f822d6dc03f478ab304392d8]
~> TaskHandler[id: 41; name: download_fastq (39); status: NEW; exit: -; error: -; workDir: /Users/skd6150/Documents/Research/CBI/iModulon_Ctherm/iModulonMiner/2_process_data/work/60/9d6e26879133137ff94cbe4c360093]
~> TaskHandler[id: 42; name: download_fastq (40); status: NEW; exit: -; error: -; workDir: /Users/skd6150/Documents/Research/CBI/iModulon_Ctherm/iModulonMiner/2_process_data/work/e1/6bb82a86c44b32324aca9ea6be3ebe]
~> TaskHandler[id: 43; name: download_fastq (41); status: NEW; exit: -; error: -; workDir: /Users/skd6150/Documents/Research/CBI/iModulon_Ctherm/iModulonMiner/2_process_data/work/1f/8a7be57e85923669b980226e11dd52]
~> TaskHandler[id: 44; name: download_fastq (42); status: NEW; exit: -; error: -; workDir: /Users/skd6150/Documents/Research/CBI/iModulon_Ctherm/iModulonMiner/2_process_data/work/26/afdc8beb84808ca9bd10e7b594ebe2]
~> TaskHandler[id: 46; name: download_fastq (44); status: NEW; exit: -; error: -; workDir: /Users/skd6150/Documents/Research/CBI/iModulon_Ctherm/iModulonMiner/2_process_data/work/fc/c47a5a664de35191b5dfdaf94e10f4]
.. remaining tasks omitted.
Mar-25 12:42:43.948 [Task monitor] DEBUG n.processor.TaskPollingMonitor - Task completed > TaskHandler[id: 37; name: download_fastq (35); status: COMPLETED; exit: 0; error: -; workDir: /Users/skd6150/Documents/Research/CBI/iModulon_Ctherm/iModulonMiner/2_process_data/work/35/0b487257402cc621f009707cef8b7d]
Mar-25 12:42:43.952 [Task submitter] DEBUG n.executor.local.LocalTaskHandler - Launch cmd line: /bin/bash -ue .command.run
Mar-25 12:42:43.952 [Task submitter] INFO  nextflow.Session - [9d/1a4ac0] Submitted process > download_fastq (34)
Mar-25 12:42:53.375 [Task monitor] DEBUG n.processor.TaskPollingMonitor - !! executor local > tasks to be completed: 1 -- submitted tasks are shown below
~> TaskHandler[id: 36; name: download_fastq (34); status: RUNNING; exit: -; error: -; workDir: /Users/skd6150/Documents/Research/CBI/iModulon_Ctherm/iModulonMiner/2_process_data/work/9d/1a4ac0a7bd9fb35cbdd397f80c18cf]
Mar-25 12:43:11.155 [Task submitter] DEBUG n.processor.TaskPollingMonitor - %% executor local > tasks in the submission queue: 375 -- tasks to be submitted are shown below
~> TaskHandler[id: 34; name: download_fastq (32); status: NEW; exit: -; error: -; workDir: /Users/skd6150/Documents/Research/CBI/iModulon_Ctherm/iModulonMiner/2_process_data/work/fb/78c54c799df0b753aef824943712e6]
~> TaskHandler[id: 39; name: download_fastq (37); status: NEW; exit: -; error: -; workDir: /Users/skd6150/Documents/Research/CBI/iModulon_Ctherm/iModulonMiner/2_process_data/work/59/0ac3e285b0811b0e2b013ee0b80c64]
~> TaskHandler[id: 38; name: download_fastq (36); status: NEW; exit: -; error: -; workDir: /Users/skd6150/Documents/Research/CBI/iModulon_Ctherm/iModulonMiner/2_process_data/work/c8/4d60e5df526a058b16693d13609fd7]
~> TaskHandler[id: 40; name: download_fastq (38); status: NEW; exit: -; error: -; workDir: /Users/skd6150/Documents/Research/CBI/iModulon_Ctherm/iModulonMiner/2_process_data/work/c8/7bc3a1f822d6dc03f478ab304392d8]
~> TaskHandler[id: 41; name: download_fastq (39); status: NEW; exit: -; error: -; workDir: /Users/skd6150/Documents/Research/CBI/iModulon_Ctherm/iModulonMiner/2_process_data/work/60/9d6e26879133137ff94cbe4c360093]
~> TaskHandler[id: 42; name: download_fastq (40); status: NEW; exit: -; error: -; workDir: /Users/skd6150/Documents/Research/CBI/iModulon_Ctherm/iModulonMiner/2_process_data/work/e1/6bb82a86c44b32324aca9ea6be3ebe]
~> TaskHandler[id: 43; name: download_fastq (41); status: NEW; exit: -; error: -; workDir: /Users/skd6150/Documents/Research/CBI/iModulon_Ctherm/iModulonMiner/2_process_data/work/1f/8a7be57e85923669b980226e11dd52]
~> TaskHandler[id: 44; name: download_fastq (42); status: NEW; exit: -; error: -; workDir: /Users/skd6150/Documents/Research/CBI/iModulon_Ctherm/iModulonMiner/2_process_data/work/26/afdc8beb84808ca9bd10e7b594ebe2]
~> TaskHandler[id: 46; name: download_fastq (44); status: NEW; exit: -; error: -; workDir: /Users/skd6150/Documents/Research/CBI/iModulon_Ctherm/iModulonMiner/2_process_data/work/fc/c47a5a664de35191b5dfdaf94e10f4]
~> TaskHandler[id: 45; name: download_fastq (43); status: NEW; exit: -; error: -; workDir: /Users/skd6150/Documents/Research/CBI/iModulon_Ctherm/iModulonMiner/2_process_data/work/fa/249602623e83c7f14df244e90087ad]
.. remaining tasks omitted.
Mar-25 12:46:13.842 [Task monitor] DEBUG n.processor.TaskPollingMonitor - Task completed > TaskHandler[id: 36; name: download_fastq (34); status: COMPLETED; exit: 0; error: -; workDir: /Users/skd6150/Documents/Research/CBI/iModulon_Ctherm/iModulonMiner/2_process_data/work/9d/1a4ac0a7bd9fb35cbdd397f80c18cf]
Mar-25 12:46:13.850 [Task submitter] DEBUG n.executor.local.LocalTaskHandler - Launch cmd line: /bin/bash -ue .command.run
Mar-25 12:46:13.850 [Task submitter] INFO  nextflow.Session - [fb/78c54c] Submitted process > download_fastq (32)
Mar-25 12:47:53.448 [Task monitor] DEBUG n.processor.TaskPollingMonitor - !! executor local > tasks to be completed: 1 -- submitted tasks are shown below
~> TaskHandler[id: 34; name: download_fastq (32); status: RUNNING; exit: -; error: -; workDir: /Users/skd6150/Documents/Research/CBI/iModulon_Ctherm/iModulonMiner/2_process_data/work/fb/78c54c799df0b753aef824943712e6]
Mar-25 12:48:11.600 [Task submitter] DEBUG n.processor.TaskPollingMonitor - %% executor local > tasks in the submission queue: 375 -- tasks to be submitted are shown below
~> TaskHandler[id: 39; name: download_fastq (37); status: NEW; exit: -; error: -; workDir: /Users/skd6150/Documents/Research/CBI/iModulon_Ctherm/iModulonMiner/2_process_data/work/59/0ac3e285b0811b0e2b013ee0b80c64]
~> TaskHandler[id: 38; name: download_fastq (36); status: NEW; exit: -; error: -; workDir: /Users/skd6150/Documents/Research/CBI/iModulon_Ctherm/iModulonMiner/2_process_data/work/c8/4d60e5df526a058b16693d13609fd7]
~> TaskHandler[id: 40; name: download_fastq (38); status: NEW; exit: -; error: -; workDir: /Users/skd6150/Documents/Research/CBI/iModulon_Ctherm/iModulonMiner/2_process_data/work/c8/7bc3a1f822d6dc03f478ab304392d8]
~> TaskHandler[id: 41; name: download_fastq (39); status: NEW; exit: -; error: -; workDir: /Users/skd6150/Documents/Research/CBI/iModulon_Ctherm/iModulonMiner/2_process_data/work/60/9d6e26879133137ff94cbe4c360093]
~> TaskHandler[id: 42; name: download_fastq (40); status: NEW; exit: -; error: -; workDir: /Users/skd6150/Documents/Research/CBI/iModulon_Ctherm/iModulonMiner/2_process_data/work/e1/6bb82a86c44b32324aca9ea6be3ebe]
~> TaskHandler[id: 43; name: download_fastq (41); status: NEW; exit: -; error: -; workDir: /Users/skd6150/Documents/Research/CBI/iModulon_Ctherm/iModulonMiner/2_process_data/work/1f/8a7be57e85923669b980226e11dd52]
~> TaskHandler[id: 44; name: download_fastq (42); status: NEW; exit: -; error: -; workDir: /Users/skd6150/Documents/Research/CBI/iModulon_Ctherm/iModulonMiner/2_process_data/work/26/afdc8beb84808ca9bd10e7b594ebe2]
~> TaskHandler[id: 46; name: download_fastq (44); status: NEW; exit: -; error: -; workDir: /Users/skd6150/Documents/Research/CBI/iModulon_Ctherm/iModulonMiner/2_process_data/work/fc/c47a5a664de35191b5dfdaf94e10f4]
~> TaskHandler[id: 45; name: download_fastq (43); status: NEW; exit: -; error: -; workDir: /Users/skd6150/Documents/Research/CBI/iModulon_Ctherm/iModulonMiner/2_process_data/work/fa/249602623e83c7f14df244e90087ad]
~> TaskHandler[id: 47; name: download_fastq (45); status: NEW; exit: -; error: -; workDir: /Users/skd6150/Documents/Research/CBI/iModulon_Ctherm/iModulonMiner/2_process_data/work/14/e4058caac020eb61bd6c12e4f2aebd]
.. remaining tasks omitted.
Mar-25 12:49:13.096 [Task monitor] DEBUG n.processor.TaskPollingMonitor - Task completed > TaskHandler[id: 34; name: download_fastq (32); status: COMPLETED; exit: 0; error: -; workDir: /Users/skd6150/Documents/Research/CBI/iModulon_Ctherm/iModulonMiner/2_process_data/work/fb/78c54c799df0b753aef824943712e6]
Mar-25 12:49:13.101 [Task submitter] DEBUG n.executor.local.LocalTaskHandler - Launch cmd line: /bin/bash -ue .command.run
Mar-25 12:49:13.101 [Task submitter] INFO  nextflow.Session - [59/0ac3e2] Submitted process > download_fastq (37)
Mar-25 12:52:53.510 [Task monitor] DEBUG n.processor.TaskPollingMonitor - !! executor local > tasks to be completed: 1 -- submitted tasks are shown below
~> TaskHandler[id: 39; name: download_fastq (37); status: RUNNING; exit: -; error: -; workDir: /Users/skd6150/Documents/Research/CBI/iModulon_Ctherm/iModulonMiner/2_process_data/work/59/0ac3e285b0811b0e2b013ee0b80c64]
Mar-25 12:53:11.676 [Task submitter] DEBUG n.processor.TaskPollingMonitor - %% executor local > tasks in the submission queue: 375 -- tasks to be submitted are shown below
~> TaskHandler[id: 38; name: download_fastq (36); status: NEW; exit: -; error: -; workDir: /Users/skd6150/Documents/Research/CBI/iModulon_Ctherm/iModulonMiner/2_process_data/work/c8/4d60e5df526a058b16693d13609fd7]
~> TaskHandler[id: 40; name: download_fastq (38); status: NEW; exit: -; error: -; workDir: /Users/skd6150/Documents/Research/CBI/iModulon_Ctherm/iModulonMiner/2_process_data/work/c8/7bc3a1f822d6dc03f478ab304392d8]
~> TaskHandler[id: 41; name: download_fastq (39); status: NEW; exit: -; error: -; workDir: /Users/skd6150/Documents/Research/CBI/iModulon_Ctherm/iModulonMiner/2_process_data/work/60/9d6e26879133137ff94cbe4c360093]
~> TaskHandler[id: 42; name: download_fastq (40); status: NEW; exit: -; error: -; workDir: /Users/skd6150/Documents/Research/CBI/iModulon_Ctherm/iModulonMiner/2_process_data/work/e1/6bb82a86c44b32324aca9ea6be3ebe]
~> TaskHandler[id: 43; name: download_fastq (41); status: NEW; exit: -; error: -; workDir: /Users/skd6150/Documents/Research/CBI/iModulon_Ctherm/iModulonMiner/2_process_data/work/1f/8a7be57e85923669b980226e11dd52]
~> TaskHandler[id: 44; name: download_fastq (42); status: NEW; exit: -; error: -; workDir: /Users/skd6150/Documents/Research/CBI/iModulon_Ctherm/iModulonMiner/2_process_data/work/26/afdc8beb84808ca9bd10e7b594ebe2]
~> TaskHandler[id: 46; name: download_fastq (44); status: NEW; exit: -; error: -; workDir: /Users/skd6150/Documents/Research/CBI/iModulon_Ctherm/iModulonMiner/2_process_data/work/fc/c47a5a664de35191b5dfdaf94e10f4]
~> TaskHandler[id: 45; name: download_fastq (43); status: NEW; exit: -; error: -; workDir: /Users/skd6150/Documents/Research/CBI/iModulon_Ctherm/iModulonMiner/2_process_data/work/fa/249602623e83c7f14df244e90087ad]
~> TaskHandler[id: 47; name: download_fastq (45); status: NEW; exit: -; error: -; workDir: /Users/skd6150/Documents/Research/CBI/iModulon_Ctherm/iModulonMiner/2_process_data/work/14/e4058caac020eb61bd6c12e4f2aebd]
~> TaskHandler[id: 51; name: download_fastq (49); status: NEW; exit: -; error: -; workDir: /Users/skd6150/Documents/Research/CBI/iModulon_Ctherm/iModulonMiner/2_process_data/work/3a/5d01579d8606f1b067d3f7818c6ba5]
.. remaining tasks omitted.
Mar-25 12:57:53.604 [Task monitor] DEBUG n.processor.TaskPollingMonitor - !! executor local > tasks to be completed: 1 -- submitted tasks are shown below
~> TaskHandler[id: 39; name: download_fastq (37); status: RUNNING; exit: -; error: -; workDir: /Users/skd6150/Documents/Research/CBI/iModulon_Ctherm/iModulonMiner/2_process_data/work/59/0ac3e285b0811b0e2b013ee0b80c64]
Mar-25 12:58:11.720 [Task submitter] DEBUG n.processor.TaskPollingMonitor - %% executor local > tasks in the submission queue: 375 -- tasks to be submitted are shown below
~> TaskHandler[id: 38; name: download_fastq (36); status: NEW; exit: -; error: -; workDir: /Users/skd6150/Documents/Research/CBI/iModulon_Ctherm/iModulonMiner/2_process_data/work/c8/4d60e5df526a058b16693d13609fd7]
~> TaskHandler[id: 40; name: download_fastq (38); status: NEW; exit: -; error: -; workDir: /Users/skd6150/Documents/Research/CBI/iModulon_Ctherm/iModulonMiner/2_process_data/work/c8/7bc3a1f822d6dc03f478ab304392d8]
~> TaskHandler[id: 41; name: download_fastq (39); status: NEW; exit: -; error: -; workDir: /Users/skd6150/Documents/Research/CBI/iModulon_Ctherm/iModulonMiner/2_process_data/work/60/9d6e26879133137ff94cbe4c360093]
~> TaskHandler[id: 42; name: download_fastq (40); status: NEW; exit: -; error: -; workDir: /Users/skd6150/Documents/Research/CBI/iModulon_Ctherm/iModulonMiner/2_process_data/work/e1/6bb82a86c44b32324aca9ea6be3ebe]
~> TaskHandler[id: 43; name: download_fastq (41); status: NEW; exit: -; error: -; workDir: /Users/skd6150/Documents/Research/CBI/iModulon_Ctherm/iModulonMiner/2_process_data/work/1f/8a7be57e85923669b980226e11dd52]
~> TaskHandler[id: 44; name: download_fastq (42); status: NEW; exit: -; error: -; workDir: /Users/skd6150/Documents/Research/CBI/iModulon_Ctherm/iModulonMiner/2_process_data/work/26/afdc8beb84808ca9bd10e7b594ebe2]
~> TaskHandler[id: 46; name: download_fastq (44); status: NEW; exit: -; error: -; workDir: /Users/skd6150/Documents/Research/CBI/iModulon_Ctherm/iModulonMiner/2_process_data/work/fc/c47a5a664de35191b5dfdaf94e10f4]
~> TaskHandler[id: 45; name: download_fastq (43); status: NEW; exit: -; error: -; workDir: /Users/skd6150/Documents/Research/CBI/iModulon_Ctherm/iModulonMiner/2_process_data/work/fa/249602623e83c7f14df244e90087ad]
~> TaskHandler[id: 47; name: download_fastq (45); status: NEW; exit: -; error: -; workDir: /Users/skd6150/Documents/Research/CBI/iModulon_Ctherm/iModulonMiner/2_process_data/work/14/e4058caac020eb61bd6c12e4f2aebd]
~> TaskHandler[id: 51; name: download_fastq (49); status: NEW; exit: -; error: -; workDir: /Users/skd6150/Documents/Research/CBI/iModulon_Ctherm/iModulonMiner/2_process_data/work/3a/5d01579d8606f1b067d3f7818c6ba5]
.. remaining tasks omitted.
Mar-25 13:02:53.627 [Task monitor] DEBUG n.processor.TaskPollingMonitor - !! executor local > tasks to be completed: 1 -- submitted tasks are shown below
~> TaskHandler[id: 39; name: download_fastq (37); status: RUNNING; exit: -; error: -; workDir: /Users/skd6150/Documents/Research/CBI/iModulon_Ctherm/iModulonMiner/2_process_data/work/59/0ac3e285b0811b0e2b013ee0b80c64]
Mar-25 13:03:12.686 [Task submitter] DEBUG n.processor.TaskPollingMonitor - %% executor local > tasks in the submission queue: 375 -- tasks to be submitted are shown below
~> TaskHandler[id: 38; name: download_fastq (36); status: NEW; exit: -; error: -; workDir: /Users/skd6150/Documents/Research/CBI/iModulon_Ctherm/iModulonMiner/2_process_data/work/c8/4d60e5df526a058b16693d13609fd7]
~> TaskHandler[id: 40; name: download_fastq (38); status: NEW; exit: -; error: -; workDir: /Users/skd6150/Documents/Research/CBI/iModulon_Ctherm/iModulonMiner/2_process_data/work/c8/7bc3a1f822d6dc03f478ab304392d8]
~> TaskHandler[id: 41; name: download_fastq (39); status: NEW; exit: -; error: -; workDir: /Users/skd6150/Documents/Research/CBI/iModulon_Ctherm/iModulonMiner/2_process_data/work/60/9d6e26879133137ff94cbe4c360093]
~> TaskHandler[id: 42; name: download_fastq (40); status: NEW; exit: -; error: -; workDir: /Users/skd6150/Documents/Research/CBI/iModulon_Ctherm/iModulonMiner/2_process_data/work/e1/6bb82a86c44b32324aca9ea6be3ebe]
~> TaskHandler[id: 43; name: download_fastq (41); status: NEW; exit: -; error: -; workDir: /Users/skd6150/Documents/Research/CBI/iModulon_Ctherm/iModulonMiner/2_process_data/work/1f/8a7be57e85923669b980226e11dd52]
~> TaskHandler[id: 44; name: download_fastq (42); status: NEW; exit: -; error: -; workDir: /Users/skd6150/Documents/Research/CBI/iModulon_Ctherm/iModulonMiner/2_process_data/work/26/afdc8beb84808ca9bd10e7b594ebe2]
~> TaskHandler[id: 46; name: download_fastq (44); status: NEW; exit: -; error: -; workDir: /Users/skd6150/Documents/Research/CBI/iModulon_Ctherm/iModulonMiner/2_process_data/work/fc/c47a5a664de35191b5dfdaf94e10f4]
~> TaskHandler[id: 45; name: download_fastq (43); status: NEW; exit: -; error: -; workDir: /Users/skd6150/Documents/Research/CBI/iModulon_Ctherm/iModulonMiner/2_process_data/work/fa/249602623e83c7f14df244e90087ad]
~> TaskHandler[id: 47; name: download_fastq (45); status: NEW; exit: -; error: -; workDir: /Users/skd6150/Documents/Research/CBI/iModulon_Ctherm/iModulonMiner/2_process_data/work/14/e4058caac020eb61bd6c12e4f2aebd]
~> TaskHandler[id: 51; name: download_fastq (49); status: NEW; exit: -; error: -; workDir: /Users/skd6150/Documents/Research/CBI/iModulon_Ctherm/iModulonMiner/2_process_data/work/3a/5d01579d8606f1b067d3f7818c6ba5]
.. remaining tasks omitted.
Mar-25 13:07:53.644 [Task monitor] DEBUG n.processor.TaskPollingMonitor - !! executor local > tasks to be completed: 1 -- submitted tasks are shown below
~> TaskHandler[id: 39; name: download_fastq (37); status: RUNNING; exit: -; error: -; workDir: /Users/skd6150/Documents/Research/CBI/iModulon_Ctherm/iModulonMiner/2_process_data/work/59/0ac3e285b0811b0e2b013ee0b80c64]
Mar-25 13:08:13.607 [Task submitter] DEBUG n.processor.TaskPollingMonitor - %% executor local > tasks in the submission queue: 375 -- tasks to be submitted are shown below
~> TaskHandler[id: 38; name: download_fastq (36); status: NEW; exit: -; error: -; workDir: /Users/skd6150/Documents/Research/CBI/iModulon_Ctherm/iModulonMiner/2_process_data/work/c8/4d60e5df526a058b16693d13609fd7]
~> TaskHandler[id: 40; name: download_fastq (38); status: NEW; exit: -; error: -; workDir: /Users/skd6150/Documents/Research/CBI/iModulon_Ctherm/iModulonMiner/2_process_data/work/c8/7bc3a1f822d6dc03f478ab304392d8]
~> TaskHandler[id: 41; name: download_fastq (39); status: NEW; exit: -; error: -; workDir: /Users/skd6150/Documents/Research/CBI/iModulon_Ctherm/iModulonMiner/2_process_data/work/60/9d6e26879133137ff94cbe4c360093]
~> TaskHandler[id: 42; name: download_fastq (40); status: NEW; exit: -; error: -; workDir: /Users/skd6150/Documents/Research/CBI/iModulon_Ctherm/iModulonMiner/2_process_data/work/e1/6bb82a86c44b32324aca9ea6be3ebe]
~> TaskHandler[id: 43; name: download_fastq (41); status: NEW; exit: -; error: -; workDir: /Users/skd6150/Documents/Research/CBI/iModulon_Ctherm/iModulonMiner/2_process_data/work/1f/8a7be57e85923669b980226e11dd52]
~> TaskHandler[id: 44; name: download_fastq (42); status: NEW; exit: -; error: -; workDir: /Users/skd6150/Documents/Research/CBI/iModulon_Ctherm/iModulonMiner/2_process_data/work/26/afdc8beb84808ca9bd10e7b594ebe2]
~> TaskHandler[id: 46; name: download_fastq (44); status: NEW; exit: -; error: -; workDir: /Users/skd6150/Documents/Research/CBI/iModulon_Ctherm/iModulonMiner/2_process_data/work/fc/c47a5a664de35191b5dfdaf94e10f4]
~> TaskHandler[id: 45; name: download_fastq (43); status: NEW; exit: -; error: -; workDir: /Users/skd6150/Documents/Research/CBI/iModulon_Ctherm/iModulonMiner/2_process_data/work/fa/249602623e83c7f14df244e90087ad]
~> TaskHandler[id: 47; name: download_fastq (45); status: NEW; exit: -; error: -; workDir: /Users/skd6150/Documents/Research/CBI/iModulon_Ctherm/iModulonMiner/2_process_data/work/14/e4058caac020eb61bd6c12e4f2aebd]
~> TaskHandler[id: 51; name: download_fastq (49); status: NEW; exit: -; error: -; workDir: /Users/skd6150/Documents/Research/CBI/iModulon_Ctherm/iModulonMiner/2_process_data/work/3a/5d01579d8606f1b067d3f7818c6ba5]
.. remaining tasks omitted.
Mar-25 13:09:54.981 [Task monitor] DEBUG n.processor.TaskPollingMonitor - Task completed > TaskHandler[id: 39; name: download_fastq (37); status: COMPLETED; exit: 0; error: -; workDir: /Users/skd6150/Documents/Research/CBI/iModulon_Ctherm/iModulonMiner/2_process_data/work/59/0ac3e285b0811b0e2b013ee0b80c64]
Mar-25 13:09:54.999 [Task submitter] DEBUG n.executor.local.LocalTaskHandler - Launch cmd line: /bin/bash -ue .command.run
Mar-25 13:09:55.000 [Task submitter] INFO  nextflow.Session - [c8/4d60e5] Submitted process > download_fastq (36)
Mar-25 13:12:29.149 [Task monitor] DEBUG n.processor.TaskPollingMonitor - Task completed > TaskHandler[id: 38; name: download_fastq (36); status: COMPLETED; exit: 0; error: -; workDir: /Users/skd6150/Documents/Research/CBI/iModulon_Ctherm/iModulonMiner/2_process_data/work/c8/4d60e5df526a058b16693d13609fd7]
Mar-25 13:12:29.161 [Task submitter] DEBUG n.executor.local.LocalTaskHandler - Launch cmd line: /bin/bash -ue .command.run
Mar-25 13:12:29.162 [Task submitter] INFO  nextflow.Session - [c8/7bc3a1] Submitted process > download_fastq (38)
Mar-25 13:12:53.657 [Task monitor] DEBUG n.processor.TaskPollingMonitor - !! executor local > tasks to be completed: 1 -- submitted tasks are shown below
~> TaskHandler[id: 40; name: download_fastq (38); status: RUNNING; exit: -; error: -; workDir: /Users/skd6150/Documents/Research/CBI/iModulon_Ctherm/iModulonMiner/2_process_data/work/c8/7bc3a1f822d6dc03f478ab304392d8]
Mar-25 13:13:14.487 [Task submitter] DEBUG n.processor.TaskPollingMonitor - %% executor local > tasks in the submission queue: 375 -- tasks to be submitted are shown below
~> TaskHandler[id: 41; name: download_fastq (39); status: NEW; exit: -; error: -; workDir: /Users/skd6150/Documents/Research/CBI/iModulon_Ctherm/iModulonMiner/2_process_data/work/60/9d6e26879133137ff94cbe4c360093]
~> TaskHandler[id: 42; name: download_fastq (40); status: NEW; exit: -; error: -; workDir: /Users/skd6150/Documents/Research/CBI/iModulon_Ctherm/iModulonMiner/2_process_data/work/e1/6bb82a86c44b32324aca9ea6be3ebe]
~> TaskHandler[id: 43; name: download_fastq (41); status: NEW; exit: -; error: -; workDir: /Users/skd6150/Documents/Research/CBI/iModulon_Ctherm/iModulonMiner/2_process_data/work/1f/8a7be57e85923669b980226e11dd52]
~> TaskHandler[id: 44; name: download_fastq (42); status: NEW; exit: -; error: -; workDir: /Users/skd6150/Documents/Research/CBI/iModulon_Ctherm/iModulonMiner/2_process_data/work/26/afdc8beb84808ca9bd10e7b594ebe2]
~> TaskHandler[id: 46; name: download_fastq (44); status: NEW; exit: -; error: -; workDir: /Users/skd6150/Documents/Research/CBI/iModulon_Ctherm/iModulonMiner/2_process_data/work/fc/c47a5a664de35191b5dfdaf94e10f4]
~> TaskHandler[id: 45; name: download_fastq (43); status: NEW; exit: -; error: -; workDir: /Users/skd6150/Documents/Research/CBI/iModulon_Ctherm/iModulonMiner/2_process_data/work/fa/249602623e83c7f14df244e90087ad]
~> TaskHandler[id: 47; name: download_fastq (45); status: NEW; exit: -; error: -; workDir: /Users/skd6150/Documents/Research/CBI/iModulon_Ctherm/iModulonMiner/2_process_data/work/14/e4058caac020eb61bd6c12e4f2aebd]
~> TaskHandler[id: 51; name: download_fastq (49); status: NEW; exit: -; error: -; workDir: /Users/skd6150/Documents/Research/CBI/iModulon_Ctherm/iModulonMiner/2_process_data/work/3a/5d01579d8606f1b067d3f7818c6ba5]
~> TaskHandler[id: 48; name: download_fastq (46); status: NEW; exit: -; error: -; workDir: /Users/skd6150/Documents/Research/CBI/iModulon_Ctherm/iModulonMiner/2_process_data/work/eb/0dcf087f224961b27dc0f49b87be4b]
~> TaskHandler[id: 50; name: download_fastq (48); status: NEW; exit: -; error: -; workDir: /Users/skd6150/Documents/Research/CBI/iModulon_Ctherm/iModulonMiner/2_process_data/work/ad/03262310df706940b5c996907d0bc9]
.. remaining tasks omitted.
Mar-25 13:16:16.362 [Task monitor] DEBUG n.processor.TaskPollingMonitor - Task completed > TaskHandler[id: 40; name: download_fastq (38); status: COMPLETED; exit: 0; error: -; workDir: /Users/skd6150/Documents/Research/CBI/iModulon_Ctherm/iModulonMiner/2_process_data/work/c8/7bc3a1f822d6dc03f478ab304392d8]
Mar-25 13:16:16.373 [Task submitter] DEBUG n.executor.local.LocalTaskHandler - Launch cmd line: /bin/bash -ue .command.run
Mar-25 13:16:16.373 [Task submitter] INFO  nextflow.Session - [60/9d6e26] Submitted process > download_fastq (39)
Mar-25 13:17:53.761 [Task monitor] DEBUG n.processor.TaskPollingMonitor - !! executor local > tasks to be completed: 1 -- submitted tasks are shown below
~> TaskHandler[id: 41; name: download_fastq (39); status: RUNNING; exit: -; error: -; workDir: /Users/skd6150/Documents/Research/CBI/iModulon_Ctherm/iModulonMiner/2_process_data/work/60/9d6e26879133137ff94cbe4c360093]
Mar-25 13:18:15.235 [Task submitter] DEBUG n.processor.TaskPollingMonitor - %% executor local > tasks in the submission queue: 375 -- tasks to be submitted are shown below
~> TaskHandler[id: 42; name: download_fastq (40); status: NEW; exit: -; error: -; workDir: /Users/skd6150/Documents/Research/CBI/iModulon_Ctherm/iModulonMiner/2_process_data/work/e1/6bb82a86c44b32324aca9ea6be3ebe]
~> TaskHandler[id: 43; name: download_fastq (41); status: NEW; exit: -; error: -; workDir: /Users/skd6150/Documents/Research/CBI/iModulon_Ctherm/iModulonMiner/2_process_data/work/1f/8a7be57e85923669b980226e11dd52]
~> TaskHandler[id: 44; name: download_fastq (42); status: NEW; exit: -; error: -; workDir: /Users/skd6150/Documents/Research/CBI/iModulon_Ctherm/iModulonMiner/2_process_data/work/26/afdc8beb84808ca9bd10e7b594ebe2]
~> TaskHandler[id: 46; name: download_fastq (44); status: NEW; exit: -; error: -; workDir: /Users/skd6150/Documents/Research/CBI/iModulon_Ctherm/iModulonMiner/2_process_data/work/fc/c47a5a664de35191b5dfdaf94e10f4]
~> TaskHandler[id: 45; name: download_fastq (43); status: NEW; exit: -; error: -; workDir: /Users/skd6150/Documents/Research/CBI/iModulon_Ctherm/iModulonMiner/2_process_data/work/fa/249602623e83c7f14df244e90087ad]
~> TaskHandler[id: 47; name: download_fastq (45); status: NEW; exit: -; error: -; workDir: /Users/skd6150/Documents/Research/CBI/iModulon_Ctherm/iModulonMiner/2_process_data/work/14/e4058caac020eb61bd6c12e4f2aebd]
~> TaskHandler[id: 51; name: download_fastq (49); status: NEW; exit: -; error: -; workDir: /Users/skd6150/Documents/Research/CBI/iModulon_Ctherm/iModulonMiner/2_process_data/work/3a/5d01579d8606f1b067d3f7818c6ba5]
~> TaskHandler[id: 48; name: download_fastq (46); status: NEW; exit: -; error: -; workDir: /Users/skd6150/Documents/Research/CBI/iModulon_Ctherm/iModulonMiner/2_process_data/work/eb/0dcf087f224961b27dc0f49b87be4b]
~> TaskHandler[id: 50; name: download_fastq (48); status: NEW; exit: -; error: -; workDir: /Users/skd6150/Documents/Research/CBI/iModulon_Ctherm/iModulonMiner/2_process_data/work/ad/03262310df706940b5c996907d0bc9]
~> TaskHandler[id: 49; name: download_fastq (47); status: NEW; exit: -; error: -; workDir: /Users/skd6150/Documents/Research/CBI/iModulon_Ctherm/iModulonMiner/2_process_data/work/81/52470bacbce087dba9c14b4cfeb4ac]
.. remaining tasks omitted.
Mar-25 13:22:25.108 [Task monitor] DEBUG n.processor.TaskPollingMonitor - Task completed > TaskHandler[id: 41; name: download_fastq (39); status: COMPLETED; exit: 0; error: -; workDir: /Users/skd6150/Documents/Research/CBI/iModulon_Ctherm/iModulonMiner/2_process_data/work/60/9d6e26879133137ff94cbe4c360093]
Mar-25 13:22:25.131 [Task submitter] DEBUG n.executor.local.LocalTaskHandler - Launch cmd line: /bin/bash -ue .command.run
Mar-25 13:22:25.131 [Task submitter] INFO  nextflow.Session - [e1/6bb82a] Submitted process > download_fastq (40)
Mar-25 13:22:53.785 [Task monitor] DEBUG n.processor.TaskPollingMonitor - !! executor local > tasks to be completed: 1 -- submitted tasks are shown below
~> TaskHandler[id: 42; name: download_fastq (40); status: RUNNING; exit: -; error: -; workDir: /Users/skd6150/Documents/Research/CBI/iModulon_Ctherm/iModulonMiner/2_process_data/work/e1/6bb82a86c44b32324aca9ea6be3ebe]
Mar-25 13:23:15.447 [Task submitter] DEBUG n.processor.TaskPollingMonitor - %% executor local > tasks in the submission queue: 375 -- tasks to be submitted are shown below
~> TaskHandler[id: 43; name: download_fastq (41); status: NEW; exit: -; error: -; workDir: /Users/skd6150/Documents/Research/CBI/iModulon_Ctherm/iModulonMiner/2_process_data/work/1f/8a7be57e85923669b980226e11dd52]
~> TaskHandler[id: 44; name: download_fastq (42); status: NEW; exit: -; error: -; workDir: /Users/skd6150/Documents/Research/CBI/iModulon_Ctherm/iModulonMiner/2_process_data/work/26/afdc8beb84808ca9bd10e7b594ebe2]
~> TaskHandler[id: 46; name: download_fastq (44); status: NEW; exit: -; error: -; workDir: /Users/skd6150/Documents/Research/CBI/iModulon_Ctherm/iModulonMiner/2_process_data/work/fc/c47a5a664de35191b5dfdaf94e10f4]
~> TaskHandler[id: 45; name: download_fastq (43); status: NEW; exit: -; error: -; workDir: /Users/skd6150/Documents/Research/CBI/iModulon_Ctherm/iModulonMiner/2_process_data/work/fa/249602623e83c7f14df244e90087ad]
~> TaskHandler[id: 47; name: download_fastq (45); status: NEW; exit: -; error: -; workDir: /Users/skd6150/Documents/Research/CBI/iModulon_Ctherm/iModulonMiner/2_process_data/work/14/e4058caac020eb61bd6c12e4f2aebd]
~> TaskHandler[id: 51; name: download_fastq (49); status: NEW; exit: -; error: -; workDir: /Users/skd6150/Documents/Research/CBI/iModulon_Ctherm/iModulonMiner/2_process_data/work/3a/5d01579d8606f1b067d3f7818c6ba5]
~> TaskHandler[id: 48; name: download_fastq (46); status: NEW; exit: -; error: -; workDir: /Users/skd6150/Documents/Research/CBI/iModulon_Ctherm/iModulonMiner/2_process_data/work/eb/0dcf087f224961b27dc0f49b87be4b]
~> TaskHandler[id: 50; name: download_fastq (48); status: NEW; exit: -; error: -; workDir: /Users/skd6150/Documents/Research/CBI/iModulon_Ctherm/iModulonMiner/2_process_data/work/ad/03262310df706940b5c996907d0bc9]
~> TaskHandler[id: 49; name: download_fastq (47); status: NEW; exit: -; error: -; workDir: /Users/skd6150/Documents/Research/CBI/iModulon_Ctherm/iModulonMiner/2_process_data/work/81/52470bacbce087dba9c14b4cfeb4ac]
~> TaskHandler[id: 52; name: download_fastq (50); status: NEW; exit: -; error: -; workDir: /Users/skd6150/Documents/Research/CBI/iModulon_Ctherm/iModulonMiner/2_process_data/work/50/0791c9f2fb0f502bd068cde1b6528d]
.. remaining tasks omitted.
Mar-25 13:27:36.621 [Task monitor] DEBUG n.processor.TaskPollingMonitor - Task completed > TaskHandler[id: 42; name: download_fastq (40); status: COMPLETED; exit: 0; error: -; workDir: /Users/skd6150/Documents/Research/CBI/iModulon_Ctherm/iModulonMiner/2_process_data/work/e1/6bb82a86c44b32324aca9ea6be3ebe]
Mar-25 13:27:36.632 [Task submitter] DEBUG n.executor.local.LocalTaskHandler - Launch cmd line: /bin/bash -ue .command.run
Mar-25 13:27:36.632 [Task submitter] INFO  nextflow.Session - [1f/8a7be5] Submitted process > download_fastq (41)
Mar-25 13:27:53.812 [Task monitor] DEBUG n.processor.TaskPollingMonitor - !! executor local > tasks to be completed: 1 -- submitted tasks are shown below
~> TaskHandler[id: 43; name: download_fastq (41); status: RUNNING; exit: -; error: -; workDir: /Users/skd6150/Documents/Research/CBI/iModulon_Ctherm/iModulonMiner/2_process_data/work/1f/8a7be57e85923669b980226e11dd52]
Mar-25 13:28:15.859 [Task submitter] DEBUG n.processor.TaskPollingMonitor - %% executor local > tasks in the submission queue: 375 -- tasks to be submitted are shown below
~> TaskHandler[id: 44; name: download_fastq (42); status: NEW; exit: -; error: -; workDir: /Users/skd6150/Documents/Research/CBI/iModulon_Ctherm/iModulonMiner/2_process_data/work/26/afdc8beb84808ca9bd10e7b594ebe2]
~> TaskHandler[id: 46; name: download_fastq (44); status: NEW; exit: -; error: -; workDir: /Users/skd6150/Documents/Research/CBI/iModulon_Ctherm/iModulonMiner/2_process_data/work/fc/c47a5a664de35191b5dfdaf94e10f4]
~> TaskHandler[id: 45; name: download_fastq (43); status: NEW; exit: -; error: -; workDir: /Users/skd6150/Documents/Research/CBI/iModulon_Ctherm/iModulonMiner/2_process_data/work/fa/249602623e83c7f14df244e90087ad]
~> TaskHandler[id: 47; name: download_fastq (45); status: NEW; exit: -; error: -; workDir: /Users/skd6150/Documents/Research/CBI/iModulon_Ctherm/iModulonMiner/2_process_data/work/14/e4058caac020eb61bd6c12e4f2aebd]
~> TaskHandler[id: 51; name: download_fastq (49); status: NEW; exit: -; error: -; workDir: /Users/skd6150/Documents/Research/CBI/iModulon_Ctherm/iModulonMiner/2_process_data/work/3a/5d01579d8606f1b067d3f7818c6ba5]
~> TaskHandler[id: 48; name: download_fastq (46); status: NEW; exit: -; error: -; workDir: /Users/skd6150/Documents/Research/CBI/iModulon_Ctherm/iModulonMiner/2_process_data/work/eb/0dcf087f224961b27dc0f49b87be4b]
~> TaskHandler[id: 50; name: download_fastq (48); status: NEW; exit: -; error: -; workDir: /Users/skd6150/Documents/Research/CBI/iModulon_Ctherm/iModulonMiner/2_process_data/work/ad/03262310df706940b5c996907d0bc9]
~> TaskHandler[id: 49; name: download_fastq (47); status: NEW; exit: -; error: -; workDir: /Users/skd6150/Documents/Research/CBI/iModulon_Ctherm/iModulonMiner/2_process_data/work/81/52470bacbce087dba9c14b4cfeb4ac]
~> TaskHandler[id: 52; name: download_fastq (50); status: NEW; exit: -; error: -; workDir: /Users/skd6150/Documents/Research/CBI/iModulon_Ctherm/iModulonMiner/2_process_data/work/50/0791c9f2fb0f502bd068cde1b6528d]
~> TaskHandler[id: 53; name: download_fastq (51); status: NEW; exit: -; error: -; workDir: /Users/skd6150/Documents/Research/CBI/iModulon_Ctherm/iModulonMiner/2_process_data/work/f3/98732603399e9f7b66d8dcf1b0a6c2]
.. remaining tasks omitted.
Mar-25 13:32:53.859 [Task monitor] DEBUG n.processor.TaskPollingMonitor - !! executor local > tasks to be completed: 1 -- submitted tasks are shown below
~> TaskHandler[id: 43; name: download_fastq (41); status: RUNNING; exit: -; error: -; workDir: /Users/skd6150/Documents/Research/CBI/iModulon_Ctherm/iModulonMiner/2_process_data/work/1f/8a7be57e85923669b980226e11dd52]
Mar-25 13:33:15.915 [Task submitter] DEBUG n.processor.TaskPollingMonitor - %% executor local > tasks in the submission queue: 375 -- tasks to be submitted are shown below
~> TaskHandler[id: 44; name: download_fastq (42); status: NEW; exit: -; error: -; workDir: /Users/skd6150/Documents/Research/CBI/iModulon_Ctherm/iModulonMiner/2_process_data/work/26/afdc8beb84808ca9bd10e7b594ebe2]
~> TaskHandler[id: 46; name: download_fastq (44); status: NEW; exit: -; error: -; workDir: /Users/skd6150/Documents/Research/CBI/iModulon_Ctherm/iModulonMiner/2_process_data/work/fc/c47a5a664de35191b5dfdaf94e10f4]
~> TaskHandler[id: 45; name: download_fastq (43); status: NEW; exit: -; error: -; workDir: /Users/skd6150/Documents/Research/CBI/iModulon_Ctherm/iModulonMiner/2_process_data/work/fa/249602623e83c7f14df244e90087ad]
~> TaskHandler[id: 47; name: download_fastq (45); status: NEW; exit: -; error: -; workDir: /Users/skd6150/Documents/Research/CBI/iModulon_Ctherm/iModulonMiner/2_process_data/work/14/e4058caac020eb61bd6c12e4f2aebd]
~> TaskHandler[id: 51; name: download_fastq (49); status: NEW; exit: -; error: -; workDir: /Users/skd6150/Documents/Research/CBI/iModulon_Ctherm/iModulonMiner/2_process_data/work/3a/5d01579d8606f1b067d3f7818c6ba5]
~> TaskHandler[id: 48; name: download_fastq (46); status: NEW; exit: -; error: -; workDir: /Users/skd6150/Documents/Research/CBI/iModulon_Ctherm/iModulonMiner/2_process_data/work/eb/0dcf087f224961b27dc0f49b87be4b]
~> TaskHandler[id: 50; name: download_fastq (48); status: NEW; exit: -; error: -; workDir: /Users/skd6150/Documents/Research/CBI/iModulon_Ctherm/iModulonMiner/2_process_data/work/ad/03262310df706940b5c996907d0bc9]
~> TaskHandler[id: 49; name: download_fastq (47); status: NEW; exit: -; error: -; workDir: /Users/skd6150/Documents/Research/CBI/iModulon_Ctherm/iModulonMiner/2_process_data/work/81/52470bacbce087dba9c14b4cfeb4ac]
~> TaskHandler[id: 52; name: download_fastq (50); status: NEW; exit: -; error: -; workDir: /Users/skd6150/Documents/Research/CBI/iModulon_Ctherm/iModulonMiner/2_process_data/work/50/0791c9f2fb0f502bd068cde1b6528d]
~> TaskHandler[id: 53; name: download_fastq (51); status: NEW; exit: -; error: -; workDir: /Users/skd6150/Documents/Research/CBI/iModulon_Ctherm/iModulonMiner/2_process_data/work/f3/98732603399e9f7b66d8dcf1b0a6c2]
.. remaining tasks omitted.
Mar-25 13:37:04.911 [Task monitor] DEBUG n.processor.TaskPollingMonitor - Task completed > TaskHandler[id: 43; name: download_fastq (41); status: COMPLETED; exit: 0; error: -; workDir: /Users/skd6150/Documents/Research/CBI/iModulon_Ctherm/iModulonMiner/2_process_data/work/1f/8a7be57e85923669b980226e11dd52]
Mar-25 13:37:04.926 [Task submitter] DEBUG n.executor.local.LocalTaskHandler - Launch cmd line: /bin/bash -ue .command.run
Mar-25 13:37:04.926 [Task submitter] INFO  nextflow.Session - [26/afdc8b] Submitted process > download_fastq (42)
Mar-25 13:37:53.895 [Task monitor] DEBUG n.processor.TaskPollingMonitor - !! executor local > tasks to be completed: 1 -- submitted tasks are shown below
~> TaskHandler[id: 44; name: download_fastq (42); status: RUNNING; exit: -; error: -; workDir: /Users/skd6150/Documents/Research/CBI/iModulon_Ctherm/iModulonMiner/2_process_data/work/26/afdc8beb84808ca9bd10e7b594ebe2]
Mar-25 13:38:16.482 [Task submitter] DEBUG n.processor.TaskPollingMonitor - %% executor local > tasks in the submission queue: 375 -- tasks to be submitted are shown below
~> TaskHandler[id: 46; name: download_fastq (44); status: NEW; exit: -; error: -; workDir: /Users/skd6150/Documents/Research/CBI/iModulon_Ctherm/iModulonMiner/2_process_data/work/fc/c47a5a664de35191b5dfdaf94e10f4]
~> TaskHandler[id: 45; name: download_fastq (43); status: NEW; exit: -; error: -; workDir: /Users/skd6150/Documents/Research/CBI/iModulon_Ctherm/iModulonMiner/2_process_data/work/fa/249602623e83c7f14df244e90087ad]
~> TaskHandler[id: 47; name: download_fastq (45); status: NEW; exit: -; error: -; workDir: /Users/skd6150/Documents/Research/CBI/iModulon_Ctherm/iModulonMiner/2_process_data/work/14/e4058caac020eb61bd6c12e4f2aebd]
~> TaskHandler[id: 51; name: download_fastq (49); status: NEW; exit: -; error: -; workDir: /Users/skd6150/Documents/Research/CBI/iModulon_Ctherm/iModulonMiner/2_process_data/work/3a/5d01579d8606f1b067d3f7818c6ba5]
~> TaskHandler[id: 48; name: download_fastq (46); status: NEW; exit: -; error: -; workDir: /Users/skd6150/Documents/Research/CBI/iModulon_Ctherm/iModulonMiner/2_process_data/work/eb/0dcf087f224961b27dc0f49b87be4b]
~> TaskHandler[id: 50; name: download_fastq (48); status: NEW; exit: -; error: -; workDir: /Users/skd6150/Documents/Research/CBI/iModulon_Ctherm/iModulonMiner/2_process_data/work/ad/03262310df706940b5c996907d0bc9]
~> TaskHandler[id: 49; name: download_fastq (47); status: NEW; exit: -; error: -; workDir: /Users/skd6150/Documents/Research/CBI/iModulon_Ctherm/iModulonMiner/2_process_data/work/81/52470bacbce087dba9c14b4cfeb4ac]
~> TaskHandler[id: 52; name: download_fastq (50); status: NEW; exit: -; error: -; workDir: /Users/skd6150/Documents/Research/CBI/iModulon_Ctherm/iModulonMiner/2_process_data/work/50/0791c9f2fb0f502bd068cde1b6528d]
~> TaskHandler[id: 53; name: download_fastq (51); status: NEW; exit: -; error: -; workDir: /Users/skd6150/Documents/Research/CBI/iModulon_Ctherm/iModulonMiner/2_process_data/work/f3/98732603399e9f7b66d8dcf1b0a6c2]
~> TaskHandler[id: 55; name: download_fastq (53); status: NEW; exit: -; error: -; workDir: /Users/skd6150/Documents/Research/CBI/iModulon_Ctherm/iModulonMiner/2_process_data/work/5c/8ee4b5d5aedab3a292334f33f0f752]
.. remaining tasks omitted.
Mar-25 13:42:29.156 [Task monitor] DEBUG n.processor.TaskPollingMonitor - Task completed > TaskHandler[id: 44; name: download_fastq (42); status: COMPLETED; exit: 0; error: -; workDir: /Users/skd6150/Documents/Research/CBI/iModulon_Ctherm/iModulonMiner/2_process_data/work/26/afdc8beb84808ca9bd10e7b594ebe2]
Mar-25 13:42:29.179 [Task submitter] DEBUG n.executor.local.LocalTaskHandler - Launch cmd line: /bin/bash -ue .command.run
Mar-25 13:42:29.179 [Task submitter] INFO  nextflow.Session - [fc/c47a5a] Submitted process > download_fastq (44)
Mar-25 13:42:53.999 [Task monitor] DEBUG n.processor.TaskPollingMonitor - !! executor local > tasks to be completed: 1 -- submitted tasks are shown below
~> TaskHandler[id: 46; name: download_fastq (44); status: RUNNING; exit: -; error: -; workDir: /Users/skd6150/Documents/Research/CBI/iModulon_Ctherm/iModulonMiner/2_process_data/work/fc/c47a5a664de35191b5dfdaf94e10f4]
Mar-25 13:43:16.546 [Task submitter] DEBUG n.processor.TaskPollingMonitor - %% executor local > tasks in the submission queue: 375 -- tasks to be submitted are shown below
~> TaskHandler[id: 45; name: download_fastq (43); status: NEW; exit: -; error: -; workDir: /Users/skd6150/Documents/Research/CBI/iModulon_Ctherm/iModulonMiner/2_process_data/work/fa/249602623e83c7f14df244e90087ad]
~> TaskHandler[id: 47; name: download_fastq (45); status: NEW; exit: -; error: -; workDir: /Users/skd6150/Documents/Research/CBI/iModulon_Ctherm/iModulonMiner/2_process_data/work/14/e4058caac020eb61bd6c12e4f2aebd]
~> TaskHandler[id: 51; name: download_fastq (49); status: NEW; exit: -; error: -; workDir: /Users/skd6150/Documents/Research/CBI/iModulon_Ctherm/iModulonMiner/2_process_data/work/3a/5d01579d8606f1b067d3f7818c6ba5]
~> TaskHandler[id: 48; name: download_fastq (46); status: NEW; exit: -; error: -; workDir: /Users/skd6150/Documents/Research/CBI/iModulon_Ctherm/iModulonMiner/2_process_data/work/eb/0dcf087f224961b27dc0f49b87be4b]
~> TaskHandler[id: 50; name: download_fastq (48); status: NEW; exit: -; error: -; workDir: /Users/skd6150/Documents/Research/CBI/iModulon_Ctherm/iModulonMiner/2_process_data/work/ad/03262310df706940b5c996907d0bc9]
~> TaskHandler[id: 49; name: download_fastq (47); status: NEW; exit: -; error: -; workDir: /Users/skd6150/Documents/Research/CBI/iModulon_Ctherm/iModulonMiner/2_process_data/work/81/52470bacbce087dba9c14b4cfeb4ac]
~> TaskHandler[id: 52; name: download_fastq (50); status: NEW; exit: -; error: -; workDir: /Users/skd6150/Documents/Research/CBI/iModulon_Ctherm/iModulonMiner/2_process_data/work/50/0791c9f2fb0f502bd068cde1b6528d]
~> TaskHandler[id: 53; name: download_fastq (51); status: NEW; exit: -; error: -; workDir: /Users/skd6150/Documents/Research/CBI/iModulon_Ctherm/iModulonMiner/2_process_data/work/f3/98732603399e9f7b66d8dcf1b0a6c2]
~> TaskHandler[id: 55; name: download_fastq (53); status: NEW; exit: -; error: -; workDir: /Users/skd6150/Documents/Research/CBI/iModulon_Ctherm/iModulonMiner/2_process_data/work/5c/8ee4b5d5aedab3a292334f33f0f752]
~> TaskHandler[id: 54; name: download_fastq (52); status: NEW; exit: -; error: -; workDir: /Users/skd6150/Documents/Research/CBI/iModulon_Ctherm/iModulonMiner/2_process_data/work/ec/04204a2386ed4d1768755787676d8b]
.. remaining tasks omitted.
Mar-25 13:47:54.100 [Task monitor] DEBUG n.processor.TaskPollingMonitor - !! executor local > tasks to be completed: 1 -- submitted tasks are shown below
~> TaskHandler[id: 46; name: download_fastq (44); status: RUNNING; exit: -; error: -; workDir: /Users/skd6150/Documents/Research/CBI/iModulon_Ctherm/iModulonMiner/2_process_data/work/fc/c47a5a664de35191b5dfdaf94e10f4]
Mar-25 13:48:16.564 [Task submitter] DEBUG n.processor.TaskPollingMonitor - %% executor local > tasks in the submission queue: 375 -- tasks to be submitted are shown below
~> TaskHandler[id: 45; name: download_fastq (43); status: NEW; exit: -; error: -; workDir: /Users/skd6150/Documents/Research/CBI/iModulon_Ctherm/iModulonMiner/2_process_data/work/fa/249602623e83c7f14df244e90087ad]
~> TaskHandler[id: 47; name: download_fastq (45); status: NEW; exit: -; error: -; workDir: /Users/skd6150/Documents/Research/CBI/iModulon_Ctherm/iModulonMiner/2_process_data/work/14/e4058caac020eb61bd6c12e4f2aebd]
~> TaskHandler[id: 51; name: download_fastq (49); status: NEW; exit: -; error: -; workDir: /Users/skd6150/Documents/Research/CBI/iModulon_Ctherm/iModulonMiner/2_process_data/work/3a/5d01579d8606f1b067d3f7818c6ba5]
~> TaskHandler[id: 48; name: download_fastq (46); status: NEW; exit: -; error: -; workDir: /Users/skd6150/Documents/Research/CBI/iModulon_Ctherm/iModulonMiner/2_process_data/work/eb/0dcf087f224961b27dc0f49b87be4b]
~> TaskHandler[id: 50; name: download_fastq (48); status: NEW; exit: -; error: -; workDir: /Users/skd6150/Documents/Research/CBI/iModulon_Ctherm/iModulonMiner/2_process_data/work/ad/03262310df706940b5c996907d0bc9]
~> TaskHandler[id: 49; name: download_fastq (47); status: NEW; exit: -; error: -; workDir: /Users/skd6150/Documents/Research/CBI/iModulon_Ctherm/iModulonMiner/2_process_data/work/81/52470bacbce087dba9c14b4cfeb4ac]
~> TaskHandler[id: 52; name: download_fastq (50); status: NEW; exit: -; error: -; workDir: /Users/skd6150/Documents/Research/CBI/iModulon_Ctherm/iModulonMiner/2_process_data/work/50/0791c9f2fb0f502bd068cde1b6528d]
~> TaskHandler[id: 53; name: download_fastq (51); status: NEW; exit: -; error: -; workDir: /Users/skd6150/Documents/Research/CBI/iModulon_Ctherm/iModulonMiner/2_process_data/work/f3/98732603399e9f7b66d8dcf1b0a6c2]
~> TaskHandler[id: 55; name: download_fastq (53); status: NEW; exit: -; error: -; workDir: /Users/skd6150/Documents/Research/CBI/iModulon_Ctherm/iModulonMiner/2_process_data/work/5c/8ee4b5d5aedab3a292334f33f0f752]
~> TaskHandler[id: 54; name: download_fastq (52); status: NEW; exit: -; error: -; workDir: /Users/skd6150/Documents/Research/CBI/iModulon_Ctherm/iModulonMiner/2_process_data/work/ec/04204a2386ed4d1768755787676d8b]
.. remaining tasks omitted.
Mar-25 13:48:31.526 [Task monitor] DEBUG n.processor.TaskPollingMonitor - Task completed > TaskHandler[id: 46; name: download_fastq (44); status: COMPLETED; exit: 0; error: -; workDir: /Users/skd6150/Documents/Research/CBI/iModulon_Ctherm/iModulonMiner/2_process_data/work/fc/c47a5a664de35191b5dfdaf94e10f4]
Mar-25 13:48:31.551 [Task submitter] DEBUG n.executor.local.LocalTaskHandler - Launch cmd line: /bin/bash -ue .command.run
Mar-25 13:48:31.551 [Task submitter] INFO  nextflow.Session - [fa/249602] Submitted process > download_fastq (43)
Mar-25 13:52:54.108 [Task monitor] DEBUG n.processor.TaskPollingMonitor - !! executor local > tasks to be completed: 1 -- submitted tasks are shown below
~> TaskHandler[id: 45; name: download_fastq (43); status: RUNNING; exit: -; error: -; workDir: /Users/skd6150/Documents/Research/CBI/iModulon_Ctherm/iModulonMiner/2_process_data/work/fa/249602623e83c7f14df244e90087ad]
Mar-25 13:53:17.446 [Task submitter] DEBUG n.processor.TaskPollingMonitor - %% executor local > tasks in the submission queue: 375 -- tasks to be submitted are shown below
~> TaskHandler[id: 47; name: download_fastq (45); status: NEW; exit: -; error: -; workDir: /Users/skd6150/Documents/Research/CBI/iModulon_Ctherm/iModulonMiner/2_process_data/work/14/e4058caac020eb61bd6c12e4f2aebd]
~> TaskHandler[id: 51; name: download_fastq (49); status: NEW; exit: -; error: -; workDir: /Users/skd6150/Documents/Research/CBI/iModulon_Ctherm/iModulonMiner/2_process_data/work/3a/5d01579d8606f1b067d3f7818c6ba5]
~> TaskHandler[id: 48; name: download_fastq (46); status: NEW; exit: -; error: -; workDir: /Users/skd6150/Documents/Research/CBI/iModulon_Ctherm/iModulonMiner/2_process_data/work/eb/0dcf087f224961b27dc0f49b87be4b]
~> TaskHandler[id: 50; name: download_fastq (48); status: NEW; exit: -; error: -; workDir: /Users/skd6150/Documents/Research/CBI/iModulon_Ctherm/iModulonMiner/2_process_data/work/ad/03262310df706940b5c996907d0bc9]
~> TaskHandler[id: 49; name: download_fastq (47); status: NEW; exit: -; error: -; workDir: /Users/skd6150/Documents/Research/CBI/iModulon_Ctherm/iModulonMiner/2_process_data/work/81/52470bacbce087dba9c14b4cfeb4ac]
~> TaskHandler[id: 52; name: download_fastq (50); status: NEW; exit: -; error: -; workDir: /Users/skd6150/Documents/Research/CBI/iModulon_Ctherm/iModulonMiner/2_process_data/work/50/0791c9f2fb0f502bd068cde1b6528d]
~> TaskHandler[id: 53; name: download_fastq (51); status: NEW; exit: -; error: -; workDir: /Users/skd6150/Documents/Research/CBI/iModulon_Ctherm/iModulonMiner/2_process_data/work/f3/98732603399e9f7b66d8dcf1b0a6c2]
~> TaskHandler[id: 55; name: download_fastq (53); status: NEW; exit: -; error: -; workDir: /Users/skd6150/Documents/Research/CBI/iModulon_Ctherm/iModulonMiner/2_process_data/work/5c/8ee4b5d5aedab3a292334f33f0f752]
~> TaskHandler[id: 54; name: download_fastq (52); status: NEW; exit: -; error: -; workDir: /Users/skd6150/Documents/Research/CBI/iModulon_Ctherm/iModulonMiner/2_process_data/work/ec/04204a2386ed4d1768755787676d8b]
~> TaskHandler[id: 56; name: download_fastq (54); status: NEW; exit: -; error: -; workDir: /Users/skd6150/Documents/Research/CBI/iModulon_Ctherm/iModulonMiner/2_process_data/work/e9/d0dae2ca6b2dd5ae19222086acd506]
.. remaining tasks omitted.
Mar-25 13:53:41.162 [Task monitor] DEBUG n.processor.TaskPollingMonitor - Task completed > TaskHandler[id: 45; name: download_fastq (43); status: COMPLETED; exit: 0; error: -; workDir: /Users/skd6150/Documents/Research/CBI/iModulon_Ctherm/iModulonMiner/2_process_data/work/fa/249602623e83c7f14df244e90087ad]
Mar-25 13:53:41.179 [Task submitter] DEBUG n.executor.local.LocalTaskHandler - Launch cmd line: /bin/bash -ue .command.run
Mar-25 13:53:41.179 [Task submitter] INFO  nextflow.Session - [14/e4058c] Submitted process > download_fastq (45)
Mar-25 13:57:30.556 [Task monitor] DEBUG n.processor.TaskPollingMonitor - Task completed > TaskHandler[id: 47; name: download_fastq (45); status: COMPLETED; exit: 0; error: -; workDir: /Users/skd6150/Documents/Research/CBI/iModulon_Ctherm/iModulonMiner/2_process_data/work/14/e4058caac020eb61bd6c12e4f2aebd]
Mar-25 13:57:30.580 [Task submitter] DEBUG n.executor.local.LocalTaskHandler - Launch cmd line: /bin/bash -ue .command.run
Mar-25 13:57:30.580 [Task submitter] INFO  nextflow.Session - [3a/5d0157] Submitted process > download_fastq (49)
Mar-25 13:57:54.139 [Task monitor] DEBUG n.processor.TaskPollingMonitor - !! executor local > tasks to be completed: 1 -- submitted tasks are shown below
~> TaskHandler[id: 51; name: download_fastq (49); status: RUNNING; exit: -; error: -; workDir: /Users/skd6150/Documents/Research/CBI/iModulon_Ctherm/iModulonMiner/2_process_data/work/3a/5d01579d8606f1b067d3f7818c6ba5]
Mar-25 13:58:17.885 [Task submitter] DEBUG n.processor.TaskPollingMonitor - %% executor local > tasks in the submission queue: 375 -- tasks to be submitted are shown below
~> TaskHandler[id: 48; name: download_fastq (46); status: NEW; exit: -; error: -; workDir: /Users/skd6150/Documents/Research/CBI/iModulon_Ctherm/iModulonMiner/2_process_data/work/eb/0dcf087f224961b27dc0f49b87be4b]
~> TaskHandler[id: 50; name: download_fastq (48); status: NEW; exit: -; error: -; workDir: /Users/skd6150/Documents/Research/CBI/iModulon_Ctherm/iModulonMiner/2_process_data/work/ad/03262310df706940b5c996907d0bc9]
~> TaskHandler[id: 49; name: download_fastq (47); status: NEW; exit: -; error: -; workDir: /Users/skd6150/Documents/Research/CBI/iModulon_Ctherm/iModulonMiner/2_process_data/work/81/52470bacbce087dba9c14b4cfeb4ac]
~> TaskHandler[id: 52; name: download_fastq (50); status: NEW; exit: -; error: -; workDir: /Users/skd6150/Documents/Research/CBI/iModulon_Ctherm/iModulonMiner/2_process_data/work/50/0791c9f2fb0f502bd068cde1b6528d]
~> TaskHandler[id: 53; name: download_fastq (51); status: NEW; exit: -; error: -; workDir: /Users/skd6150/Documents/Research/CBI/iModulon_Ctherm/iModulonMiner/2_process_data/work/f3/98732603399e9f7b66d8dcf1b0a6c2]
~> TaskHandler[id: 55; name: download_fastq (53); status: NEW; exit: -; error: -; workDir: /Users/skd6150/Documents/Research/CBI/iModulon_Ctherm/iModulonMiner/2_process_data/work/5c/8ee4b5d5aedab3a292334f33f0f752]
~> TaskHandler[id: 54; name: download_fastq (52); status: NEW; exit: -; error: -; workDir: /Users/skd6150/Documents/Research/CBI/iModulon_Ctherm/iModulonMiner/2_process_data/work/ec/04204a2386ed4d1768755787676d8b]
~> TaskHandler[id: 56; name: download_fastq (54); status: NEW; exit: -; error: -; workDir: /Users/skd6150/Documents/Research/CBI/iModulon_Ctherm/iModulonMiner/2_process_data/work/e9/d0dae2ca6b2dd5ae19222086acd506]
~> TaskHandler[id: 57; name: download_fastq (55); status: NEW; exit: -; error: -; workDir: /Users/skd6150/Documents/Research/CBI/iModulon_Ctherm/iModulonMiner/2_process_data/work/37/2a06179b4eaa73a7ab42bd6ed624c2]
~> TaskHandler[id: 63; name: download_fastq (61); status: NEW; exit: -; error: -; workDir: /Users/skd6150/Documents/Research/CBI/iModulon_Ctherm/iModulonMiner/2_process_data/work/eb/74903299deebfde2d0d33a180ee843]
.. remaining tasks omitted.
Mar-25 13:59:27.861 [Task monitor] DEBUG n.processor.TaskPollingMonitor - Task completed > TaskHandler[id: 51; name: download_fastq (49); status: COMPLETED; exit: 0; error: -; workDir: /Users/skd6150/Documents/Research/CBI/iModulon_Ctherm/iModulonMiner/2_process_data/work/3a/5d01579d8606f1b067d3f7818c6ba5]
Mar-25 13:59:27.875 [Task submitter] DEBUG n.executor.local.LocalTaskHandler - Launch cmd line: /bin/bash -ue .command.run
Mar-25 13:59:27.875 [Task submitter] INFO  nextflow.Session - [eb/0dcf08] Submitted process > download_fastq (46)
Mar-25 14:02:21.980 [Task monitor] DEBUG n.processor.TaskPollingMonitor - Task completed > TaskHandler[id: 48; name: download_fastq (46); status: COMPLETED; exit: 0; error: -; workDir: /Users/skd6150/Documents/Research/CBI/iModulon_Ctherm/iModulonMiner/2_process_data/work/eb/0dcf087f224961b27dc0f49b87be4b]
Mar-25 14:02:21.994 [Task submitter] DEBUG n.executor.local.LocalTaskHandler - Launch cmd line: /bin/bash -ue .command.run
Mar-25 14:02:21.995 [Task submitter] INFO  nextflow.Session - [ad/032623] Submitted process > download_fastq (48)
Mar-25 14:02:54.241 [Task monitor] DEBUG n.processor.TaskPollingMonitor - !! executor local > tasks to be completed: 1 -- submitted tasks are shown below
~> TaskHandler[id: 50; name: download_fastq (48); status: RUNNING; exit: -; error: -; workDir: /Users/skd6150/Documents/Research/CBI/iModulon_Ctherm/iModulonMiner/2_process_data/work/ad/03262310df706940b5c996907d0bc9]
Mar-25 14:03:18.410 [Task submitter] DEBUG n.processor.TaskPollingMonitor - %% executor local > tasks in the submission queue: 375 -- tasks to be submitted are shown below
~> TaskHandler[id: 49; name: download_fastq (47); status: NEW; exit: -; error: -; workDir: /Users/skd6150/Documents/Research/CBI/iModulon_Ctherm/iModulonMiner/2_process_data/work/81/52470bacbce087dba9c14b4cfeb4ac]
~> TaskHandler[id: 52; name: download_fastq (50); status: NEW; exit: -; error: -; workDir: /Users/skd6150/Documents/Research/CBI/iModulon_Ctherm/iModulonMiner/2_process_data/work/50/0791c9f2fb0f502bd068cde1b6528d]
~> TaskHandler[id: 53; name: download_fastq (51); status: NEW; exit: -; error: -; workDir: /Users/skd6150/Documents/Research/CBI/iModulon_Ctherm/iModulonMiner/2_process_data/work/f3/98732603399e9f7b66d8dcf1b0a6c2]
~> TaskHandler[id: 55; name: download_fastq (53); status: NEW; exit: -; error: -; workDir: /Users/skd6150/Documents/Research/CBI/iModulon_Ctherm/iModulonMiner/2_process_data/work/5c/8ee4b5d5aedab3a292334f33f0f752]
~> TaskHandler[id: 54; name: download_fastq (52); status: NEW; exit: -; error: -; workDir: /Users/skd6150/Documents/Research/CBI/iModulon_Ctherm/iModulonMiner/2_process_data/work/ec/04204a2386ed4d1768755787676d8b]
~> TaskHandler[id: 56; name: download_fastq (54); status: NEW; exit: -; error: -; workDir: /Users/skd6150/Documents/Research/CBI/iModulon_Ctherm/iModulonMiner/2_process_data/work/e9/d0dae2ca6b2dd5ae19222086acd506]
~> TaskHandler[id: 57; name: download_fastq (55); status: NEW; exit: -; error: -; workDir: /Users/skd6150/Documents/Research/CBI/iModulon_Ctherm/iModulonMiner/2_process_data/work/37/2a06179b4eaa73a7ab42bd6ed624c2]
~> TaskHandler[id: 63; name: download_fastq (61); status: NEW; exit: -; error: -; workDir: /Users/skd6150/Documents/Research/CBI/iModulon_Ctherm/iModulonMiner/2_process_data/work/eb/74903299deebfde2d0d33a180ee843]
~> TaskHandler[id: 58; name: download_fastq (56); status: NEW; exit: -; error: -; workDir: /Users/skd6150/Documents/Research/CBI/iModulon_Ctherm/iModulonMiner/2_process_data/work/0f/76dadda53efcfb9c2ec939e2b6e50d]
~> TaskHandler[id: 59; name: download_fastq (57); status: NEW; exit: -; error: -; workDir: /Users/skd6150/Documents/Research/CBI/iModulon_Ctherm/iModulonMiner/2_process_data/work/61/a73b739e744821e801921b88ce3054]
.. remaining tasks omitted.
Mar-25 14:05:48.512 [Task monitor] DEBUG n.processor.TaskPollingMonitor - Task completed > TaskHandler[id: 50; name: download_fastq (48); status: COMPLETED; exit: 0; error: -; workDir: /Users/skd6150/Documents/Research/CBI/iModulon_Ctherm/iModulonMiner/2_process_data/work/ad/03262310df706940b5c996907d0bc9]
Mar-25 14:05:48.524 [Task submitter] DEBUG n.executor.local.LocalTaskHandler - Launch cmd line: /bin/bash -ue .command.run
Mar-25 14:05:48.524 [Task submitter] INFO  nextflow.Session - [81/52470b] Submitted process > download_fastq (47)
Mar-25 14:07:54.306 [Task monitor] DEBUG n.processor.TaskPollingMonitor - !! executor local > tasks to be completed: 1 -- submitted tasks are shown below
~> TaskHandler[id: 49; name: download_fastq (47); status: RUNNING; exit: -; error: -; workDir: /Users/skd6150/Documents/Research/CBI/iModulon_Ctherm/iModulonMiner/2_process_data/work/81/52470bacbce087dba9c14b4cfeb4ac]
Mar-25 14:08:18.535 [Task submitter] DEBUG n.processor.TaskPollingMonitor - %% executor local > tasks in the submission queue: 375 -- tasks to be submitted are shown below
~> TaskHandler[id: 52; name: download_fastq (50); status: NEW; exit: -; error: -; workDir: /Users/skd6150/Documents/Research/CBI/iModulon_Ctherm/iModulonMiner/2_process_data/work/50/0791c9f2fb0f502bd068cde1b6528d]
~> TaskHandler[id: 53; name: download_fastq (51); status: NEW; exit: -; error: -; workDir: /Users/skd6150/Documents/Research/CBI/iModulon_Ctherm/iModulonMiner/2_process_data/work/f3/98732603399e9f7b66d8dcf1b0a6c2]
~> TaskHandler[id: 55; name: download_fastq (53); status: NEW; exit: -; error: -; workDir: /Users/skd6150/Documents/Research/CBI/iModulon_Ctherm/iModulonMiner/2_process_data/work/5c/8ee4b5d5aedab3a292334f33f0f752]
~> TaskHandler[id: 54; name: download_fastq (52); status: NEW; exit: -; error: -; workDir: /Users/skd6150/Documents/Research/CBI/iModulon_Ctherm/iModulonMiner/2_process_data/work/ec/04204a2386ed4d1768755787676d8b]
~> TaskHandler[id: 56; name: download_fastq (54); status: NEW; exit: -; error: -; workDir: /Users/skd6150/Documents/Research/CBI/iModulon_Ctherm/iModulonMiner/2_process_data/work/e9/d0dae2ca6b2dd5ae19222086acd506]
~> TaskHandler[id: 57; name: download_fastq (55); status: NEW; exit: -; error: -; workDir: /Users/skd6150/Documents/Research/CBI/iModulon_Ctherm/iModulonMiner/2_process_data/work/37/2a06179b4eaa73a7ab42bd6ed624c2]
~> TaskHandler[id: 63; name: download_fastq (61); status: NEW; exit: -; error: -; workDir: /Users/skd6150/Documents/Research/CBI/iModulon_Ctherm/iModulonMiner/2_process_data/work/eb/74903299deebfde2d0d33a180ee843]
~> TaskHandler[id: 58; name: download_fastq (56); status: NEW; exit: -; error: -; workDir: /Users/skd6150/Documents/Research/CBI/iModulon_Ctherm/iModulonMiner/2_process_data/work/0f/76dadda53efcfb9c2ec939e2b6e50d]
~> TaskHandler[id: 59; name: download_fastq (57); status: NEW; exit: -; error: -; workDir: /Users/skd6150/Documents/Research/CBI/iModulon_Ctherm/iModulonMiner/2_process_data/work/61/a73b739e744821e801921b88ce3054]
~> TaskHandler[id: 60; name: download_fastq (58); status: NEW; exit: -; error: -; workDir: /Users/skd6150/Documents/Research/CBI/iModulon_Ctherm/iModulonMiner/2_process_data/work/57/4fb9d6de688bb6c2f93db8a3faf8a6]
.. remaining tasks omitted.
Mar-25 14:09:01.912 [Task monitor] DEBUG n.processor.TaskPollingMonitor - Task completed > TaskHandler[id: 49; name: download_fastq (47); status: COMPLETED; exit: 0; error: -; workDir: /Users/skd6150/Documents/Research/CBI/iModulon_Ctherm/iModulonMiner/2_process_data/work/81/52470bacbce087dba9c14b4cfeb4ac]
Mar-25 14:09:01.922 [Task submitter] DEBUG n.executor.local.LocalTaskHandler - Launch cmd line: /bin/bash -ue .command.run
Mar-25 14:09:01.922 [Task submitter] INFO  nextflow.Session - [50/0791c9] Submitted process > download_fastq (50)
Mar-25 14:11:40.625 [Task monitor] DEBUG n.processor.TaskPollingMonitor - Task completed > TaskHandler[id: 52; name: download_fastq (50); status: COMPLETED; exit: 0; error: -; workDir: /Users/skd6150/Documents/Research/CBI/iModulon_Ctherm/iModulonMiner/2_process_data/work/50/0791c9f2fb0f502bd068cde1b6528d]
Mar-25 14:11:40.636 [Task submitter] DEBUG n.executor.local.LocalTaskHandler - Launch cmd line: /bin/bash -ue .command.run
Mar-25 14:11:40.637 [Task submitter] INFO  nextflow.Session - [f3/987326] Submitted process > download_fastq (51)
Mar-25 14:12:54.309 [Task monitor] DEBUG n.processor.TaskPollingMonitor - !! executor local > tasks to be completed: 1 -- submitted tasks are shown below
~> TaskHandler[id: 53; name: download_fastq (51); status: RUNNING; exit: -; error: -; workDir: /Users/skd6150/Documents/Research/CBI/iModulon_Ctherm/iModulonMiner/2_process_data/work/f3/98732603399e9f7b66d8dcf1b0a6c2]
Mar-25 14:13:19.352 [Task submitter] DEBUG n.processor.TaskPollingMonitor - %% executor local > tasks in the submission queue: 375 -- tasks to be submitted are shown below
~> TaskHandler[id: 55; name: download_fastq (53); status: NEW; exit: -; error: -; workDir: /Users/skd6150/Documents/Research/CBI/iModulon_Ctherm/iModulonMiner/2_process_data/work/5c/8ee4b5d5aedab3a292334f33f0f752]
~> TaskHandler[id: 54; name: download_fastq (52); status: NEW; exit: -; error: -; workDir: /Users/skd6150/Documents/Research/CBI/iModulon_Ctherm/iModulonMiner/2_process_data/work/ec/04204a2386ed4d1768755787676d8b]
~> TaskHandler[id: 56; name: download_fastq (54); status: NEW; exit: -; error: -; workDir: /Users/skd6150/Documents/Research/CBI/iModulon_Ctherm/iModulonMiner/2_process_data/work/e9/d0dae2ca6b2dd5ae19222086acd506]
~> TaskHandler[id: 57; name: download_fastq (55); status: NEW; exit: -; error: -; workDir: /Users/skd6150/Documents/Research/CBI/iModulon_Ctherm/iModulonMiner/2_process_data/work/37/2a06179b4eaa73a7ab42bd6ed624c2]
~> TaskHandler[id: 63; name: download_fastq (61); status: NEW; exit: -; error: -; workDir: /Users/skd6150/Documents/Research/CBI/iModulon_Ctherm/iModulonMiner/2_process_data/work/eb/74903299deebfde2d0d33a180ee843]
~> TaskHandler[id: 58; name: download_fastq (56); status: NEW; exit: -; error: -; workDir: /Users/skd6150/Documents/Research/CBI/iModulon_Ctherm/iModulonMiner/2_process_data/work/0f/76dadda53efcfb9c2ec939e2b6e50d]
~> TaskHandler[id: 59; name: download_fastq (57); status: NEW; exit: -; error: -; workDir: /Users/skd6150/Documents/Research/CBI/iModulon_Ctherm/iModulonMiner/2_process_data/work/61/a73b739e744821e801921b88ce3054]
~> TaskHandler[id: 60; name: download_fastq (58); status: NEW; exit: -; error: -; workDir: /Users/skd6150/Documents/Research/CBI/iModulon_Ctherm/iModulonMiner/2_process_data/work/57/4fb9d6de688bb6c2f93db8a3faf8a6]
~> TaskHandler[id: 61; name: download_fastq (59); status: NEW; exit: -; error: -; workDir: /Users/skd6150/Documents/Research/CBI/iModulon_Ctherm/iModulonMiner/2_process_data/work/90/05845579891f06ff867f8c999cb75b]
~> TaskHandler[id: 62; name: download_fastq (60); status: NEW; exit: -; error: -; workDir: /Users/skd6150/Documents/Research/CBI/iModulon_Ctherm/iModulonMiner/2_process_data/work/4b/9e49e014d1ab0fd81b5005af8c8e4c]
.. remaining tasks omitted.
Mar-25 14:15:51.757 [Task monitor] DEBUG n.processor.TaskPollingMonitor - Task completed > TaskHandler[id: 53; name: download_fastq (51); status: COMPLETED; exit: 0; error: -; workDir: /Users/skd6150/Documents/Research/CBI/iModulon_Ctherm/iModulonMiner/2_process_data/work/f3/98732603399e9f7b66d8dcf1b0a6c2]
Mar-25 14:15:51.769 [Task submitter] DEBUG n.executor.local.LocalTaskHandler - Launch cmd line: /bin/bash -ue .command.run
Mar-25 14:15:51.769 [Task submitter] INFO  nextflow.Session - [5c/8ee4b5] Submitted process > download_fastq (53)
Mar-25 14:17:54.378 [Task monitor] DEBUG n.processor.TaskPollingMonitor - !! executor local > tasks to be completed: 1 -- submitted tasks are shown below
~> TaskHandler[id: 55; name: download_fastq (53); status: RUNNING; exit: -; error: -; workDir: /Users/skd6150/Documents/Research/CBI/iModulon_Ctherm/iModulonMiner/2_process_data/work/5c/8ee4b5d5aedab3a292334f33f0f752]
Mar-25 14:18:19.826 [Task submitter] DEBUG n.processor.TaskPollingMonitor - %% executor local > tasks in the submission queue: 375 -- tasks to be submitted are shown below
~> TaskHandler[id: 54; name: download_fastq (52); status: NEW; exit: -; error: -; workDir: /Users/skd6150/Documents/Research/CBI/iModulon_Ctherm/iModulonMiner/2_process_data/work/ec/04204a2386ed4d1768755787676d8b]
~> TaskHandler[id: 56; name: download_fastq (54); status: NEW; exit: -; error: -; workDir: /Users/skd6150/Documents/Research/CBI/iModulon_Ctherm/iModulonMiner/2_process_data/work/e9/d0dae2ca6b2dd5ae19222086acd506]
~> TaskHandler[id: 57; name: download_fastq (55); status: NEW; exit: -; error: -; workDir: /Users/skd6150/Documents/Research/CBI/iModulon_Ctherm/iModulonMiner/2_process_data/work/37/2a06179b4eaa73a7ab42bd6ed624c2]
~> TaskHandler[id: 63; name: download_fastq (61); status: NEW; exit: -; error: -; workDir: /Users/skd6150/Documents/Research/CBI/iModulon_Ctherm/iModulonMiner/2_process_data/work/eb/74903299deebfde2d0d33a180ee843]
~> TaskHandler[id: 58; name: download_fastq (56); status: NEW; exit: -; error: -; workDir: /Users/skd6150/Documents/Research/CBI/iModulon_Ctherm/iModulonMiner/2_process_data/work/0f/76dadda53efcfb9c2ec939e2b6e50d]
~> TaskHandler[id: 59; name: download_fastq (57); status: NEW; exit: -; error: -; workDir: /Users/skd6150/Documents/Research/CBI/iModulon_Ctherm/iModulonMiner/2_process_data/work/61/a73b739e744821e801921b88ce3054]
~> TaskHandler[id: 60; name: download_fastq (58); status: NEW; exit: -; error: -; workDir: /Users/skd6150/Documents/Research/CBI/iModulon_Ctherm/iModulonMiner/2_process_data/work/57/4fb9d6de688bb6c2f93db8a3faf8a6]
~> TaskHandler[id: 61; name: download_fastq (59); status: NEW; exit: -; error: -; workDir: /Users/skd6150/Documents/Research/CBI/iModulon_Ctherm/iModulonMiner/2_process_data/work/90/05845579891f06ff867f8c999cb75b]
~> TaskHandler[id: 62; name: download_fastq (60); status: NEW; exit: -; error: -; workDir: /Users/skd6150/Documents/Research/CBI/iModulon_Ctherm/iModulonMiner/2_process_data/work/4b/9e49e014d1ab0fd81b5005af8c8e4c]
~> TaskHandler[id: 65; name: download_fastq (63); status: NEW; exit: -; error: -; workDir: /Users/skd6150/Documents/Research/CBI/iModulon_Ctherm/iModulonMiner/2_process_data/work/24/09c58190e4ecd962f4caf8df72a2e2]
.. remaining tasks omitted.
Mar-25 14:18:54.428 [Task monitor] DEBUG n.processor.TaskPollingMonitor - Task completed > TaskHandler[id: 55; name: download_fastq (53); status: COMPLETED; exit: 0; error: -; workDir: /Users/skd6150/Documents/Research/CBI/iModulon_Ctherm/iModulonMiner/2_process_data/work/5c/8ee4b5d5aedab3a292334f33f0f752]
Mar-25 14:18:54.438 [Task submitter] DEBUG n.executor.local.LocalTaskHandler - Launch cmd line: /bin/bash -ue .command.run
Mar-25 14:18:54.438 [Task submitter] INFO  nextflow.Session - [ec/04204a] Submitted process > download_fastq (52)
Mar-25 14:22:54.401 [Task monitor] DEBUG n.processor.TaskPollingMonitor - !! executor local > tasks to be completed: 1 -- submitted tasks are shown below
~> TaskHandler[id: 54; name: download_fastq (52); status: RUNNING; exit: -; error: -; workDir: /Users/skd6150/Documents/Research/CBI/iModulon_Ctherm/iModulonMiner/2_process_data/work/ec/04204a2386ed4d1768755787676d8b]
Mar-25 14:23:20.238 [Task submitter] DEBUG n.processor.TaskPollingMonitor - %% executor local > tasks in the submission queue: 375 -- tasks to be submitted are shown below
~> TaskHandler[id: 56; name: download_fastq (54); status: NEW; exit: -; error: -; workDir: /Users/skd6150/Documents/Research/CBI/iModulon_Ctherm/iModulonMiner/2_process_data/work/e9/d0dae2ca6b2dd5ae19222086acd506]
~> TaskHandler[id: 57; name: download_fastq (55); status: NEW; exit: -; error: -; workDir: /Users/skd6150/Documents/Research/CBI/iModulon_Ctherm/iModulonMiner/2_process_data/work/37/2a06179b4eaa73a7ab42bd6ed624c2]
~> TaskHandler[id: 63; name: download_fastq (61); status: NEW; exit: -; error: -; workDir: /Users/skd6150/Documents/Research/CBI/iModulon_Ctherm/iModulonMiner/2_process_data/work/eb/74903299deebfde2d0d33a180ee843]
~> TaskHandler[id: 58; name: download_fastq (56); status: NEW; exit: -; error: -; workDir: /Users/skd6150/Documents/Research/CBI/iModulon_Ctherm/iModulonMiner/2_process_data/work/0f/76dadda53efcfb9c2ec939e2b6e50d]
~> TaskHandler[id: 59; name: download_fastq (57); status: NEW; exit: -; error: -; workDir: /Users/skd6150/Documents/Research/CBI/iModulon_Ctherm/iModulonMiner/2_process_data/work/61/a73b739e744821e801921b88ce3054]
~> TaskHandler[id: 60; name: download_fastq (58); status: NEW; exit: -; error: -; workDir: /Users/skd6150/Documents/Research/CBI/iModulon_Ctherm/iModulonMiner/2_process_data/work/57/4fb9d6de688bb6c2f93db8a3faf8a6]
~> TaskHandler[id: 61; name: download_fastq (59); status: NEW; exit: -; error: -; workDir: /Users/skd6150/Documents/Research/CBI/iModulon_Ctherm/iModulonMiner/2_process_data/work/90/05845579891f06ff867f8c999cb75b]
~> TaskHandler[id: 62; name: download_fastq (60); status: NEW; exit: -; error: -; workDir: /Users/skd6150/Documents/Research/CBI/iModulon_Ctherm/iModulonMiner/2_process_data/work/4b/9e49e014d1ab0fd81b5005af8c8e4c]
~> TaskHandler[id: 65; name: download_fastq (63); status: NEW; exit: -; error: -; workDir: /Users/skd6150/Documents/Research/CBI/iModulon_Ctherm/iModulonMiner/2_process_data/work/24/09c58190e4ecd962f4caf8df72a2e2]
~> TaskHandler[id: 64; name: download_fastq (62); status: NEW; exit: -; error: -; workDir: /Users/skd6150/Documents/Research/CBI/iModulon_Ctherm/iModulonMiner/2_process_data/work/8e/fb5729e3fdc46bd9fc64cf73e567cd]
.. remaining tasks omitted.
Mar-25 14:23:32.821 [Task monitor] DEBUG n.processor.TaskPollingMonitor - Task completed > TaskHandler[id: 54; name: download_fastq (52); status: COMPLETED; exit: 0; error: -; workDir: /Users/skd6150/Documents/Research/CBI/iModulon_Ctherm/iModulonMiner/2_process_data/work/ec/04204a2386ed4d1768755787676d8b]
Mar-25 14:23:32.838 [Task submitter] DEBUG n.executor.local.LocalTaskHandler - Launch cmd line: /bin/bash -ue .command.run
Mar-25 14:23:32.839 [Task submitter] INFO  nextflow.Session - [e9/d0dae2] Submitted process > download_fastq (54)
Mar-25 14:26:25.986 [Task monitor] DEBUG n.processor.TaskPollingMonitor - Task completed > TaskHandler[id: 56; name: download_fastq (54); status: COMPLETED; exit: 0; error: -; workDir: /Users/skd6150/Documents/Research/CBI/iModulon_Ctherm/iModulonMiner/2_process_data/work/e9/d0dae2ca6b2dd5ae19222086acd506]
Mar-25 14:26:25.999 [Task submitter] DEBUG n.executor.local.LocalTaskHandler - Launch cmd line: /bin/bash -ue .command.run
Mar-25 14:26:25.999 [Task submitter] INFO  nextflow.Session - [37/2a0617] Submitted process > download_fastq (55)
Mar-25 14:27:54.502 [Task monitor] DEBUG n.processor.TaskPollingMonitor - !! executor local > tasks to be completed: 1 -- submitted tasks are shown below
~> TaskHandler[id: 57; name: download_fastq (55); status: RUNNING; exit: -; error: -; workDir: /Users/skd6150/Documents/Research/CBI/iModulon_Ctherm/iModulonMiner/2_process_data/work/37/2a06179b4eaa73a7ab42bd6ed624c2]
Mar-25 14:28:02.820 [Task monitor] DEBUG n.processor.TaskPollingMonitor - Task completed > TaskHandler[id: 57; name: download_fastq (55); status: COMPLETED; exit: 0; error: -; workDir: /Users/skd6150/Documents/Research/CBI/iModulon_Ctherm/iModulonMiner/2_process_data/work/37/2a06179b4eaa73a7ab42bd6ed624c2]
Mar-25 14:28:02.825 [Task submitter] DEBUG n.executor.local.LocalTaskHandler - Launch cmd line: /bin/bash -ue .command.run
Mar-25 14:28:02.825 [Task submitter] INFO  nextflow.Session - [eb/749032] Submitted process > download_fastq (61)
Mar-25 14:28:20.954 [Task submitter] DEBUG n.processor.TaskPollingMonitor - %% executor local > tasks in the submission queue: 375 -- tasks to be submitted are shown below
~> TaskHandler[id: 58; name: download_fastq (56); status: NEW; exit: -; error: -; workDir: /Users/skd6150/Documents/Research/CBI/iModulon_Ctherm/iModulonMiner/2_process_data/work/0f/76dadda53efcfb9c2ec939e2b6e50d]
~> TaskHandler[id: 59; name: download_fastq (57); status: NEW; exit: -; error: -; workDir: /Users/skd6150/Documents/Research/CBI/iModulon_Ctherm/iModulonMiner/2_process_data/work/61/a73b739e744821e801921b88ce3054]
~> TaskHandler[id: 60; name: download_fastq (58); status: NEW; exit: -; error: -; workDir: /Users/skd6150/Documents/Research/CBI/iModulon_Ctherm/iModulonMiner/2_process_data/work/57/4fb9d6de688bb6c2f93db8a3faf8a6]
~> TaskHandler[id: 61; name: download_fastq (59); status: NEW; exit: -; error: -; workDir: /Users/skd6150/Documents/Research/CBI/iModulon_Ctherm/iModulonMiner/2_process_data/work/90/05845579891f06ff867f8c999cb75b]
~> TaskHandler[id: 62; name: download_fastq (60); status: NEW; exit: -; error: -; workDir: /Users/skd6150/Documents/Research/CBI/iModulon_Ctherm/iModulonMiner/2_process_data/work/4b/9e49e014d1ab0fd81b5005af8c8e4c]
~> TaskHandler[id: 65; name: download_fastq (63); status: NEW; exit: -; error: -; workDir: /Users/skd6150/Documents/Research/CBI/iModulon_Ctherm/iModulonMiner/2_process_data/work/24/09c58190e4ecd962f4caf8df72a2e2]
~> TaskHandler[id: 64; name: download_fastq (62); status: NEW; exit: -; error: -; workDir: /Users/skd6150/Documents/Research/CBI/iModulon_Ctherm/iModulonMiner/2_process_data/work/8e/fb5729e3fdc46bd9fc64cf73e567cd]
~> TaskHandler[id: 66; name: download_fastq (64); status: NEW; exit: -; error: -; workDir: /Users/skd6150/Documents/Research/CBI/iModulon_Ctherm/iModulonMiner/2_process_data/work/bb/ce12a3ffa6289bb4b168d796f95916]
~> TaskHandler[id: 67; name: download_fastq (65); status: NEW; exit: -; error: -; workDir: /Users/skd6150/Documents/Research/CBI/iModulon_Ctherm/iModulonMiner/2_process_data/work/e0/24dd112ed3d0aad36fa5a6aa2e937a]
~> TaskHandler[id: 69; name: download_fastq (67); status: NEW; exit: -; error: -; workDir: /Users/skd6150/Documents/Research/CBI/iModulon_Ctherm/iModulonMiner/2_process_data/work/52/5439a2cc0f0f7fd095b7de4f77457c]
.. remaining tasks omitted.
Mar-25 14:31:19.042 [Task monitor] DEBUG n.processor.TaskPollingMonitor - Task completed > TaskHandler[id: 63; name: download_fastq (61); status: COMPLETED; exit: 0; error: -; workDir: /Users/skd6150/Documents/Research/CBI/iModulon_Ctherm/iModulonMiner/2_process_data/work/eb/74903299deebfde2d0d33a180ee843]
Mar-25 14:31:19.058 [Task submitter] DEBUG n.executor.local.LocalTaskHandler - Launch cmd line: /bin/bash -ue .command.run
Mar-25 14:31:19.059 [Task submitter] INFO  nextflow.Session - [0f/76dadd] Submitted process > download_fastq (56)
Mar-25 14:32:54.564 [Task monitor] DEBUG n.processor.TaskPollingMonitor - !! executor local > tasks to be completed: 1 -- submitted tasks are shown below
~> TaskHandler[id: 58; name: download_fastq (56); status: RUNNING; exit: -; error: -; workDir: /Users/skd6150/Documents/Research/CBI/iModulon_Ctherm/iModulonMiner/2_process_data/work/0f/76dadda53efcfb9c2ec939e2b6e50d]
Mar-25 14:33:21.627 [Task submitter] DEBUG n.processor.TaskPollingMonitor - %% executor local > tasks in the submission queue: 375 -- tasks to be submitted are shown below
~> TaskHandler[id: 59; name: download_fastq (57); status: NEW; exit: -; error: -; workDir: /Users/skd6150/Documents/Research/CBI/iModulon_Ctherm/iModulonMiner/2_process_data/work/61/a73b739e744821e801921b88ce3054]
~> TaskHandler[id: 60; name: download_fastq (58); status: NEW; exit: -; error: -; workDir: /Users/skd6150/Documents/Research/CBI/iModulon_Ctherm/iModulonMiner/2_process_data/work/57/4fb9d6de688bb6c2f93db8a3faf8a6]
~> TaskHandler[id: 61; name: download_fastq (59); status: NEW; exit: -; error: -; workDir: /Users/skd6150/Documents/Research/CBI/iModulon_Ctherm/iModulonMiner/2_process_data/work/90/05845579891f06ff867f8c999cb75b]
~> TaskHandler[id: 62; name: download_fastq (60); status: NEW; exit: -; error: -; workDir: /Users/skd6150/Documents/Research/CBI/iModulon_Ctherm/iModulonMiner/2_process_data/work/4b/9e49e014d1ab0fd81b5005af8c8e4c]
~> TaskHandler[id: 65; name: download_fastq (63); status: NEW; exit: -; error: -; workDir: /Users/skd6150/Documents/Research/CBI/iModulon_Ctherm/iModulonMiner/2_process_data/work/24/09c58190e4ecd962f4caf8df72a2e2]
~> TaskHandler[id: 64; name: download_fastq (62); status: NEW; exit: -; error: -; workDir: /Users/skd6150/Documents/Research/CBI/iModulon_Ctherm/iModulonMiner/2_process_data/work/8e/fb5729e3fdc46bd9fc64cf73e567cd]
~> TaskHandler[id: 66; name: download_fastq (64); status: NEW; exit: -; error: -; workDir: /Users/skd6150/Documents/Research/CBI/iModulon_Ctherm/iModulonMiner/2_process_data/work/bb/ce12a3ffa6289bb4b168d796f95916]
~> TaskHandler[id: 67; name: download_fastq (65); status: NEW; exit: -; error: -; workDir: /Users/skd6150/Documents/Research/CBI/iModulon_Ctherm/iModulonMiner/2_process_data/work/e0/24dd112ed3d0aad36fa5a6aa2e937a]
~> TaskHandler[id: 69; name: download_fastq (67); status: NEW; exit: -; error: -; workDir: /Users/skd6150/Documents/Research/CBI/iModulon_Ctherm/iModulonMiner/2_process_data/work/52/5439a2cc0f0f7fd095b7de4f77457c]
~> TaskHandler[id: 68; name: download_fastq (66); status: NEW; exit: -; error: -; workDir: /Users/skd6150/Documents/Research/CBI/iModulon_Ctherm/iModulonMiner/2_process_data/work/18/926eac581b08401147365cf2dc20be]
.. remaining tasks omitted.
Mar-25 14:33:23.724 [Task monitor] DEBUG n.processor.TaskPollingMonitor - Task completed > TaskHandler[id: 58; name: download_fastq (56); status: COMPLETED; exit: 0; error: -; workDir: /Users/skd6150/Documents/Research/CBI/iModulon_Ctherm/iModulonMiner/2_process_data/work/0f/76dadda53efcfb9c2ec939e2b6e50d]
Mar-25 14:33:23.754 [Task submitter] DEBUG n.executor.local.LocalTaskHandler - Launch cmd line: /bin/bash -ue .command.run
Mar-25 14:33:23.754 [Task submitter] INFO  nextflow.Session - [61/a73b73] Submitted process > download_fastq (57)
Mar-25 14:35:36.416 [Task monitor] DEBUG n.processor.TaskPollingMonitor - Task completed > TaskHandler[id: 59; name: download_fastq (57); status: COMPLETED; exit: 0; error: -; workDir: /Users/skd6150/Documents/Research/CBI/iModulon_Ctherm/iModulonMiner/2_process_data/work/61/a73b739e744821e801921b88ce3054]
Mar-25 14:35:36.430 [Task submitter] DEBUG n.executor.local.LocalTaskHandler - Launch cmd line: /bin/bash -ue .command.run
Mar-25 14:35:36.430 [Task submitter] INFO  nextflow.Session - [57/4fb9d6] Submitted process > download_fastq (58)
Mar-25 14:37:54.630 [Task monitor] DEBUG n.processor.TaskPollingMonitor - !! executor local > tasks to be completed: 1 -- submitted tasks are shown below
~> TaskHandler[id: 60; name: download_fastq (58); status: RUNNING; exit: -; error: -; workDir: /Users/skd6150/Documents/Research/CBI/iModulon_Ctherm/iModulonMiner/2_process_data/work/57/4fb9d6de688bb6c2f93db8a3faf8a6]
Mar-25 14:38:08.234 [Task monitor] DEBUG n.processor.TaskPollingMonitor - Task completed > TaskHandler[id: 60; name: download_fastq (58); status: COMPLETED; exit: 0; error: -; workDir: /Users/skd6150/Documents/Research/CBI/iModulon_Ctherm/iModulonMiner/2_process_data/work/57/4fb9d6de688bb6c2f93db8a3faf8a6]
Mar-25 14:38:08.250 [Task submitter] DEBUG n.executor.local.LocalTaskHandler - Launch cmd line: /bin/bash -ue .command.run
Mar-25 14:38:08.250 [Task submitter] INFO  nextflow.Session - [90/058455] Submitted process > download_fastq (59)
Mar-25 14:38:22.316 [Task submitter] DEBUG n.processor.TaskPollingMonitor - %% executor local > tasks in the submission queue: 375 -- tasks to be submitted are shown below
~> TaskHandler[id: 62; name: download_fastq (60); status: NEW; exit: -; error: -; workDir: /Users/skd6150/Documents/Research/CBI/iModulon_Ctherm/iModulonMiner/2_process_data/work/4b/9e49e014d1ab0fd81b5005af8c8e4c]
~> TaskHandler[id: 65; name: download_fastq (63); status: NEW; exit: -; error: -; workDir: /Users/skd6150/Documents/Research/CBI/iModulon_Ctherm/iModulonMiner/2_process_data/work/24/09c58190e4ecd962f4caf8df72a2e2]
~> TaskHandler[id: 64; name: download_fastq (62); status: NEW; exit: -; error: -; workDir: /Users/skd6150/Documents/Research/CBI/iModulon_Ctherm/iModulonMiner/2_process_data/work/8e/fb5729e3fdc46bd9fc64cf73e567cd]
~> TaskHandler[id: 66; name: download_fastq (64); status: NEW; exit: -; error: -; workDir: /Users/skd6150/Documents/Research/CBI/iModulon_Ctherm/iModulonMiner/2_process_data/work/bb/ce12a3ffa6289bb4b168d796f95916]
~> TaskHandler[id: 67; name: download_fastq (65); status: NEW; exit: -; error: -; workDir: /Users/skd6150/Documents/Research/CBI/iModulon_Ctherm/iModulonMiner/2_process_data/work/e0/24dd112ed3d0aad36fa5a6aa2e937a]
~> TaskHandler[id: 69; name: download_fastq (67); status: NEW; exit: -; error: -; workDir: /Users/skd6150/Documents/Research/CBI/iModulon_Ctherm/iModulonMiner/2_process_data/work/52/5439a2cc0f0f7fd095b7de4f77457c]
~> TaskHandler[id: 68; name: download_fastq (66); status: NEW; exit: -; error: -; workDir: /Users/skd6150/Documents/Research/CBI/iModulon_Ctherm/iModulonMiner/2_process_data/work/18/926eac581b08401147365cf2dc20be]
~> TaskHandler[id: 72; name: download_fastq (70); status: NEW; exit: -; error: -; workDir: /Users/skd6150/Documents/Research/CBI/iModulon_Ctherm/iModulonMiner/2_process_data/work/9d/759a7b6c8dac6662a61f856f86abd6]
~> TaskHandler[id: 70; name: download_fastq (68); status: NEW; exit: -; error: -; workDir: /Users/skd6150/Documents/Research/CBI/iModulon_Ctherm/iModulonMiner/2_process_data/work/16/1b827b3ae1959ec6c7165ca1fbe331]
~> TaskHandler[id: 71; name: download_fastq (69); status: NEW; exit: -; error: -; workDir: /Users/skd6150/Documents/Research/CBI/iModulon_Ctherm/iModulonMiner/2_process_data/work/6c/d2bf83f4737055c3d96765d3f06ebe]
.. remaining tasks omitted.
Mar-25 14:40:09.826 [Task monitor] DEBUG n.processor.TaskPollingMonitor - Task completed > TaskHandler[id: 61; name: download_fastq (59); status: COMPLETED; exit: 0; error: -; workDir: /Users/skd6150/Documents/Research/CBI/iModulon_Ctherm/iModulonMiner/2_process_data/work/90/05845579891f06ff867f8c999cb75b]
Mar-25 14:40:09.855 [Task submitter] DEBUG n.executor.local.LocalTaskHandler - Launch cmd line: /bin/bash -ue .command.run
Mar-25 14:40:09.855 [Task submitter] INFO  nextflow.Session - [4b/9e49e0] Submitted process > download_fastq (60)
Mar-25 14:42:04.315 [Task monitor] DEBUG n.processor.TaskPollingMonitor - Task completed > TaskHandler[id: 62; name: download_fastq (60); status: COMPLETED; exit: 0; error: -; workDir: /Users/skd6150/Documents/Research/CBI/iModulon_Ctherm/iModulonMiner/2_process_data/work/4b/9e49e014d1ab0fd81b5005af8c8e4c]
Mar-25 14:42:04.328 [Task submitter] DEBUG n.executor.local.LocalTaskHandler - Launch cmd line: /bin/bash -ue .command.run
Mar-25 14:42:04.328 [Task submitter] INFO  nextflow.Session - [24/09c581] Submitted process > download_fastq (63)
Mar-25 14:42:54.705 [Task monitor] DEBUG n.processor.TaskPollingMonitor - !! executor local > tasks to be completed: 1 -- submitted tasks are shown below
~> TaskHandler[id: 65; name: download_fastq (63); status: RUNNING; exit: -; error: -; workDir: /Users/skd6150/Documents/Research/CBI/iModulon_Ctherm/iModulonMiner/2_process_data/work/24/09c58190e4ecd962f4caf8df72a2e2]
Mar-25 14:43:22.660 [Task submitter] DEBUG n.processor.TaskPollingMonitor - %% executor local > tasks in the submission queue: 375 -- tasks to be submitted are shown below
~> TaskHandler[id: 64; name: download_fastq (62); status: NEW; exit: -; error: -; workDir: /Users/skd6150/Documents/Research/CBI/iModulon_Ctherm/iModulonMiner/2_process_data/work/8e/fb5729e3fdc46bd9fc64cf73e567cd]
~> TaskHandler[id: 66; name: download_fastq (64); status: NEW; exit: -; error: -; workDir: /Users/skd6150/Documents/Research/CBI/iModulon_Ctherm/iModulonMiner/2_process_data/work/bb/ce12a3ffa6289bb4b168d796f95916]
~> TaskHandler[id: 67; name: download_fastq (65); status: NEW; exit: -; error: -; workDir: /Users/skd6150/Documents/Research/CBI/iModulon_Ctherm/iModulonMiner/2_process_data/work/e0/24dd112ed3d0aad36fa5a6aa2e937a]
~> TaskHandler[id: 69; name: download_fastq (67); status: NEW; exit: -; error: -; workDir: /Users/skd6150/Documents/Research/CBI/iModulon_Ctherm/iModulonMiner/2_process_data/work/52/5439a2cc0f0f7fd095b7de4f77457c]
~> TaskHandler[id: 68; name: download_fastq (66); status: NEW; exit: -; error: -; workDir: /Users/skd6150/Documents/Research/CBI/iModulon_Ctherm/iModulonMiner/2_process_data/work/18/926eac581b08401147365cf2dc20be]
~> TaskHandler[id: 72; name: download_fastq (70); status: NEW; exit: -; error: -; workDir: /Users/skd6150/Documents/Research/CBI/iModulon_Ctherm/iModulonMiner/2_process_data/work/9d/759a7b6c8dac6662a61f856f86abd6]
~> TaskHandler[id: 70; name: download_fastq (68); status: NEW; exit: -; error: -; workDir: /Users/skd6150/Documents/Research/CBI/iModulon_Ctherm/iModulonMiner/2_process_data/work/16/1b827b3ae1959ec6c7165ca1fbe331]
~> TaskHandler[id: 71; name: download_fastq (69); status: NEW; exit: -; error: -; workDir: /Users/skd6150/Documents/Research/CBI/iModulon_Ctherm/iModulonMiner/2_process_data/work/6c/d2bf83f4737055c3d96765d3f06ebe]
~> TaskHandler[id: 73; name: download_fastq (71); status: NEW; exit: -; error: -; workDir: /Users/skd6150/Documents/Research/CBI/iModulon_Ctherm/iModulonMiner/2_process_data/work/ef/622397496f67b724be362d4cad1ab0]
~> TaskHandler[id: 78; name: download_fastq (76); status: NEW; exit: -; error: -; workDir: /Users/skd6150/Documents/Research/CBI/iModulon_Ctherm/iModulonMiner/2_process_data/work/b3/1cdb8baaee37bd9866ae5a62615f37]
.. remaining tasks omitted.
Mar-25 14:44:43.347 [Task monitor] DEBUG n.processor.TaskPollingMonitor - Task completed > TaskHandler[id: 65; name: download_fastq (63); status: COMPLETED; exit: 0; error: -; workDir: /Users/skd6150/Documents/Research/CBI/iModulon_Ctherm/iModulonMiner/2_process_data/work/24/09c58190e4ecd962f4caf8df72a2e2]
Mar-25 14:44:43.361 [Task submitter] DEBUG n.executor.local.LocalTaskHandler - Launch cmd line: /bin/bash -ue .command.run
Mar-25 14:44:43.361 [Task submitter] INFO  nextflow.Session - [8e/fb5729] Submitted process > download_fastq (62)
Mar-25 14:46:09.856 [Task monitor] DEBUG n.processor.TaskPollingMonitor - Task completed > TaskHandler[id: 64; name: download_fastq (62); status: COMPLETED; exit: 0; error: -; workDir: /Users/skd6150/Documents/Research/CBI/iModulon_Ctherm/iModulonMiner/2_process_data/work/8e/fb5729e3fdc46bd9fc64cf73e567cd]
Mar-25 14:46:09.882 [Task submitter] DEBUG n.executor.local.LocalTaskHandler - Launch cmd line: /bin/bash -ue .command.run
Mar-25 14:46:09.882 [Task submitter] INFO  nextflow.Session - [bb/ce12a3] Submitted process > download_fastq (64)
Mar-25 14:47:54.712 [Task monitor] DEBUG n.processor.TaskPollingMonitor - !! executor local > tasks to be completed: 1 -- submitted tasks are shown below
~> TaskHandler[id: 66; name: download_fastq (64); status: RUNNING; exit: -; error: -; workDir: /Users/skd6150/Documents/Research/CBI/iModulon_Ctherm/iModulonMiner/2_process_data/work/bb/ce12a3ffa6289bb4b168d796f95916]
Mar-25 14:48:23.449 [Task submitter] DEBUG n.processor.TaskPollingMonitor - %% executor local > tasks in the submission queue: 375 -- tasks to be submitted are shown below
~> TaskHandler[id: 67; name: download_fastq (65); status: NEW; exit: -; error: -; workDir: /Users/skd6150/Documents/Research/CBI/iModulon_Ctherm/iModulonMiner/2_process_data/work/e0/24dd112ed3d0aad36fa5a6aa2e937a]
~> TaskHandler[id: 69; name: download_fastq (67); status: NEW; exit: -; error: -; workDir: /Users/skd6150/Documents/Research/CBI/iModulon_Ctherm/iModulonMiner/2_process_data/work/52/5439a2cc0f0f7fd095b7de4f77457c]
~> TaskHandler[id: 68; name: download_fastq (66); status: NEW; exit: -; error: -; workDir: /Users/skd6150/Documents/Research/CBI/iModulon_Ctherm/iModulonMiner/2_process_data/work/18/926eac581b08401147365cf2dc20be]
~> TaskHandler[id: 72; name: download_fastq (70); status: NEW; exit: -; error: -; workDir: /Users/skd6150/Documents/Research/CBI/iModulon_Ctherm/iModulonMiner/2_process_data/work/9d/759a7b6c8dac6662a61f856f86abd6]
~> TaskHandler[id: 70; name: download_fastq (68); status: NEW; exit: -; error: -; workDir: /Users/skd6150/Documents/Research/CBI/iModulon_Ctherm/iModulonMiner/2_process_data/work/16/1b827b3ae1959ec6c7165ca1fbe331]
~> TaskHandler[id: 71; name: download_fastq (69); status: NEW; exit: -; error: -; workDir: /Users/skd6150/Documents/Research/CBI/iModulon_Ctherm/iModulonMiner/2_process_data/work/6c/d2bf83f4737055c3d96765d3f06ebe]
~> TaskHandler[id: 73; name: download_fastq (71); status: NEW; exit: -; error: -; workDir: /Users/skd6150/Documents/Research/CBI/iModulon_Ctherm/iModulonMiner/2_process_data/work/ef/622397496f67b724be362d4cad1ab0]
~> TaskHandler[id: 78; name: download_fastq (76); status: NEW; exit: -; error: -; workDir: /Users/skd6150/Documents/Research/CBI/iModulon_Ctherm/iModulonMiner/2_process_data/work/b3/1cdb8baaee37bd9866ae5a62615f37]
~> TaskHandler[id: 80; name: download_fastq (78); status: NEW; exit: -; error: -; workDir: /Users/skd6150/Documents/Research/CBI/iModulon_Ctherm/iModulonMiner/2_process_data/work/52/919c5c887cf0c371fb3a33878d749a]
~> TaskHandler[id: 74; name: download_fastq (72); status: NEW; exit: -; error: -; workDir: /Users/skd6150/Documents/Research/CBI/iModulon_Ctherm/iModulonMiner/2_process_data/work/7f/7c7ba63868b0032b2d18730bd0a850]
.. remaining tasks omitted.
Mar-25 14:49:07.652 [Task monitor] DEBUG n.processor.TaskPollingMonitor - Task completed > TaskHandler[id: 66; name: download_fastq (64); status: COMPLETED; exit: 0; error: -; workDir: /Users/skd6150/Documents/Research/CBI/iModulon_Ctherm/iModulonMiner/2_process_data/work/bb/ce12a3ffa6289bb4b168d796f95916]
Mar-25 14:49:07.683 [Task submitter] DEBUG n.executor.local.LocalTaskHandler - Launch cmd line: /bin/bash -ue .command.run
Mar-25 14:49:07.683 [Task submitter] INFO  nextflow.Session - [e0/24dd11] Submitted process > download_fastq (65)
Mar-25 14:50:51.804 [Task monitor] DEBUG n.processor.TaskPollingMonitor - Task completed > TaskHandler[id: 67; name: download_fastq (65); status: COMPLETED; exit: 0; error: -; workDir: /Users/skd6150/Documents/Research/CBI/iModulon_Ctherm/iModulonMiner/2_process_data/work/e0/24dd112ed3d0aad36fa5a6aa2e937a]
Mar-25 14:50:51.833 [Task submitter] DEBUG n.executor.local.LocalTaskHandler - Launch cmd line: /bin/bash -ue .command.run
Mar-25 14:50:51.833 [Task submitter] INFO  nextflow.Session - [52/5439a2] Submitted process > download_fastq (67)
Mar-25 14:52:54.812 [Task monitor] DEBUG n.processor.TaskPollingMonitor - !! executor local > tasks to be completed: 1 -- submitted tasks are shown below
~> TaskHandler[id: 69; name: download_fastq (67); status: RUNNING; exit: -; error: -; workDir: /Users/skd6150/Documents/Research/CBI/iModulon_Ctherm/iModulonMiner/2_process_data/work/52/5439a2cc0f0f7fd095b7de4f77457c]
Mar-25 14:53:23.459 [Task submitter] DEBUG n.processor.TaskPollingMonitor - %% executor local > tasks in the submission queue: 375 -- tasks to be submitted are shown below
~> TaskHandler[id: 68; name: download_fastq (66); status: NEW; exit: -; error: -; workDir: /Users/skd6150/Documents/Research/CBI/iModulon_Ctherm/iModulonMiner/2_process_data/work/18/926eac581b08401147365cf2dc20be]
~> TaskHandler[id: 72; name: download_fastq (70); status: NEW; exit: -; error: -; workDir: /Users/skd6150/Documents/Research/CBI/iModulon_Ctherm/iModulonMiner/2_process_data/work/9d/759a7b6c8dac6662a61f856f86abd6]
~> TaskHandler[id: 70; name: download_fastq (68); status: NEW; exit: -; error: -; workDir: /Users/skd6150/Documents/Research/CBI/iModulon_Ctherm/iModulonMiner/2_process_data/work/16/1b827b3ae1959ec6c7165ca1fbe331]
~> TaskHandler[id: 71; name: download_fastq (69); status: NEW; exit: -; error: -; workDir: /Users/skd6150/Documents/Research/CBI/iModulon_Ctherm/iModulonMiner/2_process_data/work/6c/d2bf83f4737055c3d96765d3f06ebe]
~> TaskHandler[id: 73; name: download_fastq (71); status: NEW; exit: -; error: -; workDir: /Users/skd6150/Documents/Research/CBI/iModulon_Ctherm/iModulonMiner/2_process_data/work/ef/622397496f67b724be362d4cad1ab0]
~> TaskHandler[id: 78; name: download_fastq (76); status: NEW; exit: -; error: -; workDir: /Users/skd6150/Documents/Research/CBI/iModulon_Ctherm/iModulonMiner/2_process_data/work/b3/1cdb8baaee37bd9866ae5a62615f37]
~> TaskHandler[id: 80; name: download_fastq (78); status: NEW; exit: -; error: -; workDir: /Users/skd6150/Documents/Research/CBI/iModulon_Ctherm/iModulonMiner/2_process_data/work/52/919c5c887cf0c371fb3a33878d749a]
~> TaskHandler[id: 74; name: download_fastq (72); status: NEW; exit: -; error: -; workDir: /Users/skd6150/Documents/Research/CBI/iModulon_Ctherm/iModulonMiner/2_process_data/work/7f/7c7ba63868b0032b2d18730bd0a850]
~> TaskHandler[id: 75; name: download_fastq (73); status: NEW; exit: -; error: -; workDir: /Users/skd6150/Documents/Research/CBI/iModulon_Ctherm/iModulonMiner/2_process_data/work/3e/dd7c1a121d1efba2004f9237d08455]
~> TaskHandler[id: 76; name: download_fastq (74); status: NEW; exit: -; error: -; workDir: /Users/skd6150/Documents/Research/CBI/iModulon_Ctherm/iModulonMiner/2_process_data/work/df/b7fc13b29e92896ac2ce50ea89160c]
.. remaining tasks omitted.
Mar-25 14:53:53.890 [Task monitor] DEBUG n.processor.TaskPollingMonitor - Task completed > TaskHandler[id: 69; name: download_fastq (67); status: COMPLETED; exit: 0; error: -; workDir: /Users/skd6150/Documents/Research/CBI/iModulon_Ctherm/iModulonMiner/2_process_data/work/52/5439a2cc0f0f7fd095b7de4f77457c]
Mar-25 14:53:53.912 [Task submitter] DEBUG n.executor.local.LocalTaskHandler - Launch cmd line: /bin/bash -ue .command.run
Mar-25 14:53:53.913 [Task submitter] INFO  nextflow.Session - [18/926eac] Submitted process > download_fastq (66)
Mar-25 14:55:52.836 [Task monitor] DEBUG n.processor.TaskPollingMonitor - Task completed > TaskHandler[id: 68; name: download_fastq (66); status: COMPLETED; exit: 0; error: -; workDir: /Users/skd6150/Documents/Research/CBI/iModulon_Ctherm/iModulonMiner/2_process_data/work/18/926eac581b08401147365cf2dc20be]
Mar-25 14:55:52.858 [Task submitter] DEBUG n.executor.local.LocalTaskHandler - Launch cmd line: /bin/bash -ue .command.run
Mar-25 14:55:52.858 [Task submitter] INFO  nextflow.Session - [9d/759a7b] Submitted process > download_fastq (70)
Mar-25 14:57:54.823 [Task monitor] DEBUG n.processor.TaskPollingMonitor - !! executor local > tasks to be completed: 1 -- submitted tasks are shown below
~> TaskHandler[id: 72; name: download_fastq (70); status: RUNNING; exit: -; error: -; workDir: /Users/skd6150/Documents/Research/CBI/iModulon_Ctherm/iModulonMiner/2_process_data/work/9d/759a7b6c8dac6662a61f856f86abd6]
Mar-25 14:58:23.482 [Task submitter] DEBUG n.processor.TaskPollingMonitor - %% executor local > tasks in the submission queue: 375 -- tasks to be submitted are shown below
~> TaskHandler[id: 70; name: download_fastq (68); status: NEW; exit: -; error: -; workDir: /Users/skd6150/Documents/Research/CBI/iModulon_Ctherm/iModulonMiner/2_process_data/work/16/1b827b3ae1959ec6c7165ca1fbe331]
~> TaskHandler[id: 71; name: download_fastq (69); status: NEW; exit: -; error: -; workDir: /Users/skd6150/Documents/Research/CBI/iModulon_Ctherm/iModulonMiner/2_process_data/work/6c/d2bf83f4737055c3d96765d3f06ebe]
~> TaskHandler[id: 73; name: download_fastq (71); status: NEW; exit: -; error: -; workDir: /Users/skd6150/Documents/Research/CBI/iModulon_Ctherm/iModulonMiner/2_process_data/work/ef/622397496f67b724be362d4cad1ab0]
~> TaskHandler[id: 78; name: download_fastq (76); status: NEW; exit: -; error: -; workDir: /Users/skd6150/Documents/Research/CBI/iModulon_Ctherm/iModulonMiner/2_process_data/work/b3/1cdb8baaee37bd9866ae5a62615f37]
~> TaskHandler[id: 80; name: download_fastq (78); status: NEW; exit: -; error: -; workDir: /Users/skd6150/Documents/Research/CBI/iModulon_Ctherm/iModulonMiner/2_process_data/work/52/919c5c887cf0c371fb3a33878d749a]
~> TaskHandler[id: 74; name: download_fastq (72); status: NEW; exit: -; error: -; workDir: /Users/skd6150/Documents/Research/CBI/iModulon_Ctherm/iModulonMiner/2_process_data/work/7f/7c7ba63868b0032b2d18730bd0a850]
~> TaskHandler[id: 75; name: download_fastq (73); status: NEW; exit: -; error: -; workDir: /Users/skd6150/Documents/Research/CBI/iModulon_Ctherm/iModulonMiner/2_process_data/work/3e/dd7c1a121d1efba2004f9237d08455]
~> TaskHandler[id: 76; name: download_fastq (74); status: NEW; exit: -; error: -; workDir: /Users/skd6150/Documents/Research/CBI/iModulon_Ctherm/iModulonMiner/2_process_data/work/df/b7fc13b29e92896ac2ce50ea89160c]
~> TaskHandler[id: 77; name: download_fastq (75); status: NEW; exit: -; error: -; workDir: /Users/skd6150/Documents/Research/CBI/iModulon_Ctherm/iModulonMiner/2_process_data/work/54/cee92bbae37509357e918ee553f907]
~> TaskHandler[id: 79; name: download_fastq (77); status: NEW; exit: -; error: -; workDir: /Users/skd6150/Documents/Research/CBI/iModulon_Ctherm/iModulonMiner/2_process_data/work/b4/26af20746538bfe76024f7bc8ebfbb]
.. remaining tasks omitted.
Mar-25 14:58:30.175 [Task monitor] DEBUG n.processor.TaskPollingMonitor - Task completed > TaskHandler[id: 72; name: download_fastq (70); status: COMPLETED; exit: 0; error: -; workDir: /Users/skd6150/Documents/Research/CBI/iModulon_Ctherm/iModulonMiner/2_process_data/work/9d/759a7b6c8dac6662a61f856f86abd6]
Mar-25 14:58:30.240 [Task submitter] DEBUG n.executor.local.LocalTaskHandler - Launch cmd line: /bin/bash -ue .command.run
Mar-25 14:58:30.240 [Task submitter] INFO  nextflow.Session - [16/1b827b] Submitted process > download_fastq (68)
Mar-25 15:00:21.142 [Task monitor] DEBUG n.processor.TaskPollingMonitor - Task completed > TaskHandler[id: 70; name: download_fastq (68); status: COMPLETED; exit: 0; error: -; workDir: /Users/skd6150/Documents/Research/CBI/iModulon_Ctherm/iModulonMiner/2_process_data/work/16/1b827b3ae1959ec6c7165ca1fbe331]
Mar-25 15:00:21.157 [Task submitter] DEBUG n.executor.local.LocalTaskHandler - Launch cmd line: /bin/bash -ue .command.run
Mar-25 15:00:21.157 [Task submitter] INFO  nextflow.Session - [6c/d2bf83] Submitted process > download_fastq (69)
Mar-25 15:02:54.905 [Task monitor] DEBUG n.processor.TaskPollingMonitor - !! executor local > tasks to be completed: 1 -- submitted tasks are shown below
~> TaskHandler[id: 71; name: download_fastq (69); status: RUNNING; exit: -; error: -; workDir: /Users/skd6150/Documents/Research/CBI/iModulon_Ctherm/iModulonMiner/2_process_data/work/6c/d2bf83f4737055c3d96765d3f06ebe]
Mar-25 15:03:24.226 [Task submitter] DEBUG n.processor.TaskPollingMonitor - %% executor local > tasks in the submission queue: 375 -- tasks to be submitted are shown below
~> TaskHandler[id: 73; name: download_fastq (71); status: NEW; exit: -; error: -; workDir: /Users/skd6150/Documents/Research/CBI/iModulon_Ctherm/iModulonMiner/2_process_data/work/ef/622397496f67b724be362d4cad1ab0]
~> TaskHandler[id: 78; name: download_fastq (76); status: NEW; exit: -; error: -; workDir: /Users/skd6150/Documents/Research/CBI/iModulon_Ctherm/iModulonMiner/2_process_data/work/b3/1cdb8baaee37bd9866ae5a62615f37]
~> TaskHandler[id: 80; name: download_fastq (78); status: NEW; exit: -; error: -; workDir: /Users/skd6150/Documents/Research/CBI/iModulon_Ctherm/iModulonMiner/2_process_data/work/52/919c5c887cf0c371fb3a33878d749a]
~> TaskHandler[id: 74; name: download_fastq (72); status: NEW; exit: -; error: -; workDir: /Users/skd6150/Documents/Research/CBI/iModulon_Ctherm/iModulonMiner/2_process_data/work/7f/7c7ba63868b0032b2d18730bd0a850]
~> TaskHandler[id: 75; name: download_fastq (73); status: NEW; exit: -; error: -; workDir: /Users/skd6150/Documents/Research/CBI/iModulon_Ctherm/iModulonMiner/2_process_data/work/3e/dd7c1a121d1efba2004f9237d08455]
~> TaskHandler[id: 76; name: download_fastq (74); status: NEW; exit: -; error: -; workDir: /Users/skd6150/Documents/Research/CBI/iModulon_Ctherm/iModulonMiner/2_process_data/work/df/b7fc13b29e92896ac2ce50ea89160c]
~> TaskHandler[id: 77; name: download_fastq (75); status: NEW; exit: -; error: -; workDir: /Users/skd6150/Documents/Research/CBI/iModulon_Ctherm/iModulonMiner/2_process_data/work/54/cee92bbae37509357e918ee553f907]
~> TaskHandler[id: 79; name: download_fastq (77); status: NEW; exit: -; error: -; workDir: /Users/skd6150/Documents/Research/CBI/iModulon_Ctherm/iModulonMiner/2_process_data/work/b4/26af20746538bfe76024f7bc8ebfbb]
~> TaskHandler[id: 83; name: download_fastq (81); status: NEW; exit: -; error: -; workDir: /Users/skd6150/Documents/Research/CBI/iModulon_Ctherm/iModulonMiner/2_process_data/work/9d/eeef18954512de20df0e1169ef7640]
~> TaskHandler[id: 88; name: download_fastq (86); status: NEW; exit: -; error: -; workDir: /Users/skd6150/Documents/Research/CBI/iModulon_Ctherm/iModulonMiner/2_process_data/work/13/86502c58c27b8e41f85a5fa1e69a8f]
.. remaining tasks omitted.
Mar-25 15:04:18.637 [Task monitor] DEBUG n.processor.TaskPollingMonitor - Task completed > TaskHandler[id: 71; name: download_fastq (69); status: COMPLETED; exit: 0; error: -; workDir: /Users/skd6150/Documents/Research/CBI/iModulon_Ctherm/iModulonMiner/2_process_data/work/6c/d2bf83f4737055c3d96765d3f06ebe]
Mar-25 15:04:18.651 [Task submitter] DEBUG n.executor.local.LocalTaskHandler - Launch cmd line: /bin/bash -ue .command.run
Mar-25 15:04:18.651 [Task submitter] INFO  nextflow.Session - [ef/622397] Submitted process > download_fastq (71)
Mar-25 15:05:58.950 [Task monitor] DEBUG n.processor.TaskPollingMonitor - Task completed > TaskHandler[id: 73; name: download_fastq (71); status: COMPLETED; exit: 0; error: -; workDir: /Users/skd6150/Documents/Research/CBI/iModulon_Ctherm/iModulonMiner/2_process_data/work/ef/622397496f67b724be362d4cad1ab0]
Mar-25 15:05:58.964 [Task submitter] DEBUG n.executor.local.LocalTaskHandler - Launch cmd line: /bin/bash -ue .command.run
Mar-25 15:05:58.964 [Task submitter] INFO  nextflow.Session - [b3/1cdb8b] Submitted process > download_fastq (76)
Mar-25 15:07:54.911 [Task monitor] DEBUG n.processor.TaskPollingMonitor - !! executor local > tasks to be completed: 1 -- submitted tasks are shown below
~> TaskHandler[id: 78; name: download_fastq (76); status: RUNNING; exit: -; error: -; workDir: /Users/skd6150/Documents/Research/CBI/iModulon_Ctherm/iModulonMiner/2_process_data/work/b3/1cdb8baaee37bd9866ae5a62615f37]
Mar-25 15:08:12.422 [Task monitor] DEBUG n.processor.TaskPollingMonitor - Task completed > TaskHandler[id: 78; name: download_fastq (76); status: COMPLETED; exit: 0; error: -; workDir: /Users/skd6150/Documents/Research/CBI/iModulon_Ctherm/iModulonMiner/2_process_data/work/b3/1cdb8baaee37bd9866ae5a62615f37]
Mar-25 15:08:12.433 [Task submitter] DEBUG n.executor.local.LocalTaskHandler - Launch cmd line: /bin/bash -ue .command.run
Mar-25 15:08:12.433 [Task submitter] INFO  nextflow.Session - [52/919c5c] Submitted process > download_fastq (78)
Mar-25 15:08:24.517 [Task submitter] DEBUG n.processor.TaskPollingMonitor - %% executor local > tasks in the submission queue: 375 -- tasks to be submitted are shown below
~> TaskHandler[id: 74; name: download_fastq (72); status: NEW; exit: -; error: -; workDir: /Users/skd6150/Documents/Research/CBI/iModulon_Ctherm/iModulonMiner/2_process_data/work/7f/7c7ba63868b0032b2d18730bd0a850]
~> TaskHandler[id: 75; name: download_fastq (73); status: NEW; exit: -; error: -; workDir: /Users/skd6150/Documents/Research/CBI/iModulon_Ctherm/iModulonMiner/2_process_data/work/3e/dd7c1a121d1efba2004f9237d08455]
~> TaskHandler[id: 76; name: download_fastq (74); status: NEW; exit: -; error: -; workDir: /Users/skd6150/Documents/Research/CBI/iModulon_Ctherm/iModulonMiner/2_process_data/work/df/b7fc13b29e92896ac2ce50ea89160c]
~> TaskHandler[id: 77; name: download_fastq (75); status: NEW; exit: -; error: -; workDir: /Users/skd6150/Documents/Research/CBI/iModulon_Ctherm/iModulonMiner/2_process_data/work/54/cee92bbae37509357e918ee553f907]
~> TaskHandler[id: 79; name: download_fastq (77); status: NEW; exit: -; error: -; workDir: /Users/skd6150/Documents/Research/CBI/iModulon_Ctherm/iModulonMiner/2_process_data/work/b4/26af20746538bfe76024f7bc8ebfbb]
~> TaskHandler[id: 83; name: download_fastq (81); status: NEW; exit: -; error: -; workDir: /Users/skd6150/Documents/Research/CBI/iModulon_Ctherm/iModulonMiner/2_process_data/work/9d/eeef18954512de20df0e1169ef7640]
~> TaskHandler[id: 88; name: download_fastq (86); status: NEW; exit: -; error: -; workDir: /Users/skd6150/Documents/Research/CBI/iModulon_Ctherm/iModulonMiner/2_process_data/work/13/86502c58c27b8e41f85a5fa1e69a8f]
~> TaskHandler[id: 81; name: download_fastq (79); status: NEW; exit: -; error: -; workDir: /Users/skd6150/Documents/Research/CBI/iModulon_Ctherm/iModulonMiner/2_process_data/work/6e/74a0211e444d68d3eeef9be4ee8508]
~> TaskHandler[id: 84; name: download_fastq (82); status: NEW; exit: -; error: -; workDir: /Users/skd6150/Documents/Research/CBI/iModulon_Ctherm/iModulonMiner/2_process_data/work/a8/dc23a991c3369e78759f6f664f8756]
~> TaskHandler[id: 82; name: download_fastq (80); status: NEW; exit: -; error: -; workDir: /Users/skd6150/Documents/Research/CBI/iModulon_Ctherm/iModulonMiner/2_process_data/work/72/77beddbfabaa166538abe28444f227]
.. remaining tasks omitted.
Mar-25 15:12:54.965 [Task monitor] DEBUG n.processor.TaskPollingMonitor - !! executor local > tasks to be completed: 1 -- submitted tasks are shown below
~> TaskHandler[id: 80; name: download_fastq (78); status: RUNNING; exit: -; error: -; workDir: /Users/skd6150/Documents/Research/CBI/iModulon_Ctherm/iModulonMiner/2_process_data/work/52/919c5c887cf0c371fb3a33878d749a]
Mar-25 15:13:24.587 [Task submitter] DEBUG n.processor.TaskPollingMonitor - %% executor local > tasks in the submission queue: 375 -- tasks to be submitted are shown below
~> TaskHandler[id: 74; name: download_fastq (72); status: NEW; exit: -; error: -; workDir: /Users/skd6150/Documents/Research/CBI/iModulon_Ctherm/iModulonMiner/2_process_data/work/7f/7c7ba63868b0032b2d18730bd0a850]
~> TaskHandler[id: 75; name: download_fastq (73); status: NEW; exit: -; error: -; workDir: /Users/skd6150/Documents/Research/CBI/iModulon_Ctherm/iModulonMiner/2_process_data/work/3e/dd7c1a121d1efba2004f9237d08455]
~> TaskHandler[id: 76; name: download_fastq (74); status: NEW; exit: -; error: -; workDir: /Users/skd6150/Documents/Research/CBI/iModulon_Ctherm/iModulonMiner/2_process_data/work/df/b7fc13b29e92896ac2ce50ea89160c]
~> TaskHandler[id: 77; name: download_fastq (75); status: NEW; exit: -; error: -; workDir: /Users/skd6150/Documents/Research/CBI/iModulon_Ctherm/iModulonMiner/2_process_data/work/54/cee92bbae37509357e918ee553f907]
~> TaskHandler[id: 79; name: download_fastq (77); status: NEW; exit: -; error: -; workDir: /Users/skd6150/Documents/Research/CBI/iModulon_Ctherm/iModulonMiner/2_process_data/work/b4/26af20746538bfe76024f7bc8ebfbb]
~> TaskHandler[id: 83; name: download_fastq (81); status: NEW; exit: -; error: -; workDir: /Users/skd6150/Documents/Research/CBI/iModulon_Ctherm/iModulonMiner/2_process_data/work/9d/eeef18954512de20df0e1169ef7640]
~> TaskHandler[id: 88; name: download_fastq (86); status: NEW; exit: -; error: -; workDir: /Users/skd6150/Documents/Research/CBI/iModulon_Ctherm/iModulonMiner/2_process_data/work/13/86502c58c27b8e41f85a5fa1e69a8f]
~> TaskHandler[id: 81; name: download_fastq (79); status: NEW; exit: -; error: -; workDir: /Users/skd6150/Documents/Research/CBI/iModulon_Ctherm/iModulonMiner/2_process_data/work/6e/74a0211e444d68d3eeef9be4ee8508]
~> TaskHandler[id: 84; name: download_fastq (82); status: NEW; exit: -; error: -; workDir: /Users/skd6150/Documents/Research/CBI/iModulon_Ctherm/iModulonMiner/2_process_data/work/a8/dc23a991c3369e78759f6f664f8756]
~> TaskHandler[id: 82; name: download_fastq (80); status: NEW; exit: -; error: -; workDir: /Users/skd6150/Documents/Research/CBI/iModulon_Ctherm/iModulonMiner/2_process_data/work/72/77beddbfabaa166538abe28444f227]
.. remaining tasks omitted.
Mar-25 15:17:54.977 [Task monitor] DEBUG n.processor.TaskPollingMonitor - !! executor local > tasks to be completed: 1 -- submitted tasks are shown below
~> TaskHandler[id: 80; name: download_fastq (78); status: RUNNING; exit: -; error: -; workDir: /Users/skd6150/Documents/Research/CBI/iModulon_Ctherm/iModulonMiner/2_process_data/work/52/919c5c887cf0c371fb3a33878d749a]
Mar-25 15:18:24.612 [Task submitter] DEBUG n.processor.TaskPollingMonitor - %% executor local > tasks in the submission queue: 375 -- tasks to be submitted are shown below
~> TaskHandler[id: 74; name: download_fastq (72); status: NEW; exit: -; error: -; workDir: /Users/skd6150/Documents/Research/CBI/iModulon_Ctherm/iModulonMiner/2_process_data/work/7f/7c7ba63868b0032b2d18730bd0a850]
~> TaskHandler[id: 75; name: download_fastq (73); status: NEW; exit: -; error: -; workDir: /Users/skd6150/Documents/Research/CBI/iModulon_Ctherm/iModulonMiner/2_process_data/work/3e/dd7c1a121d1efba2004f9237d08455]
~> TaskHandler[id: 76; name: download_fastq (74); status: NEW; exit: -; error: -; workDir: /Users/skd6150/Documents/Research/CBI/iModulon_Ctherm/iModulonMiner/2_process_data/work/df/b7fc13b29e92896ac2ce50ea89160c]
~> TaskHandler[id: 77; name: download_fastq (75); status: NEW; exit: -; error: -; workDir: /Users/skd6150/Documents/Research/CBI/iModulon_Ctherm/iModulonMiner/2_process_data/work/54/cee92bbae37509357e918ee553f907]
~> TaskHandler[id: 79; name: download_fastq (77); status: NEW; exit: -; error: -; workDir: /Users/skd6150/Documents/Research/CBI/iModulon_Ctherm/iModulonMiner/2_process_data/work/b4/26af20746538bfe76024f7bc8ebfbb]
~> TaskHandler[id: 83; name: download_fastq (81); status: NEW; exit: -; error: -; workDir: /Users/skd6150/Documents/Research/CBI/iModulon_Ctherm/iModulonMiner/2_process_data/work/9d/eeef18954512de20df0e1169ef7640]
~> TaskHandler[id: 88; name: download_fastq (86); status: NEW; exit: -; error: -; workDir: /Users/skd6150/Documents/Research/CBI/iModulon_Ctherm/iModulonMiner/2_process_data/work/13/86502c58c27b8e41f85a5fa1e69a8f]
~> TaskHandler[id: 81; name: download_fastq (79); status: NEW; exit: -; error: -; workDir: /Users/skd6150/Documents/Research/CBI/iModulon_Ctherm/iModulonMiner/2_process_data/work/6e/74a0211e444d68d3eeef9be4ee8508]
~> TaskHandler[id: 84; name: download_fastq (82); status: NEW; exit: -; error: -; workDir: /Users/skd6150/Documents/Research/CBI/iModulon_Ctherm/iModulonMiner/2_process_data/work/a8/dc23a991c3369e78759f6f664f8756]
~> TaskHandler[id: 82; name: download_fastq (80); status: NEW; exit: -; error: -; workDir: /Users/skd6150/Documents/Research/CBI/iModulon_Ctherm/iModulonMiner/2_process_data/work/72/77beddbfabaa166538abe28444f227]
.. remaining tasks omitted.
Mar-25 15:22:55.014 [Task monitor] DEBUG n.processor.TaskPollingMonitor - !! executor local > tasks to be completed: 1 -- submitted tasks are shown below
~> TaskHandler[id: 80; name: download_fastq (78); status: RUNNING; exit: -; error: -; workDir: /Users/skd6150/Documents/Research/CBI/iModulon_Ctherm/iModulonMiner/2_process_data/work/52/919c5c887cf0c371fb3a33878d749a]
Mar-25 15:23:25.064 [Task submitter] DEBUG n.processor.TaskPollingMonitor - %% executor local > tasks in the submission queue: 375 -- tasks to be submitted are shown below
~> TaskHandler[id: 74; name: download_fastq (72); status: NEW; exit: -; error: -; workDir: /Users/skd6150/Documents/Research/CBI/iModulon_Ctherm/iModulonMiner/2_process_data/work/7f/7c7ba63868b0032b2d18730bd0a850]
~> TaskHandler[id: 75; name: download_fastq (73); status: NEW; exit: -; error: -; workDir: /Users/skd6150/Documents/Research/CBI/iModulon_Ctherm/iModulonMiner/2_process_data/work/3e/dd7c1a121d1efba2004f9237d08455]
~> TaskHandler[id: 76; name: download_fastq (74); status: NEW; exit: -; error: -; workDir: /Users/skd6150/Documents/Research/CBI/iModulon_Ctherm/iModulonMiner/2_process_data/work/df/b7fc13b29e92896ac2ce50ea89160c]
~> TaskHandler[id: 77; name: download_fastq (75); status: NEW; exit: -; error: -; workDir: /Users/skd6150/Documents/Research/CBI/iModulon_Ctherm/iModulonMiner/2_process_data/work/54/cee92bbae37509357e918ee553f907]
~> TaskHandler[id: 79; name: download_fastq (77); status: NEW; exit: -; error: -; workDir: /Users/skd6150/Documents/Research/CBI/iModulon_Ctherm/iModulonMiner/2_process_data/work/b4/26af20746538bfe76024f7bc8ebfbb]
~> TaskHandler[id: 83; name: download_fastq (81); status: NEW; exit: -; error: -; workDir: /Users/skd6150/Documents/Research/CBI/iModulon_Ctherm/iModulonMiner/2_process_data/work/9d/eeef18954512de20df0e1169ef7640]
~> TaskHandler[id: 88; name: download_fastq (86); status: NEW; exit: -; error: -; workDir: /Users/skd6150/Documents/Research/CBI/iModulon_Ctherm/iModulonMiner/2_process_data/work/13/86502c58c27b8e41f85a5fa1e69a8f]
~> TaskHandler[id: 81; name: download_fastq (79); status: NEW; exit: -; error: -; workDir: /Users/skd6150/Documents/Research/CBI/iModulon_Ctherm/iModulonMiner/2_process_data/work/6e/74a0211e444d68d3eeef9be4ee8508]
~> TaskHandler[id: 84; name: download_fastq (82); status: NEW; exit: -; error: -; workDir: /Users/skd6150/Documents/Research/CBI/iModulon_Ctherm/iModulonMiner/2_process_data/work/a8/dc23a991c3369e78759f6f664f8756]
~> TaskHandler[id: 82; name: download_fastq (80); status: NEW; exit: -; error: -; workDir: /Users/skd6150/Documents/Research/CBI/iModulon_Ctherm/iModulonMiner/2_process_data/work/72/77beddbfabaa166538abe28444f227]
.. remaining tasks omitted.
Mar-25 15:27:55.044 [Task monitor] DEBUG n.processor.TaskPollingMonitor - !! executor local > tasks to be completed: 1 -- submitted tasks are shown below
~> TaskHandler[id: 80; name: download_fastq (78); status: RUNNING; exit: -; error: -; workDir: /Users/skd6150/Documents/Research/CBI/iModulon_Ctherm/iModulonMiner/2_process_data/work/52/919c5c887cf0c371fb3a33878d749a]
Mar-25 15:28:25.530 [Task submitter] DEBUG n.processor.TaskPollingMonitor - %% executor local > tasks in the submission queue: 375 -- tasks to be submitted are shown below
~> TaskHandler[id: 74; name: download_fastq (72); status: NEW; exit: -; error: -; workDir: /Users/skd6150/Documents/Research/CBI/iModulon_Ctherm/iModulonMiner/2_process_data/work/7f/7c7ba63868b0032b2d18730bd0a850]
~> TaskHandler[id: 75; name: download_fastq (73); status: NEW; exit: -; error: -; workDir: /Users/skd6150/Documents/Research/CBI/iModulon_Ctherm/iModulonMiner/2_process_data/work/3e/dd7c1a121d1efba2004f9237d08455]
~> TaskHandler[id: 76; name: download_fastq (74); status: NEW; exit: -; error: -; workDir: /Users/skd6150/Documents/Research/CBI/iModulon_Ctherm/iModulonMiner/2_process_data/work/df/b7fc13b29e92896ac2ce50ea89160c]
~> TaskHandler[id: 77; name: download_fastq (75); status: NEW; exit: -; error: -; workDir: /Users/skd6150/Documents/Research/CBI/iModulon_Ctherm/iModulonMiner/2_process_data/work/54/cee92bbae37509357e918ee553f907]
~> TaskHandler[id: 79; name: download_fastq (77); status: NEW; exit: -; error: -; workDir: /Users/skd6150/Documents/Research/CBI/iModulon_Ctherm/iModulonMiner/2_process_data/work/b4/26af20746538bfe76024f7bc8ebfbb]
~> TaskHandler[id: 83; name: download_fastq (81); status: NEW; exit: -; error: -; workDir: /Users/skd6150/Documents/Research/CBI/iModulon_Ctherm/iModulonMiner/2_process_data/work/9d/eeef18954512de20df0e1169ef7640]
~> TaskHandler[id: 88; name: download_fastq (86); status: NEW; exit: -; error: -; workDir: /Users/skd6150/Documents/Research/CBI/iModulon_Ctherm/iModulonMiner/2_process_data/work/13/86502c58c27b8e41f85a5fa1e69a8f]
~> TaskHandler[id: 81; name: download_fastq (79); status: NEW; exit: -; error: -; workDir: /Users/skd6150/Documents/Research/CBI/iModulon_Ctherm/iModulonMiner/2_process_data/work/6e/74a0211e444d68d3eeef9be4ee8508]
~> TaskHandler[id: 84; name: download_fastq (82); status: NEW; exit: -; error: -; workDir: /Users/skd6150/Documents/Research/CBI/iModulon_Ctherm/iModulonMiner/2_process_data/work/a8/dc23a991c3369e78759f6f664f8756]
~> TaskHandler[id: 82; name: download_fastq (80); status: NEW; exit: -; error: -; workDir: /Users/skd6150/Documents/Research/CBI/iModulon_Ctherm/iModulonMiner/2_process_data/work/72/77beddbfabaa166538abe28444f227]
.. remaining tasks omitted.
Mar-25 15:29:55.576 [Task monitor] DEBUG n.processor.TaskPollingMonitor - Task completed > TaskHandler[id: 80; name: download_fastq (78); status: COMPLETED; exit: 0; error: -; workDir: /Users/skd6150/Documents/Research/CBI/iModulon_Ctherm/iModulonMiner/2_process_data/work/52/919c5c887cf0c371fb3a33878d749a]
Mar-25 15:29:55.610 [Task submitter] DEBUG n.executor.local.LocalTaskHandler - Launch cmd line: /bin/bash -ue .command.run
Mar-25 15:29:55.610 [Task submitter] INFO  nextflow.Session - [7f/7c7ba6] Submitted process > download_fastq (72)
Mar-25 15:32:14.196 [Task monitor] DEBUG n.processor.TaskPollingMonitor - Task completed > TaskHandler[id: 74; name: download_fastq (72); status: COMPLETED; exit: 0; error: -; workDir: /Users/skd6150/Documents/Research/CBI/iModulon_Ctherm/iModulonMiner/2_process_data/work/7f/7c7ba63868b0032b2d18730bd0a850]
Mar-25 15:32:14.210 [Task submitter] DEBUG n.executor.local.LocalTaskHandler - Launch cmd line: /bin/bash -ue .command.run
Mar-25 15:32:14.215 [Task submitter] INFO  nextflow.Session - [3e/dd7c1a] Submitted process > download_fastq (73)
Mar-25 15:32:55.141 [Task monitor] DEBUG n.processor.TaskPollingMonitor - !! executor local > tasks to be completed: 1 -- submitted tasks are shown below
~> TaskHandler[id: 75; name: download_fastq (73); status: RUNNING; exit: -; error: -; workDir: /Users/skd6150/Documents/Research/CBI/iModulon_Ctherm/iModulonMiner/2_process_data/work/3e/dd7c1a121d1efba2004f9237d08455]
Mar-25 15:33:25.532 [Task submitter] DEBUG n.processor.TaskPollingMonitor - %% executor local > tasks in the submission queue: 375 -- tasks to be submitted are shown below
~> TaskHandler[id: 76; name: download_fastq (74); status: NEW; exit: -; error: -; workDir: /Users/skd6150/Documents/Research/CBI/iModulon_Ctherm/iModulonMiner/2_process_data/work/df/b7fc13b29e92896ac2ce50ea89160c]
~> TaskHandler[id: 77; name: download_fastq (75); status: NEW; exit: -; error: -; workDir: /Users/skd6150/Documents/Research/CBI/iModulon_Ctherm/iModulonMiner/2_process_data/work/54/cee92bbae37509357e918ee553f907]
~> TaskHandler[id: 79; name: download_fastq (77); status: NEW; exit: -; error: -; workDir: /Users/skd6150/Documents/Research/CBI/iModulon_Ctherm/iModulonMiner/2_process_data/work/b4/26af20746538bfe76024f7bc8ebfbb]
~> TaskHandler[id: 83; name: download_fastq (81); status: NEW; exit: -; error: -; workDir: /Users/skd6150/Documents/Research/CBI/iModulon_Ctherm/iModulonMiner/2_process_data/work/9d/eeef18954512de20df0e1169ef7640]
~> TaskHandler[id: 88; name: download_fastq (86); status: NEW; exit: -; error: -; workDir: /Users/skd6150/Documents/Research/CBI/iModulon_Ctherm/iModulonMiner/2_process_data/work/13/86502c58c27b8e41f85a5fa1e69a8f]
~> TaskHandler[id: 81; name: download_fastq (79); status: NEW; exit: -; error: -; workDir: /Users/skd6150/Documents/Research/CBI/iModulon_Ctherm/iModulonMiner/2_process_data/work/6e/74a0211e444d68d3eeef9be4ee8508]
~> TaskHandler[id: 84; name: download_fastq (82); status: NEW; exit: -; error: -; workDir: /Users/skd6150/Documents/Research/CBI/iModulon_Ctherm/iModulonMiner/2_process_data/work/a8/dc23a991c3369e78759f6f664f8756]
~> TaskHandler[id: 82; name: download_fastq (80); status: NEW; exit: -; error: -; workDir: /Users/skd6150/Documents/Research/CBI/iModulon_Ctherm/iModulonMiner/2_process_data/work/72/77beddbfabaa166538abe28444f227]
~> TaskHandler[id: 85; name: download_fastq (83); status: NEW; exit: -; error: -; workDir: /Users/skd6150/Documents/Research/CBI/iModulon_Ctherm/iModulonMiner/2_process_data/work/8d/93a741e57c74c48920ed7cdfcfc7d7]
~> TaskHandler[id: 86; name: download_fastq (84); status: NEW; exit: -; error: -; workDir: /Users/skd6150/Documents/Research/CBI/iModulon_Ctherm/iModulonMiner/2_process_data/work/b7/1fbe84ab56417cc05b775962dcda25]
.. remaining tasks omitted.
Mar-25 15:34:30.645 [Task monitor] DEBUG n.processor.TaskPollingMonitor - Task completed > TaskHandler[id: 75; name: download_fastq (73); status: COMPLETED; exit: 0; error: -; workDir: /Users/skd6150/Documents/Research/CBI/iModulon_Ctherm/iModulonMiner/2_process_data/work/3e/dd7c1a121d1efba2004f9237d08455]
Mar-25 15:34:30.660 [Task submitter] DEBUG n.executor.local.LocalTaskHandler - Launch cmd line: /bin/bash -ue .command.run
Mar-25 15:34:30.661 [Task submitter] INFO  nextflow.Session - [df/b7fc13] Submitted process > download_fastq (74)
Mar-25 15:37:25.053 [Task monitor] DEBUG n.processor.TaskPollingMonitor - Task completed > TaskHandler[id: 76; name: download_fastq (74); status: COMPLETED; exit: 0; error: -; workDir: /Users/skd6150/Documents/Research/CBI/iModulon_Ctherm/iModulonMiner/2_process_data/work/df/b7fc13b29e92896ac2ce50ea89160c]
Mar-25 15:37:25.083 [Task submitter] DEBUG n.executor.local.LocalTaskHandler - Launch cmd line: /bin/bash -ue .command.run
Mar-25 15:37:25.083 [Task submitter] INFO  nextflow.Session - [54/cee92b] Submitted process > download_fastq (75)
Mar-25 15:37:55.179 [Task monitor] DEBUG n.processor.TaskPollingMonitor - !! executor local > tasks to be completed: 1 -- submitted tasks are shown below
~> TaskHandler[id: 77; name: download_fastq (75); status: RUNNING; exit: -; error: -; workDir: /Users/skd6150/Documents/Research/CBI/iModulon_Ctherm/iModulonMiner/2_process_data/work/54/cee92bbae37509357e918ee553f907]
Mar-25 15:38:26.352 [Task submitter] DEBUG n.processor.TaskPollingMonitor - %% executor local > tasks in the submission queue: 375 -- tasks to be submitted are shown below
~> TaskHandler[id: 79; name: download_fastq (77); status: NEW; exit: -; error: -; workDir: /Users/skd6150/Documents/Research/CBI/iModulon_Ctherm/iModulonMiner/2_process_data/work/b4/26af20746538bfe76024f7bc8ebfbb]
~> TaskHandler[id: 83; name: download_fastq (81); status: NEW; exit: -; error: -; workDir: /Users/skd6150/Documents/Research/CBI/iModulon_Ctherm/iModulonMiner/2_process_data/work/9d/eeef18954512de20df0e1169ef7640]
~> TaskHandler[id: 88; name: download_fastq (86); status: NEW; exit: -; error: -; workDir: /Users/skd6150/Documents/Research/CBI/iModulon_Ctherm/iModulonMiner/2_process_data/work/13/86502c58c27b8e41f85a5fa1e69a8f]
~> TaskHandler[id: 81; name: download_fastq (79); status: NEW; exit: -; error: -; workDir: /Users/skd6150/Documents/Research/CBI/iModulon_Ctherm/iModulonMiner/2_process_data/work/6e/74a0211e444d68d3eeef9be4ee8508]
~> TaskHandler[id: 84; name: download_fastq (82); status: NEW; exit: -; error: -; workDir: /Users/skd6150/Documents/Research/CBI/iModulon_Ctherm/iModulonMiner/2_process_data/work/a8/dc23a991c3369e78759f6f664f8756]
~> TaskHandler[id: 82; name: download_fastq (80); status: NEW; exit: -; error: -; workDir: /Users/skd6150/Documents/Research/CBI/iModulon_Ctherm/iModulonMiner/2_process_data/work/72/77beddbfabaa166538abe28444f227]
~> TaskHandler[id: 85; name: download_fastq (83); status: NEW; exit: -; error: -; workDir: /Users/skd6150/Documents/Research/CBI/iModulon_Ctherm/iModulonMiner/2_process_data/work/8d/93a741e57c74c48920ed7cdfcfc7d7]
~> TaskHandler[id: 86; name: download_fastq (84); status: NEW; exit: -; error: -; workDir: /Users/skd6150/Documents/Research/CBI/iModulon_Ctherm/iModulonMiner/2_process_data/work/b7/1fbe84ab56417cc05b775962dcda25]
~> TaskHandler[id: 87; name: download_fastq (85); status: NEW; exit: -; error: -; workDir: /Users/skd6150/Documents/Research/CBI/iModulon_Ctherm/iModulonMiner/2_process_data/work/c3/9904aba5d0bb0c05dcaf10b70c692e]
~> TaskHandler[id: 89; name: download_fastq (87); status: NEW; exit: -; error: -; workDir: /Users/skd6150/Documents/Research/CBI/iModulon_Ctherm/iModulonMiner/2_process_data/work/fa/e8aa63db3e22f557d010a58cc4d06d]
.. remaining tasks omitted.
Mar-25 15:40:53.240 [Task monitor] DEBUG n.processor.TaskPollingMonitor - Task completed > TaskHandler[id: 77; name: download_fastq (75); status: COMPLETED; exit: 0; error: -; workDir: /Users/skd6150/Documents/Research/CBI/iModulon_Ctherm/iModulonMiner/2_process_data/work/54/cee92bbae37509357e918ee553f907]
Mar-25 15:40:53.257 [Task submitter] DEBUG n.executor.local.LocalTaskHandler - Launch cmd line: /bin/bash -ue .command.run
Mar-25 15:40:53.257 [Task submitter] INFO  nextflow.Session - [b4/26af20] Submitted process > download_fastq (77)
Mar-25 15:42:51.196 [Task monitor] DEBUG n.processor.TaskPollingMonitor - Task completed > TaskHandler[id: 79; name: download_fastq (77); status: COMPLETED; exit: 0; error: -; workDir: /Users/skd6150/Documents/Research/CBI/iModulon_Ctherm/iModulonMiner/2_process_data/work/b4/26af20746538bfe76024f7bc8ebfbb]
Mar-25 15:42:51.214 [Task submitter] DEBUG n.executor.local.LocalTaskHandler - Launch cmd line: /bin/bash -ue .command.run
Mar-25 15:42:51.214 [Task submitter] INFO  nextflow.Session - [9d/eeef18] Submitted process > download_fastq (81)
Mar-25 15:42:55.221 [Task monitor] DEBUG n.processor.TaskPollingMonitor - !! executor local > tasks to be completed: 1 -- submitted tasks are shown below
~> TaskHandler[id: 83; name: download_fastq (81); status: RUNNING; exit: -; error: -; workDir: /Users/skd6150/Documents/Research/CBI/iModulon_Ctherm/iModulonMiner/2_process_data/work/9d/eeef18954512de20df0e1169ef7640]
Mar-25 15:43:27.350 [Task submitter] DEBUG n.processor.TaskPollingMonitor - %% executor local > tasks in the submission queue: 375 -- tasks to be submitted are shown below
~> TaskHandler[id: 88; name: download_fastq (86); status: NEW; exit: -; error: -; workDir: /Users/skd6150/Documents/Research/CBI/iModulon_Ctherm/iModulonMiner/2_process_data/work/13/86502c58c27b8e41f85a5fa1e69a8f]
~> TaskHandler[id: 81; name: download_fastq (79); status: NEW; exit: -; error: -; workDir: /Users/skd6150/Documents/Research/CBI/iModulon_Ctherm/iModulonMiner/2_process_data/work/6e/74a0211e444d68d3eeef9be4ee8508]
~> TaskHandler[id: 84; name: download_fastq (82); status: NEW; exit: -; error: -; workDir: /Users/skd6150/Documents/Research/CBI/iModulon_Ctherm/iModulonMiner/2_process_data/work/a8/dc23a991c3369e78759f6f664f8756]
~> TaskHandler[id: 82; name: download_fastq (80); status: NEW; exit: -; error: -; workDir: /Users/skd6150/Documents/Research/CBI/iModulon_Ctherm/iModulonMiner/2_process_data/work/72/77beddbfabaa166538abe28444f227]
~> TaskHandler[id: 85; name: download_fastq (83); status: NEW; exit: -; error: -; workDir: /Users/skd6150/Documents/Research/CBI/iModulon_Ctherm/iModulonMiner/2_process_data/work/8d/93a741e57c74c48920ed7cdfcfc7d7]
~> TaskHandler[id: 86; name: download_fastq (84); status: NEW; exit: -; error: -; workDir: /Users/skd6150/Documents/Research/CBI/iModulon_Ctherm/iModulonMiner/2_process_data/work/b7/1fbe84ab56417cc05b775962dcda25]
~> TaskHandler[id: 87; name: download_fastq (85); status: NEW; exit: -; error: -; workDir: /Users/skd6150/Documents/Research/CBI/iModulon_Ctherm/iModulonMiner/2_process_data/work/c3/9904aba5d0bb0c05dcaf10b70c692e]
~> TaskHandler[id: 89; name: download_fastq (87); status: NEW; exit: -; error: -; workDir: /Users/skd6150/Documents/Research/CBI/iModulon_Ctherm/iModulonMiner/2_process_data/work/fa/e8aa63db3e22f557d010a58cc4d06d]
~> TaskHandler[id: 91; name: download_fastq (89); status: NEW; exit: -; error: -; workDir: /Users/skd6150/Documents/Research/CBI/iModulon_Ctherm/iModulonMiner/2_process_data/work/c2/2724e22ce1ae030e5877a144d9a34c]
~> TaskHandler[id: 95; name: download_fastq (93); status: NEW; exit: -; error: -; workDir: /Users/skd6150/Documents/Research/CBI/iModulon_Ctherm/iModulonMiner/2_process_data/work/81/8eb8b3174b7b63e1be20c8fa0e9ffb]
.. remaining tasks omitted.
Mar-25 15:47:55.320 [Task monitor] DEBUG n.processor.TaskPollingMonitor - !! executor local > tasks to be completed: 1 -- submitted tasks are shown below
~> TaskHandler[id: 83; name: download_fastq (81); status: RUNNING; exit: -; error: -; workDir: /Users/skd6150/Documents/Research/CBI/iModulon_Ctherm/iModulonMiner/2_process_data/work/9d/eeef18954512de20df0e1169ef7640]
Mar-25 15:48:27.735 [Task submitter] DEBUG n.processor.TaskPollingMonitor - %% executor local > tasks in the submission queue: 375 -- tasks to be submitted are shown below
~> TaskHandler[id: 88; name: download_fastq (86); status: NEW; exit: -; error: -; workDir: /Users/skd6150/Documents/Research/CBI/iModulon_Ctherm/iModulonMiner/2_process_data/work/13/86502c58c27b8e41f85a5fa1e69a8f]
~> TaskHandler[id: 81; name: download_fastq (79); status: NEW; exit: -; error: -; workDir: /Users/skd6150/Documents/Research/CBI/iModulon_Ctherm/iModulonMiner/2_process_data/work/6e/74a0211e444d68d3eeef9be4ee8508]
~> TaskHandler[id: 84; name: download_fastq (82); status: NEW; exit: -; error: -; workDir: /Users/skd6150/Documents/Research/CBI/iModulon_Ctherm/iModulonMiner/2_process_data/work/a8/dc23a991c3369e78759f6f664f8756]
~> TaskHandler[id: 82; name: download_fastq (80); status: NEW; exit: -; error: -; workDir: /Users/skd6150/Documents/Research/CBI/iModulon_Ctherm/iModulonMiner/2_process_data/work/72/77beddbfabaa166538abe28444f227]
~> TaskHandler[id: 85; name: download_fastq (83); status: NEW; exit: -; error: -; workDir: /Users/skd6150/Documents/Research/CBI/iModulon_Ctherm/iModulonMiner/2_process_data/work/8d/93a741e57c74c48920ed7cdfcfc7d7]
~> TaskHandler[id: 86; name: download_fastq (84); status: NEW; exit: -; error: -; workDir: /Users/skd6150/Documents/Research/CBI/iModulon_Ctherm/iModulonMiner/2_process_data/work/b7/1fbe84ab56417cc05b775962dcda25]
~> TaskHandler[id: 87; name: download_fastq (85); status: NEW; exit: -; error: -; workDir: /Users/skd6150/Documents/Research/CBI/iModulon_Ctherm/iModulonMiner/2_process_data/work/c3/9904aba5d0bb0c05dcaf10b70c692e]
~> TaskHandler[id: 89; name: download_fastq (87); status: NEW; exit: -; error: -; workDir: /Users/skd6150/Documents/Research/CBI/iModulon_Ctherm/iModulonMiner/2_process_data/work/fa/e8aa63db3e22f557d010a58cc4d06d]
~> TaskHandler[id: 91; name: download_fastq (89); status: NEW; exit: -; error: -; workDir: /Users/skd6150/Documents/Research/CBI/iModulon_Ctherm/iModulonMiner/2_process_data/work/c2/2724e22ce1ae030e5877a144d9a34c]
~> TaskHandler[id: 95; name: download_fastq (93); status: NEW; exit: -; error: -; workDir: /Users/skd6150/Documents/Research/CBI/iModulon_Ctherm/iModulonMiner/2_process_data/work/81/8eb8b3174b7b63e1be20c8fa0e9ffb]
.. remaining tasks omitted.
Mar-25 15:52:55.409 [Task monitor] DEBUG n.processor.TaskPollingMonitor - !! executor local > tasks to be completed: 1 -- submitted tasks are shown below
~> TaskHandler[id: 83; name: download_fastq (81); status: RUNNING; exit: -; error: -; workDir: /Users/skd6150/Documents/Research/CBI/iModulon_Ctherm/iModulonMiner/2_process_data/work/9d/eeef18954512de20df0e1169ef7640]
Mar-25 15:53:28.197 [Task submitter] DEBUG n.processor.TaskPollingMonitor - %% executor local > tasks in the submission queue: 375 -- tasks to be submitted are shown below
~> TaskHandler[id: 88; name: download_fastq (86); status: NEW; exit: -; error: -; workDir: /Users/skd6150/Documents/Research/CBI/iModulon_Ctherm/iModulonMiner/2_process_data/work/13/86502c58c27b8e41f85a5fa1e69a8f]
~> TaskHandler[id: 81; name: download_fastq (79); status: NEW; exit: -; error: -; workDir: /Users/skd6150/Documents/Research/CBI/iModulon_Ctherm/iModulonMiner/2_process_data/work/6e/74a0211e444d68d3eeef9be4ee8508]
~> TaskHandler[id: 84; name: download_fastq (82); status: NEW; exit: -; error: -; workDir: /Users/skd6150/Documents/Research/CBI/iModulon_Ctherm/iModulonMiner/2_process_data/work/a8/dc23a991c3369e78759f6f664f8756]
~> TaskHandler[id: 82; name: download_fastq (80); status: NEW; exit: -; error: -; workDir: /Users/skd6150/Documents/Research/CBI/iModulon_Ctherm/iModulonMiner/2_process_data/work/72/77beddbfabaa166538abe28444f227]
~> TaskHandler[id: 85; name: download_fastq (83); status: NEW; exit: -; error: -; workDir: /Users/skd6150/Documents/Research/CBI/iModulon_Ctherm/iModulonMiner/2_process_data/work/8d/93a741e57c74c48920ed7cdfcfc7d7]
~> TaskHandler[id: 86; name: download_fastq (84); status: NEW; exit: -; error: -; workDir: /Users/skd6150/Documents/Research/CBI/iModulon_Ctherm/iModulonMiner/2_process_data/work/b7/1fbe84ab56417cc05b775962dcda25]
~> TaskHandler[id: 87; name: download_fastq (85); status: NEW; exit: -; error: -; workDir: /Users/skd6150/Documents/Research/CBI/iModulon_Ctherm/iModulonMiner/2_process_data/work/c3/9904aba5d0bb0c05dcaf10b70c692e]
~> TaskHandler[id: 89; name: download_fastq (87); status: NEW; exit: -; error: -; workDir: /Users/skd6150/Documents/Research/CBI/iModulon_Ctherm/iModulonMiner/2_process_data/work/fa/e8aa63db3e22f557d010a58cc4d06d]
~> TaskHandler[id: 91; name: download_fastq (89); status: NEW; exit: -; error: -; workDir: /Users/skd6150/Documents/Research/CBI/iModulon_Ctherm/iModulonMiner/2_process_data/work/c2/2724e22ce1ae030e5877a144d9a34c]
~> TaskHandler[id: 95; name: download_fastq (93); status: NEW; exit: -; error: -; workDir: /Users/skd6150/Documents/Research/CBI/iModulon_Ctherm/iModulonMiner/2_process_data/work/81/8eb8b3174b7b63e1be20c8fa0e9ffb]
.. remaining tasks omitted.
Mar-25 15:57:55.425 [Task monitor] DEBUG n.processor.TaskPollingMonitor - !! executor local > tasks to be completed: 1 -- submitted tasks are shown below
~> TaskHandler[id: 83; name: download_fastq (81); status: RUNNING; exit: -; error: -; workDir: /Users/skd6150/Documents/Research/CBI/iModulon_Ctherm/iModulonMiner/2_process_data/work/9d/eeef18954512de20df0e1169ef7640]
Mar-25 15:58:29.024 [Task submitter] DEBUG n.processor.TaskPollingMonitor - %% executor local > tasks in the submission queue: 375 -- tasks to be submitted are shown below
~> TaskHandler[id: 88; name: download_fastq (86); status: NEW; exit: -; error: -; workDir: /Users/skd6150/Documents/Research/CBI/iModulon_Ctherm/iModulonMiner/2_process_data/work/13/86502c58c27b8e41f85a5fa1e69a8f]
~> TaskHandler[id: 81; name: download_fastq (79); status: NEW; exit: -; error: -; workDir: /Users/skd6150/Documents/Research/CBI/iModulon_Ctherm/iModulonMiner/2_process_data/work/6e/74a0211e444d68d3eeef9be4ee8508]
~> TaskHandler[id: 84; name: download_fastq (82); status: NEW; exit: -; error: -; workDir: /Users/skd6150/Documents/Research/CBI/iModulon_Ctherm/iModulonMiner/2_process_data/work/a8/dc23a991c3369e78759f6f664f8756]
~> TaskHandler[id: 82; name: download_fastq (80); status: NEW; exit: -; error: -; workDir: /Users/skd6150/Documents/Research/CBI/iModulon_Ctherm/iModulonMiner/2_process_data/work/72/77beddbfabaa166538abe28444f227]
~> TaskHandler[id: 85; name: download_fastq (83); status: NEW; exit: -; error: -; workDir: /Users/skd6150/Documents/Research/CBI/iModulon_Ctherm/iModulonMiner/2_process_data/work/8d/93a741e57c74c48920ed7cdfcfc7d7]
~> TaskHandler[id: 86; name: download_fastq (84); status: NEW; exit: -; error: -; workDir: /Users/skd6150/Documents/Research/CBI/iModulon_Ctherm/iModulonMiner/2_process_data/work/b7/1fbe84ab56417cc05b775962dcda25]
~> TaskHandler[id: 87; name: download_fastq (85); status: NEW; exit: -; error: -; workDir: /Users/skd6150/Documents/Research/CBI/iModulon_Ctherm/iModulonMiner/2_process_data/work/c3/9904aba5d0bb0c05dcaf10b70c692e]
~> TaskHandler[id: 89; name: download_fastq (87); status: NEW; exit: -; error: -; workDir: /Users/skd6150/Documents/Research/CBI/iModulon_Ctherm/iModulonMiner/2_process_data/work/fa/e8aa63db3e22f557d010a58cc4d06d]
~> TaskHandler[id: 91; name: download_fastq (89); status: NEW; exit: -; error: -; workDir: /Users/skd6150/Documents/Research/CBI/iModulon_Ctherm/iModulonMiner/2_process_data/work/c2/2724e22ce1ae030e5877a144d9a34c]
~> TaskHandler[id: 95; name: download_fastq (93); status: NEW; exit: -; error: -; workDir: /Users/skd6150/Documents/Research/CBI/iModulon_Ctherm/iModulonMiner/2_process_data/work/81/8eb8b3174b7b63e1be20c8fa0e9ffb]
.. remaining tasks omitted.
Mar-25 16:02:55.479 [Task monitor] DEBUG n.processor.TaskPollingMonitor - !! executor local > tasks to be completed: 1 -- submitted tasks are shown below
~> TaskHandler[id: 83; name: download_fastq (81); status: RUNNING; exit: -; error: -; workDir: /Users/skd6150/Documents/Research/CBI/iModulon_Ctherm/iModulonMiner/2_process_data/work/9d/eeef18954512de20df0e1169ef7640]
Mar-25 16:03:29.447 [Task submitter] DEBUG n.processor.TaskPollingMonitor - %% executor local > tasks in the submission queue: 375 -- tasks to be submitted are shown below
~> TaskHandler[id: 88; name: download_fastq (86); status: NEW; exit: -; error: -; workDir: /Users/skd6150/Documents/Research/CBI/iModulon_Ctherm/iModulonMiner/2_process_data/work/13/86502c58c27b8e41f85a5fa1e69a8f]
~> TaskHandler[id: 81; name: download_fastq (79); status: NEW; exit: -; error: -; workDir: /Users/skd6150/Documents/Research/CBI/iModulon_Ctherm/iModulonMiner/2_process_data/work/6e/74a0211e444d68d3eeef9be4ee8508]
~> TaskHandler[id: 84; name: download_fastq (82); status: NEW; exit: -; error: -; workDir: /Users/skd6150/Documents/Research/CBI/iModulon_Ctherm/iModulonMiner/2_process_data/work/a8/dc23a991c3369e78759f6f664f8756]
~> TaskHandler[id: 82; name: download_fastq (80); status: NEW; exit: -; error: -; workDir: /Users/skd6150/Documents/Research/CBI/iModulon_Ctherm/iModulonMiner/2_process_data/work/72/77beddbfabaa166538abe28444f227]
~> TaskHandler[id: 85; name: download_fastq (83); status: NEW; exit: -; error: -; workDir: /Users/skd6150/Documents/Research/CBI/iModulon_Ctherm/iModulonMiner/2_process_data/work/8d/93a741e57c74c48920ed7cdfcfc7d7]
~> TaskHandler[id: 86; name: download_fastq (84); status: NEW; exit: -; error: -; workDir: /Users/skd6150/Documents/Research/CBI/iModulon_Ctherm/iModulonMiner/2_process_data/work/b7/1fbe84ab56417cc05b775962dcda25]
~> TaskHandler[id: 87; name: download_fastq (85); status: NEW; exit: -; error: -; workDir: /Users/skd6150/Documents/Research/CBI/iModulon_Ctherm/iModulonMiner/2_process_data/work/c3/9904aba5d0bb0c05dcaf10b70c692e]
~> TaskHandler[id: 89; name: download_fastq (87); status: NEW; exit: -; error: -; workDir: /Users/skd6150/Documents/Research/CBI/iModulon_Ctherm/iModulonMiner/2_process_data/work/fa/e8aa63db3e22f557d010a58cc4d06d]
~> TaskHandler[id: 91; name: download_fastq (89); status: NEW; exit: -; error: -; workDir: /Users/skd6150/Documents/Research/CBI/iModulon_Ctherm/iModulonMiner/2_process_data/work/c2/2724e22ce1ae030e5877a144d9a34c]
~> TaskHandler[id: 95; name: download_fastq (93); status: NEW; exit: -; error: -; workDir: /Users/skd6150/Documents/Research/CBI/iModulon_Ctherm/iModulonMiner/2_process_data/work/81/8eb8b3174b7b63e1be20c8fa0e9ffb]
.. remaining tasks omitted.
Mar-25 16:06:42.056 [Task monitor] DEBUG n.processor.TaskPollingMonitor - Task completed > TaskHandler[id: 83; name: download_fastq (81); status: COMPLETED; exit: 0; error: -; workDir: /Users/skd6150/Documents/Research/CBI/iModulon_Ctherm/iModulonMiner/2_process_data/work/9d/eeef18954512de20df0e1169ef7640]
Mar-25 16:06:42.084 [Task submitter] DEBUG n.executor.local.LocalTaskHandler - Launch cmd line: /bin/bash -ue .command.run
Mar-25 16:06:42.086 [Task submitter] INFO  nextflow.Session - [13/86502c] Submitted process > download_fastq (86)
Mar-25 16:07:55.499 [Task monitor] DEBUG n.processor.TaskPollingMonitor - !! executor local > tasks to be completed: 1 -- submitted tasks are shown below
~> TaskHandler[id: 88; name: download_fastq (86); status: RUNNING; exit: -; error: -; workDir: /Users/skd6150/Documents/Research/CBI/iModulon_Ctherm/iModulonMiner/2_process_data/work/13/86502c58c27b8e41f85a5fa1e69a8f]
Mar-25 16:08:29.589 [Task submitter] DEBUG n.processor.TaskPollingMonitor - %% executor local > tasks in the submission queue: 375 -- tasks to be submitted are shown below
~> TaskHandler[id: 81; name: download_fastq (79); status: NEW; exit: -; error: -; workDir: /Users/skd6150/Documents/Research/CBI/iModulon_Ctherm/iModulonMiner/2_process_data/work/6e/74a0211e444d68d3eeef9be4ee8508]
~> TaskHandler[id: 84; name: download_fastq (82); status: NEW; exit: -; error: -; workDir: /Users/skd6150/Documents/Research/CBI/iModulon_Ctherm/iModulonMiner/2_process_data/work/a8/dc23a991c3369e78759f6f664f8756]
~> TaskHandler[id: 82; name: download_fastq (80); status: NEW; exit: -; error: -; workDir: /Users/skd6150/Documents/Research/CBI/iModulon_Ctherm/iModulonMiner/2_process_data/work/72/77beddbfabaa166538abe28444f227]
~> TaskHandler[id: 85; name: download_fastq (83); status: NEW; exit: -; error: -; workDir: /Users/skd6150/Documents/Research/CBI/iModulon_Ctherm/iModulonMiner/2_process_data/work/8d/93a741e57c74c48920ed7cdfcfc7d7]
~> TaskHandler[id: 86; name: download_fastq (84); status: NEW; exit: -; error: -; workDir: /Users/skd6150/Documents/Research/CBI/iModulon_Ctherm/iModulonMiner/2_process_data/work/b7/1fbe84ab56417cc05b775962dcda25]
~> TaskHandler[id: 87; name: download_fastq (85); status: NEW; exit: -; error: -; workDir: /Users/skd6150/Documents/Research/CBI/iModulon_Ctherm/iModulonMiner/2_process_data/work/c3/9904aba5d0bb0c05dcaf10b70c692e]
~> TaskHandler[id: 89; name: download_fastq (87); status: NEW; exit: -; error: -; workDir: /Users/skd6150/Documents/Research/CBI/iModulon_Ctherm/iModulonMiner/2_process_data/work/fa/e8aa63db3e22f557d010a58cc4d06d]
~> TaskHandler[id: 91; name: download_fastq (89); status: NEW; exit: -; error: -; workDir: /Users/skd6150/Documents/Research/CBI/iModulon_Ctherm/iModulonMiner/2_process_data/work/c2/2724e22ce1ae030e5877a144d9a34c]
~> TaskHandler[id: 95; name: download_fastq (93); status: NEW; exit: -; error: -; workDir: /Users/skd6150/Documents/Research/CBI/iModulon_Ctherm/iModulonMiner/2_process_data/work/81/8eb8b3174b7b63e1be20c8fa0e9ffb]
~> TaskHandler[id: 96; name: download_fastq (94); status: NEW; exit: -; error: -; workDir: /Users/skd6150/Documents/Research/CBI/iModulon_Ctherm/iModulonMiner/2_process_data/work/2f/a781ef06535e9d78db8b375c3b388d]
.. remaining tasks omitted.
Mar-25 16:12:55.571 [Task monitor] DEBUG n.processor.TaskPollingMonitor - !! executor local > tasks to be completed: 1 -- submitted tasks are shown below
~> TaskHandler[id: 88; name: download_fastq (86); status: RUNNING; exit: -; error: -; workDir: /Users/skd6150/Documents/Research/CBI/iModulon_Ctherm/iModulonMiner/2_process_data/work/13/86502c58c27b8e41f85a5fa1e69a8f]
Mar-25 16:13:30.092 [Task submitter] DEBUG n.processor.TaskPollingMonitor - %% executor local > tasks in the submission queue: 375 -- tasks to be submitted are shown below
~> TaskHandler[id: 81; name: download_fastq (79); status: NEW; exit: -; error: -; workDir: /Users/skd6150/Documents/Research/CBI/iModulon_Ctherm/iModulonMiner/2_process_data/work/6e/74a0211e444d68d3eeef9be4ee8508]
~> TaskHandler[id: 84; name: download_fastq (82); status: NEW; exit: -; error: -; workDir: /Users/skd6150/Documents/Research/CBI/iModulon_Ctherm/iModulonMiner/2_process_data/work/a8/dc23a991c3369e78759f6f664f8756]
~> TaskHandler[id: 82; name: download_fastq (80); status: NEW; exit: -; error: -; workDir: /Users/skd6150/Documents/Research/CBI/iModulon_Ctherm/iModulonMiner/2_process_data/work/72/77beddbfabaa166538abe28444f227]
~> TaskHandler[id: 85; name: download_fastq (83); status: NEW; exit: -; error: -; workDir: /Users/skd6150/Documents/Research/CBI/iModulon_Ctherm/iModulonMiner/2_process_data/work/8d/93a741e57c74c48920ed7cdfcfc7d7]
~> TaskHandler[id: 86; name: download_fastq (84); status: NEW; exit: -; error: -; workDir: /Users/skd6150/Documents/Research/CBI/iModulon_Ctherm/iModulonMiner/2_process_data/work/b7/1fbe84ab56417cc05b775962dcda25]
~> TaskHandler[id: 87; name: download_fastq (85); status: NEW; exit: -; error: -; workDir: /Users/skd6150/Documents/Research/CBI/iModulon_Ctherm/iModulonMiner/2_process_data/work/c3/9904aba5d0bb0c05dcaf10b70c692e]
~> TaskHandler[id: 89; name: download_fastq (87); status: NEW; exit: -; error: -; workDir: /Users/skd6150/Documents/Research/CBI/iModulon_Ctherm/iModulonMiner/2_process_data/work/fa/e8aa63db3e22f557d010a58cc4d06d]
~> TaskHandler[id: 91; name: download_fastq (89); status: NEW; exit: -; error: -; workDir: /Users/skd6150/Documents/Research/CBI/iModulon_Ctherm/iModulonMiner/2_process_data/work/c2/2724e22ce1ae030e5877a144d9a34c]
~> TaskHandler[id: 95; name: download_fastq (93); status: NEW; exit: -; error: -; workDir: /Users/skd6150/Documents/Research/CBI/iModulon_Ctherm/iModulonMiner/2_process_data/work/81/8eb8b3174b7b63e1be20c8fa0e9ffb]
~> TaskHandler[id: 96; name: download_fastq (94); status: NEW; exit: -; error: -; workDir: /Users/skd6150/Documents/Research/CBI/iModulon_Ctherm/iModulonMiner/2_process_data/work/2f/a781ef06535e9d78db8b375c3b388d]
.. remaining tasks omitted.
Mar-25 16:17:55.657 [Task monitor] DEBUG n.processor.TaskPollingMonitor - !! executor local > tasks to be completed: 1 -- submitted tasks are shown below
~> TaskHandler[id: 88; name: download_fastq (86); status: RUNNING; exit: -; error: -; workDir: /Users/skd6150/Documents/Research/CBI/iModulon_Ctherm/iModulonMiner/2_process_data/work/13/86502c58c27b8e41f85a5fa1e69a8f]
Mar-25 16:18:30.135 [Task submitter] DEBUG n.processor.TaskPollingMonitor - %% executor local > tasks in the submission queue: 375 -- tasks to be submitted are shown below
~> TaskHandler[id: 81; name: download_fastq (79); status: NEW; exit: -; error: -; workDir: /Users/skd6150/Documents/Research/CBI/iModulon_Ctherm/iModulonMiner/2_process_data/work/6e/74a0211e444d68d3eeef9be4ee8508]
~> TaskHandler[id: 84; name: download_fastq (82); status: NEW; exit: -; error: -; workDir: /Users/skd6150/Documents/Research/CBI/iModulon_Ctherm/iModulonMiner/2_process_data/work/a8/dc23a991c3369e78759f6f664f8756]
~> TaskHandler[id: 82; name: download_fastq (80); status: NEW; exit: -; error: -; workDir: /Users/skd6150/Documents/Research/CBI/iModulon_Ctherm/iModulonMiner/2_process_data/work/72/77beddbfabaa166538abe28444f227]
~> TaskHandler[id: 85; name: download_fastq (83); status: NEW; exit: -; error: -; workDir: /Users/skd6150/Documents/Research/CBI/iModulon_Ctherm/iModulonMiner/2_process_data/work/8d/93a741e57c74c48920ed7cdfcfc7d7]
~> TaskHandler[id: 86; name: download_fastq (84); status: NEW; exit: -; error: -; workDir: /Users/skd6150/Documents/Research/CBI/iModulon_Ctherm/iModulonMiner/2_process_data/work/b7/1fbe84ab56417cc05b775962dcda25]
~> TaskHandler[id: 87; name: download_fastq (85); status: NEW; exit: -; error: -; workDir: /Users/skd6150/Documents/Research/CBI/iModulon_Ctherm/iModulonMiner/2_process_data/work/c3/9904aba5d0bb0c05dcaf10b70c692e]
~> TaskHandler[id: 89; name: download_fastq (87); status: NEW; exit: -; error: -; workDir: /Users/skd6150/Documents/Research/CBI/iModulon_Ctherm/iModulonMiner/2_process_data/work/fa/e8aa63db3e22f557d010a58cc4d06d]
~> TaskHandler[id: 91; name: download_fastq (89); status: NEW; exit: -; error: -; workDir: /Users/skd6150/Documents/Research/CBI/iModulon_Ctherm/iModulonMiner/2_process_data/work/c2/2724e22ce1ae030e5877a144d9a34c]
~> TaskHandler[id: 95; name: download_fastq (93); status: NEW; exit: -; error: -; workDir: /Users/skd6150/Documents/Research/CBI/iModulon_Ctherm/iModulonMiner/2_process_data/work/81/8eb8b3174b7b63e1be20c8fa0e9ffb]
~> TaskHandler[id: 96; name: download_fastq (94); status: NEW; exit: -; error: -; workDir: /Users/skd6150/Documents/Research/CBI/iModulon_Ctherm/iModulonMiner/2_process_data/work/2f/a781ef06535e9d78db8b375c3b388d]
.. remaining tasks omitted.
Mar-25 16:22:55.698 [Task monitor] DEBUG n.processor.TaskPollingMonitor - !! executor local > tasks to be completed: 1 -- submitted tasks are shown below
~> TaskHandler[id: 88; name: download_fastq (86); status: RUNNING; exit: -; error: -; workDir: /Users/skd6150/Documents/Research/CBI/iModulon_Ctherm/iModulonMiner/2_process_data/work/13/86502c58c27b8e41f85a5fa1e69a8f]
Mar-25 16:23:30.182 [Task submitter] DEBUG n.processor.TaskPollingMonitor - %% executor local > tasks in the submission queue: 375 -- tasks to be submitted are shown below
~> TaskHandler[id: 81; name: download_fastq (79); status: NEW; exit: -; error: -; workDir: /Users/skd6150/Documents/Research/CBI/iModulon_Ctherm/iModulonMiner/2_process_data/work/6e/74a0211e444d68d3eeef9be4ee8508]
~> TaskHandler[id: 84; name: download_fastq (82); status: NEW; exit: -; error: -; workDir: /Users/skd6150/Documents/Research/CBI/iModulon_Ctherm/iModulonMiner/2_process_data/work/a8/dc23a991c3369e78759f6f664f8756]
~> TaskHandler[id: 82; name: download_fastq (80); status: NEW; exit: -; error: -; workDir: /Users/skd6150/Documents/Research/CBI/iModulon_Ctherm/iModulonMiner/2_process_data/work/72/77beddbfabaa166538abe28444f227]
~> TaskHandler[id: 85; name: download_fastq (83); status: NEW; exit: -; error: -; workDir: /Users/skd6150/Documents/Research/CBI/iModulon_Ctherm/iModulonMiner/2_process_data/work/8d/93a741e57c74c48920ed7cdfcfc7d7]
~> TaskHandler[id: 86; name: download_fastq (84); status: NEW; exit: -; error: -; workDir: /Users/skd6150/Documents/Research/CBI/iModulon_Ctherm/iModulonMiner/2_process_data/work/b7/1fbe84ab56417cc05b775962dcda25]
~> TaskHandler[id: 87; name: download_fastq (85); status: NEW; exit: -; error: -; workDir: /Users/skd6150/Documents/Research/CBI/iModulon_Ctherm/iModulonMiner/2_process_data/work/c3/9904aba5d0bb0c05dcaf10b70c692e]
~> TaskHandler[id: 89; name: download_fastq (87); status: NEW; exit: -; error: -; workDir: /Users/skd6150/Documents/Research/CBI/iModulon_Ctherm/iModulonMiner/2_process_data/work/fa/e8aa63db3e22f557d010a58cc4d06d]
~> TaskHandler[id: 91; name: download_fastq (89); status: NEW; exit: -; error: -; workDir: /Users/skd6150/Documents/Research/CBI/iModulon_Ctherm/iModulonMiner/2_process_data/work/c2/2724e22ce1ae030e5877a144d9a34c]
~> TaskHandler[id: 95; name: download_fastq (93); status: NEW; exit: -; error: -; workDir: /Users/skd6150/Documents/Research/CBI/iModulon_Ctherm/iModulonMiner/2_process_data/work/81/8eb8b3174b7b63e1be20c8fa0e9ffb]
~> TaskHandler[id: 96; name: download_fastq (94); status: NEW; exit: -; error: -; workDir: /Users/skd6150/Documents/Research/CBI/iModulon_Ctherm/iModulonMiner/2_process_data/work/2f/a781ef06535e9d78db8b375c3b388d]
.. remaining tasks omitted.
Mar-25 16:27:55.748 [Task monitor] DEBUG n.processor.TaskPollingMonitor - !! executor local > tasks to be completed: 1 -- submitted tasks are shown below
~> TaskHandler[id: 88; name: download_fastq (86); status: RUNNING; exit: -; error: -; workDir: /Users/skd6150/Documents/Research/CBI/iModulon_Ctherm/iModulonMiner/2_process_data/work/13/86502c58c27b8e41f85a5fa1e69a8f]
Mar-25 16:28:30.344 [Task submitter] DEBUG n.processor.TaskPollingMonitor - %% executor local > tasks in the submission queue: 375 -- tasks to be submitted are shown below
~> TaskHandler[id: 81; name: download_fastq (79); status: NEW; exit: -; error: -; workDir: /Users/skd6150/Documents/Research/CBI/iModulon_Ctherm/iModulonMiner/2_process_data/work/6e/74a0211e444d68d3eeef9be4ee8508]
~> TaskHandler[id: 84; name: download_fastq (82); status: NEW; exit: -; error: -; workDir: /Users/skd6150/Documents/Research/CBI/iModulon_Ctherm/iModulonMiner/2_process_data/work/a8/dc23a991c3369e78759f6f664f8756]
~> TaskHandler[id: 82; name: download_fastq (80); status: NEW; exit: -; error: -; workDir: /Users/skd6150/Documents/Research/CBI/iModulon_Ctherm/iModulonMiner/2_process_data/work/72/77beddbfabaa166538abe28444f227]
~> TaskHandler[id: 85; name: download_fastq (83); status: NEW; exit: -; error: -; workDir: /Users/skd6150/Documents/Research/CBI/iModulon_Ctherm/iModulonMiner/2_process_data/work/8d/93a741e57c74c48920ed7cdfcfc7d7]
~> TaskHandler[id: 86; name: download_fastq (84); status: NEW; exit: -; error: -; workDir: /Users/skd6150/Documents/Research/CBI/iModulon_Ctherm/iModulonMiner/2_process_data/work/b7/1fbe84ab56417cc05b775962dcda25]
~> TaskHandler[id: 87; name: download_fastq (85); status: NEW; exit: -; error: -; workDir: /Users/skd6150/Documents/Research/CBI/iModulon_Ctherm/iModulonMiner/2_process_data/work/c3/9904aba5d0bb0c05dcaf10b70c692e]
~> TaskHandler[id: 89; name: download_fastq (87); status: NEW; exit: -; error: -; workDir: /Users/skd6150/Documents/Research/CBI/iModulon_Ctherm/iModulonMiner/2_process_data/work/fa/e8aa63db3e22f557d010a58cc4d06d]
~> TaskHandler[id: 91; name: download_fastq (89); status: NEW; exit: -; error: -; workDir: /Users/skd6150/Documents/Research/CBI/iModulon_Ctherm/iModulonMiner/2_process_data/work/c2/2724e22ce1ae030e5877a144d9a34c]
~> TaskHandler[id: 95; name: download_fastq (93); status: NEW; exit: -; error: -; workDir: /Users/skd6150/Documents/Research/CBI/iModulon_Ctherm/iModulonMiner/2_process_data/work/81/8eb8b3174b7b63e1be20c8fa0e9ffb]
~> TaskHandler[id: 96; name: download_fastq (94); status: NEW; exit: -; error: -; workDir: /Users/skd6150/Documents/Research/CBI/iModulon_Ctherm/iModulonMiner/2_process_data/work/2f/a781ef06535e9d78db8b375c3b388d]
.. remaining tasks omitted.
Mar-25 16:32:55.819 [Task monitor] DEBUG n.processor.TaskPollingMonitor - !! executor local > tasks to be completed: 1 -- submitted tasks are shown below
~> TaskHandler[id: 88; name: download_fastq (86); status: RUNNING; exit: -; error: -; workDir: /Users/skd6150/Documents/Research/CBI/iModulon_Ctherm/iModulonMiner/2_process_data/work/13/86502c58c27b8e41f85a5fa1e69a8f]
Mar-25 16:33:30.406 [Task submitter] DEBUG n.processor.TaskPollingMonitor - %% executor local > tasks in the submission queue: 375 -- tasks to be submitted are shown below
~> TaskHandler[id: 81; name: download_fastq (79); status: NEW; exit: -; error: -; workDir: /Users/skd6150/Documents/Research/CBI/iModulon_Ctherm/iModulonMiner/2_process_data/work/6e/74a0211e444d68d3eeef9be4ee8508]
~> TaskHandler[id: 84; name: download_fastq (82); status: NEW; exit: -; error: -; workDir: /Users/skd6150/Documents/Research/CBI/iModulon_Ctherm/iModulonMiner/2_process_data/work/a8/dc23a991c3369e78759f6f664f8756]
~> TaskHandler[id: 82; name: download_fastq (80); status: NEW; exit: -; error: -; workDir: /Users/skd6150/Documents/Research/CBI/iModulon_Ctherm/iModulonMiner/2_process_data/work/72/77beddbfabaa166538abe28444f227]
~> TaskHandler[id: 85; name: download_fastq (83); status: NEW; exit: -; error: -; workDir: /Users/skd6150/Documents/Research/CBI/iModulon_Ctherm/iModulonMiner/2_process_data/work/8d/93a741e57c74c48920ed7cdfcfc7d7]
~> TaskHandler[id: 86; name: download_fastq (84); status: NEW; exit: -; error: -; workDir: /Users/skd6150/Documents/Research/CBI/iModulon_Ctherm/iModulonMiner/2_process_data/work/b7/1fbe84ab56417cc05b775962dcda25]
~> TaskHandler[id: 87; name: download_fastq (85); status: NEW; exit: -; error: -; workDir: /Users/skd6150/Documents/Research/CBI/iModulon_Ctherm/iModulonMiner/2_process_data/work/c3/9904aba5d0bb0c05dcaf10b70c692e]
~> TaskHandler[id: 89; name: download_fastq (87); status: NEW; exit: -; error: -; workDir: /Users/skd6150/Documents/Research/CBI/iModulon_Ctherm/iModulonMiner/2_process_data/work/fa/e8aa63db3e22f557d010a58cc4d06d]
~> TaskHandler[id: 91; name: download_fastq (89); status: NEW; exit: -; error: -; workDir: /Users/skd6150/Documents/Research/CBI/iModulon_Ctherm/iModulonMiner/2_process_data/work/c2/2724e22ce1ae030e5877a144d9a34c]
~> TaskHandler[id: 95; name: download_fastq (93); status: NEW; exit: -; error: -; workDir: /Users/skd6150/Documents/Research/CBI/iModulon_Ctherm/iModulonMiner/2_process_data/work/81/8eb8b3174b7b63e1be20c8fa0e9ffb]
~> TaskHandler[id: 96; name: download_fastq (94); status: NEW; exit: -; error: -; workDir: /Users/skd6150/Documents/Research/CBI/iModulon_Ctherm/iModulonMiner/2_process_data/work/2f/a781ef06535e9d78db8b375c3b388d]
.. remaining tasks omitted.
Mar-25 16:35:08.652 [Task monitor] DEBUG n.processor.TaskPollingMonitor - Task completed > TaskHandler[id: 88; name: download_fastq (86); status: COMPLETED; exit: 0; error: -; workDir: /Users/skd6150/Documents/Research/CBI/iModulon_Ctherm/iModulonMiner/2_process_data/work/13/86502c58c27b8e41f85a5fa1e69a8f]
Mar-25 16:35:08.689 [Task submitter] DEBUG n.executor.local.LocalTaskHandler - Launch cmd line: /bin/bash -ue .command.run
Mar-25 16:35:08.689 [Task submitter] INFO  nextflow.Session - [6e/74a021] Submitted process > download_fastq (79)
Mar-25 16:37:55.845 [Task monitor] DEBUG n.processor.TaskPollingMonitor - !! executor local > tasks to be completed: 1 -- submitted tasks are shown below
~> TaskHandler[id: 81; name: download_fastq (79); status: RUNNING; exit: -; error: -; workDir: /Users/skd6150/Documents/Research/CBI/iModulon_Ctherm/iModulonMiner/2_process_data/work/6e/74a0211e444d68d3eeef9be4ee8508]
Mar-25 16:38:31.185 [Task submitter] DEBUG n.processor.TaskPollingMonitor - %% executor local > tasks in the submission queue: 375 -- tasks to be submitted are shown below
~> TaskHandler[id: 84; name: download_fastq (82); status: NEW; exit: -; error: -; workDir: /Users/skd6150/Documents/Research/CBI/iModulon_Ctherm/iModulonMiner/2_process_data/work/a8/dc23a991c3369e78759f6f664f8756]
~> TaskHandler[id: 82; name: download_fastq (80); status: NEW; exit: -; error: -; workDir: /Users/skd6150/Documents/Research/CBI/iModulon_Ctherm/iModulonMiner/2_process_data/work/72/77beddbfabaa166538abe28444f227]
~> TaskHandler[id: 85; name: download_fastq (83); status: NEW; exit: -; error: -; workDir: /Users/skd6150/Documents/Research/CBI/iModulon_Ctherm/iModulonMiner/2_process_data/work/8d/93a741e57c74c48920ed7cdfcfc7d7]
~> TaskHandler[id: 86; name: download_fastq (84); status: NEW; exit: -; error: -; workDir: /Users/skd6150/Documents/Research/CBI/iModulon_Ctherm/iModulonMiner/2_process_data/work/b7/1fbe84ab56417cc05b775962dcda25]
~> TaskHandler[id: 87; name: download_fastq (85); status: NEW; exit: -; error: -; workDir: /Users/skd6150/Documents/Research/CBI/iModulon_Ctherm/iModulonMiner/2_process_data/work/c3/9904aba5d0bb0c05dcaf10b70c692e]
~> TaskHandler[id: 89; name: download_fastq (87); status: NEW; exit: -; error: -; workDir: /Users/skd6150/Documents/Research/CBI/iModulon_Ctherm/iModulonMiner/2_process_data/work/fa/e8aa63db3e22f557d010a58cc4d06d]
~> TaskHandler[id: 91; name: download_fastq (89); status: NEW; exit: -; error: -; workDir: /Users/skd6150/Documents/Research/CBI/iModulon_Ctherm/iModulonMiner/2_process_data/work/c2/2724e22ce1ae030e5877a144d9a34c]
~> TaskHandler[id: 95; name: download_fastq (93); status: NEW; exit: -; error: -; workDir: /Users/skd6150/Documents/Research/CBI/iModulon_Ctherm/iModulonMiner/2_process_data/work/81/8eb8b3174b7b63e1be20c8fa0e9ffb]
~> TaskHandler[id: 96; name: download_fastq (94); status: NEW; exit: -; error: -; workDir: /Users/skd6150/Documents/Research/CBI/iModulon_Ctherm/iModulonMiner/2_process_data/work/2f/a781ef06535e9d78db8b375c3b388d]
~> TaskHandler[id: 92; name: download_fastq (90); status: NEW; exit: -; error: -; workDir: /Users/skd6150/Documents/Research/CBI/iModulon_Ctherm/iModulonMiner/2_process_data/work/4e/cbce247f5ecaf84d4f600d718e8367]
.. remaining tasks omitted.
Mar-25 16:42:55.857 [Task monitor] DEBUG n.processor.TaskPollingMonitor - !! executor local > tasks to be completed: 1 -- submitted tasks are shown below
~> TaskHandler[id: 81; name: download_fastq (79); status: RUNNING; exit: -; error: -; workDir: /Users/skd6150/Documents/Research/CBI/iModulon_Ctherm/iModulonMiner/2_process_data/work/6e/74a0211e444d68d3eeef9be4ee8508]
Mar-25 16:43:31.990 [Task submitter] DEBUG n.processor.TaskPollingMonitor - %% executor local > tasks in the submission queue: 375 -- tasks to be submitted are shown below
~> TaskHandler[id: 84; name: download_fastq (82); status: NEW; exit: -; error: -; workDir: /Users/skd6150/Documents/Research/CBI/iModulon_Ctherm/iModulonMiner/2_process_data/work/a8/dc23a991c3369e78759f6f664f8756]
~> TaskHandler[id: 82; name: download_fastq (80); status: NEW; exit: -; error: -; workDir: /Users/skd6150/Documents/Research/CBI/iModulon_Ctherm/iModulonMiner/2_process_data/work/72/77beddbfabaa166538abe28444f227]
~> TaskHandler[id: 85; name: download_fastq (83); status: NEW; exit: -; error: -; workDir: /Users/skd6150/Documents/Research/CBI/iModulon_Ctherm/iModulonMiner/2_process_data/work/8d/93a741e57c74c48920ed7cdfcfc7d7]
~> TaskHandler[id: 86; name: download_fastq (84); status: NEW; exit: -; error: -; workDir: /Users/skd6150/Documents/Research/CBI/iModulon_Ctherm/iModulonMiner/2_process_data/work/b7/1fbe84ab56417cc05b775962dcda25]
~> TaskHandler[id: 87; name: download_fastq (85); status: NEW; exit: -; error: -; workDir: /Users/skd6150/Documents/Research/CBI/iModulon_Ctherm/iModulonMiner/2_process_data/work/c3/9904aba5d0bb0c05dcaf10b70c692e]
~> TaskHandler[id: 89; name: download_fastq (87); status: NEW; exit: -; error: -; workDir: /Users/skd6150/Documents/Research/CBI/iModulon_Ctherm/iModulonMiner/2_process_data/work/fa/e8aa63db3e22f557d010a58cc4d06d]
~> TaskHandler[id: 91; name: download_fastq (89); status: NEW; exit: -; error: -; workDir: /Users/skd6150/Documents/Research/CBI/iModulon_Ctherm/iModulonMiner/2_process_data/work/c2/2724e22ce1ae030e5877a144d9a34c]
~> TaskHandler[id: 95; name: download_fastq (93); status: NEW; exit: -; error: -; workDir: /Users/skd6150/Documents/Research/CBI/iModulon_Ctherm/iModulonMiner/2_process_data/work/81/8eb8b3174b7b63e1be20c8fa0e9ffb]
~> TaskHandler[id: 96; name: download_fastq (94); status: NEW; exit: -; error: -; workDir: /Users/skd6150/Documents/Research/CBI/iModulon_Ctherm/iModulonMiner/2_process_data/work/2f/a781ef06535e9d78db8b375c3b388d]
~> TaskHandler[id: 92; name: download_fastq (90); status: NEW; exit: -; error: -; workDir: /Users/skd6150/Documents/Research/CBI/iModulon_Ctherm/iModulonMiner/2_process_data/work/4e/cbce247f5ecaf84d4f600d718e8367]
.. remaining tasks omitted.
Mar-25 16:47:55.890 [Task monitor] DEBUG n.processor.TaskPollingMonitor - !! executor local > tasks to be completed: 1 -- submitted tasks are shown below
~> TaskHandler[id: 81; name: download_fastq (79); status: RUNNING; exit: -; error: -; workDir: /Users/skd6150/Documents/Research/CBI/iModulon_Ctherm/iModulonMiner/2_process_data/work/6e/74a0211e444d68d3eeef9be4ee8508]
Mar-25 16:48:32.420 [Task submitter] DEBUG n.processor.TaskPollingMonitor - %% executor local > tasks in the submission queue: 375 -- tasks to be submitted are shown below
~> TaskHandler[id: 84; name: download_fastq (82); status: NEW; exit: -; error: -; workDir: /Users/skd6150/Documents/Research/CBI/iModulon_Ctherm/iModulonMiner/2_process_data/work/a8/dc23a991c3369e78759f6f664f8756]
~> TaskHandler[id: 82; name: download_fastq (80); status: NEW; exit: -; error: -; workDir: /Users/skd6150/Documents/Research/CBI/iModulon_Ctherm/iModulonMiner/2_process_data/work/72/77beddbfabaa166538abe28444f227]
~> TaskHandler[id: 85; name: download_fastq (83); status: NEW; exit: -; error: -; workDir: /Users/skd6150/Documents/Research/CBI/iModulon_Ctherm/iModulonMiner/2_process_data/work/8d/93a741e57c74c48920ed7cdfcfc7d7]
~> TaskHandler[id: 86; name: download_fastq (84); status: NEW; exit: -; error: -; workDir: /Users/skd6150/Documents/Research/CBI/iModulon_Ctherm/iModulonMiner/2_process_data/work/b7/1fbe84ab56417cc05b775962dcda25]
~> TaskHandler[id: 87; name: download_fastq (85); status: NEW; exit: -; error: -; workDir: /Users/skd6150/Documents/Research/CBI/iModulon_Ctherm/iModulonMiner/2_process_data/work/c3/9904aba5d0bb0c05dcaf10b70c692e]
~> TaskHandler[id: 89; name: download_fastq (87); status: NEW; exit: -; error: -; workDir: /Users/skd6150/Documents/Research/CBI/iModulon_Ctherm/iModulonMiner/2_process_data/work/fa/e8aa63db3e22f557d010a58cc4d06d]
~> TaskHandler[id: 91; name: download_fastq (89); status: NEW; exit: -; error: -; workDir: /Users/skd6150/Documents/Research/CBI/iModulon_Ctherm/iModulonMiner/2_process_data/work/c2/2724e22ce1ae030e5877a144d9a34c]
~> TaskHandler[id: 95; name: download_fastq (93); status: NEW; exit: -; error: -; workDir: /Users/skd6150/Documents/Research/CBI/iModulon_Ctherm/iModulonMiner/2_process_data/work/81/8eb8b3174b7b63e1be20c8fa0e9ffb]
~> TaskHandler[id: 96; name: download_fastq (94); status: NEW; exit: -; error: -; workDir: /Users/skd6150/Documents/Research/CBI/iModulon_Ctherm/iModulonMiner/2_process_data/work/2f/a781ef06535e9d78db8b375c3b388d]
~> TaskHandler[id: 92; name: download_fastq (90); status: NEW; exit: -; error: -; workDir: /Users/skd6150/Documents/Research/CBI/iModulon_Ctherm/iModulonMiner/2_process_data/work/4e/cbce247f5ecaf84d4f600d718e8367]
.. remaining tasks omitted.
Mar-25 16:52:55.985 [Task monitor] DEBUG n.processor.TaskPollingMonitor - !! executor local > tasks to be completed: 1 -- submitted tasks are shown below
~> TaskHandler[id: 81; name: download_fastq (79); status: RUNNING; exit: -; error: -; workDir: /Users/skd6150/Documents/Research/CBI/iModulon_Ctherm/iModulonMiner/2_process_data/work/6e/74a0211e444d68d3eeef9be4ee8508]
Mar-25 16:53:32.910 [Task submitter] DEBUG n.processor.TaskPollingMonitor - %% executor local > tasks in the submission queue: 375 -- tasks to be submitted are shown below
~> TaskHandler[id: 84; name: download_fastq (82); status: NEW; exit: -; error: -; workDir: /Users/skd6150/Documents/Research/CBI/iModulon_Ctherm/iModulonMiner/2_process_data/work/a8/dc23a991c3369e78759f6f664f8756]
~> TaskHandler[id: 82; name: download_fastq (80); status: NEW; exit: -; error: -; workDir: /Users/skd6150/Documents/Research/CBI/iModulon_Ctherm/iModulonMiner/2_process_data/work/72/77beddbfabaa166538abe28444f227]
~> TaskHandler[id: 85; name: download_fastq (83); status: NEW; exit: -; error: -; workDir: /Users/skd6150/Documents/Research/CBI/iModulon_Ctherm/iModulonMiner/2_process_data/work/8d/93a741e57c74c48920ed7cdfcfc7d7]
~> TaskHandler[id: 86; name: download_fastq (84); status: NEW; exit: -; error: -; workDir: /Users/skd6150/Documents/Research/CBI/iModulon_Ctherm/iModulonMiner/2_process_data/work/b7/1fbe84ab56417cc05b775962dcda25]
~> TaskHandler[id: 87; name: download_fastq (85); status: NEW; exit: -; error: -; workDir: /Users/skd6150/Documents/Research/CBI/iModulon_Ctherm/iModulonMiner/2_process_data/work/c3/9904aba5d0bb0c05dcaf10b70c692e]
~> TaskHandler[id: 89; name: download_fastq (87); status: NEW; exit: -; error: -; workDir: /Users/skd6150/Documents/Research/CBI/iModulon_Ctherm/iModulonMiner/2_process_data/work/fa/e8aa63db3e22f557d010a58cc4d06d]
~> TaskHandler[id: 91; name: download_fastq (89); status: NEW; exit: -; error: -; workDir: /Users/skd6150/Documents/Research/CBI/iModulon_Ctherm/iModulonMiner/2_process_data/work/c2/2724e22ce1ae030e5877a144d9a34c]
~> TaskHandler[id: 95; name: download_fastq (93); status: NEW; exit: -; error: -; workDir: /Users/skd6150/Documents/Research/CBI/iModulon_Ctherm/iModulonMiner/2_process_data/work/81/8eb8b3174b7b63e1be20c8fa0e9ffb]
~> TaskHandler[id: 96; name: download_fastq (94); status: NEW; exit: -; error: -; workDir: /Users/skd6150/Documents/Research/CBI/iModulon_Ctherm/iModulonMiner/2_process_data/work/2f/a781ef06535e9d78db8b375c3b388d]
~> TaskHandler[id: 92; name: download_fastq (90); status: NEW; exit: -; error: -; workDir: /Users/skd6150/Documents/Research/CBI/iModulon_Ctherm/iModulonMiner/2_process_data/work/4e/cbce247f5ecaf84d4f600d718e8367]
.. remaining tasks omitted.
Mar-25 16:54:56.592 [Task monitor] DEBUG n.processor.TaskPollingMonitor - Task completed > TaskHandler[id: 81; name: download_fastq (79); status: COMPLETED; exit: 0; error: -; workDir: /Users/skd6150/Documents/Research/CBI/iModulon_Ctherm/iModulonMiner/2_process_data/work/6e/74a0211e444d68d3eeef9be4ee8508]
Mar-25 16:54:56.633 [Task submitter] DEBUG n.executor.local.LocalTaskHandler - Launch cmd line: /bin/bash -ue .command.run
Mar-25 16:54:56.633 [Task submitter] INFO  nextflow.Session - [a8/dc23a9] Submitted process > download_fastq (82)
Mar-25 16:57:56.077 [Task monitor] DEBUG n.processor.TaskPollingMonitor - !! executor local > tasks to be completed: 1 -- submitted tasks are shown below
~> TaskHandler[id: 84; name: download_fastq (82); status: RUNNING; exit: -; error: -; workDir: /Users/skd6150/Documents/Research/CBI/iModulon_Ctherm/iModulonMiner/2_process_data/work/a8/dc23a991c3369e78759f6f664f8756]
Mar-25 16:58:33.687 [Task submitter] DEBUG n.processor.TaskPollingMonitor - %% executor local > tasks in the submission queue: 375 -- tasks to be submitted are shown below
~> TaskHandler[id: 82; name: download_fastq (80); status: NEW; exit: -; error: -; workDir: /Users/skd6150/Documents/Research/CBI/iModulon_Ctherm/iModulonMiner/2_process_data/work/72/77beddbfabaa166538abe28444f227]
~> TaskHandler[id: 85; name: download_fastq (83); status: NEW; exit: -; error: -; workDir: /Users/skd6150/Documents/Research/CBI/iModulon_Ctherm/iModulonMiner/2_process_data/work/8d/93a741e57c74c48920ed7cdfcfc7d7]
~> TaskHandler[id: 86; name: download_fastq (84); status: NEW; exit: -; error: -; workDir: /Users/skd6150/Documents/Research/CBI/iModulon_Ctherm/iModulonMiner/2_process_data/work/b7/1fbe84ab56417cc05b775962dcda25]
~> TaskHandler[id: 87; name: download_fastq (85); status: NEW; exit: -; error: -; workDir: /Users/skd6150/Documents/Research/CBI/iModulon_Ctherm/iModulonMiner/2_process_data/work/c3/9904aba5d0bb0c05dcaf10b70c692e]
~> TaskHandler[id: 89; name: download_fastq (87); status: NEW; exit: -; error: -; workDir: /Users/skd6150/Documents/Research/CBI/iModulon_Ctherm/iModulonMiner/2_process_data/work/fa/e8aa63db3e22f557d010a58cc4d06d]
~> TaskHandler[id: 91; name: download_fastq (89); status: NEW; exit: -; error: -; workDir: /Users/skd6150/Documents/Research/CBI/iModulon_Ctherm/iModulonMiner/2_process_data/work/c2/2724e22ce1ae030e5877a144d9a34c]
~> TaskHandler[id: 95; name: download_fastq (93); status: NEW; exit: -; error: -; workDir: /Users/skd6150/Documents/Research/CBI/iModulon_Ctherm/iModulonMiner/2_process_data/work/81/8eb8b3174b7b63e1be20c8fa0e9ffb]
~> TaskHandler[id: 96; name: download_fastq (94); status: NEW; exit: -; error: -; workDir: /Users/skd6150/Documents/Research/CBI/iModulon_Ctherm/iModulonMiner/2_process_data/work/2f/a781ef06535e9d78db8b375c3b388d]
~> TaskHandler[id: 92; name: download_fastq (90); status: NEW; exit: -; error: -; workDir: /Users/skd6150/Documents/Research/CBI/iModulon_Ctherm/iModulonMiner/2_process_data/work/4e/cbce247f5ecaf84d4f600d718e8367]
~> TaskHandler[id: 93; name: download_fastq (91); status: NEW; exit: -; error: -; workDir: /Users/skd6150/Documents/Research/CBI/iModulon_Ctherm/iModulonMiner/2_process_data/work/02/2c3e8b797a5f6c4c484aef3994c79e]
.. remaining tasks omitted.
Mar-25 17:02:56.155 [Task monitor] DEBUG n.processor.TaskPollingMonitor - !! executor local > tasks to be completed: 1 -- submitted tasks are shown below
~> TaskHandler[id: 84; name: download_fastq (82); status: RUNNING; exit: -; error: -; workDir: /Users/skd6150/Documents/Research/CBI/iModulon_Ctherm/iModulonMiner/2_process_data/work/a8/dc23a991c3369e78759f6f664f8756]
Mar-25 17:03:33.984 [Task submitter] DEBUG n.processor.TaskPollingMonitor - %% executor local > tasks in the submission queue: 375 -- tasks to be submitted are shown below
~> TaskHandler[id: 82; name: download_fastq (80); status: NEW; exit: -; error: -; workDir: /Users/skd6150/Documents/Research/CBI/iModulon_Ctherm/iModulonMiner/2_process_data/work/72/77beddbfabaa166538abe28444f227]
~> TaskHandler[id: 85; name: download_fastq (83); status: NEW; exit: -; error: -; workDir: /Users/skd6150/Documents/Research/CBI/iModulon_Ctherm/iModulonMiner/2_process_data/work/8d/93a741e57c74c48920ed7cdfcfc7d7]
~> TaskHandler[id: 86; name: download_fastq (84); status: NEW; exit: -; error: -; workDir: /Users/skd6150/Documents/Research/CBI/iModulon_Ctherm/iModulonMiner/2_process_data/work/b7/1fbe84ab56417cc05b775962dcda25]
~> TaskHandler[id: 87; name: download_fastq (85); status: NEW; exit: -; error: -; workDir: /Users/skd6150/Documents/Research/CBI/iModulon_Ctherm/iModulonMiner/2_process_data/work/c3/9904aba5d0bb0c05dcaf10b70c692e]
~> TaskHandler[id: 89; name: download_fastq (87); status: NEW; exit: -; error: -; workDir: /Users/skd6150/Documents/Research/CBI/iModulon_Ctherm/iModulonMiner/2_process_data/work/fa/e8aa63db3e22f557d010a58cc4d06d]
~> TaskHandler[id: 91; name: download_fastq (89); status: NEW; exit: -; error: -; workDir: /Users/skd6150/Documents/Research/CBI/iModulon_Ctherm/iModulonMiner/2_process_data/work/c2/2724e22ce1ae030e5877a144d9a34c]
~> TaskHandler[id: 95; name: download_fastq (93); status: NEW; exit: -; error: -; workDir: /Users/skd6150/Documents/Research/CBI/iModulon_Ctherm/iModulonMiner/2_process_data/work/81/8eb8b3174b7b63e1be20c8fa0e9ffb]
~> TaskHandler[id: 96; name: download_fastq (94); status: NEW; exit: -; error: -; workDir: /Users/skd6150/Documents/Research/CBI/iModulon_Ctherm/iModulonMiner/2_process_data/work/2f/a781ef06535e9d78db8b375c3b388d]
~> TaskHandler[id: 92; name: download_fastq (90); status: NEW; exit: -; error: -; workDir: /Users/skd6150/Documents/Research/CBI/iModulon_Ctherm/iModulonMiner/2_process_data/work/4e/cbce247f5ecaf84d4f600d718e8367]
~> TaskHandler[id: 93; name: download_fastq (91); status: NEW; exit: -; error: -; workDir: /Users/skd6150/Documents/Research/CBI/iModulon_Ctherm/iModulonMiner/2_process_data/work/02/2c3e8b797a5f6c4c484aef3994c79e]
.. remaining tasks omitted.
Mar-25 17:07:56.166 [Task monitor] DEBUG n.processor.TaskPollingMonitor - !! executor local > tasks to be completed: 1 -- submitted tasks are shown below
~> TaskHandler[id: 84; name: download_fastq (82); status: RUNNING; exit: -; error: -; workDir: /Users/skd6150/Documents/Research/CBI/iModulon_Ctherm/iModulonMiner/2_process_data/work/a8/dc23a991c3369e78759f6f664f8756]
Mar-25 17:08:34.421 [Task submitter] DEBUG n.processor.TaskPollingMonitor - %% executor local > tasks in the submission queue: 375 -- tasks to be submitted are shown below
~> TaskHandler[id: 82; name: download_fastq (80); status: NEW; exit: -; error: -; workDir: /Users/skd6150/Documents/Research/CBI/iModulon_Ctherm/iModulonMiner/2_process_data/work/72/77beddbfabaa166538abe28444f227]
~> TaskHandler[id: 85; name: download_fastq (83); status: NEW; exit: -; error: -; workDir: /Users/skd6150/Documents/Research/CBI/iModulon_Ctherm/iModulonMiner/2_process_data/work/8d/93a741e57c74c48920ed7cdfcfc7d7]
~> TaskHandler[id: 86; name: download_fastq (84); status: NEW; exit: -; error: -; workDir: /Users/skd6150/Documents/Research/CBI/iModulon_Ctherm/iModulonMiner/2_process_data/work/b7/1fbe84ab56417cc05b775962dcda25]
~> TaskHandler[id: 87; name: download_fastq (85); status: NEW; exit: -; error: -; workDir: /Users/skd6150/Documents/Research/CBI/iModulon_Ctherm/iModulonMiner/2_process_data/work/c3/9904aba5d0bb0c05dcaf10b70c692e]
~> TaskHandler[id: 89; name: download_fastq (87); status: NEW; exit: -; error: -; workDir: /Users/skd6150/Documents/Research/CBI/iModulon_Ctherm/iModulonMiner/2_process_data/work/fa/e8aa63db3e22f557d010a58cc4d06d]
~> TaskHandler[id: 91; name: download_fastq (89); status: NEW; exit: -; error: -; workDir: /Users/skd6150/Documents/Research/CBI/iModulon_Ctherm/iModulonMiner/2_process_data/work/c2/2724e22ce1ae030e5877a144d9a34c]
~> TaskHandler[id: 95; name: download_fastq (93); status: NEW; exit: -; error: -; workDir: /Users/skd6150/Documents/Research/CBI/iModulon_Ctherm/iModulonMiner/2_process_data/work/81/8eb8b3174b7b63e1be20c8fa0e9ffb]
~> TaskHandler[id: 96; name: download_fastq (94); status: NEW; exit: -; error: -; workDir: /Users/skd6150/Documents/Research/CBI/iModulon_Ctherm/iModulonMiner/2_process_data/work/2f/a781ef06535e9d78db8b375c3b388d]
~> TaskHandler[id: 92; name: download_fastq (90); status: NEW; exit: -; error: -; workDir: /Users/skd6150/Documents/Research/CBI/iModulon_Ctherm/iModulonMiner/2_process_data/work/4e/cbce247f5ecaf84d4f600d718e8367]
~> TaskHandler[id: 93; name: download_fastq (91); status: NEW; exit: -; error: -; workDir: /Users/skd6150/Documents/Research/CBI/iModulon_Ctherm/iModulonMiner/2_process_data/work/02/2c3e8b797a5f6c4c484aef3994c79e]
.. remaining tasks omitted.
Mar-25 17:12:56.237 [Task monitor] DEBUG n.processor.TaskPollingMonitor - !! executor local > tasks to be completed: 1 -- submitted tasks are shown below
~> TaskHandler[id: 84; name: download_fastq (82); status: RUNNING; exit: -; error: -; workDir: /Users/skd6150/Documents/Research/CBI/iModulon_Ctherm/iModulonMiner/2_process_data/work/a8/dc23a991c3369e78759f6f664f8756]
Mar-25 17:13:34.799 [Task submitter] DEBUG n.processor.TaskPollingMonitor - %% executor local > tasks in the submission queue: 375 -- tasks to be submitted are shown below
~> TaskHandler[id: 82; name: download_fastq (80); status: NEW; exit: -; error: -; workDir: /Users/skd6150/Documents/Research/CBI/iModulon_Ctherm/iModulonMiner/2_process_data/work/72/77beddbfabaa166538abe28444f227]
~> TaskHandler[id: 85; name: download_fastq (83); status: NEW; exit: -; error: -; workDir: /Users/skd6150/Documents/Research/CBI/iModulon_Ctherm/iModulonMiner/2_process_data/work/8d/93a741e57c74c48920ed7cdfcfc7d7]
~> TaskHandler[id: 86; name: download_fastq (84); status: NEW; exit: -; error: -; workDir: /Users/skd6150/Documents/Research/CBI/iModulon_Ctherm/iModulonMiner/2_process_data/work/b7/1fbe84ab56417cc05b775962dcda25]
~> TaskHandler[id: 87; name: download_fastq (85); status: NEW; exit: -; error: -; workDir: /Users/skd6150/Documents/Research/CBI/iModulon_Ctherm/iModulonMiner/2_process_data/work/c3/9904aba5d0bb0c05dcaf10b70c692e]
~> TaskHandler[id: 89; name: download_fastq (87); status: NEW; exit: -; error: -; workDir: /Users/skd6150/Documents/Research/CBI/iModulon_Ctherm/iModulonMiner/2_process_data/work/fa/e8aa63db3e22f557d010a58cc4d06d]
~> TaskHandler[id: 91; name: download_fastq (89); status: NEW; exit: -; error: -; workDir: /Users/skd6150/Documents/Research/CBI/iModulon_Ctherm/iModulonMiner/2_process_data/work/c2/2724e22ce1ae030e5877a144d9a34c]
~> TaskHandler[id: 95; name: download_fastq (93); status: NEW; exit: -; error: -; workDir: /Users/skd6150/Documents/Research/CBI/iModulon_Ctherm/iModulonMiner/2_process_data/work/81/8eb8b3174b7b63e1be20c8fa0e9ffb]
~> TaskHandler[id: 96; name: download_fastq (94); status: NEW; exit: -; error: -; workDir: /Users/skd6150/Documents/Research/CBI/iModulon_Ctherm/iModulonMiner/2_process_data/work/2f/a781ef06535e9d78db8b375c3b388d]
~> TaskHandler[id: 92; name: download_fastq (90); status: NEW; exit: -; error: -; workDir: /Users/skd6150/Documents/Research/CBI/iModulon_Ctherm/iModulonMiner/2_process_data/work/4e/cbce247f5ecaf84d4f600d718e8367]
~> TaskHandler[id: 93; name: download_fastq (91); status: NEW; exit: -; error: -; workDir: /Users/skd6150/Documents/Research/CBI/iModulon_Ctherm/iModulonMiner/2_process_data/work/02/2c3e8b797a5f6c4c484aef3994c79e]
.. remaining tasks omitted.
Mar-25 17:17:56.312 [Task monitor] DEBUG n.processor.TaskPollingMonitor - !! executor local > tasks to be completed: 1 -- submitted tasks are shown below
~> TaskHandler[id: 84; name: download_fastq (82); status: RUNNING; exit: -; error: -; workDir: /Users/skd6150/Documents/Research/CBI/iModulon_Ctherm/iModulonMiner/2_process_data/work/a8/dc23a991c3369e78759f6f664f8756]
Mar-25 17:18:35.185 [Task submitter] DEBUG n.processor.TaskPollingMonitor - %% executor local > tasks in the submission queue: 375 -- tasks to be submitted are shown below
~> TaskHandler[id: 82; name: download_fastq (80); status: NEW; exit: -; error: -; workDir: /Users/skd6150/Documents/Research/CBI/iModulon_Ctherm/iModulonMiner/2_process_data/work/72/77beddbfabaa166538abe28444f227]
~> TaskHandler[id: 85; name: download_fastq (83); status: NEW; exit: -; error: -; workDir: /Users/skd6150/Documents/Research/CBI/iModulon_Ctherm/iModulonMiner/2_process_data/work/8d/93a741e57c74c48920ed7cdfcfc7d7]
~> TaskHandler[id: 86; name: download_fastq (84); status: NEW; exit: -; error: -; workDir: /Users/skd6150/Documents/Research/CBI/iModulon_Ctherm/iModulonMiner/2_process_data/work/b7/1fbe84ab56417cc05b775962dcda25]
~> TaskHandler[id: 87; name: download_fastq (85); status: NEW; exit: -; error: -; workDir: /Users/skd6150/Documents/Research/CBI/iModulon_Ctherm/iModulonMiner/2_process_data/work/c3/9904aba5d0bb0c05dcaf10b70c692e]
~> TaskHandler[id: 89; name: download_fastq (87); status: NEW; exit: -; error: -; workDir: /Users/skd6150/Documents/Research/CBI/iModulon_Ctherm/iModulonMiner/2_process_data/work/fa/e8aa63db3e22f557d010a58cc4d06d]
~> TaskHandler[id: 91; name: download_fastq (89); status: NEW; exit: -; error: -; workDir: /Users/skd6150/Documents/Research/CBI/iModulon_Ctherm/iModulonMiner/2_process_data/work/c2/2724e22ce1ae030e5877a144d9a34c]
~> TaskHandler[id: 95; name: download_fastq (93); status: NEW; exit: -; error: -; workDir: /Users/skd6150/Documents/Research/CBI/iModulon_Ctherm/iModulonMiner/2_process_data/work/81/8eb8b3174b7b63e1be20c8fa0e9ffb]
~> TaskHandler[id: 96; name: download_fastq (94); status: NEW; exit: -; error: -; workDir: /Users/skd6150/Documents/Research/CBI/iModulon_Ctherm/iModulonMiner/2_process_data/work/2f/a781ef06535e9d78db8b375c3b388d]
~> TaskHandler[id: 92; name: download_fastq (90); status: NEW; exit: -; error: -; workDir: /Users/skd6150/Documents/Research/CBI/iModulon_Ctherm/iModulonMiner/2_process_data/work/4e/cbce247f5ecaf84d4f600d718e8367]
~> TaskHandler[id: 93; name: download_fastq (91); status: NEW; exit: -; error: -; workDir: /Users/skd6150/Documents/Research/CBI/iModulon_Ctherm/iModulonMiner/2_process_data/work/02/2c3e8b797a5f6c4c484aef3994c79e]
.. remaining tasks omitted.
Mar-25 17:22:56.328 [Task monitor] DEBUG n.processor.TaskPollingMonitor - !! executor local > tasks to be completed: 1 -- submitted tasks are shown below
~> TaskHandler[id: 84; name: download_fastq (82); status: RUNNING; exit: -; error: -; workDir: /Users/skd6150/Documents/Research/CBI/iModulon_Ctherm/iModulonMiner/2_process_data/work/a8/dc23a991c3369e78759f6f664f8756]
Mar-25 17:23:35.571 [Task submitter] DEBUG n.processor.TaskPollingMonitor - %% executor local > tasks in the submission queue: 375 -- tasks to be submitted are shown below
~> TaskHandler[id: 82; name: download_fastq (80); status: NEW; exit: -; error: -; workDir: /Users/skd6150/Documents/Research/CBI/iModulon_Ctherm/iModulonMiner/2_process_data/work/72/77beddbfabaa166538abe28444f227]
~> TaskHandler[id: 85; name: download_fastq (83); status: NEW; exit: -; error: -; workDir: /Users/skd6150/Documents/Research/CBI/iModulon_Ctherm/iModulonMiner/2_process_data/work/8d/93a741e57c74c48920ed7cdfcfc7d7]
~> TaskHandler[id: 86; name: download_fastq (84); status: NEW; exit: -; error: -; workDir: /Users/skd6150/Documents/Research/CBI/iModulon_Ctherm/iModulonMiner/2_process_data/work/b7/1fbe84ab56417cc05b775962dcda25]
~> TaskHandler[id: 87; name: download_fastq (85); status: NEW; exit: -; error: -; workDir: /Users/skd6150/Documents/Research/CBI/iModulon_Ctherm/iModulonMiner/2_process_data/work/c3/9904aba5d0bb0c05dcaf10b70c692e]
~> TaskHandler[id: 89; name: download_fastq (87); status: NEW; exit: -; error: -; workDir: /Users/skd6150/Documents/Research/CBI/iModulon_Ctherm/iModulonMiner/2_process_data/work/fa/e8aa63db3e22f557d010a58cc4d06d]
~> TaskHandler[id: 91; name: download_fastq (89); status: NEW; exit: -; error: -; workDir: /Users/skd6150/Documents/Research/CBI/iModulon_Ctherm/iModulonMiner/2_process_data/work/c2/2724e22ce1ae030e5877a144d9a34c]
~> TaskHandler[id: 95; name: download_fastq (93); status: NEW; exit: -; error: -; workDir: /Users/skd6150/Documents/Research/CBI/iModulon_Ctherm/iModulonMiner/2_process_data/work/81/8eb8b3174b7b63e1be20c8fa0e9ffb]
~> TaskHandler[id: 96; name: download_fastq (94); status: NEW; exit: -; error: -; workDir: /Users/skd6150/Documents/Research/CBI/iModulon_Ctherm/iModulonMiner/2_process_data/work/2f/a781ef06535e9d78db8b375c3b388d]
~> TaskHandler[id: 92; name: download_fastq (90); status: NEW; exit: -; error: -; workDir: /Users/skd6150/Documents/Research/CBI/iModulon_Ctherm/iModulonMiner/2_process_data/work/4e/cbce247f5ecaf84d4f600d718e8367]
~> TaskHandler[id: 93; name: download_fastq (91); status: NEW; exit: -; error: -; workDir: /Users/skd6150/Documents/Research/CBI/iModulon_Ctherm/iModulonMiner/2_process_data/work/02/2c3e8b797a5f6c4c484aef3994c79e]
.. remaining tasks omitted.
Mar-25 17:24:44.970 [Task monitor] DEBUG n.processor.TaskPollingMonitor - Task completed > TaskHandler[id: 84; name: download_fastq (82); status: COMPLETED; exit: 0; error: -; workDir: /Users/skd6150/Documents/Research/CBI/iModulon_Ctherm/iModulonMiner/2_process_data/work/a8/dc23a991c3369e78759f6f664f8756]
Mar-25 17:24:45.001 [Task submitter] DEBUG n.executor.local.LocalTaskHandler - Launch cmd line: /bin/bash -ue .command.run
Mar-25 17:24:45.001 [Task submitter] INFO  nextflow.Session - [72/77bedd] Submitted process > download_fastq (80)
Mar-25 17:27:56.430 [Task monitor] DEBUG n.processor.TaskPollingMonitor - !! executor local > tasks to be completed: 1 -- submitted tasks are shown below
~> TaskHandler[id: 82; name: download_fastq (80); status: RUNNING; exit: -; error: -; workDir: /Users/skd6150/Documents/Research/CBI/iModulon_Ctherm/iModulonMiner/2_process_data/work/72/77beddbfabaa166538abe28444f227]
Mar-25 17:28:35.633 [Task submitter] DEBUG n.processor.TaskPollingMonitor - %% executor local > tasks in the submission queue: 375 -- tasks to be submitted are shown below
~> TaskHandler[id: 85; name: download_fastq (83); status: NEW; exit: -; error: -; workDir: /Users/skd6150/Documents/Research/CBI/iModulon_Ctherm/iModulonMiner/2_process_data/work/8d/93a741e57c74c48920ed7cdfcfc7d7]
~> TaskHandler[id: 86; name: download_fastq (84); status: NEW; exit: -; error: -; workDir: /Users/skd6150/Documents/Research/CBI/iModulon_Ctherm/iModulonMiner/2_process_data/work/b7/1fbe84ab56417cc05b775962dcda25]
~> TaskHandler[id: 87; name: download_fastq (85); status: NEW; exit: -; error: -; workDir: /Users/skd6150/Documents/Research/CBI/iModulon_Ctherm/iModulonMiner/2_process_data/work/c3/9904aba5d0bb0c05dcaf10b70c692e]
~> TaskHandler[id: 89; name: download_fastq (87); status: NEW; exit: -; error: -; workDir: /Users/skd6150/Documents/Research/CBI/iModulon_Ctherm/iModulonMiner/2_process_data/work/fa/e8aa63db3e22f557d010a58cc4d06d]
~> TaskHandler[id: 91; name: download_fastq (89); status: NEW; exit: -; error: -; workDir: /Users/skd6150/Documents/Research/CBI/iModulon_Ctherm/iModulonMiner/2_process_data/work/c2/2724e22ce1ae030e5877a144d9a34c]
~> TaskHandler[id: 95; name: download_fastq (93); status: NEW; exit: -; error: -; workDir: /Users/skd6150/Documents/Research/CBI/iModulon_Ctherm/iModulonMiner/2_process_data/work/81/8eb8b3174b7b63e1be20c8fa0e9ffb]
~> TaskHandler[id: 96; name: download_fastq (94); status: NEW; exit: -; error: -; workDir: /Users/skd6150/Documents/Research/CBI/iModulon_Ctherm/iModulonMiner/2_process_data/work/2f/a781ef06535e9d78db8b375c3b388d]
~> TaskHandler[id: 92; name: download_fastq (90); status: NEW; exit: -; error: -; workDir: /Users/skd6150/Documents/Research/CBI/iModulon_Ctherm/iModulonMiner/2_process_data/work/4e/cbce247f5ecaf84d4f600d718e8367]
~> TaskHandler[id: 93; name: download_fastq (91); status: NEW; exit: -; error: -; workDir: /Users/skd6150/Documents/Research/CBI/iModulon_Ctherm/iModulonMiner/2_process_data/work/02/2c3e8b797a5f6c4c484aef3994c79e]
~> TaskHandler[id: 97; name: download_fastq (95); status: NEW; exit: -; error: -; workDir: /Users/skd6150/Documents/Research/CBI/iModulon_Ctherm/iModulonMiner/2_process_data/work/61/921d583b3d227e13e3d694c409ee2a]
.. remaining tasks omitted.
Mar-25 17:32:56.451 [Task monitor] DEBUG n.processor.TaskPollingMonitor - !! executor local > tasks to be completed: 1 -- submitted tasks are shown below
~> TaskHandler[id: 82; name: download_fastq (80); status: RUNNING; exit: -; error: -; workDir: /Users/skd6150/Documents/Research/CBI/iModulon_Ctherm/iModulonMiner/2_process_data/work/72/77beddbfabaa166538abe28444f227]
Mar-25 17:33:35.711 [Task submitter] DEBUG n.processor.TaskPollingMonitor - %% executor local > tasks in the submission queue: 375 -- tasks to be submitted are shown below
~> TaskHandler[id: 85; name: download_fastq (83); status: NEW; exit: -; error: -; workDir: /Users/skd6150/Documents/Research/CBI/iModulon_Ctherm/iModulonMiner/2_process_data/work/8d/93a741e57c74c48920ed7cdfcfc7d7]
~> TaskHandler[id: 86; name: download_fastq (84); status: NEW; exit: -; error: -; workDir: /Users/skd6150/Documents/Research/CBI/iModulon_Ctherm/iModulonMiner/2_process_data/work/b7/1fbe84ab56417cc05b775962dcda25]
~> TaskHandler[id: 87; name: download_fastq (85); status: NEW; exit: -; error: -; workDir: /Users/skd6150/Documents/Research/CBI/iModulon_Ctherm/iModulonMiner/2_process_data/work/c3/9904aba5d0bb0c05dcaf10b70c692e]
~> TaskHandler[id: 89; name: download_fastq (87); status: NEW; exit: -; error: -; workDir: /Users/skd6150/Documents/Research/CBI/iModulon_Ctherm/iModulonMiner/2_process_data/work/fa/e8aa63db3e22f557d010a58cc4d06d]
~> TaskHandler[id: 91; name: download_fastq (89); status: NEW; exit: -; error: -; workDir: /Users/skd6150/Documents/Research/CBI/iModulon_Ctherm/iModulonMiner/2_process_data/work/c2/2724e22ce1ae030e5877a144d9a34c]
~> TaskHandler[id: 95; name: download_fastq (93); status: NEW; exit: -; error: -; workDir: /Users/skd6150/Documents/Research/CBI/iModulon_Ctherm/iModulonMiner/2_process_data/work/81/8eb8b3174b7b63e1be20c8fa0e9ffb]
~> TaskHandler[id: 96; name: download_fastq (94); status: NEW; exit: -; error: -; workDir: /Users/skd6150/Documents/Research/CBI/iModulon_Ctherm/iModulonMiner/2_process_data/work/2f/a781ef06535e9d78db8b375c3b388d]
~> TaskHandler[id: 92; name: download_fastq (90); status: NEW; exit: -; error: -; workDir: /Users/skd6150/Documents/Research/CBI/iModulon_Ctherm/iModulonMiner/2_process_data/work/4e/cbce247f5ecaf84d4f600d718e8367]
~> TaskHandler[id: 93; name: download_fastq (91); status: NEW; exit: -; error: -; workDir: /Users/skd6150/Documents/Research/CBI/iModulon_Ctherm/iModulonMiner/2_process_data/work/02/2c3e8b797a5f6c4c484aef3994c79e]
~> TaskHandler[id: 97; name: download_fastq (95); status: NEW; exit: -; error: -; workDir: /Users/skd6150/Documents/Research/CBI/iModulon_Ctherm/iModulonMiner/2_process_data/work/61/921d583b3d227e13e3d694c409ee2a]
.. remaining tasks omitted.
Mar-25 17:37:56.491 [Task monitor] DEBUG n.processor.TaskPollingMonitor - !! executor local > tasks to be completed: 1 -- submitted tasks are shown below
~> TaskHandler[id: 82; name: download_fastq (80); status: RUNNING; exit: -; error: -; workDir: /Users/skd6150/Documents/Research/CBI/iModulon_Ctherm/iModulonMiner/2_process_data/work/72/77beddbfabaa166538abe28444f227]
Mar-25 17:38:35.921 [Task submitter] DEBUG n.processor.TaskPollingMonitor - %% executor local > tasks in the submission queue: 375 -- tasks to be submitted are shown below
~> TaskHandler[id: 85; name: download_fastq (83); status: NEW; exit: -; error: -; workDir: /Users/skd6150/Documents/Research/CBI/iModulon_Ctherm/iModulonMiner/2_process_data/work/8d/93a741e57c74c48920ed7cdfcfc7d7]
~> TaskHandler[id: 86; name: download_fastq (84); status: NEW; exit: -; error: -; workDir: /Users/skd6150/Documents/Research/CBI/iModulon_Ctherm/iModulonMiner/2_process_data/work/b7/1fbe84ab56417cc05b775962dcda25]
~> TaskHandler[id: 87; name: download_fastq (85); status: NEW; exit: -; error: -; workDir: /Users/skd6150/Documents/Research/CBI/iModulon_Ctherm/iModulonMiner/2_process_data/work/c3/9904aba5d0bb0c05dcaf10b70c692e]
~> TaskHandler[id: 89; name: download_fastq (87); status: NEW; exit: -; error: -; workDir: /Users/skd6150/Documents/Research/CBI/iModulon_Ctherm/iModulonMiner/2_process_data/work/fa/e8aa63db3e22f557d010a58cc4d06d]
~> TaskHandler[id: 91; name: download_fastq (89); status: NEW; exit: -; error: -; workDir: /Users/skd6150/Documents/Research/CBI/iModulon_Ctherm/iModulonMiner/2_process_data/work/c2/2724e22ce1ae030e5877a144d9a34c]
~> TaskHandler[id: 95; name: download_fastq (93); status: NEW; exit: -; error: -; workDir: /Users/skd6150/Documents/Research/CBI/iModulon_Ctherm/iModulonMiner/2_process_data/work/81/8eb8b3174b7b63e1be20c8fa0e9ffb]
~> TaskHandler[id: 96; name: download_fastq (94); status: NEW; exit: -; error: -; workDir: /Users/skd6150/Documents/Research/CBI/iModulon_Ctherm/iModulonMiner/2_process_data/work/2f/a781ef06535e9d78db8b375c3b388d]
~> TaskHandler[id: 92; name: download_fastq (90); status: NEW; exit: -; error: -; workDir: /Users/skd6150/Documents/Research/CBI/iModulon_Ctherm/iModulonMiner/2_process_data/work/4e/cbce247f5ecaf84d4f600d718e8367]
~> TaskHandler[id: 93; name: download_fastq (91); status: NEW; exit: -; error: -; workDir: /Users/skd6150/Documents/Research/CBI/iModulon_Ctherm/iModulonMiner/2_process_data/work/02/2c3e8b797a5f6c4c484aef3994c79e]
~> TaskHandler[id: 97; name: download_fastq (95); status: NEW; exit: -; error: -; workDir: /Users/skd6150/Documents/Research/CBI/iModulon_Ctherm/iModulonMiner/2_process_data/work/61/921d583b3d227e13e3d694c409ee2a]
.. remaining tasks omitted.
Mar-25 17:42:56.503 [Task monitor] DEBUG n.processor.TaskPollingMonitor - !! executor local > tasks to be completed: 1 -- submitted tasks are shown below
~> TaskHandler[id: 82; name: download_fastq (80); status: RUNNING; exit: -; error: -; workDir: /Users/skd6150/Documents/Research/CBI/iModulon_Ctherm/iModulonMiner/2_process_data/work/72/77beddbfabaa166538abe28444f227]
Mar-25 17:43:36.084 [Task submitter] DEBUG n.processor.TaskPollingMonitor - %% executor local > tasks in the submission queue: 375 -- tasks to be submitted are shown below
~> TaskHandler[id: 85; name: download_fastq (83); status: NEW; exit: -; error: -; workDir: /Users/skd6150/Documents/Research/CBI/iModulon_Ctherm/iModulonMiner/2_process_data/work/8d/93a741e57c74c48920ed7cdfcfc7d7]
~> TaskHandler[id: 86; name: download_fastq (84); status: NEW; exit: -; error: -; workDir: /Users/skd6150/Documents/Research/CBI/iModulon_Ctherm/iModulonMiner/2_process_data/work/b7/1fbe84ab56417cc05b775962dcda25]
~> TaskHandler[id: 87; name: download_fastq (85); status: NEW; exit: -; error: -; workDir: /Users/skd6150/Documents/Research/CBI/iModulon_Ctherm/iModulonMiner/2_process_data/work/c3/9904aba5d0bb0c05dcaf10b70c692e]
~> TaskHandler[id: 89; name: download_fastq (87); status: NEW; exit: -; error: -; workDir: /Users/skd6150/Documents/Research/CBI/iModulon_Ctherm/iModulonMiner/2_process_data/work/fa/e8aa63db3e22f557d010a58cc4d06d]
~> TaskHandler[id: 91; name: download_fastq (89); status: NEW; exit: -; error: -; workDir: /Users/skd6150/Documents/Research/CBI/iModulon_Ctherm/iModulonMiner/2_process_data/work/c2/2724e22ce1ae030e5877a144d9a34c]
~> TaskHandler[id: 95; name: download_fastq (93); status: NEW; exit: -; error: -; workDir: /Users/skd6150/Documents/Research/CBI/iModulon_Ctherm/iModulonMiner/2_process_data/work/81/8eb8b3174b7b63e1be20c8fa0e9ffb]
~> TaskHandler[id: 96; name: download_fastq (94); status: NEW; exit: -; error: -; workDir: /Users/skd6150/Documents/Research/CBI/iModulon_Ctherm/iModulonMiner/2_process_data/work/2f/a781ef06535e9d78db8b375c3b388d]
~> TaskHandler[id: 92; name: download_fastq (90); status: NEW; exit: -; error: -; workDir: /Users/skd6150/Documents/Research/CBI/iModulon_Ctherm/iModulonMiner/2_process_data/work/4e/cbce247f5ecaf84d4f600d718e8367]
~> TaskHandler[id: 93; name: download_fastq (91); status: NEW; exit: -; error: -; workDir: /Users/skd6150/Documents/Research/CBI/iModulon_Ctherm/iModulonMiner/2_process_data/work/02/2c3e8b797a5f6c4c484aef3994c79e]
~> TaskHandler[id: 97; name: download_fastq (95); status: NEW; exit: -; error: -; workDir: /Users/skd6150/Documents/Research/CBI/iModulon_Ctherm/iModulonMiner/2_process_data/work/61/921d583b3d227e13e3d694c409ee2a]
.. remaining tasks omitted.
Mar-25 17:47:56.556 [Task monitor] DEBUG n.processor.TaskPollingMonitor - !! executor local > tasks to be completed: 1 -- submitted tasks are shown below
~> TaskHandler[id: 82; name: download_fastq (80); status: RUNNING; exit: -; error: -; workDir: /Users/skd6150/Documents/Research/CBI/iModulon_Ctherm/iModulonMiner/2_process_data/work/72/77beddbfabaa166538abe28444f227]
Mar-25 17:48:36.116 [Task submitter] DEBUG n.processor.TaskPollingMonitor - %% executor local > tasks in the submission queue: 375 -- tasks to be submitted are shown below
~> TaskHandler[id: 85; name: download_fastq (83); status: NEW; exit: -; error: -; workDir: /Users/skd6150/Documents/Research/CBI/iModulon_Ctherm/iModulonMiner/2_process_data/work/8d/93a741e57c74c48920ed7cdfcfc7d7]
~> TaskHandler[id: 86; name: download_fastq (84); status: NEW; exit: -; error: -; workDir: /Users/skd6150/Documents/Research/CBI/iModulon_Ctherm/iModulonMiner/2_process_data/work/b7/1fbe84ab56417cc05b775962dcda25]
~> TaskHandler[id: 87; name: download_fastq (85); status: NEW; exit: -; error: -; workDir: /Users/skd6150/Documents/Research/CBI/iModulon_Ctherm/iModulonMiner/2_process_data/work/c3/9904aba5d0bb0c05dcaf10b70c692e]
~> TaskHandler[id: 89; name: download_fastq (87); status: NEW; exit: -; error: -; workDir: /Users/skd6150/Documents/Research/CBI/iModulon_Ctherm/iModulonMiner/2_process_data/work/fa/e8aa63db3e22f557d010a58cc4d06d]
~> TaskHandler[id: 91; name: download_fastq (89); status: NEW; exit: -; error: -; workDir: /Users/skd6150/Documents/Research/CBI/iModulon_Ctherm/iModulonMiner/2_process_data/work/c2/2724e22ce1ae030e5877a144d9a34c]
~> TaskHandler[id: 95; name: download_fastq (93); status: NEW; exit: -; error: -; workDir: /Users/skd6150/Documents/Research/CBI/iModulon_Ctherm/iModulonMiner/2_process_data/work/81/8eb8b3174b7b63e1be20c8fa0e9ffb]
~> TaskHandler[id: 96; name: download_fastq (94); status: NEW; exit: -; error: -; workDir: /Users/skd6150/Documents/Research/CBI/iModulon_Ctherm/iModulonMiner/2_process_data/work/2f/a781ef06535e9d78db8b375c3b388d]
~> TaskHandler[id: 92; name: download_fastq (90); status: NEW; exit: -; error: -; workDir: /Users/skd6150/Documents/Research/CBI/iModulon_Ctherm/iModulonMiner/2_process_data/work/4e/cbce247f5ecaf84d4f600d718e8367]
~> TaskHandler[id: 93; name: download_fastq (91); status: NEW; exit: -; error: -; workDir: /Users/skd6150/Documents/Research/CBI/iModulon_Ctherm/iModulonMiner/2_process_data/work/02/2c3e8b797a5f6c4c484aef3994c79e]
~> TaskHandler[id: 97; name: download_fastq (95); status: NEW; exit: -; error: -; workDir: /Users/skd6150/Documents/Research/CBI/iModulon_Ctherm/iModulonMiner/2_process_data/work/61/921d583b3d227e13e3d694c409ee2a]
.. remaining tasks omitted.
Mar-25 17:49:02.587 [Task monitor] DEBUG n.processor.TaskPollingMonitor - Task completed > TaskHandler[id: 82; name: download_fastq (80); status: COMPLETED; exit: 0; error: -; workDir: /Users/skd6150/Documents/Research/CBI/iModulon_Ctherm/iModulonMiner/2_process_data/work/72/77beddbfabaa166538abe28444f227]
Mar-25 17:49:02.614 [Task submitter] DEBUG n.executor.local.LocalTaskHandler - Launch cmd line: /bin/bash -ue .command.run
Mar-25 17:49:02.614 [Task submitter] INFO  nextflow.Session - [8d/93a741] Submitted process > download_fastq (83)
Mar-25 17:52:56.614 [Task monitor] DEBUG n.processor.TaskPollingMonitor - !! executor local > tasks to be completed: 1 -- submitted tasks are shown below
~> TaskHandler[id: 85; name: download_fastq (83); status: RUNNING; exit: -; error: -; workDir: /Users/skd6150/Documents/Research/CBI/iModulon_Ctherm/iModulonMiner/2_process_data/work/8d/93a741e57c74c48920ed7cdfcfc7d7]
Mar-25 17:53:36.538 [Task submitter] DEBUG n.processor.TaskPollingMonitor - %% executor local > tasks in the submission queue: 375 -- tasks to be submitted are shown below
~> TaskHandler[id: 86; name: download_fastq (84); status: NEW; exit: -; error: -; workDir: /Users/skd6150/Documents/Research/CBI/iModulon_Ctherm/iModulonMiner/2_process_data/work/b7/1fbe84ab56417cc05b775962dcda25]
~> TaskHandler[id: 87; name: download_fastq (85); status: NEW; exit: -; error: -; workDir: /Users/skd6150/Documents/Research/CBI/iModulon_Ctherm/iModulonMiner/2_process_data/work/c3/9904aba5d0bb0c05dcaf10b70c692e]
~> TaskHandler[id: 89; name: download_fastq (87); status: NEW; exit: -; error: -; workDir: /Users/skd6150/Documents/Research/CBI/iModulon_Ctherm/iModulonMiner/2_process_data/work/fa/e8aa63db3e22f557d010a58cc4d06d]
~> TaskHandler[id: 91; name: download_fastq (89); status: NEW; exit: -; error: -; workDir: /Users/skd6150/Documents/Research/CBI/iModulon_Ctherm/iModulonMiner/2_process_data/work/c2/2724e22ce1ae030e5877a144d9a34c]
~> TaskHandler[id: 95; name: download_fastq (93); status: NEW; exit: -; error: -; workDir: /Users/skd6150/Documents/Research/CBI/iModulon_Ctherm/iModulonMiner/2_process_data/work/81/8eb8b3174b7b63e1be20c8fa0e9ffb]
~> TaskHandler[id: 96; name: download_fastq (94); status: NEW; exit: -; error: -; workDir: /Users/skd6150/Documents/Research/CBI/iModulon_Ctherm/iModulonMiner/2_process_data/work/2f/a781ef06535e9d78db8b375c3b388d]
~> TaskHandler[id: 92; name: download_fastq (90); status: NEW; exit: -; error: -; workDir: /Users/skd6150/Documents/Research/CBI/iModulon_Ctherm/iModulonMiner/2_process_data/work/4e/cbce247f5ecaf84d4f600d718e8367]
~> TaskHandler[id: 93; name: download_fastq (91); status: NEW; exit: -; error: -; workDir: /Users/skd6150/Documents/Research/CBI/iModulon_Ctherm/iModulonMiner/2_process_data/work/02/2c3e8b797a5f6c4c484aef3994c79e]
~> TaskHandler[id: 97; name: download_fastq (95); status: NEW; exit: -; error: -; workDir: /Users/skd6150/Documents/Research/CBI/iModulon_Ctherm/iModulonMiner/2_process_data/work/61/921d583b3d227e13e3d694c409ee2a]
~> TaskHandler[id: 94; name: download_fastq (92); status: NEW; exit: -; error: -; workDir: /Users/skd6150/Documents/Research/CBI/iModulon_Ctherm/iModulonMiner/2_process_data/work/22/05962c9e746b8daf9d18aa05240e6c]
.. remaining tasks omitted.
Mar-25 17:57:56.673 [Task monitor] DEBUG n.processor.TaskPollingMonitor - !! executor local > tasks to be completed: 1 -- submitted tasks are shown below
~> TaskHandler[id: 85; name: download_fastq (83); status: RUNNING; exit: -; error: -; workDir: /Users/skd6150/Documents/Research/CBI/iModulon_Ctherm/iModulonMiner/2_process_data/work/8d/93a741e57c74c48920ed7cdfcfc7d7]
Mar-25 17:58:36.709 [Task submitter] DEBUG n.processor.TaskPollingMonitor - %% executor local > tasks in the submission queue: 375 -- tasks to be submitted are shown below
~> TaskHandler[id: 86; name: download_fastq (84); status: NEW; exit: -; error: -; workDir: /Users/skd6150/Documents/Research/CBI/iModulon_Ctherm/iModulonMiner/2_process_data/work/b7/1fbe84ab56417cc05b775962dcda25]
~> TaskHandler[id: 87; name: download_fastq (85); status: NEW; exit: -; error: -; workDir: /Users/skd6150/Documents/Research/CBI/iModulon_Ctherm/iModulonMiner/2_process_data/work/c3/9904aba5d0bb0c05dcaf10b70c692e]
~> TaskHandler[id: 89; name: download_fastq (87); status: NEW; exit: -; error: -; workDir: /Users/skd6150/Documents/Research/CBI/iModulon_Ctherm/iModulonMiner/2_process_data/work/fa/e8aa63db3e22f557d010a58cc4d06d]
~> TaskHandler[id: 91; name: download_fastq (89); status: NEW; exit: -; error: -; workDir: /Users/skd6150/Documents/Research/CBI/iModulon_Ctherm/iModulonMiner/2_process_data/work/c2/2724e22ce1ae030e5877a144d9a34c]
~> TaskHandler[id: 95; name: download_fastq (93); status: NEW; exit: -; error: -; workDir: /Users/skd6150/Documents/Research/CBI/iModulon_Ctherm/iModulonMiner/2_process_data/work/81/8eb8b3174b7b63e1be20c8fa0e9ffb]
~> TaskHandler[id: 96; name: download_fastq (94); status: NEW; exit: -; error: -; workDir: /Users/skd6150/Documents/Research/CBI/iModulon_Ctherm/iModulonMiner/2_process_data/work/2f/a781ef06535e9d78db8b375c3b388d]
~> TaskHandler[id: 92; name: download_fastq (90); status: NEW; exit: -; error: -; workDir: /Users/skd6150/Documents/Research/CBI/iModulon_Ctherm/iModulonMiner/2_process_data/work/4e/cbce247f5ecaf84d4f600d718e8367]
~> TaskHandler[id: 93; name: download_fastq (91); status: NEW; exit: -; error: -; workDir: /Users/skd6150/Documents/Research/CBI/iModulon_Ctherm/iModulonMiner/2_process_data/work/02/2c3e8b797a5f6c4c484aef3994c79e]
~> TaskHandler[id: 97; name: download_fastq (95); status: NEW; exit: -; error: -; workDir: /Users/skd6150/Documents/Research/CBI/iModulon_Ctherm/iModulonMiner/2_process_data/work/61/921d583b3d227e13e3d694c409ee2a]
~> TaskHandler[id: 94; name: download_fastq (92); status: NEW; exit: -; error: -; workDir: /Users/skd6150/Documents/Research/CBI/iModulon_Ctherm/iModulonMiner/2_process_data/work/22/05962c9e746b8daf9d18aa05240e6c]
.. remaining tasks omitted.
Mar-25 18:02:56.694 [Task monitor] DEBUG n.processor.TaskPollingMonitor - !! executor local > tasks to be completed: 1 -- submitted tasks are shown below
~> TaskHandler[id: 85; name: download_fastq (83); status: RUNNING; exit: -; error: -; workDir: /Users/skd6150/Documents/Research/CBI/iModulon_Ctherm/iModulonMiner/2_process_data/work/8d/93a741e57c74c48920ed7cdfcfc7d7]
Mar-25 18:03:37.023 [Task submitter] DEBUG n.processor.TaskPollingMonitor - %% executor local > tasks in the submission queue: 375 -- tasks to be submitted are shown below
~> TaskHandler[id: 86; name: download_fastq (84); status: NEW; exit: -; error: -; workDir: /Users/skd6150/Documents/Research/CBI/iModulon_Ctherm/iModulonMiner/2_process_data/work/b7/1fbe84ab56417cc05b775962dcda25]
~> TaskHandler[id: 87; name: download_fastq (85); status: NEW; exit: -; error: -; workDir: /Users/skd6150/Documents/Research/CBI/iModulon_Ctherm/iModulonMiner/2_process_data/work/c3/9904aba5d0bb0c05dcaf10b70c692e]
~> TaskHandler[id: 89; name: download_fastq (87); status: NEW; exit: -; error: -; workDir: /Users/skd6150/Documents/Research/CBI/iModulon_Ctherm/iModulonMiner/2_process_data/work/fa/e8aa63db3e22f557d010a58cc4d06d]
~> TaskHandler[id: 91; name: download_fastq (89); status: NEW; exit: -; error: -; workDir: /Users/skd6150/Documents/Research/CBI/iModulon_Ctherm/iModulonMiner/2_process_data/work/c2/2724e22ce1ae030e5877a144d9a34c]
~> TaskHandler[id: 95; name: download_fastq (93); status: NEW; exit: -; error: -; workDir: /Users/skd6150/Documents/Research/CBI/iModulon_Ctherm/iModulonMiner/2_process_data/work/81/8eb8b3174b7b63e1be20c8fa0e9ffb]
~> TaskHandler[id: 96; name: download_fastq (94); status: NEW; exit: -; error: -; workDir: /Users/skd6150/Documents/Research/CBI/iModulon_Ctherm/iModulonMiner/2_process_data/work/2f/a781ef06535e9d78db8b375c3b388d]
~> TaskHandler[id: 92; name: download_fastq (90); status: NEW; exit: -; error: -; workDir: /Users/skd6150/Documents/Research/CBI/iModulon_Ctherm/iModulonMiner/2_process_data/work/4e/cbce247f5ecaf84d4f600d718e8367]
~> TaskHandler[id: 93; name: download_fastq (91); status: NEW; exit: -; error: -; workDir: /Users/skd6150/Documents/Research/CBI/iModulon_Ctherm/iModulonMiner/2_process_data/work/02/2c3e8b797a5f6c4c484aef3994c79e]
~> TaskHandler[id: 97; name: download_fastq (95); status: NEW; exit: -; error: -; workDir: /Users/skd6150/Documents/Research/CBI/iModulon_Ctherm/iModulonMiner/2_process_data/work/61/921d583b3d227e13e3d694c409ee2a]
~> TaskHandler[id: 94; name: download_fastq (92); status: NEW; exit: -; error: -; workDir: /Users/skd6150/Documents/Research/CBI/iModulon_Ctherm/iModulonMiner/2_process_data/work/22/05962c9e746b8daf9d18aa05240e6c]
.. remaining tasks omitted.
Mar-25 18:07:56.720 [Task monitor] DEBUG n.processor.TaskPollingMonitor - !! executor local > tasks to be completed: 1 -- submitted tasks are shown below
~> TaskHandler[id: 85; name: download_fastq (83); status: RUNNING; exit: -; error: -; workDir: /Users/skd6150/Documents/Research/CBI/iModulon_Ctherm/iModulonMiner/2_process_data/work/8d/93a741e57c74c48920ed7cdfcfc7d7]
Mar-25 18:08:37.341 [Task submitter] DEBUG n.processor.TaskPollingMonitor - %% executor local > tasks in the submission queue: 375 -- tasks to be submitted are shown below
~> TaskHandler[id: 86; name: download_fastq (84); status: NEW; exit: -; error: -; workDir: /Users/skd6150/Documents/Research/CBI/iModulon_Ctherm/iModulonMiner/2_process_data/work/b7/1fbe84ab56417cc05b775962dcda25]
~> TaskHandler[id: 87; name: download_fastq (85); status: NEW; exit: -; error: -; workDir: /Users/skd6150/Documents/Research/CBI/iModulon_Ctherm/iModulonMiner/2_process_data/work/c3/9904aba5d0bb0c05dcaf10b70c692e]
~> TaskHandler[id: 89; name: download_fastq (87); status: NEW; exit: -; error: -; workDir: /Users/skd6150/Documents/Research/CBI/iModulon_Ctherm/iModulonMiner/2_process_data/work/fa/e8aa63db3e22f557d010a58cc4d06d]
~> TaskHandler[id: 91; name: download_fastq (89); status: NEW; exit: -; error: -; workDir: /Users/skd6150/Documents/Research/CBI/iModulon_Ctherm/iModulonMiner/2_process_data/work/c2/2724e22ce1ae030e5877a144d9a34c]
~> TaskHandler[id: 95; name: download_fastq (93); status: NEW; exit: -; error: -; workDir: /Users/skd6150/Documents/Research/CBI/iModulon_Ctherm/iModulonMiner/2_process_data/work/81/8eb8b3174b7b63e1be20c8fa0e9ffb]
~> TaskHandler[id: 96; name: download_fastq (94); status: NEW; exit: -; error: -; workDir: /Users/skd6150/Documents/Research/CBI/iModulon_Ctherm/iModulonMiner/2_process_data/work/2f/a781ef06535e9d78db8b375c3b388d]
~> TaskHandler[id: 92; name: download_fastq (90); status: NEW; exit: -; error: -; workDir: /Users/skd6150/Documents/Research/CBI/iModulon_Ctherm/iModulonMiner/2_process_data/work/4e/cbce247f5ecaf84d4f600d718e8367]
~> TaskHandler[id: 93; name: download_fastq (91); status: NEW; exit: -; error: -; workDir: /Users/skd6150/Documents/Research/CBI/iModulon_Ctherm/iModulonMiner/2_process_data/work/02/2c3e8b797a5f6c4c484aef3994c79e]
~> TaskHandler[id: 97; name: download_fastq (95); status: NEW; exit: -; error: -; workDir: /Users/skd6150/Documents/Research/CBI/iModulon_Ctherm/iModulonMiner/2_process_data/work/61/921d583b3d227e13e3d694c409ee2a]
~> TaskHandler[id: 94; name: download_fastq (92); status: NEW; exit: -; error: -; workDir: /Users/skd6150/Documents/Research/CBI/iModulon_Ctherm/iModulonMiner/2_process_data/work/22/05962c9e746b8daf9d18aa05240e6c]
.. remaining tasks omitted.
Mar-25 18:12:56.786 [Task monitor] DEBUG n.processor.TaskPollingMonitor - !! executor local > tasks to be completed: 1 -- submitted tasks are shown below
~> TaskHandler[id: 85; name: download_fastq (83); status: RUNNING; exit: -; error: -; workDir: /Users/skd6150/Documents/Research/CBI/iModulon_Ctherm/iModulonMiner/2_process_data/work/8d/93a741e57c74c48920ed7cdfcfc7d7]
Mar-25 18:13:37.430 [Task submitter] DEBUG n.processor.TaskPollingMonitor - %% executor local > tasks in the submission queue: 375 -- tasks to be submitted are shown below
~> TaskHandler[id: 86; name: download_fastq (84); status: NEW; exit: -; error: -; workDir: /Users/skd6150/Documents/Research/CBI/iModulon_Ctherm/iModulonMiner/2_process_data/work/b7/1fbe84ab56417cc05b775962dcda25]
~> TaskHandler[id: 87; name: download_fastq (85); status: NEW; exit: -; error: -; workDir: /Users/skd6150/Documents/Research/CBI/iModulon_Ctherm/iModulonMiner/2_process_data/work/c3/9904aba5d0bb0c05dcaf10b70c692e]
~> TaskHandler[id: 89; name: download_fastq (87); status: NEW; exit: -; error: -; workDir: /Users/skd6150/Documents/Research/CBI/iModulon_Ctherm/iModulonMiner/2_process_data/work/fa/e8aa63db3e22f557d010a58cc4d06d]
~> TaskHandler[id: 91; name: download_fastq (89); status: NEW; exit: -; error: -; workDir: /Users/skd6150/Documents/Research/CBI/iModulon_Ctherm/iModulonMiner/2_process_data/work/c2/2724e22ce1ae030e5877a144d9a34c]
~> TaskHandler[id: 95; name: download_fastq (93); status: NEW; exit: -; error: -; workDir: /Users/skd6150/Documents/Research/CBI/iModulon_Ctherm/iModulonMiner/2_process_data/work/81/8eb8b3174b7b63e1be20c8fa0e9ffb]
~> TaskHandler[id: 96; name: download_fastq (94); status: NEW; exit: -; error: -; workDir: /Users/skd6150/Documents/Research/CBI/iModulon_Ctherm/iModulonMiner/2_process_data/work/2f/a781ef06535e9d78db8b375c3b388d]
~> TaskHandler[id: 92; name: download_fastq (90); status: NEW; exit: -; error: -; workDir: /Users/skd6150/Documents/Research/CBI/iModulon_Ctherm/iModulonMiner/2_process_data/work/4e/cbce247f5ecaf84d4f600d718e8367]
~> TaskHandler[id: 93; name: download_fastq (91); status: NEW; exit: -; error: -; workDir: /Users/skd6150/Documents/Research/CBI/iModulon_Ctherm/iModulonMiner/2_process_data/work/02/2c3e8b797a5f6c4c484aef3994c79e]
~> TaskHandler[id: 97; name: download_fastq (95); status: NEW; exit: -; error: -; workDir: /Users/skd6150/Documents/Research/CBI/iModulon_Ctherm/iModulonMiner/2_process_data/work/61/921d583b3d227e13e3d694c409ee2a]
~> TaskHandler[id: 94; name: download_fastq (92); status: NEW; exit: -; error: -; workDir: /Users/skd6150/Documents/Research/CBI/iModulon_Ctherm/iModulonMiner/2_process_data/work/22/05962c9e746b8daf9d18aa05240e6c]
.. remaining tasks omitted.
Mar-25 18:16:50.977 [Task monitor] DEBUG n.processor.TaskPollingMonitor - Task completed > TaskHandler[id: 85; name: download_fastq (83); status: COMPLETED; exit: 0; error: -; workDir: /Users/skd6150/Documents/Research/CBI/iModulon_Ctherm/iModulonMiner/2_process_data/work/8d/93a741e57c74c48920ed7cdfcfc7d7]
Mar-25 18:16:51.003 [Task submitter] DEBUG n.executor.local.LocalTaskHandler - Launch cmd line: /bin/bash -ue .command.run
Mar-25 18:16:51.004 [Task submitter] INFO  nextflow.Session - [b7/1fbe84] Submitted process > download_fastq (84)
Mar-25 18:17:56.889 [Task monitor] DEBUG n.processor.TaskPollingMonitor - !! executor local > tasks to be completed: 1 -- submitted tasks are shown below
~> TaskHandler[id: 86; name: download_fastq (84); status: RUNNING; exit: -; error: -; workDir: /Users/skd6150/Documents/Research/CBI/iModulon_Ctherm/iModulonMiner/2_process_data/work/b7/1fbe84ab56417cc05b775962dcda25]
Mar-25 18:18:37.843 [Task submitter] DEBUG n.processor.TaskPollingMonitor - %% executor local > tasks in the submission queue: 375 -- tasks to be submitted are shown below
~> TaskHandler[id: 87; name: download_fastq (85); status: NEW; exit: -; error: -; workDir: /Users/skd6150/Documents/Research/CBI/iModulon_Ctherm/iModulonMiner/2_process_data/work/c3/9904aba5d0bb0c05dcaf10b70c692e]
~> TaskHandler[id: 89; name: download_fastq (87); status: NEW; exit: -; error: -; workDir: /Users/skd6150/Documents/Research/CBI/iModulon_Ctherm/iModulonMiner/2_process_data/work/fa/e8aa63db3e22f557d010a58cc4d06d]
~> TaskHandler[id: 91; name: download_fastq (89); status: NEW; exit: -; error: -; workDir: /Users/skd6150/Documents/Research/CBI/iModulon_Ctherm/iModulonMiner/2_process_data/work/c2/2724e22ce1ae030e5877a144d9a34c]
~> TaskHandler[id: 95; name: download_fastq (93); status: NEW; exit: -; error: -; workDir: /Users/skd6150/Documents/Research/CBI/iModulon_Ctherm/iModulonMiner/2_process_data/work/81/8eb8b3174b7b63e1be20c8fa0e9ffb]
~> TaskHandler[id: 96; name: download_fastq (94); status: NEW; exit: -; error: -; workDir: /Users/skd6150/Documents/Research/CBI/iModulon_Ctherm/iModulonMiner/2_process_data/work/2f/a781ef06535e9d78db8b375c3b388d]
~> TaskHandler[id: 92; name: download_fastq (90); status: NEW; exit: -; error: -; workDir: /Users/skd6150/Documents/Research/CBI/iModulon_Ctherm/iModulonMiner/2_process_data/work/4e/cbce247f5ecaf84d4f600d718e8367]
~> TaskHandler[id: 93; name: download_fastq (91); status: NEW; exit: -; error: -; workDir: /Users/skd6150/Documents/Research/CBI/iModulon_Ctherm/iModulonMiner/2_process_data/work/02/2c3e8b797a5f6c4c484aef3994c79e]
~> TaskHandler[id: 97; name: download_fastq (95); status: NEW; exit: -; error: -; workDir: /Users/skd6150/Documents/Research/CBI/iModulon_Ctherm/iModulonMiner/2_process_data/work/61/921d583b3d227e13e3d694c409ee2a]
~> TaskHandler[id: 94; name: download_fastq (92); status: NEW; exit: -; error: -; workDir: /Users/skd6150/Documents/Research/CBI/iModulon_Ctherm/iModulonMiner/2_process_data/work/22/05962c9e746b8daf9d18aa05240e6c]
~> TaskHandler[id: 90; name: download_fastq (88); status: NEW; exit: -; error: -; workDir: /Users/skd6150/Documents/Research/CBI/iModulon_Ctherm/iModulonMiner/2_process_data/work/83/8f3f3c1db60b1482b1c61cec31f294]
.. remaining tasks omitted.
Mar-25 18:22:56.921 [Task monitor] DEBUG n.processor.TaskPollingMonitor - !! executor local > tasks to be completed: 1 -- submitted tasks are shown below
~> TaskHandler[id: 86; name: download_fastq (84); status: RUNNING; exit: -; error: -; workDir: /Users/skd6150/Documents/Research/CBI/iModulon_Ctherm/iModulonMiner/2_process_data/work/b7/1fbe84ab56417cc05b775962dcda25]
Mar-25 18:23:37.843 [Task submitter] DEBUG n.processor.TaskPollingMonitor - %% executor local > tasks in the submission queue: 375 -- tasks to be submitted are shown below
~> TaskHandler[id: 87; name: download_fastq (85); status: NEW; exit: -; error: -; workDir: /Users/skd6150/Documents/Research/CBI/iModulon_Ctherm/iModulonMiner/2_process_data/work/c3/9904aba5d0bb0c05dcaf10b70c692e]
~> TaskHandler[id: 89; name: download_fastq (87); status: NEW; exit: -; error: -; workDir: /Users/skd6150/Documents/Research/CBI/iModulon_Ctherm/iModulonMiner/2_process_data/work/fa/e8aa63db3e22f557d010a58cc4d06d]
~> TaskHandler[id: 91; name: download_fastq (89); status: NEW; exit: -; error: -; workDir: /Users/skd6150/Documents/Research/CBI/iModulon_Ctherm/iModulonMiner/2_process_data/work/c2/2724e22ce1ae030e5877a144d9a34c]
~> TaskHandler[id: 95; name: download_fastq (93); status: NEW; exit: -; error: -; workDir: /Users/skd6150/Documents/Research/CBI/iModulon_Ctherm/iModulonMiner/2_process_data/work/81/8eb8b3174b7b63e1be20c8fa0e9ffb]
~> TaskHandler[id: 96; name: download_fastq (94); status: NEW; exit: -; error: -; workDir: /Users/skd6150/Documents/Research/CBI/iModulon_Ctherm/iModulonMiner/2_process_data/work/2f/a781ef06535e9d78db8b375c3b388d]
~> TaskHandler[id: 92; name: download_fastq (90); status: NEW; exit: -; error: -; workDir: /Users/skd6150/Documents/Research/CBI/iModulon_Ctherm/iModulonMiner/2_process_data/work/4e/cbce247f5ecaf84d4f600d718e8367]
~> TaskHandler[id: 93; name: download_fastq (91); status: NEW; exit: -; error: -; workDir: /Users/skd6150/Documents/Research/CBI/iModulon_Ctherm/iModulonMiner/2_process_data/work/02/2c3e8b797a5f6c4c484aef3994c79e]
~> TaskHandler[id: 97; name: download_fastq (95); status: NEW; exit: -; error: -; workDir: /Users/skd6150/Documents/Research/CBI/iModulon_Ctherm/iModulonMiner/2_process_data/work/61/921d583b3d227e13e3d694c409ee2a]
~> TaskHandler[id: 94; name: download_fastq (92); status: NEW; exit: -; error: -; workDir: /Users/skd6150/Documents/Research/CBI/iModulon_Ctherm/iModulonMiner/2_process_data/work/22/05962c9e746b8daf9d18aa05240e6c]
~> TaskHandler[id: 90; name: download_fastq (88); status: NEW; exit: -; error: -; workDir: /Users/skd6150/Documents/Research/CBI/iModulon_Ctherm/iModulonMiner/2_process_data/work/83/8f3f3c1db60b1482b1c61cec31f294]
.. remaining tasks omitted.
Mar-25 18:27:57.003 [Task monitor] DEBUG n.processor.TaskPollingMonitor - !! executor local > tasks to be completed: 1 -- submitted tasks are shown below
~> TaskHandler[id: 86; name: download_fastq (84); status: RUNNING; exit: -; error: -; workDir: /Users/skd6150/Documents/Research/CBI/iModulon_Ctherm/iModulonMiner/2_process_data/work/b7/1fbe84ab56417cc05b775962dcda25]
Mar-25 18:28:38.181 [Task submitter] DEBUG n.processor.TaskPollingMonitor - %% executor local > tasks in the submission queue: 375 -- tasks to be submitted are shown below
~> TaskHandler[id: 87; name: download_fastq (85); status: NEW; exit: -; error: -; workDir: /Users/skd6150/Documents/Research/CBI/iModulon_Ctherm/iModulonMiner/2_process_data/work/c3/9904aba5d0bb0c05dcaf10b70c692e]
~> TaskHandler[id: 89; name: download_fastq (87); status: NEW; exit: -; error: -; workDir: /Users/skd6150/Documents/Research/CBI/iModulon_Ctherm/iModulonMiner/2_process_data/work/fa/e8aa63db3e22f557d010a58cc4d06d]
~> TaskHandler[id: 91; name: download_fastq (89); status: NEW; exit: -; error: -; workDir: /Users/skd6150/Documents/Research/CBI/iModulon_Ctherm/iModulonMiner/2_process_data/work/c2/2724e22ce1ae030e5877a144d9a34c]
~> TaskHandler[id: 95; name: download_fastq (93); status: NEW; exit: -; error: -; workDir: /Users/skd6150/Documents/Research/CBI/iModulon_Ctherm/iModulonMiner/2_process_data/work/81/8eb8b3174b7b63e1be20c8fa0e9ffb]
~> TaskHandler[id: 96; name: download_fastq (94); status: NEW; exit: -; error: -; workDir: /Users/skd6150/Documents/Research/CBI/iModulon_Ctherm/iModulonMiner/2_process_data/work/2f/a781ef06535e9d78db8b375c3b388d]
~> TaskHandler[id: 92; name: download_fastq (90); status: NEW; exit: -; error: -; workDir: /Users/skd6150/Documents/Research/CBI/iModulon_Ctherm/iModulonMiner/2_process_data/work/4e/cbce247f5ecaf84d4f600d718e8367]
~> TaskHandler[id: 93; name: download_fastq (91); status: NEW; exit: -; error: -; workDir: /Users/skd6150/Documents/Research/CBI/iModulon_Ctherm/iModulonMiner/2_process_data/work/02/2c3e8b797a5f6c4c484aef3994c79e]
~> TaskHandler[id: 97; name: download_fastq (95); status: NEW; exit: -; error: -; workDir: /Users/skd6150/Documents/Research/CBI/iModulon_Ctherm/iModulonMiner/2_process_data/work/61/921d583b3d227e13e3d694c409ee2a]
~> TaskHandler[id: 94; name: download_fastq (92); status: NEW; exit: -; error: -; workDir: /Users/skd6150/Documents/Research/CBI/iModulon_Ctherm/iModulonMiner/2_process_data/work/22/05962c9e746b8daf9d18aa05240e6c]
~> TaskHandler[id: 90; name: download_fastq (88); status: NEW; exit: -; error: -; workDir: /Users/skd6150/Documents/Research/CBI/iModulon_Ctherm/iModulonMiner/2_process_data/work/83/8f3f3c1db60b1482b1c61cec31f294]
.. remaining tasks omitted.
Mar-25 18:32:57.090 [Task monitor] DEBUG n.processor.TaskPollingMonitor - !! executor local > tasks to be completed: 1 -- submitted tasks are shown below
~> TaskHandler[id: 86; name: download_fastq (84); status: RUNNING; exit: -; error: -; workDir: /Users/skd6150/Documents/Research/CBI/iModulon_Ctherm/iModulonMiner/2_process_data/work/b7/1fbe84ab56417cc05b775962dcda25]
Mar-25 18:33:38.360 [Task submitter] DEBUG n.processor.TaskPollingMonitor - %% executor local > tasks in the submission queue: 375 -- tasks to be submitted are shown below
~> TaskHandler[id: 87; name: download_fastq (85); status: NEW; exit: -; error: -; workDir: /Users/skd6150/Documents/Research/CBI/iModulon_Ctherm/iModulonMiner/2_process_data/work/c3/9904aba5d0bb0c05dcaf10b70c692e]
~> TaskHandler[id: 89; name: download_fastq (87); status: NEW; exit: -; error: -; workDir: /Users/skd6150/Documents/Research/CBI/iModulon_Ctherm/iModulonMiner/2_process_data/work/fa/e8aa63db3e22f557d010a58cc4d06d]
~> TaskHandler[id: 91; name: download_fastq (89); status: NEW; exit: -; error: -; workDir: /Users/skd6150/Documents/Research/CBI/iModulon_Ctherm/iModulonMiner/2_process_data/work/c2/2724e22ce1ae030e5877a144d9a34c]
~> TaskHandler[id: 95; name: download_fastq (93); status: NEW; exit: -; error: -; workDir: /Users/skd6150/Documents/Research/CBI/iModulon_Ctherm/iModulonMiner/2_process_data/work/81/8eb8b3174b7b63e1be20c8fa0e9ffb]
~> TaskHandler[id: 96; name: download_fastq (94); status: NEW; exit: -; error: -; workDir: /Users/skd6150/Documents/Research/CBI/iModulon_Ctherm/iModulonMiner/2_process_data/work/2f/a781ef06535e9d78db8b375c3b388d]
~> TaskHandler[id: 92; name: download_fastq (90); status: NEW; exit: -; error: -; workDir: /Users/skd6150/Documents/Research/CBI/iModulon_Ctherm/iModulonMiner/2_process_data/work/4e/cbce247f5ecaf84d4f600d718e8367]
~> TaskHandler[id: 93; name: download_fastq (91); status: NEW; exit: -; error: -; workDir: /Users/skd6150/Documents/Research/CBI/iModulon_Ctherm/iModulonMiner/2_process_data/work/02/2c3e8b797a5f6c4c484aef3994c79e]
~> TaskHandler[id: 97; name: download_fastq (95); status: NEW; exit: -; error: -; workDir: /Users/skd6150/Documents/Research/CBI/iModulon_Ctherm/iModulonMiner/2_process_data/work/61/921d583b3d227e13e3d694c409ee2a]
~> TaskHandler[id: 94; name: download_fastq (92); status: NEW; exit: -; error: -; workDir: /Users/skd6150/Documents/Research/CBI/iModulon_Ctherm/iModulonMiner/2_process_data/work/22/05962c9e746b8daf9d18aa05240e6c]
~> TaskHandler[id: 90; name: download_fastq (88); status: NEW; exit: -; error: -; workDir: /Users/skd6150/Documents/Research/CBI/iModulon_Ctherm/iModulonMiner/2_process_data/work/83/8f3f3c1db60b1482b1c61cec31f294]
.. remaining tasks omitted.
Mar-25 18:37:57.142 [Task monitor] DEBUG n.processor.TaskPollingMonitor - !! executor local > tasks to be completed: 1 -- submitted tasks are shown below
~> TaskHandler[id: 86; name: download_fastq (84); status: RUNNING; exit: -; error: -; workDir: /Users/skd6150/Documents/Research/CBI/iModulon_Ctherm/iModulonMiner/2_process_data/work/b7/1fbe84ab56417cc05b775962dcda25]
Mar-25 18:38:38.571 [Task submitter] DEBUG n.processor.TaskPollingMonitor - %% executor local > tasks in the submission queue: 375 -- tasks to be submitted are shown below
~> TaskHandler[id: 87; name: download_fastq (85); status: NEW; exit: -; error: -; workDir: /Users/skd6150/Documents/Research/CBI/iModulon_Ctherm/iModulonMiner/2_process_data/work/c3/9904aba5d0bb0c05dcaf10b70c692e]
~> TaskHandler[id: 89; name: download_fastq (87); status: NEW; exit: -; error: -; workDir: /Users/skd6150/Documents/Research/CBI/iModulon_Ctherm/iModulonMiner/2_process_data/work/fa/e8aa63db3e22f557d010a58cc4d06d]
~> TaskHandler[id: 91; name: download_fastq (89); status: NEW; exit: -; error: -; workDir: /Users/skd6150/Documents/Research/CBI/iModulon_Ctherm/iModulonMiner/2_process_data/work/c2/2724e22ce1ae030e5877a144d9a34c]
~> TaskHandler[id: 95; name: download_fastq (93); status: NEW; exit: -; error: -; workDir: /Users/skd6150/Documents/Research/CBI/iModulon_Ctherm/iModulonMiner/2_process_data/work/81/8eb8b3174b7b63e1be20c8fa0e9ffb]
~> TaskHandler[id: 96; name: download_fastq (94); status: NEW; exit: -; error: -; workDir: /Users/skd6150/Documents/Research/CBI/iModulon_Ctherm/iModulonMiner/2_process_data/work/2f/a781ef06535e9d78db8b375c3b388d]
~> TaskHandler[id: 92; name: download_fastq (90); status: NEW; exit: -; error: -; workDir: /Users/skd6150/Documents/Research/CBI/iModulon_Ctherm/iModulonMiner/2_process_data/work/4e/cbce247f5ecaf84d4f600d718e8367]
~> TaskHandler[id: 93; name: download_fastq (91); status: NEW; exit: -; error: -; workDir: /Users/skd6150/Documents/Research/CBI/iModulon_Ctherm/iModulonMiner/2_process_data/work/02/2c3e8b797a5f6c4c484aef3994c79e]
~> TaskHandler[id: 97; name: download_fastq (95); status: NEW; exit: -; error: -; workDir: /Users/skd6150/Documents/Research/CBI/iModulon_Ctherm/iModulonMiner/2_process_data/work/61/921d583b3d227e13e3d694c409ee2a]
~> TaskHandler[id: 94; name: download_fastq (92); status: NEW; exit: -; error: -; workDir: /Users/skd6150/Documents/Research/CBI/iModulon_Ctherm/iModulonMiner/2_process_data/work/22/05962c9e746b8daf9d18aa05240e6c]
~> TaskHandler[id: 90; name: download_fastq (88); status: NEW; exit: -; error: -; workDir: /Users/skd6150/Documents/Research/CBI/iModulon_Ctherm/iModulonMiner/2_process_data/work/83/8f3f3c1db60b1482b1c61cec31f294]
.. remaining tasks omitted.
Mar-25 18:42:57.144 [Task monitor] DEBUG n.processor.TaskPollingMonitor - !! executor local > tasks to be completed: 1 -- submitted tasks are shown below
~> TaskHandler[id: 86; name: download_fastq (84); status: RUNNING; exit: -; error: -; workDir: /Users/skd6150/Documents/Research/CBI/iModulon_Ctherm/iModulonMiner/2_process_data/work/b7/1fbe84ab56417cc05b775962dcda25]
Mar-25 18:43:38.948 [Task submitter] DEBUG n.processor.TaskPollingMonitor - %% executor local > tasks in the submission queue: 375 -- tasks to be submitted are shown below
~> TaskHandler[id: 87; name: download_fastq (85); status: NEW; exit: -; error: -; workDir: /Users/skd6150/Documents/Research/CBI/iModulon_Ctherm/iModulonMiner/2_process_data/work/c3/9904aba5d0bb0c05dcaf10b70c692e]
~> TaskHandler[id: 89; name: download_fastq (87); status: NEW; exit: -; error: -; workDir: /Users/skd6150/Documents/Research/CBI/iModulon_Ctherm/iModulonMiner/2_process_data/work/fa/e8aa63db3e22f557d010a58cc4d06d]
~> TaskHandler[id: 91; name: download_fastq (89); status: NEW; exit: -; error: -; workDir: /Users/skd6150/Documents/Research/CBI/iModulon_Ctherm/iModulonMiner/2_process_data/work/c2/2724e22ce1ae030e5877a144d9a34c]
~> TaskHandler[id: 95; name: download_fastq (93); status: NEW; exit: -; error: -; workDir: /Users/skd6150/Documents/Research/CBI/iModulon_Ctherm/iModulonMiner/2_process_data/work/81/8eb8b3174b7b63e1be20c8fa0e9ffb]
~> TaskHandler[id: 96; name: download_fastq (94); status: NEW; exit: -; error: -; workDir: /Users/skd6150/Documents/Research/CBI/iModulon_Ctherm/iModulonMiner/2_process_data/work/2f/a781ef06535e9d78db8b375c3b388d]
~> TaskHandler[id: 92; name: download_fastq (90); status: NEW; exit: -; error: -; workDir: /Users/skd6150/Documents/Research/CBI/iModulon_Ctherm/iModulonMiner/2_process_data/work/4e/cbce247f5ecaf84d4f600d718e8367]
~> TaskHandler[id: 93; name: download_fastq (91); status: NEW; exit: -; error: -; workDir: /Users/skd6150/Documents/Research/CBI/iModulon_Ctherm/iModulonMiner/2_process_data/work/02/2c3e8b797a5f6c4c484aef3994c79e]
~> TaskHandler[id: 97; name: download_fastq (95); status: NEW; exit: -; error: -; workDir: /Users/skd6150/Documents/Research/CBI/iModulon_Ctherm/iModulonMiner/2_process_data/work/61/921d583b3d227e13e3d694c409ee2a]
~> TaskHandler[id: 94; name: download_fastq (92); status: NEW; exit: -; error: -; workDir: /Users/skd6150/Documents/Research/CBI/iModulon_Ctherm/iModulonMiner/2_process_data/work/22/05962c9e746b8daf9d18aa05240e6c]
~> TaskHandler[id: 90; name: download_fastq (88); status: NEW; exit: -; error: -; workDir: /Users/skd6150/Documents/Research/CBI/iModulon_Ctherm/iModulonMiner/2_process_data/work/83/8f3f3c1db60b1482b1c61cec31f294]
.. remaining tasks omitted.
Mar-25 18:47:57.160 [Task monitor] DEBUG n.processor.TaskPollingMonitor - !! executor local > tasks to be completed: 1 -- submitted tasks are shown below
~> TaskHandler[id: 86; name: download_fastq (84); status: RUNNING; exit: -; error: -; workDir: /Users/skd6150/Documents/Research/CBI/iModulon_Ctherm/iModulonMiner/2_process_data/work/b7/1fbe84ab56417cc05b775962dcda25]
Mar-25 18:48:39.170 [Task submitter] DEBUG n.processor.TaskPollingMonitor - %% executor local > tasks in the submission queue: 375 -- tasks to be submitted are shown below
~> TaskHandler[id: 87; name: download_fastq (85); status: NEW; exit: -; error: -; workDir: /Users/skd6150/Documents/Research/CBI/iModulon_Ctherm/iModulonMiner/2_process_data/work/c3/9904aba5d0bb0c05dcaf10b70c692e]
~> TaskHandler[id: 89; name: download_fastq (87); status: NEW; exit: -; error: -; workDir: /Users/skd6150/Documents/Research/CBI/iModulon_Ctherm/iModulonMiner/2_process_data/work/fa/e8aa63db3e22f557d010a58cc4d06d]
~> TaskHandler[id: 91; name: download_fastq (89); status: NEW; exit: -; error: -; workDir: /Users/skd6150/Documents/Research/CBI/iModulon_Ctherm/iModulonMiner/2_process_data/work/c2/2724e22ce1ae030e5877a144d9a34c]
~> TaskHandler[id: 95; name: download_fastq (93); status: NEW; exit: -; error: -; workDir: /Users/skd6150/Documents/Research/CBI/iModulon_Ctherm/iModulonMiner/2_process_data/work/81/8eb8b3174b7b63e1be20c8fa0e9ffb]
~> TaskHandler[id: 96; name: download_fastq (94); status: NEW; exit: -; error: -; workDir: /Users/skd6150/Documents/Research/CBI/iModulon_Ctherm/iModulonMiner/2_process_data/work/2f/a781ef06535e9d78db8b375c3b388d]
~> TaskHandler[id: 92; name: download_fastq (90); status: NEW; exit: -; error: -; workDir: /Users/skd6150/Documents/Research/CBI/iModulon_Ctherm/iModulonMiner/2_process_data/work/4e/cbce247f5ecaf84d4f600d718e8367]
~> TaskHandler[id: 93; name: download_fastq (91); status: NEW; exit: -; error: -; workDir: /Users/skd6150/Documents/Research/CBI/iModulon_Ctherm/iModulonMiner/2_process_data/work/02/2c3e8b797a5f6c4c484aef3994c79e]
~> TaskHandler[id: 97; name: download_fastq (95); status: NEW; exit: -; error: -; workDir: /Users/skd6150/Documents/Research/CBI/iModulon_Ctherm/iModulonMiner/2_process_data/work/61/921d583b3d227e13e3d694c409ee2a]
~> TaskHandler[id: 94; name: download_fastq (92); status: NEW; exit: -; error: -; workDir: /Users/skd6150/Documents/Research/CBI/iModulon_Ctherm/iModulonMiner/2_process_data/work/22/05962c9e746b8daf9d18aa05240e6c]
~> TaskHandler[id: 90; name: download_fastq (88); status: NEW; exit: -; error: -; workDir: /Users/skd6150/Documents/Research/CBI/iModulon_Ctherm/iModulonMiner/2_process_data/work/83/8f3f3c1db60b1482b1c61cec31f294]
.. remaining tasks omitted.
Mar-25 18:50:12.827 [Task monitor] DEBUG n.processor.TaskPollingMonitor - Task completed > TaskHandler[id: 86; name: download_fastq (84); status: COMPLETED; exit: 0; error: -; workDir: /Users/skd6150/Documents/Research/CBI/iModulon_Ctherm/iModulonMiner/2_process_data/work/b7/1fbe84ab56417cc05b775962dcda25]
Mar-25 18:50:12.846 [Task submitter] DEBUG n.executor.local.LocalTaskHandler - Launch cmd line: /bin/bash -ue .command.run
Mar-25 18:50:12.846 [Task submitter] INFO  nextflow.Session - [c3/9904ab] Submitted process > download_fastq (85)
Mar-25 18:52:57.261 [Task monitor] DEBUG n.processor.TaskPollingMonitor - !! executor local > tasks to be completed: 1 -- submitted tasks are shown below
~> TaskHandler[id: 87; name: download_fastq (85); status: RUNNING; exit: -; error: -; workDir: /Users/skd6150/Documents/Research/CBI/iModulon_Ctherm/iModulonMiner/2_process_data/work/c3/9904aba5d0bb0c05dcaf10b70c692e]
Mar-25 18:53:39.385 [Task submitter] DEBUG n.processor.TaskPollingMonitor - %% executor local > tasks in the submission queue: 375 -- tasks to be submitted are shown below
~> TaskHandler[id: 89; name: download_fastq (87); status: NEW; exit: -; error: -; workDir: /Users/skd6150/Documents/Research/CBI/iModulon_Ctherm/iModulonMiner/2_process_data/work/fa/e8aa63db3e22f557d010a58cc4d06d]
~> TaskHandler[id: 91; name: download_fastq (89); status: NEW; exit: -; error: -; workDir: /Users/skd6150/Documents/Research/CBI/iModulon_Ctherm/iModulonMiner/2_process_data/work/c2/2724e22ce1ae030e5877a144d9a34c]
~> TaskHandler[id: 95; name: download_fastq (93); status: NEW; exit: -; error: -; workDir: /Users/skd6150/Documents/Research/CBI/iModulon_Ctherm/iModulonMiner/2_process_data/work/81/8eb8b3174b7b63e1be20c8fa0e9ffb]
~> TaskHandler[id: 96; name: download_fastq (94); status: NEW; exit: -; error: -; workDir: /Users/skd6150/Documents/Research/CBI/iModulon_Ctherm/iModulonMiner/2_process_data/work/2f/a781ef06535e9d78db8b375c3b388d]
~> TaskHandler[id: 92; name: download_fastq (90); status: NEW; exit: -; error: -; workDir: /Users/skd6150/Documents/Research/CBI/iModulon_Ctherm/iModulonMiner/2_process_data/work/4e/cbce247f5ecaf84d4f600d718e8367]
~> TaskHandler[id: 93; name: download_fastq (91); status: NEW; exit: -; error: -; workDir: /Users/skd6150/Documents/Research/CBI/iModulon_Ctherm/iModulonMiner/2_process_data/work/02/2c3e8b797a5f6c4c484aef3994c79e]
~> TaskHandler[id: 97; name: download_fastq (95); status: NEW; exit: -; error: -; workDir: /Users/skd6150/Documents/Research/CBI/iModulon_Ctherm/iModulonMiner/2_process_data/work/61/921d583b3d227e13e3d694c409ee2a]
~> TaskHandler[id: 94; name: download_fastq (92); status: NEW; exit: -; error: -; workDir: /Users/skd6150/Documents/Research/CBI/iModulon_Ctherm/iModulonMiner/2_process_data/work/22/05962c9e746b8daf9d18aa05240e6c]
~> TaskHandler[id: 90; name: download_fastq (88); status: NEW; exit: -; error: -; workDir: /Users/skd6150/Documents/Research/CBI/iModulon_Ctherm/iModulonMiner/2_process_data/work/83/8f3f3c1db60b1482b1c61cec31f294]
~> TaskHandler[id: 99; name: download_fastq (97); status: NEW; exit: -; error: -; workDir: /Users/skd6150/Documents/Research/CBI/iModulon_Ctherm/iModulonMiner/2_process_data/work/1f/cc58ba7a7f6bea6ec87ac3d80dc3bf]
.. remaining tasks omitted.
Mar-25 18:57:57.264 [Task monitor] DEBUG n.processor.TaskPollingMonitor - !! executor local > tasks to be completed: 1 -- submitted tasks are shown below
~> TaskHandler[id: 87; name: download_fastq (85); status: RUNNING; exit: -; error: -; workDir: /Users/skd6150/Documents/Research/CBI/iModulon_Ctherm/iModulonMiner/2_process_data/work/c3/9904aba5d0bb0c05dcaf10b70c692e]
Mar-25 18:58:39.590 [Task submitter] DEBUG n.processor.TaskPollingMonitor - %% executor local > tasks in the submission queue: 375 -- tasks to be submitted are shown below
~> TaskHandler[id: 89; name: download_fastq (87); status: NEW; exit: -; error: -; workDir: /Users/skd6150/Documents/Research/CBI/iModulon_Ctherm/iModulonMiner/2_process_data/work/fa/e8aa63db3e22f557d010a58cc4d06d]
~> TaskHandler[id: 91; name: download_fastq (89); status: NEW; exit: -; error: -; workDir: /Users/skd6150/Documents/Research/CBI/iModulon_Ctherm/iModulonMiner/2_process_data/work/c2/2724e22ce1ae030e5877a144d9a34c]
~> TaskHandler[id: 95; name: download_fastq (93); status: NEW; exit: -; error: -; workDir: /Users/skd6150/Documents/Research/CBI/iModulon_Ctherm/iModulonMiner/2_process_data/work/81/8eb8b3174b7b63e1be20c8fa0e9ffb]
~> TaskHandler[id: 96; name: download_fastq (94); status: NEW; exit: -; error: -; workDir: /Users/skd6150/Documents/Research/CBI/iModulon_Ctherm/iModulonMiner/2_process_data/work/2f/a781ef06535e9d78db8b375c3b388d]
~> TaskHandler[id: 92; name: download_fastq (90); status: NEW; exit: -; error: -; workDir: /Users/skd6150/Documents/Research/CBI/iModulon_Ctherm/iModulonMiner/2_process_data/work/4e/cbce247f5ecaf84d4f600d718e8367]
~> TaskHandler[id: 93; name: download_fastq (91); status: NEW; exit: -; error: -; workDir: /Users/skd6150/Documents/Research/CBI/iModulon_Ctherm/iModulonMiner/2_process_data/work/02/2c3e8b797a5f6c4c484aef3994c79e]
~> TaskHandler[id: 97; name: download_fastq (95); status: NEW; exit: -; error: -; workDir: /Users/skd6150/Documents/Research/CBI/iModulon_Ctherm/iModulonMiner/2_process_data/work/61/921d583b3d227e13e3d694c409ee2a]
~> TaskHandler[id: 94; name: download_fastq (92); status: NEW; exit: -; error: -; workDir: /Users/skd6150/Documents/Research/CBI/iModulon_Ctherm/iModulonMiner/2_process_data/work/22/05962c9e746b8daf9d18aa05240e6c]
~> TaskHandler[id: 90; name: download_fastq (88); status: NEW; exit: -; error: -; workDir: /Users/skd6150/Documents/Research/CBI/iModulon_Ctherm/iModulonMiner/2_process_data/work/83/8f3f3c1db60b1482b1c61cec31f294]
~> TaskHandler[id: 99; name: download_fastq (97); status: NEW; exit: -; error: -; workDir: /Users/skd6150/Documents/Research/CBI/iModulon_Ctherm/iModulonMiner/2_process_data/work/1f/cc58ba7a7f6bea6ec87ac3d80dc3bf]
.. remaining tasks omitted.
Mar-25 19:02:57.274 [Task monitor] DEBUG n.processor.TaskPollingMonitor - !! executor local > tasks to be completed: 1 -- submitted tasks are shown below
~> TaskHandler[id: 87; name: download_fastq (85); status: RUNNING; exit: -; error: -; workDir: /Users/skd6150/Documents/Research/CBI/iModulon_Ctherm/iModulonMiner/2_process_data/work/c3/9904aba5d0bb0c05dcaf10b70c692e]
Mar-25 19:03:39.687 [Task submitter] DEBUG n.processor.TaskPollingMonitor - %% executor local > tasks in the submission queue: 375 -- tasks to be submitted are shown below
~> TaskHandler[id: 89; name: download_fastq (87); status: NEW; exit: -; error: -; workDir: /Users/skd6150/Documents/Research/CBI/iModulon_Ctherm/iModulonMiner/2_process_data/work/fa/e8aa63db3e22f557d010a58cc4d06d]
~> TaskHandler[id: 91; name: download_fastq (89); status: NEW; exit: -; error: -; workDir: /Users/skd6150/Documents/Research/CBI/iModulon_Ctherm/iModulonMiner/2_process_data/work/c2/2724e22ce1ae030e5877a144d9a34c]
~> TaskHandler[id: 95; name: download_fastq (93); status: NEW; exit: -; error: -; workDir: /Users/skd6150/Documents/Research/CBI/iModulon_Ctherm/iModulonMiner/2_process_data/work/81/8eb8b3174b7b63e1be20c8fa0e9ffb]
~> TaskHandler[id: 96; name: download_fastq (94); status: NEW; exit: -; error: -; workDir: /Users/skd6150/Documents/Research/CBI/iModulon_Ctherm/iModulonMiner/2_process_data/work/2f/a781ef06535e9d78db8b375c3b388d]
~> TaskHandler[id: 92; name: download_fastq (90); status: NEW; exit: -; error: -; workDir: /Users/skd6150/Documents/Research/CBI/iModulon_Ctherm/iModulonMiner/2_process_data/work/4e/cbce247f5ecaf84d4f600d718e8367]
~> TaskHandler[id: 93; name: download_fastq (91); status: NEW; exit: -; error: -; workDir: /Users/skd6150/Documents/Research/CBI/iModulon_Ctherm/iModulonMiner/2_process_data/work/02/2c3e8b797a5f6c4c484aef3994c79e]
~> TaskHandler[id: 97; name: download_fastq (95); status: NEW; exit: -; error: -; workDir: /Users/skd6150/Documents/Research/CBI/iModulon_Ctherm/iModulonMiner/2_process_data/work/61/921d583b3d227e13e3d694c409ee2a]
~> TaskHandler[id: 94; name: download_fastq (92); status: NEW; exit: -; error: -; workDir: /Users/skd6150/Documents/Research/CBI/iModulon_Ctherm/iModulonMiner/2_process_data/work/22/05962c9e746b8daf9d18aa05240e6c]
~> TaskHandler[id: 90; name: download_fastq (88); status: NEW; exit: -; error: -; workDir: /Users/skd6150/Documents/Research/CBI/iModulon_Ctherm/iModulonMiner/2_process_data/work/83/8f3f3c1db60b1482b1c61cec31f294]
~> TaskHandler[id: 99; name: download_fastq (97); status: NEW; exit: -; error: -; workDir: /Users/skd6150/Documents/Research/CBI/iModulon_Ctherm/iModulonMiner/2_process_data/work/1f/cc58ba7a7f6bea6ec87ac3d80dc3bf]
.. remaining tasks omitted.
Mar-25 19:07:57.360 [Task monitor] DEBUG n.processor.TaskPollingMonitor - !! executor local > tasks to be completed: 1 -- submitted tasks are shown below
~> TaskHandler[id: 87; name: download_fastq (85); status: RUNNING; exit: -; error: -; workDir: /Users/skd6150/Documents/Research/CBI/iModulon_Ctherm/iModulonMiner/2_process_data/work/c3/9904aba5d0bb0c05dcaf10b70c692e]
Mar-25 19:08:40.659 [Task submitter] DEBUG n.processor.TaskPollingMonitor - %% executor local > tasks in the submission queue: 375 -- tasks to be submitted are shown below
~> TaskHandler[id: 89; name: download_fastq (87); status: NEW; exit: -; error: -; workDir: /Users/skd6150/Documents/Research/CBI/iModulon_Ctherm/iModulonMiner/2_process_data/work/fa/e8aa63db3e22f557d010a58cc4d06d]
~> TaskHandler[id: 91; name: download_fastq (89); status: NEW; exit: -; error: -; workDir: /Users/skd6150/Documents/Research/CBI/iModulon_Ctherm/iModulonMiner/2_process_data/work/c2/2724e22ce1ae030e5877a144d9a34c]
~> TaskHandler[id: 95; name: download_fastq (93); status: NEW; exit: -; error: -; workDir: /Users/skd6150/Documents/Research/CBI/iModulon_Ctherm/iModulonMiner/2_process_data/work/81/8eb8b3174b7b63e1be20c8fa0e9ffb]
~> TaskHandler[id: 96; name: download_fastq (94); status: NEW; exit: -; error: -; workDir: /Users/skd6150/Documents/Research/CBI/iModulon_Ctherm/iModulonMiner/2_process_data/work/2f/a781ef06535e9d78db8b375c3b388d]
~> TaskHandler[id: 92; name: download_fastq (90); status: NEW; exit: -; error: -; workDir: /Users/skd6150/Documents/Research/CBI/iModulon_Ctherm/iModulonMiner/2_process_data/work/4e/cbce247f5ecaf84d4f600d718e8367]
~> TaskHandler[id: 93; name: download_fastq (91); status: NEW; exit: -; error: -; workDir: /Users/skd6150/Documents/Research/CBI/iModulon_Ctherm/iModulonMiner/2_process_data/work/02/2c3e8b797a5f6c4c484aef3994c79e]
~> TaskHandler[id: 97; name: download_fastq (95); status: NEW; exit: -; error: -; workDir: /Users/skd6150/Documents/Research/CBI/iModulon_Ctherm/iModulonMiner/2_process_data/work/61/921d583b3d227e13e3d694c409ee2a]
~> TaskHandler[id: 94; name: download_fastq (92); status: NEW; exit: -; error: -; workDir: /Users/skd6150/Documents/Research/CBI/iModulon_Ctherm/iModulonMiner/2_process_data/work/22/05962c9e746b8daf9d18aa05240e6c]
~> TaskHandler[id: 90; name: download_fastq (88); status: NEW; exit: -; error: -; workDir: /Users/skd6150/Documents/Research/CBI/iModulon_Ctherm/iModulonMiner/2_process_data/work/83/8f3f3c1db60b1482b1c61cec31f294]
~> TaskHandler[id: 99; name: download_fastq (97); status: NEW; exit: -; error: -; workDir: /Users/skd6150/Documents/Research/CBI/iModulon_Ctherm/iModulonMiner/2_process_data/work/1f/cc58ba7a7f6bea6ec87ac3d80dc3bf]
.. remaining tasks omitted.
Mar-25 19:12:57.422 [Task monitor] DEBUG n.processor.TaskPollingMonitor - !! executor local > tasks to be completed: 1 -- submitted tasks are shown below
~> TaskHandler[id: 87; name: download_fastq (85); status: RUNNING; exit: -; error: -; workDir: /Users/skd6150/Documents/Research/CBI/iModulon_Ctherm/iModulonMiner/2_process_data/work/c3/9904aba5d0bb0c05dcaf10b70c692e]
Mar-25 19:13:40.712 [Task submitter] DEBUG n.processor.TaskPollingMonitor - %% executor local > tasks in the submission queue: 375 -- tasks to be submitted are shown below
~> TaskHandler[id: 89; name: download_fastq (87); status: NEW; exit: -; error: -; workDir: /Users/skd6150/Documents/Research/CBI/iModulon_Ctherm/iModulonMiner/2_process_data/work/fa/e8aa63db3e22f557d010a58cc4d06d]
~> TaskHandler[id: 91; name: download_fastq (89); status: NEW; exit: -; error: -; workDir: /Users/skd6150/Documents/Research/CBI/iModulon_Ctherm/iModulonMiner/2_process_data/work/c2/2724e22ce1ae030e5877a144d9a34c]
~> TaskHandler[id: 95; name: download_fastq (93); status: NEW; exit: -; error: -; workDir: /Users/skd6150/Documents/Research/CBI/iModulon_Ctherm/iModulonMiner/2_process_data/work/81/8eb8b3174b7b63e1be20c8fa0e9ffb]
~> TaskHandler[id: 96; name: download_fastq (94); status: NEW; exit: -; error: -; workDir: /Users/skd6150/Documents/Research/CBI/iModulon_Ctherm/iModulonMiner/2_process_data/work/2f/a781ef06535e9d78db8b375c3b388d]
~> TaskHandler[id: 92; name: download_fastq (90); status: NEW; exit: -; error: -; workDir: /Users/skd6150/Documents/Research/CBI/iModulon_Ctherm/iModulonMiner/2_process_data/work/4e/cbce247f5ecaf84d4f600d718e8367]
~> TaskHandler[id: 93; name: download_fastq (91); status: NEW; exit: -; error: -; workDir: /Users/skd6150/Documents/Research/CBI/iModulon_Ctherm/iModulonMiner/2_process_data/work/02/2c3e8b797a5f6c4c484aef3994c79e]
~> TaskHandler[id: 97; name: download_fastq (95); status: NEW; exit: -; error: -; workDir: /Users/skd6150/Documents/Research/CBI/iModulon_Ctherm/iModulonMiner/2_process_data/work/61/921d583b3d227e13e3d694c409ee2a]
~> TaskHandler[id: 94; name: download_fastq (92); status: NEW; exit: -; error: -; workDir: /Users/skd6150/Documents/Research/CBI/iModulon_Ctherm/iModulonMiner/2_process_data/work/22/05962c9e746b8daf9d18aa05240e6c]
~> TaskHandler[id: 90; name: download_fastq (88); status: NEW; exit: -; error: -; workDir: /Users/skd6150/Documents/Research/CBI/iModulon_Ctherm/iModulonMiner/2_process_data/work/83/8f3f3c1db60b1482b1c61cec31f294]
~> TaskHandler[id: 99; name: download_fastq (97); status: NEW; exit: -; error: -; workDir: /Users/skd6150/Documents/Research/CBI/iModulon_Ctherm/iModulonMiner/2_process_data/work/1f/cc58ba7a7f6bea6ec87ac3d80dc3bf]
.. remaining tasks omitted.
Mar-25 19:17:57.521 [Task monitor] DEBUG n.processor.TaskPollingMonitor - !! executor local > tasks to be completed: 1 -- submitted tasks are shown below
~> TaskHandler[id: 87; name: download_fastq (85); status: RUNNING; exit: -; error: -; workDir: /Users/skd6150/Documents/Research/CBI/iModulon_Ctherm/iModulonMiner/2_process_data/work/c3/9904aba5d0bb0c05dcaf10b70c692e]
Mar-25 19:18:40.744 [Task submitter] DEBUG n.processor.TaskPollingMonitor - %% executor local > tasks in the submission queue: 375 -- tasks to be submitted are shown below
~> TaskHandler[id: 89; name: download_fastq (87); status: NEW; exit: -; error: -; workDir: /Users/skd6150/Documents/Research/CBI/iModulon_Ctherm/iModulonMiner/2_process_data/work/fa/e8aa63db3e22f557d010a58cc4d06d]
~> TaskHandler[id: 91; name: download_fastq (89); status: NEW; exit: -; error: -; workDir: /Users/skd6150/Documents/Research/CBI/iModulon_Ctherm/iModulonMiner/2_process_data/work/c2/2724e22ce1ae030e5877a144d9a34c]
~> TaskHandler[id: 95; name: download_fastq (93); status: NEW; exit: -; error: -; workDir: /Users/skd6150/Documents/Research/CBI/iModulon_Ctherm/iModulonMiner/2_process_data/work/81/8eb8b3174b7b63e1be20c8fa0e9ffb]
~> TaskHandler[id: 96; name: download_fastq (94); status: NEW; exit: -; error: -; workDir: /Users/skd6150/Documents/Research/CBI/iModulon_Ctherm/iModulonMiner/2_process_data/work/2f/a781ef06535e9d78db8b375c3b388d]
~> TaskHandler[id: 92; name: download_fastq (90); status: NEW; exit: -; error: -; workDir: /Users/skd6150/Documents/Research/CBI/iModulon_Ctherm/iModulonMiner/2_process_data/work/4e/cbce247f5ecaf84d4f600d718e8367]
~> TaskHandler[id: 93; name: download_fastq (91); status: NEW; exit: -; error: -; workDir: /Users/skd6150/Documents/Research/CBI/iModulon_Ctherm/iModulonMiner/2_process_data/work/02/2c3e8b797a5f6c4c484aef3994c79e]
~> TaskHandler[id: 97; name: download_fastq (95); status: NEW; exit: -; error: -; workDir: /Users/skd6150/Documents/Research/CBI/iModulon_Ctherm/iModulonMiner/2_process_data/work/61/921d583b3d227e13e3d694c409ee2a]
~> TaskHandler[id: 94; name: download_fastq (92); status: NEW; exit: -; error: -; workDir: /Users/skd6150/Documents/Research/CBI/iModulon_Ctherm/iModulonMiner/2_process_data/work/22/05962c9e746b8daf9d18aa05240e6c]
~> TaskHandler[id: 90; name: download_fastq (88); status: NEW; exit: -; error: -; workDir: /Users/skd6150/Documents/Research/CBI/iModulon_Ctherm/iModulonMiner/2_process_data/work/83/8f3f3c1db60b1482b1c61cec31f294]
~> TaskHandler[id: 99; name: download_fastq (97); status: NEW; exit: -; error: -; workDir: /Users/skd6150/Documents/Research/CBI/iModulon_Ctherm/iModulonMiner/2_process_data/work/1f/cc58ba7a7f6bea6ec87ac3d80dc3bf]
.. remaining tasks omitted.
Mar-25 19:22:57.631 [Task monitor] DEBUG n.processor.TaskPollingMonitor - !! executor local > tasks to be completed: 1 -- submitted tasks are shown below
~> TaskHandler[id: 87; name: download_fastq (85); status: RUNNING; exit: -; error: -; workDir: /Users/skd6150/Documents/Research/CBI/iModulon_Ctherm/iModulonMiner/2_process_data/work/c3/9904aba5d0bb0c05dcaf10b70c692e]
Mar-25 19:23:40.807 [Task submitter] DEBUG n.processor.TaskPollingMonitor - %% executor local > tasks in the submission queue: 375 -- tasks to be submitted are shown below
~> TaskHandler[id: 89; name: download_fastq (87); status: NEW; exit: -; error: -; workDir: /Users/skd6150/Documents/Research/CBI/iModulon_Ctherm/iModulonMiner/2_process_data/work/fa/e8aa63db3e22f557d010a58cc4d06d]
~> TaskHandler[id: 91; name: download_fastq (89); status: NEW; exit: -; error: -; workDir: /Users/skd6150/Documents/Research/CBI/iModulon_Ctherm/iModulonMiner/2_process_data/work/c2/2724e22ce1ae030e5877a144d9a34c]
~> TaskHandler[id: 95; name: download_fastq (93); status: NEW; exit: -; error: -; workDir: /Users/skd6150/Documents/Research/CBI/iModulon_Ctherm/iModulonMiner/2_process_data/work/81/8eb8b3174b7b63e1be20c8fa0e9ffb]
~> TaskHandler[id: 96; name: download_fastq (94); status: NEW; exit: -; error: -; workDir: /Users/skd6150/Documents/Research/CBI/iModulon_Ctherm/iModulonMiner/2_process_data/work/2f/a781ef06535e9d78db8b375c3b388d]
~> TaskHandler[id: 92; name: download_fastq (90); status: NEW; exit: -; error: -; workDir: /Users/skd6150/Documents/Research/CBI/iModulon_Ctherm/iModulonMiner/2_process_data/work/4e/cbce247f5ecaf84d4f600d718e8367]
~> TaskHandler[id: 93; name: download_fastq (91); status: NEW; exit: -; error: -; workDir: /Users/skd6150/Documents/Research/CBI/iModulon_Ctherm/iModulonMiner/2_process_data/work/02/2c3e8b797a5f6c4c484aef3994c79e]
~> TaskHandler[id: 97; name: download_fastq (95); status: NEW; exit: -; error: -; workDir: /Users/skd6150/Documents/Research/CBI/iModulon_Ctherm/iModulonMiner/2_process_data/work/61/921d583b3d227e13e3d694c409ee2a]
~> TaskHandler[id: 94; name: download_fastq (92); status: NEW; exit: -; error: -; workDir: /Users/skd6150/Documents/Research/CBI/iModulon_Ctherm/iModulonMiner/2_process_data/work/22/05962c9e746b8daf9d18aa05240e6c]
~> TaskHandler[id: 90; name: download_fastq (88); status: NEW; exit: -; error: -; workDir: /Users/skd6150/Documents/Research/CBI/iModulon_Ctherm/iModulonMiner/2_process_data/work/83/8f3f3c1db60b1482b1c61cec31f294]
~> TaskHandler[id: 99; name: download_fastq (97); status: NEW; exit: -; error: -; workDir: /Users/skd6150/Documents/Research/CBI/iModulon_Ctherm/iModulonMiner/2_process_data/work/1f/cc58ba7a7f6bea6ec87ac3d80dc3bf]
.. remaining tasks omitted.
Mar-25 19:27:57.689 [Task monitor] DEBUG n.processor.TaskPollingMonitor - !! executor local > tasks to be completed: 1 -- submitted tasks are shown below
~> TaskHandler[id: 87; name: download_fastq (85); status: RUNNING; exit: -; error: -; workDir: /Users/skd6150/Documents/Research/CBI/iModulon_Ctherm/iModulonMiner/2_process_data/work/c3/9904aba5d0bb0c05dcaf10b70c692e]
Mar-25 19:28:40.882 [Task submitter] DEBUG n.processor.TaskPollingMonitor - %% executor local > tasks in the submission queue: 375 -- tasks to be submitted are shown below
~> TaskHandler[id: 89; name: download_fastq (87); status: NEW; exit: -; error: -; workDir: /Users/skd6150/Documents/Research/CBI/iModulon_Ctherm/iModulonMiner/2_process_data/work/fa/e8aa63db3e22f557d010a58cc4d06d]
~> TaskHandler[id: 91; name: download_fastq (89); status: NEW; exit: -; error: -; workDir: /Users/skd6150/Documents/Research/CBI/iModulon_Ctherm/iModulonMiner/2_process_data/work/c2/2724e22ce1ae030e5877a144d9a34c]
~> TaskHandler[id: 95; name: download_fastq (93); status: NEW; exit: -; error: -; workDir: /Users/skd6150/Documents/Research/CBI/iModulon_Ctherm/iModulonMiner/2_process_data/work/81/8eb8b3174b7b63e1be20c8fa0e9ffb]
~> TaskHandler[id: 96; name: download_fastq (94); status: NEW; exit: -; error: -; workDir: /Users/skd6150/Documents/Research/CBI/iModulon_Ctherm/iModulonMiner/2_process_data/work/2f/a781ef06535e9d78db8b375c3b388d]
~> TaskHandler[id: 92; name: download_fastq (90); status: NEW; exit: -; error: -; workDir: /Users/skd6150/Documents/Research/CBI/iModulon_Ctherm/iModulonMiner/2_process_data/work/4e/cbce247f5ecaf84d4f600d718e8367]
~> TaskHandler[id: 93; name: download_fastq (91); status: NEW; exit: -; error: -; workDir: /Users/skd6150/Documents/Research/CBI/iModulon_Ctherm/iModulonMiner/2_process_data/work/02/2c3e8b797a5f6c4c484aef3994c79e]
~> TaskHandler[id: 97; name: download_fastq (95); status: NEW; exit: -; error: -; workDir: /Users/skd6150/Documents/Research/CBI/iModulon_Ctherm/iModulonMiner/2_process_data/work/61/921d583b3d227e13e3d694c409ee2a]
~> TaskHandler[id: 94; name: download_fastq (92); status: NEW; exit: -; error: -; workDir: /Users/skd6150/Documents/Research/CBI/iModulon_Ctherm/iModulonMiner/2_process_data/work/22/05962c9e746b8daf9d18aa05240e6c]
~> TaskHandler[id: 90; name: download_fastq (88); status: NEW; exit: -; error: -; workDir: /Users/skd6150/Documents/Research/CBI/iModulon_Ctherm/iModulonMiner/2_process_data/work/83/8f3f3c1db60b1482b1c61cec31f294]
~> TaskHandler[id: 99; name: download_fastq (97); status: NEW; exit: -; error: -; workDir: /Users/skd6150/Documents/Research/CBI/iModulon_Ctherm/iModulonMiner/2_process_data/work/1f/cc58ba7a7f6bea6ec87ac3d80dc3bf]
.. remaining tasks omitted.
Mar-25 19:32:57.743 [Task monitor] DEBUG n.processor.TaskPollingMonitor - !! executor local > tasks to be completed: 1 -- submitted tasks are shown below
~> TaskHandler[id: 87; name: download_fastq (85); status: RUNNING; exit: -; error: -; workDir: /Users/skd6150/Documents/Research/CBI/iModulon_Ctherm/iModulonMiner/2_process_data/work/c3/9904aba5d0bb0c05dcaf10b70c692e]
Mar-25 19:33:40.930 [Task submitter] DEBUG n.processor.TaskPollingMonitor - %% executor local > tasks in the submission queue: 375 -- tasks to be submitted are shown below
~> TaskHandler[id: 89; name: download_fastq (87); status: NEW; exit: -; error: -; workDir: /Users/skd6150/Documents/Research/CBI/iModulon_Ctherm/iModulonMiner/2_process_data/work/fa/e8aa63db3e22f557d010a58cc4d06d]
~> TaskHandler[id: 91; name: download_fastq (89); status: NEW; exit: -; error: -; workDir: /Users/skd6150/Documents/Research/CBI/iModulon_Ctherm/iModulonMiner/2_process_data/work/c2/2724e22ce1ae030e5877a144d9a34c]
~> TaskHandler[id: 95; name: download_fastq (93); status: NEW; exit: -; error: -; workDir: /Users/skd6150/Documents/Research/CBI/iModulon_Ctherm/iModulonMiner/2_process_data/work/81/8eb8b3174b7b63e1be20c8fa0e9ffb]
~> TaskHandler[id: 96; name: download_fastq (94); status: NEW; exit: -; error: -; workDir: /Users/skd6150/Documents/Research/CBI/iModulon_Ctherm/iModulonMiner/2_process_data/work/2f/a781ef06535e9d78db8b375c3b388d]
~> TaskHandler[id: 92; name: download_fastq (90); status: NEW; exit: -; error: -; workDir: /Users/skd6150/Documents/Research/CBI/iModulon_Ctherm/iModulonMiner/2_process_data/work/4e/cbce247f5ecaf84d4f600d718e8367]
~> TaskHandler[id: 93; name: download_fastq (91); status: NEW; exit: -; error: -; workDir: /Users/skd6150/Documents/Research/CBI/iModulon_Ctherm/iModulonMiner/2_process_data/work/02/2c3e8b797a5f6c4c484aef3994c79e]
~> TaskHandler[id: 97; name: download_fastq (95); status: NEW; exit: -; error: -; workDir: /Users/skd6150/Documents/Research/CBI/iModulon_Ctherm/iModulonMiner/2_process_data/work/61/921d583b3d227e13e3d694c409ee2a]
~> TaskHandler[id: 94; name: download_fastq (92); status: NEW; exit: -; error: -; workDir: /Users/skd6150/Documents/Research/CBI/iModulon_Ctherm/iModulonMiner/2_process_data/work/22/05962c9e746b8daf9d18aa05240e6c]
~> TaskHandler[id: 90; name: download_fastq (88); status: NEW; exit: -; error: -; workDir: /Users/skd6150/Documents/Research/CBI/iModulon_Ctherm/iModulonMiner/2_process_data/work/83/8f3f3c1db60b1482b1c61cec31f294]
~> TaskHandler[id: 99; name: download_fastq (97); status: NEW; exit: -; error: -; workDir: /Users/skd6150/Documents/Research/CBI/iModulon_Ctherm/iModulonMiner/2_process_data/work/1f/cc58ba7a7f6bea6ec87ac3d80dc3bf]
.. remaining tasks omitted.
Mar-25 19:37:57.843 [Task monitor] DEBUG n.processor.TaskPollingMonitor - !! executor local > tasks to be completed: 1 -- submitted tasks are shown below
~> TaskHandler[id: 87; name: download_fastq (85); status: RUNNING; exit: -; error: -; workDir: /Users/skd6150/Documents/Research/CBI/iModulon_Ctherm/iModulonMiner/2_process_data/work/c3/9904aba5d0bb0c05dcaf10b70c692e]
Mar-25 19:38:41.065 [Task submitter] DEBUG n.processor.TaskPollingMonitor - %% executor local > tasks in the submission queue: 375 -- tasks to be submitted are shown below
~> TaskHandler[id: 89; name: download_fastq (87); status: NEW; exit: -; error: -; workDir: /Users/skd6150/Documents/Research/CBI/iModulon_Ctherm/iModulonMiner/2_process_data/work/fa/e8aa63db3e22f557d010a58cc4d06d]
~> TaskHandler[id: 91; name: download_fastq (89); status: NEW; exit: -; error: -; workDir: /Users/skd6150/Documents/Research/CBI/iModulon_Ctherm/iModulonMiner/2_process_data/work/c2/2724e22ce1ae030e5877a144d9a34c]
~> TaskHandler[id: 95; name: download_fastq (93); status: NEW; exit: -; error: -; workDir: /Users/skd6150/Documents/Research/CBI/iModulon_Ctherm/iModulonMiner/2_process_data/work/81/8eb8b3174b7b63e1be20c8fa0e9ffb]
~> TaskHandler[id: 96; name: download_fastq (94); status: NEW; exit: -; error: -; workDir: /Users/skd6150/Documents/Research/CBI/iModulon_Ctherm/iModulonMiner/2_process_data/work/2f/a781ef06535e9d78db8b375c3b388d]
~> TaskHandler[id: 92; name: download_fastq (90); status: NEW; exit: -; error: -; workDir: /Users/skd6150/Documents/Research/CBI/iModulon_Ctherm/iModulonMiner/2_process_data/work/4e/cbce247f5ecaf84d4f600d718e8367]
~> TaskHandler[id: 93; name: download_fastq (91); status: NEW; exit: -; error: -; workDir: /Users/skd6150/Documents/Research/CBI/iModulon_Ctherm/iModulonMiner/2_process_data/work/02/2c3e8b797a5f6c4c484aef3994c79e]
~> TaskHandler[id: 97; name: download_fastq (95); status: NEW; exit: -; error: -; workDir: /Users/skd6150/Documents/Research/CBI/iModulon_Ctherm/iModulonMiner/2_process_data/work/61/921d583b3d227e13e3d694c409ee2a]
~> TaskHandler[id: 94; name: download_fastq (92); status: NEW; exit: -; error: -; workDir: /Users/skd6150/Documents/Research/CBI/iModulon_Ctherm/iModulonMiner/2_process_data/work/22/05962c9e746b8daf9d18aa05240e6c]
~> TaskHandler[id: 90; name: download_fastq (88); status: NEW; exit: -; error: -; workDir: /Users/skd6150/Documents/Research/CBI/iModulon_Ctherm/iModulonMiner/2_process_data/work/83/8f3f3c1db60b1482b1c61cec31f294]
~> TaskHandler[id: 99; name: download_fastq (97); status: NEW; exit: -; error: -; workDir: /Users/skd6150/Documents/Research/CBI/iModulon_Ctherm/iModulonMiner/2_process_data/work/1f/cc58ba7a7f6bea6ec87ac3d80dc3bf]
.. remaining tasks omitted.
Mar-25 19:39:25.975 [Task monitor] DEBUG n.processor.TaskPollingMonitor - Task completed > TaskHandler[id: 87; name: download_fastq (85); status: COMPLETED; exit: 0; error: -; workDir: /Users/skd6150/Documents/Research/CBI/iModulon_Ctherm/iModulonMiner/2_process_data/work/c3/9904aba5d0bb0c05dcaf10b70c692e]
Mar-25 19:39:25.996 [Task submitter] DEBUG n.executor.local.LocalTaskHandler - Launch cmd line: /bin/bash -ue .command.run
Mar-25 19:39:25.997 [Task submitter] INFO  nextflow.Session - [fa/e8aa63] Submitted process > download_fastq (87)
Mar-25 19:42:57.874 [Task monitor] DEBUG n.processor.TaskPollingMonitor - !! executor local > tasks to be completed: 1 -- submitted tasks are shown below
~> TaskHandler[id: 89; name: download_fastq (87); status: RUNNING; exit: -; error: -; workDir: /Users/skd6150/Documents/Research/CBI/iModulon_Ctherm/iModulonMiner/2_process_data/work/fa/e8aa63db3e22f557d010a58cc4d06d]
Mar-25 19:43:41.870 [Task submitter] DEBUG n.processor.TaskPollingMonitor - %% executor local > tasks in the submission queue: 375 -- tasks to be submitted are shown below
~> TaskHandler[id: 91; name: download_fastq (89); status: NEW; exit: -; error: -; workDir: /Users/skd6150/Documents/Research/CBI/iModulon_Ctherm/iModulonMiner/2_process_data/work/c2/2724e22ce1ae030e5877a144d9a34c]
~> TaskHandler[id: 95; name: download_fastq (93); status: NEW; exit: -; error: -; workDir: /Users/skd6150/Documents/Research/CBI/iModulon_Ctherm/iModulonMiner/2_process_data/work/81/8eb8b3174b7b63e1be20c8fa0e9ffb]
~> TaskHandler[id: 96; name: download_fastq (94); status: NEW; exit: -; error: -; workDir: /Users/skd6150/Documents/Research/CBI/iModulon_Ctherm/iModulonMiner/2_process_data/work/2f/a781ef06535e9d78db8b375c3b388d]
~> TaskHandler[id: 92; name: download_fastq (90); status: NEW; exit: -; error: -; workDir: /Users/skd6150/Documents/Research/CBI/iModulon_Ctherm/iModulonMiner/2_process_data/work/4e/cbce247f5ecaf84d4f600d718e8367]
~> TaskHandler[id: 93; name: download_fastq (91); status: NEW; exit: -; error: -; workDir: /Users/skd6150/Documents/Research/CBI/iModulon_Ctherm/iModulonMiner/2_process_data/work/02/2c3e8b797a5f6c4c484aef3994c79e]
~> TaskHandler[id: 97; name: download_fastq (95); status: NEW; exit: -; error: -; workDir: /Users/skd6150/Documents/Research/CBI/iModulon_Ctherm/iModulonMiner/2_process_data/work/61/921d583b3d227e13e3d694c409ee2a]
~> TaskHandler[id: 94; name: download_fastq (92); status: NEW; exit: -; error: -; workDir: /Users/skd6150/Documents/Research/CBI/iModulon_Ctherm/iModulonMiner/2_process_data/work/22/05962c9e746b8daf9d18aa05240e6c]
~> TaskHandler[id: 90; name: download_fastq (88); status: NEW; exit: -; error: -; workDir: /Users/skd6150/Documents/Research/CBI/iModulon_Ctherm/iModulonMiner/2_process_data/work/83/8f3f3c1db60b1482b1c61cec31f294]
~> TaskHandler[id: 99; name: download_fastq (97); status: NEW; exit: -; error: -; workDir: /Users/skd6150/Documents/Research/CBI/iModulon_Ctherm/iModulonMiner/2_process_data/work/1f/cc58ba7a7f6bea6ec87ac3d80dc3bf]
~> TaskHandler[id: 102; name: download_fastq (100); status: NEW; exit: -; error: -; workDir: /Users/skd6150/Documents/Research/CBI/iModulon_Ctherm/iModulonMiner/2_process_data/work/93/78f993f41f72aed38bb842061d3a10]
.. remaining tasks omitted.
Mar-25 19:47:57.968 [Task monitor] DEBUG n.processor.TaskPollingMonitor - !! executor local > tasks to be completed: 1 -- submitted tasks are shown below
~> TaskHandler[id: 89; name: download_fastq (87); status: RUNNING; exit: -; error: -; workDir: /Users/skd6150/Documents/Research/CBI/iModulon_Ctherm/iModulonMiner/2_process_data/work/fa/e8aa63db3e22f557d010a58cc4d06d]
Mar-25 19:48:42.876 [Task submitter] DEBUG n.processor.TaskPollingMonitor - %% executor local > tasks in the submission queue: 375 -- tasks to be submitted are shown below
~> TaskHandler[id: 91; name: download_fastq (89); status: NEW; exit: -; error: -; workDir: /Users/skd6150/Documents/Research/CBI/iModulon_Ctherm/iModulonMiner/2_process_data/work/c2/2724e22ce1ae030e5877a144d9a34c]
~> TaskHandler[id: 95; name: download_fastq (93); status: NEW; exit: -; error: -; workDir: /Users/skd6150/Documents/Research/CBI/iModulon_Ctherm/iModulonMiner/2_process_data/work/81/8eb8b3174b7b63e1be20c8fa0e9ffb]
~> TaskHandler[id: 96; name: download_fastq (94); status: NEW; exit: -; error: -; workDir: /Users/skd6150/Documents/Research/CBI/iModulon_Ctherm/iModulonMiner/2_process_data/work/2f/a781ef06535e9d78db8b375c3b388d]
~> TaskHandler[id: 92; name: download_fastq (90); status: NEW; exit: -; error: -; workDir: /Users/skd6150/Documents/Research/CBI/iModulon_Ctherm/iModulonMiner/2_process_data/work/4e/cbce247f5ecaf84d4f600d718e8367]
~> TaskHandler[id: 93; name: download_fastq (91); status: NEW; exit: -; error: -; workDir: /Users/skd6150/Documents/Research/CBI/iModulon_Ctherm/iModulonMiner/2_process_data/work/02/2c3e8b797a5f6c4c484aef3994c79e]
~> TaskHandler[id: 97; name: download_fastq (95); status: NEW; exit: -; error: -; workDir: /Users/skd6150/Documents/Research/CBI/iModulon_Ctherm/iModulonMiner/2_process_data/work/61/921d583b3d227e13e3d694c409ee2a]
~> TaskHandler[id: 94; name: download_fastq (92); status: NEW; exit: -; error: -; workDir: /Users/skd6150/Documents/Research/CBI/iModulon_Ctherm/iModulonMiner/2_process_data/work/22/05962c9e746b8daf9d18aa05240e6c]
~> TaskHandler[id: 90; name: download_fastq (88); status: NEW; exit: -; error: -; workDir: /Users/skd6150/Documents/Research/CBI/iModulon_Ctherm/iModulonMiner/2_process_data/work/83/8f3f3c1db60b1482b1c61cec31f294]
~> TaskHandler[id: 99; name: download_fastq (97); status: NEW; exit: -; error: -; workDir: /Users/skd6150/Documents/Research/CBI/iModulon_Ctherm/iModulonMiner/2_process_data/work/1f/cc58ba7a7f6bea6ec87ac3d80dc3bf]
~> TaskHandler[id: 102; name: download_fastq (100); status: NEW; exit: -; error: -; workDir: /Users/skd6150/Documents/Research/CBI/iModulon_Ctherm/iModulonMiner/2_process_data/work/93/78f993f41f72aed38bb842061d3a10]
.. remaining tasks omitted.
Mar-25 19:52:58.018 [Task monitor] DEBUG n.processor.TaskPollingMonitor - !! executor local > tasks to be completed: 1 -- submitted tasks are shown below
~> TaskHandler[id: 89; name: download_fastq (87); status: RUNNING; exit: -; error: -; workDir: /Users/skd6150/Documents/Research/CBI/iModulon_Ctherm/iModulonMiner/2_process_data/work/fa/e8aa63db3e22f557d010a58cc4d06d]
Mar-25 19:53:43.861 [Task submitter] DEBUG n.processor.TaskPollingMonitor - %% executor local > tasks in the submission queue: 375 -- tasks to be submitted are shown below
~> TaskHandler[id: 91; name: download_fastq (89); status: NEW; exit: -; error: -; workDir: /Users/skd6150/Documents/Research/CBI/iModulon_Ctherm/iModulonMiner/2_process_data/work/c2/2724e22ce1ae030e5877a144d9a34c]
~> TaskHandler[id: 95; name: download_fastq (93); status: NEW; exit: -; error: -; workDir: /Users/skd6150/Documents/Research/CBI/iModulon_Ctherm/iModulonMiner/2_process_data/work/81/8eb8b3174b7b63e1be20c8fa0e9ffb]
~> TaskHandler[id: 96; name: download_fastq (94); status: NEW; exit: -; error: -; workDir: /Users/skd6150/Documents/Research/CBI/iModulon_Ctherm/iModulonMiner/2_process_data/work/2f/a781ef06535e9d78db8b375c3b388d]
~> TaskHandler[id: 92; name: download_fastq (90); status: NEW; exit: -; error: -; workDir: /Users/skd6150/Documents/Research/CBI/iModulon_Ctherm/iModulonMiner/2_process_data/work/4e/cbce247f5ecaf84d4f600d718e8367]
~> TaskHandler[id: 93; name: download_fastq (91); status: NEW; exit: -; error: -; workDir: /Users/skd6150/Documents/Research/CBI/iModulon_Ctherm/iModulonMiner/2_process_data/work/02/2c3e8b797a5f6c4c484aef3994c79e]
~> TaskHandler[id: 97; name: download_fastq (95); status: NEW; exit: -; error: -; workDir: /Users/skd6150/Documents/Research/CBI/iModulon_Ctherm/iModulonMiner/2_process_data/work/61/921d583b3d227e13e3d694c409ee2a]
~> TaskHandler[id: 94; name: download_fastq (92); status: NEW; exit: -; error: -; workDir: /Users/skd6150/Documents/Research/CBI/iModulon_Ctherm/iModulonMiner/2_process_data/work/22/05962c9e746b8daf9d18aa05240e6c]
~> TaskHandler[id: 90; name: download_fastq (88); status: NEW; exit: -; error: -; workDir: /Users/skd6150/Documents/Research/CBI/iModulon_Ctherm/iModulonMiner/2_process_data/work/83/8f3f3c1db60b1482b1c61cec31f294]
~> TaskHandler[id: 99; name: download_fastq (97); status: NEW; exit: -; error: -; workDir: /Users/skd6150/Documents/Research/CBI/iModulon_Ctherm/iModulonMiner/2_process_data/work/1f/cc58ba7a7f6bea6ec87ac3d80dc3bf]
~> TaskHandler[id: 102; name: download_fastq (100); status: NEW; exit: -; error: -; workDir: /Users/skd6150/Documents/Research/CBI/iModulon_Ctherm/iModulonMiner/2_process_data/work/93/78f993f41f72aed38bb842061d3a10]
.. remaining tasks omitted.
Mar-25 19:57:58.097 [Task monitor] DEBUG n.processor.TaskPollingMonitor - !! executor local > tasks to be completed: 1 -- submitted tasks are shown below
~> TaskHandler[id: 89; name: download_fastq (87); status: RUNNING; exit: -; error: -; workDir: /Users/skd6150/Documents/Research/CBI/iModulon_Ctherm/iModulonMiner/2_process_data/work/fa/e8aa63db3e22f557d010a58cc4d06d]
Mar-25 19:58:44.818 [Task submitter] DEBUG n.processor.TaskPollingMonitor - %% executor local > tasks in the submission queue: 375 -- tasks to be submitted are shown below
~> TaskHandler[id: 91; name: download_fastq (89); status: NEW; exit: -; error: -; workDir: /Users/skd6150/Documents/Research/CBI/iModulon_Ctherm/iModulonMiner/2_process_data/work/c2/2724e22ce1ae030e5877a144d9a34c]
~> TaskHandler[id: 95; name: download_fastq (93); status: NEW; exit: -; error: -; workDir: /Users/skd6150/Documents/Research/CBI/iModulon_Ctherm/iModulonMiner/2_process_data/work/81/8eb8b3174b7b63e1be20c8fa0e9ffb]
~> TaskHandler[id: 96; name: download_fastq (94); status: NEW; exit: -; error: -; workDir: /Users/skd6150/Documents/Research/CBI/iModulon_Ctherm/iModulonMiner/2_process_data/work/2f/a781ef06535e9d78db8b375c3b388d]
~> TaskHandler[id: 92; name: download_fastq (90); status: NEW; exit: -; error: -; workDir: /Users/skd6150/Documents/Research/CBI/iModulon_Ctherm/iModulonMiner/2_process_data/work/4e/cbce247f5ecaf84d4f600d718e8367]
~> TaskHandler[id: 93; name: download_fastq (91); status: NEW; exit: -; error: -; workDir: /Users/skd6150/Documents/Research/CBI/iModulon_Ctherm/iModulonMiner/2_process_data/work/02/2c3e8b797a5f6c4c484aef3994c79e]
~> TaskHandler[id: 97; name: download_fastq (95); status: NEW; exit: -; error: -; workDir: /Users/skd6150/Documents/Research/CBI/iModulon_Ctherm/iModulonMiner/2_process_data/work/61/921d583b3d227e13e3d694c409ee2a]
~> TaskHandler[id: 94; name: download_fastq (92); status: NEW; exit: -; error: -; workDir: /Users/skd6150/Documents/Research/CBI/iModulon_Ctherm/iModulonMiner/2_process_data/work/22/05962c9e746b8daf9d18aa05240e6c]
~> TaskHandler[id: 90; name: download_fastq (88); status: NEW; exit: -; error: -; workDir: /Users/skd6150/Documents/Research/CBI/iModulon_Ctherm/iModulonMiner/2_process_data/work/83/8f3f3c1db60b1482b1c61cec31f294]
~> TaskHandler[id: 99; name: download_fastq (97); status: NEW; exit: -; error: -; workDir: /Users/skd6150/Documents/Research/CBI/iModulon_Ctherm/iModulonMiner/2_process_data/work/1f/cc58ba7a7f6bea6ec87ac3d80dc3bf]
~> TaskHandler[id: 102; name: download_fastq (100); status: NEW; exit: -; error: -; workDir: /Users/skd6150/Documents/Research/CBI/iModulon_Ctherm/iModulonMiner/2_process_data/work/93/78f993f41f72aed38bb842061d3a10]
.. remaining tasks omitted.
Mar-25 20:02:58.191 [Task monitor] DEBUG n.processor.TaskPollingMonitor - !! executor local > tasks to be completed: 1 -- submitted tasks are shown below
~> TaskHandler[id: 89; name: download_fastq (87); status: RUNNING; exit: -; error: -; workDir: /Users/skd6150/Documents/Research/CBI/iModulon_Ctherm/iModulonMiner/2_process_data/work/fa/e8aa63db3e22f557d010a58cc4d06d]
Mar-25 20:03:45.502 [Task submitter] DEBUG n.processor.TaskPollingMonitor - %% executor local > tasks in the submission queue: 375 -- tasks to be submitted are shown below
~> TaskHandler[id: 91; name: download_fastq (89); status: NEW; exit: -; error: -; workDir: /Users/skd6150/Documents/Research/CBI/iModulon_Ctherm/iModulonMiner/2_process_data/work/c2/2724e22ce1ae030e5877a144d9a34c]
~> TaskHandler[id: 95; name: download_fastq (93); status: NEW; exit: -; error: -; workDir: /Users/skd6150/Documents/Research/CBI/iModulon_Ctherm/iModulonMiner/2_process_data/work/81/8eb8b3174b7b63e1be20c8fa0e9ffb]
~> TaskHandler[id: 96; name: download_fastq (94); status: NEW; exit: -; error: -; workDir: /Users/skd6150/Documents/Research/CBI/iModulon_Ctherm/iModulonMiner/2_process_data/work/2f/a781ef06535e9d78db8b375c3b388d]
~> TaskHandler[id: 92; name: download_fastq (90); status: NEW; exit: -; error: -; workDir: /Users/skd6150/Documents/Research/CBI/iModulon_Ctherm/iModulonMiner/2_process_data/work/4e/cbce247f5ecaf84d4f600d718e8367]
~> TaskHandler[id: 93; name: download_fastq (91); status: NEW; exit: -; error: -; workDir: /Users/skd6150/Documents/Research/CBI/iModulon_Ctherm/iModulonMiner/2_process_data/work/02/2c3e8b797a5f6c4c484aef3994c79e]
~> TaskHandler[id: 97; name: download_fastq (95); status: NEW; exit: -; error: -; workDir: /Users/skd6150/Documents/Research/CBI/iModulon_Ctherm/iModulonMiner/2_process_data/work/61/921d583b3d227e13e3d694c409ee2a]
~> TaskHandler[id: 94; name: download_fastq (92); status: NEW; exit: -; error: -; workDir: /Users/skd6150/Documents/Research/CBI/iModulon_Ctherm/iModulonMiner/2_process_data/work/22/05962c9e746b8daf9d18aa05240e6c]
~> TaskHandler[id: 90; name: download_fastq (88); status: NEW; exit: -; error: -; workDir: /Users/skd6150/Documents/Research/CBI/iModulon_Ctherm/iModulonMiner/2_process_data/work/83/8f3f3c1db60b1482b1c61cec31f294]
~> TaskHandler[id: 99; name: download_fastq (97); status: NEW; exit: -; error: -; workDir: /Users/skd6150/Documents/Research/CBI/iModulon_Ctherm/iModulonMiner/2_process_data/work/1f/cc58ba7a7f6bea6ec87ac3d80dc3bf]
~> TaskHandler[id: 102; name: download_fastq (100); status: NEW; exit: -; error: -; workDir: /Users/skd6150/Documents/Research/CBI/iModulon_Ctherm/iModulonMiner/2_process_data/work/93/78f993f41f72aed38bb842061d3a10]
.. remaining tasks omitted.
Mar-25 20:07:58.266 [Task monitor] DEBUG n.processor.TaskPollingMonitor - !! executor local > tasks to be completed: 1 -- submitted tasks are shown below
~> TaskHandler[id: 89; name: download_fastq (87); status: RUNNING; exit: -; error: -; workDir: /Users/skd6150/Documents/Research/CBI/iModulon_Ctherm/iModulonMiner/2_process_data/work/fa/e8aa63db3e22f557d010a58cc4d06d]
Mar-25 20:08:45.537 [Task submitter] DEBUG n.processor.TaskPollingMonitor - %% executor local > tasks in the submission queue: 375 -- tasks to be submitted are shown below
~> TaskHandler[id: 91; name: download_fastq (89); status: NEW; exit: -; error: -; workDir: /Users/skd6150/Documents/Research/CBI/iModulon_Ctherm/iModulonMiner/2_process_data/work/c2/2724e22ce1ae030e5877a144d9a34c]
~> TaskHandler[id: 95; name: download_fastq (93); status: NEW; exit: -; error: -; workDir: /Users/skd6150/Documents/Research/CBI/iModulon_Ctherm/iModulonMiner/2_process_data/work/81/8eb8b3174b7b63e1be20c8fa0e9ffb]
~> TaskHandler[id: 96; name: download_fastq (94); status: NEW; exit: -; error: -; workDir: /Users/skd6150/Documents/Research/CBI/iModulon_Ctherm/iModulonMiner/2_process_data/work/2f/a781ef06535e9d78db8b375c3b388d]
~> TaskHandler[id: 92; name: download_fastq (90); status: NEW; exit: -; error: -; workDir: /Users/skd6150/Documents/Research/CBI/iModulon_Ctherm/iModulonMiner/2_process_data/work/4e/cbce247f5ecaf84d4f600d718e8367]
~> TaskHandler[id: 93; name: download_fastq (91); status: NEW; exit: -; error: -; workDir: /Users/skd6150/Documents/Research/CBI/iModulon_Ctherm/iModulonMiner/2_process_data/work/02/2c3e8b797a5f6c4c484aef3994c79e]
~> TaskHandler[id: 97; name: download_fastq (95); status: NEW; exit: -; error: -; workDir: /Users/skd6150/Documents/Research/CBI/iModulon_Ctherm/iModulonMiner/2_process_data/work/61/921d583b3d227e13e3d694c409ee2a]
~> TaskHandler[id: 94; name: download_fastq (92); status: NEW; exit: -; error: -; workDir: /Users/skd6150/Documents/Research/CBI/iModulon_Ctherm/iModulonMiner/2_process_data/work/22/05962c9e746b8daf9d18aa05240e6c]
~> TaskHandler[id: 90; name: download_fastq (88); status: NEW; exit: -; error: -; workDir: /Users/skd6150/Documents/Research/CBI/iModulon_Ctherm/iModulonMiner/2_process_data/work/83/8f3f3c1db60b1482b1c61cec31f294]
~> TaskHandler[id: 99; name: download_fastq (97); status: NEW; exit: -; error: -; workDir: /Users/skd6150/Documents/Research/CBI/iModulon_Ctherm/iModulonMiner/2_process_data/work/1f/cc58ba7a7f6bea6ec87ac3d80dc3bf]
~> TaskHandler[id: 102; name: download_fastq (100); status: NEW; exit: -; error: -; workDir: /Users/skd6150/Documents/Research/CBI/iModulon_Ctherm/iModulonMiner/2_process_data/work/93/78f993f41f72aed38bb842061d3a10]
.. remaining tasks omitted.
Mar-25 20:11:19.102 [Task monitor] DEBUG n.processor.TaskPollingMonitor - Task completed > TaskHandler[id: 89; name: download_fastq (87); status: COMPLETED; exit: 0; error: -; workDir: /Users/skd6150/Documents/Research/CBI/iModulon_Ctherm/iModulonMiner/2_process_data/work/fa/e8aa63db3e22f557d010a58cc4d06d]
Mar-25 20:11:19.134 [Task submitter] DEBUG n.executor.local.LocalTaskHandler - Launch cmd line: /bin/bash -ue .command.run
Mar-25 20:11:19.134 [Task submitter] INFO  nextflow.Session - [c2/2724e2] Submitted process > download_fastq (89)
Mar-25 20:12:58.314 [Task monitor] DEBUG n.processor.TaskPollingMonitor - !! executor local > tasks to be completed: 1 -- submitted tasks are shown below
~> TaskHandler[id: 91; name: download_fastq (89); status: RUNNING; exit: -; error: -; workDir: /Users/skd6150/Documents/Research/CBI/iModulon_Ctherm/iModulonMiner/2_process_data/work/c2/2724e22ce1ae030e5877a144d9a34c]
Mar-25 20:13:46.117 [Task submitter] DEBUG n.processor.TaskPollingMonitor - %% executor local > tasks in the submission queue: 375 -- tasks to be submitted are shown below
~> TaskHandler[id: 95; name: download_fastq (93); status: NEW; exit: -; error: -; workDir: /Users/skd6150/Documents/Research/CBI/iModulon_Ctherm/iModulonMiner/2_process_data/work/81/8eb8b3174b7b63e1be20c8fa0e9ffb]
~> TaskHandler[id: 96; name: download_fastq (94); status: NEW; exit: -; error: -; workDir: /Users/skd6150/Documents/Research/CBI/iModulon_Ctherm/iModulonMiner/2_process_data/work/2f/a781ef06535e9d78db8b375c3b388d]
~> TaskHandler[id: 92; name: download_fastq (90); status: NEW; exit: -; error: -; workDir: /Users/skd6150/Documents/Research/CBI/iModulon_Ctherm/iModulonMiner/2_process_data/work/4e/cbce247f5ecaf84d4f600d718e8367]
~> TaskHandler[id: 93; name: download_fastq (91); status: NEW; exit: -; error: -; workDir: /Users/skd6150/Documents/Research/CBI/iModulon_Ctherm/iModulonMiner/2_process_data/work/02/2c3e8b797a5f6c4c484aef3994c79e]
~> TaskHandler[id: 97; name: download_fastq (95); status: NEW; exit: -; error: -; workDir: /Users/skd6150/Documents/Research/CBI/iModulon_Ctherm/iModulonMiner/2_process_data/work/61/921d583b3d227e13e3d694c409ee2a]
~> TaskHandler[id: 94; name: download_fastq (92); status: NEW; exit: -; error: -; workDir: /Users/skd6150/Documents/Research/CBI/iModulon_Ctherm/iModulonMiner/2_process_data/work/22/05962c9e746b8daf9d18aa05240e6c]
~> TaskHandler[id: 90; name: download_fastq (88); status: NEW; exit: -; error: -; workDir: /Users/skd6150/Documents/Research/CBI/iModulon_Ctherm/iModulonMiner/2_process_data/work/83/8f3f3c1db60b1482b1c61cec31f294]
~> TaskHandler[id: 99; name: download_fastq (97); status: NEW; exit: -; error: -; workDir: /Users/skd6150/Documents/Research/CBI/iModulon_Ctherm/iModulonMiner/2_process_data/work/1f/cc58ba7a7f6bea6ec87ac3d80dc3bf]
~> TaskHandler[id: 102; name: download_fastq (100); status: NEW; exit: -; error: -; workDir: /Users/skd6150/Documents/Research/CBI/iModulon_Ctherm/iModulonMiner/2_process_data/work/93/78f993f41f72aed38bb842061d3a10]
~> TaskHandler[id: 98; name: download_fastq (96); status: NEW; exit: -; error: -; workDir: /Users/skd6150/Documents/Research/CBI/iModulon_Ctherm/iModulonMiner/2_process_data/work/cb/b46270f68d653ec50ac6ff797055aa]
.. remaining tasks omitted.
Mar-25 20:17:58.344 [Task monitor] DEBUG n.processor.TaskPollingMonitor - !! executor local > tasks to be completed: 1 -- submitted tasks are shown below
~> TaskHandler[id: 91; name: download_fastq (89); status: RUNNING; exit: -; error: -; workDir: /Users/skd6150/Documents/Research/CBI/iModulon_Ctherm/iModulonMiner/2_process_data/work/c2/2724e22ce1ae030e5877a144d9a34c]
Mar-25 20:18:46.294 [Task submitter] DEBUG n.processor.TaskPollingMonitor - %% executor local > tasks in the submission queue: 375 -- tasks to be submitted are shown below
~> TaskHandler[id: 95; name: download_fastq (93); status: NEW; exit: -; error: -; workDir: /Users/skd6150/Documents/Research/CBI/iModulon_Ctherm/iModulonMiner/2_process_data/work/81/8eb8b3174b7b63e1be20c8fa0e9ffb]
~> TaskHandler[id: 96; name: download_fastq (94); status: NEW; exit: -; error: -; workDir: /Users/skd6150/Documents/Research/CBI/iModulon_Ctherm/iModulonMiner/2_process_data/work/2f/a781ef06535e9d78db8b375c3b388d]
~> TaskHandler[id: 92; name: download_fastq (90); status: NEW; exit: -; error: -; workDir: /Users/skd6150/Documents/Research/CBI/iModulon_Ctherm/iModulonMiner/2_process_data/work/4e/cbce247f5ecaf84d4f600d718e8367]
~> TaskHandler[id: 93; name: download_fastq (91); status: NEW; exit: -; error: -; workDir: /Users/skd6150/Documents/Research/CBI/iModulon_Ctherm/iModulonMiner/2_process_data/work/02/2c3e8b797a5f6c4c484aef3994c79e]
~> TaskHandler[id: 97; name: download_fastq (95); status: NEW; exit: -; error: -; workDir: /Users/skd6150/Documents/Research/CBI/iModulon_Ctherm/iModulonMiner/2_process_data/work/61/921d583b3d227e13e3d694c409ee2a]
~> TaskHandler[id: 94; name: download_fastq (92); status: NEW; exit: -; error: -; workDir: /Users/skd6150/Documents/Research/CBI/iModulon_Ctherm/iModulonMiner/2_process_data/work/22/05962c9e746b8daf9d18aa05240e6c]
~> TaskHandler[id: 90; name: download_fastq (88); status: NEW; exit: -; error: -; workDir: /Users/skd6150/Documents/Research/CBI/iModulon_Ctherm/iModulonMiner/2_process_data/work/83/8f3f3c1db60b1482b1c61cec31f294]
~> TaskHandler[id: 99; name: download_fastq (97); status: NEW; exit: -; error: -; workDir: /Users/skd6150/Documents/Research/CBI/iModulon_Ctherm/iModulonMiner/2_process_data/work/1f/cc58ba7a7f6bea6ec87ac3d80dc3bf]
~> TaskHandler[id: 102; name: download_fastq (100); status: NEW; exit: -; error: -; workDir: /Users/skd6150/Documents/Research/CBI/iModulon_Ctherm/iModulonMiner/2_process_data/work/93/78f993f41f72aed38bb842061d3a10]
~> TaskHandler[id: 98; name: download_fastq (96); status: NEW; exit: -; error: -; workDir: /Users/skd6150/Documents/Research/CBI/iModulon_Ctherm/iModulonMiner/2_process_data/work/cb/b46270f68d653ec50ac6ff797055aa]
.. remaining tasks omitted.
Mar-25 20:22:58.349 [Task monitor] DEBUG n.processor.TaskPollingMonitor - !! executor local > tasks to be completed: 1 -- submitted tasks are shown below
~> TaskHandler[id: 91; name: download_fastq (89); status: RUNNING; exit: -; error: -; workDir: /Users/skd6150/Documents/Research/CBI/iModulon_Ctherm/iModulonMiner/2_process_data/work/c2/2724e22ce1ae030e5877a144d9a34c]
Mar-25 20:23:46.556 [Task submitter] DEBUG n.processor.TaskPollingMonitor - %% executor local > tasks in the submission queue: 375 -- tasks to be submitted are shown below
~> TaskHandler[id: 95; name: download_fastq (93); status: NEW; exit: -; error: -; workDir: /Users/skd6150/Documents/Research/CBI/iModulon_Ctherm/iModulonMiner/2_process_data/work/81/8eb8b3174b7b63e1be20c8fa0e9ffb]
~> TaskHandler[id: 96; name: download_fastq (94); status: NEW; exit: -; error: -; workDir: /Users/skd6150/Documents/Research/CBI/iModulon_Ctherm/iModulonMiner/2_process_data/work/2f/a781ef06535e9d78db8b375c3b388d]
~> TaskHandler[id: 92; name: download_fastq (90); status: NEW; exit: -; error: -; workDir: /Users/skd6150/Documents/Research/CBI/iModulon_Ctherm/iModulonMiner/2_process_data/work/4e/cbce247f5ecaf84d4f600d718e8367]
~> TaskHandler[id: 93; name: download_fastq (91); status: NEW; exit: -; error: -; workDir: /Users/skd6150/Documents/Research/CBI/iModulon_Ctherm/iModulonMiner/2_process_data/work/02/2c3e8b797a5f6c4c484aef3994c79e]
~> TaskHandler[id: 97; name: download_fastq (95); status: NEW; exit: -; error: -; workDir: /Users/skd6150/Documents/Research/CBI/iModulon_Ctherm/iModulonMiner/2_process_data/work/61/921d583b3d227e13e3d694c409ee2a]
~> TaskHandler[id: 94; name: download_fastq (92); status: NEW; exit: -; error: -; workDir: /Users/skd6150/Documents/Research/CBI/iModulon_Ctherm/iModulonMiner/2_process_data/work/22/05962c9e746b8daf9d18aa05240e6c]
~> TaskHandler[id: 90; name: download_fastq (88); status: NEW; exit: -; error: -; workDir: /Users/skd6150/Documents/Research/CBI/iModulon_Ctherm/iModulonMiner/2_process_data/work/83/8f3f3c1db60b1482b1c61cec31f294]
~> TaskHandler[id: 99; name: download_fastq (97); status: NEW; exit: -; error: -; workDir: /Users/skd6150/Documents/Research/CBI/iModulon_Ctherm/iModulonMiner/2_process_data/work/1f/cc58ba7a7f6bea6ec87ac3d80dc3bf]
~> TaskHandler[id: 102; name: download_fastq (100); status: NEW; exit: -; error: -; workDir: /Users/skd6150/Documents/Research/CBI/iModulon_Ctherm/iModulonMiner/2_process_data/work/93/78f993f41f72aed38bb842061d3a10]
~> TaskHandler[id: 98; name: download_fastq (96); status: NEW; exit: -; error: -; workDir: /Users/skd6150/Documents/Research/CBI/iModulon_Ctherm/iModulonMiner/2_process_data/work/cb/b46270f68d653ec50ac6ff797055aa]
.. remaining tasks omitted.
Mar-25 20:27:58.371 [Task monitor] DEBUG n.processor.TaskPollingMonitor - !! executor local > tasks to be completed: 1 -- submitted tasks are shown below
~> TaskHandler[id: 91; name: download_fastq (89); status: RUNNING; exit: -; error: -; workDir: /Users/skd6150/Documents/Research/CBI/iModulon_Ctherm/iModulonMiner/2_process_data/work/c2/2724e22ce1ae030e5877a144d9a34c]
Mar-25 20:28:46.872 [Task submitter] DEBUG n.processor.TaskPollingMonitor - %% executor local > tasks in the submission queue: 375 -- tasks to be submitted are shown below
~> TaskHandler[id: 95; name: download_fastq (93); status: NEW; exit: -; error: -; workDir: /Users/skd6150/Documents/Research/CBI/iModulon_Ctherm/iModulonMiner/2_process_data/work/81/8eb8b3174b7b63e1be20c8fa0e9ffb]
~> TaskHandler[id: 96; name: download_fastq (94); status: NEW; exit: -; error: -; workDir: /Users/skd6150/Documents/Research/CBI/iModulon_Ctherm/iModulonMiner/2_process_data/work/2f/a781ef06535e9d78db8b375c3b388d]
~> TaskHandler[id: 92; name: download_fastq (90); status: NEW; exit: -; error: -; workDir: /Users/skd6150/Documents/Research/CBI/iModulon_Ctherm/iModulonMiner/2_process_data/work/4e/cbce247f5ecaf84d4f600d718e8367]
~> TaskHandler[id: 93; name: download_fastq (91); status: NEW; exit: -; error: -; workDir: /Users/skd6150/Documents/Research/CBI/iModulon_Ctherm/iModulonMiner/2_process_data/work/02/2c3e8b797a5f6c4c484aef3994c79e]
~> TaskHandler[id: 97; name: download_fastq (95); status: NEW; exit: -; error: -; workDir: /Users/skd6150/Documents/Research/CBI/iModulon_Ctherm/iModulonMiner/2_process_data/work/61/921d583b3d227e13e3d694c409ee2a]
~> TaskHandler[id: 94; name: download_fastq (92); status: NEW; exit: -; error: -; workDir: /Users/skd6150/Documents/Research/CBI/iModulon_Ctherm/iModulonMiner/2_process_data/work/22/05962c9e746b8daf9d18aa05240e6c]
~> TaskHandler[id: 90; name: download_fastq (88); status: NEW; exit: -; error: -; workDir: /Users/skd6150/Documents/Research/CBI/iModulon_Ctherm/iModulonMiner/2_process_data/work/83/8f3f3c1db60b1482b1c61cec31f294]
~> TaskHandler[id: 99; name: download_fastq (97); status: NEW; exit: -; error: -; workDir: /Users/skd6150/Documents/Research/CBI/iModulon_Ctherm/iModulonMiner/2_process_data/work/1f/cc58ba7a7f6bea6ec87ac3d80dc3bf]
~> TaskHandler[id: 102; name: download_fastq (100); status: NEW; exit: -; error: -; workDir: /Users/skd6150/Documents/Research/CBI/iModulon_Ctherm/iModulonMiner/2_process_data/work/93/78f993f41f72aed38bb842061d3a10]
~> TaskHandler[id: 98; name: download_fastq (96); status: NEW; exit: -; error: -; workDir: /Users/skd6150/Documents/Research/CBI/iModulon_Ctherm/iModulonMiner/2_process_data/work/cb/b46270f68d653ec50ac6ff797055aa]
.. remaining tasks omitted.
Mar-25 20:31:57.555 [Task monitor] DEBUG n.processor.TaskPollingMonitor - Task completed > TaskHandler[id: 91; name: download_fastq (89); status: COMPLETED; exit: 0; error: -; workDir: /Users/skd6150/Documents/Research/CBI/iModulon_Ctherm/iModulonMiner/2_process_data/work/c2/2724e22ce1ae030e5877a144d9a34c]
Mar-25 20:31:57.578 [Task submitter] DEBUG n.executor.local.LocalTaskHandler - Launch cmd line: /bin/bash -ue .command.run
Mar-25 20:31:57.579 [Task submitter] INFO  nextflow.Session - [81/8eb8b3] Submitted process > download_fastq (93)
Mar-25 20:32:58.389 [Task monitor] DEBUG n.processor.TaskPollingMonitor - !! executor local > tasks to be completed: 1 -- submitted tasks are shown below
~> TaskHandler[id: 95; name: download_fastq (93); status: RUNNING; exit: -; error: -; workDir: /Users/skd6150/Documents/Research/CBI/iModulon_Ctherm/iModulonMiner/2_process_data/work/81/8eb8b3174b7b63e1be20c8fa0e9ffb]
Mar-25 20:33:47.419 [Task submitter] DEBUG n.processor.TaskPollingMonitor - %% executor local > tasks in the submission queue: 375 -- tasks to be submitted are shown below
~> TaskHandler[id: 96; name: download_fastq (94); status: NEW; exit: -; error: -; workDir: /Users/skd6150/Documents/Research/CBI/iModulon_Ctherm/iModulonMiner/2_process_data/work/2f/a781ef06535e9d78db8b375c3b388d]
~> TaskHandler[id: 92; name: download_fastq (90); status: NEW; exit: -; error: -; workDir: /Users/skd6150/Documents/Research/CBI/iModulon_Ctherm/iModulonMiner/2_process_data/work/4e/cbce247f5ecaf84d4f600d718e8367]
~> TaskHandler[id: 93; name: download_fastq (91); status: NEW; exit: -; error: -; workDir: /Users/skd6150/Documents/Research/CBI/iModulon_Ctherm/iModulonMiner/2_process_data/work/02/2c3e8b797a5f6c4c484aef3994c79e]
~> TaskHandler[id: 97; name: download_fastq (95); status: NEW; exit: -; error: -; workDir: /Users/skd6150/Documents/Research/CBI/iModulon_Ctherm/iModulonMiner/2_process_data/work/61/921d583b3d227e13e3d694c409ee2a]
~> TaskHandler[id: 94; name: download_fastq (92); status: NEW; exit: -; error: -; workDir: /Users/skd6150/Documents/Research/CBI/iModulon_Ctherm/iModulonMiner/2_process_data/work/22/05962c9e746b8daf9d18aa05240e6c]
~> TaskHandler[id: 90; name: download_fastq (88); status: NEW; exit: -; error: -; workDir: /Users/skd6150/Documents/Research/CBI/iModulon_Ctherm/iModulonMiner/2_process_data/work/83/8f3f3c1db60b1482b1c61cec31f294]
~> TaskHandler[id: 99; name: download_fastq (97); status: NEW; exit: -; error: -; workDir: /Users/skd6150/Documents/Research/CBI/iModulon_Ctherm/iModulonMiner/2_process_data/work/1f/cc58ba7a7f6bea6ec87ac3d80dc3bf]
~> TaskHandler[id: 102; name: download_fastq (100); status: NEW; exit: -; error: -; workDir: /Users/skd6150/Documents/Research/CBI/iModulon_Ctherm/iModulonMiner/2_process_data/work/93/78f993f41f72aed38bb842061d3a10]
~> TaskHandler[id: 98; name: download_fastq (96); status: NEW; exit: -; error: -; workDir: /Users/skd6150/Documents/Research/CBI/iModulon_Ctherm/iModulonMiner/2_process_data/work/cb/b46270f68d653ec50ac6ff797055aa]
~> TaskHandler[id: 100; name: download_fastq (98); status: NEW; exit: -; error: -; workDir: /Users/skd6150/Documents/Research/CBI/iModulon_Ctherm/iModulonMiner/2_process_data/work/ac/9850c6a50b9437ea4ca3544aa24209]
.. remaining tasks omitted.
Mar-25 20:37:58.459 [Task monitor] DEBUG n.processor.TaskPollingMonitor - !! executor local > tasks to be completed: 1 -- submitted tasks are shown below
~> TaskHandler[id: 95; name: download_fastq (93); status: RUNNING; exit: -; error: -; workDir: /Users/skd6150/Documents/Research/CBI/iModulon_Ctherm/iModulonMiner/2_process_data/work/81/8eb8b3174b7b63e1be20c8fa0e9ffb]
Mar-25 20:38:48.192 [Task submitter] DEBUG n.processor.TaskPollingMonitor - %% executor local > tasks in the submission queue: 375 -- tasks to be submitted are shown below
~> TaskHandler[id: 96; name: download_fastq (94); status: NEW; exit: -; error: -; workDir: /Users/skd6150/Documents/Research/CBI/iModulon_Ctherm/iModulonMiner/2_process_data/work/2f/a781ef06535e9d78db8b375c3b388d]
~> TaskHandler[id: 92; name: download_fastq (90); status: NEW; exit: -; error: -; workDir: /Users/skd6150/Documents/Research/CBI/iModulon_Ctherm/iModulonMiner/2_process_data/work/4e/cbce247f5ecaf84d4f600d718e8367]
~> TaskHandler[id: 93; name: download_fastq (91); status: NEW; exit: -; error: -; workDir: /Users/skd6150/Documents/Research/CBI/iModulon_Ctherm/iModulonMiner/2_process_data/work/02/2c3e8b797a5f6c4c484aef3994c79e]
~> TaskHandler[id: 97; name: download_fastq (95); status: NEW; exit: -; error: -; workDir: /Users/skd6150/Documents/Research/CBI/iModulon_Ctherm/iModulonMiner/2_process_data/work/61/921d583b3d227e13e3d694c409ee2a]
~> TaskHandler[id: 94; name: download_fastq (92); status: NEW; exit: -; error: -; workDir: /Users/skd6150/Documents/Research/CBI/iModulon_Ctherm/iModulonMiner/2_process_data/work/22/05962c9e746b8daf9d18aa05240e6c]
~> TaskHandler[id: 90; name: download_fastq (88); status: NEW; exit: -; error: -; workDir: /Users/skd6150/Documents/Research/CBI/iModulon_Ctherm/iModulonMiner/2_process_data/work/83/8f3f3c1db60b1482b1c61cec31f294]
~> TaskHandler[id: 99; name: download_fastq (97); status: NEW; exit: -; error: -; workDir: /Users/skd6150/Documents/Research/CBI/iModulon_Ctherm/iModulonMiner/2_process_data/work/1f/cc58ba7a7f6bea6ec87ac3d80dc3bf]
~> TaskHandler[id: 102; name: download_fastq (100); status: NEW; exit: -; error: -; workDir: /Users/skd6150/Documents/Research/CBI/iModulon_Ctherm/iModulonMiner/2_process_data/work/93/78f993f41f72aed38bb842061d3a10]
~> TaskHandler[id: 98; name: download_fastq (96); status: NEW; exit: -; error: -; workDir: /Users/skd6150/Documents/Research/CBI/iModulon_Ctherm/iModulonMiner/2_process_data/work/cb/b46270f68d653ec50ac6ff797055aa]
~> TaskHandler[id: 100; name: download_fastq (98); status: NEW; exit: -; error: -; workDir: /Users/skd6150/Documents/Research/CBI/iModulon_Ctherm/iModulonMiner/2_process_data/work/ac/9850c6a50b9437ea4ca3544aa24209]
.. remaining tasks omitted.
Mar-25 20:42:58.500 [Task monitor] DEBUG n.processor.TaskPollingMonitor - !! executor local > tasks to be completed: 1 -- submitted tasks are shown below
~> TaskHandler[id: 95; name: download_fastq (93); status: RUNNING; exit: -; error: -; workDir: /Users/skd6150/Documents/Research/CBI/iModulon_Ctherm/iModulonMiner/2_process_data/work/81/8eb8b3174b7b63e1be20c8fa0e9ffb]
Mar-25 20:43:48.340 [Task submitter] DEBUG n.processor.TaskPollingMonitor - %% executor local > tasks in the submission queue: 375 -- tasks to be submitted are shown below
~> TaskHandler[id: 96; name: download_fastq (94); status: NEW; exit: -; error: -; workDir: /Users/skd6150/Documents/Research/CBI/iModulon_Ctherm/iModulonMiner/2_process_data/work/2f/a781ef06535e9d78db8b375c3b388d]
~> TaskHandler[id: 92; name: download_fastq (90); status: NEW; exit: -; error: -; workDir: /Users/skd6150/Documents/Research/CBI/iModulon_Ctherm/iModulonMiner/2_process_data/work/4e/cbce247f5ecaf84d4f600d718e8367]
~> TaskHandler[id: 93; name: download_fastq (91); status: NEW; exit: -; error: -; workDir: /Users/skd6150/Documents/Research/CBI/iModulon_Ctherm/iModulonMiner/2_process_data/work/02/2c3e8b797a5f6c4c484aef3994c79e]
~> TaskHandler[id: 97; name: download_fastq (95); status: NEW; exit: -; error: -; workDir: /Users/skd6150/Documents/Research/CBI/iModulon_Ctherm/iModulonMiner/2_process_data/work/61/921d583b3d227e13e3d694c409ee2a]
~> TaskHandler[id: 94; name: download_fastq (92); status: NEW; exit: -; error: -; workDir: /Users/skd6150/Documents/Research/CBI/iModulon_Ctherm/iModulonMiner/2_process_data/work/22/05962c9e746b8daf9d18aa05240e6c]
~> TaskHandler[id: 90; name: download_fastq (88); status: NEW; exit: -; error: -; workDir: /Users/skd6150/Documents/Research/CBI/iModulon_Ctherm/iModulonMiner/2_process_data/work/83/8f3f3c1db60b1482b1c61cec31f294]
~> TaskHandler[id: 99; name: download_fastq (97); status: NEW; exit: -; error: -; workDir: /Users/skd6150/Documents/Research/CBI/iModulon_Ctherm/iModulonMiner/2_process_data/work/1f/cc58ba7a7f6bea6ec87ac3d80dc3bf]
~> TaskHandler[id: 102; name: download_fastq (100); status: NEW; exit: -; error: -; workDir: /Users/skd6150/Documents/Research/CBI/iModulon_Ctherm/iModulonMiner/2_process_data/work/93/78f993f41f72aed38bb842061d3a10]
~> TaskHandler[id: 98; name: download_fastq (96); status: NEW; exit: -; error: -; workDir: /Users/skd6150/Documents/Research/CBI/iModulon_Ctherm/iModulonMiner/2_process_data/work/cb/b46270f68d653ec50ac6ff797055aa]
~> TaskHandler[id: 100; name: download_fastq (98); status: NEW; exit: -; error: -; workDir: /Users/skd6150/Documents/Research/CBI/iModulon_Ctherm/iModulonMiner/2_process_data/work/ac/9850c6a50b9437ea4ca3544aa24209]
.. remaining tasks omitted.
Mar-25 20:47:58.523 [Task monitor] DEBUG n.processor.TaskPollingMonitor - !! executor local > tasks to be completed: 1 -- submitted tasks are shown below
~> TaskHandler[id: 95; name: download_fastq (93); status: RUNNING; exit: -; error: -; workDir: /Users/skd6150/Documents/Research/CBI/iModulon_Ctherm/iModulonMiner/2_process_data/work/81/8eb8b3174b7b63e1be20c8fa0e9ffb]
Mar-25 20:48:48.519 [Task submitter] DEBUG n.processor.TaskPollingMonitor - %% executor local > tasks in the submission queue: 375 -- tasks to be submitted are shown below
~> TaskHandler[id: 96; name: download_fastq (94); status: NEW; exit: -; error: -; workDir: /Users/skd6150/Documents/Research/CBI/iModulon_Ctherm/iModulonMiner/2_process_data/work/2f/a781ef06535e9d78db8b375c3b388d]
~> TaskHandler[id: 92; name: download_fastq (90); status: NEW; exit: -; error: -; workDir: /Users/skd6150/Documents/Research/CBI/iModulon_Ctherm/iModulonMiner/2_process_data/work/4e/cbce247f5ecaf84d4f600d718e8367]
~> TaskHandler[id: 93; name: download_fastq (91); status: NEW; exit: -; error: -; workDir: /Users/skd6150/Documents/Research/CBI/iModulon_Ctherm/iModulonMiner/2_process_data/work/02/2c3e8b797a5f6c4c484aef3994c79e]
~> TaskHandler[id: 97; name: download_fastq (95); status: NEW; exit: -; error: -; workDir: /Users/skd6150/Documents/Research/CBI/iModulon_Ctherm/iModulonMiner/2_process_data/work/61/921d583b3d227e13e3d694c409ee2a]
~> TaskHandler[id: 94; name: download_fastq (92); status: NEW; exit: -; error: -; workDir: /Users/skd6150/Documents/Research/CBI/iModulon_Ctherm/iModulonMiner/2_process_data/work/22/05962c9e746b8daf9d18aa05240e6c]
~> TaskHandler[id: 90; name: download_fastq (88); status: NEW; exit: -; error: -; workDir: /Users/skd6150/Documents/Research/CBI/iModulon_Ctherm/iModulonMiner/2_process_data/work/83/8f3f3c1db60b1482b1c61cec31f294]
~> TaskHandler[id: 99; name: download_fastq (97); status: NEW; exit: -; error: -; workDir: /Users/skd6150/Documents/Research/CBI/iModulon_Ctherm/iModulonMiner/2_process_data/work/1f/cc58ba7a7f6bea6ec87ac3d80dc3bf]
~> TaskHandler[id: 102; name: download_fastq (100); status: NEW; exit: -; error: -; workDir: /Users/skd6150/Documents/Research/CBI/iModulon_Ctherm/iModulonMiner/2_process_data/work/93/78f993f41f72aed38bb842061d3a10]
~> TaskHandler[id: 98; name: download_fastq (96); status: NEW; exit: -; error: -; workDir: /Users/skd6150/Documents/Research/CBI/iModulon_Ctherm/iModulonMiner/2_process_data/work/cb/b46270f68d653ec50ac6ff797055aa]
~> TaskHandler[id: 100; name: download_fastq (98); status: NEW; exit: -; error: -; workDir: /Users/skd6150/Documents/Research/CBI/iModulon_Ctherm/iModulonMiner/2_process_data/work/ac/9850c6a50b9437ea4ca3544aa24209]
.. remaining tasks omitted.
Mar-25 20:52:58.579 [Task monitor] DEBUG n.processor.TaskPollingMonitor - !! executor local > tasks to be completed: 1 -- submitted tasks are shown below
~> TaskHandler[id: 95; name: download_fastq (93); status: RUNNING; exit: -; error: -; workDir: /Users/skd6150/Documents/Research/CBI/iModulon_Ctherm/iModulonMiner/2_process_data/work/81/8eb8b3174b7b63e1be20c8fa0e9ffb]
Mar-25 20:53:49.478 [Task submitter] DEBUG n.processor.TaskPollingMonitor - %% executor local > tasks in the submission queue: 375 -- tasks to be submitted are shown below
~> TaskHandler[id: 96; name: download_fastq (94); status: NEW; exit: -; error: -; workDir: /Users/skd6150/Documents/Research/CBI/iModulon_Ctherm/iModulonMiner/2_process_data/work/2f/a781ef06535e9d78db8b375c3b388d]
~> TaskHandler[id: 92; name: download_fastq (90); status: NEW; exit: -; error: -; workDir: /Users/skd6150/Documents/Research/CBI/iModulon_Ctherm/iModulonMiner/2_process_data/work/4e/cbce247f5ecaf84d4f600d718e8367]
~> TaskHandler[id: 93; name: download_fastq (91); status: NEW; exit: -; error: -; workDir: /Users/skd6150/Documents/Research/CBI/iModulon_Ctherm/iModulonMiner/2_process_data/work/02/2c3e8b797a5f6c4c484aef3994c79e]
~> TaskHandler[id: 97; name: download_fastq (95); status: NEW; exit: -; error: -; workDir: /Users/skd6150/Documents/Research/CBI/iModulon_Ctherm/iModulonMiner/2_process_data/work/61/921d583b3d227e13e3d694c409ee2a]
~> TaskHandler[id: 94; name: download_fastq (92); status: NEW; exit: -; error: -; workDir: /Users/skd6150/Documents/Research/CBI/iModulon_Ctherm/iModulonMiner/2_process_data/work/22/05962c9e746b8daf9d18aa05240e6c]
~> TaskHandler[id: 90; name: download_fastq (88); status: NEW; exit: -; error: -; workDir: /Users/skd6150/Documents/Research/CBI/iModulon_Ctherm/iModulonMiner/2_process_data/work/83/8f3f3c1db60b1482b1c61cec31f294]
~> TaskHandler[id: 99; name: download_fastq (97); status: NEW; exit: -; error: -; workDir: /Users/skd6150/Documents/Research/CBI/iModulon_Ctherm/iModulonMiner/2_process_data/work/1f/cc58ba7a7f6bea6ec87ac3d80dc3bf]
~> TaskHandler[id: 102; name: download_fastq (100); status: NEW; exit: -; error: -; workDir: /Users/skd6150/Documents/Research/CBI/iModulon_Ctherm/iModulonMiner/2_process_data/work/93/78f993f41f72aed38bb842061d3a10]
~> TaskHandler[id: 98; name: download_fastq (96); status: NEW; exit: -; error: -; workDir: /Users/skd6150/Documents/Research/CBI/iModulon_Ctherm/iModulonMiner/2_process_data/work/cb/b46270f68d653ec50ac6ff797055aa]
~> TaskHandler[id: 100; name: download_fastq (98); status: NEW; exit: -; error: -; workDir: /Users/skd6150/Documents/Research/CBI/iModulon_Ctherm/iModulonMiner/2_process_data/work/ac/9850c6a50b9437ea4ca3544aa24209]
.. remaining tasks omitted.
Mar-25 20:57:44.023 [Task monitor] DEBUG n.processor.TaskPollingMonitor - Task completed > TaskHandler[id: 95; name: download_fastq (93); status: COMPLETED; exit: 0; error: -; workDir: /Users/skd6150/Documents/Research/CBI/iModulon_Ctherm/iModulonMiner/2_process_data/work/81/8eb8b3174b7b63e1be20c8fa0e9ffb]
Mar-25 20:57:44.057 [Task submitter] DEBUG n.executor.local.LocalTaskHandler - Launch cmd line: /bin/bash -ue .command.run
Mar-25 20:57:44.057 [Task submitter] INFO  nextflow.Session - [2f/a781ef] Submitted process > download_fastq (94)
Mar-25 20:57:58.684 [Task monitor] DEBUG n.processor.TaskPollingMonitor - !! executor local > tasks to be completed: 1 -- submitted tasks are shown below
~> TaskHandler[id: 96; name: download_fastq (94); status: RUNNING; exit: -; error: -; workDir: /Users/skd6150/Documents/Research/CBI/iModulon_Ctherm/iModulonMiner/2_process_data/work/2f/a781ef06535e9d78db8b375c3b388d]
Mar-25 20:58:49.518 [Task submitter] DEBUG n.processor.TaskPollingMonitor - %% executor local > tasks in the submission queue: 375 -- tasks to be submitted are shown below
~> TaskHandler[id: 92; name: download_fastq (90); status: NEW; exit: -; error: -; workDir: /Users/skd6150/Documents/Research/CBI/iModulon_Ctherm/iModulonMiner/2_process_data/work/4e/cbce247f5ecaf84d4f600d718e8367]
~> TaskHandler[id: 93; name: download_fastq (91); status: NEW; exit: -; error: -; workDir: /Users/skd6150/Documents/Research/CBI/iModulon_Ctherm/iModulonMiner/2_process_data/work/02/2c3e8b797a5f6c4c484aef3994c79e]
~> TaskHandler[id: 97; name: download_fastq (95); status: NEW; exit: -; error: -; workDir: /Users/skd6150/Documents/Research/CBI/iModulon_Ctherm/iModulonMiner/2_process_data/work/61/921d583b3d227e13e3d694c409ee2a]
~> TaskHandler[id: 94; name: download_fastq (92); status: NEW; exit: -; error: -; workDir: /Users/skd6150/Documents/Research/CBI/iModulon_Ctherm/iModulonMiner/2_process_data/work/22/05962c9e746b8daf9d18aa05240e6c]
~> TaskHandler[id: 90; name: download_fastq (88); status: NEW; exit: -; error: -; workDir: /Users/skd6150/Documents/Research/CBI/iModulon_Ctherm/iModulonMiner/2_process_data/work/83/8f3f3c1db60b1482b1c61cec31f294]
~> TaskHandler[id: 99; name: download_fastq (97); status: NEW; exit: -; error: -; workDir: /Users/skd6150/Documents/Research/CBI/iModulon_Ctherm/iModulonMiner/2_process_data/work/1f/cc58ba7a7f6bea6ec87ac3d80dc3bf]
~> TaskHandler[id: 102; name: download_fastq (100); status: NEW; exit: -; error: -; workDir: /Users/skd6150/Documents/Research/CBI/iModulon_Ctherm/iModulonMiner/2_process_data/work/93/78f993f41f72aed38bb842061d3a10]
~> TaskHandler[id: 98; name: download_fastq (96); status: NEW; exit: -; error: -; workDir: /Users/skd6150/Documents/Research/CBI/iModulon_Ctherm/iModulonMiner/2_process_data/work/cb/b46270f68d653ec50ac6ff797055aa]
~> TaskHandler[id: 100; name: download_fastq (98); status: NEW; exit: -; error: -; workDir: /Users/skd6150/Documents/Research/CBI/iModulon_Ctherm/iModulonMiner/2_process_data/work/ac/9850c6a50b9437ea4ca3544aa24209]
~> TaskHandler[id: 103; name: download_fastq (101); status: NEW; exit: -; error: -; workDir: /Users/skd6150/Documents/Research/CBI/iModulon_Ctherm/iModulonMiner/2_process_data/work/1b/8e400184614bb393533943b44b18bf]
.. remaining tasks omitted.
Mar-25 21:02:58.708 [Task monitor] DEBUG n.processor.TaskPollingMonitor - !! executor local > tasks to be completed: 1 -- submitted tasks are shown below
~> TaskHandler[id: 96; name: download_fastq (94); status: RUNNING; exit: -; error: -; workDir: /Users/skd6150/Documents/Research/CBI/iModulon_Ctherm/iModulonMiner/2_process_data/work/2f/a781ef06535e9d78db8b375c3b388d]
Mar-25 21:03:49.589 [Task submitter] DEBUG n.processor.TaskPollingMonitor - %% executor local > tasks in the submission queue: 375 -- tasks to be submitted are shown below
~> TaskHandler[id: 92; name: download_fastq (90); status: NEW; exit: -; error: -; workDir: /Users/skd6150/Documents/Research/CBI/iModulon_Ctherm/iModulonMiner/2_process_data/work/4e/cbce247f5ecaf84d4f600d718e8367]
~> TaskHandler[id: 93; name: download_fastq (91); status: NEW; exit: -; error: -; workDir: /Users/skd6150/Documents/Research/CBI/iModulon_Ctherm/iModulonMiner/2_process_data/work/02/2c3e8b797a5f6c4c484aef3994c79e]
~> TaskHandler[id: 97; name: download_fastq (95); status: NEW; exit: -; error: -; workDir: /Users/skd6150/Documents/Research/CBI/iModulon_Ctherm/iModulonMiner/2_process_data/work/61/921d583b3d227e13e3d694c409ee2a]
~> TaskHandler[id: 94; name: download_fastq (92); status: NEW; exit: -; error: -; workDir: /Users/skd6150/Documents/Research/CBI/iModulon_Ctherm/iModulonMiner/2_process_data/work/22/05962c9e746b8daf9d18aa05240e6c]
~> TaskHandler[id: 90; name: download_fastq (88); status: NEW; exit: -; error: -; workDir: /Users/skd6150/Documents/Research/CBI/iModulon_Ctherm/iModulonMiner/2_process_data/work/83/8f3f3c1db60b1482b1c61cec31f294]
~> TaskHandler[id: 99; name: download_fastq (97); status: NEW; exit: -; error: -; workDir: /Users/skd6150/Documents/Research/CBI/iModulon_Ctherm/iModulonMiner/2_process_data/work/1f/cc58ba7a7f6bea6ec87ac3d80dc3bf]
~> TaskHandler[id: 102; name: download_fastq (100); status: NEW; exit: -; error: -; workDir: /Users/skd6150/Documents/Research/CBI/iModulon_Ctherm/iModulonMiner/2_process_data/work/93/78f993f41f72aed38bb842061d3a10]
~> TaskHandler[id: 98; name: download_fastq (96); status: NEW; exit: -; error: -; workDir: /Users/skd6150/Documents/Research/CBI/iModulon_Ctherm/iModulonMiner/2_process_data/work/cb/b46270f68d653ec50ac6ff797055aa]
~> TaskHandler[id: 100; name: download_fastq (98); status: NEW; exit: -; error: -; workDir: /Users/skd6150/Documents/Research/CBI/iModulon_Ctherm/iModulonMiner/2_process_data/work/ac/9850c6a50b9437ea4ca3544aa24209]
~> TaskHandler[id: 103; name: download_fastq (101); status: NEW; exit: -; error: -; workDir: /Users/skd6150/Documents/Research/CBI/iModulon_Ctherm/iModulonMiner/2_process_data/work/1b/8e400184614bb393533943b44b18bf]
.. remaining tasks omitted.
Mar-25 21:07:58.732 [Task monitor] DEBUG n.processor.TaskPollingMonitor - !! executor local > tasks to be completed: 1 -- submitted tasks are shown below
~> TaskHandler[id: 96; name: download_fastq (94); status: RUNNING; exit: -; error: -; workDir: /Users/skd6150/Documents/Research/CBI/iModulon_Ctherm/iModulonMiner/2_process_data/work/2f/a781ef06535e9d78db8b375c3b388d]
Mar-25 21:08:49.718 [Task submitter] DEBUG n.processor.TaskPollingMonitor - %% executor local > tasks in the submission queue: 375 -- tasks to be submitted are shown below
~> TaskHandler[id: 92; name: download_fastq (90); status: NEW; exit: -; error: -; workDir: /Users/skd6150/Documents/Research/CBI/iModulon_Ctherm/iModulonMiner/2_process_data/work/4e/cbce247f5ecaf84d4f600d718e8367]
~> TaskHandler[id: 93; name: download_fastq (91); status: NEW; exit: -; error: -; workDir: /Users/skd6150/Documents/Research/CBI/iModulon_Ctherm/iModulonMiner/2_process_data/work/02/2c3e8b797a5f6c4c484aef3994c79e]
~> TaskHandler[id: 97; name: download_fastq (95); status: NEW; exit: -; error: -; workDir: /Users/skd6150/Documents/Research/CBI/iModulon_Ctherm/iModulonMiner/2_process_data/work/61/921d583b3d227e13e3d694c409ee2a]
~> TaskHandler[id: 94; name: download_fastq (92); status: NEW; exit: -; error: -; workDir: /Users/skd6150/Documents/Research/CBI/iModulon_Ctherm/iModulonMiner/2_process_data/work/22/05962c9e746b8daf9d18aa05240e6c]
~> TaskHandler[id: 90; name: download_fastq (88); status: NEW; exit: -; error: -; workDir: /Users/skd6150/Documents/Research/CBI/iModulon_Ctherm/iModulonMiner/2_process_data/work/83/8f3f3c1db60b1482b1c61cec31f294]
~> TaskHandler[id: 99; name: download_fastq (97); status: NEW; exit: -; error: -; workDir: /Users/skd6150/Documents/Research/CBI/iModulon_Ctherm/iModulonMiner/2_process_data/work/1f/cc58ba7a7f6bea6ec87ac3d80dc3bf]
~> TaskHandler[id: 102; name: download_fastq (100); status: NEW; exit: -; error: -; workDir: /Users/skd6150/Documents/Research/CBI/iModulon_Ctherm/iModulonMiner/2_process_data/work/93/78f993f41f72aed38bb842061d3a10]
~> TaskHandler[id: 98; name: download_fastq (96); status: NEW; exit: -; error: -; workDir: /Users/skd6150/Documents/Research/CBI/iModulon_Ctherm/iModulonMiner/2_process_data/work/cb/b46270f68d653ec50ac6ff797055aa]
~> TaskHandler[id: 100; name: download_fastq (98); status: NEW; exit: -; error: -; workDir: /Users/skd6150/Documents/Research/CBI/iModulon_Ctherm/iModulonMiner/2_process_data/work/ac/9850c6a50b9437ea4ca3544aa24209]
~> TaskHandler[id: 103; name: download_fastq (101); status: NEW; exit: -; error: -; workDir: /Users/skd6150/Documents/Research/CBI/iModulon_Ctherm/iModulonMiner/2_process_data/work/1b/8e400184614bb393533943b44b18bf]
.. remaining tasks omitted.
Mar-25 21:12:58.748 [Task monitor] DEBUG n.processor.TaskPollingMonitor - !! executor local > tasks to be completed: 1 -- submitted tasks are shown below
~> TaskHandler[id: 96; name: download_fastq (94); status: RUNNING; exit: -; error: -; workDir: /Users/skd6150/Documents/Research/CBI/iModulon_Ctherm/iModulonMiner/2_process_data/work/2f/a781ef06535e9d78db8b375c3b388d]
Mar-25 21:13:50.089 [Task submitter] DEBUG n.processor.TaskPollingMonitor - %% executor local > tasks in the submission queue: 375 -- tasks to be submitted are shown below
~> TaskHandler[id: 92; name: download_fastq (90); status: NEW; exit: -; error: -; workDir: /Users/skd6150/Documents/Research/CBI/iModulon_Ctherm/iModulonMiner/2_process_data/work/4e/cbce247f5ecaf84d4f600d718e8367]
~> TaskHandler[id: 93; name: download_fastq (91); status: NEW; exit: -; error: -; workDir: /Users/skd6150/Documents/Research/CBI/iModulon_Ctherm/iModulonMiner/2_process_data/work/02/2c3e8b797a5f6c4c484aef3994c79e]
~> TaskHandler[id: 97; name: download_fastq (95); status: NEW; exit: -; error: -; workDir: /Users/skd6150/Documents/Research/CBI/iModulon_Ctherm/iModulonMiner/2_process_data/work/61/921d583b3d227e13e3d694c409ee2a]
~> TaskHandler[id: 94; name: download_fastq (92); status: NEW; exit: -; error: -; workDir: /Users/skd6150/Documents/Research/CBI/iModulon_Ctherm/iModulonMiner/2_process_data/work/22/05962c9e746b8daf9d18aa05240e6c]
~> TaskHandler[id: 90; name: download_fastq (88); status: NEW; exit: -; error: -; workDir: /Users/skd6150/Documents/Research/CBI/iModulon_Ctherm/iModulonMiner/2_process_data/work/83/8f3f3c1db60b1482b1c61cec31f294]
~> TaskHandler[id: 99; name: download_fastq (97); status: NEW; exit: -; error: -; workDir: /Users/skd6150/Documents/Research/CBI/iModulon_Ctherm/iModulonMiner/2_process_data/work/1f/cc58ba7a7f6bea6ec87ac3d80dc3bf]
~> TaskHandler[id: 102; name: download_fastq (100); status: NEW; exit: -; error: -; workDir: /Users/skd6150/Documents/Research/CBI/iModulon_Ctherm/iModulonMiner/2_process_data/work/93/78f993f41f72aed38bb842061d3a10]
~> TaskHandler[id: 98; name: download_fastq (96); status: NEW; exit: -; error: -; workDir: /Users/skd6150/Documents/Research/CBI/iModulon_Ctherm/iModulonMiner/2_process_data/work/cb/b46270f68d653ec50ac6ff797055aa]
~> TaskHandler[id: 100; name: download_fastq (98); status: NEW; exit: -; error: -; workDir: /Users/skd6150/Documents/Research/CBI/iModulon_Ctherm/iModulonMiner/2_process_data/work/ac/9850c6a50b9437ea4ca3544aa24209]
~> TaskHandler[id: 103; name: download_fastq (101); status: NEW; exit: -; error: -; workDir: /Users/skd6150/Documents/Research/CBI/iModulon_Ctherm/iModulonMiner/2_process_data/work/1b/8e400184614bb393533943b44b18bf]
.. remaining tasks omitted.
Mar-25 21:17:58.788 [Task monitor] DEBUG n.processor.TaskPollingMonitor - !! executor local > tasks to be completed: 1 -- submitted tasks are shown below
~> TaskHandler[id: 96; name: download_fastq (94); status: RUNNING; exit: -; error: -; workDir: /Users/skd6150/Documents/Research/CBI/iModulon_Ctherm/iModulonMiner/2_process_data/work/2f/a781ef06535e9d78db8b375c3b388d]
Mar-25 21:18:50.428 [Task submitter] DEBUG n.processor.TaskPollingMonitor - %% executor local > tasks in the submission queue: 375 -- tasks to be submitted are shown below
~> TaskHandler[id: 92; name: download_fastq (90); status: NEW; exit: -; error: -; workDir: /Users/skd6150/Documents/Research/CBI/iModulon_Ctherm/iModulonMiner/2_process_data/work/4e/cbce247f5ecaf84d4f600d718e8367]
~> TaskHandler[id: 93; name: download_fastq (91); status: NEW; exit: -; error: -; workDir: /Users/skd6150/Documents/Research/CBI/iModulon_Ctherm/iModulonMiner/2_process_data/work/02/2c3e8b797a5f6c4c484aef3994c79e]
~> TaskHandler[id: 97; name: download_fastq (95); status: NEW; exit: -; error: -; workDir: /Users/skd6150/Documents/Research/CBI/iModulon_Ctherm/iModulonMiner/2_process_data/work/61/921d583b3d227e13e3d694c409ee2a]
~> TaskHandler[id: 94; name: download_fastq (92); status: NEW; exit: -; error: -; workDir: /Users/skd6150/Documents/Research/CBI/iModulon_Ctherm/iModulonMiner/2_process_data/work/22/05962c9e746b8daf9d18aa05240e6c]
~> TaskHandler[id: 90; name: download_fastq (88); status: NEW; exit: -; error: -; workDir: /Users/skd6150/Documents/Research/CBI/iModulon_Ctherm/iModulonMiner/2_process_data/work/83/8f3f3c1db60b1482b1c61cec31f294]
~> TaskHandler[id: 99; name: download_fastq (97); status: NEW; exit: -; error: -; workDir: /Users/skd6150/Documents/Research/CBI/iModulon_Ctherm/iModulonMiner/2_process_data/work/1f/cc58ba7a7f6bea6ec87ac3d80dc3bf]
~> TaskHandler[id: 102; name: download_fastq (100); status: NEW; exit: -; error: -; workDir: /Users/skd6150/Documents/Research/CBI/iModulon_Ctherm/iModulonMiner/2_process_data/work/93/78f993f41f72aed38bb842061d3a10]
~> TaskHandler[id: 98; name: download_fastq (96); status: NEW; exit: -; error: -; workDir: /Users/skd6150/Documents/Research/CBI/iModulon_Ctherm/iModulonMiner/2_process_data/work/cb/b46270f68d653ec50ac6ff797055aa]
~> TaskHandler[id: 100; name: download_fastq (98); status: NEW; exit: -; error: -; workDir: /Users/skd6150/Documents/Research/CBI/iModulon_Ctherm/iModulonMiner/2_process_data/work/ac/9850c6a50b9437ea4ca3544aa24209]
~> TaskHandler[id: 103; name: download_fastq (101); status: NEW; exit: -; error: -; workDir: /Users/skd6150/Documents/Research/CBI/iModulon_Ctherm/iModulonMiner/2_process_data/work/1b/8e400184614bb393533943b44b18bf]
.. remaining tasks omitted.
Mar-25 21:22:58.846 [Task monitor] DEBUG n.processor.TaskPollingMonitor - !! executor local > tasks to be completed: 1 -- submitted tasks are shown below
~> TaskHandler[id: 96; name: download_fastq (94); status: RUNNING; exit: -; error: -; workDir: /Users/skd6150/Documents/Research/CBI/iModulon_Ctherm/iModulonMiner/2_process_data/work/2f/a781ef06535e9d78db8b375c3b388d]
Mar-25 21:23:50.774 [Task submitter] DEBUG n.processor.TaskPollingMonitor - %% executor local > tasks in the submission queue: 375 -- tasks to be submitted are shown below
~> TaskHandler[id: 92; name: download_fastq (90); status: NEW; exit: -; error: -; workDir: /Users/skd6150/Documents/Research/CBI/iModulon_Ctherm/iModulonMiner/2_process_data/work/4e/cbce247f5ecaf84d4f600d718e8367]
~> TaskHandler[id: 93; name: download_fastq (91); status: NEW; exit: -; error: -; workDir: /Users/skd6150/Documents/Research/CBI/iModulon_Ctherm/iModulonMiner/2_process_data/work/02/2c3e8b797a5f6c4c484aef3994c79e]
~> TaskHandler[id: 97; name: download_fastq (95); status: NEW; exit: -; error: -; workDir: /Users/skd6150/Documents/Research/CBI/iModulon_Ctherm/iModulonMiner/2_process_data/work/61/921d583b3d227e13e3d694c409ee2a]
~> TaskHandler[id: 94; name: download_fastq (92); status: NEW; exit: -; error: -; workDir: /Users/skd6150/Documents/Research/CBI/iModulon_Ctherm/iModulonMiner/2_process_data/work/22/05962c9e746b8daf9d18aa05240e6c]
~> TaskHandler[id: 90; name: download_fastq (88); status: NEW; exit: -; error: -; workDir: /Users/skd6150/Documents/Research/CBI/iModulon_Ctherm/iModulonMiner/2_process_data/work/83/8f3f3c1db60b1482b1c61cec31f294]
~> TaskHandler[id: 99; name: download_fastq (97); status: NEW; exit: -; error: -; workDir: /Users/skd6150/Documents/Research/CBI/iModulon_Ctherm/iModulonMiner/2_process_data/work/1f/cc58ba7a7f6bea6ec87ac3d80dc3bf]
~> TaskHandler[id: 102; name: download_fastq (100); status: NEW; exit: -; error: -; workDir: /Users/skd6150/Documents/Research/CBI/iModulon_Ctherm/iModulonMiner/2_process_data/work/93/78f993f41f72aed38bb842061d3a10]
~> TaskHandler[id: 98; name: download_fastq (96); status: NEW; exit: -; error: -; workDir: /Users/skd6150/Documents/Research/CBI/iModulon_Ctherm/iModulonMiner/2_process_data/work/cb/b46270f68d653ec50ac6ff797055aa]
~> TaskHandler[id: 100; name: download_fastq (98); status: NEW; exit: -; error: -; workDir: /Users/skd6150/Documents/Research/CBI/iModulon_Ctherm/iModulonMiner/2_process_data/work/ac/9850c6a50b9437ea4ca3544aa24209]
~> TaskHandler[id: 103; name: download_fastq (101); status: NEW; exit: -; error: -; workDir: /Users/skd6150/Documents/Research/CBI/iModulon_Ctherm/iModulonMiner/2_process_data/work/1b/8e400184614bb393533943b44b18bf]
.. remaining tasks omitted.
