locus_tag,gene_name,accession,old_locus_tag,start,end,strand,gene_product,COG,uniprot,operon,GO_MF,GO_BP,InterPro,PFAMs
Clo1313_0001,dnaA,CP002416.1,,212,1543,+,chromosomal replication initiator protein DnaA,No COG annotation,UPI0001B1F046,Op0,ATP binding; DNA replication origin binding; lipid binding,DNA replication initiation; regulation of DNA replication,AAA+_ATPase;Chromosome_initiator_DnaA;Chromosome_initiator_DnaA-like;Chromosome_initiator_DnaA_CS;DnaA_C;DnaA_dom;DnaA_N_dom;DnaA_N_sf;P-loop_NTPase;Trp_repressor/repl_initiator;,
Clo1313_0002,RS00015,CP002416.1,,1793,2893,+,DNA polymerase III%2C beta subunit,No COG annotation,UPI00017E1F7F,Op1,,,DNA_clamp_sf;DNA_polIII_beta;DNA_polIII_beta_C;DNA_polIII_beta_cen;DNA_polIII_beta_N;,
Clo1313_0003,yaaA,CP002416.1,,2909,3115,+,S4 domain protein YaaA,No COG annotation,UPI000038F4E6,Op1,,,RNA-bd_S4-rel_YaaA;S4_RNA-bd;S4_RNA-bd_sf;,
Clo1313_0004,recF,CP002416.1,,3133,4242,+,DNA replication and repair protein RecF,No COG annotation,UPI00003C8C54,Op1,ATP binding; single-stranded DNA binding,DNA replication; DNA synthesis involved in DNA repair; double-strand break repair; SOS response,DNA-binding_RecF;DNA-binding_RecF_CS;P-loop_NTPase;RecF/RecN/SMC_N;RecF_2;,
Clo1313_0005,RS00030,CP002416.1,,4410,4724,+,hypothetical protein,Function unknown,UPI000038F4E8,Op2,,,RemA-like;,DUF370
Clo1313_0006,gyrB,CP002416.1,,4773,6698,+,DNA gyrase%2C B subunit,"Replication, recombination and repair",UPI000038F4E9,Op3,ATP binding; DNA binding; DNA negative supercoiling activity; metal ion binding,DNA topological change; DNA-templated DNA replication,DNA_gyrase_B_C;GyrB;HATPase_C_sf;HATPase_dom;Ribosomal_Su5_D2-typ_SF;Ribsml_uS5_D2-typ_fold_subgr;Topo_IIA;Topo_IIA-like_dom_sf;Topo_IIA_B;Topo_IIA_B_C;Topo_IIA_bsu_dom2;TopoIIA_CS;TOPRIM_dom;TOPRIM_GyrB;,DNA_gyraseB;DNA_gyraseB_C;HATPase_c;Toprim
Clo1313_0007,RS00040,CP002416.1,,7685,8461,+,cobyrinic acid ac-diamide synthase,"Cell cycle control, cell division, chromosome partitioning",UPI00003C8C52,Op4,,,AAA_dom;DNA_Partitioning_ATPase;P-loop_NTPase;,AAA_31
Clo1313_0008,RS00045,CP002416.1,,8458,9327,+,parB-like partition protein,Transcription,UPI000038F4EB,Op4,,,Chromosome_partition/occlusion;HTH_ParB/Spo0J;ParB/RepB/Spo0J;ParB/Sulfiredoxin_sf;ParB_dimer_C;ParB_N;,ParBc
Clo1313_0009,RS00050,CP002416.1,,9889,10398,+,hypothetical protein,"Cell cycle control, cell division, chromosome partitioning",UPI000038F4EC,Op5,,,DUF4446;,DUF4446
Clo1313_0010,RS00055,CP002416.1,,10419,11159,+,TPR repeat-containing protein,No COG annotation,UPI00003C8C51,Op5,,,TPR-like_helical_dom_sf;TPR_rpt;,TPR_6
Clo1313_0011,serS,CP002416.1,,11323,12594,+,seryl-tRNA synthetase,"Translation, ribosomal structure and biogenesis",UPI0000534C70,Op6,"ATP binding; catalytic activity, acting on a protein; serine-tRNA ligase activity; transferase activity",selenocysteine biosynthetic process; seryl-tRNA aminoacylation,aa-tRNA-synt_IIb;aa-tRNA-synth_II;aa-tRNA-synth_II/BPL/LPL;Ser-tRNA-ligase_type_1;Ser-tRNA-synth_1_N;SerRS_1_N_sf;SerRS_core;tRNA-bd_arm;,Seryl_tRNA_N;tRNA-synt_2b
Clo1313_0012,RS00075,CP002416.1,,13113,14513,-,major facilitator superfamily MFS_1,Amino acid transport and metabolism,UPI00017E1DF9,Op7,,,MFS;MFS_dom;MFS_spinster-like;MFS_trans_sf;,MFS_1
Clo1313_0013,RS00080,CP002416.1,,14850,15764,-,copper amine oxidase-like domain-containing protein,Function unknown,UPI0001B1F045,Op8,,,Cu_amine_oxidase-like_N;Mao_N_sf;,Cu_amine_oxidN1
Clo1313_0014,RS00085,CP002416.1,,16039,16608,-,S-layer domain-containing protein,Function unknown,UPI000038F4F2,Op9,,,SLH_dom;,SLH
Clo1313_0015,RS00090,CP002416.1,,16820,17353,+,hypothetical protein,Function unknown,UPI00003C8C4F,Op10,,,Low_temp-induced_all0457;,-
Clo1313_0016,RS00095,CP002416.1,,17463,19172,-,VanW family protein,Defense mechanisms,UPI0001B1F044,Op11,,,G5_dom;Glycopeptide_resist_protein;Vancomycin_resist_VanW;YoaR-like_PG-bd;,G5;PG_binding_4;VanW
Clo1313_0017,RS00100,CP002416.1,,19517,20788,-,peptidase M14 carboxypeptidase A,Amino acid transport and metabolism,UPI0001B1F043,Op12,,,ENP1_M14_CPD;LysM;LysM_dom_sf;Peptidase_M14;Peptidoglycan-bd-like;PGBD-like_sf;PGBDSf;,LysM;PG_binding_1;Peptidase_M14
Clo1313_0018,RS00105,CP002416.1,,20974,21297,+,hypothetical protein,Function unknown,UPI000038F4F6,Op13,,,DUF2508;,DUF2508
Clo1313_0019,RS00110,CP002416.1,,21451,21729,+,pro-sigmaK processing inhibitor BofA,Function unknown,UPI0000F218FF,Op14,,,BofA;,BofA
Clo1313_0020,RS00115,CP002416.1,,22030,22608,+,pyruvate/ketoisovalerate oxidoreductase%2C gamma subunit,Energy production and conversion,UPI000038F4F8,Op15,,,Oxidoreductase_gamma_subunit;PorC_KorC;Pyrv/ketoisovalerate_OxRed_cat;Pyrv_flavodox_OxRed_cen;,POR
Clo1313_0021,RS00120,CP002416.1,,22605,22910,+,pyruvate ferredoxin/flavodoxin oxidoreductase%2C delta subunit,Energy production and conversion,UPI00003C8C4C,Op15,,,4Fe4S_Fe-S-bd;4Fe4S_Fe_S_CS;PorD_KorD;,Fer4
Clo1313_0022,porA,CP002416.1,,22927,24111,+,pyruvate flavodoxin/ferredoxin oxidoreductase domain protein,Energy production and conversion,UPI0001B1F042,Op15,,,PFOR_II;Pyruvate:ferred/Flavod_OxRd;Pyrv_Fd/Flavodoxin_OxRdtase_N;THDP-binding;Transketo_C/PFOR_II;,PFOR_II;POR_N
Clo1313_0023,RS00130,CP002416.1,,24124,25059,+,thiamine pyrophosphate TPP-binding domain-containing protein,Energy production and conversion,UPI000038F4FA,Op15,,,PorB-like;THDP-binding;TPP_enzyme_TPP-bd;,TPP_enzyme_C
Clo1313_0024,RS15480,CP002416.1,,25190,25312,-,putative lipoprotein,No COG annotation,UPI0001C14673,Op16,,,,
Clo1313_0025,RS00135,CP002416.1,,25455,26294,-,hypothetical protein,No COG annotation,UPI0000532F78,Op17,,,,-
Clo1313_0026,RS00140,CP002416.1,,26384,27103,-,helix-turn-helix domain protein,Transcription,UPI0000537848,Op18,,,Cro/C1-type_HTH;Lambda_DNA-bd_dom_sf;,HTH_3
Clo1313_0027,RS00145,CP002416.1,,27771,28034,+,hypothetical protein,No COG annotation,UPI00017E1C6F,Op19,,,,-
Clo1313_0028,RS00150,CP002416.1,,28210,29430,+,glycosyl transferase family 39,Cell wall/membrane/envelope biogenesis,UPI0001F32934,Op20,,,LipidA_mod_glycosyltrf_83;RgtA/B/C-like;,PMT_2
Clo1313_0029,RS00155,CP002416.1,,29572,30561,+,spore coat protein%2C CotS family,Function unknown,UPI00003C8C48,Op21,,,Aminoglycoside_PTrfase;CotS-like;Kinase-like_dom_sf;Spore_coat_CotS;,APH;Choline_kinase
Clo1313_0030,RS00160,CP002416.1,,30673,32343,-,Formate--tetrahydrofolate ligase,Coenzyme transport and metabolism,UPI00005362CA,Op22,,,Formate_THF_ligase;Formate_THF_ligase_CS;P-loop_NTPase;,FTHFS
Clo1313_0031,yabG,CP002416.1,,32510,33385,+,sporulation peptidase YabG,Function unknown,UPI00003C8C46,Op23,,,Peptidase_U57;,Peptidase_U57
Clo1313_0032,RS00170,CP002416.1,,33620,33886,+,protein of unknown function DUF1021,Function unknown,UPI000038F503,Op24,,,Protein_Veg;,VEG
Clo1313_0033,RS00175,CP002416.1,,34163,35731,+,Peptidoglycan-binding lysin domain,Cell wall/membrane/envelope biogenesis,UPI000038F504,Op25,,,LysM;LysM_dom_sf;SipL_SPOCS_dom;,DUF3794;LysM
Clo1313_0034,RS00180,CP002416.1,,35989,36825,+,4-diphosphocytidyl-2C-methyl-D-erythritol kinase,Lipid transport and metabolism,UPI0001B1F00C,Op26,,,GHMP_kinase_C_dom;GHMP_kinase_C_sf;GHMP_kinase_N_dom;IspE;Ribosomal_Su5_D2-typ_SF;Ribsml_uS5_D2-typ_fold_subgr;,GHMP_kinases_C;GHMP_kinases_N
Clo1313_0035,RS00185,CP002416.1,,36932,37624,+,transcriptional regulator%2C GntR family,Transcription,UPI0001F32935,Op27,,,,FCD;GntR
Clo1313_0036,RS00190,CP002416.1,,37635,37841,-,Heavy metal transport/detoxification protein,Inorganic ion transport and metabolism,UPI00003C8C45,Op28,,,HMA_dom;HMA_dom_sf;,HMA
Clo1313_0037,RS00195,CP002416.1,,38050,38562,+,hypothetical protein,Cell motility,UPI00005353E9,Op29,,,CheC-like_sf;CheX-like_dom;,CheX
Clo1313_0038,RS00200,CP002416.1,,38642,40264,+,AAA ATPase central domain protein,"Post-translational modification, protein turnover, and chaperones",UPI0001B1F00B,Op30,,,AAA+_ATPase;AAA_ATPase_domain;ATPase_AAA_core;P-loop_NTPase;,AAA
Clo1313_0039,RS00205,CP002416.1,,40359,41087,+,PspA/IM30 family protein,Transcription,UPI000038F509,Op31,,,PspA_VIPP1;,PspA_IM30
Clo1313_0040,RS00210,CP002416.1,,41153,41959,+,hypothetical protein,No COG annotation,UPI00003C8C42,Op32,,,,-
Clo1313_0041,RS00215,CP002416.1,,42139,43731,+,protein of unknown function DUF342,"Replication, recombination and repair",UPI0001B1F00A,Op33,,,FapA;FapA_b_solenoid;FapA_N;,FapA
Clo1313_0042,RS00220,CP002416.1,,43827,44972,+,metallophosphoesterase,"Replication, recombination and repair",UPI0000531982,Op34,,,Calcineurin-like_PHP;DNA_Repair-Maintenance_Comp;Metallo-depent_PP-like;Mre11_N;,Metallophos;Metallophos_2
Clo1313_0043,RS00225,CP002416.1,,45034,47685,+,SMC domain protein,"Replication, recombination and repair",UPI000038F50D,Op35,,,P-loop_NTPase;Rad50/SbcC_AAA;,AAA_23;AAA_27
Clo1313_0044,RS00230,CP002416.1,,47746,48768,+,NLP/P60 protein,Cell wall/membrane/envelope biogenesis,UPI0001B1F009,Op36,,,NLP_P60_dom;Papain-like_cys_pep_sf;Peptidase_C40;SH3-like_bac-type;SH3_16;,NLPC_P60;SH3_3;SH3_4
Clo1313_0046,sleB,CP002416.1,,50121,50822,+,spore cortex-lytic enzyme,Cell wall/membrane/envelope biogenesis,UPI000053784E,Op37,,,Cell_wall_hydrolase_SleB;Peptidoglycan-bd-like;PGBD-like_sf;PGBDSf;SleB_dom1;Spore_cortex_SleB;,Hydrolase_2;PG_binding_1
Clo1313_0047,ypeB,CP002416.1,,50866,52260,+,germination protein YpeB,Coenzyme transport and metabolism,UPI00005370F8,Op38,,,YpeB_N;YpeB_PepSY1-2;,PepSY;YPEB
Clo1313_0048,RS00255,CP002416.1,,52424,53512,+,Abortive infection protein,Function unknown,UPI0001B1F006,Op39,,,CAAX_protease;Rce1/LyrA-like_dom;,Abi
Clo1313_0049,RS00260,CP002416.1,,53564,54607,-,AAA ATPase,"Replication, recombination and repair",UPI000038FC13,Op40,,,AAA+_ATPase;IstB_ATP-bd;P-loop_NTPase;,IstB_IS21
Clo1313_0050,RS00265,CP002416.1,,54692,55618,-,primosome%2C DnaD subunit,"Replication, recombination and repair",UPI0001B1F005,Op41,,,,DnaB_2
Clo1313_0051,RS00275,CP002416.1,,56185,57966,+,metal dependent phosphohydrolase,Function unknown,UPI0001B1F004,Op42,,,dGTPase-like;HD/PDEase_dom;HD_domain;,HD
Clo1313_0052,RS00280,CP002416.1,,57997,58245,+,hypothetical protein,No COG annotation,UPI000038FC10,Op42,,,,
Clo1313_0053,RS00285,CP002416.1,,58408,59481,-,hypothetical protein,"Intracellular trafficking, secretion, and vesicular transport",UPI000038FC0F,Op43,,,LRP1-like_beta_prop;,DUF5050
Clo1313_0054,RS00290,CP002416.1,,59659,62664,-,type 3a cellulose-binding domain protein,Carbohydrate transport and metabolism,UPI0001B1F003,Op44,,,CBM2/CBM3_carb-bd_dom_sf;CBM3;CBM3_sf;VWF_A;vWFA_dom_sf;,CBM_3;CBM_4_9;VWA
Clo1313_0055,RS00295,CP002416.1,,62788,63618,-,copper amine oxidase-like domain-containing protein,"Translation, ribosomal structure and biogenesis",UPI000038FC0C,Op45,,,Cu_amine_oxidase-like_N;Mao_N_sf;,Cu_amine_oxidN1
Clo1313_0056,RS00300,CP002416.1,,64077,64916,+,MotA/TolQ/ExbB proton channel,Cell motility,UPI00005353E0,Op46,,,Flag_MotA_CS;MotA-like;MotA_ExbB_proton_chnl;MotA_N;,MotA_ExbB
Clo1313_0057,RS00305,CP002416.1,,64930,65730,+,OmpA/MotB domain protein,Cell motility,UPI0001B1EFD2,Op46,,,Bact_OuterMem_StrucFunc;MotB-like_N_dom;OmpA-like;OmpA-like_sf;,MotB_plug;OmpA
Clo1313_0058,RS00310,CP002416.1,,65996,66952,+,protein of unknown function DUF1385,Function unknown,UPI000053868C,Op47,,,DUF1385;,DUF1385;MTS
Clo1313_0059,prmC,CP002416.1,,66965,67873,+,protein-(glutamine-N5) methyltransferase%2C release factor-specific,"Translation, ribosomal structure and biogenesis",UPI000038FE00,Op47,nucleic acid binding; peptide chain release factor N(5)-glutamine methyltransferase activity,methylation,DNA_methylase_N6_adenine_CS;HemK-like;Methyltranfer_dom;N5-glutamine_MTase;PrmC_N;RF_methyltr_PrmC;SAM-dependent_MTases_sf;,MTS;Methyltransf_31
Clo1313_0060,ytvI,CP002416.1,,67870,68940,-,sporulation integral membrane protein YtvI,Function unknown,UPI00005320E2,Op48,,,AI-2E-like;YtvI-like;,AI-2E_transport
Clo1313_0061,rsxC,CP002416.1,,69547,70866,+,electron transport complex%2C RnfABCDGE type%2C C subunit,Energy production and conversion,UPI000038FE02,Op49,,,4Fe4S_Fe-S-bd;4Fe4S_Fe_S_CS;Ion_transpt_RnfC/RsxC;Nuo51_FMN-bd;Nuo51_FMN-bd_sf;RnfC_N;Soluble_ligand-bd;,Complex1_51K;Fer4_10;Fer4_7;MTHFR_C;RnfC_N;SLBB
Clo1313_0062,RS00330,CP002416.1,,70868,71833,+,electron transport complex%2C RnfABCDGE type%2C D subunit,Energy production and conversion,UPI00017E1964,Op49,,,NqrB/RnfD;RnfD_bac;,NQR2_RnfD_RnfE
Clo1313_0063,RS00335,CP002416.1,,71817,72410,+,electron transport complex%2C RnfABCDGE type%2C G subunit,Energy production and conversion,UPI0000537F81,Op49,,,FMN-bd;Ion_transpt_RnfG/RsxG;,FMN_bind
Clo1313_0064,RS00340,CP002416.1,,72413,73069,+,electron transport complex%2C RnfABCDGE type%2C E subunit,Energy production and conversion,UPI0000F21917,Op49,,,NqrDE/RnfAE;RnfE;,Rnf-Nqr
Clo1313_0065,rsxA,CP002416.1,,73075,73662,+,electron transport complex%2C RnfABCDGE type%2C A subunit,Energy production and conversion,UPI00003C8F2A,Op49,,,Ion_transpt_RnfA/RsxA;NqrDE/RnfAE;NqrDE/RnfAE_oxidrdctase;,Rnf-Nqr
Clo1313_0066,RS00350,CP002416.1,,73701,74504,+,electron transport complex%2C RnfABCDGE type%2C B subunit,Energy production and conversion,UPI000038FE5A,Op49,,,4Fe-4S_dom;4Fe4S_Fe-S-bd;4Fe4S_Fe_S_CS;4Fe4S_Ferredoxin_RnfB;Elect_transpt_cplx_RnfB/RsxB;,FeS;Fer4;Fer4_13;Fer4_4;Fer4_9
Clo1313_0067,RS00355,CP002416.1,,74595,74831,-,hypothetical protein,No COG annotation,UPI000038FE5B,Op50,,,,-
Clo1313_0068,RS00360,CP002416.1,,75009,75518,+,shikimate kinase,Amino acid transport and metabolism,UPI000038FE5C,Op51,,,P-loop_NTPase;Shikimate/glucono_kinase;Shikimate_kinase/TSH1;,SKI
Clo1313_0070,RS00365,CP002416.1,,76031,76510,+,GCN5-related N-acetyltransferase,Transcription,UPI0000F21919,Op52,,,Acyl_CoA_acyltransferase;GNAT_dom;,Acetyltransf_1;Acetyltransf_10;Acetyltransf_7
Clo1313_0071,RS00370,CP002416.1,,76664,77089,+,hypothetical protein,Function unknown,UPI00003C8F27,Op53,,,DUF4275;,DUF4275
Clo1313_0072,RS00375,CP002416.1,,77161,77964,-,transcriptional regulator%2C DeoR family,Transcription,UPI00003C8F26,Op54,,,Carb_Metab_HTH_regulators;DeoR-like_C;DeoR_HTH;NagB/RpiA_transferase-like;WH-like_DNA-bd_sf;WH_DNA-bd_sf;,DeoRC;HTH_DeoR
Clo1313_0073,glpK,CP002416.1,,78258,79742,+,Carbohydrate kinase%2C FGGY-like protein,Carbohydrate transport and metabolism,UPI000038FAE5,Op55,,,ATPase_NBD;Carb_kinase_FGGY;Carb_kinase_FGGY_CS;FGGY_C;FGGY_N;,FGGY_C;FGGY_N
Clo1313_0074,RS00385,CP002416.1,,79748,80584,+,Transketolase domain-containing protein,Carbohydrate transport and metabolism,UPI00003C8F25,Op55,,,THDP-binding;Transketolase_CS;Transketolase_N;,Transketolase_N
Clo1313_0075,RS00390,CP002416.1,,80581,81522,+,Transketolase domain-containing protein,Carbohydrate transport and metabolism,UPI00003C8F24,Op55,,,PDH/Transketolase;THDP-binding;Transketo_C/PFOR_II;Transketolase-like_Pyr-bd;Transketolase_C;,Transket_pyr;Transketolase_C
Clo1313_0076,RS00395,CP002416.1,,81603,82646,+,Alcohol dehydrogenase GroES domain protein,Energy production and conversion,UPI00003C8F23,Op56,,,ADH-like_C;ADH-like_N;ADH_Zn_CS;GroES-like_sf;NAD(P)-bd_dom_sf;SDH-like;,ADH_N;ADH_zinc_N
Clo1313_0077,RS00400,CP002416.1,,82829,83947,+,hypothetical protein,Carbohydrate transport and metabolism,UPI00003C8F22,Op57,,,Bact_Solute-Bind_Prot2;Peripla_BP_I;SBP_2_dom;,Peripla_BP_4
Clo1313_0078,RS00405,CP002416.1,,83949,85436,+,ABC transporter related protein,Carbohydrate transport and metabolism,UPI0001B1EFD0,Op57,,,AAA+_ATPase;ABC_carbohydrate_import_ATPase;ABC_transporter-like_ATP-bd;ABC_transporter-like_CS;P-loop_NTPase;,ABC_tran
Clo1313_0079,RS00410,CP002416.1,,85455,86438,+,inner-membrane translocator,Carbohydrate transport and metabolism,UPI00003C8F20,Op57,,,ABC_transp_permease;,BPD_transp_2
Clo1313_0080,RS00415,CP002416.1,,86440,87054,+,Phosphoglycerate mutase,Carbohydrate transport and metabolism,UPI00017E17C0,Op57,,,His_Pase_superF_clade-1;His_PPase_superfam;PG/BPGM_mutase_AS;Phosphoglycerate_Mutase;,His_Phos_1
Clo1313_0081,RS00425,CP002416.1,,87787,91050,-,SNF2 helicase associated domain protein,Transcription,UPI0001B1EFCF,Op58,,,Helicase_ATP-bd;Helicase_C-like;Helicase_SWF/SNF/SWI_bac;P-loop_NTPase;SNF2-like_sf;SNF2/RAD54-like_C;SNF2_N;Znf_SWIM;,Helicase_C;SNF2_N;SNF2_assoc;SWIM
Clo1313_0082,pepF,CP002416.1,,91265,93073,-,oligoendopeptidase F,Amino acid transport and metabolism,UPI000038FADE,Op59,,,OligopepF_N_dom;OligoPept_F_C;Pept_M3A_M3B;Pept_M3A_M3B_dom;Peptidase_M3B;,Peptidase_M3;Peptidase_M3_N
Clo1313_0083,RS00435,CP002416.1,,93126,93482,-,MazG nucleotide pyrophosphohydrolase,Function unknown,UPI000038FADD,Op60,,,dCTP_Pyrophosphatase;DCTPP;,MazG-like
Clo1313_0084,RS00440,CP002416.1,,93693,96821,-,S-layer domain-containing protein,Carbohydrate transport and metabolism,UPI000038FADC,Op61,,,FN3_dom;FN3_sf;Ig-like_fold;SLH_dom;Striated_Muscle_Regulatory;,SLH;fn3
Clo1313_0085,RS00450,CP002416.1,,97366,97851,+,CMP/dCMP deaminase zinc-binding protein,Nucleotide transport and metabolism,UPI00005323D7,Op62,,,APOBEC/CMP_deaminase_Zn-bd;CMP_dCMP_dom;Cytidine_deaminase-like;;tRNA_aden_deaminase;,MafB19-deam
Clo1313_0087,RS00465,CP002416.1,,98287,98895,+,Cupin 2 conserved barrel domain protein,Carbohydrate transport and metabolism,UPI000038FBE7,Op63,,,Cupin_2;Flavonoid_dioxygenase-like;RmlC-like_jellyroll;RmlC_Cupin_sf;,Cupin_2
Clo1313_0088,RS00470,CP002416.1,,98924,100213,-,3D domain-containing protein,Function unknown,UPI000038FBE8,Op64,,,3D_dom;3D_YorM;Resuscitation_pf_RpfB;RlpA-like_sf;,3D
Clo1313_0089,RS00475,CP002416.1,,100258,101286,-,transcriptional regulator%2C LacI family,Transcription,UPI0001B1EFCE,Op65,,,HTH_LacI;LacI/GalR-like_sensor;Lambda_DNA-bd_dom_sf;Peripla_BP_I;,LacI;Peripla_BP_3
Clo1313_0090,RS15490,CP002416.1,,101772,104951,+,S-layer domain-containing protein,Carbohydrate transport and metabolism,UPI0001F3294D,Op66,,,,CBM_3;Laminin_G_3
Clo1313_0091,RS00490,CP002416.1,,105136,105951,+,peptidase U57 YabG,Function unknown,UPI000038FBEB,Op67,,,Peptidase_U57;,Peptidase_U57
Clo1313_0092,RS00495,CP002416.1,,106095,108053,+,DNA topoisomerase type IA central domain protein,"Replication, recombination and repair",UPI00017E526E,Op68,,,Topo_IA;Topo_IA_2;Topo_IA_AS;Topo_IA_cen;Topo_IA_cen_sub1;Topo_IA_cen_sub2;Topo_IA_cen_sub3;Topo_IA_core_domain;Topo_IA_DNA-bd_dom;TopoIII;TOPRIM_dom;TOPRIM_TopoIII;,Topoisom_bac;Toprim;Toprim_Crpt
Clo1313_0093,RS00500,CP002416.1,,108303,109160,+,protein of unknown function DUF368,Function unknown,UPI000038FBEF,Op69,,,VCA0040-like;,DUF368
Clo1313_0094,RS00505,CP002416.1,,109591,110439,+,MscS Mechanosensitive ion channel,Cell wall/membrane/envelope biogenesis,UPI0000531C65,Op70,,,LSM_dom_sf;MS_channel_C;MscS_beta-dom_sf;MscS_channel_2nd;MscS_channel_C_sf;MscS_channel_TM-2;YbiO_bact;,MS_channel
Clo1313_0095,RS00510,CP002416.1,,110645,110845,+,protein of unknown function DUF951,Function unknown,UPI00005315BD,Op71,,,DUF951;,DUF951
Clo1313_0096,RS00515,CP002416.1,,110933,112111,+,peptidase S1 and S6 chymotrypsin/Hap,"Post-translational modification, protein turnover, and chaperones",UPI00017E4E49,Op72,,,PDZ;PDZ_sf;Peptidase_S1_PA;Peptidase_S1C;,PDZ_2;Trypsin_2
Clo1313_0097,RS00520,CP002416.1,,112217,112510,+,hypothetical protein,No COG annotation,UPI0000536D1E,Op73,,,,-
Clo1313_0098,RS00525,CP002416.1,,112660,113124,+,CMP/dCMP deaminase zinc-binding protein,Nucleotide transport and metabolism,UPI000038FBF3,Op74,,,APOBEC/CMP_deaminase_Zn-bd;CMP_dCMP_dom;Cytidine_deaminase-like;,dCMP_cyt_deam_1
Clo1313_0099,ilvB,CP002416.1,,113506,115134,+,acetolactate synthase%2C large subunit%2C biosynthetic type,Coenzyme transport and metabolism,UPI00003C8E25,Op75,,,Acetolactate_synth_lsu;AHAS_TPP;DHS-like_NAD/FAD-binding_dom;THDP-binding;Thiamin_PyroP_enz_cen_dom;Thiamin_PyroP_enz_TPP-bd_dom;TPP-bd_CS;TPP_enz;TPP_enzyme_TPP-bd;,TPP_enzyme_C;TPP_enzyme_M;TPP_enzyme_N
Clo1313_0100,ilvN,CP002416.1,,115166,115678,+,acetolactate synthase%2C small subunit,Amino acid transport and metabolism,UPI00003C8E24,Op75,,,Acetalactate_synth_ssu;Acetolactate_synth/TF_NikR_C;Acetolactate_synth_ssu_C;ACT-like_dom_sf;ACT_dom;AHAS_ACT;AHAS_small-like_ACT;,ACT;ACT_5;ALS_ss_C
Clo1313_0101,ilvC,CP002416.1,,115686,116681,+,ketol-acid reductoisomerase,Coenzyme transport and metabolism,UPI00003C8E23,Op75,ketol-acid reductoisomerase activity; magnesium ion binding; NADP binding,isoleucine biosynthetic process; L-valine biosynthetic process,6-PGluconate_DH-like_C_sf;KARI;KARI_C;KARI_N;KARI_prok;NAD(P)-bd_dom_sf;,IlvC;IlvN
Clo1313_0102,RS00545,CP002416.1,,116764,118344,+,2-isopropylmalate synthase/homocitrate synthase family protein,Amino acid transport and metabolism,UPI00005373E5,Op76,,,2-isopropylmalate_synth_dimer;AIPM/Hcit_synth_CS;Aldolase_TIM;Citramal_synthase;LeuA/HCS_post-cat;LeuA_allosteric_dom_sf;PYR_CT;,HMGL-like;LeuA_dimer
Clo1313_0103,RS00550,CP002416.1,,118384,118641,+,hypothetical protein,Function unknown,UPI00003C8E21,Op76,,,,-
Clo1313_0104,sigI,CP002416.1,,118837,119544,+,RNA polymerase%2C sigma 28 subunit%2C SigI,Transcription,UPI00017E4E56,Op77,,,RNA_pol_sigma-70_dom;RNA_pol_sigma-I;RNA_pol_sigma70_r2;RNA_pol_sigma_r2;,Sigma70_r2
Clo1313_0105,RS00560,CP002416.1,,119544,121166,+,hypothetical protein,Function unknown,UPI0001B1F080,Op77,,,Anti-sigma_RsgI_N;RsgI_M;,RsgI_N
Clo1313_0106,RS00565,CP002416.1,,121360,121740,+,hypothetical protein,Function unknown,UPI000038F751,Op78,,,DUF2721;,DUF2721
Clo1313_0107,RS00570,CP002416.1,,122010,122453,+,transcriptional regulator%2C BadM/Rrf2 family,Transcription,UPI00003C8E1E,Op79,,,Tscrpt_reg_Rrf2;WH-like_DNA-bd_sf;WH_DNA-bd_sf;,Rrf2
Clo1313_0108,hemA,CP002416.1,,122683,123678,+,Glutamyl-tRNA reductase,Coenzyme transport and metabolism,UPI0000537B99,Op80,glutamyl-tRNA reductase activity; NADP binding,protoporphyrinogen IX biosynthetic process from glutamate,4pyrrol_synth_GluRdtase;4pyrrol_synth_GluRdtase_N;GluRdtase_N_sf;NAD(P)-bd_dom_sf;Shikm_DH/Glu-tRNA_Rdtase;,GlutR_N;GlutR_dimer;NAD_binding_7;Shikimate_DH
Clo1313_0109,RS00580,CP002416.1,,123675,124148,+,siroheme synthase,Coenzyme transport and metabolism,UPI00003C8E1C,Op80,,,Met8-like;NAD(P)-bd_dom_sf;Sirohaem_synthase_N;,CysG_dimeriser;NAD_binding_7;Sirohm_synth_M
Clo1313_0110,hemC,CP002416.1,,124123,125001,+,porphobilinogen deaminase,Coenzyme transport and metabolism,UPI00003C8E1B,Op80,hydroxymethylbilane synthase activity,protoporphyrinogen IX biosynthetic process,HemC;Porphobilin_deaminase_N;Porphobilinogen_deaminase_C;Porphobilinogen_deaminase_C_sf;,Porphobil_deam;Porphobil_deamC
Clo1313_0111,cobA,CP002416.1,,125001,126482,+,uroporphyrin-III C-methyltransferase,Coenzyme transport and metabolism,UPI000038F753,Op80,,,4pyrrol_Mease;4pyrrol_Methylase_sf;4pyrrol_syn_uPrphyn_synt_sf;4pyrrol_synth_uPrphyn_synth;4pyrrole_Mease_sub1;4pyrrole_Mease_sub2;CobA/CysG_C;Siro_Cobalamin_biosynth;Uropor_MeTrfase_CS;,HEM4;Porphobil_deam;Porphobil_deamC;TP_methylase
Clo1313_0112,hemB,CP002416.1,,126751,127731,+,Porphobilinogen synthase,Coenzyme transport and metabolism,UPI000038F754,Op81,,,ALAD;ALAD_AS;Aldolase_TIM;,ALAD
Clo1313_0113,hemL,CP002416.1,,127731,129014,+,glutamate-1-semialdehyde-2%2C1-aminomutase,Coenzyme transport and metabolism,UPI000038F755,Op81,"glutamate-1-semialdehyde 2,1-aminomutase activity; pyridoxal phosphate binding; transaminase activity",protoporphyrinogen IX biosynthetic process,4pyrrol_synth_GluAld_NH2Trfase;Aminotrans_3;Aminotrans_3_PPA_site;PyrdxlP-dep_Trfase;PyrdxlP-dep_Trfase_major;PyrdxlP-dep_Trfase_small;,Aminotran_3
Clo1313_0114,RS00605,CP002416.1,,129323,130393,+,sulfate ABC transporter%2C periplasmic sulfate-binding protein,Inorganic ion transport and metabolism,UPI0000F2192F,Op82,,,Sulphate/thiosulphate_BS;Thiosulph/SO4-bd;,SBP_bac_11
Clo1313_0115,cysT,CP002416.1,,130418,131266,+,sulfate ABC transporter%2C inner membrane subunit CysT,Inorganic ion transport and metabolism,UPI00017E2FB4,Op82,,,CysT_permease;MetI-like;MetI-like_sf;Sulph_transpt2;,BPD_transp_1
Clo1313_0116,cysW,CP002416.1,,131353,132237,+,sulfate ABC transporter%2C inner membrane subunit CysW,Inorganic ion transport and metabolism,UPI00003C8AEF,Op82,,,CysW_permease;MetI-like;MetI-like_sf;Sulph_transpt2;,BPD_transp_1
Clo1313_0117,RS00620,CP002416.1,,132280,133344,+,sulfate ABC transporter%2C ATPase subunit,Inorganic ion transport and metabolism,UPI000038F759,Op83,,,AAA+_ATPase;ABC_SmlMolc_Importer;ABC_transporter-like_ATP-bd;ABC_transporter-like_CS;CysA_C;Mo/tungstate-bd_C_term_dom;P-loop_NTPase;Sulph_transpt1;TOBE-like;,ABC_tran;TOBE_3
Clo1313_0118,RS00625,CP002416.1,,133412,134131,+,adenylylsulfate reductase%2C thioredoxin dependent,Amino acid transport and metabolism,UPI00017E2FB3,Op84,,,APS_reductase;PAPS/APS_Rdtase;PAPS_reduct_dom;Rossmann-like_a/b/a_fold;,PAPS_reduct
Clo1313_0119,RS00630,CP002416.1,,134419,135300,+,phosphoadenosine phosphosulfate reductase,Amino acid transport and metabolism,UPI0000533E13,Op84,,,PAPS_reduct_dom;Rossmann-like_a/b/a_fold;SO4_adenylTrfase_ssu;Sulfate_adenylyltrnsfr_sub2;,PAPS_reduct
Clo1313_0120,RS00635,CP002416.1,,135302,137101,+,sulfate adenylyltransferase%2C large subunit,Coenzyme transport and metabolism,UPI000038F75C,Op84,,,APS_kinase_dom;CysN_GTP-bd;CysN_II;CysN_NoDQ_III;G_TR_CS;GTP-eEF1A_C;P-loop_NTPase;SO4_adenylTrfase_lsu;T_Tr_GTP-bd_dom;TRAFAC_GTPase_members;Transl_B-barrel_sf;Transl_elong_EF1A/Init_IF2_C;,APS_kinase;GTP_EFTU;GTP_EFTU_D3
Clo1313_0121,thiS,CP002416.1,,137120,137329,+,thiamine biosynthesis protein ThiS,Coenzyme transport and metabolism,UPI0001B1F07F,Op84,,,Beta-grasp_dom_sf;Mopterin_synth/thiamin_S_b;Thi_S;ThiS/MoaD-like;,ThiS
Clo1313_0122,moeB,CP002416.1,,137326,138138,+,UBA/THIF-type NAD/FAD binding protein,Coenzyme transport and metabolism,UPI000038F75E,Op84,,,ThiF/MoeB/HesA;ThiF_NAD_FAD-bd;Ubiquitin-activating_enz;,ThiF
Clo1313_0123,RS00650,CP002416.1,,138162,138581,+,Mov34/MPN/PAD-1 family protein,Function unknown,UPI00003C8AF1,Op84,,,JAB_dom_prok;JAMM/MPN+_dom;MPN;VirAsm_ModProt;,Prok-JAB
Clo1313_0124,RS00655,CP002416.1,,138582,139454,+,nitrite and sulphite reductase 4Fe-4S region,Energy production and conversion,UPI00003C8AF2,Op84,,,4Fe4S_Fe-S-bd;4Fe4S_Fe_S_CS;NIR_SIR_4Fe-4S;NiRdtase/SiRdtase_haem-b_fer;Nit/Sulf_reduc_fer-like_dom_sf;NO2/SO3_Rdtase_4Fe4S_dom;NO2/SO3_Rdtase_4Fe4S_sf;NO2/SO3_Rdtase_FeS/sirohaem_BS;,Fer4;NIR_SIR;NIR_SIR_ferr
Clo1313_0125,RS00660,CP002416.1,,139492,139737,+,SirA-like domain-containing protein,"Post-translational modification, protein turnover, and chaperones",UPI0000532837,Op84,,,TusA-like;TusA-like_sf;,TusA
Clo1313_0126,RS00665,CP002416.1,,139811,141208,-,Lipoprotein LpqB%2C GerMN domain,Function unknown,UPI0000F21922,Op85,,,GerMN;,Germane;zf-HC2
Clo1313_0127,RS00670,CP002416.1,,141211,141792,-,RNA polymerase%2C sigma-24 subunit%2C ECF subfamily,Transcription,UPI000038F760,Op85,,,RNA_pol_sigma-70-like;RNA_pol_sigma-70_dom;RNA_pol_sigma70_ECF_CS;RNA_pol_sigma70_r2;RNA_pol_sigma70_r4_t2;RNA_pol_sigma_r2;RNA_pol_sigma_r3/r4-like;WH-like_DNA-bd_sf;,Sigma70_r2;Sigma70_r4;Sigma70_r4_2
Clo1313_0128,RS00675,CP002416.1,,142114,142677,-,hypothetical protein,Signal transduction mechanisms,UPI0001F32953,Op86,,,HATPase_C_sf;NatK-like_C;,HATPase_c_5
Clo1313_0129,RS00680,CP002416.1,,142712,143200,-,hypothetical protein,Signal transduction mechanisms,UPI00017E2E15,Op86,,,,HATPase_c_5
Clo1313_0131,RS00690,CP002416.1,,144172,144354,+,hypothetical protein,No COG annotation,UPI00017E2E12,Op87,,,,
Clo1313_0132,RS00695,CP002416.1,,144385,144711,+,hypothetical protein,No COG annotation,UPI00003C8AF8,Op87,,,,
Clo1313_0133,RS00700,CP002416.1,,144910,146421,+,alpha-L-arabinofuranosidase domain protein,Carbohydrate transport and metabolism,UPI000038F762,Op88,,,Alpha-L-AF_C;ASD1_cat;GH_hydrolase_sf;Glyco_hydro_b;,Alpha-L-AF_C
Clo1313_0134,RS15935,CP002416.1,,146526,146702,+,hypothetical protein,No COG annotation,UPI00017E2E11,Op89,,,,
Clo1313_0135,RS00705,CP002416.1,,146817,147791,+,Dockerin type 1,Carbohydrate transport and metabolism,UPI000038F763,Op90,,,Dockerin_1_rpt;Dockerin_dom;Dockerin_dom_sf;EF_Hand_1_Ca_BS;WD40/YVTN_repeat-like_dom_sf;,Dockerin_1
Clo1313_0136,RS00710,CP002416.1,,148028,149011,-,glycosyltransferase sugar-binding region containing DXD motif,Cell wall/membrane/envelope biogenesis,UPI000038F764,Op91,,,Glycosyltransferase_domain;GlycoTrfase_DXD_sugar-bd_CS;Nucleotide-diphossugar_trans;,Caps_synth;Gb3_synth;Gly_transf_sug
Clo1313_0137,RS00715,CP002416.1,,149050,150084,-,Radical SAM domain protein,Energy production and conversion,UPI000038F765,Op91,,,4Fe4S-binding_SPASM_dom;AdoMet-like_SPASM_containing;Aldolase_TIM;Radical_SAM_PqqE_MftC-like;rSAM;rSAM_sf;,Fer4_12;Radical_SAM;SPASM
Clo1313_0138,RS00720,CP002416.1,,150081,151103,-,Radical SAM domain protein,Energy production and conversion,UPI00017E2E0D,Op91,,,4Fe4S-binding_SPASM_dom;AdoMet-like_SPASM_containing;Aldolase_TIM;Radical_SAM_PqqE_MftC-like;rSAM;rSAM_sf;,Fer4_14;Radical_SAM;SPASM
Clo1313_0139,RS00725,CP002416.1,,151137,152162,-,Radical SAM domain protein,Energy production and conversion,UPI0001B1F07C,Op91,,,4Fe4S-binding_SPASM_dom;AdoMet-like_SPASM_containing;Aldolase_TIM;Elp3/MiaA/NifB-like_rSAM;Radical_SAM_PqqE_MftC-like;rSAM;rSAM_sf;,Fer4_14;Radical_SAM;SPASM
Clo1313_0140,RS00730,CP002416.1,,152146,153399,-,glycosyl transferase group 1,Cell wall/membrane/envelope biogenesis,UPI00017E2E0B,Op91,,,,Glyco_trans_1_4;Glycos_transf_1
Clo1313_0141,RS00735,CP002416.1,,153417,154568,-,methyltransferase FkbM family,Carbohydrate transport and metabolism,UPI000038F769,Op91,,,FkbM_mtfrase;SAM-dependent_MTases_sf;,Methyltransf_21
Clo1313_0142,RS00740,CP002416.1,,154723,155736,-,Radical SAM domain protein,Energy production and conversion,UPI00003C8AFA,Op92,,,4Fe4S-binding_SPASM_dom;AdoMet-like_SPASM_containing;Aldolase_TIM;Radical_SAM_PqqE_MftC-like;rSAM;rSAM_sf;,Fer4_12;Radical_SAM;SPASM
Clo1313_0143,RS00745,CP002416.1,,155793,157292,-,glycosyl transferase family 2,Function unknown,UPI000038F76A,Op93,,,Glyco_trans_2-like;Nucleotide-diphossugar_trans;SAM-dependent_MTases_sf;,Glycos_transf_2
Clo1313_0144,RS00750,CP002416.1,,157339,158256,-,NAD-dependent epimerase/dehydratase,Carbohydrate transport and metabolism,UPI000038F76B,Op94,,,Epimerase_deHydtase;NAD(P)-bd_dom_sf;,Epimerase
Clo1313_0145,rfbH,CP002416.1,,158623,159996,+,DegT/DnrJ/EryC1/StrS aminotransferase,Cell wall/membrane/envelope biogenesis,UPI00017E2E09,Op95,,,DegT/StrS_aminotransferase;PyrdxlP-dep_Trfase;PyrdxlP-dep_Trfase_major;PyrdxlP-dep_Trfase_small;,DegT_DnrJ_EryC1
Clo1313_0146,rfbC,CP002416.1,,160134,160682,+,dTDP-4-dehydrorhamnose 3%2C5-epimerase,Cell wall/membrane/envelope biogenesis,UPI00017E2E08,Op95,,,RmlC-like;RmlC-like_jellyroll;RmlC_Cupin_sf;,dTDP_sugar_isom
Clo1313_0147,rfbG,CP002416.1,,160710,161849,-,CDP-glucose 4%2C6-dehydratase,Cell wall/membrane/envelope biogenesis,UPI0001B1F059,Op96,,,CDP_4_6_deHydtase;NAD(P)-bd_dom;NAD(P)-bd_dom_sf;,GDP_Man_Dehyd
Clo1313_0148,rfbF,CP002416.1,,161925,162704,-,glucose-1-phosphate cytidylyltransferase,"Translation, ribosomal structure and biogenesis",UPI00003C8AFB,Op96,,,G1P_cyt_trans;G1P_cyt_trans-like;NTP_transferase_dom;Nucleotide-diphossugar_trans;,NTP_transferase
Clo1313_0149,RS00775,CP002416.1,,163006,164787,-,hypothetical protein,No COG annotation,UPI00017E2C81,Op97,,,,-
Clo1313_0150,RS00780,CP002416.1,,165028,166251,-,transposase mutator type,"Replication, recombination and repair",UPI00003C8CB2,Op98,,,,Transposase_mut
Clo1313_0151,RS00785,CP002416.1,,166396,167082,-,hypothetical protein,No COG annotation,UPI0001B1F03F,Op99,,,EgtB_DinB-like;DinB/YfiT-like;,DinB_2
Clo1313_0152,RS00790,CP002416.1,,168006,169367,-,Radical SAM domain protein,Energy production and conversion,UPI000038F773,Op100,,,BchE-like;Cobalamin-bd;DUF4070;Elp3/MiaA/NifB-like_rSAM;Methyltransferase_Class_B;rSAM;rSAM_horseshoe;rSAM_sf;,B12-binding;DUF4070;Radical_SAM
Clo1313_0153,RS00795,CP002416.1,,169416,169586,-,Cupin 2 conserved barrel domain protein,Carbohydrate transport and metabolism,UPI0001B1F03E,Op101,,,RmlC-like_jellyroll;RmlC_Cupin_sf;,Cupin_2
Clo1313_0154,RS00800,CP002416.1,,169744,170418,-,hypothetical protein,No COG annotation,UPI000038F774,Op102,,,,-
Clo1313_0155,RS00805,CP002416.1,,170559,170918,-,hypothetical protein,No COG annotation,UPI000038F775,Op103,,,,-
Clo1313_0156,RS00810,CP002416.1,,171089,171298,-,hypothetical protein,No COG annotation,UPI00003C8AFE,Op104,,,,
Clo1313_0157,RS00815,CP002416.1,,171661,174051,+,hypothetical protein,No COG annotation,UPI00017E2C7C,Op105,,,,
Clo1313_0159,RS00825,CP002416.1,,174977,175597,-,hypothetical protein,No COG annotation,UPI000038F778,Op106,,,,-
Clo1313_0160,RS00830,CP002416.1,,176101,176868,+,ABC transporter related protein,Inorganic ion transport and metabolism,UPI0000537F83,Op107,,,AAA+_ATPase;ABC_transporter-like_ATP-bd;ABC_transporter-like_CS;ABC_transporter_ATP-bind;P-loop_NTPase;,ABC_tran
Clo1313_0161,RS00835,CP002416.1,,176861,177673,+,binding-protein-dependent transport systems inner membrane component,Inorganic ion transport and metabolism,UPI000038F77A,Op107,,,MetI-like;MetI-like_sf;,BPD_transp_1
Clo1313_0162,RS00840,CP002416.1,,177720,178730,+,hypothetical protein,Inorganic ion transport and metabolism,UPI00017E2C7B,Op108,,,SsuA/THI5;,NMT1;NMT1_2
Clo1313_0163,RS00845,CP002416.1,,178880,180172,+,hypothetical protein,No COG annotation,UPI00017E2C7A,Op109,,,,-
Clo1313_0164,RS00850,CP002416.1,,180204,180674,-,adenylate cyclase,Function unknown,UPI00017E2C79,Op110,,,CYTH-like_dom_sf;CYTH_domain;NeuTTM/CthTTM-like;,CYTH
Clo1313_0165,RS00855,CP002416.1,,180920,182440,-,Ppx/GppA phosphatase,Nucleotide transport and metabolism,UPI0001B1F03D,Op111,,,ATPase_NBD;GppA/Ppx_hydrolase;HD/PDEase_dom;Ppx_GppA_C;Ppx_GppA_N;PyroPPase_GppA_Ppx;,HD;Ppx-GppA
Clo1313_0166,RS00860,CP002416.1,,182794,183900,+,iron-containing alcohol dehydrogenase,Energy production and conversion,UPI00017E2C78,Op112,,,ADH_Fe/GldA;ADH_Fe_C;Alcohol_dehydrogenase_Fe;,Fe-ADH
Clo1313_0167,RS00865,CP002416.1,,183912,184397,+,phosphodiesterase%2C MJ0936 family,Function unknown,UPI0001B1F03C,Op112,,,Calcineurin-like_PHP_lpxH;Metallo-depent_PP-like;Phosphodiesterase_MJ0936/Vps29;,Metallophos_2
Clo1313_0168,folP,CP002416.1,,184437,185618,+,dihydropteroate synthase,Coenzyme transport and metabolism,UPI0001B1F03B,Op112,,,DHP_synth-like;DHP_synth_dom;Dihydropteroate_synth-like_sf;Pterin-binding_dom;,Pterin_bind
Clo1313_0169,folB,CP002416.1,,185646,186023,+,dihydroneopterin aldolase,Coenzyme transport and metabolism,UPI0001B1F03A,Op112,,,Dihydroneopterin_aldolase;FolB_dom;GTP-CH-I_C/QueF;,FolB
Clo1313_0170,folK,CP002416.1,,186013,186528,+,2-amino-4-hydroxy-6-hydroxymethyldihydropteridine pyrophosphokinase,Coenzyme transport and metabolism,UPI000038F783,Op112,,,Hppk;Hppk_sf;,FolB;HPPK
Clo1313_0171,RS00885,CP002416.1,,186597,187223,+,hypothetical protein,No COG annotation,UPI0001B1F039,Op113,,,,-
Clo1313_0172,RS00890,CP002416.1,,187227,188243,+,biotin/acetyl-CoA-carboxylase ligase,Coenzyme transport and metabolism,UPI0001F3295B,Op113,,,aa-tRNA-synth_II/BPL/LPL;Bifunct_BirA;Biotin_CoA_COase_ligase;BPL_C;BPL_LPL_catalytic;HTH_11;Transcriptional_repressor_C;WH-like_DNA-bd_sf;WH_DNA-bd_sf;,BPL_C;BPL_LplA_LipB;HTH_11
Clo1313_0173,RS00895,CP002416.1,,188334,189122,+,amidohydrolase 2,Function unknown,UPI00003C8B03,Op114,,,ACMSD;Amidohydro-rel;Metal_Hydrolase;,Amidohydro_2
Clo1313_0174,RS00900,CP002416.1,,189216,189713,+,hypothetical protein,No COG annotation,UPI0001B1F001,Op115,,,,-
Clo1313_0175,RS00905,CP002416.1,,189735,190502,+,putative transcriptional acitvator%2C Baf family,Coenzyme transport and metabolism,UPI000038F787,Op115,,,ATPase_NBD;Type_III_PanK;,Pan_kinase
Clo1313_0176,RS00910,CP002416.1,,190588,191946,-,hypothetical protein,No COG annotation,UPI0000532F7C,Op116,,,LipidA_mod_glycosyltrf_83;,PMT_2
Clo1313_0177,RS00915,CP002416.1,,192359,194278,+,glycoside hydrolase family 10,Carbohydrate transport and metabolism,UPI00003C8B05,Op117,,,CarboxyPept-like_regulatory;CenC_carb-bd;Dockerin_1_rpt;Dockerin_dom;Dockerin_dom_sf;EF_Hand_1_Ca_BS;Galactose-bd-like_sf;GH_hydrolase_sf;GH10;GH10_dom;,CBM9_1;CBM_4_9;Glyco_hydro_10;SLH
Clo1313_0178,RS00920,CP002416.1,,194504,194920,+,hypothetical protein,No COG annotation,UPI0000F21A5F,Op118,,,,-
Clo1313_0179,RS00925,CP002416.1,,194971,195438,+,hypothetical protein,Function unknown,UPI00005369CA,Op119,,,DUF2752;,DUF2752
Clo1313_0180,prfA,CP002416.1,,195543,196625,+,peptide chain release factor 1,"Translation, ribosomal structure and biogenesis",UPI00003C8B06,Op120,"translation release factor activity, codon specific",,PCRF;Pep_chain_release_fac_I;Pep_chain_release_fac_I_sf;Prokaryotic/Mito_RF;RF-1;,PCRF;RF-1
Clo1313_0181,RS00935,CP002416.1,,196692,197432,+,zinc/iron permease,Inorganic ion transport and metabolism,UPI000053197E,Op121,,,ZIP;,Zip
Clo1313_0182,RS00940,CP002416.1,,197566,198621,+,Sua5/YciO/YrdC/YwlC family protein,"Translation, ribosomal structure and biogenesis",UPI0001B1F000,Op122,,,DHBP_synth_RibB-like_a/b_dom;Sua5-like_dom;Sua5/YwlC_C;Sua5_C;T(6)A37_SUA5;TC-AMP_synthase_SUA5;,SUA5;Sua5_yciO_yrdC
Clo1313_0183,RS00945,CP002416.1,,198688,199167,+,protein tyrosine phosphatase,Signal transduction mechanisms,UPI000038FA12,Op123,,,LMW_PTPase;Ptyr_pPase;Ptyr_pPase_sf;Tyr_phospatase_low_mol_wt;,LMWPc
Clo1313_0184,rpiB,CP002416.1,,199265,199714,+,sugar-phosphate isomerase%2C RpiB/LacA/LacB family,Carbohydrate transport and metabolism,UPI0000535B83,Op124,,,RpiB;RpiB_LacA_LacB;RpiB_LacA_LacB_sf;SPI_LacAB/RpiB;,LacAB_rpiB
Clo1313_0185,upp,CP002416.1,,199730,200359,+,uracil phosphoribosyltransferase,Nucleotide transport and metabolism,UPI0001B1EFFE,Op124,GTP binding; magnesium ion binding; uracil phosphoribosyltransferase activity,UMP salvage; uracil salvage,PRTase-like;PRTase_dom;Upp_B;UPRT;UPRTase/APRTase;,UPRTase
Clo1313_0186,RS00960,CP002416.1,,200391,200852,+,CMP/dCMP deaminase zinc-binding protein,Nucleotide transport and metabolism,UPI00003C8B09,Op124,,,CMP_dCMP_dom;Cytidine_deaminase-like;dCMP_deaminase;dCMP_deaminase-rel;Deoxycytidylate_deaminase_dom;,dCMP_cyt_deam_1
Clo1313_0187,RS00965,CP002416.1,,200934,202064,+,Glycosyl transferase%2C family 4%2C conserved region,Cell wall/membrane/envelope biogenesis,UPI0000534C7C,Op125,,,Glycosyl_transferase_4;PNAcMuramoyl-5peptid_Trfase_CS;,Glycos_transf_4
Clo1313_0188,wecB,CP002416.1,,202084,203238,+,UDP-N-acetylglucosamine 2-epimerase,Cell wall/membrane/envelope biogenesis,UPI0001B1EFFD,Op125,,,UDP_GlcNAc_Epimerase_2_dom;WecB-like;,Epimerase_2;Glycos_transf_4
Clo1313_0189,RS00975,CP002416.1,,203537,204292,+,ATP synthase F0%2C A subunit,Energy production and conversion,UPI000038FA0C,Op126,,,ATP_syn_F0_a_bact/chloroplast;ATP_synth_F0_asu;F0_ATP_A_sf;,ATP-synt_A
Clo1313_0190,atpE,CP002416.1,,204305,204526,+,ATP synthase F0%2C C subunit,Energy production and conversion,UPI000038FA0B,Op126,"lipid binding; proton-transporting ATP synthase activity, rotational mechanism;ATP binding; proton-transporting ATP synthase activity, rotational mechanism; proton-transporting ATPase activity, rotational mechanism",;proton motive force-driven plasma membrane ATP synthesis,ATP_synth_csu_bac/chlpt;ATP_synth_F0_csu;ATP_synth_F0_csu_DDCD_BS;ATP_synth_F0_csu_sf;ATPase_proteolipid_c-like_dom;F/V-ATP_Csub_sf;,ATP-synt_C
Clo1313_0191,atpF,CP002416.1,,204600,205145,+,ATP synthase F0%2C B subunit,Energy production and conversion,UPI00003C8B0B,Op126,"proton-transporting ATP synthase activity, rotational mechanism; proton-transporting ATPase activity, rotational mechanism",,ATP_synth_B-like_membr_sf;ATP_synth_b/b'su_bac/chlpt;ATP_synth_F0_bsu_bac;ATP_synthase_B_chain;,ATP-synt_B
Clo1313_0192,RS00990,CP002416.1,,205176,205742,+,ATP synthase F1%2C delta subunit,Energy production and conversion,UPI000038FA09,Op126,,,ATP_synth_OSCP/delta_N_sf;ATPase_OSCP/dsu;,OSCP
Clo1313_0193,RS00995,CP002416.1,,205843,207363,+,ATP synthase F1%2C alpha subunit,Energy production and conversion,UPI00017E2947,Op126,,,ATP_synth_asu-like_sf;ATP_synth_asu_C;ATP_synth_asu_C_sf;ATP_synth_F1_a_nt-bd_dom;ATP_synth_F1_asu;ATPase_a/bsu_AS;ATPase_F1/V1/A1_a/bsu_N;ATPase_F1/V1/A1_a/bsu_N_sf;ATPase_F1/V1/A1_a/bsu_nucl-bd;P-loop_NTPase;,ATP-synt_ab;ATP-synt_ab_C;ATP-synt_ab_N
Clo1313_0194,RS01000,CP002416.1,,207412,208299,+,ATP synthase F1%2C gamma subunit,Energy production and conversion,UPI000038FA07,Op126,,,ATP_synth_F1_ATPase_gsu;ATP_synth_F1_gsu;,ATP-synt
Clo1313_0195,atpD,CP002416.1,,208378,209772,+,ATP synthase F1%2C beta subunit,Energy production and conversion,UPI000038FA06,Op126,"ATP binding; proton-transporting ATP synthase activity, rotational mechanism;ATP binding; proton-transporting ATP synthase activity, rotational mechanism; proton-transporting ATPase activity, rotational mechanism",;proton motive force-driven plasma membrane ATP synthesis,AAA+_ATPase;ATP-synt_VA_C;ATP_synth_F1_bsu;ATPase_a/bsu_AS;ATPase_alpha/beta_chains;ATPase_F1/V1/A1_a/bsu_N;ATPase_F1/V1/A1_a/bsu_N_sf;ATPase_F1/V1/A1_a/bsu_nucl-bd;ATPase_F1/V1_b/a_C;P-loop_NTPase;,ATP-synt_ab;ATP-synt_ab_N
Clo1313_0196,RS01010,CP002416.1,,209785,210192,+,ATP synthase F1%2C epsilon subunit,Energy production and conversion,UPI0000534568,Op126,,,ATP_F1_dsu/esu_C_sf;ATP_synth_F1_dsu/esu;ATP_synth_F1_dsu/esu_N;ATP_synth_F1_esu_C;ATPsynth_dsu/esu_N;,ATP-synt_DE;ATP-synt_DE_N
Clo1313_0197,RS01015,CP002416.1,,210663,212417,+,hypothetical protein,"Replication, recombination and repair",UPI00003C8B0D,Op127,,,UCP020408;,DUF1524;DUF262;DUF3782;DUF4268
Clo1313_0198,RS01020,CP002416.1,,212594,217480,+,S-layer domain-containing protein,Function unknown,UPI000038FA03,Op128,,,ECM_Regulatory_Proteins;FN3_dom;FN3_sf;Ig-like_fold;SLH_dom;,SLH
Clo1313_0199,RS01025,CP002416.1,,217496,221326,+,fibronectin type III domain protein,Function unknown,UPI0001F32969,Op128,,,FN3_dom;FN3_sf;Ig-like_fold;Type-I_Cytokine_Rcpt;,-
Clo1313_0200,RS01030,CP002416.1,,221377,222237,+,S-layer domain-containing protein,Function unknown,UPI000038FA01,Op129,,,Cell_Envelope_Struct_Comp;SLH_dom;,SLH
Clo1313_0201,RS01035,CP002416.1,,222664,223416,+,protein of unknown function DUF1779,Function unknown,UPI0000535B6F,Op130,,,SpoIIT;SpoIIT-like;,DUF1779
Clo1313_0202,murA,CP002416.1,,223482,224750,+,UDP-N-acetylglucosamine 1-carboxyvinyltransferase,Cell wall/membrane/envelope biogenesis,UPI000038F9FF,Op131,UDP-N-acetylglucosamine 1-carboxyvinyltransferase activity,cell division; cell wall organization; peptidoglycan biosynthetic process; regulation of cell shape; UDP-N-acetylgalactosamine biosynthetic process,Enolpyruvate_Tfrase_dom;Enolpyruvate_Tfrase_sf;;RNA3'P_cycl/enolpyr_Trfase_a/b;UDP_GlcNAc_COvinyl_MurA;,EPSP_synthase
Clo1313_0203,spoIID,CP002416.1,,225041,226045,+,stage II sporulation protein D,"Cell cycle control, cell division, chromosome partitioning",UPI0001B1EFFC,Op132,,,Bact_Sporulation_Assoc;SpoIID/LytB;SpoIID/LytB_N;Spore_II_D_firmicutes;,SpoIID
Clo1313_0204,RS01050,CP002416.1,,226127,227047,+,Peptidase M23,Cell wall/membrane/envelope biogenesis,UPI0000F21A63,Op133,,,Cell_wall_metabolism_enzyme;Dup_hybrid_motif;M23ase_b-sheet_dom;,Peptidase_M23
Clo1313_0205,spoIIID,CP002416.1,,227390,227653,+,sporulation transcriptional regulator SpoIIID,Transcription,UPI00003C8B10,Op134,,,Spore_III_D;Tscrpt_reg_HTH_DeoR_CS;,SpoIIID
Clo1313_0206,RS01060,CP002416.1,,227823,228857,+,cell shape determining protein%2C MreB/Mrl family,"Cell cycle control, cell division, chromosome partitioning",UPI00005369C7,Op135,,,ATPase_NBD;MreB;MreB_MamK-like;,MreB_Mbl
Clo1313_0207,RS01065,CP002416.1,,229072,229851,+,flagellar hook-basal body protein,Cell motility,UPI0001B1EFCB,Op136,,,Flag_bb_rod_N;Flagellar_FlgE/F/G;Flg_bb/hook_C_dom;FlgE/F/G-like;LlgE_F_G-like_D1;,Flg_bb_rod;Flg_bbr_C
Clo1313_0208,flgG,CP002416.1,,229865,230665,+,flagellar hook-basal body protein,Cell motility,UPI00003C8B13,Op136,,,Flag_bb_rod_N;Flagellar_basal_body_rod_CS;Flagellar_FlgE/F/G;Flg_bb/hook_C_dom;FlgE/F/G-like;FlgG_G_neg;LlgE_F_G-like_D1;,Flg_bb_rod;Flg_bbr_C
Clo1313_0209,RS01075,CP002416.1,,230733,231083,+,Flagellar protein FlgJ-like protein,Cell wall/membrane/envelope biogenesis,UPI000038F718,Op137,,,Flagellar_prot_FlgJ_N;,Rod-binding
Clo1313_0210,RS01080,CP002416.1,,231135,232283,+,exopolysaccharide biosynthesis protein,Carbohydrate transport and metabolism,UPI00005369D3,Op138,,,NAGPA;,NAGPA
Clo1313_0211,Clo1313_0211,CP002416.1,,232381,232731,-,ABC transporter ATP-binding protein,Defense mechanisms,UPI000038F716,Op139,,,ABC_transporter-like_ATP-bd;P-loop_NTPase;,ABC_tran
Clo1313_0213,fabZ,CP002416.1,,233630,234070,+,beta-hydroxyacyl-(acyl-carrier-protein) dehydratase FabZ,Lipid transport and metabolism,UPI000038F715,Op140,(3R)-hydroxyacyl-[acyl-carrier-protein] dehydratase activity,fatty acid biosynthetic process; lipid A biosynthetic process,FabA_FabZ;FabZ;HotDog_dom_sf;,FabA
Clo1313_0214,RS01095,CP002416.1,,234173,235582,-,UDP-N-acetylmuramate/alanine ligase,Cell wall/membrane/envelope biogenesis,UPI00005336A2,Op141,,,Mur-like_cat_sf;Mur_ligase_C;Mur_ligase_C_dom_sf;Mur_ligase_cen;Mur_ligase_N;MurCDEF_pg_biosynth;UDP-N-AcMur_Ala_ligase_MurC;,Mur_ligase;Mur_ligase_C;Mur_ligase_M
Clo1313_0215,purR,CP002416.1,,235980,236798,+,purine operon repressor%2C PurR,Nucleotide transport and metabolism,UPI000038F713,Op142,,,PRTase-like;PRTase_dom;Pur/Pyrimidine_PRTase;PuR_N;PurR_Bsub;WH-like_DNA-bd_sf;WH_DNA-bd_sf;,Pribosyltran;PuR_N
Clo1313_0216,spoVG,CP002416.1,,236996,237280,+,SpoVG family protein,"Cell cycle control, cell division, chromosome partitioning",UPI000038F712,Op143,,division septum assembly; sporulation resulting in formation of a cellular spore,SpoVG;SpoVG_sf;,SpoVG
Clo1313_0217,glmU,CP002416.1,,237760,239145,+,UDP-N-acetylglucosamine pyrophosphorylase,Cell wall/membrane/envelope biogenesis,UPI00003C8B16,Op144,glucosamine-1-phosphate N-acetyltransferase activity; magnesium ion binding; UDP-N-acetylglucosamine diphosphorylase activity,cell morphogenesis; cell wall organization; lipid A biosynthetic process; peptidoglycan biosynthetic process; regulation of cell shape; UDP-N-acetylglucosamine biosynthetic process,Bifunctional_GlmU;GlmU-like;GlmU_C_LbH;GMPPB_C;Hexapep;NTP_transferase_dom;Nucleotide-diphossugar_trans;Trimer_LpxA-like_sf;,Hexapep;Hexapep_2;NTP_transf_3;NTP_transferase
Clo1313_0218,RS01115,CP002416.1,,239204,240166,+,ribose-phosphate pyrophosphokinase,Nucleotide transport and metabolism,UPI0001B1EFCA,Op145,,,,Pribosyl_synth;Pribosyltran_N
Clo1313_0219,RS01120,CP002416.1,,240430,240999,+,peptidyl-tRNA hydrolase,"Translation, ribosomal structure and biogenesis",UPI00017E41FF,Op146,,,Pept_tRNA_hydro;Pept_tRNA_hydro_CS;Pept_tRNA_hydro_sf;,Pept_tRNA_hydro
Clo1313_0220,mfd,CP002416.1,,241027,244563,+,transcription-repair coupling factor,"Replication, recombination and repair",UPI0001B1EFC9,Op146,ATP binding; damaged DNA binding; DNA helicase activity; hydrolase activity,"regulation of DNA-templated transcription; transcription-coupled nucleotide-excision repair, DNA damage recognition",CarD-like/TRCF_RID;CarD-like/TRCF_RID_sf;DEAD/DEAH_box_helicase_dom;Helicase_ATP-bd;Helicase_C-like;Mfd;P-loop_NTPase;RecG/Mfd;TRCF-like_C_D7;TRCF_C;UvrB_inter;,CarD_CdnL_TRCF;DEAD;Helicase_C;TRCF
Clo1313_0221,RS01130,CP002416.1,,244731,245825,+,PpiC-type peptidyl-prolyl cis-trans isomerase,"Post-translational modification, protein turnover, and chaperones",UPI000038F70D,Op147,,,PPIase_dom_sf;PPIase_PpiC;PrsA_foldase;Trigger_fact/SurA_dom_sf;,Rotamase;Rotamase_2;Rotamase_3;SurA_N_3
Clo1313_0222,Clo1313_0222,CP002416.1,,246085,246183,+,transcriptional regulator%2C AraC family,Transcription,UPI00017E3E03,Op148,,,,HTH_18
Clo1313_0223,RS01135,CP002416.1,,246162,246776,+,transcriptional regulator%2C AraC family,Transcription,UPI000038F70C,Op149,,,Homeodomain-like_sf;HTH_AraC;HTH_AraC-typ_CS;Tscrpt_reg_AraC-type_HTH;,HTH_AraC
Clo1313_0224,RS01140,CP002416.1,,246886,247320,+,pyridoxamine 5'-phosphate oxidase-related FMN-binding protein,Function unknown,UPI000053282C,Op150,,,Pyridox_Oxase_N;Split_barrel_FMN-bd;,Putative_PNPOx
Clo1313_0225,murJ,CP002416.1,,247623,249161,-,integral membrane protein MviN,Function unknown,UPI0000532839,Op151,,,Lipid_II_flippase_MurJ/MviN;MurJ;,MVIN
Clo1313_0226,RS01150,CP002416.1,,249184,250308,-,glycosyl transferase group 1,Cell wall/membrane/envelope biogenesis,UPI000038F709,Op151,,,Glyco_trans_1;Glyco_trans_4-like_N;,Glyco_transf_4;Glycos_transf_1
Clo1313_0227,RS01155,CP002416.1,,250259,251545,-,O-antigen polymerase,Cell wall/membrane/envelope biogenesis,UPI000038F708,Op151,,,O-antigen_ligase-rel_domated;WaaL-like;,Wzy_C
Clo1313_0228,RS01160,CP002416.1,,251590,252282,-,acylneuraminate cytidylyltransferase,Cell wall/membrane/envelope biogenesis,UPI000038F707,Op152,,,CMP-NeuNAc_synthase;Cytidylyl_trans;Nucleotide-diphossugar_trans;,CTP_transf_3
Clo1313_0229,neuC,CP002416.1,,252279,253454,-,UDP-N-acetyl-D-glucosamine 2-epimerase%2C UDP-hydrolysing,Cell wall/membrane/envelope biogenesis,UPI000038F706,Op152,,,UDP-GlcNAc_Epase;UDP_GlcNAc_Epimerase_2_dom;WecB-like;,Epimerase_2
Clo1313_0230,neuB,CP002416.1,,253451,254443,-,N-acetylneuraminate synthase,Cell wall/membrane/envelope biogenesis,UPI00003C8B19,Op152,,,AFP_Neu5c_C_sf;Aldolase_TIM;NeuB/NeuA;PseI-like;PseI/NeuA/B-like_N;SAF;SAF_AFP_Neu5Ac;SAF_PseI/NeuA/NeuB;,NeuB;SAF
Clo1313_0231,RS01175,CP002416.1,,254440,255084,-,sugar O-acyltransferase%2C sialic acid O-acetyltransferase NeuD family,Amino acid transport and metabolism,UPI000038F704,Op152,,,AcTrfase_PglD-like;Hexapep;Hexapep_transf_CS;PglD_N;Trans_hexapeptide_repeat;Trimer_LpxA-like_sf;,Hexapep
Clo1313_0232,RS01180,CP002416.1,,255077,256123,-,Nucleotidyl transferase,"Translation, ribosomal structure and biogenesis",UPI000038F703,Op152,,,CBS_dom_sf;Mannose-1P_guanyltransferase;NTP_transferase_dom;Nucleotide-diphossugar_trans;,CBS;NTP_transferase
Clo1313_0233,RS01185,CP002416.1,,256128,257297,-,DegT/DnrJ/EryC1/StrS aminotransferase,Amino acid transport and metabolism,UPI000038F702,Op152,,,DegT/StrS_aminotransferase;LegC-like;PyrdxlP-dep_Trfase;PyrdxlP-dep_Trfase_major;PyrdxlP-dep_Trfase_small;,DegT_DnrJ_EryC1
Clo1313_0234,RS01190,CP002416.1,,257313,258293,-,NAD-dependent epimerase/dehydratase,Cell wall/membrane/envelope biogenesis,UPI000038F701,Op152,,,Arna-like_SDR_e;LegB-like;NAD(P)-bd_dom;NAD(P)-bd_dom_sf;,GDP_Man_Dehyd
Clo1313_0235,RS01195,CP002416.1,,258308,259525,-,Capsule polysaccharide biosynthesis protein,Cell wall/membrane/envelope biogenesis,UPI00017E3DFF,Op152,,,Glycerophosphate_synth;TagF_C;,Glyphos_transf
Clo1313_0236,RS01200,CP002416.1,,259528,260454,-,ATP-dependent carboxylate-amine ligase domain protein ATP-grasp,Nucleotide transport and metabolism,UPI00003C8B1B,Op152,,,ATP-grasp;ATP_grasp_subdomain_1;Dala_Dala_lig_C;,Dala_Dala_lig_C;Dala_Dala_lig_N
Clo1313_0237,RS01205,CP002416.1,,260471,261079,-,sugar transferase,Cell wall/membrane/envelope biogenesis,UPI000038F6FE,Op152,,,Bact_transf;,Bac_transf
Clo1313_0238,RS01210,CP002416.1,,261091,261918,-,HpcH/HpaI aldolase,Energy production and conversion,UPI00003C8B1C,Op152,,,Aldolase/citrate-lyase_domain;Pyrv/PenolPyrv_kinase-like_dom;Pyrv_kinase-like_dom_sf;,HpcH_HpaI
Clo1313_0239,RS01215,CP002416.1,,262134,263957,-,polysaccharide biosynthesis protein CapD,Carbohydrate transport and metabolism,UPI0001B1EFC8,Op153,,,NAD(P)-bd_dom_sf;Polysac_CapD-like;Polysaccharide_Synthase-Rel;SAM-dependent_MTases_sf;,CoA_binding_3;Polysacc_synt_2
Clo1313_0240,RS01220,CP002416.1,,264265,264597,+,hypothetical protein,No COG annotation,UPI000038F6FB,Op154,,,,-
Clo1313_0241,RS01225,CP002416.1,,264762,265433,+,lipopolysaccharide biosynthesis protein,Cell wall/membrane/envelope biogenesis,UPI000038F6FA,Op155,,,Bact_polysacc_biosynth/exp;LPS_length_determ_N;,Wzz
Clo1313_0242,RS01230,CP002416.1,,265446,266195,+,capsular exopolysaccharide family,"Cell cycle control, cell division, chromosome partitioning",UPI00003C8B1F,Op155,,,AAA_dom;Bact_polysacc_biosynth/exp;P-loop_NTPase;Wzc-like_C;,AAA_31;CbiA
Clo1313_0243,RS01235,CP002416.1,,266188,266898,+,Protein-tyrosine-phosphatase,Carbohydrate transport and metabolism,UPI000038F6F8,Op155,,,Caps_polysacc_synth_CpsB/CapC;Pol/histidinol_Pase-like;,-
Clo1313_0244,spoVT,CP002416.1,,267234,267785,+,stage V sporulation protein T,Transcription,UPI00003C8B20,Op156,,,B_subtilis_Trans_State_Reg;GAF-like_dom_sf;SpoVT;SpoVT-AbrB_dom;SpoVT-AbrB_sf;,MazE_antitoxin;SpoVT_C
Clo1313_0245,mazG,CP002416.1,,268016,268801,+,MazG family protein,Function unknown,UPI0001B1EF8D,Op157,,,MazG-like_dom;NTP-PPase_MazG-like_C;NTP-PPase_MazG-like_N;NTP_PyrPHydrolase_MazG;,MazG;TP_methylase
Clo1313_0246,RS01250,CP002416.1,,268952,269227,+,histone family protein DNA-binding protein,"Replication, recombination and repair",UPI000038F6F5,Op158,,,Hist_DNA-bd;Histone-like_DNA-bd_CS;IHF-like_DNA-bd_dom_sf;,Bac_DNA_binding
Clo1313_0247,RS01255,CP002416.1,,269337,269576,+,RNA-binding S4 domain protein,"Translation, ribosomal structure and biogenesis",UPI00003C8B21,Op159,,,RqcP;S4_RNA-bd;S4_RNA-bd_sf;,S4
Clo1313_0248,yabP,CP002416.1,,269741,270031,+,sporulation protein YabP,Function unknown,UPI00003C8B22,Op160,,,Spore_YabP;Spore_YabP/YqfC;YabP_sf;,YabP
Clo1313_0249,yabQ,CP002416.1,,270046,270555,+,spore cortex biosynthesis protein YabQ,Function unknown,UPI00005320D5,Op160,,,YabQ;,Spore_YabQ
Clo1313_0250,RS01270,CP002416.1,,270681,270962,+,Septum formation initiator,"Cell cycle control, cell division, chromosome partitioning",UPI00003C8B24,Op161,,,FtsL/DivIC;,DivIC
Clo1313_0251,RS01275,CP002416.1,,271081,271503,+,RNA binding S1 domain protein,"Translation, ribosomal structure and biogenesis",UPI00003C8B25,Op162,,,NA-bd_OB-fold;Ribos_protein_bS1-like;S1_domain;,S1
Clo1313_0252,RS01290,CP002416.1,,272225,273481,+,methyl-accepting chemotaxis sensory transducer,Cell motility,UPI00017E35CD,Op163,,,HAMP_dom;MCPsignal_dom;,HAMP;MCPsignal;dCache_1
Clo1313_0253,RS01295,CP002416.1,,273791,275491,+,ABC-1 domain-containing protein,Function unknown,UPI00017E35CC,Op164,,,ABC1_dom;Kinase-like_dom_sf;UbiB_kinase;,ABC1;APH;Pkinase
Clo1313_0254,RS01300,CP002416.1,,275492,275896,-,Zn-finger containing protein,Function unknown,UPI00005370E4,Op165,,,,-
Clo1313_0255,RS01305,CP002416.1,,275962,278556,-,ATPase%2C P-type (transporting)%2C HAD superfamily%2C subfamily IC,Inorganic ion transport and metabolism,UPI00017E35CB,Op166,,,ATPase_P-typ_cation-transptr_C;ATPase_P-typ_cation-transptr_N;ATPase_P-typ_cyto_dom_N;ATPase_P-typ_P_site;ATPase_P-typ_TM_dom_sf;ATPase_P-typ_transduc_dom_A_sf;ATPase_P-type_domA;Cation_transp_ATPase_P-type;HAD-like_sf;HAD_sf;P-type_ATPase_IIB;P_typ_ATPase;P_typ_ATPase_HD_dom;,Cation_ATPase;Cation_ATPase_C;Cation_ATPase_N;E1-E2_ATPase;Hydrolase;Hydrolase_3
Clo1313_0256,RS01310,CP002416.1,,278837,279397,+,regulatory protein TetR,Transcription,UPI00003C8B28,Op167,,,Homeodomain-like_sf;SlmA/HTH-type_Tr_Regulator;HTH_TetR;TetR_C_Firmicutes;,TetR_C_8;TetR_N
Clo1313_0258,RS01330,CP002416.1,,281749,282219,+,hypothetical protein,No COG annotation,UPI0001B1EF8A,Op168,,,,
Clo1313_0259,RS15945,CP002416.1,,282446,282586,+,hypothetical protein,No COG annotation,UPI0001B1EF89,Op169,,,,-
Clo1313_0260,RS01340,CP002416.1,,283500,283757,+,hydrolase,Function unknown,UPI0001F3298D,Op170,,,Cys_rich_CPCC;,Cys_rich_CPCC
Clo1313_0261,RS15950,CP002416.1,,284073,284234,+,hypothetical protein,No COG annotation,UPI0001B1EF87,Op171,,,,
Clo1313_0262,RS01345,CP002416.1,,284316,284585,+,Ribosomal protein L7/L12,Function unknown,UPI0001B1EF86,Op172,,,Ribosomal_bL12_C/ClpS-like;,Ribosomal_L12
Clo1313_0264,RS01355,CP002416.1,,285276,285698,+,hypothetical protein,No COG annotation,UPI0001B1EF83,Op173,,,,-
Clo1313_0265,RS01360,CP002416.1,,285953,286621,+,hypothetical protein,No COG annotation,UPI0000533C6B,Op174,,,,
Clo1313_0266,RS01365,CP002416.1,,286834,288264,+,GumN family protein,Function unknown,UPI0001B1EF82,Op175,,,TraB/PrgY/GumN_fam;YbaP-like;,TraB
Clo1313_0268,RS01375,CP002416.1,,289538,290071,-,hypothetical protein,Function unknown,UPI00017E31BE,Op176,,,DUF3267;,DUF3267
Clo1313_0269,RS01380,CP002416.1,,290076,291161,-,hypothetical protein,Function unknown,UPI000038F6ED,Op176,,,TPR-like_helical_dom_sf;,-
Clo1313_0270,RS01385,CP002416.1,,291344,293581,-,peptidase S41,Cell wall/membrane/envelope biogenesis,UPI000038F6EC,Op177,,,ARM_TT21_N;ClpP/crotonase-like_dom_sf;Tail-specific_protease;TPR-like_helical_dom_sf;TPR_rpt;Ycf3/AcsC/BcsC/TPR_MFPF;,Peptidase_S41;TPR_1;TPR_2;TPR_8
Clo1313_0271,spoIIE,CP002416.1,,294611,297007,+,stage II sporulation protein E%2C protein serine/threonine phosphatase,Transcription,UPI00003C8F9D,Op178,,,Bact_Sigma-Reg;PPM-type-like_dom_sf;PPM-type_phosphatase-like_dom;SpoII_E;SpoIIE_N;,SpoIIE
Clo1313_0272,RS01410,CP002416.1,,297081,297422,+,hypothetical protein,No COG annotation,UPI000038F6EA,Op179,,,,-
Clo1313_0273,RS01415,CP002416.1,,297519,298202,+,hypothetical protein,No COG annotation,UPI0000536F63,Op180,,,,-
Clo1313_0274,RS01425,CP002416.1,,298548,299063,+,type IV pilus assembly PilZ,Function unknown,UPI0000F21A6F,Op181,,,PilZ_domain;,PilZ
Clo1313_0275,dusB,CP002416.1,,299387,300355,+,TIM-barrel protein%2C nifR3 family,Coenzyme transport and metabolism,UPI000038F6E8,Op182,,,Aldolase_TIM;DUS-like_FMN-bd;DUS_fam;DusB-like;tRNA-dHydroUridine_Synthase_C;tRNA_hU_synthase_CS;,Dus
Clo1313_0276,pilM,CP002416.1,,300497,301600,+,type IV pilus assembly protein PilM,Cell motility,UPI0001B1EF7F,Op183,,,ATPase_NBD;FtsA/MreB;PilM;SHS2_FtsA;,PilM_2
Clo1313_0277,RS01440,CP002416.1,,301711,302214,+,thioesterase superfamily protein,Lipid transport and metabolism,UPI000038F6E6,Op184,,,Cytosol_ACT;HOTDOG_ACOT;HotDog_dom_sf;Thioestr_dom;,4HBT
Clo1313_0278,spoVB,CP002416.1,,302351,303904,+,stage V sporulation protein B,Function unknown,UPI000038F6E5,Op185,,,PG_synth_SpoVB;Poly_Biosynth_Transport;Polysacc_synth;Spore_V_B;,Polysacc_synt;Polysacc_synt_C
Clo1313_0279,RS15960,CP002416.1,,304439,304609,+,conserved hypothetical protein,No COG annotation,UPI00003C8F99,Op186,,,Spo0E-like_sf;,-
Clo1313_0280,RS01450,CP002416.1,,304709,306205,-,transcriptional regulator%2C GntR family with aminotransferase domain,Transcription,UPI0000532DE1,Op187,,,Aminotransferase_I/II_large;HTH_trans_reg/aminotransferase;PyrdxlP-dep_Trfase;PyrdxlP-dep_Trfase_major;PyrdxlP-dep_Trfase_small;Tscrpt_reg_HTH_GntR;WH-like_DNA-bd_sf;WH_DNA-bd_sf;,Aminotran_1_2;GntR
Clo1313_0281,RS01455,CP002416.1,,306487,307392,+,UbiA prenyltransferase,Coenzyme transport and metabolism,UPI0000F21A70,Op188,,,Prenyltransferase;UbiA_prenyltransferase;UbiA_sf;,UbiA
Clo1313_0282,RS01460,CP002416.1,,307406,307942,+,galactoside O-acetyltransferase,Function unknown,UPI0000F21A71,Op188,,,Hexapep;Hexapeptide_acetyltransf;Trimer_LpxA-like_sf;,Hexapep;Hexapep_2
Clo1313_0283,RS01465,CP002416.1,,307991,309094,+,glycosyl transferase group 1,Cell wall/membrane/envelope biogenesis,UPI0000F21A72,Op189,,,Glyco_trans_1;Glyco_trans_4-like_N;,Glyco_transf_4;Glycos_transf_1
Clo1313_0284,RS01470,CP002416.1,,309142,309639,+,hypothetical protein,Function unknown,UPI00003C9046,Op190,,,DUF4330;,DUF4330
Clo1313_0285,RS01475,CP002416.1,,309646,311244,+,O-antigen polymerase,Cell wall/membrane/envelope biogenesis,UPI00003C9045,Op190,,,O-antigen_ligase-rel_domated;WaaL-like;,Wzy_C
Clo1313_0286,RS01480,CP002416.1,,311359,311991,+,hypothetical protein,No COG annotation,UPI000038FD75,Op191,,,,-
Clo1313_0287,RS01485,CP002416.1,,312033,313580,+,carbohydrate kinase%2C YjeF related protein,Coenzyme transport and metabolism,UPI0000537EBD,Op192,,,Carbohydrate_kinase_pred_CS;CARKD;Nnr;Ribokinase-like;YjeF_N_dom;YjeF_N_dom_sf;,ACPS;Carb_kinase;YjeF_N
Clo1313_0288,alr,CP002416.1,,313640,314815,+,alanine racemase,Cell wall/membrane/envelope biogenesis,UPI000038FD73,Op193,,,Ala_racemase;Ala_racemase/Decarboxylase_C;Ala_racemase_C;Ala_racemase_N;Ala_racemase_pyridoxalP-BS;PLP-binding_barrel;,Ala_racemase_C;Ala_racemase_N
Clo1313_0289,RS01495,CP002416.1,,315327,315614,+,putative transcriptional regulator%2C CopG family,Transcription,UPI00017E62BD,Op194,,,Arc_rbn_hlx_hlx;CopG;Ribbon_hlx_hlx;,RHH_1
Clo1313_0290,RS01500,CP002416.1,,315604,315954,+,transcriptional modulator of MazE/toxin%2C MazF,"Replication, recombination and repair",UPI000053189C,Op194,,,PemK-like;Plasmid_toxin/cell-grow_inhib;,PemK_toxin
Clo1313_0291,RS01505,CP002416.1,,315975,316472,+,hypothetical protein,No COG annotation,UPI000038FD70,Op194,,,,-
Clo1313_0292,RS01510,CP002416.1,,316738,317487,-,glycosyl transferase%2C WecB/TagA/CpsF family,Cell wall/membrane/envelope biogenesis,UPI00003C9043,Op195,,,TagA_TarA;WecG_TagA_CpsF;,Glyco_tran_WecB;PS_pyruv_trans
Clo1313_0293,csaB,CP002416.1,,317518,319755,-,polysaccharide pyruvyl transferase CsaB,Cell wall/membrane/envelope biogenesis,UPI0000F21976,Op195,,,Glyco_trans_1;Glyco_trans_4-like_N;Polysacch_pyruvyl_Trfase;Polysacch_pyruvyl_Trfase_CsaB;,Glyco_transf_4;Glycos_transf_1;PS_pyruv_trans
Clo1313_0294,RS01520,CP002416.1,,320081,320986,+,Protein of unknown function DUF2179,Function unknown,UPI00003C9041,Op196,,,DUF2179;N-reg_PII/ATP_PRibTrfase_C;UPF0750_membrane;YitT;,DUF2179;YitT_membrane
Clo1313_0295,RS01525,CP002416.1,,321102,321947,+,Transketolase domain-containing protein,Carbohydrate transport and metabolism,UPI00003C9040,Op197,,,THDP-binding;Transketolase_CS;Transketolase_N;,Transketolase_N
Clo1313_0296,RS01530,CP002416.1,,321949,322884,+,Transketolase central region,Carbohydrate transport and metabolism,UPI0001B1EF42,Op197,,,PDH/Transketolase;THDP-binding;Transketo_C/PFOR_II;Transketolase-like_Pyr-bd;Transketolase_C;,Transket_pyr;Transketolase_C
Clo1313_0297,RS01535,CP002416.1,,323255,324364,+,ABC transporter related protein,Defense mechanisms,UPI0000F21978,Op198,,,AAA+_ATPase;ABC_transporter-like_ATP-bd;P-loop_NTPase;,ABC_tran
Clo1313_0298,RS01540,CP002416.1,,324364,325086,+,ABC-2 type transporter,Function unknown,UPI0000F21979,Op198,,,ABC-2_transporter_component;,ABC2_membrane_2
Clo1313_0299,RS01545,CP002416.1,,325093,326514,+,ABC-type uncharacterized transport system,Cell motility,UPI0000F2197A,Op198,,,ABC_transp_unknown;DUF7088;,ABC2_membrane_3;ABC_transp_aux
Clo1313_0300,RS01550,CP002416.1,,326511,327989,+,hypothetical protein,Function unknown,UPI0001B1EF41,Op198,,,DUF4340;,DUF4340
Clo1313_0301,RS01555,CP002416.1,,328067,329176,+,hypothetical protein,Function unknown,UPI000053407C,Op199,,,YkvI-like;,-
Clo1313_0302,RS01560,CP002416.1,,329257,330438,+,hypothetical protein,No COG annotation,UPI0000F2197B,Op200,,,DUF5711;Quinoprotein_ADH-like_sf;,-
Clo1313_0303,RS01565,CP002416.1,,330456,331175,+,Colicin V production protein,Function unknown,UPI00005347A6,Op200,,,Colicin-V_CvpA;,Colicin_V
Clo1313_0304,ilvD,CP002416.1,,331447,333111,+,dihydroxy-acid dehydratase,Amino acid transport and metabolism,UPI00017E5EA4,Op201,"2 iron, 2 sulfur cluster binding; dihydroxy-acid dehydratase activity; magnesium ion binding",isoleucine biosynthetic process; L-valine biosynthetic process,Dihydro-acid_dehy_C;DihydroxyA_deHydtase;DiOHA_6PGluconate_deHydtase_CS;ILV_EDD_C;ILV_EDD_N;IlvD/EDD_N;,ILVD_EDD
Clo1313_0305,ilvB,CP002416.1,,333180,334847,+,acetolactate synthase%2C large subunit%2C biosynthetic type,Coenzyme transport and metabolism,UPI0000537316,Op201,,,Acetolactate_synth_lsu;AHAS_TPP;DHS-like_NAD/FAD-binding_dom;THDP-binding;Thiamin_PyroP_enz_cen_dom;Thiamin_PyroP_enz_TPP-bd_dom;TPP-bd_CS;TPP_enz;TPP_enzyme_TPP-bd;,TPP_enzyme_C;TPP_enzyme_M;TPP_enzyme_N
Clo1313_0306,rpmG,CP002416.1,,335122,335271,+,ribosomal protein L33,"Translation, ribosomal structure and biogenesis",UPI0000537E4B,Op202,structural constituent of ribosome,translation,Ribosomal_bL33;Ribosomal_bL33_CS;Ribosomal_bL33_sf;Ribosomal_zn-bd;,Ribosomal_L33
Clo1313_0307,secE,CP002416.1,,335360,335602,+,preprotein translocase%2C SecE subunit,"Intracellular trafficking, secretion, and vesicular transport",UPI00003C915F,Op203,protein transmembrane transporter activity,intracellular protein transmembrane transport; protein secretion; protein targeting; protein transport by the Sec complex,SecE_bac;SecE_sf;Translocase_SecE/Sec61-g;,SecE
Clo1313_0308,nusG,CP002416.1,,335658,336191,+,NusG antitermination factor,Transcription,UPI00003C915E,Op204,,DNA-templated transcription elongation; DNA-templated transcription termination; regulation of DNA-templated transcription elongation; transcription antitermination,KOW;NGN;NGN-like_dom;NGN_dom_sf;NusG-like;Rib_uL2_dom2;Transcrpt_antiterm_NusG;Transcrpt_antiterm_NusG_bac_CS;Translation_prot_SH3-like_sf;,KOW;NusG
Clo1313_0309,rplK,CP002416.1,,336333,336758,+,ribosomal protein L11,"Translation, ribosomal structure and biogenesis",UPI00003C915D,Op205,large ribosomal subunit rRNA binding; structural constituent of ribosome,translation,Ribosomal_uL11;Ribosomal_uL11_bact;Ribosomal_uL11_C;Ribosomal_uL11_C_sf;Ribosomal_uL11_N;Ribosomal_uL11_N_sf;,Ribosomal_L11;Ribosomal_L11_N
Clo1313_0310,rplA,CP002416.1,,336859,337554,+,ribosomal protein L1,"Translation, ribosomal structure and biogenesis",UPI00003C915C,Op205,rRNA binding; structural constituent of ribosome; tRNA binding,regulation of translation; translation,Ribosom_uL1_bact;Ribosomal_uL1;Ribosomal_uL1-like;Ribosomal_uL1/biogenesis;Ribosomal_uL1_3-a/b-sand;Ribosomal_uL1_CS;,Ribosomal_L1
Clo1313_0311,RS01605,CP002416.1,,337827,338363,+,ribosomal protein L10,"Translation, ribosomal structure and biogenesis",UPI00003C90FF,Op206,,,Ribosomal_uL10_N;Ribosomal_uL10-like_sf;Ribosomal_uL10_bact;Ribosomal_uL10_bact_orga;Ribosomal_uL10_CS_bac;,Ribosomal_L10
Clo1313_0312,rplL,CP002416.1,,338451,338840,+,ribosomal protein L7/L12,"Translation, ribosomal structure and biogenesis",UPI000038FE24,Op207,mRNA binding; structural constituent of ribosome,translation,Ribosomal_bL12;Ribosomal_bL12_C;Ribosomal_bL12_C/ClpS-like;Ribosomal_bL12_oligo;Ribosomal_bL12_oligo_N_sf;,Ribosomal_L12;Ribosomal_L12_N
Clo1313_0313,rpoB,CP002416.1,,339339,343091,+,DNA-directed RNA polymerase%2C beta subunit,Transcription,UPI0001B1EF3F,Op208,DNA binding; DNA-directed RNA polymerase activity; ribonucleoside binding,DNA-templated transcription,DNA-dir_RNA_pol_bsu_ext_1_sf;DNA-dir_RNA_pol_bsu_external_1;DNA-dir_RNA_pol_su2;DNA-dir_RNAP_su2_dom;DNA-dir_RNAP_su2_hyb_sf;RNA_pol_bsu_bac;RNA_pol_bsu_CS;RNA_pol_bsu_protrusion;RNA_pol_Rpb2_2;RNA_pol_Rpb2_2_sf;RNA_pol_Rpb2_3;RNA_pol_Rpb2_7;RNA_pol_RPB2_OB-fold;,RNA_pol_Rpb2_1;RNA_pol_Rpb2_2;RNA_pol_Rpb2_3;RNA_pol_Rpb2_45;RNA_pol_Rpb2_6;RNA_pol_Rpb2_7
Clo1313_0314,rpoC,CP002416.1,,343109,346606,+,DNA-directed RNA polymerase%2C beta' subunit,Transcription,UPI0001B1EF3E,Op208,DNA binding; DNA-directed RNA polymerase activity; magnesium ion binding; zinc ion binding,DNA-templated transcription,DNA-dir_RpoC_beta_prime;DNA-dir_RpoC_beta_prime_bact;RNA_pol_asu;RNA_pol_N;RNA_pol_Rpb1_1;RNA_pol_Rpb1_3;RNA_pol_Rpb1_3_sf;RNA_pol_Rpb1_4;RNA_pol_Rpb1_5;RNA_pol_Rpb1_clamp_domain;Rpb1_funnel_sf;,RNA_pol_Rpb1_1;RNA_pol_Rpb1_2;RNA_pol_Rpb1_3;RNA_pol_Rpb1_4;RNA_pol_Rpb1_5
Clo1313_0315,RS01625,CP002416.1,,346748,346987,+,ribosomal protein L7Ae/L30e/S12e/Gadd45,"Translation, ribosomal structure and biogenesis",UPI00003C8DBE,Op209,,,Ribosomal_eL30-like_sf;Ribosomal_eL8/eL30/eS12/Gad45;,Ribosomal_L7Ae
Clo1313_0316,rpsL,CP002416.1,,347075,347503,+,ribosomal protein S12,"Translation, ribosomal structure and biogenesis",UPI000053777A,Op210,rRNA binding; structural constituent of ribosome; tRNA binding,translation,NA-bd_OB-fold;Ribosomal_uS12;Ribosomal_uS12_bact;,Ribosom_S12_S23
Clo1313_0317,rpsG,CP002416.1,,347683,348153,+,ribosomal protein S7,"Translation, ribosomal structure and biogenesis",UPI00003C8DC0,Op210,rRNA binding; structural constituent of ribosome; tRNA binding,translation,Ribosomal_uS7;Ribosomal_uS7_bact_org;Ribosomal_uS7_CS;Ribosomal_uS7_dom;Ribosomal_uS7_dom_sf;,Ribosomal_S7
Clo1313_0318,fusA,CP002416.1,,348226,350319,+,translation elongation factor G,"Translation, ribosomal structure and biogenesis",UPI00005335D5,Op211,,,EFG_II;EFG_III;EFG_III/V;EFG_IV;EFG_V;EFG_V-like;EFTu-like_2;G_TR_CS;P-loop_NTPase;Ribosomal_Su5_D2-typ_SF;Ribsml_uS5_D2-typ_fold_subgr;Small_GTP-bd;T_Tr_GTP-bd_dom;Transl_B-barrel_sf;Transl_elong_EFG/EF2;Transl_elong_EFG/EF2_IV;,EFG_C;EFG_II;EFG_IV;GTP_EFTU;GTP_EFTU_D2
Clo1313_0319,tuf,CP002416.1,,350435,351637,+,translation elongation factor Tu,"Translation, ribosomal structure and biogenesis",UPI00017E31C4,Op212,GTP binding; GTPase activity; magnesium ion binding; translation elongation factor activity,,EF-Tu_GTP-bd;EF-Tu_GTPase;EFTu-like_2;EFTU_2;G_TR_CS;P-loop_NTPase;Small_GTP-bd;T_Tr_GTP-bd_dom;Transl_B-barrel_sf;Transl_elong_EF1A/Init_IF2_C;Transl_elong_EFTu/EF1A_bac/org;Transl_elong_EFTu/EF1A_C;,GTP_EFTU;GTP_EFTU_D2;GTP_EFTU_D3
Clo1313_0320,RS01650,CP002416.1,,351943,352497,+,RNA polymerase%2C sigma-24 subunit%2C ECF subfamily,Transcription,UPI00003C8DC2,Op213,,,RNA_pol_sigma-70-like;RNA_pol_sigma-70_dom;RNA_pol_sigma70_r2;RNA_pol_sigma70_r4_t2;RNA_pol_sigma_r2;RNA_pol_sigma_r3/r4-like;WH-like_DNA-bd_sf;,Sigma70_r2;Sigma70_r4_2
Clo1313_0321,RS01655,CP002416.1,,352494,353096,+,hypothetical protein,Function unknown,UPI0001F329ED,Op213,,,Znf_put;,zf-HC2
Clo1313_0322,RS01660,CP002416.1,,353207,353581,+,hypothetical protein,No COG annotation,UPI000038FB52,Op214,,,,-
Clo1313_0323,RS01665,CP002416.1,,353618,354457,+,VanW family protein,Defense mechanisms,UPI000038FB51,Op214,,,Glycopeptide_resist_protein;Vancomycin_resist_VanW;YoaR-like_PG-bd;,PG_binding_4;VanW
Clo1313_0324,RS01670,CP002416.1,,354633,354902,+,Phosphotransferase system%2C phosphocarrier protein HPr,Carbohydrate transport and metabolism,UPI000038FB50,Op215,,,HPr;HPr-like;HPr-like_sf;PTS_HPr_Ser_P_site;,PTS-HPr
Clo1313_0325,ptsP,CP002416.1,,354906,356660,+,phosphoenolpyruvate-protein phosphotransferase,Carbohydrate transport and metabolism,UPI000038FB4F,Op215,,,PEP-util_enz_mobile_dom;PEP-utilizing_PTS_enzyme;PEP_util_C;Phosphohistidine_dom_sf;PTS_EI;PTS_EI-like;PTS_EIN;PtsI_HPr-bd_sf;Pyrv/PenolPyrv_kinase-like_dom;Pyrv_kinase-like_dom_sf;,PEP-utilisers_N;PEP-utilizers;PEP-utilizers_C
Clo1313_0326,uvrC,CP002416.1,,356666,358543,+,excinuclease ABC%2C C subunit,"Replication, recombination and repair",UPI00005385E1,Op215,DNA binding; excinuclease ABC activity,nucleotide-excision repair; SOS response,GIY-YIG_endonuc;GIY-YIG_endonuc_sf;GIY-YIG_UvrC_Cho;Hlx-hairpin-Hlx_DNA-bd_motif;RuvA_2-like;UVR_dom;UVR_dom_sf;UvrABC_protein_C;UvrC;UvrC_RNase_H_dom;UvrC_RNase_H_dom_sf;,GIY-YIG;HHH_2;HHH_5;UVR;UvrC_HhH_N
Clo1313_0327,RS01685,CP002416.1,,358550,359257,+,metallophosphoesterase,Function unknown,UPI000038FB4D,Op215,,,Calcineurin-like_PHP;Metallo-depent_PP-like;Metallophosphoesterase;Pesterase_CT488;,Metallophos
Clo1313_0328,RS01690,CP002416.1,,359475,360761,+,trigger factor,"Cell cycle control, cell division, chromosome partitioning",UPI000038FB4C,Op216,,,PPIase_dom_sf;PPIase_FKBP_dom;Trig_fac;Trigger_fac_C;Trigger_fac_C_sf;Trigger_fac_ribosome-bd_bac;Trigger_fac_ribosome-bd_sf;Trigger_fact/SurA_dom_sf;,FKBP_C;Trigger_C;Trigger_N
Clo1313_0329,clpP,CP002416.1,,360831,361415,+,ATP-dependent Clp protease%2C proteolytic subunit ClpP,"Post-translational modification, protein turnover, and chaperones",UPI000038FB4B,Op217,ATP-dependent peptidase activity; ATPase binding; serine-type endopeptidase activity,protein quality control for misfolded or incompletely synthesized proteins,ClpP;ClpP/crotonase-like_dom_sf;ClpP/TepA;ClpP_His_AS;ClpP_Ser_AS;,CLP_protease
Clo1313_0330,clpX,CP002416.1,,361429,362724,+,ATP-dependent Clp protease%2C ATP-binding subunit ClpX,"Post-translational modification, protein turnover, and chaperones",UPI000038FB4A,Op217,ATP binding; ATP hydrolysis activity; ATP-dependent protein folding chaperone; peptidase activity; protein dimerization activity; unfolded protein binding; zinc ion binding;ATP binding; ATP hydrolysis activity; ATP-dependent protein folding chaperone; protein dimerization activity; unfolded protein binding; zinc ion binding,cell division; proteolysis involved in protein catabolic process,AAA+_ATPase;ATP-dep_Clp_protease_ClpX;ATPase_AAA_core;Clp_ATPase_C;Clp_protease_ATP-bd_su_ClpX;ClpX_bact;P-loop_NTPase;Znf_CLPX-like;Znf_CppX_C4;Znf_CppX_C4_sf;,AAA_2;ClpB_D2-small;zf-C4_ClpX
Clo1313_0331,lonB,CP002416.1,,362959,364635,+,Sigma 54 interacting domain protein,"Replication, recombination and repair",UPI0001F329EE,Op218,,,AAA+_ATPase;Lon_proteolytic;Lon_Prtase;Mg_chelatse_chII-like_cat_dom;P-loop_NTPase;Peptidase_S16_AS;Ribosomal_Su5_D2-typ_SF;Ribsml_uS5_D2-typ_fold_subgr;Sigma_54_int;Sigma_54_int_dom_ATP-bd_2;Spore_LonB;,AAA;Lon_C;RuvB_N
Clo1313_0332,tsaD,CP002416.1,,364847,365866,+,metalloendopeptidase%2C glycoprotease family,"Post-translational modification, protein turnover, and chaperones",UPI000038FB48,Op219,iron ion binding; tRNA N(6)-L-threonylcarbamoyladenine synthase activity,tRNA threonylcarbamoyladenosine modification,ATPase_NBD;Gcp-like_dom;KAE1/TsaD;Peptidase_M22_CS;TsaD;,Peptidase_M22
Clo1313_0333,RS01715,CP002416.1,,366580,367266,-,Lytic transglycosylase catalytic,Cell wall/membrane/envelope biogenesis,UPI00003C8DC3,Op220,,,Lysozyme-like_dom_sf;Transglyc_AS;Transglycosylase_SLT_dom_1;,SLT
Clo1313_0334,RS01720,CP002416.1,,367483,367806,-,hypothetical protein,No COG annotation,UPI00003C8DC4,Op221,,,,-
Clo1313_0335,RS01725,CP002416.1,,368143,368613,+,protein of unknown function DUF402,Function unknown,UPI00003C8DC5,Op222,,,DUF402;FomD-like_sf;,DUF402
Clo1313_0336,RS01730,CP002416.1,,368673,369521,+,PHP domain protein,Function unknown,UPI00003C8DC6,Op223,,,PHP_dom;PHP_domain;Pol/His_phosphatase_N;Pol/histidinol_Pase-like;,PHP
Clo1313_0337,smpB,CP002416.1,,369701,370165,+,SsrA-binding protein,"Post-translational modification, protein turnover, and chaperones",UPI0000536904,Op224,RNA binding,trans-translation; trans-translation-dependent protein tagging,SmpB;SsrA-bd_prot;SsrA-bd_prot_CS;,SmpB
Clo1313_0338,RS01740,CP002416.1,,370686,370865,+,hypothetical protein,No COG annotation,UPI00017E22EA,Op225,,,,
Clo1313_0339,RS01745,CP002416.1,,371586,371978,+,hypothetical protein,Function unknown,UPI00017E22EB,Op226,,,Cthe_2751_sf;DUF5071;,DUF5071
Clo1313_0340,RS15965,CP002416.1,,372179,372352,+,hypothetical protein,No COG annotation,UPI00003C8DCB,Op227,,,,
Clo1313_0341,RS01750,CP002416.1,,372739,374070,+,hypothetical protein,"Translation, ribosomal structure and biogenesis",UPI00017E22EC,Op228,,,ComA-like_MBL;Competence_DNA_uptake;Metallo-B-lactamas;RibonucZ/Hydroxyglut_hydro;,Ada_Zn_binding;Lactamase_B
Clo1313_0342,RS01755,CP002416.1,,374081,374293,+,hypothetical protein,Function unknown,UPI000038FC00,Op228,,,DUF3006;,DUF3006
Clo1313_0343,RS01760,CP002416.1,,374388,375104,+,beta-lactamase domain-containing protein,Function unknown,UPI000038FBFF,Op229,,,Metallo-B-lactamas;NDM-1-like;RibonucZ/Hydroxyglut_hydro;,Lactamase_B
Clo1313_0344,RS01765,CP002416.1,,375143,375964,+,ADP-ribosylation/Crystallin J1,"Post-translational modification, protein turnover, and chaperones",UPI00017E22ED,Op229,,,ADP-ribosylglycohydrolase;Ribosyl_crysJ1;Ribosyl_crysJ1_sf;,ADP_ribosyl_GH
Clo1313_0346,RS01770,CP002416.1,,376800,378416,+,sodium/hydrogen exchanger,Inorganic ion transport and metabolism,UPI0001F329EF,Op230,,,Cation/H_exchanger_TM;Na+/solute_symporter_sf;RCK_C;RCK_C_sf;,Na_H_Exchanger;TrkA_C
Clo1313_0347,RS15520,CP002416.1,,378546,378674,+,DNA polymerase beta domain protein region,Function unknown,UPI0001B1EF07,Op231,,,NT_sf;Polymerase_NTP_transf_dom;,DUF4037;NTP_transf_2
Clo1313_0348,RS01775,CP002416.1,,378820,379698,+,transcriptional regulator%2C AraC family,Transcription,UPI0000532E9E,Op232,,,AraC_E-bd;GyrI-like;Homeodomain-like_sf;HTH_AraC;MarA-like;Reg_factor_effector_dom_sf;Tscrpt_reg_AraC-type_HTH;,Cass2;GyrI-like;HTH_18
Clo1313_0349,RS01780,CP002416.1,,380195,383080,+,glycoside hydrolase family 9,Carbohydrate transport and metabolism,UPI0001B1EF06,Op233,,,6-hairpin_glycosidase_sf;6hp_glycosidase-like_sf;CBM2/CBM3_carb-bd_dom_sf;CBM3;CBM3_sf;Dockerin_1_rpt;Dockerin_dom;Dockerin_dom_sf;EF_Hand_1_Ca_BS;Glyco_hydro_9;,CBM_3;Dockerin_1;Glyco_hydro_9
Clo1313_0350,RS01785,CP002416.1,,383245,385368,+,glycoside hydrolase family 9,Function unknown,UPI00017E22F0,Op234,,,6-hairpin_glycosidase_sf;6hp_glycosidase-like_sf;CBM2/CBM3_carb-bd_dom_sf;CBM3;CBM3_sf;Dockerin_1_rpt;Dockerin_dom;Dockerin_dom_sf;EF_Hand_1_Ca_BS;Glyco_hydro_9;Glyco_hydro_9_His_AS;,CBM_3;Dockerin_1;Glyco_hydro_9
Clo1313_0351,RS01790,CP002416.1,,385818,387155,+,transcriptional regulator-like protein,Transcription,UPI0001F32A1B,Op235,,,,WYL
Clo1313_0352,RS01795,CP002416.1,,387139,388191,+,hypothetical protein,Transcription,UPI00017E22F1,Op235,,,,WYL
Clo1313_0353,RS01800,CP002416.1,,388646,390109,+,TROVE domain-containing protein,Function unknown,UPI0001F32A1C,Op236,,,Telomerase_Complex_Comp;TROVE_dom;TROVE_dom_sf;vWA_Ro60;vWFA_dom_sf;,TROVE
Clo1313_0354,RS01805,CP002416.1,,390121,391701,+,hypothetical protein,Energy production and conversion,UPI000038F6DE,Op236,,,ARM-like;ARM-type_fold;,-
Clo1313_0355,RS01810,CP002416.1,,391714,391953,+,hypothetical protein,No COG annotation,UPI0001B1EED4,Op236,,,Imm32;,-
Clo1313_0356,RS01815,CP002416.1,,392079,393476,+,Methyltransferase type 12,Coenzyme transport and metabolism,UPI0001B1EED3,Op237,,,3'-RNA_MeTfrase_Hen1_bac;Hen1;Hen1_N;Hen1_N_sf;Methyltransf_12;SAM-dependent_MTases_sf;,Hen1_L;Methyltransf_12
Clo1313_0357,RS01820,CP002416.1,,393473,396085,+,metallophosphoesterase,Signal transduction mechanisms,UPI00017E247D,Op237,,,Ap4A_hydrolase;Calcineurin-like_PHP;Metallo-depent_PP-like;MPP_PrpE-like;P-loop_NTPase;PNKP_bac;PNKP_ligase_dom;Ser/Thr-sp_prot-phosphatase;,AAA_33;Metallophos;PNKP-ligase_C;PNKP_ligase
Clo1313_0358,ric,CP002416.1,,396201,396902,-,iron-sulfur cluster repair di-iron protein,"Cell cycle control, cell division, chromosome partitioning",UPI0001B1EED2,Op238,,,Hemerythrin-like;RIC_family;ScdA-like_N_sf;,Hemerythrin;ScdA_N
Clo1313_0359,RS01830,CP002416.1,,396925,398154,-,flavodoxin/nitric oxide synthase,Energy production and conversion,UPI0001B1EED1,Op238,,,Flavodoxin/NO_synth;Flavodoxin_CS;Flavoprotein-like_sf;Metallo-B-lactamas;ODP_dom;RibonucZ/Hydroxyglut_hydro;Rubredoxin-O_OxRdtase;,Flavodoxin_1;Lactamase_B
Clo1313_0360,RS01835,CP002416.1,,398310,399008,-,transcriptional regulator%2C Crp/Fnr family,Transcription,UPI000038F6D7,Op239,,,cNMP-bd_dom;cNMP-bd_dom_sf;Env_Response_Regulators;HTH_CRP;RmlC-like_jellyroll;Tscrpt_reg_HTH_Crp-type_CS;WH-like_DNA-bd_sf;WH_DNA-bd_sf;,HTH_Crp_2;cNMP_binding
Clo1313_0361,RS01840,CP002416.1,,399249,399869,+,hypothetical protein,No COG annotation,UPI0001B1EED0,Op240,,,,
Clo1313_0362,Clo1313_0362,CP002416.1,,399931,400050,+,hypothetical protein,No COG annotation,UPI0001B1EECF,Op241,,,,
Clo1313_0363,Clo1313_0363,CP002416.1,,400142,400285,+,hypothetical protein,No COG annotation,UPI0001F32A1D,Op242,,,,
Clo1313_0364,RS01850,CP002416.1,,400750,401454,+,nicotinamide mononucleotide transporter PnuC,Coenzyme transport and metabolism,UPI000038F6D5,Op243,,,NMN_transpt_PnuC;,NMN_transporter
Clo1313_0365,nadR,CP002416.1,,401447,402469,+,cytidyltransferase-related domain protein,Coenzyme transport and metabolism,UPI000038F6D4,Op243,,,Cyt_trans-like;NAD_biosynth-regulator;NadR/Ttd14_AAA_dom;P-loop_NTPase;Rossmann-like_a/b/a_fold;,AAA_28;CTP_transf_like;Citrate_ly_lig
Clo1313_0366,RS01860,CP002416.1,,402570,402956,+,hypothetical protein,No COG annotation,UPI00003C8BD5,Op244,,,Zinc_ribbon_dom;,-
Clo1313_0367,RS01865,CP002416.1,,403020,403205,+,hypothetical protein,No COG annotation,UPI0001B1EECE,Op245,,,,
Clo1313_0368,RS01870,CP002416.1,,403407,403748,+,Domain of unknown function DUF1801,"Translation, ribosomal structure and biogenesis",UPI000038F6D3,Op246,,,YdhG-like;,DUF1801;OmdA
Clo1313_0369,RS01875,CP002416.1,,403860,404546,+,hypothetical protein,Inorganic ion transport and metabolism,UPI0001B1EECD,Op247,,,MetI-like_sf;,ATPase-cat_bd;E1-E2_ATPase;HMA;Hydrolase
Clo1313_0370,RS01880,CP002416.1,,404822,405562,+,N-acetylmuramoyl-L-alanine amidase family 2,Defense mechanisms,UPI0001B1EECC,Op248,,,Amidase/PGRP_sf;Amidase_domain;NAMLAA_amidase_2;SLH_dom;,Amidase_2
Clo1313_0371,RS15525,CP002416.1,,405850,406011,+,Protein of unknown function DUF2292,Function unknown,UPI0000F219D6,Op249,,,DUF2292;,DUF2292
Clo1313_0372,RS01885,CP002416.1,,406079,406744,+,cobalamin B12-binding domain protein,Function unknown,UPI00005329B2,Op250,,,Cbl-bd_cap;Cobalamin-bd;Cobalamin-bd_sf;Met_Synthase/Corrinoid;Meth_synthase_dom;,B12-binding;B12-binding_2
Clo1313_0373,RS01890,CP002416.1,,406734,407852,+,methyltransferase MtaA/CmuA family,Coenzyme transport and metabolism,UPI0000536B0D,Op250,,,Methanogen_methyltrans;Mtase_MtaA_CmuA;UROD/MetE-like_sf;Uroporphyrinogen_deCOase;,URO-D
Clo1313_0374,RS01895,CP002416.1,,407889,408956,+,methyltransferase MtaA/CmuA family,Coenzyme transport and metabolism,UPI0001B1EECB,Op250,,,Methanogen_methyltrans;Mtase_MtaA_CmuA;UROD/MetE-like_sf;Uroporphyrinogen_deCOase;,URO-D
Clo1313_0375,RS01900,CP002416.1,,408916,410592,+,ferredoxin,Energy production and conversion,UPI0001B1EECA,Op250,,,2Fe-2S_ferredoxin-like_sf;2Fe-2S_ferredoxin-type;Beta-grasp_dom_sf;Corrinoid_activation_enz;RamQ-like_middle;RamQ-like_middle_sf;RamQ_C;,DUF4445;Fer2
Clo1313_0376,RS01905,CP002416.1,,410606,411262,+,protein of unknown function DUF1847,Function unknown,UPI00017E248D,Op250,,,DUF1847;,DUF1847
Clo1313_0377,RS01910,CP002416.1,,411292,412374,+,extracellular solute-binding protein family 3,Inorganic ion transport and metabolism,UPI0001B1EEC9,Op250,,,NrtA/CpmA_ABC-bd_dom;Solute-binding_3/MltF_N;SsuA/THI5;,NMT1;NMT1_2
Clo1313_0378,RS01915,CP002416.1,,412390,413196,+,ABC transporter related protein,Inorganic ion transport and metabolism,UPI000038F6C9,Op250,,,AAA+_ATPase;ABC_transporter-like_ATP-bd;ABC_transporter-like_CS;ABC_transporter_ATP-bind;P-loop_NTPase;,ABC_tran
Clo1313_0379,RS01920,CP002416.1,,413222,414130,+,binding-protein-dependent transport systems inner membrane component,Inorganic ion transport and metabolism,UPI00003C8BDC,Op250,,,MetI-like;MetI-like_sf;,BPD_transp_1
Clo1313_0380,RS01925,CP002416.1,,414149,415471,+,Phenylacetate--CoA ligase,Coenzyme transport and metabolism,UPI000038F6C7,Op250,,,AMP-b_sf;AMP-dep_Lig_C;AMP-dep_synth/lig_dom;ANL_N_sf;PA_CoA_ligase;,AMP-binding;AMP-binding_C_2;LuxC
Clo1313_0381,RS01930,CP002416.1,,415476,416648,+,aminotransferase class I and II,Amino acid transport and metabolism,UPI0001F32A1E,Op250,,,Aminotransferase_I/II_large;Kynurenine-oxoglutarate_AT;NHTrfase_class1_PyrdxlP-BS;PyrdxlP-dep_Trfase;PyrdxlP-dep_Trfase_major;PyrdxlP-dep_Trfase_small;,Aminotran_1_2
Clo1313_0382,RS01935,CP002416.1,,416645,417190,+,pyruvate/ketoisovalerate oxidoreductase%2C gamma subunit,Energy production and conversion,UPI0001B1EEC7,Op250,,,Oxidoreductase_gamma_subunit;PorC_KorC;Pyrv/ketoisovalerate_OxRed_cat;Pyrv_flavodox_OxRed_cen;,POR
Clo1313_0383,RS01940,CP002416.1,,417187,417498,+,pyruvate ferredoxin/flavodoxin oxidoreductase%2C delta subunit,Energy production and conversion,UPI00003C8BE0,Op250,,,4Fe4S_Fe-S-bd;4Fe4S_Fe_S_CS;PorD_KorD;,Fer4
Clo1313_0384,porA,CP002416.1,,417488,418675,+,pyruvate flavodoxin/ferredoxin oxidoreductase domain protein,Energy production and conversion,UPI0001B1EEC6,Op250,,,PFOR_II;Pyruvate:ferred/Flavod_OxRd;Pyrv_Fd/Flavodoxin_OxRdtase_N;THDP-binding;Transketo_C/PFOR_II;,PFOR_II;POR_N
Clo1313_0385,RS01950,CP002416.1,,418668,419573,+,thiamine pyrophosphate TPP-binding domain-containing protein,Energy production and conversion,UPI000038F6C3,Op250,,,PorB-like;THDP-binding;TPP_enzyme_TPP-bd;,TPP_enzyme_C
Clo1313_0386,RS01955,CP002416.1,,419668,419880,+,hypothetical protein,No COG annotation,UPI00003C8BE1,Op251,,,4Fe4S_Fe_S_CS;Spo0E-like_sf;,
Clo1313_0387,RS01960,CP002416.1,,419993,420373,+,endoribonuclease L-PSP,"Translation, ribosomal structure and biogenesis",UPI00003C8BE2,Op252,,,RidA;RidA_CS;RutC-like_sf;YjgF/YER057c/UK114;,Ribonuc_L-PSP
Clo1313_0388,RS01965,CP002416.1,,420393,421553,+,Cys/Met metabolism pyridoxal-phosphate-dependent protein,Amino acid transport and metabolism,UPI00003C8BE3,Op253,,,Cys/Met-Metab_PyrdxlP-dep_enz;Cys_met_metab_PP;PyrdxlP-dep_Trfase;PyrdxlP-dep_Trfase_major;PyrdxlP-dep_Trfase_small;,Cys_Met_Meta_PP
Clo1313_0389,RS01970,CP002416.1,,421564,422745,+,aminotransferase class I and II,Amino acid transport and metabolism,UPI0001B1EEC5,Op253,,,Aminotransferase_I/II_large;C-S_lyase_PatB-like;Class-II_PLP-Dep_Aminotrans;PyrdxlP-dep_Trfase;PyrdxlP-dep_Trfase_major;PyrdxlP-dep_Trfase_small;,Aminotran_1_2
Clo1313_0390,cooS,CP002416.1,,422896,424908,+,carbon-monoxide dehydrogenase%2C catalytic subunit,Energy production and conversion,UPI0001B1EEC4,Op254,,,CO_DH_a-bundle;CODH;HCP/CODH;Prismane-like_a/b-sand;Prismane-like_sf;,Prismane
Clo1313_0391,RS01980,CP002416.1,,424967,425950,+,extracellular solute-binding protein family 3,Inorganic ion transport and metabolism,UPI00003C8CC1,Op255,,,NrtA/CpmA_ABC-bd_dom;Solute-binding_3/MltF_N;,NMT1;NMT1_2
Clo1313_0392,RS01985,CP002416.1,,425950,426729,+,binding-protein-dependent transport systems inner membrane component,Inorganic ion transport and metabolism,UPI00003C8CC2,Op255,,,MetI-like;MetI-like_sf;,BPD_transp_1
Clo1313_0393,RS01990,CP002416.1,,426731,427501,+,ABC transporter related protein,Inorganic ion transport and metabolism,UPI00003C8CC3,Op255,,,AAA+_ATPase;ABC_transporter-like_ATP-bd;ABC_transporter-like_CS;ABC_transporter_ATP-bind;P-loop_NTPase;,ABC_tran
Clo1313_0394,RS01995,CP002416.1,,427630,429762,-,hypothetical protein,Carbohydrate transport and metabolism,UPI0001B1EE8A,Op256,,,Ig-like_fold;Ig_E-set;,Peptidase_M60
Clo1313_0395,RS02000,CP002416.1,,430143,431174,+,glycoside hydrolase family 5,Carbohydrate transport and metabolism,UPI000012BDDE,Op257,,,GH_hydrolase_sf;Glyco_hydro_5;Glyco_hydro_5_CS;Glycosyl_hydrolase_5;,Cellulase
Clo1313_0396,RS02005,CP002416.1,,431291,432328,+,transcriptional regulator%2C LacI family,Transcription,UPI00000613CF,Op258,,,HTH_LacI;LacI/GalR-like_sensor;Lambda_DNA-bd_dom_sf;Peripla_BP_I;,LacI;Peripla_BP_1;Peripla_BP_3
Clo1313_0397,RS02010,CP002416.1,,432438,436844,+,Glucan endo-1%2C3-beta-D-glucosidase,Carbohydrate transport and metabolism,UPI0001B1EE89,Op259,,,Beta-glucanase-like;CenC_carb-bd;ConA-like_dom_sf;Galactose-bd-like_sf;Glycosyl_Hydrlase_16;SLH_dom;,Big_2;CBM_4_9;CW_binding_1;Glyco_hydro_16;LRR_5;SLH
Clo1313_0398,RS02015,CP002416.1,,437030,438784,+,Na/Pi-cotransporter II-related protein,Inorganic ion transport and metabolism,UPI0001B1EE88,Op260,,,Na/Pi_transpt;NaPi_cotrn-rel/YqeW-like;PhoU-like_sf;PhoU_dom;,Na_Pi_cotrans;PhoU
Clo1313_0399,RS02020,CP002416.1,,439139,440914,+,Dockerin type 1,Carbohydrate transport and metabolism,UPI00005325A2,Op261,,,CBM6;Dockerin_1_rpt;Dockerin_dom;Dockerin_dom_sf;EF_Hand_1_Ca_BS;Galactose-bd-like_sf;GH_hydrolase_sf;GH26_dom;Glyco_hydro_26;Rhodanese-like_dom;,CBM_35;Dockerin_1;Glyco_hydro_26
Clo1313_0400,RS02025,CP002416.1,,441279,443117,+,glycoside hydrolase family 9,Carbohydrate transport and metabolism,UPI0000536EA1,Op262,,,6-hairpin_glycosidase_sf;6hp_glycosidase-like_sf;Dockerin_1_rpt;Dockerin_dom;Dockerin_dom_sf;EF_Hand_1_Ca_BS;Glyco_hydro_9;Glyco_hydro_9_His_AS;,Dockerin_1;Glyco_hydro_9
Clo1313_0401,RS02030,CP002416.1,,443411,444106,+,two component transcriptional regulator%2C winged helix family,Signal transduction mechanisms,UPI0000536E90,Op263,,,CheY-like_superfamily;OmpR/PhoB-type_DNA-bd;Sig_transdc_resp-reg_C-effctor;Sig_transdc_resp-reg_receiver;WalR-like;WH-like_DNA-bd_sf;,Response_reg;Trans_reg_C
Clo1313_0402,RS02035,CP002416.1,,444081,446120,+,integral membrane sensor signal transduction histidine kinase,Signal transduction mechanisms,UPI00003C8CC8,Op264,,,HATPase_C_sf;HATPase_dom;His_kinase_dom;HisK_dim/P_dom;HisK_dim/P_sf;HssS/ArlS-like;,HATPase_c;HisKA
Clo1313_0403,RS02040,CP002416.1,,446237,447838,-,lysyl-tRNA synthetase,"Translation, ribosomal structure and biogenesis",UPI0000F21A0A,Op265,,,aa-tRNA-synth_I_codon-bd_sub2;aa-tRNA-synth_I_CS;aa_tRNA-synth_I_cd-bd_sf;Lys-tRNA-ligase;Lys-tRNA-ligase_SC_fold;Rossmann-like_a/b/a_fold;,tRNA-synt_1f;tRNA_bind
Clo1313_0405,RS02045,CP002416.1,,449327,449752,+,CheW protein,Cell motility,UPI000038F6B4,Op266,,,CheW;CheW-like_dom_sf;CheW-lke_dom;,CheW
Clo1313_0406,RS02050,CP002416.1,,449768,451576,+,CheA signal transduction histidine kinase,Cell motility,UPI0001B1EF5F,Op266,,,Bact_Chemotaxis_CheA;CheA-like_dim;CheA-like_homodim_sf;CheW-like_dom_sf;CheW-lke_dom;HATPase_C_sf;HATPase_dom;His_kinase_dom;HisK_dim/P_sf;HPT_dom_sf;Sig_transdc_His_kin-like_C;Sig_transdc_His_kin_Hpt_dom;,CheW;H-kinase_dim;HATPase_c;Hpt;P2
Clo1313_0407,RS02055,CP002416.1,,451610,456034,+,methyl-accepting chemotaxis sensory transducer,Cell motility,UPI00003C904E,Op266,,,Chemotax_Me-accpt_rcpt;MCPsignal_dom;,MCPsignal
Clo1313_0408,RS02060,CP002416.1,,456147,456980,+,MCP methyltransferase%2C CheR-type,Coenzyme transport and metabolism,UPI000038F6AE,Op267,,,Bact_Chemotaxis_MeTrfase;CheR_C;CheR_MeTrfase;CheR_N_sf;SAM-dependent_MTases_sf;,CheR;CheR_N
Clo1313_0409,RS02065,CP002416.1,,456959,458053,+,response regulator receiver modulated CheB methylesterase,Cell motility,UPI000038F6AD,Op268,,,CheB-like;CheB_C;CheY-like_superfamily;Sig_transdc_resp-reg_Me-estase;Sig_transdc_resp-reg_receiver;,CheB_methylest;Response_reg
Clo1313_0410,RS02070,CP002416.1,,458258,459244,+,oxidoreductase domain protein,Function unknown,UPI000038F6AC,Op269,,,Gfo/Idh/MocA-like_OxRdtase_N;Gfo/Idh/MocA_domain;GFO_IDH_MocA-like_dom;NAD(P)-bd_dom_sf;,GFO_IDH_MocA;GFO_IDH_MocA_C
Clo1313_0411,RS02075,CP002416.1,,459775,461076,+,protein of unknown function DUF21,Function unknown,UPI00003C8DB1,Op270,,,CBS_dom;CBS_dom_sf;CNNM;FAD-bd_PCMH-like_sf;FAD-bd_PCMH_sub2;Ion_transp-like_CBS;Transptr-assoc_dom;,CBS;CorC_HlyC;DUF21
Clo1313_0412,RS02080,CP002416.1,,461116,461628,+,TipAS antibiotic-recognition domain-containing protein,Transcription,UPI000038F816,Op270,,,TipA-like_antibiotic-bd;TipAS_dom;,MerR_1;TipAS
Clo1313_0413,RS02085,CP002416.1,,461711,463411,-,glycoside hydrolase family 5,Carbohydrate transport and metabolism,UPI0001B1EF5E,Op271,,,Dockerin_1_rpt;Dockerin_dom;Dockerin_dom_sf;EF_Hand_1_Ca_BS;GH_hydrolase_sf;Glyco_hydro_5;Glyco_hydro_5_CS;,CBM_2;Cellulase;Dockerin_1
Clo1313_0414,RS02090,CP002416.1,,463715,464416,-,Protein of unknown function DUF3592,No COG annotation,UPI0001B1EF5D,Op272,,,DUF3592;,-
Clo1313_0415,RS02095,CP002416.1,,464814,466631,+,Phosphoenolpyruvate carboxykinase (GTP),Coenzyme transport and metabolism,UPI000038F814,Op273,,,PEP_carboxykin_GTP_CS;PEP_carboxykinase_C;PEP_carboxykinase_GTP;PEP_carboxykinase_GTP_C;PEP_carboxykinase_GTP_N;PEP_carboxykinase_N;,PEPCK_C;PEPCK_N
Clo1313_0416,raiA,CP002416.1,,467907,468440,+,sigma 54 modulation protein/ribosomal protein S30EA,"Translation, ribosomal structure and biogenesis",UPI000038F813,Op274,,,HPF/YfiA_ribosome-assoc;HPF_long/plastid;RHF-like;RHF/RaiA;Ribosom_S30AE_C;Ribosom_S30AE_C_sf;,Ribosom_S30AE_C;Ribosomal_S30AE
Clo1313_0417,pcrA,CP002416.1,,468555,470780,+,ATP-dependent DNA helicase PcrA,"Replication, recombination and repair",UPI000038F812,Op275,,,ATP-dep_DNA_helicase_PcrA;DExx_box_DNA_helicase_dom_sf;UvrD-like_C;UvrD-like;P-loop_NTPase;UvrD-like_ATP-bd;,UvrD-helicase;UvrD_C
Clo1313_0418,RS02110,CP002416.1,,470926,472683,+,S-layer domain-containing protein,"Post-translational modification, protein turnover, and chaperones",UPI000038F811,Op276,,,Cell_Envelope_Struct_Comp;Intracell_prot_inh_BsuPI;IPI;SLH_dom;,BsuPI;SLH
Clo1313_0419,RS02115,CP002416.1,,472853,473746,+,peptidase C39 bacteriocin processing,Function unknown,UPI00017E45F2,Op277,,,Peptidase_C39;,Peptidase_C39
Clo1313_0420,RS02120,CP002416.1,,473998,475533,-,Dockerin type 1,Function unknown,UPI00017E45F3,Op278,,,Dockerin_1_rpt;Dockerin_dom;Dockerin_dom_sf;EF_Hand_1_Ca_BS;SASA;SGNH_hydro_sf;,Dockerin_1;SASA
Clo1313_0421,hisZ,CP002416.1,,476052,477308,+,histidyl-tRNA synthetase 2,Amino acid transport and metabolism,UPI00003C8DB4,Op279,"catalytic activity, acting on a protein; glycosyltransferase activity; histidine-tRNA ligase activity;catalytic activity, acting on a protein; histidine-tRNA ligase activity; transferase activity",histidyl-tRNA aminoacylation; L-histidine biosynthetic process,aa-tRNA-synth_II;aa-tRNA-synth_II/BPL/LPL;Anticodon-bd_dom_sf;HisRS-like_core;HisRS/HisZ;HisZ;,tRNA-synt_His
Clo1313_0422,RS02130,CP002416.1,,477326,477967,+,ATP phosphoribosyltransferase,Amino acid transport and metabolism,UPI000038F80E,Op279,,,ATP_PRibTrfase_cat;ATP_PRibTrfase_CS;ATP_PRibTrfase_HisG;ATP_PRibTrfase_HisG_short;,HisG
Clo1313_0423,hisD,CP002416.1,,477973,479280,+,histidinol dehydrogenase,Amino acid transport and metabolism,UPI00017E45F4,Op279,histidinol dehydrogenase activity; NAD binding; zinc ion binding,L-histidine biosynthetic process,Ald_DH/histidinol_DH;Histidinol_DH_CS;Histidinol_DH_monofunct;Hstdl_DH;,Histidinol_dh
Clo1313_0424,hisC,CP002416.1,,479515,480591,+,histidinol-phosphate aminotransferase,Amino acid transport and metabolism,UPI00003C8DB6,Op279,histidinol-phosphate transaminase activity; pyridoxal phosphate binding,L-histidine biosynthetic process,Aminotransferase_I/II_large;HisP_aminotrans;PyrdxlP-dep_Trfase;PyrdxlP-dep_Trfase_major;PyrdxlP-dep_Trfase_small;,Aminotran_1_2
Clo1313_0425,hisB,CP002416.1,,480704,481291,+,Imidazoleglycerol-phosphate dehydratase,Amino acid transport and metabolism,UPI00003C8DB7,Op279,imidazoleglycerol-phosphate dehydratase activity,L-histidine biosynthetic process,IGPD_sf;ImidazoleglycerolP_deHydtase;ImidazoleglycerP_deHydtase_CS;Ribosomal_Su5_D2-typ_SF;,IGPD
Clo1313_0426,RS02150,CP002416.1,,481394,482278,+,phosphoribosylaminoimidazole-succinocarboxamide synthase,Nucleotide transport and metabolism,UPI000038F80C,Op280,,,SAICAR_synt/ADE2_N;SAICAR_synth;SAICAR_synthetase_CS;,SAICAR_synt
Clo1313_0427,hisH,CP002416.1,,482360,482980,+,imidazole glycerol phosphate synthase%2C glutamine amidotransferase subunit,Amino acid transport and metabolism,UPI0001B1EF5C,Op280,glutaminase activity; imidazoleglycerol-phosphate synthase activity; lyase activity,L-histidine biosynthetic process,Class_I_gatase-like;GATASE;Imidazole-glycPsynth_HisH;,GATase
Clo1313_0428,hisA,CP002416.1,,483048,483761,+,phosphoribosylformimino-5-aminoimidazole carboxamide ribotide isomerase,Amino acid transport and metabolism,UPI000038F80A,Op280,1-(5-phosphoribosyl)-5-[(5-phosphoribosylamino)methylideneamino]imidazole-4-carboxamide isomerase activity,L-histidine biosynthetic process; L-tryptophan biosynthetic process,Aldolase_TIM;His_biosynth;HisA/PriA;HisA_bact_arch;Isoase_HisA-like;RibuloseP-bd_barrel;,His_biosynth
Clo1313_0429,hisF,CP002416.1,,483774,484535,+,imidazoleglycerol phosphate synthase%2C cyclase subunit,Amino acid transport and metabolism,UPI000038F809,Op280,imidazoleglycerol-phosphate synthase activity; lyase activity,L-histidine biosynthetic process,Aldolase_TIM;His_biosynth;HisF;IGPS_HisA/HisF;RibuloseP-bd_barrel;,His_biosynth
Clo1313_0430,RS02170,CP002416.1,,484557,485219,+,phosphoribosyl-ATP diphosphatase,Amino acid transport and metabolism,UPI000038F808,Op280,,,His_synth_HisIE;HisE;PRA-CH;PRib-ATP_PPHydrolase-like;PRib_AMP_CycHydrolase_dom;PRib_AMP_CycHydrolase_sf;,His_biosynth;PRA-CH;PRA-PH
Clo1313_0431,RS02175,CP002416.1,,485243,486412,+,putative transcriptional regulator,Transcription,UPI000038F807,Op280,,,RecG_C_sf;Schlafen_AlbA_2_dom;Schlafen_AlbA_2_dom_sf;,AlbA_2
Clo1313_0432,groES,CP002416.1,,486635,486919,+,Chaperonin Cpn10,"Post-translational modification, protein turnover, and chaperones",UPI0000127616,Op281,ATP binding; metal ion binding; protein folding chaperone; protein-folding chaperone binding; unfolded protein binding,,Chaperonin_GroES;Chaperonin_GroES_sf;Chaprnonin_Cpn10_CS;GroES-like_sf;,Cpn10
Clo1313_0433,groL,CP002416.1,,486968,488593,+,chaperonin GroEL,"Post-translational modification, protein turnover, and chaperones",UPI000016EB8E,Op282,,,Chaperonin_Cpn60_CS;Cpn60/GroEL;Cpn60/GroEL/TCP-1;GroEL-like_apical_dom_sf;GROEL-like_equatorial_sf;TCP-1-like_intermed_sf;,Cpn60_TCP1
Clo1313_0434,RS02190,CP002416.1,,488844,489899,+,type IV pilus assembly PilZ,Function unknown,UPI00017E4A0D,Op283,,,PilZ_domain;,PilZ
Clo1313_0435,RS02195,CP002416.1,,489933,490463,+,hypothetical protein,No COG annotation,UPI000038F7FD,Op283,,,DUF6106;,-
Clo1313_0436,RS02200,CP002416.1,,490586,492337,+,glycoside hydrolase family 18,Cell wall/membrane/envelope biogenesis,UPI000038F7FC,Op284,,,CFLE_GH18;Chitinase_II/V-like_cat;Chitinase_insertion_sf;Cu_amine_oxidase-like_N;GH_hydrolase_sf;Glyco_hydro18_cat;Mao_N_sf;,CW_binding_2;Cu_amine_oxidN1;Glyco_hydro_18;SH3_3
Clo1313_0437,RS02205,CP002416.1,,492413,493366,+,hypothetical protein,No COG annotation,UPI000038F7FB,Op285,,,,-
Clo1313_0438,greA,CP002416.1,,493695,494174,+,transcription elongation factor GreA,Transcription,UPI000038F7FA,Op286,DNA binding; RNA polymerase binding; translation elongation factor activity;DNA binding; RNA polymerase binding,DNA-templated transcription elongation; regulation of DNA-templated transcription elongation,GreA/GreB_C_sf;TF_GreA/GreB_CS;Tscrpt_elong_fac_GreA;Tscrpt_elong_fac_GreA/B;Tscrpt_elong_fac_GreA/B_C;Tscrpt_elong_fac_GreA/B_fam;Tscrpt_elong_fac_GreA/B_N;Tscrpt_elong_fac_GreA/B_N_sf;,GreA_GreB;GreA_GreB_N
Clo1313_0439,RS02215,CP002416.1,,494523,494837,+,anti-sigma-factor antagonist,Signal transduction mechanisms,UPI000038F7F9,Op287,,,Anti-sigma_ant;STAS_dom;STAS_dom_sf;,STAS
Clo1313_0440,RS02220,CP002416.1,,494850,495242,+,putative anti-sigma regulatory factor%2C serine/threonine protein kinase,Signal transduction mechanisms,UPI0001F32A72,Op287,,,HATPase_C_sf;HATPase_dom;,HATPase_c_2
Clo1313_0441,RS02225,CP002416.1,,495245,496003,+,RNA polymerase%2C sigma 28 subunit%2C Sig B/F/G subfamily,Transcription,UPI00003C8DBB,Op287,,,Cro/C1-type_HTH;RNA_pol_sigma-70_dom;RNA_pol_sigma-B/F/G;RNA_pol_sigma70;RNA_pol_sigma70_r2;RNA_pol_sigma70_r3;RNA_pol_sigma70_r4;RNA_pol_sigma_r2;RNA_pol_sigma_r3/r4-like;,Sigma70_r2;Sigma70_r3;Sigma70_r4
Clo1313_0442,RS02230,CP002416.1,,496170,496604,+,ATP-binding region ATPase domain protein,Signal transduction mechanisms,UPI00017E4A11,Op288,,,Anti-sigma-factor_SerPK;HATPase_C_sf;HATPase_dom;,HATPase_c_2
Clo1313_0443,RS15970,CP002416.1,,502368,502526,+,hypothetical protein,No COG annotation,UPI00003C9087,Op289,,,,
Clo1313_0444,rpsJ,CP002416.1,,502624,502935,+,ribosomal protein S10,"Translation, ribosomal structure and biogenesis",UPI00003C9086,Op290,structural constituent of ribosome; tRNA binding,translation,Ribosomal_uS10;Ribosomal_uS10_CS;Ribosomal_uS10_dom;Ribosomal_uS10_dom_sf;,Ribosomal_S10
Clo1313_0445,rplC,CP002416.1,,503038,503676,+,50S ribosomal protein L3,"Translation, ribosomal structure and biogenesis",UPI00003C9085,Op291,rRNA binding; structural constituent of ribosome,translation,Ribosomal_uL3;Ribosomal_uL3_bact_org;Ribosomal_uL3_CS;Transl_B-barrel_sf;,Ribosomal_L3
Clo1313_0446,rplD,CP002416.1,,503700,504326,+,ribosomal protein L4/L1e,"Translation, ribosomal structure and biogenesis",UPI0000532EE1,Op291,rRNA binding; structural constituent of ribosome,translation,Ribosomal_uL4;Ribosomal_uL4-like;Ribosomal_uL4_dom_sf;,Ribosomal_L4
Clo1313_0447,rplW,CP002416.1,,504326,504679,+,Ribosomal protein L25/L23,"Translation, ribosomal structure and biogenesis",UPI000038FD43,Op291,rRNA binding; structural constituent of ribosome,translation,Nucleotide-bd_a/b_plait_sf;Ribosomal_uL23-like;Ribosomal_uL23/eL15/eS24_sf;,Ribosomal_L23
Clo1313_0448,rplB,CP002416.1,,504723,505550,+,ribosomal protein L2,"Translation, ribosomal structure and biogenesis",UPI0001B1EE3F,Op291,rRNA binding; structural constituent of ribosome; transferase activity,cytoplasmic translation,NA-bd_OB-fold;Rib_uL2_dom2;Ribosomal_uL2;Ribosomal_uL2_bact_org;Ribosomal_uL2_C;Ribosomal_uL2_CS;Ribosomal_uL2_dom3;Ribosomal_uL2_RNA-bd_dom;Translation_prot_SH3-like_sf;,Ribosomal_L2;Ribosomal_L2_C
Clo1313_0449,rpsS,CP002416.1,,505607,505891,+,ribosomal protein S19,"Translation, ribosomal structure and biogenesis",UPI0000532EEC,Op292,rRNA binding; structural constituent of ribosome,ribosomal small subunit assembly; translation,Ribosomal_uS19;Ribosomal_uS19_bact;Ribosomal_uS19_CS;Ribosomal_uS19_SF;,Ribosomal_S19
Clo1313_0450,rplV,CP002416.1,,505922,506398,+,ribosomal protein L22,"Translation, ribosomal structure and biogenesis",UPI000038FD40,Op293,rRNA binding; structural constituent of ribosome,translation,Ribosomal_uL22;Ribosomal_uL22_bac/chlpt-type;Ribosomal_uL22_bact_org;Ribosomal_uL22_CS;Ribosomal_uL22_sf;,Ribosomal_L22
Clo1313_0451,rpsC,CP002416.1,,506418,507098,+,ribosomal protein S3,"Translation, ribosomal structure and biogenesis",UPI000038FD3F,Op293,mRNA binding; rRNA binding; structural constituent of ribosome,translation,KH_dom;KH_dom-like_a/b;KH_dom_type_2;KH_sf_prok-type;Ribosomal_S3_C_sf;Ribosomal_uS3;Ribosomal_uS3_bact;Ribosomal_uS3_C;Ribosomal_uS3_CS;,KH_2;Ribosomal_S3_C
Clo1313_0452,rplP,CP002416.1,,507085,507522,+,ribosomal protein L16,"Translation, ribosomal structure and biogenesis",UPI000038FD3E,Op293,rRNA binding; structural constituent of ribosome; tRNA binding,translation,Ribosomal_uL16;Ribosomal_uL16_bact;Ribosomal_uL16_CS;Ribosomal_uL16_dom;Ribosomal_uL16_sf;,Ribosomal_L16
Clo1313_0453,rpmC,CP002416.1,,507512,507715,+,ribosomal protein L29,"Translation, ribosomal structure and biogenesis",UPI00003C9081,Op293,structural constituent of ribosome,translation,Ribosomal_protein_uL29;Ribosomal_uL29;Ribosomal_uL29_CS;Ribosomal_uL29_sf;,Ribosomal_L29
Clo1313_0454,rpsQ,CP002416.1,,507742,507999,+,30S ribosomal protein S17,"Translation, ribosomal structure and biogenesis",UPI00003C9080,Op293,rRNA binding; structural constituent of ribosome,translation,NA-bd_OB-fold;Ribosomal_uS17;Ribosomal_uS17_bact/chlr;Ribosomal_uS17_CS;,Ribosomal_S17
Clo1313_0455,rplN,CP002416.1,,508024,508392,+,ribosomal protein L14,"Translation, ribosomal structure and biogenesis",UPI000038FD3C,Op293,large ribosomal subunit rRNA binding; structural constituent of ribosome,translation,Ribosomal_uL14;Ribosomal_uL14_bact;Ribosomal_uL14_sf;,Ribosomal_L14
Clo1313_0456,RS02315,CP002416.1,,508411,508761,+,ribosomal protein L24,"Translation, ribosomal structure and biogenesis",UPI00003C907F,Op293,,,Rib_uL2_dom2;Ribosomal_uL24;Ribosomal_uL24_C;Ribosomal_uL24_KOW;Translation_prot_SH3-like_sf;,KOW;ribosomal_L24
Clo1313_0457,rplE,CP002416.1,,508793,509335,+,50S ribosomal protein L5,"Translation, ribosomal structure and biogenesis",UPI00017E31C7,Op293,rRNA binding; structural constituent of ribosome; tRNA binding,translation,Ribosomal_uL5;Ribosomal_uL5_bact;Ribosomal_uL5_C;Ribosomal_uL5_CS;Ribosomal_uL5_dom_sf;Ribosomal_uL5_N;,Ribosomal_L5;Ribosomal_L5_C
Clo1313_0458,RS02325,CP002416.1,,509351,509536,+,ribosomal protein S14,"Translation, ribosomal structure and biogenesis",UPI00003C907E,Op293,,,Ribosomal_uS14;Ribosomal_uS14_bact;Ribosomal_uS14_CS;Ribosomal_uS14_sf;,Ribosomal_S14
Clo1313_0459,rpsH,CP002416.1,,509563,509961,+,ribosomal protein S8,"Translation, ribosomal structure and biogenesis",UPI000038FD3A,Op293,rRNA binding; structural constituent of ribosome,translation,Ribosomal_uS8;Ribosomal_uS8_CS;Ribosomal_uS8_sf;,Ribosomal_S8
Clo1313_0460,rplF,CP002416.1,,510035,510586,+,ribosomal protein L6,"Translation, ribosomal structure and biogenesis",UPI000053278D,Op294,rRNA binding; structural constituent of ribosome,cytoplasmic translation,Ribosomal_uL6-like;Ribosomal_uL6-like_a/b-dom_sf;Ribosomal_uL6_a/b-dom;Ribosomal_uL6_bact;Ribosomal_uL6_CS;,Ribosomal_L6
Clo1313_0461,rplR,CP002416.1,,510602,510970,+,ribosomal protein L18,"Translation, ribosomal structure and biogenesis",UPI00003C907D,Op294,5S rRNA binding; structural constituent of ribosome,translation,Ribosomal_L18;Ribosomal_uL18_bact;Ribosomal_uL18_bac/plant/anim;,Ribosomal_L18p
Clo1313_0462,rpsE,CP002416.1,,510990,511490,+,ribosomal protein S5,"Translation, ribosomal structure and biogenesis",UPI0000535AEC,Op294,rRNA binding; structural constituent of ribosome,ribosome biogenesis; translation,Ribosomal_Su5_D2-typ_SF;Ribosomal_uS5;Ribosomal_uS5_bact;Ribosomal_uS5_C;Ribosomal_uS5_N;Ribosomal_uS5_N_CS;Ribsml_uS5_D2-typ_fold_subgr;,Ribosomal_S5;Ribosomal_S5_C
Clo1313_0463,rpmD,CP002416.1,,511503,511682,+,ribosomal protein L30,"Translation, ribosomal structure and biogenesis",UPI000038FD37,Op294,structural constituent of ribosome,translation,Ribo_uL30_ferredoxin-like_sf;Ribosomal_uL30_bact;Ribosomal_uL30_ferredoxin-like;,Ribosomal_L30
Clo1313_0464,rplO,CP002416.1,,511697,512137,+,ribosomal protein L15,"Translation, ribosomal structure and biogenesis",UPI000038FD36,Op294,rRNA binding; structural constituent of ribosome,translation,Ribosomal_uL15;Ribosomal_uL15/eL18;Ribosomal_uL15/eL18_sf;Ribosomal_uL15_bact;,Ribosomal_L27A
Clo1313_0465,secY,CP002416.1,,512139,513422,+,preprotein translocase%2C SecY subunit,"Intracellular trafficking, secretion, and vesicular transport",UPI00003C907B,Op294,,intracellular protein transmembrane transport; protein targeting; protein transport by the Sec complex,SecY;SecY/SEC61-alpha;SecY_CS;SecY_dom_sf;,SecY
Clo1313_0466,RS02365,CP002416.1,,513486,514139,+,adenylate kinase,Nucleotide transport and metabolism,UPI00003C907A,Op295,,,Adenyl_kin_sub;Adenylat/UMP-CMP_kin;Adenylat_kinase_CS;Adenylate_kinase_lid-dom;P-loop_NTPase;,ADK;ADK_lid
Clo1313_0467,map,CP002416.1,,514136,514906,+,methionine aminopeptidase%2C type I,Amino acid transport and metabolism,UPI00003C9079,Op295,initiator methionyl aminopeptidase activity; metal ion binding; metalloaminopeptidase activity,proteolysis,Creatinase/aminopeptidase-like;Pept_M24;Pept_M24_MAP;Pept_M24A_MAP1;,Peptidase_M24
Clo1313_0468,RS02375,CP002416.1,,514938,515210,+,hypothetical protein,"Translation, ribosomal structure and biogenesis",UPI00003C9078,Op295,,,Rib_uL2_dom2;Ribosomal_eL14_KOW;Translation_prot_SH3-like_sf;,KOW
Clo1313_0469,infA,CP002416.1,,515252,515470,+,translation initiation factor IF-1,"Translation, ribosomal structure and biogenesis",UPI0000F21A62,Op296,ribosome binding; rRNA binding; translation initiation factor activity,,NA-bd_OB-fold;RNA-binding_domain_S1_IF1;S1_domain;TIF_IF1;,eIF-1a
Clo1313_0470,rpmJ,CP002416.1,,515490,515603,+,ribosomal protein L36,"Translation, ribosomal structure and biogenesis",UPI0000534E62,Op296,structural constituent of ribosome,translation,Ribosomal_bL36;Ribosomal_bL36_sp;,Ribosomal_L36
Clo1313_0471,rpsM,CP002416.1,,515917,516288,+,30S ribosomal protein S13,"Translation, ribosomal structure and biogenesis",UPI000038FD58,Op297,rRNA binding; structural constituent of ribosome; tRNA binding,translation,Rbsml_uS13_C;Ribosomal_uS13;Ribosomal_uS13-like_H2TH;Ribosomal_uS13_bact;Ribosomal_uS13_CS;,Ribosomal_S13
Clo1313_0472,rpsK,CP002416.1,,516310,516714,+,30S ribosomal protein S11,"Translation, ribosomal structure and biogenesis",UPI000038FD57,Op297,rRNA binding; structural constituent of ribosome,translation,Ribosomal_uS11;Ribosomal_uS11_bact;Ribosomal_uS11_CS;Ribosomal_uS11_sf;,Ribosomal_S11
Clo1313_0473,rpsD,CP002416.1,,516766,517392,+,ribosomal protein S4,"Translation, ribosomal structure and biogenesis",UPI000038FD56,Op297,rRNA binding; structural constituent of ribosome,ribosomal small subunit biogenesis; translation,Ribosomal_uS4;Ribosomal_uS4_bact;Ribosomal_uS4_CS;Ribosomal_uS4_N;S4_RNA-bd;S4_RNA-bd_sf;,Ribosomal_S4;S4
Clo1313_0474,RS02405,CP002416.1,,517534,518481,+,DNA-directed RNA polymerase%2C alpha subunit,Transcription,UPI00017E22E5,Op298,,,DNA-dir_RNA_pol_insert;DNA-dir_RNA_pol_RpoA/D/Rpb3;DNA-dir_RpoA;RBP11-like;RNAP_asu_C;RNApol_insert_sf;,RNA_pol_A_CTD;RNA_pol_A_bac;RNA_pol_L
Clo1313_0475,rplQ,CP002416.1,,518567,519091,+,ribosomal protein L17,"Translation, ribosomal structure and biogenesis",UPI00017E22E6,Op299,structural constituent of ribosome,translation,Ribosomal_bL17;Ribosomal_bL17_sf;,Ribosomal_L17
Clo1313_0476,RS02415,CP002416.1,,519175,520032,+,Cobalt ATP-binding cassette-like protein,Inorganic ion transport and metabolism,UPI0001B1EE3D,Op300,,,AAA+_ATPase;ABC_transporter-like_ATP-bd;ABC_transporter-like_CS;ABC_transpr_CbiO/EcfA_su;ECF_ABC_transporter_ATP-bd;EcfA_1;P-loop_NTPase;,ABC_tran
Clo1313_0477,RS02420,CP002416.1,,520111,520701,-,methyltransferase small,"Translation, ribosomal structure and biogenesis",UPI0001B1EE3C,Op301,,,RsmC/RlmG;SAM-dependent_MTases_sf;Small_mtfrase_dom;,MTS
Clo1313_0478,RS02425,CP002416.1,,520891,523416,-,type III restriction protein res subunit,Defense mechanisms,UPI0001B1EE3B,Op302,,,Helicase/UvrB_N;;P-loop_NTPase;TnsA_N;,ResIII
Clo1313_0479,RS02430,CP002416.1,,523416,524579,-,protein of unknown function DUF55,Defense mechanisms,UPI0001B1EE3A,Op302,,,EVE_domain;PUA-like_sf;,HSDR_N_2
Clo1313_0480,RS02435,CP002416.1,,524576,526447,-,DNA methylase N-4/N-6 domain protein,"Replication, recombination and repair",UPI0001B1EE39,Op302,,,DNA_methylase_N4/N6;DNA_methylase_N6_adenine_CS;N4/N6-MTase_EcoPI_Mod-like;SAM-dependent_MTases_sf;,N6_N4_Mtase
Clo1313_0481,RS02440,CP002416.1,,526559,526837,-,hypothetical protein,No COG annotation,UPI0001B1EE38,Op303,,,,
Clo1313_0482,RS02445,CP002416.1,,527102,529129,-,regulatory protein DeoR,Transcription,UPI0001B1EE37,Op304,,,DeoR_HTH;HTH_11;P-loop_NTPase;TOPRIM_DnaG/twinkle;Tscrpt_reg_HTH_DeoR_CS;WH-like_DNA-bd_sf;WH_DNA-bd_sf;,AAA_11;AAA_12;AAA_25;CBS;DUF3320;DUF3854;DUF4011;HTH_11;Toprim_2
Clo1313_0483,RS02450,CP002416.1,,529341,529607,+,transcriptional regulator%2C LuxR family,No COG annotation,UPI0001B1EDF6,Op305,,,,-
Clo1313_0484,RS02455,CP002416.1,,529609,529992,+,hypothetical protein,No COG annotation,UPI0001B1EDF5,Op305,,,,-
Clo1313_0485,RS02460,CP002416.1,,530210,531529,+,copper amine oxidase-like domain-containing protein,Function unknown,UPI0001B1EDF4,Op306,,,Chitinase_II/V-like_cat;Cu_amine_oxidase-like_N;GH_hydrolase_sf;Glyco_hydro18_cat;Mao_N_sf;,Cu_amine_oxidN1;Glyco_hydro_18
Clo1313_0486,RS02465,CP002416.1,,531534,533240,+,Resolvase domain protein,"Replication, recombination and repair",UPI0001B1EDF3,Op306,,,DNA_bind_recomb_sf;DNA_bind_recombinase_dom;Resolv_N;Resolvase-like_N_sf;SSR_resolvase;Zn_ribbon_recom_dom;,Recombinase;Resolvase;Zn_ribbon_recom
Clo1313_0487,RS02470,CP002416.1,,533584,534429,+,ABC transporter related protein,Inorganic ion transport and metabolism,UPI0001B1EDF2,Op307,,,AAA+_ATPase;ABC_transporter-like_ATP-bd;ABC_transporter-like_CS;ABC_transpr_CbiO/EcfA_su;ECF_ABC_transporter_ATP-bd;EcfA2;P-loop_NTPase;,ABC_tran
Clo1313_0488,RS02475,CP002416.1,,534437,535246,+,cobalt transport protein,Inorganic ion transport and metabolism,UPI0001B1EDF1,Op307,,,ABC/ECF_trnsptr_transmembrane;ECF_transporter_component;EcfT;,CbiQ
Clo1313_0489,RS02480,CP002416.1,,535317,536270,+,glucokinase%2C ROK family,Carbohydrate transport and metabolism,UPI000038FD4F,Op308,,,ATPase_NBD;ROK;ROK_cs;ROK_glcA;,ROK
Clo1313_0490,truA,CP002416.1,,536354,537088,+,tRNA pseudouridine synthase A,"Translation, ribosomal structure and biogenesis",UPI00003C8F08,Op309,RNA binding; tRNA pseudouridine(38-40) synthase activity,tRNA pseudouridine synthesis,PsdUridine_synth_cat_dom_sf;PsdUridine_synth_TruA;PsdUridine_synth_TruA_a/b_dom;PsdUridine_synth_TruA_C;TruA/RsuA/RluB/E/F_N;,PseudoU_synth_1
Clo1313_0491,RS02490,CP002416.1,,537481,537957,+,transcriptional regulator%2C CarD family,Transcription,UPI00003C8F09,Op310,,,CarD-like/TRCF_RID;CarD-like/TRCF_RID_sf;CarD-like_C;CarD-like_regulator;CarD_C;,CarD_CdnL_TRCF
Clo1313_0492,ispD,CP002416.1,,538180,538893,+,2-C-methyl-D-erythritol 4-phosphate cytidylyltransferase,Lipid transport and metabolism,UPI00017E2474,Op311,2-C-methyl-D-erythritol 4-phosphate cytidylyltransferase activity,"isopentenyl diphosphate biosynthetic process, methylerythritol 4-phosphate pathway",IspD;IspD/TarI;IspD/TarI_cytidylyltransf_bact;ISPD_synthase_CS;Nucleotide-diphossugar_trans;,IspD
Clo1313_0493,RS02500,CP002416.1,,538942,539697,+,ABC transporter related protein,Energy production and conversion,UPI000038FDCB,Op312,,,AAA+_ATPase;ABC_transporter-like_ATP-bd;ABC_transporter-like_CS;ABC_transporter_ATP-binding;P-loop_NTPase;,ABC_tran
Clo1313_0494,RS02505,CP002416.1,,539663,540880,+,ABC-2 type transporter,Energy production and conversion,UPI00017E2475,Op312,,,,ABC2_membrane_2;ABC2_membrane_3;Abi
Clo1313_0495,RS02510,CP002416.1,,541149,542963,+,integral membrane sensor signal transduction histidine kinase,Signal transduction mechanisms,UPI000038FDCD,Op313,,,dCache_1;HATPase_C_sf;HATPase_dom;His_kinase_dom;HisK_dim/P_dom;HisK_dim/P_sf;Sig_transdc_His_kin-like_C;,HATPase_c;dCache_1
Clo1313_0496,RS02515,CP002416.1,,542984,544834,+,histidine kinase,Signal transduction mechanisms,UPI00003C8F0B,Op313,,,dCache_1;HATPase_C_sf;HATPase_dom;His_kinase_dom;Sig_transdc_His_kin-like_C;,HATPase_c;dCache_1
Clo1313_0497,RS02520,CP002416.1,,544821,545291,-,2C-methyl-D-erythritol 2%2C4-cyclodiphosphate synthase,Coenzyme transport and metabolism,UPI00003C8F0C,Op314,,,MECDP_synthase;MECDP_synthase_CS;MECDP_synthase_sf;,IspD;YgbB
Clo1313_0498,RS02525,CP002416.1,,545926,547644,+,prolyl-tRNA synthetase,"Translation, ribosomal structure and biogenesis",UPI0001B1EDF0,Op315,,,aa-tRNA-synt_IIb;aa-tRNA-synth_II;aa-tRNA-synth_II/BPL/LPL;Anticodon-bd;Anticodon-bd_dom_sf;Pro-tRNA-ligase_IIa;Pro-tRNA-synth_IIa_bac-type;Pro-tRNA-Synthase_IIa_type1;Pro-tRNA_synthetase;ProRS_anticodon_short;ProRS_core_prok;YbaK/aa-tRNA-synt-asso_dom_sf;YbaK/aa-tRNA-synth-assoc-dom;,HGTP_anticodon;tRNA-synt_2b;tRNA_edit
Clo1313_0499,RS02530,CP002416.1,,547867,548709,+,SCP-like extracellular,Function unknown,UPI00003C8F0E,Op316,,,CAP_dom;CAP_domain_YkwD-like;CAP_sf;SH3-like_bac-type;,CAP;SH3_3
Clo1313_0500,RS02535,CP002416.1,,548762,550465,-,Pectinesterase,Carbohydrate transport and metabolism,UPI0001B1EDEF,Op317,,,Dockerin_1_rpt;Dockerin_dom;Dockerin_dom_sf;EF_Hand_1_Ca_BS;Pectin_lyas_fold;Pectin_lyase_fold/virulence;Pectinesterase_Asp_AS;Pectinesterase_cat;Pectinesterase_Tyr_AS;,Dockerin_1;Pectinesterase
Clo1313_0501,RS02540,CP002416.1,,550720,552384,-,Pectate lyase/Amb allergen,Carbohydrate transport and metabolism,UPI0001B1EDEE,Op318,,,CBM6;Cellulose-bd_IV;Dockerin_1_rpt;Dockerin_dom;Dockerin_dom_sf;Galactose-bd-like_sf;Pec_lyase;Pectin_lyas_fold;Pectin_lyase_fold/virulence;PEL;,Pec_lyase_C;RicinB_lectin_2
Clo1313_0502,RS02545,CP002416.1,,552839,553471,+,hypothetical protein,Carbohydrate transport and metabolism,UPI0001F328CE,Op319,,,CarboxyPept-like_regulatory;,CBM_3;CBM_X2;CarboxypepD_reg;Cohesin
Clo1313_0503,istB,CP002416.1,,553415,554140,-,IstB domain protein ATP-binding protein,"Replication, recombination and repair",UPI0001B1EDEC,Op320,,,DNAC/IstB-like;IstB;IstB_ATP-bd;P-loop_NTPase;,IstB_IS21
Clo1313_0505,RS02570,CP002416.1,,555923,556444,+,hypothetical protein,No COG annotation,UPI000038FCF4,Op321,,,,
Clo1313_0509,RS02605,CP002416.1,,560865,561197,+,hypothetical protein,No COG annotation,UPI000038FD23,Op322,,,,-
Clo1313_0510,RS02610,CP002416.1,,561703,563328,-,extracellular solute-binding protein family 5,Amino acid transport and metabolism,UPI000038FD22,Op323,,,Peptide/Ni-bd;SBP_5;SBP_5_CS;SBP_5_dom;,SBP_bac_5
Clo1313_0511,RS02615,CP002416.1,,563526,564554,-,oligopeptide/dipeptide ABC transporter%2C ATPase subunit,Inorganic ion transport and metabolism,UPI000038FD21,Op324,,,AAA+_ATPase;ABC_transp_ATP-bind;ABC_transporter-like_ATP-bd;ABC_transporter-like_CS;Oligopep_ABC_C;P-loop_NTPase;,ABC_tran;oligo_HPY
Clo1313_0512,RS02620,CP002416.1,,564541,565557,-,oligopeptide/dipeptide ABC transporter%2C ATPase subunit,Inorganic ion transport and metabolism,UPI000038FD20,Op324,,,AAA+_ATPase;ABC_Ni/Peptide_Import;ABC_transporter-like_ATP-bd;ABC_transporter-like_CS;Oligopep_ABC_C;P-loop_NTPase;,ABC_tran;oligo_HPY
Clo1313_0513,RS02625,CP002416.1,,565628,566683,-,binding-protein-dependent transport systems inner membrane component,Inorganic ion transport and metabolism,UPI0001F328CF,Op325,,,BP-dependent_transpt_permease;MetI-like;MetI-like_sf;OppC_N;,BPD_transp_1;OppC_N
Clo1313_0514,RS02630,CP002416.1,,566726,567649,-,binding-protein-dependent transport systems inner membrane component,Inorganic ion transport and metabolism,UPI0000537F0F,Op326,,,BPD_transp_1_N;MetI-like;MetI-like_sf;,BPD_transp_1
Clo1313_0515,RS02635,CP002416.1,,568051,568797,+,copper amine oxidase-like domain-containing protein,Function unknown,UPI0000537EFC,Op327,,,Cu_amine_oxidase-like_N;,Cu_amine_oxidN1
Clo1313_0516,RS02640,CP002416.1,,569116,570294,+,major facilitator superfamily MFS_1,Carbohydrate transport and metabolism,UPI0001B1EEFA,Op328,,,MFS;MFS_dom;MFS_trans_sf;MFS_Transporter;,MFS_1
Clo1313_0517,RS02645,CP002416.1,,570447,571226,-,polyferredoxin,Energy production and conversion,UPI0001B1EEC3,Op329,,,4Fe4S_Fe-S-bd;4Fe4S_Fe_S_CS;EFR1-like;Flavodoxin_CS;Flavodoxin_dom;Flavoprotein-like_sf;,Fer4;Fer4_4;Flavodoxin_3;Flavodoxin_5
Clo1313_0518,RS02650,CP002416.1,,571619,571993,+,transcriptional regulator%2C GntR family,Transcription,UPI0001B1EEC2,Op330,,,Tscrpt_reg_HTH_GntR;WH-like_DNA-bd_sf;WH_DNA-bd_sf;,GntR
Clo1313_0519,RS02655,CP002416.1,,571998,572849,+,ABC transporter related protein,Defense mechanisms,UPI00003C8DE3,Op330,,,AAA+_ATPase;ABC_transporter-like_ATP-bd;ABC_Transporter_VariousFunc;P-loop_NTPase;,ABC_tran
Clo1313_0520,RS02660,CP002416.1,,572846,573457,+,hypothetical protein,Function unknown,UPI00003C8DE2,Op330,,,ABC2_memb-like;,ABC2_membrane_5
Clo1313_0521,RS02665,CP002416.1,,573532,575583,-,glycoside hydrolase family 11,Carbohydrate transport and metabolism,UPI0001F328D0,Op331,,,,CBM_6;Dockerin_1;Glyco_hydro_10;Glyco_hydro_11;Polysacc_deac_1
Clo1313_0522,RS02670,CP002416.1,,575610,576983,-,glycoside hydrolase family 11,Carbohydrate transport and metabolism,UPI00000AF81E,Op331,,,CBM6;Cellulose-bd_IV;ConA-like_dom_sf;Dockerin_1_rpt;Dockerin_dom;Dockerin_dom_sf;EF_Hand_1_Ca_BS;Galactose-bd-like_sf;GH11/12;GH11_AS_1;GH11_AS_2;GH11_dom;Glyco_hydro_11;,CBM_6;Dockerin_1;Glyco_hydro_10;Glyco_hydro_11;Polysacc_deac_1
Clo1313_0523,sfsA,CP002416.1,,577350,578051,+,sugar fermentation stimulation protein,Function unknown,UPI0001B1EEE4,Op332,DNA binding,,SfsA;SfsA_C;SfsA_N;,SfsA
Clo1313_0524,RS02680,CP002416.1,,578076,579290,-,hypothetical protein,"Cell cycle control, cell division, chromosome partitioning",UPI0001F328D1,Op333,,,Anti-sigma_RsgI_N;RsgI_M;,Collagen_bind;Fn_bind;Gram_pos_anchor;NYN;SPOR;VWA
Clo1313_0525,sigI,CP002416.1,,579294,580058,-,RNA polymerase%2C sigma 28 subunit%2C SigI,Transcription,UPI0000538615,Op333,,,RNA_pol_sigma-I;RNA_pol_sigma70_r2;RNA_pol_sigma_r2;,Sigma70_r2
Clo1313_0526,RS02695,CP002416.1,,580410,581780,+,hypothetical protein,No COG annotation,UPI0001B1EEE1,Op334,,,,-
Clo1313_0527,RS02700,CP002416.1,,581970,582677,+,transcriptional regulator%2C Crp/Fnr family,Transcription,UPI000053277B,Op335,,,cNMP-bd_dom;cNMP-bd_dom_sf;Env_Response_Regulators;HTH_CRP;RmlC-like_jellyroll;WH-like_DNA-bd_sf;WH_DNA-bd_sf;,HTH_Crp_2;cNMP_binding
Clo1313_0528,RS02705,CP002416.1,,582762,582959,+,4Fe-4S ferredoxin iron-sulfur binding domain-containing protein,Energy production and conversion,UPI00003C8DDF,Op336,,,4Fe4S_Fe-S-bd;4Fe4S_Fe_S_CS;Fe-S_Ferredoxin;,Fer4;Fer4_4;Fer4_6
Clo1313_0529,RS02710,CP002416.1,,582994,583584,+,hypothetical protein,Energy production and conversion,UPI00017E27B5,Op336,,,4Fe4S_Fe-S-bd;,Fer4_5
Clo1313_0530,RS02715,CP002416.1,,583604,584116,-,hypothetical protein,No COG annotation,UPI0000535AC8,Op337,,,ECF_trnsprt_substrate-spec;,ECF_trnsprt
Clo1313_0531,RS02720,CP002416.1,,584465,585337,+,extracellular solute-binding protein family 3,Amino acid transport and metabolism,UPI000038F885,Op338,,,Solute-binding_3/MltF_N;,SBP_bac_3
Clo1313_0532,RS02725,CP002416.1,,585461,587116,+,methyl-accepting chemotaxis sensory transducer,Cell motility,UPI0001B1EEE0,Op339,,,HAMP_dom;MCPsignal_dom;,HAMP;MCPsignal;dCache_1
Clo1313_0534,RS02740,CP002416.1,,588541,588891,-,hypothetical protein,No COG annotation,UPI00003C8DDB,Op340,,,,-
Clo1313_0535,RS02745,CP002416.1,,588888,589670,-,hypothetical protein,No COG annotation,UPI0000F21A6C,Op340,,,,-
Clo1313_0536,RS02750,CP002416.1,,589664,590017,-,hypothetical protein,No COG annotation,UPI0001B1EEDF,Op340,,,,-
Clo1313_0537,RS02755,CP002416.1,,590092,590445,-,hypothetical protein,No COG annotation,UPI00017E27BB,Op341,,,,-
Clo1313_0538,RS02760,CP002416.1,,590427,590726,-,hypothetical protein,No COG annotation,UPI0001B1EEDE,Op341,,,,-
Clo1313_0539,RS02765,CP002416.1,,591289,594243,+,glycosyltransferase 36,Carbohydrate transport and metabolism,UPI00017E27BD,Op342,,,6-hairpin_glycosidase_sf;6hp_glycosidase-like_sf;Gal_mutarotase_sf_dom;GH65_N;GH94_catalytic;GH94_Enzymes;Glyco_hydrolase_94_b-supersand;,Glyco_hydro_36;Glyco_transf_36
Clo1313_0540,RS02770,CP002416.1,,594334,594555,-,hypothetical protein,No COG annotation,UPI00003C8DD8,Op343,,,,-
Clo1313_0541,msrA,CP002416.1,,594708,595304,+,peptide methionine sulfoxide reductase,"Post-translational modification, protein turnover, and chaperones",UPI000038F87D,Op344,peptide-methionine (S)-S-oxide reductase activity;L-methionine:thioredoxin-disulfide S-oxidoreductase activity; peptide-methionine (S)-S-oxide reductase activity,,Met_Sox_Rdtase_MsrA_dom;Met_Sox_Rdtase_MsrA_sf;,PMSR;SelR
Clo1313_0542,RS02780,CP002416.1,,595417,597354,+,NADH:flavin oxidoreductase/NADH oxidase,Energy production and conversion,UPI0001B1EEDD,Op345,,,Aldolase_TIM;FAD/NAD-bd_sf;FAD/NAD-binding_dom;NADH:flavin_oxidoreductase;OxRdtase_FMN_N;,Oxidored_FMN;Pyr_redox_2
Clo1313_0543,RS02785,CP002416.1,,598077,598601,+,RNA polymerase%2C sigma-24 subunit%2C ECF subfamily,Transcription,UPI0000533605,Op346,,,RNA_pol_sigma-70-like;RNA_pol_sigma-70_dom;RNA_pol_sigma70_r2;RNA_pol_sigma70_r4_t2;RNA_pol_sigma_r2;RNA_pol_sigma_r3/r4-like;WH-like_DNA-bd_sf;,Sigma70_r2;Sigma70_r4_2
Clo1313_0544,RS02790,CP002416.1,,598672,599718,+,hypothetical protein,No COG annotation,UPI000038F87B,Op347,,,,-
Clo1313_0545,RS02795,CP002416.1,,600178,602202,+,hypothetical protein,Carbohydrate transport and metabolism,UPI0001F328FE,Op348,,,,-
Clo1313_0546,RS02800,CP002416.1,,602332,602565,+,hypothetical protein,No COG annotation,UPI0001B1EEDB,Op349,,,,-
Clo1313_0547,RS02805,CP002416.1,,602908,603486,+,intracellular protease%2C PfpI family,Function unknown,UPI00003C8DD6,Op350,,,C56_PfpI-like;Class_I_gatase-like;DJ-1/PfpI;,DJ-1_PfpI
Clo1313_0548,RS02810,CP002416.1,,603794,604573,+,hypothetical protein,No COG annotation,UPI000053622E,Op351,,,,
Clo1313_0549,RS02815,CP002416.1,,604869,606596,+,ABC transporter related protein,Defense mechanisms,UPI0000F21A73,Op352,,,AAA+_ATPase;ABC1_TM_dom;ABC1_TM_sf;ABC_transporter-like_ATP-bd;ABC_transporter-like_CS;P-loop_NTPase;Type_1_exporter;,ABC_membrane;ABC_tran
Clo1313_0550,RS02820,CP002416.1,,606697,607269,-,hypothetical protein,Transcription,UPI0000F21A74,Op353,,,Acyl_CoA_acyltransferase;GNAT_dom;,Acetyltransf_1;Acetyltransf_7
Clo1313_0551,RS02825,CP002416.1,,607496,608548,+,phosphate transporter,Inorganic ion transport and metabolism,UPI00003C8F6D,Op354,,,Phos_transporter;,PHO4
Clo1313_0552,RS02830,CP002416.1,,608602,609225,+,putative phosphate transport regulator,Inorganic ion transport and metabolism,UPI00003C8F6C,Op355,,,PhoU-like_sf;Put_Phosphate_transp_reg;UPF0111_domain;,PhoU_div
Clo1313_0553,RS02835,CP002416.1,,609463,610011,+,hypothetical protein,No COG annotation,UPI00005376C1,Op356,,,,
Clo1313_0554,RS02840,CP002416.1,,610120,613569,-,hydrogenase%2C Fe-only,Energy production and conversion,UPI0001B1EEDA,Op357,,,2Fe-2S-bd_N;2Fe-2S_ferredoxin-like_sf;2Fe-2S_ferredoxin-type;4Fe4S_Fe-S-bd;4Fe4S_Fe_S_CS;DPD_II;FAD/NAD-bd_sf;FAD/NAD-binding_dom;Fe_hydrogenase;Fe_hydrogenase_lsu_C;Fe_hydrogenase_ssu;Fe_hydrogenase_ssu_sf;Fe_hydrogenase_subset;Helical_ferredxn;,Fe_hyd_SSU;Fe_hyd_lg_C;Fer2_4;Fer4;Fer4_20;Fer4_9;Molybdop_Fe4S4;Molybdopterin;Pyr_redox_2;Pyr_redox_3
Clo1313_0555,RS02845,CP002416.1,,613874,615145,+,Peptidoglycan-binding lysin domain,Cell wall/membrane/envelope biogenesis,UPI00017E5E91,Op358,,,LysM;LysM_dom_sf;,LysM
Clo1313_0556,RS15530,CP002416.1,,615240,616109,-,ErfK/YbiS/YcfS/YnhG family protein,Cell wall/membrane/envelope biogenesis,UPI0001B1EE9B,Op359,,,LD-transpeptidase;LD_TPept_cat_dom;LysM;LysM_dom_sf;Transpep_catalytic_dom;,PG_binding_1;YkuD
Clo1313_0557,RS02855,CP002416.1,,616155,616847,-,Peptidoglycan-binding lysin domain,Cell wall/membrane/envelope biogenesis,UPI000038F871,Op360,,,LD_TPept_cat_dom;LysM;LysM_dom_sf;Transpep_catalytic_dom;,LysM;YkuD
Clo1313_0558,RS02860,CP002416.1,,617010,617681,-,Superoxide dismutase,Energy production and conversion,UPI00017E5E93,Op361,,,Fe/Mn_Superoxide_Dismutase;Mn/Fe_SOD;Mn/Fe_SOD_BS;Mn/Fe_SOD_C;Mn/Fe_SOD_N;Mn/Fe_SOD_N_sf;SOD_C_sf;,Sod_Fe_C;Sod_Fe_N
Clo1313_0559,RS02865,CP002416.1,,617908,618201,-,hypothetical protein,No COG annotation,UPI00017E5E94,Op362,,,,
Clo1313_0562,RS02875,CP002416.1,,619371,619754,+,hypothetical protein,No COG annotation,UPI00017E5E96,Op363,,,,-
Clo1313_0563,RS02880,CP002416.1,,620229,622121,+,Carbohydrate binding family 6,Cell wall/membrane/envelope biogenesis,UPI00003C8F69,Op364,,,CBM6;Cellulose-bd_IV;Dockerin_1_rpt;Dockerin_dom;Dockerin_dom_sf;EF_Hand_1_Ca_BS;Galactose-bd-like_sf;GH_hydrolase_sf;GH30_C;Glyco_hydro_30;Glyco_hydro_b;,CBM_2;CBM_4_9;CBM_6;Dockerin_1;Esterase;Glyco_hydro_30;Glyco_hydro_30C;Polysacc_deac_1;RicinB_lectin_2
Clo1313_0564,hypE,CP002416.1,,622286,623263,-,hydrogenase expression/formation protein HypE,"Post-translational modification, protein turnover, and chaperones",UPI0000534AE5,Op365,,,HypE;PurM-like_C_dom;PurM-like_C_sf;PurM-like_N;PurM-like_N_sf;,AIRS;AIRS_C
Clo1313_0565,hypD,CP002416.1,,623268,624317,-,hydrogenase expression/formation protein HypD,"Post-translational modification, protein turnover, and chaperones",UPI00003C8F67,Op365,,,Hyd_form_HypD;HypD_1;HypD_2_sf;,HypD
Clo1313_0566,RS02895,CP002416.1,,624304,624531,-,hydrogenase assembly chaperone hypC/hupF,"Post-translational modification, protein turnover, and chaperones",UPI00003C8F66,Op365,,,Hydgase_assmbl_chp_CS;Hydrogenase_HupF/HypC;,HupF_HypC
Clo1313_0567,hypF,CP002416.1,,624537,626798,-,(NiFe) hydrogenase maturation protein HypF,"Post-translational modification, protein turnover, and chaperones",UPI00003C8F65,Op365,,,Acylphosphatase-like_dom;Acylphosphatase-like_dom_sf;Acylphosphatase_CS;ATPase_NBD;Carbamoyltrans_HypF-like;Carbamoyltransferase_HypF;DHBP_synth_RibB-like_a/b_dom;HypF_C;HypF_C_2;Sua5-like_dom;Znf_HypF;,Acylphosphatase;Sua5_yciO_yrdC;zf-HYPF
Clo1313_0568,hypB,CP002416.1,,626771,627424,-,hydrogenase accessory protein HypB,Transcription,UPI000038FDA4,Op365,,,CobW/HypB/UreG_nucleotide-bd;Hyd_mat_HypB;P-loop_NTPase;,cobW
Clo1313_0569,hypA,CP002416.1,,627440,627778,-,hydrogenase expression/synthesis HypA,Function unknown,UPI00005376D0,Op365,nickel cation binding; zinc ion binding,protein maturation,HypA/HybF;,HypA
Clo1313_0570,RS15535,CP002416.1,,627723,628109,-,4Fe-4S ferredoxin iron-sulfur binding domain-containing protein,Energy production and conversion,UPI0000F2197C,Op365,,,4Fe4S_Fe-S-bd;4Fe4S_Fe_S_CS;NADH_quinone_OxRdtase_chainI;,Fer4;Fer4_10;Fer4_7
Clo1313_0571,RS02915,CP002416.1,,628329,629408,-,NADH-ubiquinone oxidoreductase chain 49kDa,Energy production and conversion,UPI00003C8F62,Op366,,,ComplexI_49kDa-like;NADH_Q_OxRdtase_suD;NADH_UbQ_OxRdtase_49kDa_CS;Ni-dep_hyd_lsu;Ni-dep_hyd_lsu_Ni_BS;NiFe-Hase_large;,Complex1_49kDa;NiFeSe_Hases
Clo1313_0572,RS02920,CP002416.1,,629401,629760,-,ech hydrogenase%2C subunit EchD%2C putative,Energy production and conversion,UPI00017E5E99,Op366,,,NADH_quin_OxRdtase_su_C/D-like;NADH_UbQ_OxRdtase_30kDa_su;,Complex1_30kDa
Clo1313_0573,RS02925,CP002416.1,,629834,630271,-,NADH ubiquinone oxidoreductase 20 kDa subunit,Energy production and conversion,UPI000038FDA0,Op367,,,Complex_I_20kDa-like;NADH_UbQ_OxRdtase-like_20kDa;,Oxidored_q6
Clo1313_0574,RS02930,CP002416.1,,630281,631156,-,respiratory-chain NADH dehydrogenase subunit 1,Energy production and conversion,UPI00003C8F61,Op367,,,ComplexI_Subunit1;NADH_UbQ_OxRdtase_su1/FPO;,NADHdh
Clo1313_0575,RS02935,CP002416.1,,631153,633063,-,NADH/Ubiquinone/plastoquinone (complex I),Energy production and conversion,UPI0000F2197D,Op367,,,CPA3_Na-H_Antiporter_A;ND/Mrp_TM;Proton_antipo_N;,Proton_antipo_M;Proton_antipo_N
Clo1313_0576,RS15980,CP002416.1,,633445,633603,-,hypothetical protein,No COG annotation,UPI00017E5E9A,Op368,,,,
Clo1313_0577,RS02940,CP002416.1,,633757,634239,-,transcription elongation factor GreA/GreB domain-containing protein,Transcription,UPI00005360EA,Op369,,,GreA/GreB_C_sf;Tscrpt_elong_fac_GreA/B_C;Tscrpt_elong_fac_GreA/B_fam;,GreA_GreB;Rnk_N
Clo1313_0578,RS02945,CP002416.1,,634743,636113,+,Citrate synthase,Energy production and conversion,UPI000038FDD4,Op370,,,Citrate_synth-like_lrg_a-sub;Citrate_synth-like_sm_a-sub;Citrate_synthase;Citrate_synthase_bac-typ;Citrate_synthase_sf;,Citrate_synt
Clo1313_0579,RS02950,CP002416.1,,636213,637409,-,Pyridoxal-dependent decarboxylase,Amino acid transport and metabolism,UPI0001B1EE9A,Op371,,,Group_II_decarboxylase;PyrdxlP-dep_de-COase;PyrdxlP-dep_Trfase;PyrdxlP-dep_Trfase_major;PyrdxlP-dep_Trfase_small;Pyridoxal-P_BS;,Pyridoxal_deC
Clo1313_0580,RS02955,CP002416.1,,637933,638424,+,CheW protein,Cell motility,UPI0001B1EE99,Op372,,,CheW;CheW-like_dom_sf;CheW-lke_dom;,CheW
Clo1313_0581,RS02960,CP002416.1,,638556,641054,+,methyl-accepting chemotaxis sensory transducer with Cache sensor,Cell motility,UPI0001B1EE98,Op373,,,dCache_1;HAMP_dom;;MCPsignal_dom;,4HB_MCP_1;HAMP;MCPsignal
Clo1313_0582,Clo1313_0582,CP002416.1,,641118,641534,-,hypothetical protein,No COG annotation,UPI0001B1EE97,Op374,,,,
Clo1313_0583,RS02970,CP002416.1,,641686,642120,+,hypothetical protein,Function unknown,UPI00003C8FFE,Op375,,,DUF4190;Zinc_ribbon_dom;,DUF4190
Clo1313_0584,RS02975,CP002416.1,,642295,642714,+,hypothetical protein,Function unknown,UPI00003C8FFF,Op376,,,DUF4190;,DUF4190
Clo1313_0585,RS02980,CP002416.1,,642714,643166,+,hypothetical protein,Function unknown,UPI00017E4E42,Op376,,,DUF2752;,DUF2752
Clo1313_0586,RS02985,CP002416.1,,643221,644396,-,D-isomer specific 2-hydroxyacid dehydrogenase NAD-binding protein,Amino acid transport and metabolism,UPI000038FDE5,Op377,,,ACT-like_dom_sf;ACT_dom;D-isomer_2_OHA_DH_cat_dom;D-isomer_DH_CS;D-isomer_DH_CS1;D-isomer_DH_NAD-bd;NAD(P)-bd_dom_sf;,2-Hacid_dh;2-Hacid_dh_C
Clo1313_0587,RS02990,CP002416.1,,645013,646725,+,methyl-accepting chemotaxis sensory transducer,Cell motility,UPI000038FDE6,Op378,,,HAMP_dom;MCPsignal_dom;,4HB_MCP_1;HAMP;MCPsignal;dCache_1
Clo1313_0588,RS02995,CP002416.1,,646812,647450,+,nitroreductase,Energy production and conversion,UPI000038FDE7,Op379,,,Nitroreductase;Nitroreductase-like;Nitroreductase/BluB;,Nitroreductase
Clo1313_0589,RS03000,CP002416.1,,647662,648369,+,copper amine oxidase-like domain-containing protein,Function unknown,UPI00003C9002,Op380,,,Cu_amine_oxidase-like_N;Mao_N_sf;,Cu_amine_oxidN1
Clo1313_0590,RS03005,CP002416.1,,648581,651046,+,cell division protein FtsK/SpoIIIE,"Cell cycle control, cell division, chromosome partitioning",UPI00017E4E44,Op381,,,FtsK/SpoIIIE/SftA;FtsK_alpha;FtsK_dom;Ftsk_gamma;P-loop_NTPase;WH-like_DNA-bd_sf;WH_DNA-bd_sf;,FtsK_4TM;FtsK_SpoIIIE;Ftsk_gamma
Clo1313_0591,RS03010,CP002416.1,,651127,651561,+,Protein of unknown function DUF2383,Function unknown,UPI0000532DA6,Op382,,,DUF2383;Ferritin-like;Ferritin-like_SF;,DUF2383
Clo1313_0592,menA,CP002416.1,,651662,652624,+,UbiA prenyltransferase,Coenzyme transport and metabolism,UPI00017E4E45,Op383,,,UbiA_prenyltransferase;UbiA_sf;UBIAD1;,UbiA
Clo1313_0593,RS03020,CP002416.1,,652988,653809,+,hypothetical protein,Function unknown,UPI0001B1EE96,Op384,,,Rhomboid-like_sf;,Rhomboid
Clo1313_0594,RS03025,CP002416.1,,654053,654691,+,hypothetical protein,Inorganic ion transport and metabolism,UPI0000536D8C,Op385,,,ATPase_P-typ_cyto_dom_N;,Cation_ATPase
Clo1313_0595,RS03030,CP002416.1,,654821,655570,+,protein of unknown function DUF975,Function unknown,UPI0000536D8D,Op386,,,DUF975;,DUF975
Clo1313_0596,RS03035,CP002416.1,,655736,656185,+,FHA domain containing protein,Signal transduction mechanisms,UPI0001B1EE6C,Op387,,,Cell_Proc_Reg/RNA_Proc;FHA_dom;SMAD_FHA_dom_sf;,FHA
Clo1313_0597,RS03040,CP002416.1,,656197,657465,+,cell cycle protein,"Cell cycle control, cell division, chromosome partitioning",UPI0000F21995,Op387,,,FtsW/RodA;,FHA;FTSW_RODA_SPOVE
Clo1313_0598,RS03045,CP002416.1,,657458,658870,+,Peptidoglycan glycosyltransferase,Cell wall/membrane/envelope biogenesis,UPI0000532EF7,Op387,,,Beta-lactam/transpept;Beta-lactam/transpept-like;PBPA_dimer;PCN-bd_Tpept;,Transpeptidase
Clo1313_0599,radC,CP002416.1,,658973,659638,+,DNA repair protein RadC,Amino acid transport and metabolism,UPI00017E5269,Op388,,,MPN;RadC_JAB;UPF0758;UPF0758_CS;UPF0758_N;,RadC
Clo1313_0600,RS03055,CP002416.1,,660301,662076,-,Tetratricopeptide TPR_1 repeat-containing protein,Function unknown,UPI00017E526A,Op389,,,TPR-like_helical_dom_sf;TPR_rpt;Ycf3/AcsC/BcsC/TPR_MFPF;,TPR_2;TPR_8
Clo1313_0601,RS03060,CP002416.1,,662402,664585,+,Fibronectin type III domain protein,Function unknown,UPI0001F3292D,Op390,,,FN3_dom;FN3_sf;Ig-like_fold;RTP_Phos/Ushers;,Autotransporter;ChlamPMP_M;Chlam_PMP;Glyco_hydro_18;IAT_beta;Laminin_G_3;fn3
Clo1313_0602,RS03065,CP002416.1,,664651,665874,+,transposase mutator type,"Replication, recombination and repair",UPI00003C8CB2,Op391,,,,Transposase_mut
Clo1313_0603,RS03070,CP002416.1,,666245,675166,+,YD repeat protein,Cell wall/membrane/envelope biogenesis,UPI0001F32936,Op392,,,DUF6531;Kelch-typ_b-propeller;Kelch_1;Rhs_assc_core;RHS_repeat;T6SS_VgrG/RHS;TEN-like_YD-shell;YD;,Kelch_1;RHS_repeat
Clo1313_0604,RS03075,CP002416.1,,675166,675723,+,hypothetical protein,No COG annotation,UPI000038FC82,Op392,,,,-
Clo1313_0605,RS03080,CP002416.1,,675837,676226,+,hypothetical protein,No COG annotation,UPI000038FC83,Op393,,,,
Clo1313_0606,RS15990,CP002416.1,,676219,676356,+,hypothetical protein,No COG annotation,UPI00017E566F,Op393,,,,Mu-like_Com
Clo1313_0609,RS03105,CP002416.1,,679003,679482,-,hypothetical protein,Function unknown,UPI00017E5672,Op394,,,,GtrA
Clo1313_0610,RS03110,CP002416.1,,679715,680254,+,phosphotransferase KptA/Tpt1,"Translation, ribosomal structure and biogenesis",UPI00017E5673,Op395,,,Ptrans_KptA/Tpt1;RNA_2'-PTrans_C;RNA_2'-PTrans_KptA;RNA_2'-PTrans_N;,PTS_2-RNA
Clo1313_0611,Clo1313_0611,CP002416.1,,680477,680719,+,hypothetical protein,No COG annotation,UPI00017E5674,Op396,,,Znf_RanBP2;,
Clo1313_0612,RS03125,CP002416.1,,681439,682821,+,hypothetical protein,Cell motility,UPI0001B1EF70,Op397,,,sCache_3;Sensor-like_sf;,sCache_3_3
Clo1313_0613,RS03130,CP002416.1,,682941,683903,+,Cephalosporin-C deacetylase,"Secondary metabolites biosynthesis, transport, and catabolism",UPI000038FDEB,Op398,,,AB_hydrolase_fold;AXE1_dom;CE7;,AXE1
Clo1313_0614,RS03150,CP002416.1,,689586,691193,+,polysaccharide biosynthesis protein,Function unknown,UPI0000F219AD,Op399,,,PG_synth_SpoVB;Poly_Biosynth_Transport;Polysacc_synth;,Polysacc_synt;Polysacc_synt_C
Clo1313_0615,RS03155,CP002416.1,,691416,692657,+,hypothetical protein,No COG annotation,UPI0001B1EE7D,Op400,,,,-
Clo1313_0616,RS03160,CP002416.1,,692758,693483,+,ABC transporter related protein,Defense mechanisms,UPI000038FDDD,Op401,,,AAA+_ATPase;ABC_transporter-like_ATP-bd;ABC_transporter-like_CS;P-loop_NTPase;,ABC_tran
Clo1313_0617,RS03165,CP002416.1,,693470,694222,+,membrane spanning protein,Function unknown,UPI000038FDDC,Op401,,,,ABC2_membrane_2;ABC2_membrane_4
Clo1313_0618,RS03170,CP002416.1,,694253,695692,+,integral membrane sensor signal transduction histidine kinase,Signal transduction mechanisms,UPI0001B1EE4C,Op401,,,HAMP_dom;HATPase_C_sf;HATPase_dom;His_kinase_dom;HisK_dim/P_dom;HisK_dim/P_sf;HssS/ArlS-like;Sig_transdc_His_kin-like_C;,HAMP;HATPase_c;HisKA
Clo1313_0619,RS03175,CP002416.1,,695710,696402,+,two component transcriptional regulator%2C winged helix family,Transcription,UPI00003C90FA,Op401,,,CheY-like_superfamily;OmpR/PhoB-type_DNA-bd;Sig_transdc_resp-reg_receiver;WalR-like;WH-like_DNA-bd_sf;,Response_reg;Trans_reg_C
Clo1313_0620,yyaC,CP002416.1,,696551,697141,+,sporulation protein YyaC,Function unknown,UPI0000532ECA,Op402,,,Pept_HybD-like_dom_sf;YyaC;,DUF1256
Clo1313_0621,RS15550,CP002416.1,,697438,697614,+,protein of unknown function DUF1540,Function unknown,UPI0000F219C4,Op403,,,DUF1540;,DUF1540
Clo1313_0622,RS03185,CP002416.1,,698080,698841,-,acyl-ACP thioesterase,Lipid transport and metabolism,UPI00003C8EEC,Op404,,,Acyl-ACP_TE_C;Acyl-ACP_thioesterase_NHD;FATA/B;HotDog_dom_sf;,Acyl-ACP_TE
Clo1313_0623,RS03190,CP002416.1,,699008,699679,+,HAD-superfamily hydrolase%2C subfamily IA%2C variant 3,"Translation, ribosomal structure and biogenesis",UPI00003C8EED,Op405,,,HAD-like_sf;HAD-SF_hydro_IA;HAD_2;HAD_sf;PGP-like_dom2;,Acetyltransf_3;HAD_2
Clo1313_0624,RS03195,CP002416.1,,699695,700615,+,Cof-like hydrolase,Function unknown,UPI0000533AF8,Op405,,,Cof;HAD-like_sf;HAD-SF_hydro_IIB;HAD_sf;,Hydrolase_3
Clo1313_0625,RS03200,CP002416.1,,700581,702197,+,Protein of unknown function DUF3520,Function unknown,UPI00017E35CF,Op405,,,CLCR;Uncharacterised_YfbK_N;VWF_A;vWFA_dom_sf;YfbK_C;,DUF3520;VWA;vWF_A
Clo1313_0626,RS03205,CP002416.1,,702391,703683,+,Radical SAM domain protein,Energy production and conversion,UPI00003C8EEF,Op406,,,4Fe4S-binding_SPASM_dom;Aldolase_TIM;Radical_SAM_PqqE_MftC-like;rSAM;rSAM_sf;,Radical_SAM
Clo1313_0627,RS03210,CP002416.1,,704614,708672,+,cellulosome anchoring protein cohesin region,Carbohydrate transport and metabolism,UPI0001F32937,Op407,,,,CBM_3;CBM_X2;CarboxypepD_reg;Cohesin
Clo1313_0628,RS15440,CP002416.1,,708824,713671,+,cellulosome anchoring protein cohesin region,Cell wall/membrane/envelope biogenesis,UPI0001F32938,Op408,,,,Cohesin;SLH
Clo1313_0629,RS03220,CP002416.1,,714344,716410,+,cellulosome anchoring protein cohesin region,Cell wall/membrane/envelope biogenesis,UPI0000135A22,Op409,,,CBM2/CBM3_carb-bd_dom_sf;Cell_Envelope_Struct_Comp;Cohesin_dom;SLH_dom;,Big_3_5;Cohesin;Flg_new;Laminin_G_3;SLH
Clo1313_0630,RS03225,CP002416.1,,716463,717800,+,cellulosome anchoring protein cohesin region,Cell wall/membrane/envelope biogenesis,UPI0001B1EE80,Op410,,,CBM2/CBM3_carb-bd_dom_sf;Cell_Envelope_Struct_Comp;Cohesin_dom;SLH_dom;,Big_3_5;Cohesin;Flg_new;Laminin_G_3;SLH
Clo1313_0631,RS03230,CP002416.1,,717897,718739,-,transglutaminase domain-containing protein,Amino acid transport and metabolism,UPI000038FC7B,Op411,,,Papain-like_cys_pep_sf;Transglutaminase-like;,Transglut_core
Clo1313_0632,RS03235,CP002416.1,,719356,719559,+,EmrB/QacA family drug resistance transporter,No COG annotation,UPI000038FC7A,Op412,,,,
Clo1313_0633,RS03240,CP002416.1,,719718,719999,+,hypothetical protein,No COG annotation,UPI000038FC79,Op413,,,,-
Clo1313_0634,RS03245,CP002416.1,,719996,721132,-,rRNA (guanine-N(2)-)-methyltransferase,"Replication, recombination and repair",UPI000038FC78,Op414,,,DNA_methylase_N6_adenine_CS;RlmKL-like_Mtase;RlmL_1st;SAM-dependent_MTases_sf;THUMP_dom;,THUMP;UPF0020
Clo1313_0635,RS03250,CP002416.1,,721251,722177,-,response regulator receiver protein,Signal transduction mechanisms,UPI000038FC77,Op415,,,Bact_response_regulator;CheY-like_superfamily;Rev_trsase/Diguanyl_cyclase;Sig_transdc_resp-reg_receiver;,Response_reg
Clo1313_0636,aroA,CP002416.1,,722391,723662,+,3-phosphoshikimate 1-carboxyvinyltransferase,Amino acid transport and metabolism,UPI000038FC76,Op416,,,Enolpyruvate_Tfrase_dom;Enolpyruvate_Tfrase_sf;EPSP_synthase;EPSP_synthase_CS;RNA3'P_cycl/enolpyr_Trfase_a/b;,EPSP_synthase
Clo1313_0637,spo0A,CP002416.1,,723810,724619,+,sporulation transcriptional activator Spo0A,Transcription,UPI0001F32945,Op417,,,CheY-like_superfamily;Sig_transdc_resp-reg_C-effctor;Sig_transdc_resp-reg_receiver;Spo0A_C;Spore_0_A;WalR-like;WH-like_DNA-bd_sf;,Response_reg;Spo0A_C
Clo1313_0638,RS03265,CP002416.1,,724679,724954,-,histone family protein DNA-binding protein,"Replication, recombination and repair",UPI0001B1EE7F,Op418,,,Hist_DNA-bd;Histone-like_DNA-bd_CS;IHF-like_DNA-bd_dom_sf;,Bac_DNA_binding
Clo1313_0639,RS03270,CP002416.1,,725146,725556,-,UspA domain-containing protein,Signal transduction mechanisms,UPI00003C8EF6,Op419,,,Histidine_kinase_KdpD;Rossmann-like_a/b/a_fold;UspA;,Usp
Clo1313_0640,RS03275,CP002416.1,,725868,726710,+,hydro-lyase%2C Fe-S type%2C tartrate/fumarate subfamily%2C alpha subunit,Energy production and conversion,UPI00003C8EF7,Op420,,,Class-I_Fumarase/Tartrate_DH;Fe-S_hydro-lyase_TtdA-typ_cat;,Fumerase
Clo1313_0641,RS03280,CP002416.1,,726741,727298,+,hydro-lyase%2C Fe-S type%2C tartrate/fumarate subfamily%2C beta subunit,Energy production and conversion,UPI0000F219D7,Op420,,,Fe-S_hydro-lyase_TtdB-typ_cat;Fe-S_hydroAse_TtdB_cat_sf;,Fumerase_C
Clo1313_0642,RS03285,CP002416.1,,727434,727640,+,Domain of unknown function DUF1858,"Cell cycle control, cell division, chromosome partitioning",UPI000053389D,Op421,,,CHP03980_redox-disulphide;DUF1858;ScdA-like_N_sf;,DUF1858
Clo1313_0643,RS03290,CP002416.1,,728108,729382,+,adenylosuccinate synthetase,Nucleotide transport and metabolism,UPI00003C8FB9,Op422,,,Adenylosuccin_syn_GTP-bd;Adenylosuccin_syn_Lys_AS;Adenylosuccinate_synth_dom1;Adenylosuccinate_synth_dom2;Adenylosuccinate_synth_dom3;Adenylosuccinate_synthetase;P-loop_NTPase;,Adenylsucc_synt
Clo1313_0644,tnpA,CP002416.1,,730457,730933,+,transposase IS200-family protein,"Replication, recombination and repair",UPI00017E3E22,Op423,,,,Y1_Tnp
Clo1313_0645,RS03325,CP002416.1,,731235,732209,-,glycosyl transferase family 2,Cell wall/membrane/envelope biogenesis,UPI000038FE60,Op424,,,Glyco_trans_2-like;Glycosyltransferase_2;Nucleotide-diphossugar_trans;,Glycos_transf_2
Clo1313_0646,RS03330,CP002416.1,,732234,735140,-,glycosyl transferase family 39,Cell wall/membrane/envelope biogenesis,UPI00017E5E9E,Op424,,,ArnT-like_N;Galactose-bd-like_sf;PMT-like;PMT_4TMC;,GT87;PMT;PMT_2;PMT_4TMC
Clo1313_0647,RS03335,CP002416.1,,735339,736274,-,hypothetical protein,Carbohydrate transport and metabolism,UPI00003C8FBD,Op425,,,Galactose-bd-like_sf;,CBM_4_9
Clo1313_0648,RS03340,CP002416.1,,736405,737370,-,glycosyl transferase family 2,Cell wall/membrane/envelope biogenesis,UPI00003C8FBE,Op426,,,Glyco_trans_2-like;Glycosyltransferase_2;Nucleotide-diphossugar_trans;,Glycos_transf_2
Clo1313_0649,RS03345,CP002416.1,,737499,737849,-,hypothetical protein,Function unknown,UPI00003C8FBF,Op427,,,DUF2304;,DUF2304
Clo1313_0650,RS03350,CP002416.1,,737863,738561,-,glycosyl transferase family 2,Function unknown,UPI00003C8FC0,Op427,,,Glyco_trans_2-like;Glycosyltransferase_2;Nucleotide-diphossugar_trans;,Glycos_transf_2
Clo1313_0651,RS03355,CP002416.1,,738762,739604,+,diaminopimelate epimerase,Amino acid transport and metabolism,UPI00003C8FC1,Op428,,,DAP_epimerase_AS;DAP_epimerase_DapF;,DAP_epimerase
Clo1313_0652,RS03360,CP002416.1,,739694,740926,+,LL-diaminopimelate aminotransferase,Coenzyme transport and metabolism,UPI000038FD33,Op428,,,Aminotransferase_I/II_large;DapL/ALD1;PyrdxlP-dep_Trfase;PyrdxlP-dep_Trfase_major;PyrdxlP-dep_Trfase_small;,Aminotran_1_2
Clo1313_0653,RS03365,CP002416.1,,741037,741972,+,cell envelope-related transcriptional attenuator,Transcription,UPI000038FD32,Op429,,,LytR/CpsA/Psr_CW_biosynth;LytR_CpsA_psr;,LytR_cpsA_psr
Clo1313_0654,RS03370,CP002416.1,,742116,743102,+,2-hydroxyglutaryl-CoA dehydratase D-component,Amino acid transport and metabolism,UPI000053813B,Op430,,,FldB/FldC_alpha/beta;,HGD-D
Clo1313_0655,RS03375,CP002416.1,,743163,743942,+,CoA-substrate-specific enzyme activase,Lipid transport and metabolism,UPI000038FD30,Op431,,,ATPase_BadF;ATPase_NBD;CoA_E_activase_dom;Dehydratase_Activator_Redct;,BcrAD_BadFG
Clo1313_0656,queC,CP002416.1,,744234,744902,+,exsB protein,Nucleotide transport and metabolism,UPI000038FD2F,Op432,"ATP binding; ligase activity, forming carbon-nitrogen bonds; zinc ion binding",tRNA queuosine(34) biosynthetic process,QueC;Rossmann-like_a/b/a_fold;,QueC
Clo1313_0657,queD,CP002416.1,,744934,745317,+,6-pyruvoyl tetrahydropterin synthase and hypothetical protein,Coenzyme transport and metabolism,UPI000038FD2E,Op432,,,6-PTP_synth/QueD;6-PTP_synth/QueD_sf;,PTPS
Clo1313_0658,RS03390,CP002416.1,,745343,745975,+,Radical SAM domain protein,Coenzyme transport and metabolism,UPI00003C8FC2,Op432,,,7-CO-7-deazaguanine_synth-like;Aldolase_TIM;rSAM;rSAM_sf;,Fer4_12;Fer4_14;Radical_SAM
Clo1313_0659,RS03395,CP002416.1,,745981,746550,+,phage SPO1 DNA polymerase-related protein,"Replication, recombination and repair",UPI00003C8FC3,Op432,,,UDG_Type-4/5;Ura-DNA_glyco_family4;Uracil-DNA_glycosylase-like;Uracil-DNA_glycosylase-like_sf;,UDG
Clo1313_0660,RS03400,CP002416.1,,746529,747107,+,Uracil-DNA glycosylase superfamily,"Replication, recombination and repair",UPI000038FD2B,Op433,,,UDG_Type-4/5;Ura-DNA_glyco_family4;Uracil-DNA_glycosylase-like;Uracil-DNA_glycosylase-like_sf;,UDG
Clo1313_0661,RS03430,CP002416.1,,753165,753929,+,UBA/THIF-type NAD/FAD binding protein,Coenzyme transport and metabolism,UPI0001B1EFE5,Op434,,,ThiF/MoeB/HesA;ThiF_NAD_FAD-bd;Ubiquitin-activating_enz;,ThiF
Clo1313_0662,tnpA,CP002416.1,,754114,754590,+,transposase IS200-family protein,"Replication, recombination and repair",UPI00003C8EC4,Op435,,,,Y1_Tnp
Clo1313_0663,RS03440,CP002416.1,,754881,755360,+,hypothetical protein,No COG annotation,UPI00017E2E2A,Op436,,,DUF6530;,-
Clo1313_0664,Clo1313_0664,CP002416.1,,755385,755507,+,hypothetical protein,No COG annotation,UPI0001F32946,Op437,,,,
Clo1313_0665,RS03445,CP002416.1,,755678,756670,+,glycosidase related protein,Carbohydrate transport and metabolism,UPI0000534E01,Op438,,,Glyco_hydro_beta-prop_sf;Mannoside_phosphorylase;,Glyco_hydro_130
Clo1313_0666,RS03450,CP002416.1,,756735,757778,+,Nucleotidyl transferase,Cell wall/membrane/envelope biogenesis,UPI00017E2FC5,Op439,,,GMPPB_C;Mannose-1P_guanyltransferase;NTP_transferase_dom;Nucleotide-diphossugar_trans;Trimer_LpxA-like_sf;,Hexapep;NTP_transferase
Clo1313_0667,RS03455,CP002416.1,,757947,759122,+,glycosyl transferase group 1,Cell wall/membrane/envelope biogenesis,UPI00003C8D6B,Op440,,,Glyco_trans_1;Glyco_trans_4-like_N;,Glyco_transf_4;Glycos_transf_1
Clo1313_0668,RS03460,CP002416.1,,759119,760132,+,hypothetical protein,"Post-translational modification, protein turnover, and chaperones",UPI00017E2FC6,Op440,,,6-hairpin_glycosidase_sf;,-
Clo1313_0669,RS03465,CP002416.1,,760257,761348,+,mannose-6-phosphate isomerase%2C class I,Carbohydrate transport and metabolism,UPI00003C8D6A,Op441,,,Carb_Metab_Reg_Kinase/Isom;Man6P_isomerase_Firm_short;MPI_cupin_dom;PMI_typeI_cat;RmlC-like_jellyroll;RmlC_Cupin_sf;,PMI_typeI
Clo1313_0670,RS03470,CP002416.1,,761469,762224,+,zinc/iron permease,Inorganic ion transport and metabolism,UPI000038F4DC,Op442,,,ZIP;,Zip
Clo1313_0671,RS03475,CP002416.1,,762394,762783,+,hemerythrin-like metal-binding protein,Inorganic ion transport and metabolism,UPI000038F4DB,Op443,,,Hemerythrin;Hemerythrin-like;Hemerythrin-like_sf;Hemerythrin_metal-bd;,Hemerythrin
Clo1313_0672,RS03480,CP002416.1,,762808,763470,+,flavin reductase domain protein FMN-binding protein,Energy production and conversion,UPI000038F4DA,Op443,,,Flavin_Rdtase-like_dom;NADH-dep_flavin_reductase;Rubredoxin-like_dom;Rubredoxin_dom;RUBY_RBDX;Split_barrel_FMN-bd;,Flavin_Reduct;Rubredoxin
Clo1313_0673,nifJ,CP002416.1,,763590,767117,+,pyruvate ferredoxin/flavodoxin oxidoreductase,Energy production and conversion,UPI0000536424,Op444,,,4Fe4S_Fe-S-bd;4Fe4S_Fe_S_CS;PFOR_II;Pyruvate:ferred/Flavod_OxRd;Pyrv-flavodox_OxR_EKR_sf;Pyrv-flavodox_OxRtase_EKR;Pyrv/ketoisovalerate_OxRed_cat;Pyrv_Fd/Flavodoxin_OxRdtase_N;Pyrv_flavodox_OxRed;Pyrv_flavodox_OxRed_cen;THDP-binding;TPP_enzyme_TPP-bd;Transketo_C/PFOR_II;,EKR;Fer4_16;Fer4_7;PFOR_II;POR;POR_N;TPP_enzyme_C
Clo1313_0674,RS15555,CP002416.1,,767215,767382,-,hypothetical protein,Function unknown,UPI000038F4D8,Op445,,,CDIF630_02480-like;,DUF3787
Clo1313_0675,RS03495,CP002416.1,,767708,770212,+,S-layer domain-containing protein,"Post-translational modification, protein turnover, and chaperones",UPI0001B1EED9,Op446,,,Ca-binding_acidic-rpt_prot;SLH_dom;TSP3_bac;TSP_type-3_rpt;VWF_A;vWFA_dom_sf;,-
Clo1313_0676,RS03500,CP002416.1,,770252,773713,+,Peptidoglycan-binding domain 1 protein,Lipid transport and metabolism,UPI0001B1EED8,Op446,,,PGBD-like_sf;PGBDSf;vWFA_dom_sf;,VWA;VWA_2
Clo1313_0677,RS03505,CP002416.1,,773953,775590,+,AMP-dependent synthetase and ligase,Lipid transport and metabolism,UPI000038F4D5,Op447,,,AMP-bd_C;AMP-b_sf;AMP-binding_CS;AMP-dep_synth/lig_dom;ANL_N_sf;,AMP-binding;AMP-binding_C
Clo1313_0678,RS03510,CP002416.1,,775939,776388,+,heat shock protein Hsp20,"Post-translational modification, protein turnover, and chaperones",UPI00003C8D68,Op448,,,A-crystallin/Hsp20_dom;HSP20-like_chaperone;Small_HSP;,HSP20
Clo1313_0679,RS03515,CP002416.1,,776607,777518,+,NUDIX hydrolase,Nucleotide transport and metabolism,UPI0001F3294E,Op449,,,Nudix_hydrolase;NUDIX_hydrolase-like_dom_sf;NUDIX_hydrolase_CS;NUDIX_hydrolase_dom;WH-like_DNA-bd_sf;WH_DNA-bd_sf;WHD_NrtR;,NUDIX
Clo1313_0680,RS03520,CP002416.1,,777646,779034,+,peptidase M56 BlaR1,Transcription,UPI000038F4D2,Op450,,,Beta-lactam_resp_regulator;DUF4825;Peptidase_M56;,DUF4825;DUF4829;DUF5301;Peptidase_M56
Clo1313_0681,RS03525,CP002416.1,,779513,780850,+,hypothetical protein,Lipid transport and metabolism,UPI000038F4D1,Op451,,,Flavoprotein-like_sf;FMN_Rdtase-like_dom;ISF_SsuE-like;,FMN_red;Flavodoxin_2
Clo1313_0682,RS03530,CP002416.1,,780923,782035,+,Citrate transporter,Inorganic ion transport and metabolism,UPI0001B1EED6,Op452,,,Cit_transptr-like_dom;Diverse_Ion_Transporter;,CitMHS
Clo1313_0683,RS03535,CP002416.1,,782206,782940,+,hypothetical protein,No COG annotation,UPI000038F4CF,Op453,,,,-
Clo1313_0684,RS03540,CP002416.1,,783116,784813,+,von Willebrand factor type A,Inorganic ion transport and metabolism,UPI000038F4CE,Op454,,,CLCR;VWF_A;vWFA_dom_sf;,SBP_bac_11;VWA
Clo1313_0685,RS03545,CP002416.1,,785118,786353,+,Dockerin type 1,Cell motility,UPI000038F4CD,Op455,,,CAP_sf;Dockerin_1_rpt;Dockerin_dom;Dockerin_dom_sf;EF_Hand_1_Ca_BS;,CAP;SLH
Clo1313_0686,RS03550,CP002416.1,,786438,787247,+,alpha/beta hydrolase fold protein,Lipid transport and metabolism,UPI00003C8D65,Op456,,,AB_hydrolase_1;AB_hydrolase_fold;AB_hydrolase_sf;Epox_hydrolase-like;,Abhydrolase_1;Abhydrolase_4
Clo1313_0688,RS03560,CP002416.1,,787661,787993,+,hypothetical protein,Function unknown,UPI00003C8D64,Op457,,,,-
Clo1313_0689,RS03565,CP002416.1,,788322,790139,-,peptidase S8 and S53 subtilisin kexin sedolisin,"Post-translational modification, protein turnover, and chaperones",UPI00017E17D7,Op458,,,Dockerin_1_rpt;Dockerin_dom;Dockerin_dom_sf;EF_Hand_1_Ca_BS;Fervidolysin-like_N_prodom;Peptidase_S8/S53_dom;Peptidase_S8/S53_dom_sf;Peptidase_S8_Asp-AS;Peptidase_S8_His-AS;Peptidase_S8_Ser-AS;Peptidase_S8_subtilisin-like;Peptidase_S8_subtilisin-rel;Sub1_cat_dom;,Peptidase_S8
Clo1313_0690,Clo1313_0690,CP002416.1,,790250,790414,+,hypothetical protein,No COG annotation,UPI00017E17D8,Op459,,,,
Clo1313_0691,RS03575,CP002416.1,,791059,791619,-,hypothetical protein,Function unknown,UPI00003C8D62,Op460,,,,-
Clo1313_0692,RS03580,CP002416.1,,791646,792284,-,transcriptional regulator%2C TetR family,Transcription,UPI00005337FD,Op460,,,Homeodomain-like_sf;SlmA/HTH-type_Tr_Regulator;HTH_TetR;Tet_transcr_reg_TetR-rel_C_sf;,TetR_N
Clo1313_0693,RS03585,CP002416.1,,792550,795045,+,Carbohydrate binding family 6,Amino acid transport and metabolism,UPI0001B1EED5,Op461,,,AGA-YXIM_GBD;CBM35;CBM6;Dockerin_1_rpt;Dockerin_dom;Dockerin_dom_sf;EF_Hand_1_Ca_BS;Galactose-bd-like_sf;GDSL;RhgT-like;SGNH_hydro;SGNH_hydro_sf;,CBM_35;Dockerin_1;Lipase_GDSL_2;RicinB_lectin_2
Clo1313_0694,RS03590,CP002416.1,,795263,795751,+,hypothetical protein,Energy production and conversion,UPI00017E17DC,Op462,,,Flavodoxin_CS;Flavodoxin_dom;Flavoprotein-like_sf;,-
Clo1313_0696,RS03605,CP002416.1,,797330,797692,+,Penicillinase repressor,Transcription,UPI00003C8D5F,Op463,,,BlaI_family;WH-like_DNA-bd_sf;WH_DNA-bd_sf;,Penicillinase_R
Clo1313_0697,RS03610,CP002416.1,,797695,799881,+,peptidase M56 BlaR1,Transcription,UPI0000533F91,Op463,,,Beta-lactam_resp_regulator;DUF4829;DUF4830;Peptidase_M56;,DUF4825;DUF4829;DUF4830;DUF5301;Peptidase_M56
Clo1313_0698,RS03615,CP002416.1,,800268,802013,+,ABC transporter related protein,Defense mechanisms,UPI000038F4C0,Op464,,,AAA+_ATPase;ABC1_TM_dom;ABC1_TM_sf;ABC_transporter-like_ATP-bd;ABC_transporter-like_CS;P-loop_NTPase;Type_1_exporter;,ABC_membrane;ABC_tran
Clo1313_0699,RS03620,CP002416.1,,802003,803901,+,ABC transporter related protein,Defense mechanisms,UPI00003C8D5D,Op464,,,AAA+_ATPase;ABC1_TM_dom;ABC1_TM_sf;ABC_transporter-like_ATP-bd;ABC_transporter-like_CS;P-loop_NTPase;Type_1_exporter;,ABC_membrane;ABC_tran
Clo1313_0700,RS03625,CP002416.1,,804081,805523,+,aminoacyl-histidine dipeptidase,Amino acid transport and metabolism,UPI000038F4BE,Op465,,,Bact_exopeptidase_dim_dom;Peptidase_M20;Peptidase_M20_dimer;Peptidase_M20C;,M20_dimer;Peptidase_M20
Clo1313_0701,cobD,CP002416.1,,805835,806890,+,cobalamin biosynthesis protein CobD,Coenzyme transport and metabolism,UPI0000F21A42,Op466,ABC-type vitamin B12 transporter activity; threonine-phosphate decarboxylase activity,cobalamin biosynthetic process,Cobalamin_biosynth_CobD/CbiB;,CobD_Cbib
Clo1313_0702,cobU,CP002416.1,,807038,807601,+,Adenosylcobinamide-phosphate guanylyltransferase,Coenzyme transport and metabolism,UPI00003C8D5A,Op466,,,CobU/CobP;P-loop_NTPase;,CobU
Clo1313_0703,RS03640,CP002416.1,,807617,808363,+,cobalamin 5'-phosphate synthase,Coenzyme transport and metabolism,UPI0000534699,Op466,,,CobS;,CobS
Clo1313_0704,cobC,CP002416.1,,808405,808995,+,alpha-ribazole phosphatase,Carbohydrate transport and metabolism,UPI00003C8D58,Op466,,,His_Pase_superF_clade-1;His_PPase_superfam;PG/BPGM_mutase_AS;Phosphogly_mut1;Ribazole_CobC;,His_Phos_1
Clo1313_0705,RS03650,CP002416.1,,809136,809687,+,hypothetical protein,Function unknown,UPI0001B1EE95,Op467,,,ECF_substrate-spec-like;,ECF-ribofla_trS
Clo1313_0706,RS03655,CP002416.1,,809828,810562,+,beta-lactamase superfamily hydrolase,Function unknown,UPI00003C8EDE,Op468,,,Metallo-B-lactamas;RibonucZ/Hydroxyglut_hydro;,Lactamase_B_2
Clo1313_0707,RS03660,CP002416.1,,810795,812045,-,methyl-accepting chemotaxis sensory transducer,Cell motility,UPI00003C8EDF,Op469,,,MCPsignal_dom;,HAMP;MCPsignal;dCache_1
Clo1313_0708,RS03665,CP002416.1,,812384,813763,+,pyruvate carboxyltransferase,Amino acid transport and metabolism,UPI0001B1EE94,Op470,,,2-IPM_HCS-like;Aldolase_TIM;PYR_CT;,HMGL-like
Clo1313_0709,RS03670,CP002416.1,,813794,815722,+,aconitate hydratase,Energy production and conversion,UPI000038F4BB,Op470,,,Acnase/IPM_dHydase_lsu_aba_1/3;Acoase/IPM_deHydtase_lsu_aba;Aconitase/3IPM_dehydase_swvl;Aconitase/IPM_isomerase;Aconitase_4Fe-4S_BS;Aconitase_4Fe-4S_dom;Aconitase_put;AconitaseA/IPMdHydase_ssu_swvl;,Aconitase;Aconitase_C
Clo1313_0710,RS03675,CP002416.1,,815771,816442,+,transcriptional regulator%2C GntR family,Transcription,UPI000038F4BA,Op471,,,GntR_C;TF_FadR/GntR_C;Tscrpt_reg_HTH_GntR;WH-like_DNA-bd_sf;WH_DNA-bd_sf;,FCD;GntR
Clo1313_0711,RS03680,CP002416.1,,816523,817893,+,RNA methylase%2C NOL1/NOP2/sun family,"Translation, ribosomal structure and biogenesis",UPI0000532007,Op472,,,Methyltr_RsmF_N;MeTrfase_RsmB-F_NOP2_cat;MeTrfase_RsmB-F_NOP2_dom;Nol1_Nop2_Fmu_2;Nop2p;RCMT;RsmB/NOL1/NOP2-like_CS;RsmF_methylt_CI;SAM-dependent_MTases_sf;,Methyltr_RsmB-F;Methyltr_RsmF_N;Methyltranf_PUA;RsmF_methylt_CI
Clo1313_0712,RS03685,CP002416.1,,818023,818757,+,pseudouridine synthase,"Translation, ribosomal structure and biogenesis",UPI00003C8EE1,Op473,,,PsdUridine_s_RsuA/RluB/E/F_cat;PsdUridine_synth_cat_dom_sf;PsdUridine_synth_RsuA/RluA;PsdUridine_synth_RsuA/RluB/E/F;PsdUridine_synth_RsuA/RluB_CS;RsuA_PseudoU_synthase;S4_RNA-bd;S4_RNA-bd_sf;TruA/RsuA/RluB/E/F_N;,PseudoU_synth_2;S4
Clo1313_0713,RS03690,CP002416.1,,818851,820020,+,protein-L-isoaspartate(D-aspartate) O-methyltransferase,"Secondary metabolites biosynthesis, transport, and catabolism",UPI0001B1EE91,Op474,,,Methyltranfer_dom;SAM-dependent_MTases_sf;,Methyltransf_32
Clo1313_0714,RS03695,CP002416.1,,820431,820922,+,Carbohydrate binding family 25,Function unknown,UPI0001B1EE90,Op475,,,CBM25;Ig-like_fold;,CBM53
Clo1313_0715,RS03700,CP002416.1,,821354,822988,+,two component transcriptional regulator%2C AraC family,Transcription,UPI00005361EF,Op476,,,CdaR_GGDEF;CheY-like_superfamily;Homeodomain-like_sf;HptR;HTH_AraC;Sig_transdc_resp-reg_receiver;,Response_reg
Clo1313_0716,RS03705,CP002416.1,,823179,824285,+,PpiC-type peptidyl-prolyl cis-trans isomerase,No COG annotation,UPI00017E2E01,Op477,,,PPIase_dom_sf;PrsA_foldase;,-
Clo1313_0717,RS03710,CP002416.1,,824524,825804,+,glucose-1-phosphate adenylyltransferase,Coenzyme transport and metabolism,UPI0001B1EE8F,Op478,,,ADP-Glc_PPase;ADP_Glu_pyroP_CS;GlgC_bac;GlmU/GlgC-like_hexapep;NTP_transferase_dom;Nucleotide-diphossugar_trans;Trimer_LpxA-like_sf;,Hexapep;NTP_transferase
Clo1313_0718,glgD,CP002416.1,,825801,826922,+,glucose-1-phosphate adenylyltransferase%2C GlgD subunit,Carbohydrate transport and metabolism,UPI0001B1EE8E,Op478,,,ADP-Glc_PPase;ADP_Glu_pyroP_CS;GlgDAde_trans;GlmU/GlgC-like_hexapep;NTP_transferase_dom;Nucleotide-diphossugar_trans;Trimer_LpxA-like_sf;,Hexapep;NTP_transferase
Clo1313_0719,RS03720,CP002416.1,,826954,827832,+,diacylglycerol kinase catalytic region,Lipid transport and metabolism,UPI000038F4B1,Op478,,,ATP-NAD_kinase_N;Diacylglycerol/lipid_kinase;Diacylglycerol_kinase_cat_dom;Lipid_Phosphate_FormReg;NAD/diacylglycerol_kinase_sf;YegS/DAGK_C;,DAGK_cat
Clo1313_0720,RS03725,CP002416.1,,827963,828721,-,short-chain dehydrogenase/reductase SDR,Lipid transport and metabolism,UPI000038F4B0,Op479,,,Enoyl-ACP_Rdtase_NADH;NAD(P)-bd_dom_sf;SDR_fam;,adh_short_C2
Clo1313_0721,RS03730,CP002416.1,,829059,829796,+,ABC transporter related protein,Defense mechanisms,UPI0001C146BD,Op480,,,,ABC_tran
Clo1313_0722,RS03735,CP002416.1,,829783,832230,+,hypothetical protein,Cell wall/membrane/envelope biogenesis,UPI0001B1EE8C,Op480,,,Ig-like_fold;,CARDB
Clo1313_0723,RS03740,CP002416.1,,832217,833632,+,protein of unknown function DUF214,Cell wall/membrane/envelope biogenesis,UPI0001B1EE8B,Op480,,,ABC3_permease_C;MacB_PCD;Macrolide_Exporter_MacB;,FtsX;MacB_PCD
Clo1313_0724,RS03750,CP002416.1,,834024,835022,+,sodium/calcium exchanger membrane region,Inorganic ion transport and metabolism,UPI0000535A95,Op481,,,K/Na/Ca-exchanger;NaCa_Exmemb;NCX_ion-bd_dom_sf;,Na_Ca_ex;PGPGW
Clo1313_0725,RS03755,CP002416.1,,835101,835490,-,hypothetical protein,Function unknown,UPI000038F4AB,Op482,,,DUF4363;,DUF4363
Clo1313_0726,RS03760,CP002416.1,,835492,836175,-,protein of unknown function DUF421,Function unknown,UPI000038F4AA,Op482,,,DUF421;UPF0702_alpha/beta_dom_sf;,DUF421
Clo1313_0727,RS03765,CP002416.1,,836381,836590,-,small acid-soluble spore protein alpha/beta type,Function unknown,UPI0000532008,Op483,,,SASP_alpha/beta-type;SASP_alpha/beta-type_CS;SASP_DNA-binding;SASP_sf_alpha/beta;,SASP
Clo1313_0728,RS03770,CP002416.1,,836681,837946,-,Monogalactosyldiacylglycerol synthase,Cell wall/membrane/envelope biogenesis,UPI00017E2FA3,Op484,,,Diacylglyc_glucosyltr_N;Glycosyltransf_28_UgtP;,Glyco_tran_28_C;Glyco_trans_1_4;MGDG_synth
Clo1313_0729,RS03775,CP002416.1,,838253,839842,-,protein of unknown function DUF342,"Replication, recombination and repair",UPI000038F4A7,Op485,,,FapA;FapA_b_solenoid;FapA_N;,FapA
Clo1313_0730,RS03780,CP002416.1,,840087,841277,+,Serine-type D-Ala-D-Ala carboxypeptidase,Cell wall/membrane/envelope biogenesis,UPI0001B1EE5B,Op486,,,Beta-lactam/transpept-like;Peniciliin-bd_prot_C_sf;Peptidase_S11;Peptidase_S11_C;Peptidase_S11_C_sf;Peptidase_S11_N;,PBP5_C;Peptidase_S11
Clo1313_0731,RS03785,CP002416.1,,841434,842345,+,hypothetical protein,Coenzyme transport and metabolism,UPI00003C8EEA,Op487,,,rRNA_MeTrfase;SAM-dependent_MTases_sf;,FmrO
Clo1313_0732,trkA,CP002416.1,,842636,844033,+,TrkA-N domain protein,Inorganic ion transport and metabolism,UPI00017E2FA6,Op488,,,Intein_N;K_uptake_TrkA;NAD(P)-bd_dom_sf;RCK_C;RCK_C_sf;RCK_N;Trk_Ktr_HKT_K-transport;,TrkA_C;TrkA_N
Clo1313_0733,RS03795,CP002416.1,,844080,845531,+,cation transporter,Inorganic ion transport and metabolism,UPI00017E2FA7,Op489,,,Cat_transpt;TrkH;,TrkH
Clo1313_0734,RS03800,CP002416.1,,845658,846692,+,tRNA-guanine transglycosylase%2C various specificities,Nucleotide transport and metabolism,UPI0001F32954,Op490,,,ArchSynthase1/Queuine_TRR;TGT-like_sf;tRNA_ribo_trans-like;,-
Clo1313_0735,RS03805,CP002416.1,,846764,848515,+,Radical SAM domain protein,Energy production and conversion,UPI00003C8D2B,Op491,,,BchE-like;Cobalamin-bd;DUF4080;Elp3/MiaA/NifB-like_rSAM;Methyltransferase_Class_B;rSAM;rSAM_horseshoe;rSAM_sf;,B12-binding;DUF4080;Radical_SAM
Clo1313_0736,RS03810,CP002416.1,,848537,848959,-,putative anti-sigma regulatory factor%2C serine/threonine protein kinase,Signal transduction mechanisms,UPI000038F49F,Op492,,,HATPase_C_sf;HATPase_dom;,HATPase_c_2
Clo1313_0737,RS03815,CP002416.1,,849275,850762,+,copper amine oxidase-like domain-containing protein,"Replication, recombination and repair",UPI00003C8D2A,Op493,,,Cu_amine_oxidase-like_N;Mao_N_sf;,Cu_amine_oxidN1;PPC
Clo1313_0738,RS03820,CP002416.1,,850912,851613,+,hypothetical protein,No COG annotation,UPI0001B1EE59,Op494,,,,-
Clo1313_0739,RS03825,CP002416.1,,851647,853773,+,helicase%2C RecD/TraA family,"Replication, recombination and repair",UPI0001F3295C,Op494,,,,AAA_30;HHH_4;HHH_5;UvrD_C_2
Clo1313_0740,RS03830,CP002416.1,,853970,855190,+,hypothetical protein,"Cell cycle control, cell division, chromosome partitioning",UPI000038F49A,Op495,,,AAA_dom;DNA_Partitioning_ATPase;P-loop_NTPase;,AAA_31
Clo1313_0741,RS03835,CP002416.1,,855334,855963,-,hypothetical protein,No COG annotation,UPI000038F499,Op496,,,,-
Clo1313_0742,RS03840,CP002416.1,,856187,856897,+,phospholipase C zinc-binding protein,Function unknown,UPI00017E17B2,Op497,,,PLipase_C/P1_nuclease_dom_sf;PLPC/GPLD1;Zn_PLipaseC;,Zn_dep_PLPC
Clo1313_0743,RS03845,CP002416.1,,857170,857820,-,Sporulation lipoprotein YhcN/YlaJ-like protein,Function unknown,UPI000038F497,Op498,,,Spore_lipoprot_YhcN/YlaJ-like;,Spore_YhcN_YlaJ
Clo1313_0744,RS03850,CP002416.1,,858028,858453,+,hypothetical protein,No COG annotation,UPI00017E17B3,Op499,,,,-
Clo1313_0745,RS03855,CP002416.1,,858536,859897,-,Uncharacterized conserved protein UCP033563,Function unknown,UPI00017E17B4,Op500,,,UCP033563;,DUF1015
Clo1313_0746,RS03860,CP002416.1,,860150,860704,+,PRC-barrel domain protein,Function unknown,UPI0000536944,Op501,,,PRC-brl_dom;PRC_barrel-like_sf;,PRC
Clo1313_0747,RS03865,CP002416.1,,860709,860894,+,hypothetical protein,No COG annotation,UPI0000F21A60,Op501,,,,-
Clo1313_0748,RS03870,CP002416.1,,861082,862131,+,protein of unknown function UPF0118,Function unknown,UPI0001B1EE58,Op502,,,AI-2E-like;,AI-2E_transport
Clo1313_0749,alaS,CP002416.1,,862402,865044,+,alanyl-tRNA synthetase,"Translation, ribosomal structure and biogenesis",UPI0001B1EE57,Op503,"alanine-tRNA ligase activity; aminoacyl-tRNA deacylase activity; ATP binding; catalytic activity, acting on a protein; transferase activity; tRNA binding; zinc ion binding",alanyl-tRNA aminoacylation,aa-tRNA-synth_II/BPL/LPL;Ala-tRNA-lgiase_IIc;Ala-tRNA-ligase_IIc_anticod-bd;Ala-tRNA-synth_IIc_core;Ala-tRNA-synth_IIc_N;Ala-tRNA_ligase;Ala_tRNA_ligase_euk/bac;DHHA1_dom;Thr/Ala-tRNA-synth_IIc_edit;Transl_B-barrel_sf;tRNA_SAD;,DHHA1;tRNA-synt_2c;tRNA_SAD
Clo1313_0750,RS03880,CP002416.1,,865903,866652,+,CRISPR-associated protein TM1802-like protein,Function unknown,UPI0001B1EE56,Op504,,,CRISPR-assoc_prot_Cas8b;,Cas_TM1802
Clo1313_0751,RS03885,CP002416.1,,866735,867445,+,hypothetical protein,Function unknown,UPI0001B1EE55,Op505,,,Cas6b_C;Cas6b_N;,DUF5328
Clo1313_0752,RS03890,CP002416.1,,867468,867719,+,hypothetical protein,No COG annotation,UPI0001B1EE54,Op505,,,,
Clo1313_0753,RS03895,CP002416.1,,867735,868721,+,hypothetical protein,No COG annotation,UPI0001F3295D,Op505,,,Restrct_endonuc-II-like;tRNA_endonuc-like_dom_sf;,DUF1887
Clo1313_0754,RS03900,CP002416.1,,868711,869700,+,hypothetical protein,No COG annotation,UPI0001F3295E,Op505,,,Restrct_endonuc-II-like;,DUF1887
Clo1313_0755,RS03905,CP002416.1,,869720,871225,+,hypothetical protein,Function unknown,UPI0001B1EE4F,Op505,,,Rev_trsase/Diguanyl_cyclase;,-
Clo1313_0756,RS03910,CP002416.1,,871226,871891,+,protein of unknown function DUF324,"Replication, recombination and repair",UPI0001B1EE4E,Op505,,,CRISPR_Csm3_endoribonuclease;RAMP_III_fam;,RAMPs
Clo1313_0757,RS03915,CP002416.1,,871884,873485,+,hypothetical protein,"Replication, recombination and repair",UPI0001B1EE4D,Op505,,,RAMP_III_fam;,RAMPs
Clo1313_0758,RS03920,CP002416.1,,873485,874867,+,protein of unknown function DUF324,"Replication, recombination and repair",UPI0001B1EE22,Op505,,,CRISPR_Csm3_endoribonuclease;RAMP_III_fam;,RAMPs
Clo1313_0759,RS03925,CP002416.1,,874864,875331,+,hypothetical protein,No COG annotation,UPI0001B1EE21,Op505,,,,-
Clo1313_0760,RS03930,CP002416.1,,875336,877414,+,protein of unknown function DUF324,"Replication, recombination and repair",UPI0001B1EE20,Op505,,,CRISPR-assoc_RAMP_BGP1436;,RAMPs
Clo1313_0761,RS03935,CP002416.1,,877414,877593,+,hypothetical protein,No COG annotation,UPI0001F3295F,Op505,,,,
Clo1313_0762,RS03940,CP002416.1,,877637,879103,+,CRISPR-associated protein%2C TIGR02710 family,Function unknown,UPI0001B1EE1E,Op506,,,CRISPR-assoc_prot_Cas02710;Csm6_6H;Restrct_endonuc-II-like;,Cas_Cas02710
Clo1313_0764,cas2,CP002416.1,,880663,880953,+,CRISPR-associated protein Cas2,"Replication, recombination and repair",UPI0001B1EE1B,Op507,,,CRISPR_associated_Cas2;Virulence_VapD/CRISPR_Cas2;,CRISPR_Cas2
Clo1313_0765,cas4,CP002416.1,,880928,881557,+,CRISPR-associated protein Cas4,"Replication, recombination and repair",UPI0001B1EE1A,Op507,,,Cas4_exonuclease;CRISPR-assoc_prot_Cas4;Dna2/Cas4_DUF83;PDDEXK-like_dom_sf;,Cas_Cas4
Clo1313_0766,RS03960,CP002416.1,,881640,882863,+,transposase mutator type,"Replication, recombination and repair",UPI00003C8CB2,Op508,,,,Transposase_mut
Clo1313_0767,RS03965,CP002416.1,,883054,883302,-,hypothetical protein,"Translation, ribosomal structure and biogenesis",UPI0001F32960,Op509,,,,Cu_amine_oxidN1
Clo1313_0769,RS03970,CP002416.1,,884379,885026,+,hypothetical protein,No COG annotation,UPI0001F32961,Op510,,,,
Clo1313_0770,RS03975,CP002416.1,,885163,885960,+,hypothetical protein,Function unknown,UPI0001B1EF75,Op511,,,,-
Clo1313_0771,RS03980,CP002416.1,,886002,886499,+,hypothetical protein,No COG annotation,UPI0001B1EF74,Op512,,,,
Clo1313_0772,RS03985,CP002416.1,,887009,887869,+,hypothetical protein,No COG annotation,UPI0001B1EF73,Op513,,,WD40/YVTN_repeat-like_dom_sf;,-
Clo1313_0773,RS03990,CP002416.1,,888113,889264,-,Integrase catalytic region,"Replication, recombination and repair",UPI0001F32952,Op514,,,,HTH_21;HTH_Tnp_1;rve
Clo1313_0777,RS03995,CP002416.1,,890033,890545,+,hypothetical protein,Function unknown,UPI0000537939,Op515,,,DUF5104;,DUF5104
Clo1313_0778,RS04000,CP002416.1,,890792,891580,+,copper amine oxidase-like domain-containing protein,Function unknown,UPI0001B1EF38,Op516,,,Cu_amine_oxidase-like_N;Mao_N_sf;,Big_2;CAP;CAP_assoc_N;Cu_amine_oxidN1;fn3
Clo1313_0779,RS04005,CP002416.1,,891759,892562,+,copper amine oxidase-like domain-containing protein,Function unknown,UPI0001B1EF37,Op517,,,Cu_amine_oxidase-like_N;Mao_N_sf;,Big_2;CAP;CAP_assoc_N;Cu_amine_oxidN1;fn3
Clo1313_0780,RS04010,CP002416.1,,892636,893436,+,copper amine oxidase-like domain-containing protein,Function unknown,UPI00003C8D4B,Op518,,,Cu_amine_oxidase-like_N;Mao_N_sf;,Big_2;CAP;CAP_assoc_N;Cu_amine_oxidN1;fn3
Clo1313_0781,RS04015,CP002416.1,,893453,896383,+,hypothetical protein,No COG annotation,UPI0001B1EF36,Op518,,,,-
Clo1313_0782,RS04020,CP002416.1,,896654,897133,+,hypothetical protein,No COG annotation,UPI00003C8D49,Op519,,,,-
Clo1313_0783,RS04025,CP002416.1,,897305,903109,+,YD repeat protein,Cell wall/membrane/envelope biogenesis,UPI0001F3296A,Op520,,,,Phage_GPD;RHS_repeat
Clo1313_0784,RS04030,CP002416.1,,903106,904035,+,Ankyrin,Function unknown,UPI000038FC28,Op520,,,Ankyrin_rpt;Ankyrin_rpt-contain_sf;Multifunctional_regulatory;,Ank_2
Clo1313_0785,RS04035,CP002416.1,,904207,905427,+,transposase mutator type,"Replication, recombination and repair",UPI0000533609,Op521,,,,Transposase_mut
Clo1313_0786,RS04040,CP002416.1,,905784,911081,+,YD repeat protein,Cell wall/membrane/envelope biogenesis,UPI0001F3296B,Op522,,,,Phage_GPD;RHS_repeat
Clo1313_0787,RS04045,CP002416.1,,911048,911302,+,hypothetical protein,Cell wall/membrane/envelope biogenesis,UPI0001B1EFBB,Op523,,,,Phage_GPD;RHS_repeat
Clo1313_0788,RS04050,CP002416.1,,911381,911614,+,hypothetical protein,Cell wall/membrane/envelope biogenesis,UPI0001B1EFBC,Op524,,,,Phage_GPD;RHS_repeat
Clo1313_0789,RS04055,CP002416.1,,911627,911875,+,hypothetical protein,No COG annotation,UPI0001F3296C,Op524,,,,-
Clo1313_0790,RS04060,CP002416.1,,912061,913284,-,transposase mutator type,"Replication, recombination and repair",UPI00003C8CB2,Op525,,,,Transposase_mut
Clo1313_0791,RS04065,CP002416.1,,913350,914921,-,FAD dependent oxidoreductase,Energy production and conversion,UPI0001F3296D,Op526,,,FAD-dep_OxRdtase;FAD/NAD-bd_sf;Rieske_2Fe-2S;Rieske_2Fe-2S_sf;Rieske_Fe-S_prot_C;YhfW_C;,DAO;Rieske
Clo1313_0792,RS04070,CP002416.1,,915336,916859,+,hypothetical protein,No COG annotation,UPI00017E66D3,Op527,,,,-
Clo1313_0793,RS04075,CP002416.1,,917059,917868,+,extracellular solute-binding protein family 3,Amino acid transport and metabolism,UPI0000532269,Op528,,,Solute-binding_3/MltF_N;,SBP_bac_3
Clo1313_0794,RS04080,CP002416.1,,917952,918614,+,polar amino acid ABC transporter%2C inner membrane subunit,Inorganic ion transport and metabolism,UPI0000533A8B,Op529,,,AA_ABC_transptr_permease_3TM;ArtM/GltK/GlnP/TcyL/YhdX-like;MetI-like;MetI-like_sf;,BPD_transp_1
Clo1313_0795,RS04085,CP002416.1,,918629,919414,+,ABC transporter related protein,Amino acid transport and metabolism,UPI00017E1F9B,Op529,,,AAA+_ATPase;ABC_ATPase_HisP-typ;ABC_transporter-like_ATP-bd;ABC_transporter-like_CS;MetN_ABC_transporter-like;P-loop_NTPase;,ABC_tran
Clo1313_0796,RS04090,CP002416.1,,919593,920267,+,hypothetical protein,"Replication, recombination and repair",UPI00003C8ED2,Op530,,,ARM-type_fold;DNA_alkylation;,DNA_alkylation
Clo1313_0797,RS04095,CP002416.1,,920451,920822,+,hypothetical protein,Function unknown,UPI0001C1467B,Op531,,,,zinc_ribbon_15
Clo1313_0799,RS04105,CP002416.1,,921310,922965,-,hypothetical protein,Transcription,UPI00017E1F99,Op532,,,WG_beta_rep;,WG_beta_rep
Clo1313_0800,RS04110,CP002416.1,,923450,923923,+,GCN5-related N-acetyltransferase,"Translation, ribosomal structure and biogenesis",UPI00017E1F98,Op533,,,Acyl_CoA_acyltransferase;GNAT_dom;,Acetyltransf_10;Acetyltransf_3
Clo1313_0801,RS04115,CP002416.1,,924127,924912,+,hypothetical protein,No COG annotation,UPI000038FA95,Op534,,,Integrin_alpha_N;,-
Clo1313_0802,RS04120,CP002416.1,,925215,925673,+,regulatory protein MarR,Transcription,UPI0000F21967,Op535,,,HTH_MarR-typ;Tscrpt_reg_MarR-type_CS;WH-like_DNA-bd_sf;WH_DNA-bd_sf;,MarR;MarR_2
Clo1313_0803,RS04125,CP002416.1,,925670,927082,+,MATE efflux family protein,Defense mechanisms,UPI00003C8ECD,Op535,,,MATE_fam;MATE_MepA-like;MATE_MepA_subfamily;MdtK-like;,MatE
Clo1313_0804,RS04130,CP002416.1,,927427,927963,+,hypothetical protein,No COG annotation,UPI00005341DB,Op536,,,,
Clo1313_0805,RS04135,CP002416.1,,928308,930845,-,TIR protein,"Post-translational modification, protein turnover, and chaperones",UPI0000534905,Op537,,,Peptidase_S1_PA;Peptidase_S1C;TIR_dom;Toll_tir_struct_dom_sf;,Trypsin_2;YceG_bac
Clo1313_0807,RS04140,CP002416.1,,931479,931724,+,hypothetical protein,Function unknown,UPI0000F21966,Op538,,,Zn_ribbon_dom_put;,Zn_ribbon_2
Clo1313_0809,RS04150,CP002416.1,,932793,933716,+,hypothetical protein,Function unknown,UPI000038FA8F,Op539,,,CotB-like;,DUF2935
Clo1313_0811,RS04175,CP002416.1,,936233,936736,+,RNA polymerase%2C sigma-24 subunit%2C ECF subfamily,Transcription,UPI000038FA8E,Op540,,,RNA_pol_sigma-70-like;RNA_pol_sigma-70_dom;RNA_pol_sigma70_r2;RNA_pol_sigma70_r4_t2;RNA_pol_sigma_r2;RNA_pol_sigma_r3/r4-like;WH-like_DNA-bd_sf;,Sigma70_r2;Sigma70_r4_2
Clo1313_0812,RS04180,CP002416.1,,936738,937640,+,Domain of unknown function DUF3298,Function unknown,UPI0001B1ED83,Op540,,,DUF3298;PdaC;PdaC/RsiV-like_sf;,DUF3298;DUF4163
Clo1313_0813,RS04190,CP002416.1,,938423,939004,+,Phosphoglycerate mutase,Carbohydrate transport and metabolism,UPI000038FA8B,Op541,,,His_Pase_superF_clade-1;His_PPase_superfam;PGM_Phosphatase;,His_Phos_1
Clo1313_0814,RS04195,CP002416.1,,939174,939764,+,hypothetical protein,Function unknown,UPI000038FA8A,Op542,,,Papain-like_cys_pep_sf;,-
Clo1313_0815,RS04200,CP002416.1,,939919,940692,+,short-chain dehydrogenase/reductase SDR,Lipid transport and metabolism,UPI0001B1ED82,Op543,,,NAD(P)-bd_dom_sf;SDR_fam;,adh_short_C2
Clo1313_0816,tnpA,CP002416.1,,940882,941358,+,transposase IS200-family protein,"Replication, recombination and repair",UPI00003C8EC4,Op544,,,,Y1_Tnp
Clo1313_0817,RS04210,CP002416.1,,941734,943689,-,hypothetical protein,Cell wall/membrane/envelope biogenesis,UPI000038FA88,Op545,,,,-
Clo1313_0818,RS04215,CP002416.1,,943867,944880,+,hypothetical protein,Function unknown,UPI00003C8EC2,Op546,,,DUF4474;,DUF4474
Clo1313_0819,RS04220,CP002416.1,,944924,945823,+,hypothetical protein,Function unknown,UPI000053506E,Op547,,,Calcineurin-like_PHP;LpxH-like;Metallo-depent_PP-like;,Metallophos;Metallophos_2
Clo1313_0820,RS04225,CP002416.1,,945854,947182,+,Beta-glucosidase,Carbohydrate transport and metabolism,UPI000053664A,Op547,,,GH_hydrolase_sf;Glyco_hydro_1;Glyco_hydro_1_AS;,Glyco_hydro_1
Clo1313_0821,RS04230,CP002416.1,,947163,947465,-,branched-chain amino acid transport,Function unknown,UPI00003C8EC1,Op548,,,Brnchd-chn_aa_trnsp_AzlD;,AzlD
Clo1313_0822,RS04235,CP002416.1,,947470,948204,-,AzlC family protein,Amino acid transport and metabolism,UPI00003C8EC0,Op548,,,Brnchd-chn_aa_trnsp_permease;,AzlC
Clo1313_0823,RS04240,CP002416.1,,948531,950654,-,Inorganic diphosphatase,Energy production and conversion,UPI0001B1EF31,Op549,,,PPase-energised_H-pump;,H_PPase
Clo1313_0824,RS04245,CP002416.1,,951013,951954,-,hypothetical protein,No COG annotation,UPI0000F2195D,Op550,,,,TspO_MBR
Clo1313_0825,RS04250,CP002416.1,,952286,953404,+,protein of unknown function UPF0118,Function unknown,UPI00017E1E1E,Op551,,,AI-2E-like;,AI-2E_transport
Clo1313_0826,Clo1313_0826,CP002416.1,,953401,953499,+,hypothetical protein,No COG annotation,UPI0001F3298E,Op552,,,,
Clo1313_0827,tnpA,CP002416.1,,953622,954098,+,transposase IS200-family protein,"Replication, recombination and repair",UPI00017E3E22,Op553,,,,Y1_Tnp
Clo1313_0828,RS04260,CP002416.1,,954227,955000,-,RDD domain containing protein,Function unknown,UPI00003C8EBD,Op554,,,Dimeric_a/b-barrel;Pra-immunoreactive;RDD;Rham/fucose_mutarotase;,RDD
Clo1313_0829,sppA,CP002416.1,,954978,955958,-,signal peptide peptidase SppA%2C 36K type,"Post-translational modification, protein turnover, and chaperones",UPI0000F2195C,Op555,,,ClpP/crotonase-like_dom_sf;Pept_S49_SppA;Peptidase_S49;S49_SppA_C;,Peptidase_S49
Clo1313_0830,RS04270,CP002416.1,,956238,956834,+,protein of unknown function DUF204,Inorganic ion transport and metabolism,UPI0000F2195B,Op556,,,Mntp/YtaF;MntP;,Mntp
Clo1313_0831,RS04275,CP002416.1,,956945,957367,+,hypothetical protein,No COG annotation,UPI00003C8E81,Op557,,,,
Clo1313_0832,RS04280,CP002416.1,,957629,959734,+,hypothetical protein,No COG annotation,UPI00017E1E1B,Op558,,,,-
Clo1313_0833,RS04285,CP002416.1,,959736,960596,+,ABC transporter related protein,Defense mechanisms,UPI000038FBCC,Op558,,,AAA+_ATPase;ABC_transporter-like_ATP-bd;ABC_transporter-like_CS;P-loop_NTPase;,ABC_tran
Clo1313_0834,RS04290,CP002416.1,,960614,961867,+,hypothetical protein,Function unknown,UPI000038FBCB,Op558,,,,-
Clo1313_0835,RS04295,CP002416.1,,961869,963785,+,hypothetical protein,Function unknown,UPI00003C8E83,Op558,,,,DUF5050
Clo1313_0836,trpB,CP002416.1,,964167,965351,+,tryptophan synthase%2C beta subunit,Amino acid transport and metabolism,UPI0001B1F058,Op559,"tryptophan synthase activity;L-serine hydro-lyase (adding indole, L-tryptophan-forming) activity; pyridoxal phosphate binding; tryptophan synthase activity",,Trp_synth_b_CS;Trp_synth_beta;Trp_synth_beta/beta-like;TrpB-like_PALP;TrpB-like_PALP_sf;,PALP
Clo1313_0837,RS04305,CP002416.1,,965344,966114,+,tryptophan synthase%2C alpha subunit,Amino acid transport and metabolism,UPI000038FBC7,Op559,,,Aldolase_TIM;RibuloseP-bd_barrel;Trp_synthase_alpha_AS;Trp_synthase_suA;,Trp_syntA
Clo1313_0838,RS04310,CP002416.1,,966240,967190,+,cation diffusion facilitator family transporter,Inorganic ion transport and metabolism,UPI0001B1F057,Op560,,,Cation_efflux;Cation_efflux_CTD;Cation_efflux_CTD_sf;Cation_efflux_TM;Cation_efflux_TMD_sf;FieF-like;,Cation_efflux;ZT_dimer
Clo1313_0839,RS04315,CP002416.1,,967232,968458,-,integral membrane sensor signal transduction histidine kinase,Signal transduction mechanisms,UPI0001F3298F,Op561,,,,HAMP;HATPase_c;HisKA
Clo1313_0840,Clo1313_0840,CP002416.1,,968442,968702,-,G protein-coupled receptor 119,Signal transduction mechanisms,UPI0001F32990,Op562,,,,HAMP;HATPase_c;HisKA
Clo1313_0841,RS04320,CP002416.1,,968707,969405,-,two component transcriptional regulator%2C winged helix family,Signal transduction mechanisms,UPI000038FBC4,Op561,,,CheY-like_superfamily;OmpR/PhoB-type_DNA-bd;Sig_transdc_resp-reg_C-effctor;Sig_transdc_resp-reg_receiver;WalR-like;WH-like_DNA-bd_sf;,Response_reg;Trans_reg_C
Clo1313_0842,RS04325,CP002416.1,,969581,970267,+,VTC domain,Inorganic ion transport and metabolism,UPI0001B1F056,Op563,,,VTC_domain;VTC_sf;,VTC
Clo1313_0843,RS04330,CP002416.1,,970297,970983,+,hypothetical protein,Function unknown,UPI0001B1F055,Op563,,,DUF4956;,DUF4956
Clo1313_0844,RS04335,CP002416.1,,971022,973133,+,Spore coat protein CotH,Cell wall/membrane/envelope biogenesis,UPI0001B1F054,Op563,,,Spore_coat_CotH_CotH2/3/7;,CotH
Clo1313_0845,feoB,CP002416.1,,973165,975315,-,Ferrous iron transport protein B domain-containing protein,Inorganic ion transport and metabolism,UPI00017E45F7,Op564,,,Fe2_transport_prot-B;Fe2_transport_prot_B_C;FeoB_Cyto;FeoB_GTPase;G_FEOB_dom;Gate_dom;P-loop_NTPase;,FeoB_C;FeoB_N;Gate
Clo1313_0846,RS04345,CP002416.1,,975398,975637,-,FeoA family protein,Inorganic ion transport and metabolism,UPI000038FDE2,Op565,,,Fe-transptr_FeoA-like;FeoA;FeoA_core_dom;Transcriptional_repressor_C;,FeoA
Clo1313_0847,mntR,CP002416.1,,975797,976276,+,iron (metal) dependent repressor%2C DtxR family,Transcription,UPI00003C8E88,Op566,,,MntR_IdeR_Metal-Reg;Fe_dep_repressor;Fe_dep_repressor_sf;HTH_DTXR;HTH_MarR-typ;HTH_RpiR;Iron_dep_repressor;WH-like_DNA-bd_sf;WH_DNA-bd_sf;,Fe_dep_repr_C;Fe_dep_repress
Clo1313_0848,RS04355,CP002416.1,,976309,976659,-,hypothetical protein,No COG annotation,UPI0001F329C4,Op567,,,,-
Clo1313_0849,RS04360,CP002416.1,,982666,983913,+,glycosyl hydrolase 53 domain protein,Carbohydrate transport and metabolism,UPI000038FD59,Op568,,,Dockerin_1_rpt;Dockerin_dom;Dockerin_dom_sf;EF_Hand_1_Ca_BS;GH_hydrolase_sf;Glyco_hydro_53;,Dockerin_1;Glyco_hydro_53
Clo1313_0850,RS04365,CP002416.1,,984025,984471,+,C_GCAxxG_C_C family protein,Function unknown,UPI00017E4208,Op569,,,CGCAxxGCC_motif;,C_GCAxxG_C_C
Clo1313_0851,RS04370,CP002416.1,,984820,987348,+,Dockerin type 1,Carbohydrate transport and metabolism,UPI000038FD5B,Op570,,,Dockerin_1_rpt;Dockerin_dom;Dockerin_dom_sf;EF_Hand_1_Ca_BS;WD40/YVTN_repeat-like_dom_sf;Xyloglucanase_GH74;,BNR;BNR_6;CBM_3;CBM_X2;Dockerin_1;Sortilin-Vps10
Clo1313_0852,RS04375,CP002416.1,,987583,988401,+,glycosyl transferase family 8,Cell wall/membrane/envelope biogenesis,UPI0000532AD9,Op571,,,Glyco_trans_8;Glycosyltrans_8_dom-fam;Nucleotide-diphossugar_trans;,Glyco_transf_8
Clo1313_0853,cls,CP002416.1,,988441,989985,+,phospholipase D/Transphosphatidylase,Lipid transport and metabolism,UPI000038FD5D,Op571,,,Cardiolipin_synthase;CLS_N;PLD-like_dom;PLipase_D/transphosphatidylase;,PLDc_2;PLDc_N
Clo1313_0855,RS04385,CP002416.1,,990316,991035,+,two component transcriptional regulator%2C winged helix family,Transcription,UPI00017E4207,Op572,,,CheY-like_superfamily;OmpR/PhoB-type_DNA-bd;Sig_transdc_resp-reg_C-effctor;Sig_transdc_resp-reg_receiver;WalR-like;WH-like_DNA-bd_sf;,Response_reg;Trans_reg_C
Clo1313_0856,RS04390,CP002416.1,,991038,992807,+,multi-sensor signal transduction histidine kinase,Signal transduction mechanisms,UPI00017E4206,Op572,,,BphY/WalK/GraS-like;HAMP_dom;HATPase_C_sf;HATPase_dom;His_kinase_dom;HisK_dim/P_dom;HisK_dim/P_sf;PAS;PAS-like_dom_sf;PAS_fold;Sig_transdc_His_kin-like_C;,HAMP;HATPase_c;HisKA;PAS;PAS_4;PAS_8;sCache_like
Clo1313_0857,RS04395,CP002416.1,,993624,995159,+,2-isopropylmalate synthase,Amino acid transport and metabolism,UPI000038FD9C,Op573,,,2-IPM_HCS-like;2-isopropylmalate_synth_dimer;AIPM/Hcit_synth_CS;Aldolase_TIM;LeuA/HCS_post-cat;LeuA_allosteric_dom_sf;LeuA_bact_synth;PYR_CT;,HMGL-like;LeuA_dimer
Clo1313_0858,RS04400,CP002416.1,,995297,996229,-,alpha/beta hydrolase fold protein,Lipid transport and metabolism,UPI0001B1F028,Op574,,,AB_hydrolase_fold;ABHD17C-like;MAG_DAG_Lipase;,Hydrolase_4
Clo1313_0859,RS04405,CP002416.1,,996254,997582,-,polynucleotide adenylyltransferase/metal dependent phosphohydrolase,"Translation, ribosomal structure and biogenesis",UPI00005348BF,Op574,,,Bact_CCA-adding_enz_type3_sf;HD/PDEase_dom;HD_domain;HDIG_dom;NT_sf;PolA_pol_head_dom;PolyA_RNA-bd;,HD;PolyA_pol;PolyA_pol_RNAbd;tRNA_NucTran2_2
Clo1313_0860,RS04415,CP002416.1,,998480,998773,+,TrpR like protein%2C YerC/YecD,Function unknown,UPI00005341AC,Op575,,,Trp_repress;Trp_repressor/repl_initiator;TrpR-like_sf;YecD_YerC;,Trp_repressor
Clo1313_0861,RS04420,CP002416.1,,998865,999260,+,hypothetical protein,No COG annotation,UPI00003C8FE9,Op576,,,,-
Clo1313_0862,RS04425,CP002416.1,,999342,999941,+,hypothetical protein,Function unknown,UPI0000537C05,Op577,,,DUF5317;,DUF5317
Clo1313_0863,secA,CP002416.1,,999961,1002693,+,preprotein translocase%2C SecA subunit,"Intracellular trafficking, secretion, and vesicular transport",UPI000038FCB3,Op577,ATP binding; metal ion binding; protein-exporting ATPase activity,intracellular protein transmembrane transport; protein import; protein targeting; protein transport by the Sec complex,Helicase_ATP-bd;P-loop_NTPase;SEC_C_motif;SecA;SecA_CS;SecA_DEAD;SecA_motor_DEAD;SecA_preprotein_X-link_dom;SecA_SF2_C;SecA_Wing/Scaffold;SecA_Wing/Scaffold_sf;SecA_X-link_sf;,Helicase_C;SEC-C;SecA_DEAD;SecA_PP_bind;SecA_SW
Clo1313_0864,RS04435,CP002416.1,,1002789,1004075,+,FolC bifunctional protein,Coenzyme transport and metabolism,UPI000038FCB2,Op578,,,Folylpolyglutamate_synth;Folylpolyglutamate_synth_CS;Mur-like_cat_sf;Mur_ligase_C;Mur_ligase_C_dom_sf;Mur_ligase_cen;,Mur_ligase_C;Mur_ligase_M
Clo1313_0865,RS04440,CP002416.1,,1004187,1005344,+,Tetratricopeptide TPR_1 repeat-containing protein,Cell motility,UPI000038FCB1,Op579,,,;TPR-like_helical_dom_sf;TPR_rpt;,TPR_16;TPR_19;TPR_2;TPR_6;TPR_8
Clo1313_0866,RS04445,CP002416.1,,1005433,1006590,+,Patatin,Function unknown,UPI00017E5E9C,Op580,,,Acyl_Trfase/lysoPLipase;Lipid_Hydrolase;PNPLA_dom;,Patatin
Clo1313_0867,RS04450,CP002416.1,,1006842,1008341,+,threonine synthase,Amino acid transport and metabolism,UPI0000F21946,Op581,,,Thr_synth_N;Thr_synth_N_sf;Thr_synthase-like;TrpB-like_PALP;TrpB-like_PALP_sf;,PALP;Thr_synth_N
Clo1313_0868,RS04455,CP002416.1,,1008585,1008959,+,response regulator receiver protein,Cell motility,UPI000038FCAE,Op582,,,CheY-like_superfamily;Sig_transdc_resp-reg_receiver;ST_Response_Regulator;,CheB_methylest;Response_reg
Clo1313_0869,RS04460,CP002416.1,,1009030,1010118,-,oxidoreductase domain protein,Function unknown,UPI0001B1F026,Op583,,,Gfo/Idh/MocA-like_OxRdtase_N;Gfo/Idh/MocA_Oxidoreductases;GFO_IDH_MocA-like_dom;NAD(P)-bd_dom_sf;,GFO_IDH_MocA;GFO_IDH_MocA_C
Clo1313_0870,RS04465,CP002416.1,,1010349,1011941,+,response regulator receiver modulated metal dependent phosphohydrolase,Signal transduction mechanisms,UPI0001F329C5,Op584,,,,HD;PAS_4
Clo1313_0871,RS04470,CP002416.1,,1012118,1012561,+,amino acid-binding ACT domain protein,Function unknown,UPI00003C8FE4,Op585,,,ACT-like_dom_sf;ACT_dom;UPF0735_ACT_dom-cont;,ACT;ACT_4
Clo1313_0872,RS04475,CP002416.1,,1012572,1013819,+,homoserine dehydrogenase,Amino acid transport and metabolism,UPI0000F21945,Op585,,,Asp/hSer_DH_NAD-bd;HDH;HDH_cat;HDH_CS;NAD(P)-bd_dom_sf;,Homoserine_dh;NAD_binding_3
Clo1313_0873,RS04480,CP002416.1,,1013950,1015299,+,aspartate kinase,Amino acid transport and metabolism,UPI0000F21944,Op585,,,AceGlu_kinase-like_sf;ACT-like_dom_sf;ACT_Aspartokinase;ACT_dom;AKIII_YclM_N;Asp/Glu/Uridylate_kinase;Asp_kin_monofn;Asp_kinase;AsparK_Bifunc_asparK/hSer_DH;Aspartate_kinase_CS;,AA_kinase;ACT;ACT_7
Clo1313_0874,RS04485,CP002416.1,,1015584,1016372,+,copper amine oxidase-like domain-containing protein,Cell wall/membrane/envelope biogenesis,UPI00005377AE,Op586,,,Cu_amine_oxidase-like_N;Mao_N_sf;,Amidase_3;Cu_amine_oxidN1
Clo1313_0875,RS04490,CP002416.1,,1016515,1022268,+,YD repeat protein,Cell wall/membrane/envelope biogenesis,UPI0001C1466C,Op587,,,DUF4329;DUF6531;ESAT-6-like_sf;Quinoprotein_ADH-like_sf;Rhs_assc_core;RHS_repeat;T6SS_VgrG/RHS;TEN-like_YD-shell;YD;,Phage_GPD;RHS_repeat
Clo1313_0876,RS04495,CP002416.1,,1022301,1022759,+,hypothetical protein,No COG annotation,UPI00003C900C,Op587,,,,-
Clo1313_0877,RS04500,CP002416.1,,1023465,1024103,+,hypothetical protein,No COG annotation,UPI0001B1EEBB,Op588,,,,
Clo1313_0878,Clo1313_0878,CP002416.1,,1024123,1024299,+,hypothetical protein,No COG annotation,UPI0001B1EEBA,Op589,,,,
Clo1313_0879,Clo1313_0879,CP002416.1,,1024296,1024574,+,hypothetical protein,No COG annotation,UPI0001B1EEB9,Op590,,,,
Clo1313_0880,RS04510,CP002416.1,,1025177,1031056,+,YD repeat protein,Cell wall/membrane/envelope biogenesis,UPI00003C900B,Op591,,,DUF6531;Haem_d1_sf;Rhs_assc_core;RHS_repeat;T6SS_VgrG/RHS;TEN-like_YD-shell;YD;,Phage_GPD;RHS_repeat
Clo1313_0881,RS04515,CP002416.1,,1031094,1031555,+,hypothetical protein,No COG annotation,UPI0000F2193D,Op591,,,,
Clo1313_0882,Clo1313_0882,CP002416.1,,1031542,1031733,+,hypothetical protein,No COG annotation,UPI0001B1EEB8,Op592,,,,
Clo1313_0883,RS04525,CP002416.1,,1031806,1032150,+,histidine triad (HIT) protein,Nucleotide transport and metabolism,UPI0000537F00,Op593,,,Histidine_triad_HIT;HIT-like;HIT-like_sf;,HIT
Clo1313_0884,RS04530,CP002416.1,,1032340,1034472,+,S-layer domain-containing protein,Function unknown,UPI0001B1EEB7,Op594,,,Cell_Envelope_Struct_Comp;SLH_dom;,SLH
Clo1313_0885,tnpA,CP002416.1,,1034668,1035144,+,transposase IS200-family protein,"Replication, recombination and repair",UPI0001F329F0,Op595,,,Transposase_17;Transposase_17_sf;,Y1_Tnp
Clo1313_0886,RS04540,CP002416.1,,1035379,1036155,+,Protein-tyrosine-phosphatase,Carbohydrate transport and metabolism,UPI0001B1EF97,Op596,,,Caps_polysacc_synth_CpsB/CapC;Pol/histidinol_Pase-like;,-
Clo1313_0887,rfbC,CP002416.1,,1036283,1036834,+,dTDP-4-dehydrorhamnose 3%2C5-epimerase,Cell wall/membrane/envelope biogenesis,UPI00003C9008,Op597,,,RmlC-like;RmlC-like_jellyroll;RmlC_Cupin_sf;,dTDP_sugar_isom
Clo1313_0888,RS04550,CP002416.1,,1036867,1037433,+,hypothetical protein,No COG annotation,UPI000038FCA1,Op597,,,,-
Clo1313_0889,RS04555,CP002416.1,,1037601,1038779,+,hypothetical protein,Amino acid transport and metabolism,UPI0001B1EF51,Op598,,,SGNH_hydro;SGNH_hydro_sf;,Lipase_GDSL_2
Clo1313_0890,RS04560,CP002416.1,,1038918,1040312,+,capsular exopolysaccharide family,"Cell cycle control, cell division, chromosome partitioning",UPI0001B1EF50,Op599,,,AAA_dom;Bact_polysacc_biosynth/exp;GNVR;LPS_length_determ_N;P-loop_NTPase;Wzc-like_C;,AAA_31;GNVR;ParA;Wzz
Clo1313_0891,loaP,CP002416.1,,1040577,1041134,+,NusG antitermination factor,Transcription,UPI000038FC9F,Op600,,,NGN-like_dom;NGN_dom_sf;NusG-like;Rib_uL2_dom2;Transcription_antiterm_LoaP;Translation_prot_SH3-like_sf;,KOW;NusG
Clo1313_0892,RS04570,CP002416.1,,1041314,1042357,+,NAD-dependent epimerase/dehydratase,Cell wall/membrane/envelope biogenesis,UPI000038FC9E,Op601,,,NAD(P)-bd_dom;NAD(P)-bd_dom_sf;,Epimerase;GDP_Man_Dehyd
Clo1313_0893,RS04575,CP002416.1,,1042552,1043043,+,Oligosaccharide biosynthesis protein Alg14 like protein,Cell wall/membrane/envelope biogenesis,UPI00003C9032,Op602,,,Oligosacch_biosynth_Alg14;,Alg14
Clo1313_0894,RS04580,CP002416.1,,1043040,1043534,+,Glycosyltransferase 28 domain,Function unknown,UPI00003C9033,Op602,,,Alg13-like;Cps14G-like;Glyco_trans_28_C;,Glyco_tran_28_C
Clo1313_0895,RS04585,CP002416.1,,1043544,1044434,+,glycosyltransferase,Cell wall/membrane/envelope biogenesis,UPI000038FC9C,Op602,,,ATPgrasp_TupA;,ATPgrasp_TupA
Clo1313_0896,RS04590,CP002416.1,,1044431,1045576,+,glycosyl transferase group 1,Cell wall/membrane/envelope biogenesis,UPI000038FC9B,Op602,,,Glyco_trans_1;Glyco_trans_4-like_N;,Glyco_transf_4;Glycos_transf_1
Clo1313_0897,RS04595,CP002416.1,,1045563,1046468,+,glycosyltransferase,Cell wall/membrane/envelope biogenesis,UPI000038FC9A,Op602,,,ATPgrasp_TupA;,ATPgrasp_TupA
Clo1313_0898,RS04600,CP002416.1,,1046486,1047418,+,glycosyl transferase family 2,Coenzyme transport and metabolism,UPI000038FC99,Op602,,,Glyco_trans_2-like;Nucleotide-diphossugar_trans;,Glycos_transf_2
Clo1313_0899,RS04605,CP002416.1,,1047400,1048671,+,O-antigen polymerase,Cell wall/membrane/envelope biogenesis,UPI0000F218C1,Op602,,,WaaL-like;,Wzy_C
Clo1313_0900,RS04610,CP002416.1,,1048853,1050313,+,polysaccharide biosynthesis protein,Function unknown,UPI00005352B4,Op603,,,Polysacc_synth;PolySynth_Transporter;,Polysacc_synt;Polysacc_synt_C
Clo1313_0901,RS04615,CP002416.1,,1050595,1051920,+,nucleotide sugar dehydrogenase,Cell wall/membrane/envelope biogenesis,UPI0001B1EF4D,Op604,,,6-PGluconate_DH-like_C_sf;NAD(P)-bd_dom_sf;UDP-Glc/GDP-Man;UDP-Glc/GDP-Man_DH_C;UDP-Glc/GDP-Man_DH_C_sf;UDP-Glc/GDP-Man_DH_dimer;UDP-Glc/GDP-Man_DH_N;UDPglc_DH_bac;,UDPG_MGDP_dh;UDPG_MGDP_dh_C;UDPG_MGDP_dh_N
Clo1313_0902,RS04620,CP002416.1,,1051965,1052444,+,VanZ family protein,No COG annotation,UPI0001B1EF4C,Op605,,,Phosphotransbutyrylase;VanZ-LLP1;,VanZ
Clo1313_0903,RS04625,CP002416.1,,1052483,1052887,+,single-strand binding protein,"Replication, recombination and repair",UPI0001B1EF4B,Op605,,,NA-bd_OB-fold;Primosome_PriB/ssb;ssDNA-bd;,SSB
Clo1313_0904,RS04630,CP002416.1,,1052900,1054303,-,exopolysaccharide biosynthesis polyprenyl glycosylphosphotransferase,Cell wall/membrane/envelope biogenesis,UPI000053770F,Op606,,,Bact_transf;EPS_sugar_tfrase;,Bac_transf;CoA_binding_3
Clo1313_0905,RS04635,CP002416.1,,1054803,1054979,+,ribosomal protein S21,"Translation, ribosomal structure and biogenesis",UPI00003C903A,Op607,,,Ribosomal_bS21;Ribosomal_bS21_CS;Ribosomal_bS21_sf;,Ribosomal_S21
Clo1313_0906,RS04640,CP002416.1,,1054996,1055439,+,GatB/YqeY domain protein,Function unknown,UPI000053186B,Op607,,,Asn/Gln_tRNA_amidoTrase-B-like;GatB_Yqey_C_2;YqeY/Aim41;YqeY/Aim41_N;,YqeY
Clo1313_0907,recJ,CP002416.1,,1055605,1058088,+,single-stranded-DNA-specific exonuclease RecJ,"Replication, recombination and repair",UPI0000F218C0,Op608,,,DDH_dom;DHH_sf;DHHA1_dom;RecJ;RecJ_OB;SSDNA_exonuclease_RecJ;,DHH;DHHA1;ssDNA-exonuc_C
Clo1313_0908,RS04650,CP002416.1,,1058156,1058671,+,adenine phosphoribosyltransferase,Nucleotide transport and metabolism,UPI00003C8A6C,Op609,,,Ade_phspho_trans;PRTase-like;PRTase_dom;UPRTase/APRTase;,Pribosyltran
Clo1313_0909,RS04655,CP002416.1,,1058762,1060936,+,(p)ppGpp synthetase I%2C SpoT/RelA,Transcription,UPI0001B1EF4A,Op610,,,ACT-like_dom_sf;ACT_dom;Beta-grasp_dom_sf;HD/PDEase_dom;HD_domain;NT_sf;RelA/Spo_fam;RelA/SpoT_AH_RIS;RelA_SpoT;TGS;TGS-like;TGS_RelA/SpoT;,ACT_4;HD_4;RelA_SpoT;TGS
Clo1313_0910,RS04660,CP002416.1,,1061053,1061502,+,D-tyrosyl-tRNA(Tyr) deacylase,"Translation, ribosomal structure and biogenesis",UPI000038FB43,Op611,,,Daa-tRNA_deacyls_DTD;DTD-like_sf;,Tyr_Deacylase
Clo1313_0911,RS04665,CP002416.1,,1061516,1062121,+,beta-lactamase-like protein,Function unknown,UPI0000534945,Op611,,,MBL_Glyoxalase_II;Metallo-B-lactamas;RibonucZ/Hydroxyglut_hydro;,Lactamase_B
Clo1313_0912,hemZ,CP002416.1,,1062118,1063635,+,Coproporphyrinogen dehydrogenase,Energy production and conversion,UPI0001B1EF49,Op611,,,Coproporphyrinogen-III_oxidase;Elp3/MiaA/NifB-like_rSAM;HemZ;rSAM;rSAM_horseshoe;rSAM_sf;,Radical_SAM
Clo1313_0913,RS04675,CP002416.1,,1064207,1065334,+,hypothetical protein,"Cell cycle control, cell division, chromosome partitioning",UPI00017E5A81,Op612,,,P-loop_NTPase;TadZ-like_ARD;,AAA_31
Clo1313_0914,RS04680,CP002416.1,,1065334,1066572,+,type II secretion system protein E,"Intracellular trafficking, secretion, and vesicular transport",UPI000038FB3F,Op612,,,P-loop_NTPase;T2SS/T4SS_dom;;,T2SSE
Clo1313_0915,RS04685,CP002416.1,,1066598,1067404,+,Type II secretion system F domain,"Intracellular trafficking, secretion, and vesicular transport",UPI000038FB3E,Op612,,,T2SS_GspF_dom;,T2SSF
Clo1313_0916,RS04690,CP002416.1,,1067416,1068285,+,Type II secretion system F domain,Cell motility,UPI00017E566D,Op612,,,T2SS_GspF_dom;,T2SSF
Clo1313_0917,RS04695,CP002416.1,,1068372,1068578,+,hypothetical protein,Function unknown,UPI00017E566C,Op613,,,Flp1-like;,Flp1_like
Clo1313_0918,RS04700,CP002416.1,,1068775,1069476,+,hypothetical protein,Function unknown,UPI000038FB3B,Op614,,,,TadE
Clo1313_0919,RS04705,CP002416.1,,1069528,1070157,+,peptidase A24A prepilin type IV,Cell motility,UPI00003C8A70,Op615,,,Prepilin_IV_endopep_pep;Prepilin_peptidase/N-MTase;,Peptidase_A24
Clo1313_0920,RS04710,CP002416.1,,1070194,1071756,-,Forkhead-associated protein,Signal transduction mechanisms,UPI0001B1EF48,Op616,,,Cell_Proc_Reg/RNA_Proc;DUF6382;FHA_dom;SMAD_FHA_dom_sf;,FHA
Clo1313_0921,RS04715,CP002416.1,,1072201,1073331,+,hypothetical protein,No COG annotation,UPI000038FB38,Op617,,,,-
Clo1313_0922,RS04720,CP002416.1,,1073799,1075052,+,histidyl-tRNA synthetase,"Translation, ribosomal structure and biogenesis",UPI00005324EC,Op618,,,aa-tRNA-synth_II;aa-tRNA-synth_II/BPL/LPL;Anticodon-bd;Anticodon-bd_dom_sf;His-tRNA-ligase;HisRS-like_core;HisRS/HisZ;HisRS_anticodon;,HGTP_anticodon;tRNA-synt_His
Clo1313_0923,aspS,CP002416.1,,1075103,1076890,+,aspartyl-tRNA synthetase,"Translation, ribosomal structure and biogenesis",UPI00017E566A,Op618,,,Aa-tRNA-synt_II;aa-tRNA-synth_II;aa-tRNA-synth_II/BPL/LPL;Asp-tRNA-ligase_1;Asp-tRNA-ligase_1_N;Asp/Asn-tRNA-synth_IIb;AspRS_core;GAD-like_sf;GAD_dom;NA-bd_OB-fold;NA-bd_OB_tRNA;,GAD;tRNA-synt_2;tRNA_anti-codon
Clo1313_0924,lepB,CP002416.1,,1077166,1077726,+,signal peptidase I,"Intracellular trafficking, secretion, and vesicular transport",UPI0001F32A1F,Op619,,,,Peptidase_S24
Clo1313_0925,RS04735,CP002416.1,,1078042,1082343,+,CoA-substrate-specific enzyme activase,Lipid transport and metabolism,UPI0001B1EF19,Op620,,,ATPase_BadF;ATPase_NBD;CoA_activase_DUF2229;Dehydratase_Activator_Redct;,BcrAD_BadFG;DUF2229;HGD-D
Clo1313_0926,RS04740,CP002416.1,,1082514,1082723,-,hypothetical protein,No COG annotation,UPI00017E5668,Op621,,,,-
Clo1313_0927,RS04745,CP002416.1,,1083136,1084413,+,stage II sporulation protein P,Cell wall/membrane/envelope biogenesis,UPI000038FDD2,Op622,,,Spore_II_P;,SpoIIP
Clo1313_0928,RS04750,CP002416.1,,1084531,1084812,+,conserved hypothetical protein,No COG annotation,UPI00017E5667,Op623,,,,-
Clo1313_0929,lepA,CP002416.1,,1084988,1086799,+,GTP-binding protein LepA,Cell wall/membrane/envelope biogenesis,UPI000038FDD0,Op624,GTP binding; GTPase activity; ribosome binding; translation elongation factor activity,positive regulation of translation,EF-4;EFG_III/V;EFG_V-like;EFTu-like_2;G_TR_CS;LepA_C_sf;LepA_CTD;LepA_IV;P-loop_NTPase;Small_GTP-bd;T_Tr_GTP-bd_dom;Transl_B-barrel_sf;,EFG_C;GTP_EFTU;GTP_EFTU_D2;LepA_C
Clo1313_0930,RS04760,CP002416.1,,1086864,1088006,+,oxygen-independent coproporphyrinogen III oxidase,Coenzyme transport and metabolism,UPI00003C8A74,Op625,,,Aldolase_TIM;Coproporphyrinogen-III_oxidase;Elp3/MiaA/NifB-like_rSAM;HemN_C;HemW-like;rSAM;rSAM_sf;,HemN_C;Radical_SAM
Clo1313_0931,hrcA,CP002416.1,,1088149,1089204,+,heat-inducible transcription repressor HrcA,Transcription,UPI00003C8A75,Op626,DNA binding,negative regulation of DNA-templated transcription,GAF-like_dom_sf;HrcA;HrcA_C;WH-like_DNA-bd_sf;WH_DNA-bd_sf;WHTH_transcript_rep_HrcA_IDD;,HrcA;HrcA_DNA-bdg
Clo1313_0932,grpE,CP002416.1,,1089315,1089995,+,GrpE protein,"Post-translational modification, protein turnover, and chaperones",UPI0001B1EF18,Op627,adenyl-nucleotide exchange factor activity; protein homodimerization activity; protein-folding chaperone binding; unfolded protein binding,protein folding,GrpE;GrpE_CC;GrpE_head;,GrpE
Clo1313_0933,dnaK,CP002416.1,,1090092,1091918,+,chaperone protein DnaK,"Post-translational modification, protein turnover, and chaperones",UPI00003C8A77,Op628,ATP binding; ATP-dependent protein folding chaperone; unfolded protein binding,,ATPase_NBD;Chaperone_DnaK;Heat_shock_70_CS;HSP70_C_sf;HSP70_peptide-bd_sf;Hsp_70_fam;,HSP70
Clo1313_0934,dnaJ,CP002416.1,,1092127,1093287,+,chaperone protein DnaJ,"Post-translational modification, protein turnover, and chaperones",UPI000038FCB9,Op628,ATP binding; heat shock protein binding; unfolded protein binding; zinc ion binding,DNA replication; protein refolding; response to heat,DnaJ;DnaJ_C;DnaJ_domain;DnaJ_domain_CS;HSP40/DnaJ_pept-bd;HSP_DnaJ_Cys-rich_dom;HSP_DnaJ_Cys-rich_dom_sf;J_dom_sf;,DnaJ;DnaJ_C;DnaJ_CXXCXGXG
Clo1313_0935,prmA,CP002416.1,,1093305,1094246,+,ribosomal protein L11 methyltransferase,"Translation, ribosomal structure and biogenesis",UPI000038FCBA,Op628,protein methyltransferase activity;protein-lysine N-methyltransferase activity,methylation,Ribosomal_L11_MeTrfase_PrmA;Ribosomal_PrmA_MeTrfase;SAM-dependent_MTases_sf;,PrmA
Clo1313_0936,RS04790,CP002416.1,,1094228,1094971,+,protein of unknown function DUF558,"Translation, ribosomal structure and biogenesis",UPI00003C8A78,Op628,,,Alpha/beta_knot_MTases;PUA-like_sf;RsmE;RsmE_MTase_dom;RsmE_PUA-like;tRNA_m1G_MTases_N;,Methyltrans_RNA
Clo1313_0937,RS04795,CP002416.1,,1094968,1095339,+,response regulator receiver protein,Signal transduction mechanisms,UPI000038FCBC,Op628,,,CheY-like_superfamily;Sig_transdc_resp-reg_receiver;,Response_reg
Clo1313_0938,Clo1313_0938,CP002416.1,,1095417,1095620,+,hypothetical protein,No COG annotation,UPI00017E5261,Op629,,,,
Clo1313_0939,RS04805,CP002416.1,,1095690,1096574,+,YicC-like domain-containing protein,Function unknown,UPI000038FCBD,Op630,,,YicC-like_C;YicC-like_N;YicC/YloC-like;,DUF1732;YicC_N
Clo1313_0940,RS04810,CP002416.1,,1096593,1096874,+,protein of unknown function DUF370,Function unknown,UPI000038FCBE,Op630,,,RemA-like;,DUF370
Clo1313_0941,gmk,CP002416.1,,1096887,1097498,+,guanylate kinase,Nucleotide transport and metabolism,UPI0001B1EF17,Op630,ATP binding; GMP kinase activity,,GK/Ca_channel_bsu;Guanylate_kin-like_dom;Guanylate_kinase;Guanylate_kinase_CS;P-loop_NTPase;,Guanylate_kin
Clo1313_0942,RS04820,CP002416.1,,1097558,1097794,+,DNA-directed RNA polymerase%2C omega subunit,Transcription,UPI000038FCC0,Op631,,,DNA-dir_RNA_pol_omega;Pol_omega/Rpo6/RPB6;RPB6/omega-like_sf;,RNA_pol_Rpb6
Clo1313_0943,coaBC,CP002416.1,,1097888,1099189,+,phosphopantothenoylcysteine decarboxylase/phosphopantothenate/cysteine ligase,Coenzyme transport and metabolism,UPI00005366A1,Op632,FMN binding; metal ion binding; phosphopantothenate--cysteine ligase activity; phosphopantothenoylcysteine decarboxylase activity,coenzyme A biosynthetic process; pantothenate catabolic process,CoaB-like_sf;CoaBC;DNA/pantothenate-metab_flavo_C;Flavin_trans-like;Flavoprotein;,DFP;Flavoprotein
Clo1313_0944,RS04830,CP002416.1,,1099331,1100719,+,glycyl-tRNA synthetase,"Translation, ribosomal structure and biogenesis",UPI000038FCC2,Op633,,,aa-tRNA-synt_IIb;aa-tRNA-synth_II;aa-tRNA-synth_II/BPL/LPL;Anticodon-bd;Anticodon-bd_dom_sf;Gly-tRNA_synthase/POLG2;Gly_tRNA_ligase_bac;GlyRS-like_core;tRNA-synt_gly;,HGTP_anticodon;tRNA-synt_2b
Clo1313_0945,RS04835,CP002416.1,,1100889,1102220,+,signal transduction histidine kinase regulating citrate/malate metabolism,Signal transduction mechanisms,UPI0001B1EF16,Op634,,,HATPase_C_sf;NatK-like_C;,HATPase_c_5
Clo1313_0946,RS15575,CP002416.1,,1102317,1102481,-,hypothetical protein,No COG annotation,UPI00003C8A7C,Op635,,,AgrD;,
Clo1313_0947,RS04840,CP002416.1,,1102526,1103125,-,Accessory gene regulator B,Transcription,UPI0001B1EF15,Op636,,,AgrB;,AgrB
Clo1313_0948,RS04845,CP002416.1,,1103152,1104225,-,Radical SAM domain protein,Energy production and conversion,UPI0000537507,Op636,,,4Fe4S-binding_SPASM_dom;Aldolase_TIM;Elp3/MiaA/NifB-like_rSAM;PqqE-like;Radical_SAM_PqqE_MftC-like;rSAM;rSAM_sf;,Fer4_12;Fer4_14;Radical_SAM;SPASM
Clo1313_0949,RS04850,CP002416.1,,1104737,1107388,+,pyruvate%2C phosphate dikinase,Carbohydrate transport and metabolism,UPI0001B1EF14,Op637,,,ATP_grasp_subdomain_1;PEP-util_enz_mobile_dom;PEP_util_AS;PEP_util_C;PEP_util_CS;Phosphohistidine_dom_sf;PPDK_AMP/ATP-bd;Pyruvate_phosphate_dikinase;Pyrv/PenolPyrv_kinase-like_dom;Pyrv_kinase-like_dom_sf;,PEP-utilizers;PEP-utilizers_C;PPDK_N
Clo1313_0950,RS04855,CP002416.1,,1108020,1109915,+,cellulosome anchoring protein cohesin region,Function unknown,UPI0001B1EF13,Op638,,,CBM2/CBM3_carb-bd_dom_sf;Cell_Envelope_Struct_Comp;Cohesin_dom;SLH_dom;,ASH;Cohesin;He_PIG;SLH;fn3
Clo1313_0951,RS04865,CP002416.1,,1110308,1110709,-,hypothetical protein,No COG annotation,UPI00003C8A7E,Op639,,,,-
Clo1313_0952,RS04870,CP002416.1,,1110935,1111282,+,Cupin 2 conserved barrel domain protein,Carbohydrate transport and metabolism,UPI00003C8A7F,Op640,,,Cupin_2;GPI/OXD;RmlC-like_jellyroll;RmlC_Cupin_sf;,Cupin_2
Clo1313_0953,RS04875,CP002416.1,,1111711,1113084,+,PhoH family protein,Signal transduction mechanisms,UPI0000F218A4,Op641,,,P-loop_NTPase;PhoH;PhoH2-like;PIN-like_dom_sf;PIN_dom;,PIN_4;PhoH
Clo1313_0954,RS04880,CP002416.1,,1113269,1114495,+,glycosyl transferase group 1,Carbohydrate transport and metabolism,UPI00017E628F,Op642,,,Glyco_trans_1;Glyco_trans_4-like_N;Glycosyltransferase_grp1;,Glyco_transf_4;Glycos_transf_1
Clo1313_0955,RS04885,CP002416.1,,1115094,1116761,+,RNA-metabolising metallo-beta-lactamase,Function unknown,UPI000038F682,Op643,,,Metallo-B-lactamas;RibonucZ/Hydroxyglut_hydro;RMMBL;RNase_J;RNase_J_2;RNase_J_b_CASP;RNase_J_bac;RNase_J_C;,Lactamase_B;Lactamase_B_2;RMMBL
Clo1313_0956,RS04890,CP002416.1,,1116939,1118186,-,protein of unknown function DUF795,Function unknown,UPI0001F32A48,Op644,,,Rossmann-like_a/b/a_fold;tRNA(Met)_cyd_acetate_ligase;,HIGH_NTase1
Clo1313_0957,RS04895,CP002416.1,,1118317,1119315,-,hypothetical protein,No COG annotation,UPI00003C8A82,Op645,,,,-
Clo1313_0958,RS04900,CP002416.1,,1119635,1119949,+,hypothetical protein,No COG annotation,UPI000038F685,Op646,,,,-
Clo1313_0959,RS04905,CP002416.1,,1120054,1120371,+,Ribosomal protein L25-like protein,"Translation, ribosomal structure and biogenesis",UPI000038F686,Op647,,,Rbsml_bL25/Gln-tRNA_synth_N;Ribosomal_bL25/Gln-tRNA_synth;Ribosomal_L25_dom;Ribosomal_uL5_bact;,Ribosomal_L25p;Ribosomal_TL5_C
Clo1313_0960,cobT,CP002416.1,,1120560,1121615,+,nicotinate-nucleotide/dimethylbenzimidazole phosphoribosyltransferase,Coenzyme transport and metabolism,UPI00005350A6,Op648,nicotinate-nucleotide-dimethylbenzimidazole phosphoribosyltransferase activity,cobalamin biosynthetic process,Nict_dMeBzImd_PRibTrfase;Nict_dMeBzImd_PRibTrfase_bact;Nict_dMeBzImd_PRibTrfase_N;Nict_dMeBzImd_PRibTrfase_sf;,DBI_PRT
Clo1313_0961,RS04915,CP002416.1,,1121731,1122417,+,hypothetical protein,No COG annotation,UPI000038FD6D,Op649,,,,-
Clo1313_0962,RS04920,CP002416.1,,1122508,1123083,+,5-formyltetrahydrofolate cyclo-ligase,Coenzyme transport and metabolism,UPI0000535F92,Op650,,,FTHF_cligase;FTHF_cligase-like_sf;NagB/RpiA_transferase-like;,5-FTHF_cyc-lig
Clo1313_0963,Clo1313_0963,CP002416.1,,1123174,1123290,+,hypothetical protein,No COG annotation,UPI00017E628D,Op651,,,,
Clo1313_0964,RS04925,CP002416.1,,1123317,1124861,+,Recombinase,"Replication, recombination and repair",UPI0001F32A49,Op652,,,,Recombinase;Resolvase;Zn_ribbon_recom
Clo1313_0965,RS04930,CP002416.1,,1125068,1126075,+,metal dependent phosphohydrolase,Signal transduction mechanisms,UPI000038FD6A,Op653,,,HD/PDEase_dom;HD_domain;HD_GYP_dom;,HD;HD_5
Clo1313_0966,RS04935,CP002416.1,,1126140,1127348,-,proposed homoserine kinase,Carbohydrate transport and metabolism,UPI000038FD69,Op654,,,Alkaline_phosphatase_core_sf;ApgAM_prokaryotes;Metalloenzyme;Pglycerate_mutase_ApgM;Pglycerate_mutase_ApgM_sf;,Metalloenzyme;PhosphMutase
Clo1313_0967,RS04940,CP002416.1,,1127575,1128441,+,amidohydrolase 2,Function unknown,UPI000038FD68,Op655,,,ACMSD;Amidohydro-rel;Metal_Hydrolase;,Amidohydro_2
Clo1313_0968,RS04945,CP002416.1,,1128491,1128832,-,hypothetical protein,No COG annotation,UPI00003C8A84,Op656,,,Na_pump_deCOase;,-
Clo1313_0969,RS04950,CP002416.1,,1129132,1129320,+,hypothetical protein,No COG annotation,UPI00017E628C,Op657,,,,-
Clo1313_0970,RS04955,CP002416.1,,1129386,1130072,+,two component transcriptional regulator%2C winged helix family,Signal transduction mechanisms,UPI00003C8A86,Op658,,,CheY-like_superfamily;OmpR/PhoB-type_DNA-bd;Sig_transdc_resp-reg_C-effctor;Sig_transdc_resp-reg_receiver;WalR-like;WH-like_DNA-bd_sf;,Response_reg;Trans_reg_C
Clo1313_0971,RS04960,CP002416.1,,1130072,1131586,+,integral membrane sensor signal transduction histidine kinase,Signal transduction mechanisms,UPI0001B1ED0E,Op658,,,HAMP_dom;HATPase_C_sf;HATPase_dom;His_kinase_dom;HisK_dim/P_dom;HisK_dim/P_sf;HssS/ArlS-like;Sig_transdc_His_kin-like_C;,HAMP;HATPase_c;HisKA
Clo1313_0972,RS04965,CP002416.1,,1131697,1133226,+,peptidase S1 and S6 chymotrypsin/Hap,"Post-translational modification, protein turnover, and chaperones",UPI000053167A,Op659,,,Chloro_Bact_Ser_Proteases;PDZ;PDZ_sf;Peptidase_S1_PA;Peptidase_S1C;,PDZ_2;Trypsin_2
Clo1313_0973,RS04970,CP002416.1,,1133410,1134807,+,metal dependent phosphohydrolase,Signal transduction mechanisms,UPI0001F32A4A,Op660,,,GAF;GAF-like_dom_sf;HD/PDEase_dom;HD_GYP_dom;,HD;dCache_1
Clo1313_0974,glgA,CP002416.1,,1134948,1136414,+,glycogen/starch synthase%2C ADP-glucose type,Carbohydrate transport and metabolism,UPI000038FC89,Op661,,,Glyco_trans_1;GS/SS;Starch_synth_cat_dom;,Glyco_transf_5;Glycos_transf_1;HHH_3
Clo1313_0975,nth,CP002416.1,,1136555,1137196,+,endonuclease III,"Replication, recombination and repair",UPI0000533AC7,Op662,"4 iron, 4 sulfur cluster binding; class I DNA-(apurinic or apyrimidinic site) endonuclease activity; DNA binding; DNA N-glycosylase activity; metal ion binding","base-excision repair, AP site formation",DNA_glycosylase;Endonuclease-III-like_CS2;Endonuclease3_FeS-loop_motif;HhH-GPD_domain;HhH_base_excis_C;HhH_motif;Nth;,EndIII_4Fe-2S;HhH-GPD
Clo1313_0976,RS04985,CP002416.1,,1137240,1138919,+,diguanylate cyclase with GAF sensor,Signal transduction mechanisms,UPI00003C8A88,Op663,,,Diguanylate_Cyclase;GAF;GAF-like_dom_sf;GGDEF_dom;Nucleotide_cyclase;Rev_trsase/Diguanyl_cyclase;,GGDEF
Clo1313_0977,RS04990,CP002416.1,,1138978,1139673,-,hypothetical protein,No COG annotation,UPI0000531674,Op664,,,,PsbP
Clo1313_0978,RS04995,CP002416.1,,1139804,1140067,+,transglycosylase-associated protein,Function unknown,UPI00005324EE,Op665,,,,Transgly_assoc
Clo1313_0979,RS05000,CP002416.1,,1140332,1140520,-,ribosomal protein L28,"Translation, ribosomal structure and biogenesis",UPI00003C8A8A,Op666,,,Bacterial_rp_bL28;Ribosomal_bL28;Ribosomal_bL28/bL31-like_sf;Ribosomal_bL28_bact;Ribosomal_bL28_sf;,Ribosomal_L28
Clo1313_0980,recG,CP002416.1,,1140738,1142822,+,ATP-dependent DNA helicase RecG,"Replication, recombination and repair",UPI0000531D8F,Op667,,,ATP-dep_DNA_helicase_RecG;DEAD/DEAH_box_helicase_dom;Helicase_ATP-bd;Helicase_C-like;NA-bd_OB-fold;P-loop_NTPase;RecG/Mfd;RecG_dom3_C;RecG_wedge;,DEAD;Helicase_C;RecG_wedge
Clo1313_0981,rsmD,CP002416.1,,1142894,1143469,+,methyltransferase,"Replication, recombination and repair",UPI00003C8A8D,Op668,,,DNA_methylase_N6_adenine_CS;RNA_MeTrfase_RsmD;SAM-dependent_MTases_sf;,Cons_hypoth95
Clo1313_0982,coaD,CP002416.1,,1143508,1143987,+,pantetheine-phosphate adenylyltransferase,Coenzyme transport and metabolism,UPI000038F688,Op668,ATP binding; pantetheine-phosphate adenylyltransferase activity,coenzyme A biosynthetic process,Cyt_trans-like;PPAT;Rossmann-like_a/b/a_fold;,CTP_transf_like
Clo1313_0983,RS05020,CP002416.1,,1143990,1144454,+,H+-ATPase subunit H,Energy production and conversion,UPI0001F32A73,Op668,,,,-
Clo1313_0984,ylbJ,CP002416.1,,1144477,1145784,-,sporulation integral membrane protein YlbJ,Function unknown,UPI00003C8A8E,Op669,,,Gate_dom;Spore_IM_YlbJ;,Gate
Clo1313_0985,RS05030,CP002416.1,,1145933,1147378,-,alpha-L-arabinofuranosidase B,Amino acid transport and metabolism,UPI000038F68A,Op670,,,AbfB_ABD;AbfB_ABD_sf;Anti-sigma_RsgI_N;RsgI_M;,AbfB;RsgI_N
Clo1313_0986,RS05035,CP002416.1,,1147476,1148213,-,RNA polymerase%2C sigma 28 subunit%2C FliA/WhiG subfamily,Transcription,UPI000038F68B,Op671,,,RNA_pol_sigma-I;RNA_pol_sigma70_r2;RNA_pol_sigma_r2;,Sigma70_r2
Clo1313_0987,RS05040,CP002416.1,,1148345,1150384,-,Carbohydrate binding family 6,Carbohydrate transport and metabolism,UPI000038F68C,Op672,,,CBM6;Cellulose-bd_IV;Dockerin_1_rpt;Dockerin_dom;Dockerin_dom_sf;EF_Hand_1_Ca_BS;Galactose-bd-like_sf;Glyco_hydro_43;Glyco_hydro_beta-prop_sf;Glycosyl_Hydrlase_43_Enz;,AbfB;Big_3;CBM_2;CBM_4_9;CBM_6;Dockerin_1;Esterase;Glyco_hydro_43;RicinB_lectin_2
Clo1313_0988,RS05045,CP002416.1,,1150607,1151830,-,proteinase inhibitor I4 serpin,"Post-translational modification, protein turnover, and chaperones",UPI0000534222,Op673,,,Serpin_CS;Serpin_dom;Serpin_fam;Serpin_sf;Serpin_sf_1;Serpin_sf_2;,Dockerin_1;Serpin
Clo1313_0989,RS05050,CP002416.1,,1151911,1153194,-,iron-sulfur cluster-binding protein,Function unknown,UPI000038F68E,Op674,,,DUF362;,DUF362
Clo1313_0990,RS05055,CP002416.1,,1153421,1154599,+,DegS sensor signal transduction histidine kinase,Signal transduction mechanisms,UPI0001B1ED09,Op675,,,DegS;HATPase_C_sf;HATPase_dom;His_kinase_dom;Sensor_HK_TwoCompSys;Sig_transdc_His_kin-like_C;Sig_transdc_His_kin_sub3_dim/P;Sig_transdc_His_kinase_DegS;,DegS;HATPase_c;HisKA_3
Clo1313_0991,RS05060,CP002416.1,,1154592,1155242,+,two component transcriptional regulator%2C LuxR family,Transcription,UPI000038F690,Op675,,,CheY-like_superfamily;NreC/VraR/RcsB-like_REC;Sig_transdc_resp-reg_C-effctor;Sig_transdc_resp-reg_receiver;Tscrpt_reg_LuxR_C;WalR-like;,GerE;Response_reg
Clo1313_0992,RS05065,CP002416.1,,1155607,1158075,+,methyl-accepting chemotaxis sensory transducer,Cell motility,UPI0001B1F07B,Op676,,,dCache_1;HAMP_dom;MCPsignal_dom;,MCPsignal;dCache_1
Clo1313_0993,RS05070,CP002416.1,,1158183,1159919,+,phosphoglucomutase/phosphomannomutase alpha/beta/alpha domain I,Carbohydrate transport and metabolism,UPI00017E35C0,Op677,,,A-D-PHexomutase_a/b/a-I;A-D-PHexomutase_a/b/a-I/II/III;A-D-PHexomutase_a/b/a-II;A-D-PHexomutase_a/b/a-III;A-D-PHexomutase_C;A-D-PHexomutase_C_sf;A-D-PHexomutase_CS;Alpha-D-phosphohexomutase_SF;,PGM_PMM_I;PGM_PMM_II;PGM_PMM_III;PGM_PMM_IV
Clo1313_0994,RS05075,CP002416.1,,1160243,1163788,+,DNA polymerase III%2C alpha subunit,"Replication, recombination and repair",UPI0001B1F07A,Op678,,,DNA_pol3_alpha_NTPase_dom;DNA_pol3_alpha_thumb_dom;DNA_pol3_finger;DnaE2/DnaE/PolC;DNAPol_HHH;NA-bd_OB-fold;NA-bd_OB_tRNA;PHP_dom;Pol/His_phosphatase_N;Pol/histidinol_Pase-like;,DNA_pol3_alpha;HHH_6;PHP;tRNA_anti-codon
Clo1313_0995,mtrB,CP002416.1,,1163868,1164089,+,tryptophan RNA-binding attenuator protein,Transcription,UPI00003C8A93,Op679,,,MtrB;Trp_RNA-bd_attenuator-like_dom;Trp_RNA-bd_attenuator_dom;,TrpBP
Clo1313_0996,RS05085,CP002416.1,,1164111,1164308,+,hypothetical protein,No COG annotation,UPI00003C8A94,Op679,,,,-
Clo1313_0997,pfkA,CP002416.1,,1164394,1165368,+,6-phosphofructokinase,Coenzyme transport and metabolism,UPI000038F695,Op680,6-phosphofructokinase activity; AMP binding; ATP binding; fructose-6-phosphate binding; identical protein binding; metal ion binding; monosaccharide binding,"canonical glycolysis; fructose 1,6-bisphosphate metabolic process; fructose 6-phosphate metabolic process",ATP_PFK;ATP_PFK_prok-type;PFKA_ATP_prok;Phosphofructokinase_CS;Phosphofructokinase_dom;PKF_sf;,PFK
Clo1313_0998,RS05095,CP002416.1,,1165490,1165906,+,thioesterase superfamily protein,Function unknown,UPI00003C8A95,Op681,,,4-hydroxybenzoyl-CoA_TE;HotDog_dom_sf;YbgC/YbaW;,4HBT;4HBT_2
Clo1313_0999,RS05100,CP002416.1,,1165938,1166480,+,CDP-alcohol phosphatidyltransferase,Lipid transport and metabolism,UPI000038F697,Op681,,,CDP-alcohol_PTase-I;CDP-OH_P_trans;CDP-OH_PTrfase_TM_dom;CDP_ALCOHOL_P_TRANSF_CS;Phosphatidylglycerol_P_synth;,CDP-OH_P_transf
Clo1313_1000,RS05105,CP002416.1,,1166887,1167666,+,copper amine oxidase-like domain-containing protein,Function unknown,UPI0000534226,Op682,,,Cu_amine_oxidase-like_N;Mao_N_sf;,Cu_amine_oxidN1;Glyco_hydro_18
Clo1313_1001,RS05110,CP002416.1,,1167786,1170938,+,Carbohydrate-binding CenC domain protein,Carbohydrate transport and metabolism,UPI0001B1F079,Op683,,,CBM2/CBM3_carb-bd_dom_sf;CBM3;CBM3_sf;CenC_carb-bd;Galactose-bd-like_sf;VWF_A;vWFA_dom_sf;,CBM_3;CBM_4_9;VWA
Clo1313_1002,RS05115,CP002416.1,,1171005,1173272,+,glycoside hydrolase family 3 domain protein,Carbohydrate transport and metabolism,UPI000053581D,Op684,,,Cellulose_deg_GH3;Fn3-like;GH_hydrolase_sf;Glyco_hydro_3_AS;Glyco_hydro_3_C;Glyco_hydro_3_C_sf;Glyco_hydro_3_N;Glyco_hydro_3_N_sf;Ig-like_fold;,Fn3-like;Glyco_hydro_3;Glyco_hydro_3_C
Clo1313_1003,RS05120,CP002416.1,,1173606,1174061,-,hypothetical protein,No COG annotation,UPI000038F69B,Op685,,,,-
Clo1313_1004,RS15580,CP002416.1,,1174307,1174600,-,hypothetical protein,Function unknown,UPI00017E17E6,Op686,,,GerY;,YmaF
Clo1313_1005,RS05125,CP002416.1,,1174912,1177494,+,pyruvate phosphate dikinase PEP/pyruvate-binding protein,Carbohydrate transport and metabolism,UPI0001B1F078,Op687,,,ATP_grasp_subdomain_1;PEP_synth;PPDK_AMP/ATP-bd;,PPDK_N
Clo1313_1006,RS05130,CP002416.1,,1177821,1178831,+,Auxin Efflux Carrier,Function unknown,UPI00017E17E5,Op688,,,Mem_transp_PIN-like;Na+/solute_symporter_sf;,Mem_trans
Clo1313_1007,RS05135,CP002416.1,,1179126,1180523,+,Xanthine/uracil/vitamin C permease,Function unknown,UPI00003C8A99,Op689,,,Azg-like;Azg-like_bact_archaea;NCS2;,Xan_ur_permease
Clo1313_1008,purE,CP002416.1,,1180661,1181182,+,phosphoribosylaminoimidazole carboxylase%2C catalytic subunit,Nucleotide transport and metabolism,UPI000038F7D4,Op690,5-(carboxyamino)imidazole ribonucleotide mutase activity;5-(carboxyamino)imidazole ribonucleotide mutase activity; lyase activity,'de novo' IMP biosynthetic process,PurE_ClassI;PurE_dom;PurE_prokaryotes;,AIRC
Clo1313_1009,RS05145,CP002416.1,,1181233,1182699,+,amidophosphoribosyltransferase,Nucleotide transport and metabolism,UPI0001B1F077,Op690,,,,GATase_6;GATase_7;Pribosyltran
Clo1313_1010,RS05150,CP002416.1,,1182792,1183814,+,phosphoribosylformylglycinamidine cyclo-ligase,Nucleotide transport and metabolism,UPI000038F7D2,Op690,,,PurM-like_C_dom;PurM-like_C_sf;PurM-like_N;PurM-like_N_sf;PurM_cligase;,AIRS;AIRS_C
Clo1313_1011,RS05155,CP002416.1,,1183808,1184437,+,phosphoribosylglycinamide formyltransferase,Nucleotide transport and metabolism,UPI0001B1F076,Op690,,,Formyl_transf_N;Formyl_transf_N_sf;GART;,Formyl_trans_N
Clo1313_1012,purH,CP002416.1,,1184501,1186045,+,phosphoribosylaminoimidazolecarboxamide formyltransferase/IMP cyclohydrolase,Nucleotide transport and metabolism,UPI0001B1F075,Op690,IMP cyclohydrolase activity; phosphoribosylaminoimidazolecarboxamide formyltransferase activity,'de novo' IMP biosynthetic process,AICAR_Tfase_dup_dom_sf;Cytidine_deaminase-like;MGS-like_dom;MGS-like_dom_sf;PurH-like;,AICARFT_IMPCHas;MGS
Clo1313_1013,purD,CP002416.1,,1186070,1187329,+,phosphoribosylamine/glycine ligase,Nucleotide transport and metabolism,UPI000038F69E,Op690,ATP binding; metal ion binding; phosphoribosylamine-glycine ligase activity,'de novo' IMP biosynthetic process; purine nucleobase biosynthetic process,ATP-grasp;ATP_grasp_subdomain_1;PreATP-grasp_dom_sf;PRibGlycinamid_synth_ATP-grasp;PRibGlycinamide_synth;PRibGlycinamide_synth_C-dom;PRibGlycinamide_synth_C_sf;PRibGlycinamide_synth_CS;PRibGlycinamide_synth_N;Rudment_hybrid_motif;,GARS_A;GARS_C;GARS_N
Clo1313_1014,RS05170,CP002416.1,,1187376,1188548,-,glycosyl transferase family 2,Function unknown,UPI0001B1F074,Op691,,,Glyco_trans_2-like;Nucleotide-diphossugar_trans;TPR-like_helical_dom_sf;TPR_2;TPR_rpt;,Glyco_tranf_2_5;Glycos_transf_2
Clo1313_1015,RS05175,CP002416.1,,1189239,1189700,+,GCN5-related N-acetyltransferase,Transcription,UPI000038F6A0,Op692,,,Acyl_CoA_acyltransferase;GNAT_dom;NAT_camello-type;,Acetyltransf_10
Clo1313_1016,RS05180,CP002416.1,,1189849,1190469,+,nicotinate (nicotinamide) nucleotide adenylyltransferase,Coenzyme transport and metabolism,UPI000038F6A1,Op693,,,Cyt_trans-like;NadD/NMNAT;Rossmann-like_a/b/a_fold;,CTP_transf_like
Clo1313_1017,yqeK,CP002416.1,,1190614,1191183,+,metal dependent phosphohydrolase,Coenzyme transport and metabolism,UPI00017E2152,Op694,,,Diverse_Catalytic_Enzymes;HD/PDEase_dom;HD_domain;HDIG_dom;YqeK;,CTP_transf_like;HD
Clo1313_1018,RS05190,CP002416.1,,1191212,1191808,+,hypothetical protein,Function unknown,UPI0001B1F073,Op694,,,LytR/CpsA/Psr_C;,LytR_C
Clo1313_1019,rsfS,CP002416.1,,1191970,1192311,+,iojap-like protein,"Translation, ribosomal structure and biogenesis",UPI0001B1F072,Op695,ribosomal large subunit binding,cytosolic ribosome assembly; negative regulation of ribosome biogenesis; negative regulation of translation,Iojap/RsfS/C7orf30;NT_sf;,RsfS
Clo1313_1020,RS05200,CP002416.1,,1192428,1194905,+,leucyl-tRNA synthetase,"Translation, ribosomal structure and biogenesis",UPI000038F6A5,Op696,,,aa-tRNA-synth_I_CS;aa-tRNA-synth_Ia;Leu-tRNA-ligase;Leu_tRNA-synth_edit;M/V/L/I-tRNA-synth_anticd-bd;Methionyl/Leucyl_tRNA_Synth;Rossmann-like_a/b/a_fold;tRNAsynth_Ia_anticodon-bd;Val/Leu/Ile-tRNA-synth_edit;,Anticodon_1;tRNA-synt_1;tRNA-synt_1_2
Clo1313_1021,RS05205,CP002416.1,,1195192,1219059,+,PKD domain containing protein,Cell wall/membrane/envelope biogenesis,UPI0001F41E65,Op697,,,,CARDB;PKD;Paired_CXXCH_1;SLH;fn3
Clo1313_1022,RS05210,CP002416.1,,1219141,1219911,-,methyl-accepting chemotaxis sensory transducer,Cell motility,UPI0001B1ED43,Op698,,,MCPsignal_dom;,MCPsignal
Clo1313_1023,RS05215,CP002416.1,,1220006,1220449,-,hypothetical protein,Cell motility,UPI00017E214F,Op699,,,,MCPsignal
Clo1313_1024,RS05220,CP002416.1,,1220864,1222594,-,AMP-dependent synthetase and ligase,Lipid transport and metabolism,UPI00017E214E,Op700,,,AMP-b_sf;AMP-binding_CS;AMP-dep_synth/lig_dom;ANL_N_sf;,AMP-binding;AMP-binding_C
Clo1313_1025,RS05225,CP002416.1,,1222860,1224158,-,peptidase S11 D-alanyl-D-alanine carboxypeptidase 1,Cell wall/membrane/envelope biogenesis,UPI000038F7CD,Op701,,,Beta-lactam/transpept-like;Peniciliin-bd_prot_C_sf;Peptidase_S11;Peptidase_S11_C;Peptidase_S11_C_sf;Peptidase_S11_N;,PBP5_C;Peptidase_S11
Clo1313_1026,RS05230,CP002416.1,,1224437,1225327,+,competence protein ComEA helix-hairpin-helix repeat protein,"Replication, recombination and repair",UPI0000F2189B,Op702,,,Competence_ComEA_HhH;Endo/Exo/Phosphatase_dom_1;Hlx-hairpin-Hlx_DNA-bd_motif;RuvA_2-like;Soluble_ligand-bd;,HHH_3;SLBB
Clo1313_1027,RS05235,CP002416.1,,1225486,1226103,+,Lipoprotein LpqB%2C GerMN domain,Function unknown,UPI00003C8BFB,Op703,,,GerMN;,Germane
Clo1313_1028,Clo1313_1028,CP002416.1,,1226165,1226320,-,hypothetical protein,No COG annotation,UPI0001F32AA1,Op704,,,,
Clo1313_1029,thrS,CP002416.1,,1226910,1228817,+,threonyl-tRNA synthetase,"Translation, ribosomal structure and biogenesis",UPI00003C8BFA,Op705,"ATP binding; catalytic activity, acting on a protein; hydrolase activity; metal ion binding; threonine-tRNA ligase activity; transferase activity; tRNA binding;ATP binding; catalytic activity, acting on a protein; metal ion binding; threonine-tRNA ligase activity; transferase activity; tRNA binding",threonyl-tRNA aminoacylation,aa-tRNA-synt_IIb;aa-tRNA-synth_II;aa-tRNA-synth_II/BPL/LPL;Anticodon-bd;Anticodon-bd_dom_sf;Beta-grasp_dom_sf;TGS;TGS-like;Thr-tRNA-ligase_IIa;Thr/Ala-tRNA-synth_IIc_edit;ThrRS_anticodon;ThrRS_core;tRNA_SAD;,HGTP_anticodon;TGS;tRNA-synt_2b;tRNA_SAD
Clo1313_1030,thyA,CP002416.1,,1229332,1230162,+,thymidylate synthase,Nucleotide transport and metabolism,UPI00003C8BF9,Op706,thymidylate synthase activity,dTMP biosynthetic process; dTTP biosynthetic process; methylation,Thymidate_synth/dCMP_Mease;Thymidate_synth/dCMP_Mease_dom;Thymidate_synth/dCMP_Mease_sf;Thymidylate_synthase;Thymidylate_synthase_AS;,Thymidylat_synt
Clo1313_1031,RS05255,CP002416.1,,1230176,1230679,+,dihydrofolate reductase region,Coenzyme transport and metabolism,UPI000038F7CA,Op706,,,DHFR;DHFR-like_dom_sf;DHFR_dom;,DHFR_1
Clo1313_1032,RS05260,CP002416.1,,1230924,1231445,+,translation initiation factor IF-3,"Translation, ribosomal structure and biogenesis",UPI000038F7C9,Op707,,,T_IF-3_C_sf;T_IF-3_N_sf;Translation_initiation_fac3_CS;Translation_initiation_fac_3;Translation_initiation_fac_3_C;Translation_initiation_fac_3_N;,IF3_C;IF3_N
Clo1313_1033,rpmI,CP002416.1,,1231471,1231668,+,ribosomal protein L35,"Translation, ribosomal structure and biogenesis",UPI0000537FB9,Op707,structural constituent of ribosome,translation,Ribosomal_bL35;Ribosomal_bL35-like;Ribosomal_bL35_CS;Ribosomal_bL35_sf;,Ribosomal_L35p
Clo1313_1034,rplT,CP002416.1,,1231687,1232040,+,ribosomal protein L20,"Translation, ribosomal structure and biogenesis",UPI000038F7C8,Op707,rRNA binding; structural constituent of ribosome,ribosomal large subunit assembly; translation,Ribosomal_bL20;RIBOSOMAL_L20_CS;Ribosomal_protein_bL20_C;,Ribosomal_L20
Clo1313_1035,rlmB,CP002416.1,,1232187,1232990,+,RNA methyltransferase%2C TrmH family%2C group 3,"Translation, ribosomal structure and biogenesis",UPI0001B1EFA8,Op708,,,Alpha/beta_knot_MTases;MRM3-like_sub_bind;Ribosomal_eL30-like_sf;rRNA_Methyltransferase;rRNA_MeTrfase_TrmH;SpoU_MeTrfase;SpoU_subst-bd;tRNA_m1G_MTases_N;,SpoU_methylase;SpoU_sub_bind
Clo1313_1036,RS05280,CP002416.1,,1233204,1241972,+,glycosyltransferase 36,Carbohydrate transport and metabolism,UPI0001B1EFA7,Op709,,,6-hairpin_glycosidase_sf;6hp_glycosidase-like_sf;Gal_mutarotase_sf_dom;GH65_N;GH94_catalytic;GH94_Enzymes;GH94N_2_NdvB;GH94N_NdvB;Glyco_hydrolase_94_b-supersand;Glycoamylase-like_cons_dom;,DUF3131;Glyco_hydro_36;Glyco_transf_36;Glycoamylase
Clo1313_1037,RS05285,CP002416.1,,1242052,1242948,+,hypothetical protein,No COG annotation,UPI0000532864,Op710,,,,-
Clo1313_1038,RS05290,CP002416.1,,1242969,1244060,-,hypothetical protein,Function unknown,UPI0001B1EFA6,Op711,,,DUF3810;,DUF3810
Clo1313_1039,RS05295,CP002416.1,,1244101,1244802,-,leucyl/phenylalanyl-tRNA/protein transferase,"Post-translational modification, protein turnover, and chaperones",UPI000038F7C3,Op711,,,Acyl_CoA_acyltransferase;Leu/Phe-tRNA_Trfase;Leu/Phe-tRNA_Trfase_C;Leu/Phe-tRNA_Trfase_N;,Leu_Phe_trans
Clo1313_1040,clpA,CP002416.1,,1244809,1247139,-,ATP-dependent Clp protease%2C ATP-binding subunit clpA,"Post-translational modification, protein turnover, and chaperones",UPI000038F7C2,Op711,,,AAA+_ATPase;ATPase_AAA_core;Clp_ATPase_C;Clp_N_dom_sf;Clp_R_N;ClpA;ClpA/B;ClpA/B_CS1;ClpA/B_CS2;ClpA/ClpB_AAA_lid;ClpA_ClpB;P-loop_NTPase;,AAA;AAA_2;ClpB_D2-small;Clp_N
Clo1313_1041,clpS,CP002416.1,,1247202,1247501,-,ATP-dependent Clp protease adaptor protein ClpS,Function unknown,UPI000038F7C1,Op711,peptidase activity;,protein catabolic process; proteolysis,ClpS;ClpS_core;Ribosomal_bL12_C/ClpS-like;,ClpS
Clo1313_1042,RS05310,CP002416.1,,1247802,1248173,+,protein of unknown function DUF81,Function unknown,UPI0000536306,Op712,,,TM_pro_TauE-like;TSUP/Inactive_protease-like;,TauE
Clo1313_1043,RS05315,CP002416.1,,1248203,1248583,+,protein of unknown function DUF81,Function unknown,UPI000038F7BF,Op712,,,TM_pro_TauE-like;TSUP/Inactive_protease-like;,TauE
Clo1313_1044,RS05320,CP002416.1,,1248628,1248900,-,hypothetical protein,No COG annotation,UPI0001F328D2,Op713,,,,-
Clo1313_1045,RS05325,CP002416.1,,1249255,1250193,+,hypothetical protein,No COG annotation,UPI00017E4E32,Op714,,,,-
Clo1313_1046,RS05330,CP002416.1,,1250461,1251825,+,pyridoxal-phosphate dependent TrpB-like enzyme,Amino acid transport and metabolism,UPI00003C8BF5,Op715,,,Trp_synth_b-like;Trp_synth_beta;Trp_synth_beta/beta-like;TrpB-like_PALP;TrpB-like_PALP_sf;,PALP
Clo1313_1047,RS05335,CP002416.1,,1251973,1252551,-,hypothetical protein,No COG annotation,UPI0000534CA3,Op716,,,,-
Clo1313_1048,RS05340,CP002416.1,,1252629,1254428,-,hypothetical protein,No COG annotation,UPI0001B1EFA5,Op717,,,,-
Clo1313_1049,RS05345,CP002416.1,,1254656,1255018,+,GCN5-related N-acetyltransferase,"Translation, ribosomal structure and biogenesis",UPI00003C8BF3,Op718,,,Acyl_CoA_acyltransferase;GNAT_dom;N-acetyltransferase;,Acetyltransf_3
Clo1313_1050,RS15800,CP002416.1,,1255045,1255161,+,hypothetical protein,No COG annotation,UPI00017E4A16,Op718,,,DUF2281;,-
Clo1313_1051,RS05350,CP002416.1,,1255309,1256832,-,hypothetical protein,Inorganic ion transport and metabolism,UPI000053786A,Op719,,,LipidA_mod_glycosyltrf_83;RgtA/B/C-like;,BPD_transp_1;DUF2141;PMT_2
Clo1313_1052,RS05355,CP002416.1,,1257339,1259267,+,putative serine protein kinase%2C PrkA,Signal transduction mechanisms,UPI000038FB8F,Op720,,,P-loop_NTPase;Prk_AAA;PrkA/YeaG;PrkA_C;,AAA_PrkA;PrkA
Clo1313_1053,yhbH,CP002416.1,,1259309,1260523,+,sporulation protein YhbH,Function unknown,UPI00017E4A15,Op721,,,Spore_YhbH;UPF0229;vWFA_dom_sf;,DUF444
Clo1313_1054,RS05365,CP002416.1,,1260546,1261934,+,SpoVR family protein,Function unknown,UPI000038FB8D,Op721,,,Spore_V_R;SpoVR-like_C;SpoVR_N;,SpoVR
Clo1313_1055,RS05370,CP002416.1,,1262092,1263267,+,major facilitator superfamily MFS_1,Carbohydrate transport and metabolism,UPI00017E4A14,Op722,,,HcaT-like;MFS_assoc_dom;MFS_dom;MFS_trans_sf;,MFS_1_like
Clo1313_1056,RS05375,CP002416.1,,1263431,1264258,+,purine nucleoside phosphorylase I%2C inosine and guanosine-specific,Nucleotide transport and metabolism,UPI00005386C2,Op723,,,Nucleoside_phosphorylase_d;Nucleoside_phosphorylase_sf;Pur_Nuc_Pase_Ino/Guo-sp;Purine_phosphorylase;Purine_phosphorylase-2_CS;,PNP_UDP_1
Clo1313_1057,RS05380,CP002416.1,,1264262,1265506,+,adenosylhomocysteinase,Coenzyme transport and metabolism,UPI000038FB8A,Op723,,,Adenosylhomocyst_ase-like_sf;Adenosylhomocysteinase-like;Ado_hCys_hydrolase_NAD-bd;NAD(P)-bd_dom_sf;S-Ado-L-homoCys_hydrolase_CS;,AdoHcyase;AdoHcyase_NAD
Clo1313_1058,RS05385,CP002416.1,,1265598,1266893,+,amidohydrolase,Nucleotide transport and metabolism,UPI00003C8BED,Op724,,,Amidohydro-rel;Deaminase_MtaD/DadD;Metal-dep_hydrolase_composite;Metal_Hydrolase;MTA/SAH_deaminase;,Amidohydro_1
Clo1313_1059,Clo1313_1059,CP002416.1,,1267474,1267827,+,hypothetical protein,"Replication, recombination and repair",UPI00003C8BEC,Op725,,,,PT-HINT;WHH
Clo1313_1060,RS05395,CP002416.1,,1267961,1269316,+,Hedgehog/intein hint domain protein,"Replication, recombination and repair",UPI0001B1EF63,Op726,,,Hint_dom_N;Hint_dom_sf;Intein_C;Intein_N;,PT-HINT;WHH
Clo1313_1065,RS05420,CP002416.1,,1273558,1274826,+,Domain of unknown function DUF1910,Function unknown,UPI0001F328D3,Op727,,,PA2201-like_C;PoNi_C;PoNi_N;,DUF1910;DUF1911
Clo1313_1066,RS05425,CP002416.1,,1275129,1276352,-,transposase mutator type,"Replication, recombination and repair",UPI00003C8CB2,Op728,,,,Transposase_mut
Clo1313_1067,RS05430,CP002416.1,,1276685,1277716,+,hypothetical protein,Function unknown,UPI0001B1EF00,Op729,,,Intracell_prot_inh_BsuPI;IPI;SLH_dom;,BsuPI
Clo1313_1068,RS05435,CP002416.1,,1277990,1278634,+,HAD-superfamily hydrolase%2C subfamily IA%2C variant 1,Function unknown,UPI0000535143,Op730,,,HAD-like_hydrolase_sf;HAD-like_sf;HAD-SF_hydro_IA;HAD_2;HAD_sf;PGP-like_dom2;,HAD_2
Clo1313_1069,RS05440,CP002416.1,,1278687,1279118,-,hypothetical protein,No COG annotation,UPI00003C8E18,Op731,,,,-
Clo1313_1070,RS05445,CP002416.1,,1279293,1280261,-,ABC transporter related protein,Function unknown,UPI0000533413,Op732,,,AAA+_ATPase;ABC_transporter-like_ATP-bd;ABC_transporter_ATP-binding;P-loop_NTPase;,ABC_tran
Clo1313_1071,RS05450,CP002416.1,,1280266,1281048,-,protein of unknown function DUF990,Function unknown,UPI00017E66EB,Op732,,,ABC-2_transporter-like;,ABC2_membrane_6
Clo1313_1072,RS05455,CP002416.1,,1281045,1281899,-,protein of unknown function DUF990,Function unknown,UPI000038F93D,Op732,,,ABC-2_transporter-like;,ABC2_membrane_6
Clo1313_1073,RS05460,CP002416.1,,1282177,1283112,+,esterase/lipase,Lipid transport and metabolism,UPI000038F93C,Op733,,,AB_hydrolase_3;AB_hydrolase_fold;GDXG_lipolytic_enzyme;,Abhydrolase_3
Clo1313_1074,RS05465,CP002416.1,,1283109,1284389,+,hypothetical protein,Function unknown,UPI000038F93B,Op733,,,,AATase
Clo1313_1075,RS05470,CP002416.1,,1284404,1285072,+,hypothetical protein,No COG annotation,UPI00003C8E14,Op733,,,DUF6320;,-
Clo1313_1076,RS05475,CP002416.1,,1285220,1286149,+,ATPase associated with various cellular activities AAA_3,Function unknown,UPI000038F939,Op734,,,ATPase_AAA-3;CbbQ/NirQ/NorQ/GpvN;ChlI/MoxR_AAA_lid;P-loop_NTPase;,AAA_3
Clo1313_1077,RS05480,CP002416.1,,1286193,1287461,+,protein of unknown function DUF58,Function unknown,UPI0001F328FF,Op735,,,,DUF58
Clo1313_1078,RS05485,CP002416.1,,1287511,1289793,+,transglutaminase domain-containing protein,Amino acid transport and metabolism,UPI00003C8E13,Op736,,,Bact_TGase-like;Papain-like_cys_pep_sf;TgpA_N;Transglutaminase-like;,DUF4129;Transglut_core
Clo1313_1079,RS05490,CP002416.1,,1289935,1290321,+,hypothetical protein,No COG annotation,UPI000038F935,Op737,,,Zinc_ribbon_15;,-
Clo1313_1080,RS05495,CP002416.1,,1291165,1291359,+,small acid-soluble spore protein%2C H-type,Function unknown,UPI000038F934,Op738,,,SASP_SspH;,SspH
Clo1313_1081,RS05500,CP002416.1,,1291526,1292200,+,isochorismatase hydrolase,"Secondary metabolites biosynthesis, transport, and catabolism",UPI0001B1ED80,Op739,,,Isochorismatase-like_dom;Isochorismatase-like_sf;NIC1;,Isochorismatase
Clo1313_1082,RS05505,CP002416.1,,1292212,1293672,+,nicotinate phosphoribosyltransferase,Coenzyme transport and metabolism,UPI000038F932,Op739,,,Aldolase_TIM;N/Namide_PRibTrfase;NAPRTase_C;NAPRTase_N;Nic_PRibTrfase-Fam;Nic_PRibTrfase_pncB;Nicotinate_pribotase-like_C;,NAPRTase;QRPTase_C;QRPTase_N
Clo1313_1083,RS05510,CP002416.1,,1294000,1294446,+,CheC domain protein,Cell motility,UPI00003C8E10,Op740,,,CheC-like_sf;CheX-like;CheX-like_dom;,CheX
Clo1313_1084,RS05515,CP002416.1,,1294930,1295739,-,protein of unknown function DUF155,Function unknown,UPI000038F930,Op741,,,DUF155;RMD1/Sad1-interacting;,DUF155
Clo1313_1085,RS05520,CP002416.1,,1295762,1296586,-,protein of unknown function DUF155,Function unknown,UPI0000536019,Op741,,,DUF155;RMD1/Sad1-interacting;,DUF155
Clo1313_1086,RS05525,CP002416.1,,1296974,1297621,+,type IV pilus assembly PilZ,Function unknown,UPI0001B1ED7F,Op742,,,PilZ_domain;,-
Clo1313_1087,RS05530,CP002416.1,,1297638,1298786,-,iron-sulfur cluster-binding protein,Energy production and conversion,UPI000038F92D,Op743,,,4Fe4S_Fe-S-bd;4Fe4S_Fe_S_CS;DUF362;Fe-S_Ferredoxin;,DUF362;Fer4;Fer4_10;Fer4_7
Clo1313_1088,RS15995,CP002416.1,,1298978,1299121,-,hypothetical protein,No COG annotation,UPI00017E6AFA,Op744,,,,
Clo1313_1089,RS05535,CP002416.1,,1299354,1300601,+,peptidase S11 D-alanyl-D-alanine carboxypeptidase 1,Cell wall/membrane/envelope biogenesis,UPI000038F92C,Op745,,,Beta-lactam/transpept-like;Peniciliin-bd_prot_C_sf;Peptidase_S11;Peptidase_S11_C;Peptidase_S11_N;,PBP5_C;Peptidase_S11
Clo1313_1090,dapB,CP002416.1,,1301200,1302075,+,dihydrodipicolinate reductase,Amino acid transport and metabolism,UPI00003C8E0E,Op746,"4-hydroxy-tetrahydrodipicolinate reductase; NAD binding; NADP binding; oxidoreductase activity, acting on CH or CH2 groups, NAD or NADP as acceptor",diaminopimelate biosynthetic process; lysine biosynthetic process via diaminopimelate,DapB_C;DapB_N;DHDPR_bac;NAD(P)-bd_dom_sf;,DapB_C;DapB_N
Clo1313_1091,RS05545,CP002416.1,,1302279,1303430,+,hypothetical protein,Defense mechanisms,UPI000038F92A,Op747,,,Beta-lactam/transpept-like;Beta-lactam_cat;Beta-lactam_class-A;,Beta-lactamase2;DUF4214
Clo1313_1092,Clo1313_1092,CP002416.1,,1304131,1304232,+,hypothetical protein,No COG annotation,UPI0001F32900,Op748,,,,
Clo1313_1093,amrA,CP002416.1,,1304244,1305632,+,AMMECR1 domain protein,Function unknown,UPI00017E6AFB,Op749,,,AMMECR1;AMMECR1_dom_sf;AMMECR1_domain;AMMECR1_N;AmmeMemoSam_A;Xdiol_dOase_suB;,AMMECR1;LigB
Clo1313_1094,amrS,CP002416.1,,1305644,1306513,+,Radical SAM domain protein,Energy production and conversion,UPI00005349D7,Op749,,,Aldolase_TIM;AmmeMemoSam_rS;Organic_radical-activating;Pyrv-formate_lyase-activ_prd;rSAM;rSAM_sf;,Fer4_12;Radical_SAM
Clo1313_1095,RS05560,CP002416.1,,1306639,1307517,+,protein of unknown function DUF147,Function unknown,UPI000038F927,Op750,,,C-di-AMP_synthase;CdaA;CdaA_N;DisA;DNA_integrity_DisA_N_sf;DNA_integrity_scan_DisA_N;,DisA_N
Clo1313_1096,RS05565,CP002416.1,,1307514,1308725,+,YbbR family protein,Function unknown,UPI0001B1ED46,Op750,,,c-di-AMP_regulator;YbbR;,YbbR
Clo1313_1097,RS05570,CP002416.1,,1308742,1310328,+,FAD-dependent pyridine nucleotide-disulfide oxidoreductase,Function unknown,UPI0001B1ED45,Op750,,,FAD-binding_protein;FAD-depend_C;FAD/NAD-bd_sf;,HI0933_like;NAD_binding_8;Pyr_redox_2
Clo1313_1098,RS05575,CP002416.1,,1310538,1311887,+,phosphoglucosamine mutase,Carbohydrate transport and metabolism,UPI0000538420,Op751,,,A-D-PHexomutase_a/b/a-I;A-D-PHexomutase_a/b/a-I/II/III;A-D-PHexomutase_a/b/a-II;A-D-PHexomutase_a/b/a-III;A-D-PHexomutase_C;A-D-PHexomutase_C_sf;A-D-PHexomutase_CS;Alpha-D-phosphohexomutase_SF;GlmM_bact;Phosphoglucosamine_mutase;,PGM_PMM_I;PGM_PMM_II;PGM_PMM_III;PGM_PMM_IV
Clo1313_1099,glmS,CP002416.1,,1312349,1314172,+,glucosamine/fructose-6-phosphate aminotransferase%2C isomerizing,Cell wall/membrane/envelope biogenesis,UPI000038F923,Op751,carbohydrate derivative binding; glutamine-fructose-6-phosphate transaminase (isomerizing) activity,carbohydrate metabolic process; fructose 6-phosphate metabolic process; protein N-linked glycosylation; UDP-N-acetylglucosamine metabolic process,GATase_2_dom;GFAT;GFAT_N;GlmS/AgaS_SIS;GlmS/FrlB_SIS;Ntn_hydrolases_N;SIS_dom;SIS_dom_sf;,GATase_6;SIS
Clo1313_1100,RS05585,CP002416.1,,1314944,1315342,+,regulatory protein ArsR,Transcription,UPI00003C8BCF,Op752,,,ArsR-like_HTH;HTH_ArsR_DNA-bd_dom;HTH_MetalResp_TranReg;WH-like_DNA-bd_sf;WH_DNA-bd_sf;,HTH_5
Clo1313_1101,arsB,CP002416.1,,1315478,1316533,+,arsenical-resistance protein,Inorganic ion transport and metabolism,UPI00017E3E06,Op753,,,Arsenical-R_Acr3;BilAc:Na_symport/Acr3;Na+/solute_symporter_sf;,SBF
Clo1313_1102,RS05595,CP002416.1,,1316558,1316959,+,Protein-tyrosine phosphatase%2C low molecular weight,Signal transduction mechanisms,UPI000038FAA2,Op753,,,Ptyr_pPase;Ptyr_pPase_sf;,LMWPc
Clo1313_1103,RS05600,CP002416.1,,1317068,1317922,+,permease,Function unknown,UPI0001B1ED44,Op754,,,DUF318;UPF0718_permease;,ArsP_1
Clo1313_1104,RS05610,CP002416.1,,1318796,1319074,+,transposase IS3/IS911 family protein,"Replication, recombination and repair",UPI0001C1462F,Op755,,,,HTH_21;HTH_Tnp_1;rve
Clo1313_1105,RS15895,CP002416.1,,1320170,1320385,+,hypothetical protein,No COG annotation,UPI0001F32901,Op756,,,,
Clo1313_1106,tadA,CP002416.1,,1320711,1323074,+,type II secretion system protein E,Cell motility,UPI00005337F3,Op757,,,AAA+_ATPase;P-loop_NTPase;T2SS/T4SS_dom;T2SS_E_N_sf;T2SS_GspE_N;,T2SSE;T2SSE_N
Clo1313_1107,RS05625,CP002416.1,,1323090,1324145,+,twitching motility protein,Cell motility,UPI0001B1ED50,Op757,,,AAA+_ATPase;P-loop_NTPase;PilT/PilU;T2SS/T4SS_dom;;,T2SSE
Clo1313_1108,RS05630,CP002416.1,,1324604,1325818,+,Type II secretion system F domain,Cell motility,UPI0001B1ED4F,Op758,,,GspF/PilC;T2SS_GspF/T4SS_PilC_CS;T2SS_GspF_dom;T2SS_GspF_sf;,T2SSF
Clo1313_1109,RS05635,CP002416.1,,1325973,1326479,+,hypothetical protein,Cell motility,UPI0001B1ED4E,Op759,,,N_methyl_site;Pilin-like;,N_methyl
Clo1313_1110,RS05640,CP002416.1,,1326587,1327147,+,hypothetical protein,Function unknown,UPI0001B1ED4D,Op760,,,N_methyl_site;,N_methyl
Clo1313_1111,RS05645,CP002416.1,,1327188,1327739,+,Fimbrial assembly family protein,No COG annotation,UPI000038FA9A,Op760,,,Extracell_DNA_Util/SecSys_Comp;PilN;,-
Clo1313_1112,RS05650,CP002416.1,,1327739,1329031,+,hypothetical protein,No COG annotation,UPI0001B1ED4C,Op760,,,,-
Clo1313_1113,RS05655,CP002416.1,,1329077,1329598,+,hypothetical protein,Function unknown,UPI0001B1ED4B,Op761,,,N_methyl_site;Pilin-like;,N_methyl
Clo1313_1114,RS05660,CP002416.1,,1329675,1332224,+,hypothetical protein,No COG annotation,UPI0001B1ED4A,Op762,,,,-
Clo1313_1115,RS05665,CP002416.1,,1332252,1333541,+,hypothetical protein,No COG annotation,UPI0000534698,Op762,,,,-
Clo1313_1116,RS05670,CP002416.1,,1333692,1334465,+,peptidase S14 ClpP,"Post-translational modification, protein turnover, and chaperones",UPI00003C8BC5,Op763,,,ClpP/crotonase-like_dom_sf;ClpP/TepA;,CLP_protease
Clo1313_1117,RS05675,CP002416.1,,1334462,1334686,+,hypothetical protein,Function unknown,UPI00003C8BC4,Op763,,,YlzJ;,YlzJ
Clo1313_1118,RS05680,CP002416.1,,1334860,1337286,+,cell division protein FtsK/SpoIIIE,"Cell cycle control, cell division, chromosome partitioning",UPI00003C8BC3,Op764,,,AAA+_ATPase;FtsK/SpoIIIE/SftA;FtsK_4TM;FtsK_alpha;FtsK_dom;Ftsk_gamma;P-loop_NTPase;WH-like_DNA-bd_sf;WH_DNA-bd_sf;,FtsK_4TM;FtsK_SpoIIIE;Ftsk_gamma
Clo1313_1119,RS05685,CP002416.1,,1337378,1339297,+,Radical SAM domain protein,Energy production and conversion,UPI00003C8BC2,Op765,,,Elp3/MiaA/NifB-like_rSAM;rSAM;rSAM_horseshoe;rSAM_sf;UPF0313;UPF0313_C;UPF0313_N;,DUF3362;Radical_SAM;Radical_SAM_N
Clo1313_1120,folD,CP002416.1,,1339406,1340263,+,Methylenetetrahydrofolate dehydrogenase (NADP(+)),Nucleotide transport and metabolism,UPI00003C8BC1,Op766,methenyltetrahydrofolate cyclohydrolase activity; methylenetetrahydrofolate dehydrogenase (NADP+) activity,L-histidine biosynthetic process; methionine biosynthetic process; purine nucleotide biosynthetic process; tetrahydrofolate interconversion,Aminoacid_DH-like_N_sf;NAD(P)-bd_dom_sf;THF_DH/CycHdrlase;THF_DH/CycHdrlase_cat_dom;THF_DH/CycHdrlase_CS;THF_DH/CycHdrlase_NAD-bd_dom;,THF_DHG_CYH;THF_DHG_CYH_C
Clo1313_1121,RS05695,CP002416.1,,1340358,1341035,+,hypothetical protein,"Replication, recombination and repair",UPI00003C8BC0,Op767,,,P-loop_NTPase;,-
Clo1313_1122,rny,CP002416.1,,1341153,1342727,+,metal dependent phosphohydrolase,"Cell cycle control, cell division, chromosome partitioning",UPI0001B1ED2B,Op768,hydrolase activity; RNA binding; RNA endonuclease activity,mRNA catabolic process,HD/PDEase_dom;HD_domain;HDIG_dom;KH_dom;KH_dom_type_1;KH_dom_type_1_sf;Ribonuclease_Y;RNase_Y_N;,DUF3552;HD;KH_1
Clo1313_1123,RS05705,CP002416.1,,1342852,1343634,+,metallophosphoesterase,Function unknown,UPI0000F218DE,Op769,,,Metallo-depent_PP-like;YmdB-like;,YmdB
Clo1313_1124,RS05710,CP002416.1,,1343800,1344066,+,Stage V sporulation protein S,Function unknown,UPI00003C8BBC,Op770,,,Alba-like_dom_sf;SpoVS;,SpoVS
Clo1313_1125,RS05715,CP002416.1,,1344338,1345078,+,hypothetical protein,Energy production and conversion,UPI00003C8BBB,Op771,,,,Cytochrome_C554;DUF1863;TIR_2
Clo1313_1126,RS05720,CP002416.1,,1345147,1345410,+,hypothetical protein,Function unknown,UPI00003C8BBA,Op772,,,Se/S_carrier-like;,DUF3343
Clo1313_1127,RS05725,CP002416.1,,1345488,1346474,-,NAD-dependent epimerase/dehydratase,Cell wall/membrane/envelope biogenesis,UPI00003C8BB9,Op773,,,NAD(P)-bd_dom;NAD(P)-bd_dom_sf;,GDP_Man_Dehyd
Clo1313_1128,RS05730,CP002416.1,,1346546,1347838,-,glycosyl transferase group 1,Cell wall/membrane/envelope biogenesis,UPI0001B1ED2A,Op774,,,Glyco_trans_1;Glyco_trans_4-like_N;,Glyco_transf_4;Glycos_transf_1
Clo1313_1129,RS05735,CP002416.1,,1347855,1348892,-,spore coat protein%2C CotS family,Function unknown,UPI00005313AB,Op774,,,Aminoglycoside_PTrfase;CotS-like;Kinase-like_dom_sf;Spore_coat_CotS;,APH
Clo1313_1130,RS05740,CP002416.1,,1348898,1349947,-,spore coat protein%2C CotS family,Function unknown,UPI0000533808,Op774,,,Aminoglycoside_PTrfase;CotS-like;Kinase-like_dom_sf;Spore_coat_CotS;,APH
Clo1313_1131,RS05745,CP002416.1,,1350062,1350319,-,transcription initiation factor IIE (TFIIE) alpha subunit family protein,No COG annotation,UPI000038F901,Op775,,,Amphi-Trp_dom;,
Clo1313_1132,RS05750,CP002416.1,,1350483,1350950,-,hypothetical protein,No COG annotation,UPI000038F900,Op776,,,,-
Clo1313_1133,RS05755,CP002416.1,,1351160,1351483,-,hypothetical protein,Function unknown,UPI0000536AFA,Op777,,,CBM25;Ig-like_fold;,CBM53
Clo1313_1134,RS05760,CP002416.1,,1351854,1354316,+,Nucleotidyl transferase,Carbohydrate transport and metabolism,UPI0000534DDE,Op778,,,A-D-PHexomutase_a/b/a-I;A-D-PHexomutase_a/b/a-I/II/III;A-D-PHexomutase_a/b/a-III;A-D-PHexomutase_C_sf;GMPPB_C;Mannose-1P_guanyltransferase;NTP_transferase_dom;Nucleotide-diphossugar_trans;Trimer_LpxA-like_sf;,Hexapep;NTP_transferase;PGM_PMM_I
Clo1313_1135,RS05765,CP002416.1,,1354376,1354693,-,hypothetical protein,No COG annotation,UPI00003C8BB6,Op779,,,,-
Clo1313_1136,RS05770,CP002416.1,,1354830,1355459,-,hypothetical protein,No COG annotation,UPI00003C8BB5,Op780,,,,-
Clo1313_1137,RS05775,CP002416.1,,1355689,1356402,+,protein of unknown function DUF881,Function unknown,UPI0001F3292E,Op781,,,,DUF881
Clo1313_1138,RS05780,CP002416.1,,1356402,1357103,+,protein of unknown function DUF881,Function unknown,UPI0001B1ED29,Op781,,,DUF881;,DUF881
Clo1313_1139,pdaA,CP002416.1,,1357336,1358298,+,delta-lactam-biosynthetic de-N-acetylase,Carbohydrate transport and metabolism,UPI000038F8F9,Op782,,,Glyco_hydro/deAcase_b/a-brl;NODB_dom;Polysacc_deacetylase_ArnD;Spore_PdaA;,Polysacc_deac_1
Clo1313_1140,yqfC,CP002416.1,,1358394,1358711,+,sporulation protein YqfC,Function unknown,UPI000038F8F8,Op783,,,Spore_YabP/YqfC;Spore_YqfC;YabP_sf;,YabP
Clo1313_1141,yqfD,CP002416.1,,1358727,1359923,+,sporulation protein YqfD,Function unknown,UPI000038F8F7,Op783,,,YqfD;,YqfD
Clo1313_1142,RS05800,CP002416.1,,1359924,1360925,+,PhoH family protein,Signal transduction mechanisms,UPI00017E5E8A,Op783,,,KH_dom_type_1_sf;P-loop_NTPase;PhoH;PhoH2-like;,PhoH
Clo1313_1143,RS05805,CP002416.1,,1360969,1363170,+,7TM receptor with intracellular metal dependent phosphohydrolase,Function unknown,UPI00017E5E89,Op784,,,HD/PDEase_dom;HD_domain;HDIG_dom;Metal-dep_PHydrolase_7TM_extra;Metal-dep_PHydrolase_7TM_intra;PgpH_phosphodiesterase;,7TM-7TMR_HD;7TMR-HDED;HD
Clo1313_1144,ybeY,CP002416.1,,1363271,1363759,+,protein of unknown function UPF0054,Function unknown,UPI000038F8F4,Op785,metalloendopeptidase activity; RNA endonuclease activity; zinc ion binding,rRNA processing,MetalPrtase_cat_dom_sf_prd;YbeY;,UPF0054
Clo1313_1145,cdd,CP002416.1,,1363975,1364361,+,cytidine deaminase,Nucleotide transport and metabolism,UPI000038F8F3,Op786,,,APOBEC/CMP_deaminase_Zn-bd;CMP_dCMP_dom;Cyt/Deoxycyt_deaminase;Cyt_deam_tetra;Cytidine_deaminase-like;,dCMP_cyt_deam_1
Clo1313_1146,era,CP002416.1,,1364417,1365310,+,GTP-binding protein Era,Function unknown,UPI000038F8F2,Op787,GTP binding; GTPase activity; ribosomal small subunit binding; small ribosomal subunit rRNA binding,ribosomal small subunit assembly,G_ERA_dom;GTP-bd;GTPase_Era-like;KH_dom-like_a/b;KH_dom_type_2;KH_sf_prok-type;P-loop_NTPase;Small_GTP-bd;,KH_2;MMR_HSR1
Clo1313_1147,RS15585,CP002416.1,,1365459,1365602,+,hypothetical protein,Function unknown,UPI00017E5E88,Op788,,,YqzL;,YqzL
Clo1313_1148,recO,CP002416.1,,1365618,1366373,+,DNA repair protein RecO,"Replication, recombination and repair",UPI000038F8F1,Op788,,DNA recombination; double-strand break repair,ARFGAP/RecO;DNA_rep/recomb_RecO_N;NA-bd_OB-fold;RecO;RecO_C;,RecO_C;RecO_N
Clo1313_1149,RS05830,CP002416.1,,1366914,1367576,+,type IV pilus assembly PilZ,Function unknown,UPI0000532248,Op789,,,PilZ_domain;,PilZ
Clo1313_1150,RS05835,CP002416.1,,1367852,1369015,+,Cysteine desulfurase,Amino acid transport and metabolism,UPI000038F8EF,Op790,,,Aminotrans_V_dom;Aminotrans_V_PyrdxlP_BS;Cysteine_dSase;PyrdxlP-dep_Trfase;PyrdxlP-dep_Trfase_major;PyrdxlP-dep_Trfase_small;,Aminotran_5
Clo1313_1151,thiI,CP002416.1,,1369012,1370190,+,thiamine biosynthesis/tRNA modification protein ThiI,Coenzyme transport and metabolism,UPI0001B1ED28,Op790,ATP binding; CCA tRNA nucleotidyltransferase activity; tRNA binding; tRNA-uracil-4 sulfurtransferase activity,thiamine biosynthetic process; thiamine diphosphate biosynthetic process; thiazole biosynthetic process; tRNA 4-thiouridine biosynthesis,Rossmann-like_a/b/a_fold;ThiI_AANH;ThiI_fer;ThiI_N;THUMP_dom;THUMP_ThiI;tRNA_STrfase;tRNA_sulfurtransferase_ThiI;,THUMP;ThiI
Clo1313_1152,RS05845,CP002416.1,,1370311,1371735,+,VanW family protein,Defense mechanisms,UPI0001B1ED27,Op791,,,G5_dom;Glycopeptide_resist_protein;Vancomycin_resist_VanW;YoaR-like_PG-bd;,G5;PG_binding_4;VanW
Clo1313_1153,RS05850,CP002416.1,,1371753,1372439,+,Protein of unknown function DUF2225,Function unknown,UPI000038F8EC,Op791,,,DUF2225;TPR-like_helical_dom_sf;,DUF2225;cNMP_binding
Clo1313_1154,RS05855,CP002416.1,,1372581,1373564,+,AIR synthase related protein domain protein,"Post-translational modification, protein turnover, and chaperones",UPI0000F218D7,Op792,,,HypE;PurM-like_C_dom;PurM-like_C_sf;PurM-like_N;PurM-like_N_sf;,AIRS;AIRS_C
Clo1313_1155,RS05865,CP002416.1,,1373997,1375235,+,Glycine hydroxymethyltransferase,Amino acid transport and metabolism,UPI000038F8EA,Op793,,,PyrdxlP-dep_Trfase;PyrdxlP-dep_Trfase_major;PyrdxlP-dep_Trfase_small;Ser_HO-MeTrfase;Ser_HO-MeTrfase-like;Ser_HO-MeTrfase_PLP_BS;SHMT-like_dom;,SHMT
Clo1313_1156,RS05870,CP002416.1,,1375371,1375565,+,phage shock protein C%2C PspC,Transcription,UPI000038F8E9,Op794,,,Phageshock_PspC_N;PspC;,PspC
Clo1313_1157,RS05875,CP002416.1,,1375701,1378373,-,transglutaminase domain-containing protein,Amino acid transport and metabolism,UPI0001B1ED26,Op795,,,Bact_TGase-like;Papain-like_cys_pep_sf;TgpA-like_C;Transglutaminase-like;,DUF4129;Transglut_core
Clo1313_1158,RS05880,CP002416.1,,1378407,1379615,-,protein of unknown function DUF58,Function unknown,UPI000053553C,Op795,,,DUF58;,DUF58
Clo1313_1159,RS05885,CP002416.1,,1379602,1380558,-,ATPase associated with various cellular activities AAA_3,Function unknown,UPI000038F8E6,Op795,,,ATPase_AAA-3;CbbQ/NirQ/NorQ/GpvN;ChlI/MoxR_AAA_lid;P-loop_NTPase;,AAA_3
Clo1313_1160,RS05890,CP002416.1,,1380680,1381633,-,L-lactate dehydrogenase,Energy production and conversion,UPI000038F8E5,Op796,,,L-lactate/malate_DH;L-lactate_DH;L-lactate_DH_AS;Lactate/malate_DH_C;Lactate/malate_DH_N;Lactate_DH/Glyco_Ohase_4_C;NAD(P)-bd_dom_sf;,Ldh_1_C;Ldh_1_N
Clo1313_1161,RS05895,CP002416.1,,1381870,1383111,+,competence/damage-inducible protein CinA,Function unknown,UPI0001B1ED02,Op797,,,CinA;CinA-like_C;CinA_C;CinA_KH;Competence-induced_CinA;MoaB/Mog-like_dom_sf;MoaB/Mog_dom;,CinA;MoCF_biosynth
Clo1313_1162,murJ,CP002416.1,,1383156,1384733,+,integral membrane protein MviN,Function unknown,UPI0001B1ED01,Op798,lipid-linked peptidoglycan transporter activity,cell wall organization; lipid translocation; peptidoglycan biosynthetic process; regulation of cell shape,Lipid_II_flippase_MurJ/MviN;MurJ;,MVIN
Clo1313_1163,recA,CP002416.1,,1384834,1385883,+,recA protein,"Replication, recombination and repair",UPI00003C8BAB,Op799,ATP binding; ATP-dependent DNA damage sensor activity; damaged DNA binding; single-stranded DNA binding,DNA recombination; DNA repair; SOS response,AAA+_ATPase;DNA_recomb/repair_RecA;DNA_recomb/repair_RecA_CS;P-loop_NTPase;RecA-like_C;RecA-like_N;RecA_ATP-bd;RecA_C_sf;RecA_monomer-monomer_interface;,RecA
Clo1313_1164,RS05910,CP002416.1,,1386297,1386917,+,regulatory protein RecX,Function unknown,UPI00005313B9,Op800,,,RecX_HTH_1st;RecX_HTH_2nd;RecX_HTH_3rd;Regulatory_RecX;WH-like_DNA-bd_sf;,RecX
Clo1313_1165,RS05915,CP002416.1,,1386954,1388489,+,Rhomboid family protein,Function unknown,UPI00003C8BAA,Op800,,,Peptidase_S54_rhomboid_dom;Rhomboid-like_sf;Rhomboid_protease_S54;TPR-like_helical_dom_sf;TPR_rpt;,Rhomboid
Clo1313_1166,RS05920,CP002416.1,,1388733,1389278,+,hypothetical protein,No COG annotation,UPI000038F8E0,Op801,,,,-
Clo1313_1167,RS05925,CP002416.1,,1389564,1390904,+,extracellular solute-binding protein family 1,Carbohydrate transport and metabolism,UPI0001B1ED00,Op802,,,,SBP_bac_1
Clo1313_1168,RS05930,CP002416.1,,1391267,1391593,-,hypothetical protein,No COG annotation,UPI000038F8DE,Op803,,,,
Clo1313_1169,RS05935,CP002416.1,,1391785,1392114,-,hypothetical protein,No COG annotation,UPI000038F8DD,Op804,,,,
Clo1313_1170,RS05940,CP002416.1,,1392176,1392418,-,hypothetical protein,No COG annotation,UPI000038F8DC,Op805,,,,
Clo1313_1171,RS05950,CP002416.1,,1392974,1393513,+,hypothetical protein,No COG annotation,UPI00005337E3,Op806,,,NT_sf;,NTP_transf_2
Clo1313_1172,RS05955,CP002416.1,,1393660,1395060,+,UDP-N-acetylmuramoylalanine/D-glutamate ligase,Cell wall/membrane/envelope biogenesis,UPI0001F32939,Op807,,,Mur-like_cat_sf;Mur_ligase_C;Mur_ligase_C_dom_sf;Mur_ligase_cen;MurD;,Mur_ligase_C;Mur_ligase_M
Clo1313_1173,holA,CP002416.1,,1395666,1396676,+,DNA polymerase III%2C delta subunit,"Replication, recombination and repair",UPI0001B1ECFE,Op808,,,DNA_pol3_clamp-load_cplx_C;DNA_pol3_delta-like_C;DNA_pol3_delta_N;DNA_polIII_delta;P-loop_NTPase;,DNA_pol3_delta
Clo1313_1174,rpsT,CP002416.1,,1396762,1397031,-,ribosomal protein S20,"Translation, ribosomal structure and biogenesis",UPI0001B1ECFD,Op809,small ribosomal subunit rRNA binding; structural constituent of ribosome,translation,Ribosomal_bS20;Ribosomal_bS20_sf;,Ribosomal_S20p
Clo1313_1175,RS05985,CP002416.1,,1397266,1398255,+,spore protease,Energy production and conversion,UPI0001B1ECFC,Op810,,,Pept_HybD-like_dom_sf;Peptidase_A25;,Peptidase_A25
Clo1313_1176,RS05990,CP002416.1,,1398483,1399331,+,cell wall hydrolase/autolysin,Cell wall/membrane/envelope biogenesis,UPI0000536B72,Op811,,,MurNAc-LAA_cat;N-acetylmuramoyl_amidase_3;,Amidase_3
Clo1313_1177,RS05995,CP002416.1,,1399567,1400262,+,hypothetical protein,Function unknown,UPI0000F218BC,Op812,,,Peptidase_M50B-like;,Peptidase_M50B
Clo1313_1178,ligA,CP002416.1,,1400369,1402360,+,DNA ligase%2C NAD-dependent,"Replication, recombination and repair",UPI00005322B4,Op813,DNA binding; DNA ligase (NAD+) activity; metal ion binding,DNA repair; DNA replication,BRCT_dom;BRCT_dom_sf;DisA/LigA_HHH;DNA_ligase;DNA_ligase_AS;DNAligase_adenylation;DNAligase_N;Hlx-hairpin-Hlx_DNA-bd_motif;NA-bd_OB-fold;NAD_DNA_ligase_OB;RuvA_2-like;Znf_DNAligase_C4;,BRCT;DNA_ligase_OB;DNA_ligase_ZBD;DNA_ligase_aden;HHH_2;HHH_5
Clo1313_1179,Clo1313_1179,CP002416.1,,1402496,1402615,+,hypothetical protein,No COG annotation,UPI00017E460E,Op814,,,,
Clo1313_1180,RS06005,CP002416.1,,1402633,1403190,+,hypothetical protein,No COG annotation,UPI0000537A2E,Op815,,,Cdil-like_sf;,-
Clo1313_1181,gatC,CP002416.1,,1403426,1403713,+,glutamyl-tRNA(Gln) amidotransferase%2C C subunit,"Translation, ribosomal structure and biogenesis",UPI00003C8FA8,Op816,ATP binding; glutaminyl-tRNA synthase (glutamine-hydrolyzing) activity;asparaginyl-tRNA synthase (glutamine-hydrolyzing) activity; ATP binding; glutaminyl-tRNA synthase (glutamine-hydrolyzing) activity,glutaminyl-tRNAGln biosynthesis via transamidation; regulation of translational fidelity; translation,Asp/Glu-ADT_sf_sub_c;GatC;,Glu-tRNAGln
Clo1313_1182,gatA,CP002416.1,,1403755,1405215,+,glutamyl-tRNA(Gln) amidotransferase%2C A subunit,"Translation, ribosomal structure and biogenesis",UPI000038FC55,Op816,,,Amidase;Amidase_CS;Amidase_dom;AS_sf;GatA;,Amidase
Clo1313_1183,gatB,CP002416.1,,1405229,1406662,+,glutamyl-tRNA(Gln) amidotransferase%2C B subunit,"Translation, ribosomal structure and biogenesis",UPI0000536B89,Op816,,,Asn/Gln-tRNA_amidoTrfase_suB/E;Asn/Gln-tRNA_Trfase_suB/E_cat;Asn/Gln_amidotransferase;Asn/Gln_tRNA_amidoTrase-B-like;GatB;GatB_C_1;GatB_Yqey_C_2;Gln-tRNA_amidoTrfase_suB_CS;Gln_synth/guanido_kin_cat_dom;,GatB_N;GatB_Yqey
Clo1313_1184,RS06025,CP002416.1,,1406722,1407546,+,Tetratricopeptide TPR_1 repeat-containing protein,Function unknown,UPI000038FC57,Op817,,,;TPR-like_helical_dom_sf;TPR_rpt;,TPR_16;TPR_2;TPR_7;TPR_8
Clo1313_1185,pta,CP002416.1,,1407737,1408813,+,phosphate acetyltransferase,Energy production and conversion,UPI0001F32947,Op818,,,P_Ac_Bu_trans;P_AcTrfase;P_AcTrfase_dom1;P_AcTrfase_dom2;Phos_Acetyltrans/Butyryltrans;PTA_PTB;,PTA_PTB
Clo1313_1186,RS06035,CP002416.1,,1408931,1410130,+,acetate kinase,Coenzyme transport and metabolism,UPI000012528A,Op818,,,Ac/propionate_kinase;Aliphatic_acid_kin_short-chain;Aliphatic_acid_kinase_CS;ATPase_NBD;,Acetate_kinase
Clo1313_1187,RS06040,CP002416.1,,1410372,1410875,+,protein of unknown function DUF177,Function unknown,UPI00003C8FAB,Op819,,,YceD;,DUF177
Clo1313_1188,rpmF,CP002416.1,,1410978,1411178,+,ribosomal protein L32,"Translation, ribosomal structure and biogenesis",UPI00003C8FAC,Op820,structural constituent of ribosome,translation,Ribosomal_bL32;Ribosomal_bL32_bact;Ribosomal_zn-bd;,Ribosomal_L32p
Clo1313_1189,RS06050,CP002416.1,,1411284,1412606,+,protein of unknown function DUF512,Energy production and conversion,UPI0001B1ECFB,Op821,,,Aldolase_TIM;DUF512;PDZ;PDZ_6;PDZ_sf;Put_radical_SAM-like_M;rSAM_sf;,DUF512;PDZ;PDZ_2;Radical_SAM
Clo1313_1190,der,CP002416.1,,1412656,1413978,+,ribosome-associated GTPase EngA,Function unknown,UPI0000531B26,Op822,GTP binding; ribosome binding,ribosome biogenesis,G_ENGA;GTP-bd;GTPase_Der;KH_dom-like;KH_dom-like_a/b;P-loop_NTPase;Small_GTP-bd;,KH_dom-like;MMR_HSR1
Clo1313_1191,plsY,CP002416.1,,1413984,1414634,+,protein of unknown function DUF205,Lipid transport and metabolism,UPI0001B1ECFA,Op822,acyl-phosphate glycerol-3-phosphate acyltransferase activity,phospholipid biosynthetic process,G3P_acylTferase_PlsY;,G3P_acyltransf
Clo1313_1192,RS06065,CP002416.1,,1414648,1415667,+,NAD-dependent glycerol-3-phosphate dehydrogenase domain protein,Lipid transport and metabolism,UPI0000533FF3,Op822,,,6-PGluconate_DH-like_C_sf;6PGD_dom2;G3P_DH_NAD-dep;G3P_DH_NAD-dep_C;G3P_DH_NAD-dep_N;NAD(P)-bd_dom_sf;,NAD_Gly3P_dh_C;NAD_Gly3P_dh_N
Clo1313_1193,spoIVA,CP002416.1,,1416014,1417492,+,stage IV sporulation protein A,Function unknown,UPI00003C8FB1,Op823,,,P-loop_NTPase;SpoIVA_ATPase;SpoIVA_C;SpoIVA_middle;Spore_IV_A;,Spore_IV_A
Clo1313_1194,RS06075,CP002416.1,,1418175,1419554,+,extracellular solute-binding protein family 1,Carbohydrate transport and metabolism,UPI0001B1ECF9,Op824,,,SBP;,SBP_bac_1;SBP_bac_8
Clo1313_1195,RS06080,CP002416.1,,1419706,1420689,+,binding-protein-dependent transport systems inner membrane component,Carbohydrate transport and metabolism,UPI0001B1F068,Op825,,,ABC_transporter_permease;MetI-like;MetI-like_sf;,BPD_transp_1
Clo1313_1196,RS06085,CP002416.1,,1420689,1421558,+,binding-protein-dependent transport systems inner membrane component,Inorganic ion transport and metabolism,UPI0000F218BA,Op825,,,BP-dep_ABC_trans_perm;MetI-like;MetI-like_sf;,BPD_transp_1
Clo1313_1197,RS06090,CP002416.1,,1421837,1422133,+,hypothetical protein,No COG annotation,UPI0001C146AD,Op826,,,,-
Clo1313_1198,RS06095,CP002416.1,,1422290,1423348,+,cell wall hydrolase/autolysin,Cell wall/membrane/envelope biogenesis,UPI000038FCD6,Op827,,,Cu_amine_oxidase-like_N;Mao_N_sf;MurNAc-LAA_cat;N-acetylmuramoyl_amidase_3;,AMIN;Amidase_3;Cu_amine_oxidN1
Clo1313_1199,RS06100,CP002416.1,,1423723,1424145,+,hypothetical protein,Function unknown,UPI000038FCD5,Op828,,,DUF3842;,DUF3842
Clo1313_1200,RS06105,CP002416.1,,1424199,1424411,-,hypothetical protein,No COG annotation,UPI000038FCD4,Op829,,,,-
Clo1313_1201,RS06110,CP002416.1,,1424641,1427022,+,MutS2 family protein,"Replication, recombination and repair",UPI0001B1F067,Op830,,,DNA_mismatch_repair_MutS_C;DNA_mismatch_repair_MutS_core;DNA_mismatch_repair_MutS_sf;MSSS;MutS;MutS2;P-loop_NTPase;Smr_dom;Smr_dom_sf;,MutS_V;Smr
Clo1313_1202,ytvI,CP002416.1,,1427352,1428434,+,sporulation integral membrane protein YtvI,Function unknown,UPI0001B1F066,Op831,,,AI-2E-like;YtvI-like;,AI-2E_transport
Clo1313_1203,sigK,CP002416.1,,1428499,1429209,-,RNA polymerase%2C sigma 28 subunit%2C SigK,Transcription,UPI00003C9071,Op832,,,Cro/C1-type_HTH;RNA_pol_sigma-70_dom;RNA_pol_sigma-K;RNA_pol_sigma70;RNA_pol_sigma70_r2;RNA_pol_sigma70_r4;RNA_pol_sigma_r2;RNA_pol_sigma_r3/r4-like;Sigma-70_Factor;WH-like_DNA-bd_sf;,Sigma70_r2;Sigma70_r4
Clo1313_1204,RS06125,CP002416.1,,1429288,1430943,-,Peptidoglycan glycosyltransferase,Cell wall/membrane/envelope biogenesis,UPI00003C9070,Op833,,,Beta-lactam/transpept;Beta-lactam/transpept-like;PBP_dimer;PBP_dimer_sf;PCN-bd_Tpept;,PBP_dimer;Transpeptidase
Clo1313_1205,RS06130,CP002416.1,,1431241,1432476,-,peptidase U32,"Post-translational modification, protein turnover, and chaperones",UPI000038FDC5,Op834,,,Peptidase_U32;Peptidase_U32_C;;,Peptidase_U32;Peptidase_U32_C
Clo1313_1206,RS06135,CP002416.1,,1432538,1433176,-,O-methyltransferase family 3,Function unknown,UPI000038FDC6,Op835,,,Cation-dep_OMT;SAM-dependent_MTases_sf;SAM_O-MeTrfase;TrmR_methyltr;,Methyltransf_3
Clo1313_1207,mltG,CP002416.1,,1433298,1434419,-,aminodeoxychorismate lyase,Function unknown,UPI0000537A67,Op836,lytic endotransglycosylase activity,cell wall organization; peptidoglycan biosynthetic process,MLTG-like;,YceG
Clo1313_1208,typA,CP002416.1,,1434580,1436424,-,GTP-binding protein TypA,Signal transduction mechanisms,UPI0000F218B9,Op837,,,BipA;BipA_C;BipA_GTP-bd_dom;BipA_II;BipA_III;BipA_V;EFG_III/V;EFG_V-like;EFTu-like_2;G_TR_CS;P-loop_NTPase;Small_GTP-bd;T_Tr_GTP-bd_dom;Transl_B-barrel_sf;TypA/BipA_C;,EFG_C;EFG_II;GTP_EFTU;GTP_EFTU_D2
Clo1313_1209,rpsB,CP002416.1,,1436718,1437476,+,ribosomal protein S2,"Translation, ribosomal structure and biogenesis",UPI0000F218B8,Op838,structural constituent of ribosome,translation,Ribosomal_uS2;Ribosomal_uS2_bac/mit/plastid;Ribosomal_uS2_CS;Ribosomal_uS2_flav_dom_sf;,Ribosomal_S2
Clo1313_1210,tsf,CP002416.1,,1437672,1438319,+,translation elongation factor Ts,"Translation, ribosomal structure and biogenesis",UPI0000F218B7,Op839,translation elongation factor activity,,EF-Ts_dimer_sf;Transl_elong_EFTs/EF1B;Transl_elong_EFTs/EF1B_dimer;Transl_elong_Ts_CS;UBA-like_sf;,EF_TS
Clo1313_1211,RS06160,CP002416.1,,1438460,1439167,+,uridylate kinase,Nucleotide transport and metabolism,UPI0000F218B6,Op840,,,AceGlu_kinase-like_sf;Asp/Glu/Uridylate_kinase;Uridylate_kinase;Uridylate_kinase_bac;,AA_kinase
Clo1313_1212,frr,CP002416.1,,1439187,1439738,+,ribosome recycling factor,"Translation, ribosomal structure and biogenesis",UPI0001B1F064,Op840,ribosomal large subunit binding,translational termination,Ribosome_recyc_fac;Ribosome_recyc_fac_dom;RRF_sf;,RRF
Clo1313_1213,RS06170,CP002416.1,,1439741,1439941,+,hypothetical protein,No COG annotation,UPI0000F218AE,Op840,,,,-
Clo1313_1214,RS06175,CP002416.1,,1440063,1440821,+,undecaprenyl diphosphate synthase,Coenzyme transport and metabolism,UPI0000F218AD,Op841,,,UPP_synth-like;UPP_synth-like_CS;UPP_synth-like_sf;,Prenyltransf
Clo1313_1215,RS06180,CP002416.1,,1440824,1441660,+,phosphatidate cytidylyltransferase,Function unknown,UPI0000F218AC,Op841,,,,CTP_transf_1
Clo1313_1216,RS06185,CP002416.1,,1441693,1442838,+,1-deoxy-D-xylulose 5-phosphate reductoisomerase,Lipid transport and metabolism,UPI00003C90DB,Op841,,,DXP_reductoisomerase;DXP_reductoisomerase_C;DXP_reductoisomerase_N;DXPR_C;DXPR_C_sf;NAD(P)-bd_dom_sf;,DXPR_C;DXP_redisom_C;DXP_reductoisom
Clo1313_1217,rseP,CP002416.1,,1443020,1444294,+,membrane-associated zinc metalloprotease,Cell wall/membrane/envelope biogenesis,UPI0000535550,Op842,,,PDZ;PDZ_6;PDZ_sf;Pept_M50_Zn;Peptidase_M50;,PDZ;PDZ_2;Peptidase_M50
Clo1313_1218,ispG,CP002416.1,,1444525,1445583,+,1-hydroxy-2-methyl-2-(E)-butenyl 4-diphosphate synthase,Lipid transport and metabolism,UPI000038FD61,Op843,"4 iron, 4 sulfur cluster binding; 4-hydroxy-3-methylbut-2-en-1-yl diphosphate synthase activity (ferredoxin); 4-hydroxy-3-methylbut-2-enyl-diphosphate synthase activity (flavodoxin); iron ion binding","isopentenyl diphosphate biosynthetic process, methylerythritol 4-phosphate pathway; terpenoid biosynthetic process",Dihydropteroate_synth-like_sf;IspG_bac;IspG_bac-typ;IspG_C;IspG_TIM;NO2/SO3_Rdtase_4Fe4S_sf;,GcpE
Clo1313_1219,RS06200,CP002416.1,,1445601,1449929,+,DNA polymerase III%2C alpha subunit,"Replication, recombination and repair",UPI0001B1F063,Op843,,,DNA_pol3_alpha_NTPase_dom;DNA_pol3_finger;DNA_PolC-like_N_II;DNA_PolC-type_N_I;DnaE2/DnaE/PolC;DNAPol_HHH;DnaQ;NA-bd_OB-fold;PHP_dom;Pol/His_phosphatase_N;Pol_III_a_PolC-type_gram_pos;PolC_middle_finger_sf;Ribonucl_H;RNaseH-like_sf;RNaseH_sf;,DNA_pol3_a_NI;DNA_pol3_a_NII;DNA_pol3_alpha;HHH_6;PHP;RNase_T;tRNA_anti-codon
Clo1313_1220,Clo1313_1220,CP002416.1,,1449929,1450024,+,hypothetical protein,No COG annotation,UPI0001F3294F,Op844,,,,
Clo1313_1221,rimP,CP002416.1,,1450281,1450745,+,protein of unknown function DUF150,Function unknown,UPI00003C90DE,Op845,,ribosomal small subunit assembly; translation,Ribosome_maturation_RimP;RimP_C;RimP_C_sf;RimP_N;RimP_N_sf;,DUF150;DUF150_C
Clo1313_1222,nusA,CP002416.1,,1450833,1452047,+,NusA antitermination factor,Transcription,UPI0000F218AB,Op846,DNA-binding transcription factor activity; RNA binding,DNA-templated transcription termination; transcription antitermination,KH_dom;KH_dom-like_a/b;KH_NusA_2nd;KH_sf_prok-type;NA-bd_OB-fold;NusA_N_sf;S1_domain;TF_NusA;TF_NusA_prokaryotes;TF_NusA_KH_1st;TF_NusA_N;,KH_5;NusA_N;S1
Clo1313_1223,RS06215,CP002416.1,,1452130,1452408,+,protein of unknown function DUF448,Transcription,UPI0000F218AA,Op847,,,YlxR;YlxR-like_sf;YlxR_dom;,DUF448
Clo1313_1224,RS06220,CP002416.1,,1452395,1452748,+,ribosomal protein L7Ae/L30e/S12e/Gadd45,"Translation, ribosomal structure and biogenesis",UPI0000F218A9,Op847,,,Ribosomal_eL30-like_sf;Ribosomal_eL8/eL30/eS12/Gad45;,Ribosomal_L7Ae
Clo1313_1225,infB,CP002416.1,,1452726,1455833,+,translation initiation factor IF-2,"Translation, ribosomal structure and biogenesis",UPI0001F32950,Op847,,,,GTP_EFTU;IF-2;IF2_N
Clo1313_1226,rbfA,CP002416.1,,1455897,1456268,+,ribosome-binding factor A,"Translation, ribosomal structure and biogenesis",UPI0001B1F061,Op848,ribosomal small subunit binding,maturation of SSU-rRNA,KH_dom-like_a/b;RbfA;RbfA_dom_sf;Ribosome-bd_factorA_CS;,RBFA
Clo1313_1227,RS06235,CP002416.1,,1456319,1457275,+,phosphoesterase RecJ domain protein,Function unknown,UPI000038FBAD,Op849,,,DDH_dom;DHH_sf;DHHA1_dom;Oligoribo/pAp-PDE_c-di-AMP_PDE;,DHH;DHHA1
Clo1313_1228,truB,CP002416.1,,1457279,1458172,+,tRNA pseudouridine synthase B,"Translation, ribosomal structure and biogenesis",UPI000038FBAC,Op849,RNA binding; tRNA pseudouridine(55) synthase activity,mRNA pseudouridine synthesis; tRNA pseudouridine synthesis,PsdUridine_synth_cat_dom_sf;PsdUridine_synth_N;tRNA_psdUridine_synth_TruB;TruB_C;,TruB-C_2;TruB_C_2;TruB_N
Clo1313_1229,RS06245,CP002416.1,,1458239,1459177,+,riboflavin biosynthesis protein RibF,Coenzyme transport and metabolism,UPI000038FBAB,Op850,,,FAD_synthase;Riboflavin_kinase;Riboflavin_kinase_bac;Riboflavin_kinase_bac/euk;Riboflavin_kinase_dom_sf;Rossmann-like_a/b/a_fold;,FAD_syn;Flavokinase
Clo1313_1230,RS16000,CP002416.1,,1459224,1459391,-,hypothetical protein,No COG annotation,UPI00003C8F42,Op851,,,,-
Clo1313_1231,RS06250,CP002416.1,,1459562,1460854,+,peptidase M16 domain protein,Function unknown,UPI00003C8F43,Op852,,,Metalloenz_LuxS/M16;MPP/UQCRC_Complex;Peptidase_M16_C;,Peptidase_M16_C
Clo1313_1232,RS06255,CP002416.1,,1460897,1462174,+,peptidase M16 domain protein,Function unknown,UPI0001B1F041,Op853,,,Metalloenz_LuxS/M16;MPP/UQCRC_Complex;Pept_M16_N;Peptidase_M16_C;,Peptidase_M16;Peptidase_M16_C
Clo1313_1233,RS06260,CP002416.1,,1462192,1463154,+,prolipoprotein diacylglyceryl transferase,Cell wall/membrane/envelope biogenesis,UPI000038FBA8,Op853,,,Lgt;,LGT
Clo1313_1234,RS15590,CP002416.1,,1463337,1463489,+,hypothetical protein,Function unknown,UPI00017E6AFE,Op854,,,Spo0E-like;Spo0E-like_sf;,SpoOE-like
Clo1313_1235,rodA,CP002416.1,,1463699,1464829,+,rod shape-determining protein RodA,"Cell cycle control, cell division, chromosome partitioning",UPI00005328C4,Op855,,,Cell_cycle_FtsW-rel_CS;FtsW/RodA;RodA/MrdB;,FTSW_RODA_SPOVE
Clo1313_1236,mraZ,CP002416.1,,1465075,1465509,+,MraZ protein,Transcription,UPI0001F32951,Op856,DNA-binding transcription factor activity; transcription cis-regulatory region binding,negative regulation of DNA-templated transcription initiation,MraZ;MraZ_C;MraZ_dom;MraZ_N;MraZ_sf;SpoVT-AbrB_dom;SpoVT-AbrB_sf;,MraZ
Clo1313_1237,rsmH,CP002416.1,,1465559,1466500,+,S-adenosyl-methyltransferase MraW,"Translation, ribosomal structure and biogenesis",UPI00017E6EDC,Op857,rRNA (cytosine-N4-)-methyltransferase activity,rRNA base methylation,RsmH;SAM-dep_MeTrfase_MraW_recog;SAM-dependent_MTases_sf;,Methyltransf_5
Clo1313_1238,RS06280,CP002416.1,,1466939,1467427,+,cell division protein FtsL,"Cell cycle control, cell division, chromosome partitioning",UPI000038FBA4,Op858,,,,DivIC;FtsL
Clo1313_1239,RS06285,CP002416.1,,1467628,1469799,+,penicillin-binding protein transpeptidase,Cell wall/membrane/envelope biogenesis,UPI00003C8F44,Op859,,,Beta-lactam/transpept;Beta-lactam/transpept-like;PASTA_dom;PBP_dimer;PBP_dimer_sf;PCN-bd_Tpept;,PASTA;PBP_dimer;Transpeptidase
Clo1313_1240,RS06290,CP002416.1,,1469877,1471334,+,UDP-N-acetylmuramyl-tripeptide synthetase,Cell wall/membrane/envelope biogenesis,UPI00003C8F45,Op860,,,Folylpolyglutamate_synth_CS;Mur-like_cat_sf;Mur_ligase_C;Mur_ligase_C_dom_sf;Mur_ligase_cen;Mur_ligase_N;MurE/MurF_N;UDP-N-AcMur-Glu-dNH2Pim_ligase;,Mur_ligase;Mur_ligase_C;Mur_ligase_M
Clo1313_1241,RS06295,CP002416.1,,1471356,1472729,+,UDP-N-acetylmuramoylalanyl-D-glutamyl-2%2C6-diaminopimelate/D-alanyl-D-alanyl ligase,Cell wall/membrane/envelope biogenesis,UPI00003C8F46,Op860,,,Mur-like_cat_sf;Mur_ligase_C;Mur_ligase_C_dom_sf;Mur_ligase_cen;Mur_ligase_N;MurCDEF_CellWall_CoF430Synth;MurE/MurF_N;UDP-N-AcMur_synth;,Mur_ligase;Mur_ligase_C;Mur_ligase_M
Clo1313_1242,RS06300,CP002416.1,,1472817,1473803,+,phospho-N-acetylmuramoyl-pentapeptide-transferase,Cell wall/membrane/envelope biogenesis,UPI00017E4211,Op860,,,Glycosyl_transferase_4;PNAcMuramoyl-5peptid_Trfase;PNAcMuramoyl-5peptid_Trfase_CS;,Glycos_transf_4;MraY_sig1
Clo1313_1243,spoVE,CP002416.1,,1473884,1475035,+,stage V sporulation protein E,"Cell cycle control, cell division, chromosome partitioning",UPI00003C8F48,Op860,,,FtsW;FtsW/RodA;SpoVE;,FTSW_RODA_SPOVE
Clo1313_1244,murG,CP002416.1,,1475048,1476157,+,UDP-N-acetylglucosamine--N-acetylmuramyl-(pentapeptide) pyrophosphoryl-undecaprenol N-acetylglucosamine transferase,Cell wall/membrane/envelope biogenesis,UPI000053217F,Op860,"undecaprenyldiphospho-muramoylpentapeptide beta-N-acetylglucosaminyltransferase activity;UDP-N-acetyl-D-glucosamine:N-acetylmuramoyl-L-alanyl-D-glutamyl-meso-2,6-diaminopimelyl-D-alanyl-D-alanine-diphosphoundecaprenol 4-beta-N-acetylglucosaminlytransferase activity; undecaprenyldiphospho-muramoylpentapeptide beta-N-acetylglucosaminyltransferase activity",carbohydrate metabolic process; cell division; cell wall organization; peptidoglycan biosynthetic process; regulation of cell shape,GlcNAc_MurG;Glyco_trans_28_C;GlycoTrans_28_N;,Glyco_tran_28_C;Glyco_transf_28
Clo1313_1245,RS06315,CP002416.1,,1476355,1476729,+,UDP-N-acetylglucosamine 1-carboxyvinyltransferase,Cell wall/membrane/envelope biogenesis,UPI00003C8F49,Op860,,,Enolpyruvate_Tfrase_dom;Enolpyruvate_Tfrase_sf;;RNA3'P_cycl/enolpyr_Trfase_a/b;,EPSP_synthase
Clo1313_1246,RS06320,CP002416.1,,1476970,1477578,+,hypothetical protein,No COG annotation,UPI000038FE64,Op861,,,,
Clo1313_1248,RS06330,CP002416.1,,1478127,1479350,-,transposase mutator type,"Replication, recombination and repair",UPI00003C8CB2,Op862,,,,Transposase_mut
Clo1313_1249,RS06340,CP002416.1,,1479986,1482106,+,UvrD/REP helicase,"Replication, recombination and repair",UPI000038FE6D,Op863,,,DExx_box_DNA_helicase_dom_sf;UvrD-like_C;UvrD-like;P-loop_NTPase;UvrD-like_ATP-bd;,UvrD-helicase;UvrD_C
Clo1313_1250,RS06350,CP002416.1,,1483008,1483442,-,copper amine oxidase-like domain-containing protein,Carbohydrate transport and metabolism,UPI000038FB68,Op864,,,Cu_amine_oxidase-like_N;Mao_N_sf;,Cu_amine_oxidN1;Polysacc_deac_1
Clo1313_1251,RS06355,CP002416.1,,1483683,1484213,+,ATP:corrinoid adenosyltransferase BtuR/CobO/CobP,Coenzyme transport and metabolism,UPI000038FB67,Op865,,,CblAdoTrfase_CobA;P-loop_NTPase;,CobA_CobO_BtuR
Clo1313_1252,RS06360,CP002416.1,,1484300,1484758,-,amino acid-binding ACT domain protein,Amino acid transport and metabolism,UPI00003C8DFF,Op866,,,ACT-like_dom_sf;,ACT;ACT_7
Clo1313_1253,RS06365,CP002416.1,,1484781,1485539,-,dihydrodipicolinate reductase,Amino acid transport and metabolism,UPI00003C8DFE,Op866,,,DapB_C;DapB_N;DapB_N_CS;DHDPR_bac;NAD(P)-bd_dom_sf;,DapB_C;DapB_N
Clo1313_1254,RS06370,CP002416.1,,1485599,1486477,-,dihydrodipicolinate synthase,Amino acid transport and metabolism,UPI0000531BF6,Op866,,,Aldolase_TIM;DapA;DapA-like;Schiff_base-form_aldolases_AS;Schiff_base-form_aldolases_CS;,DHDPS
Clo1313_1255,RS06375,CP002416.1,,1486597,1487595,-,aspartate-semialdehyde dehydrogenase,Amino acid transport and metabolism,UPI000038FB63,Op866,,,Asp_semialdehyde_DH;Asp_semialdehyde_DH_beta;NAD(P)-bd_dom_sf;Semialdehyde_DH_NAD-bd;Semialdhyde_DH_dimer_dom;,Semialdhyde_dh;Semialdhyde_dhC
Clo1313_1256,RS06380,CP002416.1,,1488333,1490045,+,SpoIID/LytB domain protein,"Cell cycle control, cell division, chromosome partitioning",UPI0001B1EE7C,Op867,,,Bact_Sporulation_Assoc;SpoIID/LytB;SpoIID/LytB_N;,PG_binding_1;SpoIID;Y_Y_Y
Clo1313_1257,queA,CP002416.1,,1490269,1491294,+,S-adenosylmethionine/tRNA-ribosyltransferase-isomerase,Coenzyme transport and metabolism,UPI000038FB61,Op868,S-adenosylmethionine:tRNA ribosyltransferase-isomerase activity,tRNA queuosine(34) biosynthetic process,QueA;QueA_dom1;QueA_dom2;QueA_sf;,Queuosine_synth
Clo1313_1258,tgt,CP002416.1,,1491358,1492482,+,queuine tRNA-ribosyltransferase,"Translation, ribosomal structure and biogenesis",UPI00017E5EA1,Op868,metal ion binding; tRNA-guanosine(34) queuine transglycosylase activity,tRNA queuosine(34) biosynthetic process,ArchSynthase1/Queuine_TRR;TGT;TGT-like_sf;tRNA_ribo_trans-like;,TGT
Clo1313_1259,yajC,CP002416.1,,1492585,1492884,+,preprotein translocase%2C YajC subunit,"Intracellular trafficking, secretion, and vesicular transport",UPI0000F218A3,Op869,,,Preprotein_translocase_YajC;,YajC
Clo1313_1260,RS06400,CP002416.1,,1492930,1493403,-,hypothetical protein,Function unknown,UPI000038FB5E,Op870,,,CBM25;Ig-like_fold;,CBM53
Clo1313_1261,RS06405,CP002416.1,,1493694,1494104,+,hypothetical protein,Function unknown,UPI000038FB5D,Op871,,,DUF3792_TM;,DUF3792
Clo1313_1262,pyrR,CP002416.1,,1494403,1494957,+,phosphoribosyltransferase,Nucleotide transport and metabolism,UPI00003C8DFA,Op872,RNA binding; uracil phosphoribosyltransferase activity,DNA-templated transcription termination,PRTase-like;PRTase_dom;PyrR;PyrR_bifunctional;,Pribosyltran
Clo1313_1263,Clo1313_1263,CP002416.1,,1495003,1495146,+,Helicase conserved C-terminal domain containing protein-like protein,No COG annotation,UPI00017E4A21,Op873,,,,
Clo1313_1264,RS06420,CP002416.1,,1495237,1496175,+,aspartate carbamoyltransferase,Nucleotide transport and metabolism,UPI00003C8DF9,Op874,,,Asp/Orn_carbamoyltranf_P-bd;Asp/Orn_carbamoylTrfase;Asp/Orn_carbamoylTrfase_sf;Asp_carbamoyltransf;Asp_carbamoyltransf_Asp/Orn-bd;,OTCace;OTCace_N;PyrI_C
Clo1313_1265,RS06425,CP002416.1,,1496159,1497445,+,dihydroorotase%2C multifunctional complex type,Nucleotide transport and metabolism,UPI000038FB5A,Op874,,,DHOase;DHOase/Allantoinase_Hydrolase;DHOase_cat;Dihydroorotase_CS;Metal-dep_hydrolase_composite;Metal_Hydrolase;,Amidohydro_1
Clo1313_1266,pyrF,CP002416.1,,1497577,1498521,+,orotidine 5'-phosphate decarboxylase,Nucleotide transport and metabolism,UPI00003C8DF7,Op874,orotidine-5'-phosphate decarboxylase activity,'de novo' pyrimidine nucleobase biosynthetic process; 'de novo' UMP biosynthetic process,Aldolase_TIM;OMPdecase_AS;OMPdecase_type-2;OMPdeCOase_dom;RibuloseP-bd_barrel;,OMPdecase
Clo1313_1267,RS06435,CP002416.1,,1498551,1499624,+,carbamoyl-phosphate synthase%2C small subunit,Nucleotide transport and metabolism,UPI000038FB58,Op874,,,Anth_synth/Amidotransfase;CarbamoylP_synth_ssu;CarbamoylP_synth_ssu_N;CarbP_synth_ssu_N_sf;Class_I_gatase-like;CPSase_GATase1;GATASE;,CPSase_sm_chain;GATase
Clo1313_1268,carB,CP002416.1,,1499715,1502933,+,carbamoyl-phosphate synthase%2C large subunit,Nucleotide transport and metabolism,UPI00003C8DF6,Op874,,,ATP-grasp;ATP_grasp_subdomain_1;CarbamoylP_synth_lsu_oligo_sf;CPAse_ATP-bd;CPSase_dom;CPSase_lsu;CPSase_lsu_oligo;CPSase_preATP-grasp;MGS-like_dom;MGS-like_dom_sf;MGS_CPS_CarB;PreATP-grasp_dom_sf;,CPSase_L_D2;CPSase_L_D3;DAP_epimerase;MGS
Clo1313_1269,RS06445,CP002416.1,,1502959,1503744,+,Dihydroorotate dehydrogenase%2C electron transfer subunit%2C iron-sulfur cluster binding domain,Energy production and conversion,UPI00017E4A23,Op874,,,Cbr1-like_FAD-bd_dom;Cyt_c3_hydrogenase_gsu;Dihydroorotate_DH_ele_sf;Dihydroorotate_DH_Fe-S-bd;Dihydroorotate_DHASE_ETsu;FAD-bd_FR_type;FNR_nucleotide-bd;OxRdtase_FAD/NAD-bd;PyrK_electron_transfer;Riboflavin_synthase-like_b-brl;,DHODB_Fe-S_bind;FAD_binding_6;NAD_binding_1
Clo1313_1270,RS06450,CP002416.1,,1503737,1504660,+,dihydroorotate dehydrogenase family protein,Nucleotide transport and metabolism,UPI00003C8DF4,Op874,,,Aldolase_TIM;DHO_dehydrogenase;DHOD_1B;Dihydroorotate_DH_1;Dihydroorotate_DH_1_2;Dihydroorotate_DH_cat;Dihydroorotate_DH_CS;Dihydroorotate_DH_I;,DHO_dh
Clo1313_1271,RS06455,CP002416.1,,1504749,1505450,+,Phosphoglycerate mutase,Carbohydrate transport and metabolism,UPI00003C8DF3,Op875,,,His_Pase_superF_clade-1;His_PPase_superfam;Phosphoglycerate_Mutase;,Acetyltransf_1;His_Phos_1
Clo1313_1272,RS06460,CP002416.1,,1505526,1506518,+,metallophosphoesterase,"Replication, recombination and repair",UPI000038FBD8,Op876,,,Calcineurin-like_PHP;DNA_Repair-Maintenance_Comp;Metallo-depent_PP-like;,Metallophos;Metallophos_2
Clo1313_1273,RS06465,CP002416.1,,1506515,1507966,+,Rad50 zinc hook domain protein,"Replication, recombination and repair",UPI0001B1EE78,Op876,,,P-loop_NTPase;Rad50/SbcC_AAA;,AAA_15;AAA_23;Rad50_zn_hook
Clo1313_1274,RS06470,CP002416.1,,1507966,1508217,+,hypothetical protein,No COG annotation,UPI000038FBDA,Op876,,,,-
Clo1313_1275,rimO,CP002416.1,,1508363,1509724,+,MiaB-like tRNA modifying enzyme YliG,"Translation, ribosomal structure and biogenesis",UPI0000533949,Op877,"4 iron, 4 sulfur cluster binding; aspartic acid methylthiotransferase activity; catalytic activity, acting on a tRNA; metal ion binding; protein methylthiotransferase activity",tRNA methylthiolation,Elp3/MiaA/NifB-like_rSAM;Methylthiotransferase;Methylthiotransferase_CS;Methylthiotransferase_N;Methylthiotransferase_N_sf;NA-bd_OB-fold;Ribosomal_uS12_MeSTrfase_RimO;rSAM;rSAM_horseshoe;rSAM_sf;TRAM_dom;,Radical_SAM;TRAM;UPF0004
Clo1313_1276,pgsA,CP002416.1,,1509708,1510325,+,CDP-diacylglycerol/glycerol-3-phosphate 3-phosphatidyltransferase,Lipid transport and metabolism,UPI000038FBDC,Op877,,,CDP-alcohol_PTase-I;CDP-OH_P_trans;CDP-OH_PTrfase_TM_dom;CDP_ALCOHOL_P_TRANSF_CS;Phosphatidylglycerol_P_synth;,CDP-OH_P_transf
Clo1313_1277,RS06485,CP002416.1,,1510652,1511092,+,hypothetical protein,No COG annotation,UPI0001B1EE77,Op878,,,,
Clo1313_1278,RS06490,CP002416.1,,1511183,1511683,+,hypothetical protein,No COG annotation,UPI000038FBDE,Op879,,,6-blade_b-propeller_TolB-like;,
Clo1313_1279,fapR,CP002416.1,,1512322,1512870,+,regulatory protein DeoR,Transcription,UPI0001B1EE76,Op880,,,DeoR_HTH;HotDog_dom_sf;Transcription_factor_FapR;WH-like_DNA-bd_sf;WH_DNA-bd_sf;,4HBT;HTH_DeoR
Clo1313_1280,plsX,CP002416.1,,1512932,1513951,+,fatty acid/phospholipid synthesis protein PlsX,Lipid transport and metabolism,UPI0000537AD0,Op881,phosphate:acyl-[acyl carrier protein] acyltransferase activity,fatty acid biosynthetic process; phospholipid biosynthetic process,FA_synthesis;Phospholipid_synth_PlsX-like;,FA_synthesis
Clo1313_1281,RS06505,CP002416.1,,1513935,1514930,+,3-oxoacyl-(acyl-carrier-protein) synthase III,Lipid transport and metabolism,UPI0000534F31,Op881,,,ACP_syn_III_C;ACP_syn_III_N;FabH;Thiolase-like;,ACP_syn_III;ACP_syn_III_C
Clo1313_1282,fabD,CP002416.1,,1514984,1515919,+,malonyl CoA-acyl carrier protein transacylase,Lipid transport and metabolism,UPI00003C8DEF,Op881,,,Ac_transferase_dom_sf;Acyl_transferase_dom;Acyl_Trfase/lysoPLipase;Mal-CoA-ACP_Trans/PKS_FabD;Malonyl_CoA-ACP_transAc;Malonyl_CoA-ACP_transAc_FabD;Malonyl_transacylase_ACP-bd;,Acyl_transf_1
Clo1313_1283,fabG,CP002416.1,,1515961,1516704,+,3-oxoacyl-(acyl-carrier-protein) reductase,Lipid transport and metabolism,UPI00003C8DEE,Op881,,,3oxo_ACP_reduc;KR_dom;NAD(P)-bd_dom_sf;Sc_DH/Rdtase_CS;SDR;SDR_fam;,adh_short_C2
Clo1313_1284,acpP,CP002416.1,,1516792,1517016,+,acyl carrier protein,Lipid transport and metabolism,UPI000038FBE4,Op881,acyl binding; acyl carrier activity; phosphopantetheine binding,lipid A biosynthetic process,ACP;ACP-like_sf;PKS_PP-bd;PP-bd_ACP;Ppantetheine_attach_site;,PP-binding
Clo1313_1285,fabF,CP002416.1,,1517166,1518401,+,3-oxoacyl-(acyl-carrier-protein) synthase 2,Lipid transport and metabolism,UPI00003C8DED,Op882,,,3-oxoacyl-ACP_synth-2;Beta-ketoacyl_synthase;Ketoacyl_synth_AS;KAS_C;KAS_N;PKS_Beta-ketoAc_synthase_dom;Thiolase-like;,Ketoacyl-synt_C;ketoacyl-synt
Clo1313_1286,RS06530,CP002416.1,,1518553,1519263,+,ribonuclease III,"Translation, ribosomal structure and biogenesis",UPI0000F218A0,Op883,,,dsRBD_dom;RNase_III;RNase_III_dom;RNase_III_sf;,Ribonucleas_3_3;dsrm
Clo1313_1287,RS06535,CP002416.1,,1519484,1520500,+,Radical SAM domain protein,Chromatin structure and dynamics,UPI00003C9190,Op884,,,ELP3;Elp3/MiaA/NifB-like_rSAM;Radical_SAM_C;rSAM;rSAM_horseshoe;rSAM_sf;,Fer4_12;Fer4_14;Radical_SAM;Radical_SAM_C
Clo1313_1288,RS06540,CP002416.1,,1520659,1520919,+,Stage V sporulation protein S,Function unknown,UPI0000F2189F,Op885,,,Alba-like_dom_sf;SpoVS;,SpoVS
Clo1313_1289,pdxA,CP002416.1,,1521095,1522117,+,4-hydroxythreonine-4-phosphate dehydrogenase,Energy production and conversion,UPI00003C90CD,Op886,,,PdxA_fam;,PdxA
Clo1313_1290,smc,CP002416.1,,1522246,1525818,+,chromosome segregation protein SMC,"Cell cycle control, cell division, chromosome partitioning",UPI0001C14691,Op887,ATP binding; ATP hydrolysis activity; DNA binding,chromosome condensation; chromosome segregation; DNA replication; sister chromatid cohesion,P-loop_NTPase;RecF/RecN/SMC_N;SMC;SMC_hinge;SMC_hinge_sf;SMC_prok;,SMC_N;SMC_hinge
Clo1313_1291,ftsY,CP002416.1,,1525855,1526763,+,signal recognition particle-docking protein FtsY,"Intracellular trafficking, secretion, and vesicular transport",UPI00005323B6,Op887,GTP binding; GTPase activity; signal recognition particle binding,SRP-dependent cotranslational protein targeting to membrane,AAA+_ATPase;P-loop_NTPase;Signal_recog_particl_SRP54_hlx;SR_rcpt_FtsY;SRP/SRP_N;SRP54_GTPase_dom;SRP54_N_sf;,SRP54;SRP54_N
Clo1313_1292,RS06560,CP002416.1,,1526799,1527446,+,protein of unknown function DUF218,Function unknown,UPI00017E45FA,Op887,,,Cell_Envelope_Assoc;DUF218;Rossmann-like_a/b/a_fold;,DUF218
Clo1313_1293,RS06565,CP002416.1,,1527641,1528354,+,hypothetical protein,No COG annotation,UPI00003C90D1,Op888,,,DUF7852;,-
Clo1313_1294,RS06570,CP002416.1,,1528490,1529263,+,hypothetical protein,No COG annotation,UPI00003C90D2,Op889,,,DUF7852;Exosporium_prot_C;,-
Clo1313_1295,RS06575,CP002416.1,,1529474,1530463,+,diaminopimelate dehydrogenase,Amino acid transport and metabolism,UPI00017E45FB,Op890,,,Diaminopimelate_DH_Ddh;Meso-DAP_DH_C;NAD(P)-bd_dom_sf;,DAPDH_C;DapB_N
Clo1313_1296,RS06580,CP002416.1,,1530607,1530780,-,hypothetical protein,Function unknown,UPI00017E45FC,Op891,,,,-
Clo1313_1297,RS06585,CP002416.1,,1531910,1532929,+,fibronectin%2C type III domain-containing protein,Cell wall/membrane/envelope biogenesis,UPI0001B1EE40,Op892,,,,CARDB;PKD;Paired_CXXCH_1;SLH;fn3
Clo1313_1298,RS06590,CP002416.1,,1533161,1534036,-,transposase IS3/IS911 family protein,"Replication, recombination and repair",UPI0001C1462F,Op893,,,,HTH_21;HTH_Tnp_1;rve
Clo1313_1299,RS06600,CP002416.1,,1534503,1535576,+,fibronectin%2C type III domain-containing protein,Cell wall/membrane/envelope biogenesis,UPI0001F32962,Op894,,,Pectin_lyase_fold/virulence;,CARDB;PKD;Paired_CXXCH_1;SLH;fn3
Clo1313_1300,RS06605,CP002416.1,,1535613,1541648,+,Dockerin type 1,"Intracellular trafficking, secretion, and vesicular transport",UPI0001F32963,Op895,,,CarboxyPept-like_regulatory;Dockerin_1_rpt;Dockerin_dom;Dockerin_dom_sf;,LRR_5
Clo1313_1301,RS06610,CP002416.1,,1542072,1543814,+,glutaminyl-tRNA synthetase,"Translation, ribosomal structure and biogenesis",UPI00003C90C2,Op896,,,Gln-tRNA-synth;Gln/Glu-tRNA_Ligase;Gln_tRNA_ligase_bac;Glu/Gln-tRNA-synth;Glu/Gln-tRNA-synth_Ib_cat-dom;Glu/Gln-tRNA-synth_Ib_codon-bd;Rbsml_bL25/Gln-tRNA_synth_N;Ribosomal_bL25/Gln-tRNA_synth;Rossmann-like_a/b/a_fold;tRNA-synt_1c_C2;,tRNA-synt_1c;tRNA-synt_1c_C
Clo1313_1302,RS06615,CP002416.1,,1543937,1544821,-,hypothetical protein,Carbohydrate transport and metabolism,UPI00003C90C3,Op897,,,,-
Clo1313_1303,RS06620,CP002416.1,,1544913,1546115,-,hypothetical protein,No COG annotation,UPI0001B1EFDA,Op898,,,,-
Clo1313_1304,RS06625,CP002416.1,,1546093,1548627,-,Protein of unknown function DUF2339%2C transmembrane,Function unknown,UPI0001B1EFD9,Op899,,,DUF2339_TM;,DUF2339
Clo1313_1305,RS06630,CP002416.1,,1549153,1552386,+,glycoside hydrolase family 10,Carbohydrate transport and metabolism,UPI000038FC06,Op900,,,AB_hydrolase_fold;CenC_carb-bd;Dockerin_1_rpt;Dockerin_dom;Dockerin_dom_sf;EF_Hand_1_Ca_BS;Esterase-like;Galactose-bd-like_sf;GH_hydrolase_sf;GH10;GH10_AS;GH10_dom;,CBM_4_9;Esterase;Glyco_hydro_10
Clo1313_1306,pgeF,CP002416.1,,1552694,1553533,+,protein of unknown function DUF152,Function unknown,UPI0001B1EFD8,Op901,,,Cu_polyphenol_OxRdtase;Cu_polyphenol_OxRdtase_sf;Cytotoxic_necrot_fac-like_cat;,Cu-oxidase_4
Clo1313_1307,Clo1313_1307,CP002416.1,,1553530,1553631,+,hypothetical protein,No COG annotation,UPI0001F32964,Op902,,,,
Clo1313_1308,RS06640,CP002416.1,,1553628,1555316,+,extracellular solute-binding protein family 5,Amino acid transport and metabolism,UPI0001F32965,Op903,,,Peptide/Ni-bd;SBP_5;SBP_5_dom;,SBP_bac_5
Clo1313_1309,lspA,CP002416.1,,1555397,1555852,+,lipoprotein signal peptidase,Cell wall/membrane/envelope biogenesis,UPI00003C8EB8,Op904,aspartic-type endopeptidase activity,proteolysis,Peptidase_A8;,Peptidase_A8
Clo1313_1310,RS06650,CP002416.1,,1555978,1556889,+,pseudouridine synthase%2C RluA family,"Translation, ribosomal structure and biogenesis",UPI000038FC0A,Op905,,,PsdUridine_synth_cat_dom_sf;PsdUridine_synth_RluA-like_CS;PsdUridine_synth_RluC/D;PsdUridine_synth_RsuA/RluA;RluA_PseudoU_synthase;S4_RNA-bd;S4_RNA-bd_sf;,PseudoU_synth_2;S4
Clo1313_1311,scfA,CP002416.1,,1556987,1557127,+,hypothetical protein,Function unknown,UPI0000F21898,Op906,,,Six-Cys_pep_SCIFF;,SCIFF
Clo1313_1312,scfB,CP002416.1,,1557278,1558630,+,Radical SAM domain protein,Energy production and conversion,UPI00003C8EB7,Op906,,,4Fe4S-binding_SPASM_dom;Aldolase_TIM;MoaA_NifB_PqqE_Fe-S-bd_CS;rSAM;rSAM_sf;SCIFF_rSAM_maturase;SPASM_CteB-like;Sulphatase_maturase_rSAM;,Fer4_12;Radical_SAM;SPASM
Clo1313_1313,RS06660,CP002416.1,,1558661,1559326,+,metal dependent phosphohydrolase,Function unknown,UPI00003C8EB6,Op906,,,HD/PDEase_dom;HD_domain;MJ1020-like;,HD
Clo1313_1314,secD,CP002416.1,,1559489,1560826,+,protein-export membrane protein SecD,"Intracellular trafficking, secretion, and vesicular transport",UPI00017E4A19,Op907,protein-transporting ATPase activity,intracellular protein transmembrane transport; protein targeting; protein transport by the Sec complex,Acrflvin-R;SecD;SecD/SecF_arch_bac;SecD_SecF_C;SecD_SecF_C_bact;SecDF_P1_head;,SecD_SecF
Clo1313_1315,secF,CP002416.1,,1560819,1561775,+,protein-export membrane protein SecF,"Intracellular trafficking, secretion, and vesicular transport",UPI00003C8EB4,Op907,protein-transporting ATPase activity,intracellular protein transmembrane transport; protein targeting; protein transport by the Sec complex,SecD/SecF_arch_bac;SecD/SecF_bac;SecD_SecF_C;SecD_SecF_C_bact;SecF_bac;,SecD_SecF;Sec_GG
Clo1313_1316,panB,CP002416.1,,1562150,1563001,+,3-methyl-2-oxobutanoate hydroxymethyltransferase,Coenzyme transport and metabolism,UPI0000F21897,Op908,3-methyl-2-oxobutanoate hydroxymethyltransferase activity; magnesium ion binding,pantothenate biosynthetic process,Pantoate_hydroxy_MeTrfase;Pyrv/PenolPyrv_kinase-like_dom;Pyrv_kinase-like_dom_sf;,Pantoate_transf
Clo1313_1317,RS06680,CP002416.1,,1563062,1563907,+,pantoate/beta-alanine ligase,Coenzyme transport and metabolism,UPI00003C8EB2,Op908,,,Pantoate_ligase;Pantoate_ligase_C;Rossmann-like_a/b/a_fold;,Pantoate_ligase
Clo1313_1318,RS06685,CP002416.1,,1563913,1564293,+,aspartate 1-decarboxylase,Coenzyme transport and metabolism,UPI000038FD8A,Op908,,,Asp_de-COase-like_dom_sf;Asp_decarbox;,Asp_decarbox
Clo1313_1319,RS06690,CP002416.1,,1564334,1564606,-,hypothetical protein,No COG annotation,UPI000038FD89,Op909,,,,-
Clo1313_1320,RS06695,CP002416.1,,1564983,1566020,+,metal dependent phosphohydrolase,Signal transduction mechanisms,UPI000038FD88,Op910,,,HD/PDEase_dom;HD_domain;HD_GYP_dom;HDIG_dom;,HD
Clo1313_1321,RS06700,CP002416.1,,1566167,1567162,+,deoxyguanosinetriphosphate triphosphohydrolase,Nucleotide transport and metabolism,UPI0001B1EFD6,Op911,,,dGTPase;Diverse_Catalytic_Enzymes;dNTPase_2;HD/PDEase_dom;HD_domain;PHydrolase_assoc_dom;,HD;HD_assoc
Clo1313_1322,Clo1313_1322,CP002416.1,,1567427,1567528,+,hypothetical protein,No COG annotation,UPI0001F3296E,Op912,,,,
Clo1313_1323,RS06705,CP002416.1,,1567521,1569323,+,DNA primase,"Replication, recombination and repair",UPI000038FD86,Op913,,,DNA_helicase_N/primase_C;DNA_primase_core_N_sf;DNA_primase_DnaB-bd;DNA_primase_DnaG;DNA_primase_Znf_CHC2;DnaG_bac;DNAG_N;DnaG_primase;TOPRIM_DnaG_bac;TOPRIM_dom;Znf_CHC2;,DnaB;DnaB_bind;Toprim_2;Toprim_4;Toprim_N;zf-CHC2
Clo1313_1324,rpoD,CP002416.1,,1569373,1570449,+,RNA polymerase%2C sigma 70 subunit%2C RpoD subfamily,Transcription,UPI0001B1EFD3,Op914,,,RNA_pol_sigma-70_dom;RNA_pol_sigma70;RNA_pol_sigma70_r1_2;RNA_pol_sigma70_r2;RNA_pol_sigma70_r3;RNA_pol_sigma70_r4;RNA_pol_sigma_70_r1_1;RNA_pol_sigma_70_r1_1_sf;RNA_pol_sigma_r2;RNA_pol_sigma_r3/r4-like;RNA_pol_sigma_RpoD_C;Sigma-70_RNA_pol_init_factors;Sigma70_RpoD;WH-like_DNA-bd_sf;,Sigma70_r1_1;Sigma70_r1_2;Sigma70_r2;Sigma70_r3;Sigma70_r4
Clo1313_1325,RS06715,CP002416.1,,1570736,1570954,+,hypothetical protein,Function unknown,UPI0000F21896,Op915,,,Ferritin-like;Ferritin-like_SF;Rr_diiron-bd_dom;,Rubrerythrin
Clo1313_1326,RS16005,CP002416.1,,1571302,1571472,-,hypothetical protein,No COG annotation,UPI00003C8EB0,Op916,,,,
Clo1313_1327,RS06730,CP002416.1,,1571589,1572293,+,protein of unknown function DUF633,Function unknown,UPI00003C8EAF,Op917,,,SAM-dependent_MTases_sf;TrmK;,Methyltransf_18;TrmK
Clo1313_1328,RS06735,CP002416.1,,1572307,1573413,+,protein of unknown function DUF34,Function unknown,UPI00003C8EAE,Op917,,,DUF34/NIF3;DUF34/NIF3_bac;DUF34/NIF3_sf;N-reg_PII/ATP_PRibTrfase_C;,NIF3
Clo1313_1329,RS06740,CP002416.1,,1573919,1574362,-,response regulator receiver protein,Signal transduction mechanisms,UPI000038FD07,Op918,,,Bact_response_regulator;CheY-like_superfamily;Sig_transdc_resp-reg_receiver;,Response_reg
Clo1313_1330,RS06745,CP002416.1,,1574537,1575199,+,RNA polymerase%2C sigma-24 subunit%2C ECF subfamily,Transcription,UPI000038FD06,Op919,,,RNA_pol_sigma-70-like;RNA_pol_sigma-70_dom;RNA_pol_sigma70_r2;RNA_pol_sigma70_r4_t2;RNA_pol_sigma_r2;RNA_pol_sigma_r3/r4-like;WH-like_DNA-bd_sf;,Sigma70_r2;Sigma70_r4_2
Clo1313_1331,RS06750,CP002416.1,,1575220,1576209,+,hypothetical protein,Transcription,UPI00017E4E37,Op919,,,,zf-HC2
Clo1313_1332,RS06755,CP002416.1,,1576342,1577040,+,type IV pilus assembly PilZ,Function unknown,UPI0001F3296F,Op920,,,PilZ_domain;,PilZ
Clo1313_1333,RS06760,CP002416.1,,1577265,1577477,+,hypothetical protein,No COG annotation,UPI00003C8EAC,Op921,,,,-
Clo1313_1334,polA,CP002416.1,,1577578,1580262,+,DNA polymerase I,"Replication, recombination and repair",UPI000038FD02,Op922,3'-5' exonuclease activity; 5'-3' exonuclease activity; DNA binding; DNA-directed DNA polymerase activity,DNA-templated DNA replication; double-strand break repair,3'-5'_exonuclease_dom;5-3_exonucl_a-hlix_arch_N;5-3_exonuclease;5-3_exonuclease_C_sf;DNA-dir_DNA_pol_A_CS;DNA-dir_DNA_pol_A_palm_dom;DNA/RNA_pol_sf;DNA_polI_exonuclease;DNA_polI_H3TH;DNA_polymerase_1;DNA_polymerase_A;HhH2;PIN-like_dom_sf;RNaseH-like_sf;RNaseH_sf;,5_3_exonuc;5_3_exonuc_N;DNA_pol_A;DNA_pol_A_exo1
Clo1313_1335,RS06770,CP002416.1,,1580338,1580925,+,dephospho-CoA kinase,Coenzyme transport and metabolism,UPI00005336DA,Op923,,,Depp_CoAkinase;P-loop_NTPase;,CoaE
Clo1313_1336,RS06775,CP002416.1,,1580963,1581529,+,Lytic transglycosylase catalytic,Cell wall/membrane/envelope biogenesis,UPI0000F218FC,Op923,,,Lysozyme-like_dom_sf;Transglyc_AS;Transglycosylase_SLT_dom_1;,SLT
Clo1313_1337,RS06780,CP002416.1,,1581643,1582062,-,regulatory protein%2C MerR,Cell motility,UPI000038FCFF,Op924,,,,-
Clo1313_1338,RS06785,CP002416.1,,1582313,1583203,+,protein of unknown function DUF6 transmembrane,Amino acid transport and metabolism,UPI0000533E3F,Op925,,,AA-Vitamin_Transporters;EamA_dom;EmrE-like;,EamA
Clo1313_1339,RS06790,CP002416.1,,1583301,1584431,+,diguanylate cyclase,Signal transduction mechanisms,UPI00003C8EAA,Op926,,,Diguanylate_Cyclase;GGDEF_dom;Nucleotide_cyclase;Rev_trsase/Diguanyl_cyclase;,5TM-5TMR_LYT;GGDEF
Clo1313_1340,aroF,CP002416.1,,1584613,1585629,-,phospho-2-dehydro-3-deoxyheptonate aldolase,Amino acid transport and metabolism,UPI00003C8EA9,Op927,,,Aldolase_TIM;Class-I_DAHP_synthase;DAHP1/KDSA;DAHP_snth_FXD;DAHP_syn_2;,DAHP_synth_1
Clo1313_1341,RS06800,CP002416.1,,1586624,1587202,+,CheW protein,Cell motility,UPI0000F218FB,Op928,,,CheW;CheW-like_dom_sf;CheW-lke_dom;,CheW
Clo1313_1342,ychF,CP002416.1,,1587330,1588424,-,GTP-binding protein YchF,"Translation, ribosomal structure and biogenesis",UPI0000538579,Op929,ATP binding; ATP hydrolysis activity; GTP binding; metal ion binding; ribosomal large subunit binding,,ATPase_YchF/OLA1;Beta-grasp_dom_sf;G_OBG;GTP-bd;P-loop_NTPase;TGS;TGS-like;TGS-like_dom_sf;YchF_C;YchF_N;,MMR_HSR1;YchF-GTPase_C
Clo1313_1343,RS06810,CP002416.1,,1588573,1589865,-,glycosyl transferase family protein,Cell wall/membrane/envelope biogenesis,UPI00003C8F3B,Op930,,,LipidA_mod_glycosyltrf_83;RgtA/B/C-like;,PMT_2
Clo1313_1344,trpE,CP002416.1,,1590359,1591843,+,anthranilate synthase component I,Amino acid transport and metabolism,UPI00001375B7,Op931,anthranilate synthase activity; metal ion binding,L-tryptophan biosynthetic process,ADC_synthase;Anth_synth_I-like;Anth_synth_I_N;Anth_synth_I_PabB;Chorismate_C;,Anth_synt_I_N;Chorismate_bind
Clo1313_1345,RS06820,CP002416.1,,1591840,1592430,+,glutamine amidotransferase of anthranilate synthase,Amino acid transport and metabolism,UPI0001B1EF9C,Op931,,,Anth_synth/Amidotransfase;Class_I_gatase-like;GATASE;TrpG/PapA_dom;,GATase
Clo1313_1346,trpD,CP002416.1,,1592505,1593542,+,anthranilate phosphoribosyltransferase,Amino acid transport and metabolism,UPI000038FDEF,Op931,anthranilate phosphoribosyltransferase activity; magnesium ion binding,L-tryptophan biosynthetic process,Anthranilate_Pribosyl_Tfrase;Glycosyl_Trfase_fam3;Glycosyl_Trfase_fam3_N_dom;Glycosyl_Trfase_fam3_N_dom_sf;Nuc_phospho_transferase;,Glycos_trans_3N;Glycos_transf_3
Clo1313_1347,trpC,CP002416.1,,1593608,1594390,+,Indole-3-glycerol-phosphate synthase,Amino acid transport and metabolism,UPI000038FDEE,Op931,indole-3-glycerol-phosphate synthase activity; phosphoribosylanthranilate isomerase activity,L-tryptophan biosynthetic process,Aldolase_TIM;Indole-3-glycerol_P_synth;Indole-3-glycerol_P_synth_dom;Indole-3-GlycerolPSynthase_CS;RibuloseP-bd_barrel;,IGPS
Clo1313_1348,RS06835,CP002416.1,,1594394,1595050,+,Phosphoribosylanthranilate isomerase,Amino acid transport and metabolism,UPI000038FDED,Op931,,,Aldolase_TIM;PRAI_dom;RibuloseP-bd_barrel;TrpF_fam;,PRAI
Clo1313_1349,RS06840,CP002416.1,,1595145,1595732,+,NADPH-dependent FMN reductase,Function unknown,UPI00017E567D,Op932,,,Flavoprotein-like_sf;FMN_Rdtase-like_dom;ISF_SsuE-like;,FMN_red
Clo1313_1350,Clo1313_1350,CP002416.1,,1595707,1595877,+,hypothetical protein,No COG annotation,UPI00017E567E,Op933,,,,
Clo1313_1351,RS06845,CP002416.1,,1595994,1596662,+,hypothetical protein,Inorganic ion transport and metabolism,UPI00003C8F38,Op934,,,P-loop_NTPase;,CbiA;ParA
Clo1313_1352,RS06850,CP002416.1,,1596676,1597386,+,type IV pilus assembly PilZ,Function unknown,UPI00003C8F37,Op934,,,PilZ_domain;,PilZ
Clo1313_1353,RS06855,CP002416.1,,1597399,1597605,+,4Fe-4S ferredoxin iron-sulfur binding domain protein,Energy production and conversion,UPI00003C8F36,Op934,,,4Fe4S_Fe-S-bd;4Fe4S_Fe_S_CS;,Fer4;Fer4_4;Fer4_7
Clo1313_1354,RS06860,CP002416.1,,1597656,1598714,+,pyruvate flavodoxin/ferredoxin oxidoreductase domain protein,Energy production and conversion,UPI00003C8F35,Op935,,,2-oxoacid_oxidoreductase;PFOR_II;Pyrv_Fd/Flavodoxin_OxRdtase_N;THDP-binding;Transketo_C/PFOR_II;,PFOR_II;POR_N
Clo1313_1355,RS06865,CP002416.1,,1598765,1599511,+,thiamine pyrophosphate TPP-binding domain-containing protein,Energy production and conversion,UPI000038FC41,Op936,,,2-oxoacid:Fd_oxidoreductase;THDP-binding;TPP_enzyme_TPP-bd;,TPP_enzyme_C
Clo1313_1356,RS06870,CP002416.1,,1599512,1600057,+,Pyruvate/ketoisovalerate oxidoreductase%2C catalytic domain,Energy production and conversion,UPI000038FC40,Op936,,,2-oxoglutarate_synth_KorC;Pyrv/ketoisovalerate_OxRed_cat;Pyrv_flavodox_OxRed_cen;,POR
Clo1313_1357,RS06875,CP002416.1,,1600250,1602367,-,glutamine synthetase catalytic region,Function unknown,UPI000038FC3F,Op937,,,Gln-synt_C;Gln_synt_N;Gln_synth/guanido_kin_cat_dom;Gln_synth_cat_dom;Gln_synth_gly_rich_site;GS_Type-3;GSIII_N;,GSIII_N;Gln-synt_C
Clo1313_1358,RS06880,CP002416.1,,1602599,1602919,-,hypothetical protein,Function unknown,UPI000038FC3E,Op938,,,GerY;,YmaF
Clo1313_1359,RS06885,CP002416.1,,1603094,1604230,-,cell envelope-related transcriptional attenuator,Transcription,UPI000038FC3D,Op939,,,LytR/CpsA/Psr_CW_biosynth;LytR_CpsA_psr;,LytR_cpsA_psr
Clo1313_1360,RS06890,CP002416.1,,1604513,1605232,+,Rubrerythrin,Energy production and conversion,UPI0001B1EF9A,Op940,,,Ferritin-like;Ferritin-like_diiron;Ferritin-like_SF;Rr_diiron-bd_dom;Rubrerythrin;RUBY_RBDX;,Rubrerythrin
Clo1313_1361,RS06895,CP002416.1,,1605249,1605794,-,hypothetical protein,No COG annotation,UPI000038FC3B,Op941,,,,
Clo1313_1362,floA,CP002416.1,,1605849,1606838,-,band 7 protein,Function unknown,UPI00017E5A90,Op942,,,FloA;,YdfA_immunity
Clo1313_1363,RS06905,CP002416.1,,1606941,1607432,-,protein of unknown function DUF107,"Post-translational modification, protein turnover, and chaperones",UPI0000531F9F,Op943,,,Membrane_assoc_protease;NA-bd_OB-fold;NfeD-like_C;NfeD_membrane;,NfeD
Clo1313_1364,RS06910,CP002416.1,,1607722,1608792,-,branched-chain amino acid aminotransferase,Amino acid transport and metabolism,UPI000038FC38,Op944,,,Aminotrans_IV;Aminotrans_IV_CS;Aminotransferase-like;B_amino_transII;BCAT-like_C;BCAT-like_N;BCAT_family;,Aminotran_4
Clo1313_1365,RS06915,CP002416.1,,1609093,1609596,+,HAD superfamily (subfamily IIIA) phosphatase%2C TIGR01668,Function unknown,UPI000038FC37,Op945,,,HAD-like_sf;HAD-SF_hydro_IA;HAD-SF_hydro_IIIA;HAD_sf;PGP_Pase;PGPP1/Gep4;,HAD_2;Hydrolase;Hydrolase_like;PGP_phosphatase
Clo1313_1366,RS06920,CP002416.1,,1609641,1610537,+,shikimate 5-dehydrogenase,Amino acid transport and metabolism,UPI000053857E,Op946,,,Aminoacid_DH-like_N_sf;NAD(P)-bd_dom_sf;SDH_C;Shikimate_DH;Shikimate_DH-bd_N;Shikimate_DH_fam;Shikm_DH/Glu-tRNA_Rdtase;,CM_2;SKI;Shikimate_DH;Shikimate_dh_N
Clo1313_1367,tadA,CP002416.1,,1610633,1612318,+,type II secretion system protein E,Cell motility,UPI00003C8F2F,Op946,tRNA-specific adenosine-34 deaminase activity; zinc ion binding,tRNA wobble adenosine to inosine editing,P-loop_NTPase;T2SS/T4SS_dom;T2SS_E_N_sf;T2SS_GspE_N;,T2SSE;T2SSE_N
Clo1313_1368,RS06930,CP002416.1,,1612404,1613249,+,Prepilin peptidase,Cell motility,UPI0001B1EF99,Op947,,,Peptidase_A24A_bac;Prepilin_IV_endopep_pep;Prepilin_pept_A24_N;Prepilin_peptidase/N-MTase;,DiS_P_DiS;Peptidase_A24
Clo1313_1369,RS06935,CP002416.1,,1613430,1613696,+,Late competence development protein ComFB,Function unknown,UPI000053185B,Op948,,,ComFB;,ComFB
Clo1313_1370,RS06940,CP002416.1,,1613809,1614699,+,Xylose isomerase domain-containing protein TIM barrel,"Replication, recombination and repair",UPI00017E3E1E,Op949,,,AP_endonuc_2;Xyl_isomerase-like_sf;Xyl_isomerase-like_TIM-brl;,AP_endonuc_2
Clo1313_1371,aroQ,CP002416.1,,1614677,1615105,+,3-dehydroquinate dehydratase%2C type II,Amino acid transport and metabolism,UPI0000F218F3,Op949,3-dehydroquinate dehydratase activity,amino acid biosynthetic process; aromatic amino acid family biosynthetic process; chorismate biosynthetic process; quinate catabolic process,DHquinase_II;DHquinase_II_CS;DHquinase_II_sf;,DHquinase_II
Clo1313_1372,RS06950,CP002416.1,,1615188,1616267,+,peptidase M24,Amino acid transport and metabolism,UPI0001B1EF98,Op950,,,Creatin/AminoP/Spt16_N;Creatinase/aminopeptidase-like;Creatinase_N;Pept_M24;Pept_M24_MAP;Peptidase_M24B;Peptidase_M24B_aminopep-P_CS;,Creatinase_N;Peptidase_M24
Clo1313_1373,efp,CP002416.1,,1616483,1617040,+,translation elongation factor P,"Translation, ribosomal structure and biogenesis",UPI000038FDF7,Op951,translation elongation factor activity,peptide biosynthetic process,Elong-fact-P_C;NA-bd_OB-fold;Rib_uL2_dom2;Transl_elong_fac_P/YeiP;Transl_elong_KOW-like;Transl_elong_P/YeiP_cen;Transl_elong_P/YeiP_CS;Transl_elongation_fac_P;Translation_prot_SH3-like_sf;,EFP;EFP_N;Elong-fact-P_C
Clo1313_1374,RS06960,CP002416.1,,1617172,1617582,+,hypothetical protein,Function unknown,UPI000038FDF8,Op952,,,CD1247_N;,-
Clo1313_1375,tnpA,CP002416.1,,1617784,1618260,+,transposase IS200-family protein,"Replication, recombination and repair",UPI00017E3E22,Op953,,,,Y1_Tnp
Clo1313_1376,spoIIIAA,CP002416.1,,1618533,1619543,+,stage III sporulation protein AA,Function unknown,UPI0000F218F1,Op954,,,AAA+_ATPase;P-loop_NTPase;Spore_III_AA;Spore_III_AA_AAA+_ATPase;,T2SSE
Clo1313_1377,spoIIIAB,CP002416.1,,1619546,1620067,+,stage III sporulation protein AB,Function unknown,UPI00005360AE,Op954,,,Spore_III_AB;,Spore_III_AB
Clo1313_1378,spoIIIAC,CP002416.1,,1620170,1620364,+,stage III sporulation protein AC,Function unknown,UPI00003C911F,Op955,,,Spore_III_AC;Spore_III_AC/AD;,SpoIIIAC
Clo1313_1379,spoIIIAD,CP002416.1,,1620390,1620779,+,stage III sporulation protein AD,Function unknown,UPI0000531EBD,Op955,,,Spore_III_AC/AD;Spore_III_AD;,SpoIIIAC
Clo1313_1380,spoIIIAE,CP002416.1,,1620844,1622073,+,stage III sporulation protein AE,Function unknown,UPI0000F218EC,Op956,,,Spore_III_AE;,Spore_III_AE
Clo1313_1381,spoIIIAF,CP002416.1,,1622096,1622728,+,stage III sporulation protein AF,Function unknown,UPI0000F218EB,Op956,,,Spore_III_AF;,Spore_III_AF
Clo1313_1382,spoIIIAG,CP002416.1,,1622739,1623362,+,stage III sporulation protein AG,Function unknown,UPI0000F218EA,Op956,,,SpoIIIAG;,-
Clo1313_1383,RS07005,CP002416.1,,1623469,1624116,+,hypothetical protein,Function unknown,UPI00003C914E,Op957,,,SpoIIIAH;SpoIIIAH_sf;,SpoIIIAH
Clo1313_1384,RS07010,CP002416.1,,1624217,1624621,+,protein of unknown function DUF322,Function unknown,UPI00003C914F,Op958,,,Asp23;,Asp23
Clo1313_1385,amaP,CP002416.1,,1624825,1625373,+,hypothetical protein,Function unknown,UPI000053812A,Op959,,,,Asp23
Clo1313_1386,RS07020,CP002416.1,,1625387,1625620,+,Protein of unknown function DUF2273,Function unknown,UPI0001B1EF23,Op959,,,DUF2273;,DUF2273
Clo1313_1387,nusB,CP002416.1,,1625675,1626112,+,NusB antitermination factor,Transcription,UPI00003C9152,Op960,RNA binding,DNA-templated transcription termination; transcription antitermination,NusB-like_sf;NusB_fam;NusB_RsmB_TIM44;,NusB
Clo1313_1388,RS07030,CP002416.1,,1626159,1627394,+,exodeoxyribonuclease VII%2C large subunit,"Replication, recombination and repair",UPI0000F218E9,Op961,,,Exonuc_VII_L;Exonuc_VII_lsu_C;OB-fold_nuc-bd_dom;,Exonuc_VII_L;tRNA_anti_2
Clo1313_1389,RS07035,CP002416.1,,1627428,1627670,+,exodeoxyribonuclease VII%2C small subunit,"Replication, recombination and repair",UPI00003C8DA0,Op961,,,Exonuc_VII_S;Exonuc_VII_ssu_sf;,Exonuc_VII_S
Clo1313_1390,RS07040,CP002416.1,,1627651,1628547,+,Polyprenyl synthetase,Coenzyme transport and metabolism,UPI0001B1EF22,Op961,,,Isoprenoid_synthase_dom_sf;Polyprenyl_synt;Polyprenyl_synt_CS;Prenyl_diphosphate_synthase;,polyprenyl_synt
Clo1313_1391,RS07045,CP002416.1,,1628585,1629031,+,acid phosphatase/vanadium-dependent haloperoxidase related protein,Function unknown,UPI000038F86A,Op961,,,DUF212;,DUF212
Clo1313_1392,RS07050,CP002416.1,,1629924,1630652,+,hypothetical protein,Function unknown,UPI000038F869,Op962,,,,-
Clo1313_1393,RS07055,CP002416.1,,1630683,1632566,+,deoxyxylulose-5-phosphate synthase,Coenzyme transport and metabolism,UPI00005332AF,Op962,,,Dxylulose-5-P_synthase;THDP-binding;Transketo_C/PFOR_II;Transketolase-like_Pyr-bd;Transketolase_BS;Transketolase_C;Transketolase_CS;,DXP_synthase_N;Transket_pyr;Transketolase_C
Clo1313_1394,RS07060,CP002416.1,,1632629,1633441,+,hemolysin A,"Translation, ribosomal structure and biogenesis",UPI0000531CC4,Op963,,,Hemolysin_A/TlyA;RNA_MeTrfase_FtsJ_dom;S4_RNA-bd;S4_RNA-bd_sf;SAM-dependent_MTases_sf;TlyA;,FtsJ;S4
Clo1313_1395,RS07065,CP002416.1,,1633494,1634279,+,hypothetical protein,No COG annotation,UPI000038F866,Op964,,,,
Clo1313_1396,RS07070,CP002416.1,,1634731,1636680,+,glycoside hydrolase family 9,Carbohydrate transport and metabolism,UPI00017E2AFA,Op965,,,6-hairpin_glycosidase_sf;6hp_glycosidase-like_sf;Cellulase_Ig-like;Dockerin_1_rpt;Dockerin_dom;Dockerin_dom_sf;EF_Hand_1_Ca_BS;Glyco_hydro_9;Glyco_hydro_9_Asp/Glu_AS;Glyco_hydro_9_His_AS;Ig-like_fold;Ig_E-set;,CelD_N;Dockerin_1;Glyco_hydro_9
Clo1313_1397,RS07075,CP002416.1,,1636806,1638581,-,copper amine oxidase-like domain-containing protein,Carbohydrate transport and metabolism,UPI0001B1EF21,Op966,,,CTDL_fold;Cu_amine_oxidase-like_N;Mao_N_sf;SUMF_sf;,Cu_amine_oxidN1
Clo1313_1398,RS07080,CP002416.1,,1639122,1640798,+,coagulation factor 5/8 type domain protein,Carbohydrate transport and metabolism,UPI0001B1EF20,Op967,,,Dockerin_1_rpt;Dockerin_dom;Dockerin_dom_sf;EF_Hand_1_Ca_BS;FA58C;Galactose-bd-like_sf;GH_hydrolase_sf;Glyco_hydro_5;,CBM_35;Cellulase;Dockerin_1
Clo1313_1399,RS07085,CP002416.1,,1641265,1641663,+,hypothetical protein,No COG annotation,UPI0001B1EF1F,Op968,,,,
Clo1313_1400,RS07090,CP002416.1,,1641735,1643747,+,hypothetical protein,No COG annotation,UPI0001B1EF1E,Op969,,,,
Clo1313_1401,RS07095,CP002416.1,,1643788,1644651,+,ABC transporter related protein,Defense mechanisms,UPI000038F85F,Op969,,,AAA+_ATPase;ABC_transporter-like_ATP-bd;ABC_transporter-like_CS;P-loop_NTPase;,ABC_tran
Clo1313_1402,RS07100,CP002416.1,,1644636,1645310,+,hypothetical protein,No COG annotation,UPI000038F85E,Op969,,,,
Clo1313_1404,RS07105,CP002416.1,,1645783,1651263,-,diguanylate cyclase with TPR repeats,Signal transduction mechanisms,UPI0001B1EEF9,Op970,,,AAA_16;Diguanylate_Cyclase;GAF-like_dom_sf;GGDEF_dom;Kinase-like_dom_sf;Nucleotide_cyclase;P-loop_NTPase;Prot_kinase_dom;Rev_trsase/Diguanyl_cyclase;TPR-like_helical_dom_sf;TPR_rpt;,AAA_16;GGDEF;Pkinase;TPR_12;TPR_8
Clo1313_1405,RS07110,CP002416.1,,1651616,1652485,+,ATP-NAD/AcoX kinase,Coenzyme transport and metabolism,UPI000038F85C,Op971,,,ATP-NAD_kinase_N;ATP-NAD_kinase_PpnK-typ_C;NAD/diacylglycerol_kinase_sf;NADK;,NAD_kinase
Clo1313_1406,RS07115,CP002416.1,,1652487,1652948,+,arginine repressor%2C ArgR,Transcription,UPI000038F85B,Op971,,,Arg_repress;Arg_repress_C;Arg_repress_C_sf;Arg_repress_DNA-bd;WH-like_DNA-bd_sf;WH_DNA-bd_sf;,Arg_repressor;Arg_repressor_C
Clo1313_1407,recN,CP002416.1,,1653004,1654716,+,DNA repair protein RecN,"Replication, recombination and repair",UPI00017E2C8E,Op972,,,DNA_recomb/repair_RecN;P-loop_NTPase;RecF/RecN/SMC_N;,AAA_23;SMC_N
Clo1313_1408,spoIVB,CP002416.1,,1654958,1656298,+,stage IV sporulation protein B,Cell wall/membrane/envelope biogenesis,UPI00017E2C8F,Op973,,,,PDZ_2;Peptidase_S55
Clo1313_1409,spo0A,CP002416.1,,1656662,1657471,+,sporulation transcriptional activator Spo0A,Transcription,UPI00003C8D96,Op974,,,CheY-like_superfamily;Sig_transdc_resp-reg_C-effctor;Sig_transdc_resp-reg_receiver;Spo0A_C;Spore_0_A;WalR-like;WH-like_DNA-bd_sf;,Response_reg;Spo0A_C
Clo1313_1410,RS07135,CP002416.1,,1657944,1658297,+,response regulator receiver protein,Signal transduction mechanisms,UPI00017E2C92,Op975,,,CheY-like_superfamily;Sig_transdc_resp-reg_receiver;ST_Response_Regulator;,Response_reg
Clo1313_1411,RS07140,CP002416.1,,1658339,1660486,+,CheA signal transduction histidine kinase,Cell motility,UPI0001B1EEF7,Op976,,,Bact_Chemotaxis_CheA;CheA-like_dim;CheA-like_homodim_sf;CheA-like_P2_sf;CheA_P2-bd;CheW-like_dom_sf;CheW-lke_dom;CheY-binding_CheA;HATPase_C_sf;HATPase_dom;His_kinase_dom;HisK_dim/P_sf;HPT_dom_sf;Sig_transdc_His_kin-like_C;Sig_transdc_His_kin_Hpt_dom;,CheW;H-kinase_dim;HATPase_c;Hpt;P2
Clo1313_1412,RS07145,CP002416.1,,1660503,1660994,+,CheW protein,Cell motility,UPI000038F855,Op976,,,CheW;CheW-like_dom_sf;CheW-lke_dom;,CheW
Clo1313_1413,RS07150,CP002416.1,,1661020,1661838,+,MCP methyltransferase%2C CheR-type,Cell motility,UPI000038F854,Op976,,,Bact_Chemotaxis_MeTrfase;Chemotaxis_MeTrfase_CheR;CheR_C;CheR_MeTrfase;CheR_N;CheR_N_sf;SAM-dependent_MTases_sf;,CheR;CheR_N
Clo1313_1414,RS07155,CP002416.1,,1661855,1662889,+,response regulator receiver modulated CheB methylesterase,Cell motility,UPI000038F853,Op976,,,CheB-like;CheB_C;CheY-like_superfamily;Sig_transdc_resp-reg_Me-estase;Sig_transdc_resp-reg_receiver;,CheB_methylest;Response_reg
Clo1313_1415,RS07160,CP002416.1,,1662905,1665613,+,multi-sensor hybrid histidine kinase,Signal transduction mechanisms,UPI000038F852,Op976,,,CheY-like_superfamily;HATPase_C_sf;HATPase_dom;His_kinase_dom;HisK_dim/P_dom;HisK_dim/P_sf;HPT_dom_sf;PAC;PAS;PAS-assoc_C;PAS-like_dom_sf;Sig_transdc_His_kin-like_C;Sig_transdc_resp-reg_receiver;,HATPase_c;HisKA;PAS;PAS_3;PAS_4;PAS_9;Response_reg
Clo1313_1416,RS07165,CP002416.1,,1665662,1666072,+,response regulator receiver protein,Signal transduction mechanisms,UPI0000531599,Op977,,,2C_system_His_kinase;CheY-like_superfamily;Sig_transdc_resp-reg_receiver;,Response_reg
Clo1313_1417,RS07170,CP002416.1,,1666119,1666691,-,regulatory protein MerR,Transcription,UPI0000533292,Op978,,,DNA-bd_dom_put_sf;MerR-type_HTH_dom;MerR_fam;,MerR_1
Clo1313_1418,RS07175,CP002416.1,,1666899,1667855,-,pseudouridine synthase%2C RluA family,"Translation, ribosomal structure and biogenesis",UPI00003C8D95,Op979,,,PsdUridine_synth_cat_dom_sf;PsdUridine_synth_RluC/D;PsdUridine_synth_RsuA/RluA;RluA_PseudoU_synthase;,PseudoU_synth_2;S4
Clo1313_1419,RS07180,CP002416.1,,1668227,1668487,+,hypothetical protein,No COG annotation,UPI00017E2E21,Op980,,,,
Clo1313_1420,RS16010,CP002416.1,,1668540,1668713,+,hypothetical protein,No COG annotation,UPI0001B1EEF6,Op981,,,,
Clo1313_1421,RS07185,CP002416.1,,1668833,1670056,+,transposase mutator type,"Replication, recombination and repair",UPI00003C8CB2,Op982,,,,Transposase_mut
Clo1313_1422,RS07190,CP002416.1,,1670324,1671535,-,integral membrane sensor signal transduction histidine kinase,Signal transduction mechanisms,UPI000038F84E,Op983,,,HATPase_C_sf;HATPase_dom;His_kinase_dom;HisK_dim/P_dom;HisK_dim/P_sf;Sensor_HK_Regulatory;Sig_transdc_His_kin-like_C;,HATPase_c;HisKA
Clo1313_1423,RS07195,CP002416.1,,1671537,1672214,-,two component transcriptional regulator%2C winged helix family,Signal transduction mechanisms,UPI000038F84D,Op983,,,CheY-like_superfamily;OmpR/PhoB-type_DNA-bd;Sig_transdc_resp-reg_C-effctor;Sig_transdc_resp-reg_receiver;WalR-like;WH-like_DNA-bd_sf;,Response_reg;Trans_reg_C
Clo1313_1424,RS07200,CP002416.1,,1672466,1674052,+,lipolytic protein G-D-S-L family,Amino acid transport and metabolism,UPI0000533A0B,Op984,,,Dockerin_1_rpt;Dockerin_dom;Dockerin_dom_sf;EF_Hand_1_Ca_BS;Ester_Hydrolysis_Enzymes;SGNH_hydro;SGNH_hydro_sf;,Dockerin_1;Lipase_GDSL_2
Clo1313_1425,RS07205,CP002416.1,,1674402,1676846,+,glycoside hydrolase family 5,Carbohydrate transport and metabolism,UPI0001B1EF96,Op985,,,CE2_N;CtCE2-like_dom;Dockerin_1_rpt;Dockerin_dom;Dockerin_dom_sf;GDSL;GH_hydrolase_sf;Glyco_hydro_5;Glyco_hydro_5_CS;PCW_deacetylase/CE;SGNH_hydro_sf;,CBM_2;Cellulase;Dockerin_1;Lipase_GDSL_2
Clo1313_1426,RS07215,CP002416.1,,1677092,1678819,+,alpha amylase catalytic region,Carbohydrate transport and metabolism,UPI0001B1EF95,Op986,,,GH_hydrolase_sf;GH13_cat_dom;Glyco_hydro_13_lg-like_dom;Glyco_hydro_b;Ig-like_fold;Ig_E-set;O16G_dom_2;,Alpha-amylase;Alpha-amylase_N;Malt_amylase_C
Clo1313_1427,RS07220,CP002416.1,,1678963,1680255,+,aluminum resistance family protein,Inorganic ion transport and metabolism,UPI00017E2E26,Op987,,,Met_g_lyase_put;PyrdxlP-dep_Trfase;PyrdxlP-dep_Trfase_major;,Met_gamma_lyase
Clo1313_1428,RS07225,CP002416.1,,1680275,1681543,+,hypothetical protein,Cell wall/membrane/envelope biogenesis,UPI000038FE18,Op987,,,Beta-barrel_RND-rel;BSH_RND-rel;HH_RND-rel;,-
Clo1313_1429,RS07230,CP002416.1,,1681580,1682284,+,alanine racemase domain protein,Function unknown,UPI00003C8D90,Op987,,,Ala_racemase_N;PLP-binding_barrel;PyrdxlP_homeostasis;,Ala_racemase_N
Clo1313_1430,RS07235,CP002416.1,,1682370,1682837,+,protein of unknown function DUF552,"Cell cycle control, cell division, chromosome partitioning",UPI0000F218DD,Op988,,,Cell_div_SepF;Cell_div_SepF/SepF-rel;SepF-like_sf;,SepF
Clo1313_1431,RS07240,CP002416.1,,1682857,1683141,+,protein of unknown function YGGT,Function unknown,UPI0000F218DC,Op988,,,CCB3/YggT;,YGGT
Clo1313_1432,RS07245,CP002416.1,,1683168,1683959,+,RNA-binding S4 domain protein,Function unknown,UPI0000F218DB,Op988,,,Nucleotide-bd_a/b_plait_sf;RqcP2_RBD;S4_RNA-bd;S4_RNA-bd_sf;,S4
Clo1313_1433,RS07250,CP002416.1,,1683973,1684437,+,DivIVA domain,"Cell cycle control, cell division, chromosome partitioning",UPI00003C8FED,Op988,,,DivIVA_domain;DivIVA;,DivIVA
Clo1313_1434,ileS,CP002416.1,,1684838,1687633,+,isoleucyl-tRNA synthetase,"Translation, ribosomal structure and biogenesis",UPI00005380B1,Op989,aminoacyl-tRNA deacylase activity; ATP binding; isoleucine-tRNA ligase activity; tRNA binding; zinc ion binding,isoleucyl-tRNA aminoacylation,aa-tRNA-synth_I_CS;aa-tRNA-synth_Ia;Anticodon_Ile_BEm;Ile-tRNA-ligase;Ile-tRNA-ligase_type1;Ile-tRNA_ligase;M/V/L/I-tRNA-synth_anticd-bd;Rossmann-like_a/b/a_fold;tRNAsynth_Ia_anticodon-bd;Val/Leu/Ile-tRNA-synth_edit;Znf_FPG/IleRS;,Anticodon_1;tRNA-synt_1;zf-FPG_IleRS
Clo1313_1435,RS07260,CP002416.1,,1687712,1688794,+,3-dehydroquinate synthase,Amino acid transport and metabolism,UPI0001B1EF94,Op990,,,Dehydroquinate_synthase;DHQ_synth_AroB;DHQ_synth_fam;DHQS/DOIS_N;DHQS_C;,DHQ_synthase
Clo1313_1436,RS07265,CP002416.1,,1689003,1689305,-,hypothetical protein,No COG annotation,UPI00005346A4,Op991,,,,-
Clo1313_1437,RS07270,CP002416.1,,1689756,1690631,+,hypothetical protein,Nucleotide transport and metabolism,UPI00017E4609,Op992,,,PRTase-like;,-
Clo1313_1438,miaB,CP002416.1,,1690693,1692135,+,RNA modification enzyme%2C MiaB family,"Translation, ribosomal structure and biogenesis",UPI00003C8FF1,Op993,"4 iron, 4 sulfur cluster binding; metal ion binding; tRNA-2-methylthio-N(6)-dimethylallyladenosine(37) synthase activity",,Elp3/MiaA/NifB-like_rSAM;Methylthiotransferase;Methylthiotransferase_CS;Methylthiotransferase_N;Methylthiotransferase_N_sf;MiaB_methiolase;rSAM;rSAM_horseshoe;rSAM_sf;TRAM_dom;,Radical_SAM;TRAM;UPF0004
Clo1313_1439,RS07280,CP002416.1,,1692525,1693697,+,protein of unknown function DUF534,Function unknown,UPI0001B1EF93,Op994,,,ABC_transpt-TYRBP-like;Peripla_BP_I;,ABC_sub_bind
Clo1313_1440,RS07285,CP002416.1,,1693865,1695988,+,methyl-accepting chemotaxis sensory transducer,Cell motility,UPI0001B1EF92,Op995,,,HAMP_dom;MCPsignal_dom;,HAMP;MCPsignal;sCache_3_3
Clo1313_1441,RS07290,CP002416.1,,1696155,1696643,+,GCN5-related N-acetyltransferase,Transcription,UPI00003C8FF3,Op996,,,Acyl_CoA_acyltransferase;GNAT_dom;;,Acetyltransf_10
Clo1313_1442,RS07295,CP002416.1,,1696706,1697389,+,HAD-superfamily hydrolase%2C subfamily IA%2C variant 3,Function unknown,UPI00017E4608,Op997,,,HAD-like_sf;HAD-SF_hydro_IA;HAD_2;HAD_sf;PGP-like_dom2;,HAD_2
Clo1313_1443,RS07300,CP002416.1,,1697495,1698847,+,copper amine oxidase-like domain-containing protein,Function unknown,UPI00017E4607,Op998,,,CAP_assoc;CAP_dom;CAP_sf;Cu_amine_oxidase-like_N;Mao_N_sf;,CAP;CAP_assoc_N;Cu_amine_oxidN1
Clo1313_1444,RS07305,CP002416.1,,1698991,1699383,+,hypothetical protein,Function unknown,UPI0000533F58,Op999,,,Com_YlbF;YheA/YmcA-like_dom_sf;,Com_YlbF
Clo1313_1445,mutS,CP002416.1,,1699415,1702027,+,DNA mismatch repair protein MutS,"Replication, recombination and repair",UPI000038F958,Op999,ATP binding; ATP-dependent DNA damage sensor activity; damaged DNA binding; mismatched DNA binding,mismatch repair,DNA_mismatch_repair_MutS;DNA_mismatch_repair_MutS-lik_N;DNA_mismatch_repair_MutS/MSH;DNA_mismatch_repair_MutS_C;DNA_mismatch_repair_MutS_clamp;DNA_mismatch_repair_MutS_core;DNA_mismatch_repair_MutS_N;DNA_mismatch_repair_MutS_sf;DNA_mmatch_repair_MutS_con_dom;MutS;MutS_con_dom_sf;P-loop_NTPase;,MutS_I;MutS_II;MutS_III;MutS_IV;MutS_V
Clo1313_1446,mutL,CP002416.1,,1702097,1704364,+,DNA mismatch repair protein MutL,"Replication, recombination and repair",UPI0001B1EF91,Op999,ATP binding; ATP hydrolysis activity; ATP-dependent DNA damage sensor activity; mismatched DNA binding,mismatch repair,DNA_mismatch_repair_CS;DNA_mismatch_repair_MutL;DNA_mismatch_S5_2-like;HATPase_C_sf;MutL/Mlh/PMS;MutL/Mlh/Pms-like;MutL_C;MutL_C_dimsub;MutL_C_regsub;MutL_C_sf;Ribosomal_Su5_D2-typ_SF;Ribsml_uS5_D2-typ_fold_subgr;,DNA_mis_repair;HATPase_c_3;MutL_C
Clo1313_1447,miaA,CP002416.1,,1704382,1705323,+,tRNA delta(2)-isopentenylpyrophosphate transferase,"Translation, ribosomal structure and biogenesis",UPI0001B1EF90,Op999,ATP binding; tRNA dimethylallyltransferase activity,tRNA modification,Dimethylallyltransferase;IPT;P-loop_NTPase;,IPPT
Clo1313_1448,hfq,CP002416.1,,1705430,1705678,+,RNA chaperone Hfq,"Translation, ribosomal structure and biogenesis",UPI00003C8FF7,Op1000,RNA binding,"regulation of DNA-templated transcription; regulation of RNA stability; regulation of translation, ncRNA-mediated",Hfq;LSM_dom_sf;Sm;,Hfq
Clo1313_1449,lexA,CP002416.1,,1705807,1706448,-,transcriptional repressor%2C LexA family,Transcription,UPI0000533F50,Op1001,DNA binding; serine-type endopeptidase activity,DNA repair; DNA replication; negative regulation of DNA-templated transcription; proteolysis; SOS response,ArsR-like_HTH;LexA;LexA-like;LexA/Signal_pep-like_sf;LexA_DNA-bd_dom;LexA_repressor;Peptidase_S24_LexA;Peptidase_S24_S26A/B/C;WH-like_DNA-bd_sf;WH_DNA-bd_sf;,LexA_DNA_bind;Peptidase_S24
Clo1313_1450,RS07335,CP002416.1,,1706648,1706935,+,Peptidoglycan-binding lysin domain,Cell wall/membrane/envelope biogenesis,UPI0000F218D5,Op1002,,,LysM;LysM_dom_sf;,LysM
Clo1313_1451,RS07340,CP002416.1,,1707162,1707515,+,helix-turn-helix protein YlxM/p13 family protein,Function unknown,UPI0000F218D4,Op1003,,,RNA_pol_sigma_r3/r4-like;UPF0122;UPF0122_fam_protein;WH-like_DNA-bd_sf;,UPF0122
Clo1313_1452,ffh,CP002416.1,,1707557,1708897,+,signal recognition particle protein,"Intracellular trafficking, secretion, and vesicular transport",UPI0000F218D3,Op1004,7S RNA binding; GTP binding; GTPase activity,SRP-dependent cotranslational protein targeting to membrane,AAA+_ATPase;P-loop_NTPase;Signal_recog_part_SRP54_M_sf;Signal_recog_particl_SRP54_hlx;Signal_recog_particle_SRP54_M;SRP;SRP54;SRP54_GTPase_dom;SRP54_N_sf;,SRP54;SRP54_N;SRP_SPB
Clo1313_1453,rpsP,CP002416.1,,1708937,1709182,+,ribosomal protein S16,"Translation, ribosomal structure and biogenesis",UPI000038FEE5,Op1004,structural constituent of ribosome,translation,Ribosomal_bS16;Ribosomal_bS16_CS;Ribosomal_bS16_dom_sf;,Ribosomal_S16
Clo1313_1454,RS07355,CP002416.1,,1709256,1709486,+,nucleic acid binding protein,Function unknown,UPI0000F218D2,Op1005,,,KH_dom-like_a/b;KH_sf_prok-type;KhpA;,KH_4
Clo1313_1455,rimM,CP002416.1,,1709603,1710127,+,16S rRNA processing protein RimM,"Translation, ribosomal structure and biogenesis",UPI0000F218D1,Op1006,ribosome binding,ribosomal small subunit biogenesis; rRNA processing,PRC_barrel-like_sf;PRC_RimM;RimM;RimM_N;RimM_N_sf;Transl_B-barrel_sf;,PRC;RimM
Clo1313_1456,trmD,CP002416.1,,1710114,1710857,+,tRNA (guanine-N1)-methyltransferase,"Translation, ribosomal structure and biogenesis",UPI0000F218D0,Op1006,tRNA (guanine(37)-N1)-methyltransferase activity,tRNA N1-guanine methylation,Alpha/beta_knot_MTases;tRNA_m1G_MeTrfase_C_sf;tRNA_m1G_MeTrfase_TrmD;tRNA_m1G_MTases_N;tRNA_MeTrfase_TRMD/TRM10;,tRNA_m1G_MT
Clo1313_1457,rplS,CP002416.1,,1711008,1711352,+,ribosomal protein L19,"Translation, ribosomal structure and biogenesis",UPI0001B1EF8E,Op1007,structural constituent of ribosome,translation,Ribosomal_bL19;Ribosomal_bL19_CS;Ribosomal_bL19_sf;Translation_prot_SH3-like_sf;,Ribosomal_L19
Clo1313_1458,lepB,CP002416.1,,1711507,1712172,+,signal peptidase I,"Intracellular trafficking, secretion, and vesicular transport",UPI00003C8F96,Op1008,,,LexA/Signal_pep-like_sf;Pept_S26A_signal_pept_1;Pept_S26A_signal_pept_1_CS;Pept_S26A_signal_pept_1_Lys-AS;Peptidase_S26;,Peptidase_S24;Peptidase_S26
Clo1313_1459,ylqF,CP002416.1,,1712197,1713072,+,ribosome biogenesis GTP-binding protein YlqF,Function unknown,UPI000038F955,Op1008,,,G_CP_dom;GTP-bd;GTP-bd_ortho_bundle_sf;GTP-bd_ribosome_bgen;GTPase_MTG1;P-loop_NTPase;,MMR_HSR1
Clo1313_1460,RS07385,CP002416.1,,1713092,1713745,+,hypothetical protein,Energy production and conversion,UPI0000532B24,Op1008,,,LUD_dom;UCP020269;,LUD_dom
Clo1313_1461,RS07390,CP002416.1,,1713807,1714592,+,Ribonuclease H,"Replication, recombination and repair",UPI00003C8F95,Op1009,,,RNase_HII;RNase_HII/HIII;RNase_HII/HIII_dom;RNaseH-like_sf;RNaseH_sf;,RNase_HII
Clo1313_1462,RS07395,CP002416.1,,1714630,1716264,+,hypothetical protein,Cell motility,UPI00017E3A0F,Op1009,,,Flagellar_hook_control-like_C;,Flg_hook
Clo1313_1463,RS07400,CP002416.1,,1716282,1716566,+,type III secretion exporter,Function unknown,UPI000038F951,Op1009,,,T3SS_substrate_exporter;T3SS_substrate_exporter_C;,Bac_export_2
Clo1313_1464,RS07405,CP002416.1,,1716581,1716973,+,Uncharacterized protein family UPF0102,"Replication, recombination and repair",UPI0000531C94,Op1009,,,Restrct_endonuc-II-like;tRNA_endonuc-like_dom_sf;UPF0102_YraN-like;,UPF0102
Clo1313_1465,radC,CP002416.1,,1717112,1717786,+,DNA repair protein RadC,"Replication, recombination and repair",UPI0001B1EF47,Op1010,,,,HHH;RadC
Clo1313_1466,RS07415,CP002416.1,,1717960,1718895,+,Membrane dipeptidase,Amino acid transport and metabolism,UPI000038F94E,Op1011,,,Dipep_AS;Metal_Hydrolase;Pept_M19;,Peptidase_M19
Clo1313_1467,RS07420,CP002416.1,,1719620,1720807,+,aminotransferase class I and II,Amino acid transport and metabolism,UPI000038F94D,Op1012,,,Aminotransferase_I/II_large;AspAT/PAT-like;NHTrfase_class1_PyrdxlP-BS;PyrdxlP-dep_Trfase;PyrdxlP-dep_Trfase_major;PyrdxlP-dep_Trfase_small;,Aminotran_1_2
Clo1313_1468,RS07425,CP002416.1,,1721178,1722011,+,hypothetical protein,No COG annotation,UPI00003C8F93,Op1013,,,XAC2610_dom;,-
Clo1313_1469,RS07430,CP002416.1,,1722404,1722979,+,hypothetical protein,No COG annotation,UPI00017E3A0C,Op1014,,,,
Clo1313_1470,RS07435,CP002416.1,,1723073,1723297,+,hypothetical protein,Coenzyme transport and metabolism,UPI0001B1EF46,Op1015,,,,Methyltransf_25
Clo1313_1471,RS07440,CP002416.1,,1723639,1724178,+,Cupin 2 conserved barrel domain protein,Transcription,UPI00003C8F91,Op1016,,,Cro/C1-type_HTH;Cupin_2;Lambda_DNA-bd_dom_sf;RmlC-like_jellyroll;RmlC_Cupin_sf;TransReg_Diox_bact_type;,Cupin_2;HTH_19;HTH_3
Clo1313_1472,RS07445,CP002416.1,,1724188,1725246,+,spermidine/putrescine ABC transporter ATPase subunit,Inorganic ion transport and metabolism,UPI000038F949,Op1016,,,AAA+_ATPase;ABC_SmlMolc_Importer;ABC_transporter-like_ATP-bd;ABC_transporter-like_CS;Mo/tungstate-bd_C_term_dom;P-loop_NTPase;PotA-like;PotA_ATP-bd;Transp-assoc_OB_typ2;,ABC_tran;TOBE_2
Clo1313_1473,RS07450,CP002416.1,,1725243,1726070,+,binding-protein-dependent transport systems inner membrane component,Inorganic ion transport and metabolism,UPI00003C8F90,Op1016,,,MetI-like;MetI-like_sf;,BPD_transp_1
Clo1313_1474,RS07455,CP002416.1,,1726064,1726858,+,binding-protein-dependent transport systems inner membrane component,Inorganic ion transport and metabolism,UPI000038F947,Op1016,,,Bact_Polyamine_Transport;MetI-like;MetI-like_sf;,BPD_transp_1
Clo1313_1475,RS07460,CP002416.1,,1726855,1727919,+,extracellular solute-binding protein family 1,Inorganic ion transport and metabolism,UPI000038F946,Op1016,,,SBP;Sperm_putr-bd;,BPD_transp_1;SBP_bac_6;SBP_bac_8
Clo1313_1476,RS07465,CP002416.1,,1728288,1728896,+,Peptidase S7 flavivirus helicase (NS3),"Post-translational modification, protein turnover, and chaperones",UPI0001B1EF45,Op1017,,,Peptidase_S1_PA;;,-
Clo1313_1477,RS07470,CP002416.1,,1729051,1731243,-,glycoside hydrolase family 9,Carbohydrate transport and metabolism,UPI000038F944,Op1018,,,6-hairpin_glycosidase_sf;6hp_glycosidase-like_sf;CBM2/CBM3_carb-bd_dom_sf;CBM3;CBM3_sf;Dockerin_1_rpt;Dockerin_dom;Dockerin_dom_sf;Glyco_hydro_9;Glyco_hydro_9_Asp/Glu_AS;,CBM_2;CBM_3;Cellulase;Dockerin_1;Glyco_hydro_9
Clo1313_1478,RS07475,CP002416.1,,1731550,1734402,+,copper amine oxidase-like domain-containing protein,"Intracellular trafficking, secretion, and vesicular transport",UPI0000534FA0,Op1019,,,6-blade_b-propeller_TolB-like;ClpP/crotonase-like_dom_sf;Cu_amine_oxidase-like_N;Galactose-bd-like_sf;LRP1-like_beta_prop;Mao_N_sf;Tail-specific_protease;,DUF5050
Clo1313_1479,RS07480,CP002416.1,,1734561,1736015,+,MATE efflux family protein,Defense mechanisms,UPI00003C8F8C,Op1020,,,MATE_fam;MATE_MdtK;MdtK-like;,MatE
Clo1313_1480,RS07485,CP002416.1,,1736196,1736606,+,hypothetical protein,No COG annotation,UPI0000F218C8,Op1021,,,,-
Clo1313_1481,RS07490,CP002416.1,,1736826,1738253,+,adenylosuccinate lyase,Nucleotide transport and metabolism,UPI0000F218C7,Op1022,,,AdenyloSucc_lyase_C;Fumarate_lyase_CS;Fumarate_lyase_fam;Fumarate_lyase_N;L-Aspartase-like;Pur_lyase;,ADSL_C;Lyase_1
Clo1313_1482,RS07495,CP002416.1,,1738472,1739209,+,transcriptional regulator%2C GntR family,Transcription,UPI00003C8EFA,Op1023,,,Bact_HTH_transcr_reg;Chorismate_lyase_/UTRA_dom_sf;Tscrpt_reg_HTH_GntR;UTRA;WH-like_DNA-bd_sf;WH_DNA-bd_sf;,GntR;UTRA
Clo1313_1483,RS07500,CP002416.1,,1739224,1740948,-,pyrrolo-quinoline quinone,Function unknown,UPI00003C8EFB,Op1024,,,PQQ_rpt_dom;Quinoprotein_ADH-like_sf;WD40/YVTN_repeat-like_dom_sf;,PQQ;PQQ_2
Clo1313_1484,copZ,CP002416.1,,1741149,1741361,+,copper ion binding protein,Energy production and conversion,UPI0000F218C6,Op1025,,,CopZ;Cu-bd;Heavy-metal-associated_CS;HMA_Cu_ion-bd;HMA_dom;HMA_dom_sf;,HMA
Clo1313_1485,Clo1313_1485,CP002416.1,,1741616,1741741,-,hypothetical protein,No COG annotation,UPI0001B1EF44,Op1026,,,,-
Clo1313_1486,RS07510,CP002416.1,,1742020,1742649,+,4'-phosphopantetheinyl transferase,Coenzyme transport and metabolism,UPI00003C8EFC,Op1027,,,4-PPantetheinyl_Trfase_dom;4-PPantetheinyl_Trfase_dom_sf;AASDHPPT_N;P-Pant_transferase_sf;Ppantetheine-prot_Trfase_dom;,ACPS
Clo1313_1487,RS07515,CP002416.1,,1743451,1747368,+,cellulosome anchoring protein cohesin region,Function unknown,UPI0001B1EF43,Op1028,,,CBM2/CBM3_carb-bd_dom_sf;Cohesin_dom;,Cohesin
Clo1313_1488,RS07520,CP002416.1,,1747548,1748354,+,cellulosome anchoring protein cohesin region,Function unknown,UPI000038FA22,Op1029,,,CBM2/CBM3_carb-bd_dom_sf;Cohesin_dom;,Cohesin;SLH
Clo1313_1489,RS07525,CP002416.1,,1748476,1749597,+,Peptidase M23,"Cell cycle control, cell division, chromosome partitioning",UPI000038FA21,Op1030,,,Cell_wall_metabolism_enzyme;Dup_hybrid_motif;M23ase_b-sheet_dom;PcsB_CC;,Peptidase_M23
Clo1313_1490,RS07530,CP002416.1,,1750245,1750901,+,type IV pilus assembly PilZ,Function unknown,UPI00005367E7,Op1031,,,PilZ_domain;,PilZ
Clo1313_1491,aroC,CP002416.1,,1750995,1752179,-,chorismate synthase,Amino acid transport and metabolism,UPI00003C8EFE,Op1032,chorismate synthase activity; FMN binding,amino acid biosynthetic process; aromatic amino acid family biosynthetic process; chorismate biosynthetic process,Chorismate_synth;Chorismate_synth_AroC_sf;Chorismate_synthase_CS;,Chorismate_synt
Clo1313_1492,RS07540,CP002416.1,,1752241,1752753,-,Shikimate kinase,Nucleotide transport and metabolism,UPI000038FA1E,Op1032,,,P-loop_NTPase;Shikimate/glucono_kinase;Shikimate_kinase/TSH1;,SKI
Clo1313_1493,RS07545,CP002416.1,,1752898,1753581,-,hypothetical protein,Function unknown,UPI00017E6EDB,Op1033,,,DUF4956;,DUF4956
Clo1313_1494,RS07550,CP002416.1,,1753788,1755401,-,Dockerin type 1,Function unknown,UPI00005351FF,Op1034,,,Cthe_2159;Dockerin_1_rpt;Dockerin_dom;Dockerin_dom_sf;EF_Hand_1_Ca_BS;,Cthe_2159;Dockerin_1
Clo1313_1495,RS07555,CP002416.1,,1755676,1756668,+,integrase family protein,"Replication, recombination and repair",UPI000038FA1B,Op1035,,,CB;DNA_brk_join_enz;Integrase-like_cat_sf;Integrase_catalytic;Integrase_recombinase_N;Tyrosine_recombinase_XerCD;,Phage_int_SAM_1;Phage_integrase
Clo1313_1496,RS07560,CP002416.1,,1756837,1757763,+,cell envelope-related transcriptional attenuator,Transcription,UPI000038FA1A,Op1036,,,LytR/CpsA/Psr_CW_biosynth;LytR_CpsA_psr;,LytR_C;LytR_cpsA_psr
Clo1313_1497,RS07565,CP002416.1,,1757829,1759265,-,peptidase M18 aminopeptidase I,Amino acid transport and metabolism,UPI00017E6EDA,Op1037,,,Peptidase_M18;Peptidase_M18_dom2;,Peptidase_M18
Clo1313_1498,RS07570,CP002416.1,,1759444,1760940,-,response regulator receiver modulated metal dependent phosphohydrolase,Signal transduction mechanisms,UPI000038FA18,Op1038,,,CheY-like_superfamily;Cyclic_di-GMP/3'3'-cGAMP_PDE;DUF3369;HD/PDEase_dom;HD_domain;HD_GYP_dom;HDIG_dom;Sig_transdc_resp-reg_receiver;,DUF3369;GAF;GAF_2;HAMP;HD;HD_5;PAS_9;Response_reg
Clo1313_1499,RS07575,CP002416.1,,1761317,1762114,+,histidinol phosphate phosphatase HisJ family,Amino acid transport and metabolism,UPI000038FA17,Op1039,,,Histidinol_P_phosphatase_HisJ;PHP_dom;Pol/His_phosphatase_N;Pol/histidinol_Pase-like;,PHP
Clo1313_1500,RS07580,CP002416.1,,1762313,1763539,-,tyrosyl-tRNA synthetase,"Translation, ribosomal structure and biogenesis",UPI00003C8F00,Op1040,,,aa-tRNA-synth_I_CS;aa-tRNA-synth_Ic;Rossmann-like_a/b/a_fold;S4_RNA-bd_sf;SYY-like_C;Tyr-tRNA-ligase;Tyr-tRNA-ligase_bac-type;Tyr-tRNA-ligase_bac_1;,S4;tRNA-synt_1b
Clo1313_1501,mnmA,CP002416.1,,1763966,1765045,-,tRNA (5-methylaminomethyl-2-thiouridylate)-methyltransferase,"Translation, ribosomal structure and biogenesis",UPI00003C8F01,Op1041,ATP binding; tRNA binding; tRNA-uridine 2-sulfurtransferase activity,tRNA wobble position uridine thiolation,MnmA-like;MnmA-like_C;MnmA-like_central;MnmA-like_central_sf;Rossmann-like_a/b/a_fold;,tRNA_Me_trans
Clo1313_1502,nifU,CP002416.1,,1765064,1765513,-,FeS cluster assembly scaffold protein NifU,Energy production and conversion,UPI00003C8F02,Op1041,,,NIF_FeS_clus_asmbl_NifU-like;NIF_FeS_clus_asmbl_NifU_N;,NifU_N
Clo1313_1503,nifS,CP002416.1,,1765515,1766699,-,cysteine desulfurase NifS,Amino acid transport and metabolism,UPI000038FA15,Op1041,,,Aminotrans_V_dom;Aminotrans_V_PyrdxlP_BS;Cys_deSase_IscS;Cys_deSase_NifS_bac-type;Cysteine_dSase;PyrdxlP-dep_Trfase;PyrdxlP-dep_Trfase_major;PyrdxlP-dep_Trfase_small;,Aminotran_5
Clo1313_1504,RS07600,CP002416.1,,1766828,1767259,-,transcriptional regulator%2C BadM/Rrf2 family,Transcription,UPI000038FA14,Op1042,,,Tscrpt_reg_Rrf2;WH-like_DNA-bd_sf;WH_DNA-bd_sf;,Rrf2
Clo1313_1505,RS07605,CP002416.1,,1767409,1767696,-,hypothetical protein,Function unknown,UPI00005384CF,Op1043,,,UPF0180;,UPF0180
Clo1313_1506,RS16015,CP002416.1,,1767788,1767943,-,hypothetical protein,No COG annotation,UPI00003C8F04,Op1044,,,,-
Clo1313_1507,RS07610,CP002416.1,,1767990,1768772,-,MCP methyltransferase%2C CheR-type,Cell motility,UPI0000F218B4,Op1045,,,Bact_Chemotaxis_MeTrfase;CheR_C;CheR_MeTrfase;CheR_N;CheR_N_sf;SAM-dependent_MTases_sf;,CheR;CheR_N
Clo1313_1508,ndk,CP002416.1,,1768876,1769286,-,Nucleoside-diphosphate kinase,Nucleotide transport and metabolism,UPI00003C9184,Op1046,ATP binding; metal ion binding; nucleoside diphosphate kinase activity,CTP biosynthetic process; GTP biosynthetic process; UTP biosynthetic process,NDK-like_dom;NDK-like_dom_sf;Nucleoside_diP_kinase;,NDK
Clo1313_1509,RS07620,CP002416.1,,1769503,1769877,-,S-adenosylmethionine decarboxylase proenzyme,Amino acid transport and metabolism,UPI000053187C,Op1047,,,AdoMetDC_C;AdoMetDC_fam_prok;AdoMetDC_N;S-AdoMet_deCO2ase_core;S-AdoMet_deCOase_pro-enz;,AdoMet_dc
Clo1313_1510,RS15600,CP002416.1,,1770230,1772314,-,hydroxymethylbutenyl pyrophosphate reductase,Lipid transport and metabolism,UPI0000F218B3,Op1048,,,LytB/IspH;NA-bd_OB-fold;Ribosomal_protein_S1-like;S1_domain;,LYTB;S1
Clo1313_1511,RS07630,CP002416.1,,1772316,1772927,-,1-acyl-sn-glycerol-3-phosphate acyltransferase,Lipid transport and metabolism,UPI00003C90B9,Op1048,,,AGP_acyltrans;Plipid/glycerol_acylTrfase;,Acyltransferase
Clo1313_1512,RS07635,CP002416.1,,1772917,1773600,-,cytidylate kinase,Nucleotide transport and metabolism,UPI000038FA67,Op1048,,,Cytidylate_kin;Cytidylate_kinase_dom;P-loop_NTPase;,Cytidylate_kin
Clo1313_1513,aroH,CP002416.1,,1773668,1774024,-,chorismate mutase,Amino acid transport and metabolism,UPI000038FA66,Op1049,,,Chorismate_mutase_AroH;RutC-like_sf;,CM_1
Clo1313_1514,RS07645,CP002416.1,,1774107,1774541,-,hypothetical protein,Function unknown,UPI00017E22E2,Op1050,,,,HutP
Clo1313_1515,RS07650,CP002416.1,,1774679,1775179,-,hypothetical protein,No COG annotation,UPI00003C90BA,Op1051,,,,-
Clo1313_1516,RS07655,CP002416.1,,1775285,1776514,-,HI0933 family protein,Function unknown,UPI000038FA63,Op1052,,,BaiN-like;BaiN-like_dom_sf;FAD/NAD-bd_sf;RsdA/BaiN/AoA(So)-like_dom;RsdA/BaiN/AoA(So)_Rossmann;,HI0933_like
Clo1313_1517,RS07660,CP002416.1,,1776537,1777166,-,Phosphoglycerate mutase,Carbohydrate transport and metabolism,UPI0000F218B2,Op1052,,,His_Pase_superF_clade-1;His_PPase_superfam;PG/BPGM_mutase_AS;PGM_Phosphatase;,His_Phos_1
Clo1313_1518,RS07665,CP002416.1,,1777171,1778070,-,transcriptional regulator%2C RpiR family,Transcription,UPI0000F218B1,Op1052,,,Homeodomain-like_sf;HTH_RpiR;RpiR-like;RpiR-like_SIS;SIS_dom;SIS_dom_sf;WH-like_DNA-bd_sf;,HTH_6;SIS
Clo1313_1519,RS15605,CP002416.1,,1778095,1778262,-,hypothetical protein,Function unknown,UPI00003C90BC,Op1052,,,UCP036698;,DUF4264
Clo1313_1520,RS07670,CP002416.1,,1778442,1779089,+,hypothetical protein,No COG annotation,UPI00003C90BD,Op1053,,,,-
Clo1313_1521,RS07675,CP002416.1,,1779150,1779392,-,hypothetical protein,No COG annotation,UPI000038FA5E,Op1054,,,,-
Clo1313_1522,RS07680,CP002416.1,,1779510,1780037,-,hypothetical protein,No COG annotation,UPI000038FA5D,Op1055,,,,-
Clo1313_1523,RS07685,CP002416.1,,1780291,1781688,-,Conserved carboxylase region,Energy production and conversion,UPI000038FA5C,Op1056,,,Aldolase_TIM;Carboxylase_cons_dom;PCB-like;PYR_CT;,HMGL-like;PYC_OADA
Clo1313_1524,RS07690,CP002416.1,,1781832,1782230,-,biotin/lipoyl attachment domain-containing protein,Lipid transport and metabolism,UPI0001B1EF0F,Op1057,,,Biotin_BS;Biotin_Carboxyl_Carrier/Decarb;Biotin_lipoyl;Single_hybrid_motif;,Biotin_lipoyl
Clo1313_1525,RS07695,CP002416.1,,1782257,1782427,-,sodium pump decarboxylase gamma subunit,No COG annotation,UPI00003C90BF,Op1057,,,,-
Clo1313_1526,RS07700,CP002416.1,,1782455,1784005,-,carboxyl transferase,Lipid transport and metabolism,UPI0000537A75,Op1057,,,AccD/PCCB;AcCoA_carboxyl_beta;ClpP/crotonase-like_dom_sf;COA_CT_C;COA_CT_N;,Carboxyl_trans
Clo1313_1527,RS07705,CP002416.1,,1784366,1785100,+,type IV pilus assembly PilZ,Function unknown,UPI00005332CB,Op1058,,,PilZ_domain;,PilZ
Clo1313_1528,RS07710,CP002416.1,,1785187,1785753,-,rRNA methylase,Function unknown,UPI0000531CA7,Op1059,,,MnmM_MeTrfase;SAM-dependent_MTases_sf;,rRNA_methylase
Clo1313_1529,speB,CP002416.1,,1785762,1786631,-,agmatinase,Amino acid transport and metabolism,UPI000038FA57,Op1059,,,Agmatinase-rel;Ureohydrolase;Ureohydrolase_dom_sf;,Arginase
Clo1313_1530,speE,CP002416.1,,1786662,1787489,-,spermidine synthase,Coenzyme transport and metabolism,UPI0001B1EF0C,Op1059,spermidine synthase activity,spermidine biosynthetic process,PABS;PABS_CS;SAM-dependent_MTases_sf;Spermi_synthase;Spermidine_synt_N;Spermidine_synt_N_sf;,Spermine_synt_N;Spermine_synth
Clo1313_1531,RS07725,CP002416.1,,1787715,1788434,-,pseudouridine synthase,"Translation, ribosomal structure and biogenesis",UPI0000534167,Op1060,,,PsdUridine_s_RsuA/RluB/E/F_cat;PsdUridine_synth_cat_dom_sf;PsdUridine_synth_RsuA/RluA;PsdUridine_synth_RsuA/RluB/E/F;PsdUridine_synth_RsuA/RluB_CS;RsuA_PseudoU_synthase;S4_RNA-bd;S4_RNA-bd_sf;TruA/RsuA/RluB/E/F_N;,PseudoU_synth_2;S4
Clo1313_1532,ytfJ,CP002416.1,,1788632,1789120,-,sporulation protein YtfJ,Function unknown,UPI000038FA54,Op1061,,,GerW;,Spore_YtfJ
Clo1313_1533,RS07735,CP002416.1,,1789164,1789772,-,hypothetical protein,Function unknown,UPI000038FA53,Op1062,,,DUF2953;,DUF2953
Clo1313_1534,RS07740,CP002416.1,,1789877,1790446,-,RDD domain containing protein,Function unknown,UPI000038FA52,Op1063,,,RDD;,RDD
Clo1313_1535,scpB,CP002416.1,,1790477,1791073,-,chromosome segregation and condensation protein%2C ScpB,"Cell cycle control, cell division, chromosome partitioning",UPI0000F218A8,Op1063,,cell division; chromosome separation; DNA replication,ScpB_csome_segregation;WH-like_DNA-bd_sf;WH_DNA-bd_sf;,SMC_ScpB
Clo1313_1536,RS07750,CP002416.1,,1791093,1791887,-,chromosome segregation and condensation protein ScpA,"Cell cycle control, cell division, chromosome partitioning",UPI00003C8E7D,Op1063,,,ScpA;ScpA-like_C;,SMC_ScpA
Clo1313_1537,trpS,CP002416.1,,1791926,1792951,-,tryptophanyl-tRNA synthetase,"Translation, ribosomal structure and biogenesis",UPI00003C8E7C,Op1063,,,,tRNA-synt_1b
Clo1313_1538,RS07760,CP002416.1,,1793008,1793679,-,peptidase M50,Function unknown,UPI000038FA4E,Op1064,,,Metallopeptidase_M50B;Peptidase_M50;Rip2-like;,Peptidase_M50
Clo1313_1539,RS07765,CP002416.1,,1793785,1796418,-,CBS domain containing protein,"Translation, ribosomal structure and biogenesis",UPI0001F32A4B,Op1065,,,CBS_dom;CBS_dom_sf;DDH_dom;DHH_sf;NT_sf;PolA_pol_head_dom;PolyA_RNA-bd;tRNA_nt/polyA_polymerase;,CBS;DHH;DHHA1;PolyA_pol;PolyA_pol_RNAbd;tRNA_NucTran2_2
Clo1313_1540,lysA,CP002416.1,,1796624,1797937,-,diaminopimelate decarboxylase,Amino acid transport and metabolism,UPI0000538548,Op1066,diaminopimelate decarboxylase activity; pyridoxal phosphate binding,lysine biosynthetic process via diaminopimelate,Ala_racemase/Decarboxylase_C;DAP_deCOOHase_LysA;De-COase2_C;De-COase2_CS;De-COase2_N;Orn/DAP/Arg_de-COase;PLP-binding_barrel;,Orn_Arg_deC_N;Orn_DAP_Arg_deC
Clo1313_1541,RS07775,CP002416.1,,1798184,1799161,+,hypothetical protein,No COG annotation,UPI0000F218A7,Op1067,,,,-
Clo1313_1542,RS07780,CP002416.1,,1799471,1800964,-,IMP dehydrogenase,Nucleotide transport and metabolism,UPI0000536F88,Op1068,,,Aldolase_TIM;CBS_dom;CBS_dom_sf;IMP_DH;IMP_DH/GMP_Rdtase_CS;IMP_DH_GMPRt;,CBS;IMPDH
Clo1313_1543,RS07785,CP002416.1,,1801182,1801835,-,Lysine exporter protein (LYSE/YGGA),Amino acid transport and metabolism,UPI0000536153,Op1069,,,LeuE-type;,LysE
Clo1313_1544,RS07790,CP002416.1,,1802049,1803263,-,Serine-type D-Ala-D-Ala carboxypeptidase,Cell wall/membrane/envelope biogenesis,UPI0001B1ED30,Op1070,,,Beta-lactam/transpept-like;Peniciliin-bd_prot_C_sf;Peptidase_S11;Peptidase_S11_C;Peptidase_S11_C_sf;Peptidase_S11_N;,PBP5_C;Peptidase_S11
Clo1313_1545,RS07795,CP002416.1,,1803355,1804656,-,pyrimidine-nucleoside phosphorylase,Nucleotide transport and metabolism,UPI000038F60E,Op1071,,,Glycosyl_Trfase_fam3;Glycosyl_Trfase_fam3_N_dom;Glycosyl_Trfase_fam3_N_dom_sf;Nuc_phospho_transferase;PYNP-like_C_sf;PYNP_C;Pyrmidine_PPas_bac/euk;Pyrmidine_PPase_CS;Thymidine/pyrmidine_PPase;,Glycos_trans_3N;Glycos_transf_3;PYNP_C
Clo1313_1546,RS07800,CP002416.1,,1804688,1805854,-,phosphopentomutase,Carbohydrate transport and metabolism,UPI000038F60F,Op1071,,,Alkaline_phosphatase_core_sf;DeoB;Metalloenzyme;Phosphopentomutase_DeoB_cap_sf;,Metalloenzyme
Clo1313_1547,xerD,CP002416.1,,1806007,1806891,-,tyrosine recombinase XerD,"Replication, recombination and repair",UPI00017E1F8F,Op1072,DNA binding; tyrosine-based site-specific recombinase activity,cell division; chromosome segregation; DNA transposition,CB;DNA_brk_join_enz;Integrase-like_cat_sf;Integrase_catalytic;Integrase_recombinase_N;Integrase_SAM-like_N;Recomb_XerD;Tyrosine_recombinase_XerC/XerD;Tyrosine_recombinase_XerCD;,Phage_int_SAM_1;Phage_integrase
Clo1313_1548,spoIIM,CP002416.1,,1807248,1807877,-,stage II sporulation protein M,Function unknown,UPI00017E1F8E,Op1073,,,SpoIIM;SpoIIM-like;,SpoIIM
Clo1313_1549,RS07815,CP002416.1,,1808116,1808664,-,NUDIX hydrolase,"Replication, recombination and repair",UPI000038F612,Op1074,,,Nudix_hydrolase;NUDIX_hydrolase-like_dom_sf;NUDIX_hydrolase_CS;NUDIX_hydrolase_dom;,NUDIX
Clo1313_1550,rnhA,CP002416.1,,1808685,1809128,-,Ribonuclease H,"Replication, recombination and repair",UPI000038F613,Op1074,magnesium ion binding; nucleic acid binding; RNA-DNA hybrid ribonuclease activity,"DNA replication, removal of RNA primer",RNase_H;RNaseH-like_sf;RNaseH_domain;RNaseH_sf;RNaseHI;,RNase_H
Clo1313_1551,proC,CP002416.1,,1809242,1810057,-,pyrroline-5-carboxylate reductase,Amino acid transport and metabolism,UPI000038F614,Op1075,pyrroline-5-carboxylate reductase activity,L-proline biosynthetic process,6-PGluconate_DH-like_C_sf;NAD(P)-bd_dom_sf;P5C_Rdtase_cat_N;P5CR-like_CS;P5CR_dimer;Pyrroline-COOH_reductase;,F420_oxidored;P5CR_dimer
Clo1313_1552,RS07835,CP002416.1,,1810746,1811225,+,hypothetical protein,No COG annotation,UPI00003C8E75,Op1076,,,CBO0543-like;,-
Clo1313_1553,RS07840,CP002416.1,,1811227,1812324,-,spore germination protein,Amino acid transport and metabolism,UPI000038F616,Op1077,,,Spore_GerAB;,Spore_permease
Clo1313_1554,RS16020,CP002416.1,,1812339,1812503,-,hypothetical protein,No COG annotation,UPI0001F32A74,Op1077,,,,-
Clo1313_1555,RS07845,CP002416.1,,1812519,1813829,-,germination protein%2C Ger(x)C family,Function unknown,UPI000038F617,Op1077,,,GerAC_N;Spore_GerAC-like;Spore_GerAC-like_C;Spore_GerAC_C_sf;,Spore_GerAC
Clo1313_1556,RS07850,CP002416.1,,1813778,1814929,-,spore germination protein,Amino acid transport and metabolism,UPI0001B1ED2F,Op1077,,,,Spore_permease
Clo1313_1557,RS07855,CP002416.1,,1814963,1816732,-,GerA spore germination protein,Amino acid transport and metabolism,UPI0001B1ED2E,Op1077,,,Spore_Ger;UPF0353/GerABKA_families;,GerA
Clo1313_1558,RS07860,CP002416.1,,1816919,1817788,-,HflC protein,"Post-translational modification, protein turnover, and chaperones",UPI00017E1F8A,Op1078,,,Band_7;Band_7/SPFH_dom_sf;HflC;,Band_7
Clo1313_1559,hflK,CP002416.1,,1817790,1818758,-,HflK protein,"Post-translational modification, protein turnover, and chaperones",UPI000038F61B,Op1078,,,Band7/mec-2_domain;Band_7;Band_7/SPFH_dom_sf;HflK;,Band_7
Clo1313_1560,RS07870,CP002416.1,,1818938,1819750,-,3D domain-containing protein,Function unknown,UPI0000537E30,Op1079,,,3D_dom;3D_YorM;Resuscitation_pf_RpfB;RlpA-like_sf;,3D
Clo1313_1561,RS07880,CP002416.1,,1820161,1820730,+,hypothetical protein,Function unknown,UPI000038F61D,Op1080,,,DUF4352;Immunoprotect_excell_Ig-like;,DUF4352
Clo1313_1563,RS07890,CP002416.1,,1821046,1822761,-,Ricin B lectin,Carbohydrate transport and metabolism,UPI00017E1F89,Op1081,,,Dockerin_1_rpt;Dockerin_dom;Dockerin_dom_sf;EF_Hand_1_Ca_BS;Glyco_hydro_43;Glyco_hydro_beta-prop_sf;Ricin_B-like_lectins;Ricin_B_lectin;,Dockerin_1;F5_F8_type_C;Glyco_hydro_43;Laminin_G_3;RicinB_lectin_2
Clo1313_1564,RS07895,CP002416.1,,1822966,1825413,-,glycoside hydrolase family 81,Cell wall/membrane/envelope biogenesis,UPI0001B1ED2D,Op1082,,,Dockerin_1_rpt;Dockerin_dom;Dockerin_dom_sf;EF_Hand_1_Ca_BS;Endo-beta-glucanase;GH81_C;,Dockerin_1;Glyco_hydro_81
Clo1313_1565,RS07900,CP002416.1,,1825631,1826119,+,hypothetical protein,No COG annotation,UPI00017E1F87,Op1083,,,,-
Clo1313_1566,RS07905,CP002416.1,,1826135,1826686,-,hypothetical protein,Function unknown,UPI00017E1F86,Op1084,,,TF_Znf;,-
Clo1313_1567,RS07910,CP002416.1,,1826899,1827498,+,hypothetical protein,No COG annotation,UPI000038F620,Op1085,,,,-
Clo1313_1568,RS16025,CP002416.1,,1827585,1827758,-,hypothetical protein,No COG annotation,UPI0001B1ED2C,Op1086,,,,-
Clo1313_1569,pilM,CP002416.1,,1828014,1829120,-,type IV pilus assembly protein PilM,Cell motility,UPI000038F621,Op1087,,,ATPase_NBD;FtsA/MreB;PilM;SHS2_FtsA;,PilM_2;PilN
Clo1313_1570,RS07920,CP002416.1,,1829427,1830572,-,cysteine desulfurase family protein,Amino acid transport and metabolism,UPI00017E1E07,Op1088,,,Aminotrans_V_dom;Cys_dSase-rel_unknwn_funct;Cys_dSase_SufS;Cysteine_dSase;PyrdxlP-dep_Trfase;PyrdxlP-dep_Trfase_major;PyrdxlP-dep_Trfase_small;,Aminotran_5
Clo1313_1571,hydG,CP002416.1,,1830796,1832172,-,biotin and thiamin synthesis associated,Energy production and conversion,UPI00003C8F4B,Op1089,,,Aldolase_TIM;BATS_dom;Elp3/MiaA/NifB-like_rSAM;FeFe-hyd_mat_HydG;rSAM;rSAM_sf;ThiH;ThiH/NoCL/HydG-like;,BATS;Radical_SAM
Clo1313_1572,RS07930,CP002416.1,,1832486,1832749,-,hypothetical protein,Transcription,UPI000038F624,Op1090,,,Acetolactate_synth/TF_NikR_C;ACT-like_dom_sf;FeFe-hyd_TM1266;,NikR_C
Clo1313_1573,RS07935,CP002416.1,,1832877,1833113,-,4-oxalocrotonate tautomerase,Function unknown,UPI000038F625,Op1091,,,4-OT-like_dom;Tautomerase/MIF_sf;Tautomerase_PptA;,Tautomerase
Clo1313_1574,RS07940,CP002416.1,,1833196,1833870,-,hypothetical protein,Function unknown,UPI0001B1ED08,Op1092,,,YcxB-like_C;,YcxB
Clo1313_1575,RS07945,CP002416.1,,1833863,1834363,-,hypothetical protein,Function unknown,UPI0001B1ED07,Op1092,,,,YcxB
Clo1313_1576,RS07950,CP002416.1,,1834486,1834779,-,hypothetical protein,Function unknown,UPI0001F32A75,Op1093,,,,AAA_18;AAA_33
Clo1313_1577,RS07955,CP002416.1,,1834907,1835236,-,hypothetical protein,No COG annotation,UPI000038F628,Op1094,,,,-
Clo1313_1578,RS07965,CP002416.1,,1835747,1837387,+,glutamyl-tRNA synthetase,"Translation, ribosomal structure and biogenesis",UPI00003C8F4E,Op1095,,,aa-tRNA-synth_I_cd-bd;aa-tRNA-synth_I_codon-bd_sub2;aa-tRNA-synth_I_CS;aa_tRNA-synth_I_cd-bd_sf;Glu-tRNA-ligase_bac/mito;Glu/Gln-tRNA-synth;Glu/Gln-tRNA-synth_Ib_cat-dom;GluQ/Sye;Rossmann-like_a/b/a_fold;,tRNA-synt_1c
Clo1313_1579,RS07970,CP002416.1,,1837565,1838254,-,anaerobic ribonucleoside-triphosphate reductase activating protein,"Post-translational modification, protein turnover, and chaperones",UPI000038F62A,Op1096,,,Aldolase_TIM;NrdG2;Organic_radical-activating;rSAM;rSAM_sf;,Fer4_12;Fer4_14;Radical_SAM
Clo1313_1580,RS07975,CP002416.1,,1838251,1840341,-,anaerobic ribonucleoside-triphosphate reductase,Nucleotide transport and metabolism,UPI0000F218A2,Op1096,,,ATP-cone_dom;NrdD;,ATP-cone;Glutaredoxin;NRDD
Clo1313_1581,RS07980,CP002416.1,,1840926,1843340,-,homocysteine S-methyltransferase,Amino acid transport and metabolism,UPI00003C8F51,Op1097,,,Cbl-bd_cap;Cobalamin-bd;Cobalamin-bd_sf;Dihydropteroate_synth-like_sf;HCY_dom;HCY_dom_sf;Met_Synthase/Corrinoid;MetH_bac;Meth_synthase_dom;Pterin-binding_dom;,B12-binding;B12-binding_2;Pterin_bind;S-methyl_trans
Clo1313_1582,RS07985,CP002416.1,,1843333,1843977,-,Vitamin B12 dependent methionine synthase activation region,Amino acid transport and metabolism,UPI000038F62D,Op1097,,,S-AdoMet-dep_Met_synth_prd;VitB12-dep_Met_synth_activ_sf;,Met_synt_B12
Clo1313_1583,RS07990,CP002416.1,,1844072,1845145,-,uncharacterized membrane protein,Function unknown,UPI000038F62E,Op1098,,,YkvI-like;,-
Clo1313_1584,RS07995,CP002416.1,,1845369,1845554,+,hypothetical protein,No COG annotation,UPI0000537F64,Op1099,,,Ferritin-like;,-
Clo1313_1585,RS08000,CP002416.1,,1845571,1845813,+,Coat F domain protein,Cell wall/membrane/envelope biogenesis,UPI000038F62F,Op1099,,,Ferritin-like;Spore_coat_CotF-like;,Coat_F
Clo1313_1586,RS08005,CP002416.1,,1845921,1846106,-,hypothetical protein,No COG annotation,UPI000038F630,Op1100,,,,
Clo1313_1587,RS08010,CP002416.1,,1846372,1848120,-,Dockerin type 1,Cell wall/membrane/envelope biogenesis,UPI000038F631,Op1101,,,Dockerin_1_rpt;Dockerin_dom;Dockerin_dom_sf;EF_Hand_1_Ca_BS;Pectin_lyas_fold;Pectin_lyase_fold/virulence;RHGA/B-epi-like_pectate_lyase;,Dockerin_1;Pectate_lyase_3
Clo1313_1588,RS08015,CP002416.1,,1848339,1849541,+,glycoside hydrolase family 13 domain protein,Carbohydrate transport and metabolism,UPI000038F632,Op1102,,,AMPK1_CBM;Ig-like_fold;Ig_E-set;,AMPK1_CBM
Clo1313_1589,essC,CP002416.1,,1849747,1854426,+,FHA domain containing protein,"Cell cycle control, cell division, chromosome partitioning",UPI00003C8F54,Op1103,,,AAA+_ATPase;FHA_dom;Firmicutes_EssC_C;FtsK/SpoIIIE/SftA;FtsK_dom;P-loop_NTPase;SMAD_FHA_dom_sf;,FHA;FtsK_SpoIIIE
Clo1313_1590,RS08025,CP002416.1,,1854563,1854865,+,hypothetical protein,Function unknown,UPI0000F2189E,Op1104,,,ESAT-6-like_sf;T7SS_ESAT-6-like;,WXG100
Clo1313_1591,RS08030,CP002416.1,,1855017,1855265,+,hypothetical protein,Function unknown,UPI00003C8CA0,Op1105,,,Ubiquitin-like_dom;Ubiquitin-like_domsf;YukD-like;,YukD
Clo1313_1592,RS08035,CP002416.1,,1855401,1856231,+,protein serine/threonine phosphatase,Signal transduction mechanisms,UPI0001B1ED04,Op1106,,,PP2C;PPM-type-like_dom_sf;PPM-type_phosphatase-like_dom;,PP2C;PP2C_2
Clo1313_1593,RS08040,CP002416.1,,1856354,1858441,+,serine/threonine protein kinase,Transcription,UPI00003C8CA2,Op1107,,,6-blade_b-propeller_TolB-like;Atg1-like;Kinase-like_dom_sf;LRP1-like_beta_prop;Prot_kinase_dom;Protein_kinase_ATP_BS;Ser/Thr_kinase_AS;,DUF5050;PASTA;Pkinase;SH3_3
Clo1313_1594,RS08045,CP002416.1,,1858472,1858957,-,hypothetical protein,No COG annotation,UPI000038F634,Op1108,,,,-
Clo1313_1595,RS08050,CP002416.1,,1858976,1859578,-,hypothetical protein,No COG annotation,UPI000038F635,Op1108,,,,-
Clo1313_1596,RS08055,CP002416.1,,1859636,1859851,-,hypothetical protein,No COG annotation,UPI000038F636,Op1109,,,,-
Clo1313_1597,RS08060,CP002416.1,,1859913,1860797,-,hypothetical protein,Cell motility,UPI000038F637,Op1110,,,,-
Clo1313_1598,RS08065,CP002416.1,,1860791,1861768,-,hypothetical protein,No COG annotation,UPI000038F638,Op1110,,,,-
Clo1313_1599,RS08070,CP002416.1,,1861758,1863203,-,type II secretion system protein E,"Intracellular trafficking, secretion, and vesicular transport",UPI000038F639,Op1110,,,P-loop_NTPase;T2SS/T4SS_dom;;,T2SSE
Clo1313_1600,RS08075,CP002416.1,,1863225,1864061,-,hypothetical protein,"Cell cycle control, cell division, chromosome partitioning",UPI000038F63A,Op1110,,,P-loop_NTPase;,-
Clo1313_1601,RS08080,CP002416.1,,1864031,1864906,-,hypothetical protein,No COG annotation,UPI000038F63B,Op1110,,,SAF;,-
Clo1313_1602,RS08085,CP002416.1,,1865095,1866507,-,hypothetical protein,"Cell cycle control, cell division, chromosome partitioning",UPI00003C8CA4,Op1111,,,P-loop_NTPase;,-
Clo1313_1603,RS08090,CP002416.1,,1866721,1868853,-,glycoside hydrolase family 9,Carbohydrate transport and metabolism,UPI00000B933D,Op1112,,,6-hairpin_glycosidase_sf;6hp_glycosidase-like_sf;CBM2/CBM3_carb-bd_dom_sf;CBM3;CBM3_sf;Dockerin_1_rpt;Dockerin_dom;Dockerin_dom_sf;EF_Hand_1_Ca_BS;Glyco_hydro_9;Glyco_hydro_9_Asp/Glu_AS;Glyco_hydro_9_His_AS;,CBM_3;Glyco_hydro_9
Clo1313_1604,RS08095,CP002416.1,,1869417,1874222,-,glycoside hydrolase family 9,Carbohydrate transport and metabolism,UPI000038F63D,Op1113,,,6-hairpin_glycosidase_sf;6hp_glycosidase-like_sf;CBM30;Cellulase_Ig-like;Dockerin_1_rpt;Dockerin_dom;Dockerin_dom_sf;Galactose-bd-like_sf;GH_hydrolase_sf;GH44_cat;Glyco_hydro_9;Glyco_hydro_b;Ig-like_fold;Ig_E-set;PKD/Chitinase_dom;PKD_dom;PKD_dom_sf;,Dockerin_1;Glyco_hydro_44;PKD
Clo1313_1605,RS08100,CP002416.1,,1874903,1875541,-,transcriptional regulator%2C TraR/DksA family,Signal transduction mechanisms,UPI000038F63E,Op1114,,,DnaK_N;YteA;Znf_DskA_TraR;Znf_DskA_TraR_CS;,zf-dskA_traR
Clo1313_1606,RS08105,CP002416.1,,1875811,1876617,+,methylthioadenosine phosphorylase,Nucleotide transport and metabolism,UPI000038F63F,Op1115,,,MTAP;Nucleoside_phosphorylase_d;Nucleoside_phosphorylase_sf;Purine_phosphorylase-2_CS;,PNP_UDP_1
Clo1313_1607,mtnA,CP002416.1,,1876662,1877690,+,translation initiation factor%2C aIF-2BI family,"Translation, ribosomal structure and biogenesis",UPI000038F640,Op1115,S-methyl-5-thioribose-1-phosphate isomerase activity,L-methionine salvage from methylthioadenosine,IF-2B-related;IF-M1Pi;IF_2B-like_C;Initiation_fac_2B_a/b/d;M1Pi_N;NagB/RpiA_transferase-like;,IF-2B
Clo1313_1608,RS08115,CP002416.1,,1877767,1878159,-,iron (metal) dependent repressor%2C DtxR family,Transcription,UPI00005343AD,Op1116,,,MntR_IdeR_Metal-Reg;Fe_dep_repressor;Fe_dep_repressor_sf;HTH_DTXR;Iron_dep_repressor;WH-like_DNA-bd_sf;WH_DNA-bd_sf;,Fe_dep_repr_C;Fe_dep_repress
Clo1313_1609,RS08120,CP002416.1,,1878480,1878701,+,FeoA family protein,Inorganic ion transport and metabolism,UPI000038F642,Op1117,,,Fe-transptr_FeoA-like;FeoA;FeoA_core_dom;Transcriptional_repressor_C;,FeoA
Clo1313_1610,feoB,CP002416.1,,1878775,1880940,+,ferrous iron transport protein B,Inorganic ion transport and metabolism,UPI0001F328D4,Op1118,,,,FeoB_C;FeoB_N;Gate
Clo1313_1611,RS15610,CP002416.1,,1880937,1881101,+,hypothetical protein,Function unknown,UPI00017E66CD,Op1118,,,,P12
Clo1313_1612,RS08130,CP002416.1,,1881261,1882559,-,AAA ATPase central domain protein,"Replication, recombination and repair",UPI000038F645,Op1119,,,AAA+_ATPase;AAA_assoc_2;AAA_ATPase_RarA/MGS1/WRNIP1;ATPase_AAA_core;DNA_pol3_clamp-load_cplx_C;MgsA_C;P-loop_NTPase;,AAA;AAA_assoc_2;MgsA_C;RuvB_N
Clo1313_1613,RS08135,CP002416.1,,1882593,1883024,-,amino acid-binding ACT domain protein,Function unknown,UPI000038F646,Op1119,,,ACT-like_dom_sf;ACT_dom;ACT_dom_pair;,ACT
Clo1313_1614,RS08140,CP002416.1,,1883079,1884380,-,Phenylacetate--CoA ligase,Coenzyme transport and metabolism,UPI0001B1F070,Op1120,,,;AMP-b_sf;AMP-dep_Lig_C;AMP-dep_synth/lig_dom;ANL_N_sf;PA_CoA_ligase;,AMP-binding;AMP-binding_C_2
Clo1313_1615,RS08145,CP002416.1,,1884490,1885065,-,indolepyruvate ferredoxin oxidoreductase%2C beta subunit,Energy production and conversion,UPI000038F648,Op1121,,,Indolepyruvate_Fd_OxRdtase_bsu;IorB_oxidoreductase;Pyrv/ketoisovalerate_OxRed_cat;Pyrv_flavodox_OxRed_cen;,POR
Clo1313_1616,iorA,CP002416.1,,1885068,1886804,-,indolepyruvate ferredoxin oxidoreductase%2C alpha subunit,Energy production and conversion,UPI0001F32902,Op1121,,,4Fe4S_Fe-S-bd;HACL1-like;IorA;Pyrv_Fd/Flavodoxin_OxRdtase_N;THDP-binding;TPP_enzyme_TPP-bd;Transketo_C/PFOR_II;,Fer4;POR_N;TPP_enzyme_C
Clo1313_1617,RS08155,CP002416.1,,1887110,1888621,-,SSS sodium solute transporter superfamily,Amino acid transport and metabolism,UPI0001B1F06E,Op1122,,,Na/Glc_symporter_sf;Na/solute_symporter;Sodium:Solute_Symporter;,SSF
Clo1313_1618,RS08160,CP002416.1,,1888778,1890403,-,RNA-metabolising metallo-beta-lactamase,"Translation, ribosomal structure and biogenesis",UPI00017E1C89,Op1123,,,Beta_Casp;MBL;Metallo-B-lactamas;RibonucZ/Hydroxyglut_hydro;RMMBL;,Beta-Casp;Lactamase_B;Lactamase_B_6;RMMBL
Clo1313_1619,RS08165,CP002416.1,,1890514,1891581,-,histidinol-phosphate aminotransferase,Amino acid transport and metabolism,UPI0001B1F06D,Op1124,,,Aminotrans_II_pyridoxalP_BS;Aminotransferase_I/II_large;HisP_aminotrans;HistidinolP_aminotransfase;PyrdxlP-dep_Trfase;PyrdxlP-dep_Trfase_major;PyrdxlP-dep_Trfase_small;,Aminotran_1_2
Clo1313_1620,RS08170,CP002416.1,,1891844,1892821,-,peptidase M42 family protein,Carbohydrate transport and metabolism,UPI0000531F06,Op1125,,,Peptidase_M42;Peptidase_M42_aminopept;Peptidase_M42_dom2;,Peptidase_M42
Clo1313_1621,RS08175,CP002416.1,,1892868,1893917,-,Cellulase,Carbohydrate transport and metabolism,UPI000038F64D,Op1126,,,Peptidase_M42;Peptidase_M42_aminopept;Peptidase_M42_dom2;,Peptidase_M42
Clo1313_1622,RS08180,CP002416.1,,1893911,1894960,-,peptidase M42 family protein,Carbohydrate transport and metabolism,UPI0001B1F06C,Op1126,,,Peptidase_M42;Peptidase_M42_aminopept;Peptidase_M42_dom2;,Peptidase_M42
Clo1313_1623,RS08185,CP002416.1,,1895151,1897451,-,DNA internalization-related competence protein ComEC/Rec2,Function unknown,UPI0001F32903,Op1127,,,ComA-like_MBL;ComEC_N;Competence_ComEC/Rec2;Competence_DNA_uptake;DUF4131;Metallo-B-lactamas;RibonucZ/Hydroxyglut_hydro;,Competence;DUF4131;Lactamase_B
Clo1313_1624,RS08190,CP002416.1,,1897567,1898679,-,NLP/P60 protein,Cell wall/membrane/envelope biogenesis,UPI0001B1F06B,Op1128,,,NLP_P60_dom;Papain-like_cys_pep_sf;Peptidase_C40;SH3-like_bac-type;SH3-like_dom_sf;,NLPC_P60;SH3_3
Clo1313_1625,Clo1313_1625,CP002416.1,,1898683,1898940,-,hypothetical protein,No COG annotation,UPI0000533519,Op1129,,,,
Clo1313_1626,RS08200,CP002416.1,,1898965,1899489,-,GCN5-related N-acetyltransferase,"Translation, ribosomal structure and biogenesis",UPI000038FB79,Op1130,,,Acyl_CoA_acyltransferase;GNAT_dom;,-
Clo1313_1627,thiC,CP002416.1,,1899970,1901268,-,thiamine biosynthesis protein ThiC,Coenzyme transport and metabolism,UPI000038FB7A,Op1131,"4 iron, 4 sulfur cluster binding; phosphomethylpyrimidine synthase activity; zinc ion binding",thiamine biosynthetic process; thiamine diphosphate biosynthetic process,ThiC;ThiC/Bza_core_dom;ThiC/BzaA/B;,ThiC_Rad_SAM
Clo1313_1628,RS08210,CP002416.1,,1901270,1902340,-,thiamine-phosphate pyrophosphorylase,Coenzyme transport and metabolism,UPI00003C8CAE,Op1131,,,Aldolase_TIM;ThiamineP_synth_sf;ThiamineP_synth_TenI;ThiD2;TMP_synthase;TMP_synthase_cyanobac_bac;,TMP-TENI
Clo1313_1629,thiF,CP002416.1,,1902340,1902984,-,thiamine biosynthesis protein ThiF,Coenzyme transport and metabolism,UPI000038FB7C,Op1131,,,ThiF/MoeB/HesA;ThiF_fam2;ThiF_NAD_FAD-bd;Ubiquitin-activating_enz;,ThiF;ThiS-like
Clo1313_1630,thiH,CP002416.1,,1903061,1904170,-,thiazole biosynthesis protein ThiH,Energy production and conversion,UPI000038FB7D,Op1131,,,Aldolase_TIM;BATS_dom;rSAM;rSAM_sf;ThiH;ThiH/NoCL/HydG-like;,BATS;Radical_SAM
Clo1313_1631,RS08225,CP002416.1,,1904299,1905066,-,thiazole biosynthesis family protein,Coenzyme transport and metabolism,UPI000038FB7E,Op1131,,,Aldolase_TIM;Thiazole_synthase_ThiG;ThiG;,ThiG
Clo1313_1632,thiS,CP002416.1,,1905069,1905269,-,thiamine biosynthesis protein ThiS,Coenzyme transport and metabolism,UPI000038FB7F,Op1131,,,Beta-grasp_dom_sf;Mopterin_synth/thiamin_S_b;Thi_S;ThiS/MoaD-like;,ThiS
Clo1313_1633,RS08235,CP002416.1,,1905534,1906157,-,ribosome biogenesis GTP-binding protein YsxC,"Cell cycle control, cell division, chromosome partitioning",UPI00003C8CAF,Op1132,,,G_ENGB_dom;GTP-bd;GTP-bd_ribosome_bio_YsxC;P-loop_NTPase;,MMR_HSR1
Clo1313_1634,RS08240,CP002416.1,,1906230,1907297,-,hypothetical protein,Transcription,UPI000038FB81,Op1133,,,DHS-like_NAD/FAD-binding_dom;,SIR2_2;TIR_2
Clo1313_1635,Clo1313_1635,CP002416.1,,1907499,1907627,+,hypothetical protein,No COG annotation,UPI00017E1B19,Op1134,,,,-
Clo1313_1636,RS08245,CP002416.1,,1907872,1908072,+,hypothetical protein,No COG annotation,UPI000038FB83,Op1135,,,,-
Clo1313_1637,RS08250,CP002416.1,,1908194,1909237,-,copper amine oxidase-like domain-containing protein,No COG annotation,UPI00017E1B18,Op1136,,,Cu_amine_oxidase-like_N;Mao_N_sf;,Cu_amine_oxidN1;NAGPA
Clo1313_1638,RS08255,CP002416.1,,1909515,1910177,-,Methyltransferase type 11,"Secondary metabolites biosynthesis, transport, and catabolism",UPI00003C8D3A,Op1137,,,Methyltransf_25;SAM-dependent_MTases_sf;,Methyltransf_25
Clo1313_1642,RS08285,CP002416.1,,1916708,1917163,-,hypothetical protein,"Replication, recombination and repair",UPI0001B1EF2D,Op1138,,,RGS;,Recombinase;Resolvase;Zn_ribbon_recom
Clo1313_1643,RS08290,CP002416.1,,1917245,1918396,-,Resolvase domain protein,"Replication, recombination and repair",UPI0001B1EF2C,Op1139,,,DNA_bind_recomb_sf;DNA_bind_recombinase_dom;Resolv_N;Resolvase-like_N_sf;SSR_resolvase;Zn_ribbon_recom_dom;,Recombinase;Resolvase;Zn_ribbon_recom
Clo1313_1644,RS08295,CP002416.1,,1918472,1918804,-,hypothetical protein,No COG annotation,UPI0001B1EF2B,Op1140,,,,
Clo1313_1645,RS08300,CP002416.1,,1919053,1921191,-,DEAD/DEAH box helicase domain protein,"Replication, recombination and repair",UPI0001B1EF2A,Op1141,,,ATP-dep_Helicase;DEAD/DEAH_box_helicase_dom;Helicase_ATP-bd;Helicase_C-like;Lhr_WH_dom;P-loop_NTPase;,DEAD;Helicase_C
Clo1313_1647,RS08315,CP002416.1,,1922530,1924374,-,hypothetical protein,Function unknown,UPI0001B1EF03,Op1141,,,TerB-C;TerB_N;TM2;,TM2;TerB_C;TerB_N
Clo1313_1648,RS08320,CP002416.1,,1924535,1925203,-,Resolvase domain protein,"Replication, recombination and repair",UPI0001B1EF02,Op1142,,,Recombinase_CS;Resolv_N;Resolvase-like_N_sf;SSR_resolvase;,Resolvase
Clo1313_1649,RS08325,CP002416.1,,1925487,1926263,-,hypothetical protein,No COG annotation,UPI0001B1EF01,Op1143,,,,
Clo1313_1650,RS15620,CP002416.1,,1926288,1926494,-,DNA binding domain protein%2C excisionase family,"Replication, recombination and repair",UPI0001F32904,Op1143,,,,HTH_17;MEDS
Clo1313_1651,RS08335,CP002416.1,,1927600,1927878,+,transposase IS3/IS911 family protein,"Replication, recombination and repair",UPI0001F32905,Op1144,,,,HTH_21;HTH_Tnp_1;rve
Clo1313_1652,RS08340,CP002416.1,,1928941,1929762,-,hypothetical protein,No COG annotation,UPI0001F3292F,Op1145,,,WH-like_DNA-bd_sf;WH_DNA-bd_sf;,-
Clo1313_1653,RS08350,CP002416.1,,1933986,1934276,-,protein of unknown function DUF503,Function unknown,UPI00003C8C36,Op1146,,,DUF503;TT1725-like_sf;,DUF503
Clo1313_1654,RS08355,CP002416.1,,1934406,1935590,+,response regulator receiver protein,Signal transduction mechanisms,UPI000038FB75,Op1147,,,Bact_Sigma-Reg;CheY-like_superfamily;PPM-type-like_dom_sf;PPM-type_phosphatase-like_dom;Sig_transdc_resp-reg_receiver;,Response_reg;SpoIIE;TPR_11;TPR_8
Clo1313_1655,RS08360,CP002416.1,,1935618,1937381,+,PAS/PAC sensor signal transduction histidine kinase,Signal transduction mechanisms,UPI00017E1B0E,Op1147,,,GAF-like_dom_sf;HATPase_C_sf;HATPase_dom;His_kinase_dom;HisK_dim/P_dom;HisK_dim/P_sf;PAS;PAS-assoc_C;PAS-like_dom_sf;Sig_transdc_His_kin-like_C;,HATPase_c;HisKA;PAS_9
Clo1313_1656,RS08365,CP002416.1,,1937638,1939404,+,Fibronectin-binding A domain protein,Transcription,UPI00003C8C35,Op1148,,,NFACT_RNA-bd;Ribosomal_uS13-like_H2TH;RQC_Subunit_NEMF;RqcH_bacterial;,DUF814;FbpA
Clo1313_1657,RS08370,CP002416.1,,1939418,1940611,+,aminotransferase class I and II,Amino acid transport and metabolism,UPI00017E197D,Op1148,,,Aminotransferase_I/II_large;NHTrfase_class1_PyrdxlP-BS;PyrdxlP-dep_Trfase;PyrdxlP-dep_Trfase_major;PyrdxlP-dep_Trfase_small;,Aminotran_1_2
Clo1313_1658,RS08375,CP002416.1,,1940678,1941199,-,nitroreductase,Energy production and conversion,UPI00003C8C33,Op1149,,,Nitroreductase;Nitroreductase-like;,Nitroreductase
Clo1313_1659,RS08380,CP002416.1,,1941753,1943963,+,glycoside hydrolase family 9,Function unknown,UPI0001B1ED66,Op1150,,,6-hairpin_glycosidase_sf;6hp_glycosidase-like_sf;CBM2/CBM3_carb-bd_dom_sf;CBM3;CBM3_sf;Dockerin_1_rpt;Dockerin_dom;Dockerin_dom_sf;EF_Hand_1_Ca_BS;Glyco_hydro_9;Glyco_hydro_9_Asp/Glu_AS;Glyco_hydro_9_His_AS;,CBM_3;Glyco_hydro_9
Clo1313_1660,RS08385,CP002416.1,,1944102,1944740,-,thiamine pyrophosphokinase,Coenzyme transport and metabolism,UPI0001B1ED65,Op1151,,,Thi_PPkinase;Thiamin_PyroPKinase_B1-bd;TPK;TPK_B1-bd_sf;TPK_catalytic;TPK_catalytic_sf;,TPK_B1_binding;TPK_catalytic
Clo1313_1661,RS08390,CP002416.1,,1944753,1945415,-,ribulose-phosphate 3-epimerase,Carbohydrate transport and metabolism,UPI00003C8C30,Op1151,,,Aldolase_TIM;Ribul_P_3_epim;Ribul_P_3_epim-like;RibuloseP-bd_barrel;,Ribul_P_3_epim
Clo1313_1662,rsgA,CP002416.1,,1945574,1946458,-,ribosome small subunit-dependent GTPase A,Function unknown,UPI00003C8C2F,Op1152,,,G_CP_dom;NA-bd_OB-fold;P-loop_NTPase;Ribosome_biogen_GTPase_RsgA;RsgA_GTPase_dom;RsgA_N;,RsgA_GTPase;RsgA_N
Clo1313_1663,pknB,CP002416.1,,1946478,1948589,-,serine/threonine protein kinase with PASTA sensor(s),Transcription,UPI00003C8C2E,Op1152,,,Kinase-like_dom_sf;PASTA_dom;Prot_kinase_dom;Protein_kinase_ATP_BS;Ser/Thr_kinase_AS;,PASTA;Pkinase
Clo1313_1664,RS08405,CP002416.1,,1948660,1949397,-,protein serine/threonine phosphatase,Signal transduction mechanisms,UPI000038FB6B,Op1153,,,PP2C;PPM-type-like_dom_sf;PPM-type_phosphatase-like_dom;,PP2C;PP2C_2
Clo1313_1665,rlmN,CP002416.1,,1949462,1950511,-,radical SAM enzyme%2C Cfr family,"Translation, ribosomal structure and biogenesis",UPI00003C8C2D,Op1154,"4 iron, 4 sulfur cluster binding; metal ion binding; rRNA (adenine(2503)-C2-)-methyltransferase activity; rRNA binding; tRNA (adenine(37)-C2)-methyltransferase activity; tRNA binding",rRNA base methylation; tRNA methylation,Aldolase_TIM;Elp3/MiaA/NifB-like_rSAM;Methyltransferase_A;RlmN_N;RNA_MTrfase_RlmN;rRNA_lsu_MTrfase_RlmN/Cfr;rSAM;rSAM_sf;,Fer4_14;Radical_SAM
Clo1313_1666,rsmB,CP002416.1,,1950513,1951880,-,sun protein,"Translation, ribosomal structure and biogenesis",UPI000038FB69,Op1154,,,MeTrfase_RsmB-F_NOP2_cat;MeTrfase_RsmB-F_NOP2_dom;Nop2p;NusB-like_sf;NusB_RsmB_TIM44;RCMT;rRNA_ssu_MeTfrase_B;RsmB-like_ferredoxin;SAM-dependent_MTases_sf;,Methyltr_RsmB-F;Methyltr_RsmF_N;NusB
Clo1313_1667,RS08420,CP002416.1,,1951880,1952563,-,peptidase membrane zinc metallopeptidase,Function unknown,UPI0000536057,Op1154,,,Zn_peptidase_2;,Zn_peptidase_2
Clo1313_1668,RS08425,CP002416.1,,1952580,1953350,-,protein of unknown function DUF116,Function unknown,UPI00017E39F9,Op1154,,,DUF116;,DUF116
Clo1313_1669,RS08430,CP002416.1,,1953325,1954302,-,methionyl-tRNA formyltransferase,"Translation, ribosomal structure and biogenesis",UPI0001F32930,Op1155,,,Fmt;Formyl_trans_C;Formyl_transf_N;Formyl_transf_N_sf;Formyl_transferase-like_C_sf;GART_AS;Met-tRNA-FMT_C;Met-tRNA-FMT_N;,Formyl_trans_C;Formyl_trans_N
Clo1313_1670,def,CP002416.1,,1954319,1954831,-,peptide deformylase,"Translation, ribosomal structure and biogenesis",UPI00003C8C29,Op1156,metal ion binding; peptide deformylase activity,translation,Peptide_deformylase;Peptide_deformylase_sf;,Pep_deformylase
Clo1313_1671,priA,CP002416.1,,1954878,1957325,-,primosomal protein N',"Replication, recombination and repair",UPI00003C8C28,Op1157,3'-5' DNA helicase activity; ATP binding; DNA binding; hydrolase activity; zinc ion binding;3'-5' DNA helicase activity; ATP binding; ATP hydrolysis activity; DNA binding; zinc ion binding,"DNA recombination; DNA replication initiation; DNA replication, synthesis of primer; double-strand break repair",DEAD/DEAH_box_helicase_dom;Helicase_ATP-bd;Helicase_C-like;P-loop_NTPase;PriA;PriA_3primeBD;PriA_3primeBD_sf;PriA_C;PriA_CRR;,DEAD;Helicase_C;ResIII
Clo1313_1672,RS08445,CP002416.1,,1957624,1958037,-,hypothetical protein,"Replication, recombination and repair",UPI000038FC73,Op1158,,,,-
Clo1313_1673,RS08450,CP002416.1,,1958123,1959079,-,Polyprenyl synthetase,Coenzyme transport and metabolism,UPI00017E39F7,Op1159,,,Isoprenoid_synthase_dom_sf;Polyprenyl_synt;Polyprenyl_synt_CS;,polyprenyl_synt
Clo1313_1674,RS08455,CP002416.1,,1959108,1959620,-,Heptaprenyl diphosphate synthase component I,Function unknown,UPI000038FC71,Op1159,,,Hpre_diP_synt_I;Hpre_diP_synth_I;,Hpre_diP_synt_I
Clo1313_1675,RS08460,CP002416.1,,1959701,1960081,-,protein of unknown function DUF1312,Function unknown,UPI0000533B9D,Op1160,,,NusG_2_sf;,NusG_II
Clo1313_1676,RS08465,CP002416.1,,1960065,1961156,-,ApbE family lipoprotein,Coenzyme transport and metabolism,UPI00017E35D5,Op1160,,,ApbE;ApbE-like_sf;,ApbE
Clo1313_1677,RS08470,CP002416.1,,1961527,1963302,+,FAD-dependent pyridine nucleotide-disulfide oxidoreductase,Energy production and conversion,UPI000038FC6E,Op1161,,,FAD/NAD-bd_sf;FAD/NAD-binding_dom;NDH-2;,DoxD;DoxX;Pyr_redox_2
Clo1313_1678,RS08475,CP002416.1,,1963422,1964138,-,single-strand binding protein/Primosomal replication protein n,"Replication, recombination and repair",UPI000038FC6D,Op1162,,,NA-bd_OB-fold;Primosome_PriB/ssb;ssDNA-bd;,SSB
Clo1313_1679,RS08480,CP002416.1,,1964491,1965225,-,Mur ligase middle domain protein,Cell wall/membrane/envelope biogenesis,UPI000038FC6C,Op1163,,,Mur-like_cat_sf;Mur_ligase_cen;,Mur_ligase_M
Clo1313_1680,RS08485,CP002416.1,,1965253,1966023,-,polysaccharide deacetylase,Carbohydrate transport and metabolism,UPI000038FC6B,Op1163,,,Glyco_hydro/deAcase_b/a-brl;NODB_dom;Polysacc_deacetylase_ArnD;,Polysacc_deac_1
Clo1313_1681,asnB,CP002416.1,,1966330,1968171,+,asparagine synthase (glutamine-hydrolyzing),Amino acid transport and metabolism,UPI00017E35D3,Op1164,,,Asn_synth_AEB;Asn_synthase;ASN_synthetase/amidase;AsnB_N;GATase_2_dom;Ntn_hydrolases_N;Rossmann-like_a/b/a_fold;,Asn_synthase;GATase_7
Clo1313_1682,RS08495,CP002416.1,,1968234,1969475,-,PpiC-type peptidyl-prolyl cis-trans isomerase,Cell wall/membrane/envelope biogenesis,UPI00003C8C25,Op1165,,,PPIase_dom_sf;PPIase_PpiC;PrsA_foldase;Trigger_fact/SurA_dom_sf;,Rotamase_3;SurA_N_3
Clo1313_1683,RS08500,CP002416.1,,1969758,1973528,-,phosphoribosylformylglycinamidine synthase,Nucleotide transport and metabolism,UPI0001B1ED39,Op1166,,,Class_I_gatase-like;FGAM_synthase;PurL_linker;PurM-like_C_dom;PurM-like_C_sf;PurM-like_N_sf;,AIRS;AIRS_C;GATase_5
Clo1313_1684,RS08505,CP002416.1,,1973648,1974547,+,transcriptional regulator%2C LysR family,Transcription,UPI000038F609,Op1167,,,LysR_HTH_N;LysR_subst-bd;WH-like_DNA-bd_sf;WH_DNA-bd_sf;,HTH_1;LysR_substrate
Clo1313_1685,RS08510,CP002416.1,,1974700,1975251,+,Cupin 2 conserved barrel domain protein,Transcription,UPI000038F608,Op1168,,,Cro/C1-type_HTH;Cupin_2;Lambda_DNA-bd_dom_sf;RmlC-like_jellyroll;RmlC_Cupin_sf;TransReg_Diox_bact_type;,Cupin_2;HTH_19;HTH_3
Clo1313_1686,RS08515,CP002416.1,,1975267,1976931,+,AMP-dependent synthetase and ligase,Lipid transport and metabolism,UPI00003C8C23,Op1168,,,AMP-bd_C;AMP-b_sf;AMP-binding_CS;AMP-dep_synth/lig_dom;ANL_N_sf;Mitochondrial_ACSM;,AMP-binding;AMP-binding_C
Clo1313_1687,htpG,CP002416.1,,1977105,1979009,-,Heat shock protein Hsp90-like protein,"Post-translational modification, protein turnover, and chaperones",UPI000038F606,Op1169,,,HATPase_C_sf;HSP90_C;Hsp90_fam;Hsp90_N;Ribosomal_Su5_D2-typ_SF;,HATPase_c;HATPase_c_3;HSP90
Clo1313_1688,RS08530,CP002416.1,,1979177,1980031,-,ABC-3 protein,Inorganic ion transport and metabolism,UPI000038F605,Op1170,,,ABC_BtuC-like;ABC_TroCD;,ABC-3
Clo1313_1689,RS08535,CP002416.1,,1980032,1980811,-,ABC transporter related protein,Inorganic ion transport and metabolism,UPI000038F604,Op1170,,,AAA+_ATPase;ABC_transporter-like_ATP-bd;ABC_transporter-like_CS;Metal_Ion_Import_ABC;P-loop_NTPase;,ABC_tran
Clo1313_1690,RS08540,CP002416.1,,1980837,1981793,-,periplasmic solute binding protein,Inorganic ion transport and metabolism,UPI000038F603,Op1170,,,AdhesinB;Bact_metal-bind_prot9;Lipoprotein_PsaA-like;ZnuA-like;,ZnuA
Clo1313_1691,RS08545,CP002416.1,,1981969,1982388,-,ferric uptake regulator%2C Fur family,Inorganic ion transport and metabolism,UPI000038F602,Op1171,,,FUR;Fur_C;WH-like_DNA-bd_sf;WH_DNA-bd_sf;,FUR
Clo1313_1692,RS08550,CP002416.1,,1982431,1982859,-,peptidase A24A prepilin type IV,Cell motility,UPI000038F601,Op1172,,,Prepilin_IV_endopep_pep;,Peptidase_A24
Clo1313_1693,RS08555,CP002416.1,,1982965,1983840,-,protein serine/threonine phosphatase,Signal transduction mechanisms,UPI0001B1ED38,Op1173,,,PPM-type-like_dom_sf;PPM-type_phosphatase-like_dom;,PP2C;PP2C_2
Clo1313_1694,RS08560,CP002416.1,,1984035,1986254,-,glycoside hydrolase family 9,Carbohydrate transport and metabolism,UPI000012BDE9,Op1174,,,6-hairpin_glycosidase_sf;6hp_glycosidase-like_sf;CBM2/CBM3_carb-bd_dom_sf;CBM3;CBM3_sf;Dockerin_1_rpt;Dockerin_dom;Dockerin_dom_sf;EF_Hand_1_Ca_BS;Glyco_hydro_9;Glyco_hydro_9_Asp/Glu_AS;Glyco_hydro_9_His_AS;,CBM_3;CBM_X2;Glyco_hydro_9
Clo1313_1695,RS08565,CP002416.1,,1986693,1987424,-,protein of unknown function DUF45,Function unknown,UPI000038F5FE,Op1175,,,UTP_pyrophosphatase-like;YgjP-like_metallopeptidase;,DUF45
Clo1313_1696,RS08570,CP002416.1,,1987457,1988650,-,peptidase M24,Amino acid transport and metabolism,UPI000038F5FD,Op1175,,,Creatin/AminoP/Spt16_N;Creatinase/aminopeptidase-like;Creatinase_N;Pept_M24;Pept_M24_MAP;Peptidase_M24B;,Creatinase_N;Peptidase_M24
Clo1313_1697,RS08575,CP002416.1,,1988849,1991455,-,protein of unknown function DUF214,Defense mechanisms,UPI0001B1ED37,Op1176,,,ABC3_permease_C;Macrolide_Exporter_MacB;,FtsX;MacB_PCD
Clo1313_1698,RS08580,CP002416.1,,1991452,1992135,-,ABC transporter related protein,Defense mechanisms,UPI00003C8C21,Op1176,,,AAA+_ATPase;ABC_transporter-like_ATP-bd;ABC_transporter-like_CS;MacB-like_ATP-bd;P-loop_NTPase;,ABC_tran
Clo1313_1699,RS08585,CP002416.1,,1992244,1993260,-,integral membrane sensor signal transduction histidine kinase,Signal transduction mechanisms,UPI0000F218E6,Op1177,,,BphY/WalK/GraS-like;HATPase_C_sf;HATPase_dom;His_kinase_dom;HisK_dim/P_dom;HisK_dim/P_sf;Sig_transdc_His_kin-like_C;,HATPase_c;HisKA
Clo1313_1700,RS08590,CP002416.1,,1993253,1993924,-,two component transcriptional regulator%2C winged helix family,Signal transduction mechanisms,UPI0001B1ED36,Op1177,,,CheY-like_superfamily;OmpR/PhoB-type_DNA-bd;Sig_transdc_resp-reg_receiver;WalR-like;WH-like_DNA-bd_sf;,Response_reg;Trans_reg_C
Clo1313_1701,RS08595,CP002416.1,,1993998,1995689,-,glycoside hydrolase family 5,Carbohydrate transport and metabolism,UPI000012BDD6,Op1178,,,Dockerin_1_rpt;Dockerin_dom;Dockerin_dom_sf;EF_Hand_1_Ca_BS;GH_hydrolase_sf;Glyco_hydro_5;Glyco_hydro_5_CS;,Cellulase;Dockerin_1
Clo1313_1702,RS08600,CP002416.1,,1995995,1996267,-,hypothetical protein,No COG annotation,UPI000038F5F7,Op1179,,,,
Clo1313_1703,RS08605,CP002416.1,,1996370,1998553,-,ABC-type bacteriocin transporter,Defense mechanisms,UPI0001B1ED35,Op1180,,,AAA+_ATPase;ABC1_TM_dom;ABC1_TM_sf;ABC_transporter-like_ATP-bd;P-loop_NTPase;Pept_C39_ABC_bacteriocin;Peptidase_C39;Type_1_exporter;,ABC_membrane;ABC_tran;Peptidase_C39
Clo1313_1704,RS08610,CP002416.1,,1998564,2000096,-,Radical SAM domain protein,Energy production and conversion,UPI0000533BBE,Op1180,,,4Fe4S-binding_SPASM_dom;Aldolase_TIM;Elp3/MiaA/NifB-like_rSAM;Radical_SAM_PqqE_MftC-like;rSAM;rSAM_sf;TPR-like_helical_dom_sf;TPR_rpt;,Fer4_12;Fer4_14;Radical_SAM;SPASM
Clo1313_1705,RS08615,CP002416.1,,2000441,2000932,-,Haloacid dehalogenase domain protein hydrolase,Function unknown,UPI000038F5F3,Op1181,,,HAD-like_sf;HAD-SF_hydro_IA;HAD_2;HAD_sf;PGP-like_dom2;,HAD_2
Clo1313_1706,RS08620,CP002416.1,,2001004,2001774,-,hypothetical protein,No COG annotation,UPI0001F3293A,Op1182,,,,
Clo1313_1707,RS08625,CP002416.1,,2001765,2003306,-,hypothetical protein,No COG annotation,UPI0001B1ED12,Op1183,,,,
Clo1313_1708,RS08630,CP002416.1,,2003508,2004293,-,Peptidoglycan-binding lysin domain,No COG annotation,UPI0001F3293B,Op1184,,,,-
Clo1313_1709,RS08635,CP002416.1,,2004519,2004914,-,hypothetical protein,No COG annotation,UPI000038F5F0,Op1185,,,tRNA_endonuc-like_dom_sf;,-
Clo1313_1710,tnpA,CP002416.1,,2005139,2005615,-,transposase IS200-family protein,"Replication, recombination and repair",UPI00017E3E22,Op1186,,,,Y1_Tnp
Clo1313_1711,RS08655,CP002416.1,,2006179,2007684,-,histidine kinase,Signal transduction mechanisms,UPI00003C8C0B,Op1187,,,HATPase_C_sf;HATPase_dom;His_kinase_dom;HisK_dim/P_dom;HisK_dim/P_sf;Sensor_HK_Regulatory;Sig_transdc_His_kin-like_C;,HATPase_c;HisKA;PAS_4;PAS_8;PAS_9
Clo1313_1712,RS08660,CP002416.1,,2007949,2009058,+,sodium ion-translocating decarboxylase%2C beta subunit,Energy production and conversion,UPI000038FDB3,Op1188,,,OadB_MmdB;,OAD_beta
Clo1313_1713,RS08665,CP002416.1,,2009076,2009237,+,sodium pump decarboxylase gamma subunit,Function unknown,UPI0001B1EEED,Op1188,,,Na_pump_deCOase;,OAD_gamma
Clo1313_1714,RS08670,CP002416.1,,2009356,2009766,-,hypothetical protein,No COG annotation,UPI00003C90F7,Op1189,,,,-
Clo1313_1715,RS08675,CP002416.1,,2010022,2010669,+,Exonuclease RNase T and DNA polymerase III,"Replication, recombination and repair",UPI000038FDB5,Op1190,,,3-5_Exoribonuclease;ERI-1_3'hExo-like;Ribonucl_H;RNaseH-like_sf;RNaseH_sf;,RNase_T
Clo1313_1716,pflA,CP002416.1,,2010689,2011405,-,pyruvate formate-lyase activating enzyme,Energy production and conversion,UPI000038FDB6,Op1191,,,Aldolase_TIM;Elp3/MiaA/NifB-like_rSAM;Organic_radical-activating;PFL1_activating;Radical_activat_CS;rSAM;rSAM_sf;,Fer4_12;Radical_SAM
Clo1313_1717,pflB,CP002416.1,,2011432,2013660,-,formate acetyltransferase,Energy production and conversion,UPI0000531F17,Op1191,,,Auton_GlycylRad_Cofactor;Form_AcTrfase;Form_AcTrfase_GR_CS;Gly_radical;PFL_dom;,Gly_radical;PFL-like
Clo1313_1718,RS08690,CP002416.1,,2014046,2015281,-,Capsule synthesis protein%2C CapA,Cell wall/membrane/envelope biogenesis,UPI0001B1EEEC,Op1192,,,Capsule_synth_CapA;CW_Biosynth-Accessory;Metallo-depent_PP-like;,PGA_cap;Peptidase_M15
Clo1313_1719,thpR,CP002416.1,,2015383,2015934,-,2'-5' RNA ligase,"Translation, ribosomal structure and biogenesis",UPI00017E6AF4,Op1193,,,Cyclic_Pdiesterase;Phosphoesterase_HXTX;RNA_CPDase;,LigT_PEase
Clo1313_1720,RS08700,CP002416.1,,2016086,2016952,-,hypothetical protein,No COG annotation,UPI00003C9060,Op1194,,,,-
Clo1313_1721,RS08705,CP002416.1,,2017115,2017744,-,aminodeoxychorismate lyase,No COG annotation,UPI0001B1EEE9,Op1195,,,,-
Clo1313_1722,RS08710,CP002416.1,,2017776,2018360,-,hypothetical protein,No COG annotation,UPI000038FEA6,Op1195,,,DUF6115;,-
Clo1313_1723,RS08715,CP002416.1,,2018396,2018707,-,hypothetical protein,No COG annotation,UPI00003C905E,Op1195,,,,-
Clo1313_1724,RS08720,CP002416.1,,2018734,2020362,-,protein of unknown function DUF342,"Replication, recombination and repair",UPI00003C905D,Op1195,,,FapA;FapA_b_solenoid;FapA_N;,FapA
Clo1313_1725,RS08725,CP002416.1,,2020402,2021172,-,RNA polymerase%2C sigma 28 subunit%2C FliA/WhiG,Transcription,UPI0001B1EEA2,Op1195,,,RNA_pol_sigma-70_dom;RNA_pol_sigma70;RNA_pol_sigma70_r2;RNA_pol_sigma70_r3;RNA_pol_sigma70_r4;RNA_pol_sigma_FliA_WhiG;RNA_pol_sigma_r2;RNA_pol_sigma_r3/r4-like;,Sigma70_r2;Sigma70_r3;Sigma70_r4
Clo1313_1726,RS08730,CP002416.1,,2021225,2021623,-,hypothetical protein,No COG annotation,UPI000038F5E6,Op1196,,,,-
Clo1313_1727,RS08735,CP002416.1,,2021638,2022123,-,CheD,Cell motility,UPI000038F5E5,Op1196,,,CheD-like_sf;Chemorcpt_Glu_NH3ase_CheD;Cytotoxic_necrot_fac-like_cat;,CheD
Clo1313_1728,RS08740,CP002416.1,,2022123,2022743,-,CheC%2C inhibitor of MCP methylation,Cell motility,UPI00003C8CF6,Op1196,,,CheC;CheC-like_sf;CheZ_family_phosphatases;,CheC
Clo1313_1729,RS08745,CP002416.1,,2022748,2023212,-,CheW protein,Cell motility,UPI00017E3E1C,Op1196,,,CheW;CheW-like_dom_sf;CheW-lke_dom;,CheW
Clo1313_1730,RS08750,CP002416.1,,2023229,2025307,-,CheA signal transduction histidine kinase,Cell motility,UPI0001B1EEA1,Op1196,,,Bact_Chemotaxis_CheA;CheA-like_dim;CheA-like_homodim_sf;CheA-like_P2_sf;CheA_P2-bd;CheW-like_dom_sf;CheW-lke_dom;CheY-binding_CheA;HATPase_C_sf;HATPase_dom;His_kinase_dom;HisK_dim/P_sf;HPT_dom_sf;Sig_transdc_His_kin-like_C;Sig_transdc_His_kin_Hpt_dom;,CheW;H-kinase_dim;HATPase_c;Hpt;P2
Clo1313_1731,RS08755,CP002416.1,,2025307,2026371,-,response regulator receiver modulated CheB methylesterase,Cell motility,UPI000038F5E1,Op1196,,,CheB-like;CheB_C;CheY-like_superfamily;Sig_transdc_resp-reg_Me-estase;Sig_transdc_resp-reg_receiver;,CheB_methylest;Response_reg
Clo1313_1732,RS08760,CP002416.1,,2026381,2027055,-,type IV pilus assembly PilZ,Cell wall/membrane/envelope biogenesis,UPI000038F5E0,Op1196,,,PilZ_domain;T3SS_YcgR_PilZN;,PilZ;YcgR_2
Clo1313_1733,RS08765,CP002416.1,,2027098,2028006,-,cobyrinic acid ac-diamide synthase,"Cell cycle control, cell division, chromosome partitioning",UPI0001B1EEA0,Op1197,,,FlhG;MinD_FleN;P-loop_NTPase;ParA/MinD_ATPase;YlxH/NBP35;,CbiA;ParA
Clo1313_1734,flhF,CP002416.1,,2028007,2029218,-,flagellar biosynthetic protein FlhF,Cell motility,UPI000038F5DE,Op1197,,,AAA+_ATPase;FlhF;FlhF__GTPase_dom;P-loop_NTPase;SRP54_GTPase_dom;,SRP54
Clo1313_1735,flhA,CP002416.1,,2029220,2031250,-,flagellar biosynthesis protein FlhA,Cell motility,UPI000053366D,Op1197,,bacterial-type flagellum assembly; protein secretion,FHIPEP_1;FHIPEP_3;FHIPEP_4;FHIPEP_CS;FlhA;T3SS_FHIPEP;,FHIPEP
Clo1313_1736,flhB,CP002416.1,,2031291,2032469,-,flagellar biosynthetic protein FlhB,Cell motility,UPI000038F5DC,Op1197,,bacterial-type flagellum assembly; protein secretion,FlhB;T3SS_substrate_exporter;T3SS_substrate_exporter_C;,Bac_export_1;Bac_export_2
Clo1313_1737,fliR,CP002416.1,,2032466,2033251,-,flagellar biosynthetic protein FliR,Cell motility,UPI00003C8CF3,Op1197,,,FliR;T3SS_IM_R;,Bac_export_1
Clo1313_1738,fliQ,CP002416.1,,2033281,2033550,-,flagellar biosynthetic protein FliQ,Cell motility,UPI000038F5DA,Op1197,,bacterial-type flagellum assembly; protein secretion,Bac_export_3;FliQ;,Bac_export_3
Clo1313_1739,fliP,CP002416.1,,2033603,2034385,-,flagellar biosynthetic protein FliP,Cell motility,UPI0000536275,Op1197,,bacterial-type flagellum organization; protein secretion,FliP;T3SS_IM_P;,FliP
Clo1313_1740,RS08800,CP002416.1,,2034375,2034872,-,hypothetical protein,Cell motility,UPI000038F5D8,Op1197,,,Flagellar_biosynth_FliO;,FliO
Clo1313_1741,RS08805,CP002416.1,,2034942,2035304,-,response regulator receiver protein,Signal transduction mechanisms,UPI000038F5D7,Op1198,,,CheY-like_superfamily;Sig_transdc_resp-reg_receiver;ST_Response_Regulator;,Response_reg
Clo1313_1742,fliY,CP002416.1,,2035424,2036644,-,CheC%2C inhibitor of MCP methylation / FliN fusion protein,Cell motility,UPI0001B1EE9F,Op1199,,,,CheC;FliMN_C
Clo1313_1743,fliM,CP002416.1,,2036646,2037632,-,flagellar motor switch protein FliM,Cell motility,UPI0000538639,Op1199,,,CheC-like_sf;Flag_FliM;FliN-like_C;SpoA-like_sf;,FliM;FliMN_C
Clo1313_1744,RS08820,CP002416.1,,2037645,2038148,-,flagellar basal body-associated protein FliL,Cell motility,UPI0000533653,Op1199,,,FliL;,FliL
Clo1313_1745,RS08825,CP002416.1,,2038230,2038442,-,flagellar FlbD family protein,Cell motility,UPI000038F5D3,Op1200,,,SwrD-like;,FlbD
Clo1313_1746,RS08830,CP002416.1,,2038656,2039978,-,flagellar hook-basal body protein,Cell motility,UPI0000F218CE,Op1201,,,Falgellar_hook_FlgE_sf;Flag_bb_rod_N;Flagellar_basal_body_rod_CS;Flagellar_FlgE/F/G;Flg_bb/hook_C_dom;FlgE/F/G-like;FlgE_D2;LlgE_F_G-like_D1;,FlaE;Flg_bb_rod;Flg_bbr_C
Clo1313_1747,RS08835,CP002416.1,,2040144,2040533,-,flagellar operon protein,Cell motility,UPI00003C8CEF,Op1202,,,Flagellar_put;,Flagellar_put
Clo1313_1748,RS08840,CP002416.1,,2040583,2041554,-,flagellar hook capping protein,Cell motility,UPI0001B1EE9E,Op1203,,,FlgD;,FLgD_tudor;FlgD
Clo1313_1749,RS08845,CP002416.1,,2041570,2043156,-,Flagellar hook-length control protein-like%2C C-terminal domain,Cell motility,UPI0001B1EE9D,Op1203,,,Flagellar_hook_control-like_C;FliK-like_C_sf;,Flg_hook
Clo1313_1750,RS08850,CP002416.1,,2043201,2044031,-,hypothetical protein,No COG annotation,UPI000038F5CE,Op1204,,,Mg_transptr_MgtE_intracell_dom;,MgtE_N
Clo1313_1751,fliJ,CP002416.1,,2044093,2044551,-,flagellar export protein FliJ,Cell motility,UPI000038F5CD,Op1205,,,Flag_assembly_chemotaxis_eff;Flagell_FliJ;FliJ;,FliJ
Clo1313_1752,fliI,CP002416.1,,2044573,2045886,-,ATPase%2C FliI/YscN family,Cell motility,UPI000038F5CC,Op1205,,,AAA+_ATPase;ATPase_a/bsu_AS;ATPase_alpha/beta_chains;ATPase_F1/V1/A1_a/bsu_N;ATPase_F1/V1/A1_a/bsu_nucl-bd;ATPase_T3SS_FliI/YscN;ATPase_T3SS_SctN;FliI_clade1;FliI_clade2;P-loop_NTPase;T3SS_ATPase_C;,ATP-synt_ab;ATP-synt_ab_N
Clo1313_1753,RS08865,CP002416.1,,2045931,2046722,-,Flagellar assembly protein FliH/Type III secretion system HrpE,Cell motility,UPI00003C8CEC,Op1206,,,Flagellar_FliH/T3SS_HrpE;T3SS_Stator/FliH;,FliH
Clo1313_1754,fliG,CP002416.1,,2046715,2047737,-,flagellar motor switch protein FliG,Cell motility,UPI000038F5CA,Op1206,,,Flg_Motor_Flig;Flg_Motor_Flig_C;FliG_a-hlx;FliG_M;FliG_N;,FliG_C;FliG_M;FliG_N
Clo1313_1755,RS08875,CP002416.1,,2047789,2049342,-,flagellar M-ring protein FliF,Cell motility,UPI00017E5275,Op1207,,,AMP-b_sf;Flag_M-ring_C;FlgMring_FliF;FliF_N_dom;YscJ/FliF;,YscJ_FliF;YscJ_FliF_C
Clo1313_1756,fliE,CP002416.1,,2049428,2049742,-,flagellar hook-basal body complex subunit FliE,Cell motility,UPI000038F5C7,Op1208,cytoskeletal motor activity; structural molecule activity,bacterial-type flagellum-dependent cell motility,FliE;,FliE
Clo1313_1757,flgC,CP002416.1,,2049801,2050244,-,flagellar basal-body rod protein FlgC,Cell motility,UPI000038F5C6,Op1209,,,Flag_bb_rod_N;Flg_bb/hook_C_dom;FlgC;,Flg_bb_rod;Flg_bbr_C
Clo1313_1758,flgB,CP002416.1,,2050251,2050655,-,flagellar basal-body rod protein FlgB,Cell motility,UPI0001B1EE9C,Op1209,,,Flag_bb_rod_N;FlgB;,Flg_bb_rod
Clo1313_1759,trmFO,CP002416.1,,2051095,2052405,-,gid protein,"Translation, ribosomal structure and biogenesis",UPI0000535AF9,Op1210,"flavin adenine dinucleotide binding; tRNA (uracil(54)-C5)-methyltransferase activity, 5,10-methylenetetrahydrofolate-dependent",tRNA methylation; tRNA wobble uridine modification,FAD/NAD-bd_sf;MnmG-rel;MnmG-rel_CS;MnmG_N;TrmFO;,GIDA
Clo1313_1760,topA,CP002416.1,,2052407,2054515,-,DNA topoisomerase I,"Replication, recombination and repair",UPI000038F5C3,Op1210,"DNA binding; DNA topoisomerase type I (single strand cut, ATP-independent) activity; zinc ion binding",DNA topological change,Topo_IA;Topo_IA_2;Topo_IA_AS;Topo_IA_cen;Topo_IA_cen_sub1;Topo_IA_cen_sub2;Topo_IA_cen_sub3;Topo_IA_core_domain;Topo_IA_DNA-bd_dom;Topo_IA_Znf;TopoI_bac-type;Topoisom_1_IA;TOPRIM_dom;TOPRIM_TopoI;,Topoisom_bac;Toprim;zf-C4_Topoisom
Clo1313_1761,dprA,CP002416.1,,2054609,2055721,-,DNA protecting protein DprA,"Replication, recombination and repair",UPI000038F5C2,Op1211,,,DprA;DprA_WH;DrpA_SLOG;RuvA_2-like;WH-like_DNA-bd_sf;,DNA_processg_A
Clo1313_1762,xth,CP002416.1,,2055901,2056656,-,exodeoxyribonuclease III Xth,"Replication, recombination and repair",UPI00003C8CE8,Op1212,,,AP_endonuc_1;AP_endonuclease_F1_BS;Endo/exonu/phosph_ase_sf;Endo/exonuclease/phosphatase;,Exo_endo_phos
Clo1313_1763,RS08915,CP002416.1,,2056863,2057225,-,protein of unknown function DUF307,Function unknown,UPI0001B1EE74,Op1213,,,Inner_membrane_protein;UCP028777;YccF;,YccF
Clo1313_1764,RS08920,CP002416.1,,2057255,2057671,-,protein of unknown function UPF0047,Function unknown,UPI0001B1EE73,Op1213,,,UPF0047_YjbQ-like;YjbQ-like_sf;,UPF0047
Clo1313_1765,RS08925,CP002416.1,,2057688,2059226,-,Mg chelatase%2C subunit ChlI,"Post-translational modification, protein turnover, and chaperones",UPI0001B1EE72,Op1213,,,AAA+_ATPase;CHLI-like;MCM_dom;Mg_chelat-rel;Mg_chelat-rel_C;Mg_chelatse_chII-like_cat_dom;P-loop_NTPase;Ribosomal_Su5_D2-typ_SF;Ribsml_uS5_D2-typ_fold_subgr;,ChlI;Mg_chelatase;Mg_chelatase_C
Clo1313_1766,RS08930,CP002416.1,,2059553,2059957,+,hypothetical protein,No COG annotation,UPI00003C8CE4,Op1214,,,,-
Clo1313_1767,RS08935,CP002416.1,,2060023,2060463,-,hypothetical protein,No COG annotation,UPI000038F57F,Op1215,,,,-
Clo1313_1768,RS08940,CP002416.1,,2060623,2061414,-,cellulosome anchoring protein cohesin region,Cell wall/membrane/envelope biogenesis,UPI0001B1EE71,Op1216,,,CBM2/CBM3_carb-bd_dom_sf;Cohesin_dom;Cu_amine_oxidase-like_N;Mao_N_sf;,Amidase_3;Beta_helix;Cu_amine_oxidN1;Peripla_BP_2
Clo1313_1769,RS08945,CP002416.1,,2061482,2063353,-,protein of unknown function DUF115,Function unknown,UPI000038F581,Op1217,,,Maf_N;MptE-like;,MAF_flag10
Clo1313_1770,nrdR,CP002416.1,,2063409,2063864,-,ATP-cone domain protein,Transcription,UPI000038F582,Op1218,ATP binding; DNA binding; zinc ion binding,negative regulation of DNA-templated transcription,ATP-cone_dom;NrdR-like_N;RNR_NrdR-like;,ATP-cone
Clo1313_1771,RS08955,CP002416.1,,2064012,2064272,-,sporulation protein%2C YlmC/YmxH family,Function unknown,UPI000038F583,Op1219,,,PRC-brl_dom;PRC_barrel-like_sf;Spore_YlmC/YmxH;,PRC
Clo1313_1772,sigG,CP002416.1,,2064529,2065302,-,RNA polymerase%2C sigma 28 subunit%2C SigG,Transcription,UPI000053863A,Op1220,,,RNA_pol_sigma-70_dom;RNA_pol_sigma-B/F/G;RNA_pol_sigma-G;RNA_pol_sigma70;RNA_pol_sigma70_r2;RNA_pol_sigma70_r3;RNA_pol_sigma70_r4;RNA_pol_sigma_r2;RNA_pol_sigma_r3/r4-like;Sigma-70_RNA_pol_init_factors;WH-like_DNA-bd_sf;,Sigma70_r2;Sigma70_r3;Sigma70_r4
Clo1313_1773,sigE,CP002416.1,,2065463,2066197,-,RNA polymerase%2C sigma 28 subunit%2C SigE,Transcription,UPI0000F218C4,Op1220,,,Cro/C1-type_HTH;RNA_pol_sigma-70_dom;RNA_pol_sigma-E;RNA_pol_sigma70;RNA_pol_sigma70_r2;RNA_pol_sigma70_r4;RNA_pol_sigma_r2;RNA_pol_sigma_r3/r4-like;Sigma-70_Factor;WH-like_DNA-bd_sf;,Sigma70_r2;Sigma70_r4
Clo1313_1774,spoIIGA,CP002416.1,,2066250,2067143,-,sigma-E processing peptidase SpoIIGA,Cell wall/membrane/envelope biogenesis,UPI0000F218C3,Op1221,,,SpoIIGA;,Peptidase_U4
Clo1313_1775,ftsZ,CP002416.1,,2067379,2068473,-,cell division protein FtsZ,"Cell cycle control, cell division, chromosome partitioning",UPI0001B1EE70,Op1222,GTP binding; GTPase activity,division septum assembly; FtsZ-dependent cytokinesis; protein polymerization,Cell_div_FtsZ;Cell_div_FtsZ_CS;FtsZ/CetZ;FtsZ_C;Tub_FtsZ_C;Tubulin/FtsZ-like_C;Tubulin/FtsZ_2-layer-sand-dom;Tubulin/FtsZ_GTPase_sf;Tubulin_FtsZ_GTPase;,FtsZ_C;Tubulin
Clo1313_1776,ftsA,CP002416.1,,2068799,2070040,-,cell division protein FtsA,"Cell cycle control, cell division, chromosome partitioning",UPI0000F218C2,Op1222,,FtsZ-dependent cytokinesis,ATPase_NBD;Cell_div_FtsA;FtsA/MreB;SHS2_FtsA;,FtsA;SHS2_FTSA
Clo1313_1777,RS08985,CP002416.1,,2070203,2070580,-,protein of unknown function DUF1290,Function unknown,UPI000038F588,Op1223,,,DUF1290;,DUF1290
Clo1313_1778,RS08990,CP002416.1,,2070596,2071456,-,Polypeptide-transport-associated domain protein FtsQ-type,"Cell cycle control, cell division, chromosome partitioning",UPI00003C8D03,Op1223,,,FtsQ;POTRA;POTRA_FtsQ_type;,POTRA_1
Clo1313_1780,RS09000,CP002416.1,,2072650,2074053,+,domain of unknown function DUF1727,Cell wall/membrane/envelope biogenesis,UPI000038F58C,Op1224,,,Lipid_II_synth_MurT;Mur-like_cat_sf;Mur_ligase_cen;MurT_C;,DUF1727;Mur_ligase_M
Clo1313_1781,RS09005,CP002416.1,,2074055,2074801,+,CobB/CobQ domain protein glutamine amidotransferase,Function unknown,UPI000038F58D,Op1224,,,CbiA/CobB_synth;Class_I_gatase-like;CobQ_GATase1;GATase_3;Lipid_II_synth_GatD;,GATase_3
Clo1313_1782,RS09015,CP002416.1,,2075518,2076738,-,transposase mutator type,"Replication, recombination and repair",UPI0000533609,Op1225,,,,Transposase_mut
Clo1313_1783,RS09020,CP002416.1,,2076922,2077308,-,Dockerin type 1,Cell wall/membrane/envelope biogenesis,UPI000053509A,Op1226,,,Dockerin_1_rpt;Dockerin_dom;Dockerin_dom_sf;,Dockerin_1;Pectate_lyase_3
Clo1313_1784,RS09025,CP002416.1,,2077601,2078059,-,hypothetical protein,No COG annotation,UPI0001B1ED21,Op1227,,,,-
Clo1313_1785,RS09030,CP002416.1,,2078103,2081273,-,Tetratricopeptide TPR_1 repeat-containing protein,Function unknown,UPI00003C8D07,Op1228,,,TPR-like_helical_dom_sf;TPR_2;TPR_rpt;Ycf3/AcsC/BcsC/TPR_MFPF;,TPR_1;TPR_16;TPR_2;TPR_6;TPR_8
Clo1313_1786,RS09035,CP002416.1,,2081584,2082813,-,Dockerin type 1,No COG annotation,UPI00017E1F93,Op1229,,,Cel124_cat;Dockerin_1_rpt;Dockerin_dom;Dockerin_dom_sf;,Dockerin_1
Clo1313_1787,RS09040,CP002416.1,,2082841,2083941,-,ATPase,Coenzyme transport and metabolism,UPI0000536688,Op1229,,,P-loop_NTPase;,-
Clo1313_1788,RS09045,CP002416.1,,2084110,2086479,-,glycoside hydrolase family 9,Carbohydrate transport and metabolism,UPI00003C8D0A,Op1230,,,6-hairpin_glycosidase_sf;6hp_glycosidase-like_sf;CBM2/CBM3_carb-bd_dom_sf;CBM3;CBM3_sf;Dockerin_1_rpt;Dockerin_dom;Dockerin_dom_sf;EF_Hand_1_Ca_BS;Glyco_hydro_9;,CBM_3;Dockerin_1;Glyco_hydro_9
Clo1313_1789,RS09050,CP002416.1,,2087059,2087679,+,hypothetical protein,No COG annotation,UPI0001B1ED20,Op1231,,,,
Clo1313_1790,RS09055,CP002416.1,,2087859,2088104,-,hypothetical protein,Energy production and conversion,UPI000038F597,Op1232,,,Thioredoxin-like_sf;,2Fe-2S_thioredx
Clo1313_1791,RS09060,CP002416.1,,2088106,2089806,-,hydrogenase%2C Fe-only,Energy production and conversion,UPI00003C8D0B,Op1232,,,2Fe-2S_ferredoxin-like_sf;2Fe-2S_ferredoxin-type;4Fe4S_Fe-S-bd;4Fe4S_Fe_S_CS;Cytosolic_Fe-S_CAF;Fe_hydrogenase;Fe_hydrogenase_lsu_C;Fe_hydrogenase_ssu;Fe_hydrogenase_ssu_sf;Fe_hydrogenase_subset;NADH_UbQ_OxRdtase_75kDa_su_CS;NADH_UbQ_OxRdtase_Gsu_4Fe4S-bd;,2Fe-2S_thioredx;Fe_hyd_SSU;Fe_hyd_lg_C;Fer2_4;Fer4;Fer4_6;Fer4_7;NADH-G_4Fe-4S_3
Clo1313_1792,nuoF,CP002416.1,,2089811,2091685,-,NADH dehydrogenase (quinone),Energy production and conversion,UPI00003C8D0C,Op1232,,,4Fe4S_Fe-S-bd;4Fe4S_Fe_S_CS;NADH-UbQ_OxRdtase_51kDa_CS;Nuo51_FMN-bd;Nuo51_FMN-bd_sf;Nuop51_4Fe4S-bd;Nuop51_4Fe4S-bd_sf;Soluble_ligand-bd;Thioredoxin-like_sf;,2Fe-2S_thioredx;Complex1_51K;Fer4;NADH_4Fe-4S;SLBB
Clo1313_1793,RS09070,CP002416.1,,2091678,2092175,-,NADH dehydrogenase (ubiquinone) 24 kDa subunit,Energy production and conversion,UPI00003C8D0D,Op1232,,,NADP_DH_HndA-like;NuoE-like;NuoE_dom;NuoE_N;Thioredoxin-like_sf;,2Fe-2S_thioredx
Clo1313_1794,RS09075,CP002416.1,,2092187,2093356,-,Stage II sporulation protein E,Transcription,UPI00017E1F91,Op1232,,,PPM-type-like_dom_sf;PPM-type_phosphatase-like_dom;,SpoIIE
Clo1313_1795,RS09080,CP002416.1,,2093349,2095019,-,putative PAS/PAC sensor protein,Energy production and conversion,UPI000038F59C,Op1232,,,4Fe-4S_dom;4Fe4S_Fe-S-bd;4Fe4S_Fe_S_CS;Cytosolic_Fe-S_CAF;Fe_hydrogenase;Fe_hydrogenase_lsu_C;PAS;PAS-like_dom_sf;PAS_fold;,FeS;Fe_hyd_lg_C;Fer4;Fer4_10;PAS
Clo1313_1796,RS09085,CP002416.1,,2095072,2095317,-,hypothetical protein,Energy production and conversion,UPI000038F59D,Op1233,,,Thioredoxin-like_sf;,2Fe-2S_thioredx
Clo1313_1797,RS09090,CP002416.1,,2095330,2096079,-,aminoglycoside phosphotransferase,Cell wall/membrane/envelope biogenesis,UPI000038F59E,Op1233,,,Aminoglycoside_PTrfase;Kinase-like_dom_sf;Prot_kinase_dom;,APH
Clo1313_1798,adhE,CP002416.1,,2096076,2098697,-,iron-containing alcohol dehydrogenase,Energy production and conversion,UPI0000534203,Op1233,acetaldehyde dehydrogenase (acetylating) activity; alcohol dehydrogenase (NADP+) activity; aldehyde dehydrogenase (NAD+) activity; butanol dehydrogenase (NAD+) activity; metal ion binding; methylglyoxal reductase (NADPH) (acetol producing) activity,alcohol metabolic process; carbon utilization,AAD_C;ADH_Fe/GldA;ADH_Fe_C;ADH_Fe_CS;Ald_DH/histidinol_DH;Ald_DH_C;Ald_DH_N;Aldehyde_DH_dom;BDH-like;Bifunc_Ald-ADH;,Aldedh;Fe-ADH
Clo1313_1799,RS09100,CP002416.1,,2098678,2099361,-,CoA-binding domain protein,Transcription,UPI0001B1ED1D,Op1233,,,CoA-bd;NAD(P)-bd_dom_sf;Rex_DNA-bd_C_dom;Tscrpt_rep_Rex;WH-like_DNA-bd_sf;WH_DNA-bd_sf;,CoA_binding;Put_DNA-bind_N
Clo1313_1800,RS09105,CP002416.1,,2099678,2100262,-,dipicolinic acid synthetase%2C B subunit,Coenzyme transport and metabolism,UPI00003C8D0F,Op1234,,,Dipicolinic_acid_synth_B;Flavin_trans-like;Flavoprotein;,Flavoprotein
Clo1313_1801,dpsA,CP002416.1,,2100267,2101139,-,dipicolinate synthase subunit A,Amino acid transport and metabolism,UPI000038F5A2,Op1234,,,D-isomer_DH_NAD-bd;DpaA_N;NAD(P)-bd_dom_sf;,2-Hacid_dh_C;AlaDh_PNT_C;DpaA_N
Clo1313_1802,RS09115,CP002416.1,,2101343,2102602,-,peptidase M16 domain protein,Function unknown,UPI00005357FB,Op1235,,,Metalloenz_LuxS/M16;MPP/UQCRC_Complex;Pept_M16_N;Pept_M16_Zn_BS;Peptidase_M16_C;,Peptidase_M16;Peptidase_M16_C
Clo1313_1803,RS09120,CP002416.1,,2102734,2104836,-,polyribonucleotide nucleotidyltransferase,"Translation, ribosomal structure and biogenesis",UPI0001B1F089,Op1236,,,ExoRNase_PH_dom1;ExoRNase_PH_dom2;ExoRNase_PH_dom2_sf;KH_dom;KH_dom_type_1;KH_dom_type_1_sf;NA-bd_OB-fold;PNPase;PNPase/RNase_PH_dom_sf;PNPase_PH_RNA-bd_bac/org-type;PNPase_PH_RNA-bd_sf;Ribosomal_Su5_D2-typ_SF;S1_domain;,KH_1;PNPase;RNase_PH;RNase_PH_C;S1
Clo1313_1804,rpsO,CP002416.1,,2105072,2105335,-,ribosomal protein S15,"Translation, ribosomal structure and biogenesis",UPI000038F5A5,Op1237,rRNA binding; structural constituent of ribosome,translation,Ribosomal_uS15;Ribosomal_uS15_bact;uS15_NS1_RNA-bd_sf;,Ribosomal_S15
Clo1313_1805,RS09130,CP002416.1,,2105610,2105867,+,hypothetical protein,Function unknown,UPI00017E1E1A,Op1238,,,Spore_coat_CotJA;,CotJA
Clo1313_1806,RS09135,CP002416.1,,2105880,2106125,+,spore coat protein CotJB,Function unknown,UPI0000F218AF,Op1238,,,CotJB_dom;Spore_coat_assembly_CotJB;,CotJB
Clo1313_1807,RS09140,CP002416.1,,2106188,2106799,+,manganese containing catalase,Inorganic ion transport and metabolism,UPI0001B1F088,Op1239,,,Ferritin-like;Ferritin-like_SF;Mn_catalase;Mn_catalase_dom;,Mn_catalase
Clo1313_1808,RS09145,CP002416.1,,2106907,2110599,-,glycoside hydrolase family 9,Carbohydrate transport and metabolism,UPI0001B1F087,Op1240,,,6-hairpin_glycosidase_sf;6hp_glycosidase-like_sf;CBM2/CBM3_carb-bd_dom_sf;CBM3;CBM3_sf;Cellulase_Ig-like;CenC_carb-bd;Dockerin_1_rpt;Dockerin_dom;Dockerin_dom_sf;EF_Hand_1_Ca_BS;Galactose-bd-like_sf;Glyco_hydro_9;Glyco_hydro_9_Asp/Glu_AS;Glyco_hydro_9_His_AS;Ig-like_fold;Ig_E-set;,CBM_4_9;CelD_N;Dockerin_1;Glyco_hydro_9
Clo1313_1809,RS09150,CP002416.1,,2111126,2113813,-,glycoside hydrolase family 9,Carbohydrate transport and metabolism,UPI0001B1EEF5,Op1241,,,6-hairpin_glycosidase_sf;6hp_glycosidase-like_sf;Cellulase_Ig-like;CenC_carb-bd;Dockerin_1_rpt;Dockerin_dom;Dockerin_dom_sf;Galactose-bd-like_sf;Glyco_hydro_9;Glyco_hydro_9_Asp/Glu_AS;Glyco_hydro_9_His_AS;Ig-like_fold;Ig_E-set;,CBM_4_9;CelD_N;Dockerin_1;Glyco_hydro_9
Clo1313_1810,RS09155,CP002416.1,,2114739,2115773,+,hypothetical protein,No COG annotation,UPI0001B1EEF4,Op1242,,,,-
Clo1313_1811,RS09160,CP002416.1,,2115944,2117302,-,protein of unknown function DUF711,Function unknown,UPI000053335C,Op1243,,,UPF0210;,DUF711
Clo1313_1812,RS09165,CP002416.1,,2117317,2117586,-,ACT domain-containing protein,Signal transduction mechanisms,UPI000038F5A9,Op1243,,,ACT-like_dom_sf;ACT_dom;UPF0237/GcvR_regulator;UPF0237_ACT;,ACT_6
Clo1313_1813,RS09170,CP002416.1,,2117653,2120241,-,diguanylate cyclase/phosphodiesterase with PAS/PAC sensor(s),Signal transduction mechanisms,UPI00017E1C7F,Op1244,,,Biofilm_reg_signaling;EAL_dom;EAL_sf;GGDEF_dom;Nucleotide_cyclase;PAS;PAS-assoc_C;PAS-like_dom_sf;Rev_trsase/Diguanyl_cyclase;Solute-binding_3/MltF_N;,EAL;GGDEF;HisKA_7TM;PAS_3;PAS_9;SBP_bac_3
Clo1313_1814,RS09175,CP002416.1,,2120532,2121839,+,radical SAM domain-containing protein,"Replication, recombination and repair",UPI000038F5AB,Op1245,,,Aldolase_TIM;DNA_rSAM_put;Endo/Exo/Phosphatase_dom_1;rSAM;rSAM_sf;RuvA_2-like;,HHH_3;Radical_SAM
Clo1313_1815,RS09180,CP002416.1,,2121869,2122606,+,hypothetical protein,"Replication, recombination and repair",UPI00003C8D18,Op1245,,,DNA_repair_put;DUF4130;,DUF4130
Clo1313_1816,RS09185,CP002416.1,,2122632,2124212,-,glycoside hydrolase family 5,Carbohydrate transport and metabolism,UPI00003C8D19,Op1246,,,Dockerin_1_rpt;Dockerin_dom;Dockerin_dom_sf;EF_Hand_1_Ca_BS;GH_hydrolase_sf;Glyco_hydro_5;Glyco_hydro_5_CS;,CBM_3;Cellulase;Dockerin_1
Clo1313_1817,RS09190,CP002416.1,,2124295,2125863,-,type 3a cellulose-binding domain protein,Function unknown,UPI000038F5AD,Op1247,,,Anti-sigma_RsgI_N;CBM2/CBM3_carb-bd_dom_sf;CBM3;CBM3_sf;RsgI_M;,Baseplate_J;CBM_3;CBM_X2;Cu-binding_MopE;Dockerin_1;Glyco_hydro_48;Glyco_hydro_9
Clo1313_1818,sigI,CP002416.1,,2125863,2126687,-,RNA polymerase%2C sigma 28 subunit%2C SigI,Transcription,UPI00003C8D1A,Op1247,,,RNA_pol_sigma-70_dom;RNA_pol_sigma-I;RNA_pol_sigma70_r2;RNA_pol_sigma_r2;,Sigma70_r2
Clo1313_1819,RS09200,CP002416.1,,2126847,2129045,-,copper amine oxidase-like domain-containing protein,Coenzyme transport and metabolism,UPI0000533AC5,Op1248,,,Cu_amine_oxidase-like_N;Mao_N_sf;,Cu_amine_oxidN1;PBP_like_2
Clo1313_1820,RS09205,CP002416.1,,2129302,2131569,-,methyl-accepting chemotaxis sensory transducer,Signal transduction mechanisms,UPI0000534931,Op1249,,,dCache_1;HAMP_dom;MCPsignal_dom;,MCPsignal;dCache_1
Clo1313_1821,RS09210,CP002416.1,,2132239,2133267,+,hypothetical protein,Transcription,UPI000038FE3D,Op1250,,,,-
Clo1313_1822,RS09215,CP002416.1,,2133260,2134087,+,protein of unknown function DUF477,Function unknown,UPI0001B1EEAD,Op1250,,,TPM_dom;,TPM_phosphatase
Clo1313_1823,RS09220,CP002416.1,,2134227,2134547,-,protein of unknown function DUF74,Function unknown,UPI00003C8D1E,Op1251,,,UPF0145_dom_sf;UPF0145_YbjQ-like;,YbjQ_1
Clo1313_1824,RS09225,CP002416.1,,2134685,2136445,-,ABC transporter transmembrane region,Defense mechanisms,UPI0001B1EEAC,Op1252,,,AAA+_ATPase;ABC1_TM_dom;ABC1_TM_sf;ABC_transporter-like_ATP-bd;ABC_transporter-like_CS;P-loop_NTPase;Type_1_exporter;,ABC_membrane;ABC_tran
Clo1313_1825,RS09230,CP002416.1,,2136447,2138171,-,ABC transporter related protein,Defense mechanisms,UPI00003C9099,Op1252,,,AAA+_ATPase;ABC1_TM_dom;ABC1_TM_sf;ABC_transporter-like_ATP-bd;ABC_transporter-like_CS;P-loop_NTPase;Type_1_exporter;,ABC_membrane;ABC_tran
Clo1313_1826,rbsD,CP002416.1,,2138598,2139023,-,RbsD or FucU transport,Carbohydrate transport and metabolism,UPI0001B1EEAB,Op1253,,,D-ribose_pyranase;RbsD-like_sf;RbsD_FucU;,RbsD_FucU
Clo1313_1827,RS09240,CP002416.1,,2139037,2140206,-,iron-containing alcohol dehydrogenase,Energy production and conversion,UPI000038F5B0,Op1253,,,ADH_Fe/GldA;ADH_Fe_C;ADH_Fe_CS;Alcohol_dehydrogenase_Fe;,Fe-ADH
Clo1313_1828,RS09245,CP002416.1,,2140244,2141209,-,periplasmic binding protein/LacI transcriptional regulator,Carbohydrate transport and metabolism,UPI000038F5B1,Op1253,,,Bact_Solute-Bind_Prot2;Peripla_BP_I;SBP_2_dom;,Peripla_BP_4
Clo1313_1829,RS09250,CP002416.1,,2141289,2142338,-,inner-membrane translocator,Carbohydrate transport and metabolism,UPI0001B1EEAA,Op1254,,,ABC_transp_permease;,BPD_transp_2
Clo1313_1830,RS09255,CP002416.1,,2142350,2143849,-,ABC transporter related protein,Carbohydrate transport and metabolism,UPI000038F5B3,Op1254,,,AAA+_ATPase;ABC_carbohydrate_import_ATPase;ABC_transporter-like_ATP-bd;P-loop_NTPase;,ABC_tran
Clo1313_1831,RS09260,CP002416.1,,2144167,2145381,-,ROK family protein,Carbohydrate transport and metabolism,UPI0001F32966,Op1255,,,ATPase_NBD;ROK;ROK_cs;WH-like_DNA-bd_sf;WH_DNA-bd_sf;,HTH_24;ROK
Clo1313_1832,RS09265,CP002416.1,,2145437,2146408,-,PfkB domain protein,Carbohydrate transport and metabolism,UPI000038F5B5,Op1256,,,Carboh/pur_kinase_PfkB_CS;PfkB_Carbo_kinase;PfkB_dom;Ribokinase-like;,PfkB
Clo1313_1833,RS09270,CP002416.1,,2146446,2147480,-,Alcohol dehydrogenase GroES domain protein,Energy production and conversion,UPI0000534BC0,Op1256,,,ADH-like_C;ADH-like_N;ADH_Zn_CS;ER;GroES-like_sf;NAD(P)-bd_dom_sf;Zn_alcohol_dh;,ADH_N;ADH_zinc_N
Clo1313_1834,RS09275,CP002416.1,,2147757,2148362,-,hypothetical protein,No COG annotation,UPI000053680C,Op1257,,,,-
Clo1313_1835,Clo1313_1835,CP002416.1,,2148367,2148651,-,hypothetical protein,No COG annotation,UPI0001F32967,Op1258,,,,-
Clo1313_1838,RS09280,CP002416.1,,2149473,2150186,-,ABC transporter related protein,Defense mechanisms,UPI000038F5B8,Op1259,,,AAA+_ATPase;ABC_transporter-like_ATP-bd;ABC_transporter-like_CS;MacB-like_ATP-bd;P-loop_NTPase;,ABC_tran
Clo1313_1840,RS09300,CP002416.1,,2151574,2152296,-,hypothetical protein,No COG annotation,UPI000038F5BB,Op1260,,,,-
Clo1313_1841,RS09305,CP002416.1,,2152313,2152552,-,hypothetical protein,Cell wall/membrane/envelope biogenesis,UPI00003C8CB7,Op1260,,,,Kelch_1;RHS_repeat
Clo1313_1842,RS09310,CP002416.1,,2152678,2153640,-,hypothetical protein,No COG annotation,UPI0001B1EEA5,Op1261,,,,-
Clo1313_1843,RS09315,CP002416.1,,2153637,2154245,-,hypothetical protein,No COG annotation,UPI0000533C4F,Op1261,,,,-
Clo1313_1844,RS09320,CP002416.1,,2154259,2155167,-,peptidase M56 BlaR1,Transcription,UPI0000534AAF,Op1261,,,Beta-lactam_resp_regulator;Peptidase_M56;,Peptidase_M56
Clo1313_1845,RS09325,CP002416.1,,2155174,2155527,-,transcriptional repressor%2C CopY family,Transcription,UPI000038F5BF,Op1261,,,BlaI_family;WH-like_DNA-bd_sf;WH_DNA-bd_sf;,Penicillinase_R
Clo1313_1846,guaA,CP002416.1,,2155697,2157232,-,GMP synthase%2C large subunit,Nucleotide transport and metabolism,UPI00017E5281,Op1262,ATP binding; GMP synthase activity,,Class_I_gatase-like;GATASE;GMP_synth_C;GMP_synth_GATase;GMP_synthase;GMPS_ATP_PPase_dom;NAD/GMP_synthase;Rossmann-like_a/b/a_fold;,GATase;GMP_synt_C;NAD_synthase;tRNA_Me_trans
Clo1313_1847,gdhA,CP002416.1,,2157432,2158766,-,Glu/Leu/Phe/Val dehydrogenase,Energy production and conversion,UPI00003C8CB4,Op1262,,,Aminoacid_DH-like_N_sf;Glu/Leu/Phe/Val/Trp_DH;Glu/Leu/Phe/Val/Trp_DH_C;Glu/Leu/Phe/Val/Trp_DH_dimer;Glu/Leu/Phe/Val_DH_AS;Glu_DH;Glu_Leu_Phe_Val_DH;NAD(P)-bd_dom_sf;NAD_bind_Glu_DH;,ELFV_dehydrog;ELFV_dehydrog_N
Clo1313_1848,RS09340,CP002416.1,,2159272,2160117,+,oxidoreductase FAD/NAD(P)-binding domain protein,Energy production and conversion,UPI000038FBBF,Op1263,,,Cbr1-like_FAD-bd_dom;Cyt_c3_hydrogenase_gsu;Dihydroorotate_DH_Fe-S-bd;FAD-bd_FR_type;FNR_nucleotide-bd;PyrK_electron_transfer;Riboflavin_synthase-like_b-brl;,DHODB_Fe-S_bind;FAD_binding_6;NAD_binding_1
Clo1313_1849,gltA,CP002416.1,,2160110,2161504,+,glutamate synthase (NADPH)%2C homotetrameric,Energy production and conversion,UPI0001B1EEA4,Op1263,,,DPD_II;FAD/NAD-bd_sf;FAD/NAD-binding_dom;Helical_ferredxn;SudA-like;,Fer4_20;Pyr_redox_2
Clo1313_1850,RS09350,CP002416.1,,2161678,2162901,+,transposase mutator type,"Replication, recombination and repair",UPI00003C8CB2,Op1264,,,,Transposase_mut
Clo1313_1851,RS09355,CP002416.1,,2163333,2164274,-,conserved hypothetical protein,Function unknown,UPI0000536E67,Op1265,,,ELP3;Elp3/MiaA/NifB-like_rSAM;Radical_SAM_C;rSAM;rSAM_sf;YhcC-like;,Radical_SAM;Radical_SAM_C
Clo1313_1852,larC,CP002416.1,,2164261,2165484,-,protein of unknown function DUF111,Function unknown,UPI000038FBBC,Op1265,lyase activity; nickel cation binding,protein maturation,Ni_insertion;,DUF111
Clo1313_1853,larB,CP002416.1,,2165499,2166245,-,1-(5-phosphoribosyl)-5-amino-4-imidazole-carboxylate (AIR) carboxylase,Function unknown,UPI00005349C5,Op1265,,,LarB-like;PurE_dom;,AIRC
Clo1313_1854,RS09370,CP002416.1,,2166273,2167142,-,Domain of unknown function DUF2520,Function unknown,UPI0001B1EEFE,Op1265,,,6-PGluconate_DH-like_C_sf;DUF2520;NAD(P)-bd_dom_sf;OxRdtase/DH_put_Rossmann_dom;TM1727-like_C_sf;,DUF2520;F420_oxidored;Rossmann-like
Clo1313_1855,RS09375,CP002416.1,,2167453,2170230,+,copper amine oxidase-like domain-containing protein,No COG annotation,UPI0001B1EEFD,Op1266,,,Cu_amine_oxidase-like_N;PsbP_C;,-
Clo1313_1856,prfB,CP002416.1,,2170340,2171392,-,Peptide chain release factor 2,"Translation, ribosomal structure and biogenesis",UPI0001F32970,Op1267,,,,PCRF;RF-1
Clo1313_1857,RS09385,CP002416.1,,2171721,2172416,-,helix-turn-helix domain protein,Transcription,UPI0000532CE3,Op1268,,,Cro/C1-type_HTH;Lambda_DNA-bd_dom_sf;,HTH_3
Clo1313_1858,RS09395,CP002416.1,,2173147,2174319,-,aminotransferase class I and II,Amino acid transport and metabolism,UPI000038FBB6,Op1269,,,Aminotransferase_I/II_large;AspAT/PAT-like;NHTrfase_class1_PyrdxlP-BS;PyrdxlP-dep_Trfase;PyrdxlP-dep_Trfase_major;PyrdxlP-dep_Trfase_small;,Aminotran_1_2
Clo1313_1859,RS09400,CP002416.1,,2174316,2174795,-,transcriptional regulator%2C AsnC family,Transcription,UPI000038FBB5,Op1269,,,Dimeric_a/b-barrel;Lrp/AsnC_Siroheme_Decarb;Tscrpt_reg_AsnC-like;Tscrpt_reg_AsnC/Lrp_C;WH-like_DNA-bd_sf;WH_DNA-bd_sf;,AsnC_trans_reg;HTH_24
Clo1313_1860,Clo1313_1860,CP002416.1,,2174984,2175202,-,hypothetical protein,No COG annotation,UPI0001F32971,Op1270,,,,
Clo1313_1861,RS09405,CP002416.1,,2175311,2175877,-,hypothetical protein,No COG annotation,UPI000038FBB4,Op1271,,,,DivIVA
Clo1313_1862,trxA,CP002416.1,,2176100,2176429,-,thioredoxin,"Post-translational modification, protein turnover, and chaperones",UPI00003C9018,Op1272,,,Thioredoxin;Thioredoxin-like_sf;Thioredoxin_CS;Thioredoxin_domain;,Thioredoxin
Clo1313_1864,RS09420,CP002416.1,,2177094,2178314,-,transposase mutator type,"Replication, recombination and repair",UPI0000533609,Op1273,,,Transposase_mutator;,Transposase_mut
Clo1313_1865,RS09425,CP002416.1,,2178945,2179820,-,transposase IS3/IS911 family protein,"Replication, recombination and repair",UPI0001F32952,Op1274,,,,HTH_21;HTH_Tnp_1;rve
Clo1313_1866,RS09435,CP002416.1,,2180273,2180806,+,hypothetical protein,Function unknown,UPI000053671D,Op1275,,,DUF3267;,DUF3267
Clo1313_1867,glgP,CP002416.1,,2181130,2183697,+,alpha-glucan phosphorylase,Carbohydrate transport and metabolism,UPI00017E5A89,Op1276,,,Agluc_phsphrylas;Glyco_trans_35;Glycogen/Maltodextrin_Phosph;Glycogen_phosphorylase_DUF3417;,DUF3417;Phosphorylase
Clo1313_1868,RS09445,CP002416.1,,2183933,2184610,-,transposase mutator type,"Replication, recombination and repair",UPI00003C8CB2,Op1277,,,,Transposase_mut
Clo1313_1869,RS09450,CP002416.1,,2185307,2186485,-,hypothetical protein,Function unknown,UPI000038FC64,Op1278,,,Pol/histidinol_Pase-like;RuvA_2-like;,PHP_C
Clo1313_1870,RS09455,CP002416.1,,2186556,2187545,-,CoA-substrate-specific enzyme activase,Lipid transport and metabolism,UPI00003C8B2B,Op1279,,,ATPase_BadF;ATPase_NBD;CoA_E_activase_dom;Dehydratase_Activator_Redct;,BcrAD_BadFG
Clo1313_1871,RS09460,CP002416.1,,2187514,2188629,-,hypothetical protein,Lipid transport and metabolism,UPI0000535B70,Op1279,,,Dehydratase_Activator_Redct;,DUF2229
Clo1313_1872,RS09465,CP002416.1,,2188601,2189593,-,Protein of unknown function DUF2229%2C CoA enzyme activase,Lipid transport and metabolism,UPI00003C8B2D,Op1280,,,CoA_activase_DUF2229;Dehydratase_Activator_Redct;FldB/FldC_alpha/beta;,DUF2229
Clo1313_1873,RS09470,CP002416.1,,2189652,2191043,-,PpiC-type peptidyl-prolyl cis-trans isomerase,Cell wall/membrane/envelope biogenesis,UPI0000533E15,Op1281,,,PPIase_dom_sf;PPIase_PpiC;PrsA_foldase;TPR-like_helical_dom_sf;Trigger_fact/SurA_dom_sf;,Rotamase_3;SurA_N_3
Clo1313_1874,lepB,CP002416.1,,2191314,2191880,-,signal peptidase I,"Intracellular trafficking, secretion, and vesicular transport",UPI00017E5676,Op1282,,,LexA/Signal_pep-like_sf;Pept_S26A_signal_pept_1;Pept_S26A_signal_pept_1_CS;Peptidase_S26;,Peptidase_S24
Clo1313_1875,fba,CP002416.1,,2191977,2192906,-,fructose-1%2C6-bisphosphate aldolase%2C class II,Carbohydrate transport and metabolism,UPI00003C8B2F,Op1283,,,Aldolase_TIM;;FBA_II;Fruc_bis_ald_class-2;,F_bP_aldolase
Clo1313_1876,RS09485,CP002416.1,,2193153,2194400,+,phosphofructokinase,Coenzyme transport and metabolism,UPI00003C8F5F,Op1284,,,ATP_PFK;PFKA;Phosphofructokinase_dom;PKF_sf;PPi-PFK;,PFK
Clo1313_1877,RS09490,CP002416.1,,2194472,2194825,-,hypothetical protein,No COG annotation,UPI00005341D0,Op1285,,,,-
Clo1313_1878,RS09495,CP002416.1,,2195354,2196310,+,L-lactate dehydrogenase,Energy production and conversion,UPI00003C8F5E,Op1286,,,L-lactate/malate_DH;L-lactate_DH;L-lactate_DH_AS;Lactate/malate_DH_C;Lactate/malate_DH_N;Lactate_DH/Glyco_Ohase_4_C;NAD(P)-bd_dom_sf;,Ldh_1_C;Ldh_1_N
Clo1313_1879,RS09500,CP002416.1,,2196363,2197535,+,malic protein NAD-binding protein,Energy production and conversion,UPI0001B1ED42,Op1287,,,Aminoacid_DH-like_N_sf;Malate_Decarboxylase;Malic_enzyme_CS;Malic_N_dom;Malic_N_dom_sf;Malic_NAD-bd;Malic_NAD-bd_bact_type;Malic_OxRdtase;NAD(P)-bd_dom_sf;,Malic_M;malic
Clo1313_1880,RS09505,CP002416.1,,2197594,2198196,-,flavin reductase domain protein FMN-binding protein,Function unknown,UPI000038F98F,Op1288,,,Flavin_Rdtase-like_dom;Flavoredoxin;Split_barrel_FMN-bd;,Flavin_Reduct
Clo1313_1881,RS09510,CP002416.1,,2198449,2200197,-,hydrogenase%2C Fe-only,Energy production and conversion,UPI0001B1ED41,Op1289,,,2Fe-2S_ferredoxin-like_sf;2Fe-2S_ferredoxin-type;4Fe4S_Fe-S-bd;4Fe4S_Fe_S_CS;Cytosolic_Fe-S_CAF;Fe_hydrogenase;Fe_hydrogenase_lsu_C;Fe_hydrogenase_ssu;Fe_hydrogenase_ssu_sf;Fe_hydrogenase_subset;HndD;NADH_UbQ_OxRdtase_ferredoxin;NADH_UbQ_OxRdtase_Gsu_4Fe4S-bd;,Fe_hyd_SSU;Fe_hyd_lg_C;Fer2_4;Fer4;Fer4_7;Fer4_9;NADH-G_4Fe-4S_3
Clo1313_1882,nuoF,CP002416.1,,2200217,2202010,-,NADH dehydrogenase (quinone),Energy production and conversion,UPI000038F991,Op1289,,,4Fe4S_Fe-S-bd;4Fe4S_Fe_S_CS;NADH-UbQ_OxRdtase_51kDa_CS;Nuo51_FMN-bd;Nuo51_FMN-bd_sf;Nuop51_4Fe4S-bd;Nuop51_4Fe4S-bd_sf;Soluble_ligand-bd;Thioredoxin-like_sf;,2Fe-2S_thioredx;Complex1_51K;Fer4;NADH_4Fe-4S;SLBB
Clo1313_1883,RS09520,CP002416.1,,2202043,2202411,-,ferredoxin,Energy production and conversion,UPI000038F992,Op1289,,,Thioredoxin-like_sf;,2Fe-2S_thioredx
Clo1313_1884,RS09525,CP002416.1,,2202395,2202961,-,ATP-binding region ATPase domain protein,Signal transduction mechanisms,UPI000038F993,Op1289,,,HATPase_C_sf;HATPase_dom;His_kinase_dom;Sig_transdc_His_kin-like_C;,HATPase_c
Clo1313_1885,nuoE,CP002416.1,,2202958,2203455,-,NADH-quinone oxidoreductase%2C E subunit,Energy production and conversion,UPI000038F994,Op1289,,,NADP_DH_HndA-like;NuoE-like;NuoE_dom;NuoE_N;Thioredoxin-like_sf;,2Fe-2S_thioredx
Clo1313_1886,RS09535,CP002416.1,,2203717,2204427,-,PHP domain protein,Function unknown,UPI000038F995,Op1290,,,PHP_dom;PHP_domain;Pol/His_phosphatase_N;Pol/histidinol_Pase-like;,PHP
Clo1313_1887,RS09540,CP002416.1,,2204424,2204753,-,DRTGG domain protein,Energy production and conversion,UPI000038F997,Op1290,,,DRTGG;Ser_kin/Pase_Hpr-like_N_sf;,DRTGG
Clo1313_1888,RS09545,CP002416.1,,2204753,2206099,-,Fe-S cluster domain protein,Energy production and conversion,UPI000038F998,Op1290,,,4Fe-4S_dom;4Fe4S_Fe-S-bd;4Fe4S_Fe_S_CS;4Fe4S_Ferredoxin_RnfB;Fe_hydrogenase;Fe_hydrogenase_lsu_C;,FeS;Fe_hyd_lg_C;Fer4;Fer4_10;Fer4_9
Clo1313_1889,RS09550,CP002416.1,,2206118,2206567,-,putative anti-sigma regulatory factor%2C serine/threonine protein kinase,Signal transduction mechanisms,UPI0001B1ED25,Op1290,,,HATPase_C_sf;HATPase_dom;,HATPase_c;HATPase_c_2
Clo1313_1890,RS09555,CP002416.1,,2206564,2206917,-,hypothetical protein,Transcription,UPI000038F99A,Op1290,,,DRTGG;Ser_kin/Pase_Hpr-like_N_sf;,DRTGG
Clo1313_1891,RS09560,CP002416.1,,2207050,2208723,-,TGS domain-containing protein,Nucleotide transport and metabolism,UPI000038F99B,Op1291,,,AAA+_ATPase;Beta-grasp_dom_sf;P-loop_NTPase;PRK/URK;TGS;TGS-like;Thr/Ala-tRNA-synth_IIc_edit;,PRK
Clo1313_1892,RS09565,CP002416.1,,2209209,2209646,-,hypothetical protein,Function unknown,UPI0001B1ED24,Op1292,,,Glyas_Bleomycin-R_OHBP_Dase;Glyas_Fos-R_dOase_dom;VOC_core;,Glyoxalase
Clo1313_1894,RS09575,CP002416.1,,2210347,2211183,-,Domain of unknown function DUF1848,"Replication, recombination and repair",UPI00003C8F58,Op1293,,,DUF1848;RGS_sf;,DUF1848
Clo1313_1895,RS09580,CP002416.1,,2211408,2211833,-,hypothetical protein,No COG annotation,UPI0001B1ED23,Op1294,,,,
Clo1313_1896,RS09585,CP002416.1,,2212395,2213996,+,peptide chain release factor 3,"Translation, ribosomal structure and biogenesis",UPI000038F99D,Op1295,,,EF-G-like_DII;EFG_III/V;G_TR_CS;P-loop_NTPase;PrfC;RF3_C;RF3_dom_3_sf;RF3_GTP-bd;Small_GTP-bd;T_Tr_GTP-bd_dom;Transl_B-barrel_sf;,GTP_EFTU;GTP_EFTU_D2;RF3_C
Clo1313_1897,RS09590,CP002416.1,,2214176,2216749,-,conserved repeat domain protein,Cell wall/membrane/envelope biogenesis,UPI0001B1ED22,Op1296,,,Cell_Envelope_Struct_Comp;Ig-like_OmpL47-like;OmcB-like_DUF11;SLH_dom;,SLH
Clo1313_1898,tnpA,CP002416.1,,2217049,2217525,-,transposase IS200-family protein,"Replication, recombination and repair",UPI00017E3E22,Op1297,,,,Y1_Tnp
Clo1313_1899,Clo1313_1899,CP002416.1,,2218097,2218270,-,hypothetical protein,No COG annotation,UPI0001B1EE49,Op1298,,,,
Clo1313_1900,RS09615,CP002416.1,,2218348,2218551,+,hypothetical protein,No COG annotation,UPI000038F99F,Op1299,,,,
Clo1313_1901,RS09620,CP002416.1,,2218618,2220555,-,NAD+ synthetase,Coenzyme transport and metabolism,UPI0001F32991,Op1300,,,C-N_Hydrolase;C-N_Hydrolase_sf;Gln-dep_NAD_synthase;NAD+_synth_C;NAD/GMP_synthase;NAD_synthase;Rossmann-like_a/b/a_fold;,CN_hydrolase;NAD_synthase
Clo1313_1902,RS09625,CP002416.1,,2220590,2223244,-,valyl-tRNA synthetase,"Translation, ribosomal structure and biogenesis",UPI0001B1EE46,Op1300,,,aa-tRNA-synth_I_CS;aa-tRNA-synth_Ia;Anticodon_Ia_Val;M/V/L/I-tRNA-synth_anticd-bd;Rossmann-like_a/b/a_fold;tRNA-bd_arm;tRNAsynth_Ia_anticodon-bd;Val-tRNA_synth_C_sf;Val-tRNA_synth_tRNA-bd;Val/Leu/Ile-tRNA-synth_edit;Valyl-tRNA_ligase;,Anticodon_1;Val_tRNA-synt_C;tRNA-synt_1
Clo1313_1903,RS09630,CP002416.1,,2223287,2223529,-,hypothetical protein,No COG annotation,UPI000038F9A1,Op1301,,,,-
Clo1313_1904,RS09635,CP002416.1,,2224106,2225440,+,glycoside hydrolase family 3 domain protein,Carbohydrate transport and metabolism,UPI00005351A2,Op1302,,,GH_hydrolase_sf;Glyco_hydro_3_N;Glyco_hydro_3_N_sf;NagZ_Beta-hexosaminidase;,Glyco_hydro_3
Clo1313_1905,RS09640,CP002416.1,,2225437,2226402,-,Tetratricopeptide TPR_1 repeat-containing protein,No COG annotation,UPI000038F9A4,Op1303,,,TPR-like_helical_dom_sf;TPR_rpt;,-
Clo1313_1906,RS09645,CP002416.1,,2226535,2228001,-,hypothetical protein,"Intracellular trafficking, secretion, and vesicular transport",UPI0001B1EE45,Op1304,,,,MotA_ExbB
Clo1313_1907,RS09650,CP002416.1,,2228047,2228691,-,class II aldolase/adducin family protein,Carbohydrate transport and metabolism,UPI000038F9A6,Op1305,,,Aldolase_class_II_sugar_metab;Aldolase_II/adducin_N;Aldolase_II/adducin_N_sf;,Aldolase_II
Clo1313_1908,RS09655,CP002416.1,,2228943,2229635,+,ErfK/YbiS/YcfS/YnhG family protein,Cell wall/membrane/envelope biogenesis,UPI0000F21895,Op1306,,,LD-transpeptidase;LD_TPept_cat_dom;Peptidoglycan-bd-like;PGBD-like_sf;PGBDSf;Transpep_catalytic_dom;,PG_binding_1;YkuD
Clo1313_1909,RS09660,CP002416.1,,2229777,2230448,+,hypothetical protein,No COG annotation,UPI000038F9A8,Op1307,,,,-
Clo1313_1910,RS09665,CP002416.1,,2230554,2232488,-,PA14 domain protein,Carbohydrate transport and metabolism,UPI00003C8F79,Op1308,,,Anti-sigma_RsgI_N;PA14/GLEYA;PA14_dom;RsgI_M;,PA14;RsgI_N
Clo1313_1911,sigI,CP002416.1,,2232481,2233230,-,RNA polymerase sigma-I factor,Transcription,UPI00005351A3,Op1308,,,RNA_pol_sigma-I;RNA_pol_sigma70_r2;RNA_pol_sigma_r2;,Sigma70_r2
Clo1313_1912,RS09675,CP002416.1,,2233411,2234631,-,Glycosyltransferase 28 domain,Coenzyme transport and metabolism,UPI0001B1EE44,Op1309,,,EryCIII-like_C;UDP_glucos_trans;,Glyco_tran_28_C;Glyco_trans_1_3
Clo1313_1913,RS09680,CP002416.1,,2234715,2235743,-,hypothetical protein,Function unknown,UPI0001B1EE43,Op1310,,,Nucleoid_associated_NdpA;,NA37
Clo1313_1914,RS09685,CP002416.1,,2236028,2238439,-,ATPase AAA-2 domain protein,"Post-translational modification, protein turnover, and chaperones",UPI0001B1EE42,Op1311,,,AAA+_ATPase;ATPase_AAA_core;Clp_ATPase_C;ClpA/B;ClpA/B_CS2;ClpA/ClpB_AAA_lid;ClpA_ClpB;P-loop_NTPase;,AAA;AAA_2;ClpB_D2-small
Clo1313_1915,RS09690,CP002416.1,,2238631,2239578,+,transposase IS4 family protein,"Replication, recombination and repair",UPI00003C8ABF,Op1312,,,,DDE_Tnp_1_3
Clo1313_1916,uvrA,CP002416.1,,2239945,2242773,-,excinuclease ABC%2C A subunit,"Replication, recombination and repair",UPI0001B1EDF8,Op1313,ATP binding; ATP hydrolysis activity; DNA binding; excinuclease ABC activity; zinc ion binding,nucleotide-excision repair; SOS response,AAA+_ATPase;ABC_transporter-like_ATP-bd;ABC_transporter-like_CS;ATP_grasp_subdomain_1;P-loop_NTPase;UvrA;UvrA_DNA-bd;UvrA_inter;,ABC_tran
Clo1313_1917,RS09700,CP002416.1,,2243238,2244284,+,3D domain-containing protein,Function unknown,UPI0001B1EDF7,Op1314,,,3D_dom;3D_YorM;Resuscitation_pf_RpfB;RlpA-like_sf;,3D
Clo1313_1918,uvrB,CP002416.1,,2244310,2246292,-,excinuclease ABC%2C B subunit,"Replication, recombination and repair",UPI0000F21894,Op1315,ATP binding; ATP hydrolysis activity; DNA binding; excinuclease ABC activity,nucleotide-excision repair; SOS response,Helicase/UvrB_N;Helicase_ATP-bd;Helicase_C-like;P-loop_NTPase;UVR_dom;UVR_dom_sf;UvrB;UvrB_inter;UvrB_YAD/RRR_dom;,Helicase_C;ResIII;UVR;UvrB
Clo1313_1920,RS09715,CP002416.1,,2246798,2247157,-,hypothetical protein,Function unknown,UPI00003C9109,Op1316,,,DUF4234;,DUF4234;zinc_ribbon_2
Clo1313_1921,RS09720,CP002416.1,,2247332,2249515,-,DNA topoisomerase (ATP-hydrolyzing),"Replication, recombination and repair",UPI0001B1EDC1,Op1317,,,GyrA/parC_rep;Gyrase/topoIV_suA_C;Topo_IIA-like_dom_sf;Topo_IIA_A/C_ab;Topo_IIA_A_a_sf;Topo_IIA_dom_A;Type_II_DNA_Topoisomerases;,DNA_gyraseA_C;DNA_topoisoIV
Clo1313_1922,RS09725,CP002416.1,,2249590,2251575,-,DNA gyrase subunit B domain protein,"Replication, recombination and repair",UPI00003C910B,Op1318,,,DNA_gyrase_B_C;HATPase_C_sf;Ribosomal_Su5_D2-typ_SF;Ribsml_uS5_D2-typ_fold_subgr;Topo_IIA;Topo_IIA-like_dom_sf;Topo_IIA_B;Topo_IIA_B_C;Topo_IIA_bsu_dom2;TopoIIA_CS;TOPRIM_dom;,DNA_gyraseB;DNA_gyraseB_C;HATPase_c;Toprim
Clo1313_1923,RS09730,CP002416.1,,2251931,2252377,+,hypothetical protein,No COG annotation,UPI0000537F10,Op1319,,,,-
Clo1313_1924,RS09735,CP002416.1,,2252464,2252658,+,hypothetical protein,No COG annotation,UPI0001B1EDC0,Op1320,,,,
Clo1313_1925,RS09740,CP002416.1,,2252704,2253144,-,hypothetical protein,Function unknown,UPI000038FE45,Op1321,,,ThrE_2;ThrE_Dicarb/AminoAcid_Exp;,ThrE_2
Clo1313_1926,RS09745,CP002416.1,,2253164,2253934,-,protein of unknown function DUF1212,Transcription,UPI0001B1EDBF,Op1321,,,ThrE-like_N;ThrE_Dicarb/AminoAcid_Exp;,ThrE
Clo1313_1927,safA,CP002416.1,,2254100,2254717,+,spore coat assembly protein SafA,Cell wall/membrane/envelope biogenesis,UPI0001B1EDBE,Op1322,,,CAP_dom;CAP_domain_YkwD-like;CAP_sf;LysM;LysM_dom_sf;Spore_coat_assembly_SafA;,CAP;LysM
Clo1313_1928,RS09755,CP002416.1,,2254817,2256187,-,MATE efflux family protein,Defense mechanisms,UPI0000F218FA,Op1323,,,MATE_fam;MdtK-like;YsiQ;,MatE
Clo1313_1929,RS09760,CP002416.1,,2256290,2258530,-,methyl-accepting chemotaxis sensory transducer,Cell motility,UPI0001B1EDBD,Op1324,,,Chemotax_Me-accpt_rcpt;HAMP_dom;;MCPsignal_dom;,4HB_MCP_1;HAMP;MCPsignal;dCache_1
Clo1313_1930,RS09765,CP002416.1,,2258610,2260085,-,hypothetical protein,Cell wall/membrane/envelope biogenesis,UPI0000F218F7,Op1325,,,LipidA_mod_glycosyltrf_83;,PMT_2
Clo1313_1931,RS09770,CP002416.1,,2260796,2261914,+,phosphoserine aminotransferase,Amino acid transport and metabolism,UPI000038FD64,Op1326,,,Pser_aminoTfrase;Pser_aminoTfrase_methanosarc;PyrdxlP-dep_Trfase;PyrdxlP-dep_Trfase_major;PyrdxlP-dep_Trfase_small;,Aminotran_5
Clo1313_1933,RS09785,CP002416.1,,2262777,2263220,-,hypothetical protein,No COG annotation,UPI00003C9133,Op1327,,,,
Clo1313_1935,RS09795,CP002416.1,,2264418,2265569,+,Integrase catalytic region,"Replication, recombination and repair",UPI0001F32952,Op1328,,,,HTH_21;HTH_Tnp_1;rve
Clo1313_1936,RS09805,CP002416.1,,2266955,2267401,+,hypothetical protein,No COG annotation,UPI0001B1F021,Op1329,,,,-
Clo1313_1937,RS09810,CP002416.1,,2267886,2269928,+,hypothetical protein,"Post-translational modification, protein turnover, and chaperones",UPI00003C8AA7,Op1330,,,6-hairpin_glycosidase_sf;6hp_glycosidase-like_sf;Ssp411;Ssp411-like_TRX;Thioredoxin-like_sf;,GlcNAc_2-epim;Thioredox_DsbH
Clo1313_1938,RS09815,CP002416.1,,2270220,2271506,-,homoserine dehydrogenase,Amino acid transport and metabolism,UPI00017E17E2,Op1331,,,ACT-like_dom_sf;ACT_dom;Asp/hSer_DH_NAD-bd;HDH;HDH_cat;HDH_CS;NAD(P)-bd_dom_sf;,ACT;Homoserine_dh;NAD_binding_3
Clo1313_1939,RS09820,CP002416.1,,2271577,2273934,-,helicase c2,"Replication, recombination and repair",UPI0001B1F01E,Op1332,,,ATP-dep_Helicase_C;DinG/Rad3-like;Helic_SF1/SF2_ATP-bd_DinG/Rad3;Helicase-like_DEXD_c2;P-loop_NTPase;PDDEXK-like_dom_sf;PDDEXK_AddAB-type;RAD3-like_helicase_DEAD;XPD_DNA_FeS;,DEAD;DEAD_2;HBB;Helicase_C_2;PDDEXK_1
Clo1313_1940,RS09825,CP002416.1,,2274008,2275117,-,MCP methyltransferase%2C CheR-type,Cell motility,UPI000038F7BB,Op1333,,,Bact_Chemotaxis_MeTrfase;CheR_C;CheR_MeTrfase;CheR_N;SAM-dependent_MTases_sf;,CheR;CheR_N
Clo1313_1942,RS09835,CP002416.1,,2278801,2280075,-,response regulator receiver sensor signal transduction histidine kinase,Signal transduction mechanisms,UPI000038F7B9,Op1334,,,CheY-like_superfamily;HATPase_C_sf;HATPase_dom;His_kinase_dom;HisK_dim/P_dom;HisK_dim/P_sf;Sig_transdc_His_kin-like_C;Sig_transdc_resp-reg_receiver;,HATPase_c;HisKA;PAS_4;PAS_9;Response_reg
Clo1313_1943,Clo1313_1943,CP002416.1,,2280209,2280316,-,hypothetical protein,No COG annotation,UPI00017E17DE,Op1335,,,,
Clo1313_1944,RS09840,CP002416.1,,2280317,2281525,-,isocitrate dehydrogenase%2C NADP-dependent,Energy production and conversion,UPI000038F7B8,Op1336,,,IsoCit/isopropylmalate_DH_CS;Isocitrate_DH_NADP;IsoPropMal-DH-like_dom;,Iso_dh
Clo1313_1945,RS09845,CP002416.1,,2281726,2283084,-,protein of unknown function DUF815,Function unknown,UPI000038F7B7,Op1337,,,AAA+_ATPase;DUF815;P-loop_NTPase;,DUF815
Clo1313_1946,RS09850,CP002416.1,,2283297,2284244,+,aldo/keto reductase,Energy production and conversion,UPI0001B1EFDD,Op1338,,,AKR;K_chnl_volt-dep_bsu_KCNAB-rel;NAD(P)_OxRdtase_dom_sf;NADP_OxRdtase_dom;,Aldo_ket_red
Clo1313_1947,glgA,CP002416.1,,2284469,2285911,-,glycogen/starch synthase%2C ADP-glucose type,Carbohydrate transport and metabolism,UPI000038F7B5,Op1339,"alpha-1,4-glucan glucosyltransferase (ADP-glucose donor) activity; alpha-1,4-glucan glucosyltransferase (UDP-glucose donor) activity",glycogen biosynthetic process,Glyco_trans_1;GS/SS;Starch_synth_cat_dom;,Glyco_transf_5;Glycos_transf_1
Clo1313_1948,RS09860,CP002416.1,,2286218,2286526,-,Coat F domain protein,Cell wall/membrane/envelope biogenesis,UPI000038F7B4,Op1340,,,Ferritin-like;Spore_coat_CotF-like;,Coat_F
Clo1313_1949,RS09865,CP002416.1,,2286529,2286747,-,hypothetical protein,No COG annotation,UPI00017E2FD3,Op1340,,,Ferritin-like;,-
Clo1313_1950,RS09870,CP002416.1,,2286835,2287530,-,pseudouridine synthase,"Translation, ribosomal structure and biogenesis",UPI00003C8AAD,Op1341,,,PsdUridine_synth_cat_dom_sf;PsdUridine_synth_RsuA/RluA;RluA_PseudoU_synthase;,PseudoU_synth_2
Clo1313_1951,RS09875,CP002416.1,,2287527,2288402,-,hypothetical protein,"Translation, ribosomal structure and biogenesis",UPI00017E2FD2,Op1341,,,Glyco_hydro_b;SAM-dep_methyl-trfase;SAM-dependent_MTases_sf;,Methyltrans_SAM
Clo1313_1952,Clo1313_1952,CP002416.1,,2288745,2288858,+,hypothetical protein,No COG annotation,UPI00017E2FD1,Op1342,,,,
Clo1313_1953,RS09880,CP002416.1,,2288962,2289921,-,D-isomer specific 2-hydroxyacid dehydrogenase NAD-binding protein,Energy production and conversion,UPI000038F7B1,Op1343,,,D-iso_2-hydroxyacid_DH_PdxB;D-isomer_2_OHA_DH_cat_dom;D-isomer_DH_CS;D-isomer_DH_NAD-bd;NAD(P)-bd_dom_sf;,2-Hacid_dh;2-Hacid_dh_C
Clo1313_1954,RS09885,CP002416.1,,2290186,2292621,-,glycosyltransferase 36,Carbohydrate transport and metabolism,UPI00003C8AAE,Op1344,,,6-hairpin_glycosidase_sf;6hp_glycosidase-like_sf;Gal_mutarotase_sf_dom;GH65_N;GH94_catalytic;GH94_Enzymes;GH94N_CBP;Glyco_hydro_65_C;Glyco_hydrolase_94_b-supersand;,Glyco_hydro_36;Glyco_transf_36
Clo1313_1955,RS09890,CP002416.1,,2293191,2294882,+,glycoside hydrolase family 9,Carbohydrate transport and metabolism,UPI000038F7AF,Op1345,,,6-hairpin_glycosidase_sf;6hp_glycosidase-like_sf;Dockerin_1_rpt;Dockerin_dom;Dockerin_dom_sf;EF_Hand_1_Ca_BS;Glyco_hydro_9;Glyco_hydro_9_Asp/Glu_AS;Glyco_hydro_9_His_AS;,Glyco_hydro_9
Clo1313_1956,RS09895,CP002416.1,,2295124,2296728,+,diguanylate cyclase and metal dependent phosphohydrolase,Transcription,UPI00017E2FCF,Op1346,,,GGDEF_dom;HD/PDEase_dom;HD_domain;HD_GYP_dom;HDIG_dom;Nucleotide_cyclase;Rev_trsase/Diguanyl_cyclase;,GGDEF;HD
Clo1313_1957,RS09900,CP002416.1,,2296870,2298024,+,Serine-type D-Ala-D-Ala carboxypeptidase,Cell wall/membrane/envelope biogenesis,UPI00005350A2,Op1347,,,Beta-lactam/transpept-like;Peniciliin-bd_prot_C_sf;Peptidase_S11;Peptidase_S11_C;Peptidase_S11_C_sf;Peptidase_S11_N;,PBP5_C;Peptidase_S11
Clo1313_1958,RS09905,CP002416.1,,2298154,2299080,-,type 3a cellulose-binding domain protein,Function unknown,UPI000038F7AC,Op1348,,,CBM2/CBM3_carb-bd_dom_sf;CBM3;CBM3_sf;,CBM_3
Clo1313_1959,RS09910,CP002416.1,,2299297,2300751,-,glycoside hydrolase family 18,Carbohydrate transport and metabolism,UPI000038F7AB,Op1349,,,Chitinase_II/V-like_cat;Chitinase_insertion_sf;Dockerin_1_rpt;Dockerin_dom;Dockerin_dom_sf;EF_Hand_1_Ca_BS;GH_hydrolase_sf;Glyco_hydro18_cat;Glyco_hydro_18_chit_AS;Glycosyl_Hydrlase_18;,Glyco_hydro_18
Clo1313_1960,RS09915,CP002416.1,,2300898,2302331,-,glycoside hydrolase family 8,Carbohydrate transport and metabolism,UPI000012BDCA,Op1350,,,6-hairpin_glycosidase_sf;6hp_glycosidase-like_sf;Dockerin_1_rpt;Dockerin_dom;Dockerin_dom_sf;EF_Hand_1_Ca_BS;Glyco_hydro_8;Glyco_hydro_8_CS;,Glyco_hydro_8
Clo1313_1961,sigI,CP002416.1,,2302873,2303670,+,RNA polymerase sigma-I factor,Transcription,UPI00003C8AB2,Op1351,,,RNA_pol_sigma-I;RNA_pol_sigma_r2;,Sigma70_r2
Clo1313_1962,RS09925,CP002416.1,,2303651,2305687,+,type 3a cellulose-binding domain protein,Function unknown,UPI00017E2FCB,Op1351,,,Anti-sigma_RsgI_N;CBM2/CBM3_carb-bd_dom_sf;CBM3;CBM3_sf;RsgI_M;,CBM_3;Dockerin_1;RsgI_N
Clo1313_1963,RS09930,CP002416.1,,2305800,2307287,-,methyl-accepting chemotaxis sensory transducer,Cell motility,UPI0000534227,Op1352,,,MCPsignal_dom;,MCPsignal
Clo1313_1964,RS09935,CP002416.1,,2307513,2308634,-,Alanine--glyoxylate transaminase,Amino acid transport and metabolism,UPI000038F7A6,Op1353,,,Aminotrans_V_dom;Aminotrans_V_PyrdxlP_BS;PyrdxlP-dep_Trfase;PyrdxlP-dep_Trfase_major;PyrdxlP-dep_Trfase_small;SP_NH2Trfase/AEP_transaminase;,Aminotran_5
Clo1313_1965,RS09940,CP002416.1,,2308885,2309310,-,hypothetical protein,No COG annotation,UPI00003C8AB4,Op1354,,,,-
Clo1313_1966,RS09945,CP002416.1,,2309411,2309782,-,hypothetical protein,No COG annotation,UPI00003C8AB5,Op1355,,,,-
Clo1313_1967,RS09950,CP002416.1,,2310048,2311343,-,gamma-glutamyl phosphate reductase,Amino acid transport and metabolism,UPI0000535F9D,Op1356,,,Ald_DH/histidinol_DH;Ald_DH_C;Ald_DH_N;Aldehyde_DH_dom;G-glutamylP_reductase_CS;Glu-5-SA_DH;GPR_dom;,Aldedh
Clo1313_1968,RS09955,CP002416.1,,2311402,2312055,-,HAD-superfamily hydrolase%2C subfamily IA%2C variant 1,Function unknown,UPI00003C8AB7,Op1357,,,HAD-like_hydrolase_sf;HAD-like_sf;HAD-SF_hydro_IA;HAD_2;HAD_sf;PGP-like_dom2;,HAD_2
Clo1313_1969,RS09960,CP002416.1,,2312219,2314342,-,peptidase S1 and S6 chymotrypsin/Hap,"Post-translational modification, protein turnover, and chaperones",UPI0001B1EFDB,Op1358,,,Anti-sigma_RsgI_N;Peptidase_S1_PA;Peptidase_S1C;RsgI_M;,Cu_amine_oxidN1;RsgI_N;Trypsin_2
Clo1313_1970,RS09965,CP002416.1,,2314565,2315149,-,Rhomboid family protein,Function unknown,UPI00005350B9,Op1359,,,Peptidase_S54_rhomboid_dom;Rhomboid-like_sf;,Rhomboid
Clo1313_1971,RS09970,CP002416.1,,2315173,2316582,-,Dockerin type 1,"Cell cycle control, cell division, chromosome partitioning",UPI00003C8ABA,Op1359,,,Dockerin_1_rpt;Dockerin_dom;Dockerin_dom_sf;EF_Hand_1_Ca_BS;RCC1-like_dom;RCC1/BLIP-II;Reg_chr_condens;Ub-ligase/GTPase-reg;,Cu_amine_oxidN1;RCC1
Clo1313_1972,RS09975,CP002416.1,,2316713,2317765,-,twitching motility protein,Cell motility,UPI0000536695,Op1360,,,AAA+_ATPase;P-loop_NTPase;PilT/PilU;T2SS/T4SS_dom;;,T2SSE
Clo1313_1973,RS09980,CP002416.1,,2317888,2320026,-,histidine kinase,Transcription,UPI000038F7A3,Op1361,,,HATPase_C_sf;HATPase_dom;His_kinase_dom;LacI/GalR-like_sensor;Peripla_BP_I;Sig_transdc_His_kin-like_C;,HATPase_c;Peripla_BP_3
Clo1313_1974,RS09985,CP002416.1,,2320211,2320834,-,hypothetical protein,No COG annotation,UPI00003C8ABB,Op1362,,,,-
Clo1313_1975,RS09990,CP002416.1,,2320838,2322178,-,protein of unknown function DUF58,Function unknown,UPI000038F7A1,Op1362,,,DUF58;,DUF58
Clo1313_1976,RS09995,CP002416.1,,2322179,2323168,-,ATPase associated with various cellular activities AAA_3,Function unknown,UPI000038F7A0,Op1362,,,ATPase_AAA-3;CbbQ/NirQ/NorQ/GpvN;ChlI/MoxR_AAA_lid;P-loop_NTPase;,AAA_3
Clo1313_1977,RS10000,CP002416.1,,2323125,2324276,-,hypothetical protein,No COG annotation,UPI000038F79F,Op1362,,,,-
Clo1313_1978,RS10005,CP002416.1,,2324294,2326834,-,transglutaminase domain-containing protein,Amino acid transport and metabolism,UPI00017E6ED5,Op1362,,,Bact_TGase-like;Ig-like_fold;Papain-like_cys_pep_sf;Transglutaminase-like;,Transglut_core
Clo1313_1979,RS10010,CP002416.1,,2326909,2328099,-,protein of unknown function UPF0027,Function unknown,UPI00003C8ABD,Op1363,,,RtcB;RtcB-like;RtcB-like_sf;,RtcB
Clo1313_1980,RS10015,CP002416.1,,2328133,2330541,-,peptidase C11 clostripain,Signal transduction mechanisms,UPI00003C8ABE,Op1363,,,Peptidase_C11;,Peptidase_C11
Clo1313_1981,RS10020,CP002416.1,,2330683,2331630,+,transposase IS4 family protein,"Replication, recombination and repair",UPI00003C8ABF,Op1364,,,,DDE_Tnp_1_3
Clo1313_1982,RS10025,CP002416.1,,2331782,2333587,-,DNA mismatch repair protein MutS domain protein,"Replication, recombination and repair",UPI000038F799,Op1365,,,DNA_mismatch_repair_MutS_C;DNA_mismatch_repair_MutS_sf;MutS;P-loop_NTPase;,MutS_III;MutS_V
Clo1313_1983,RS10030,CP002416.1,,2333866,2336328,-,Carbohydrate binding family 6,Cell motility,UPI0001B1F086,Op1366,,,CBM6;Dockerin_1_rpt;Dockerin_dom;Dockerin_dom_sf;Galactose-bd-like_sf;Ig-like_fold;Integrin_alpha_N;RGI_lyase;RGL11;RGL11_C;,CBM_6;Dockerin_1
Clo1313_1984,RS10035,CP002416.1,,2336577,2336954,+,transcriptional regulator%2C ArsR family,Transcription,UPI0000F218E3,Op1367,,,ArsR-like_HTH;ArsR_HTH;HTH_ArsR_DNA-bd_dom;Metal_resp_trans_reg;WH-like_DNA-bd_sf;WH_DNA-bd_sf;,HTH_5
Clo1313_1985,cadA,CP002416.1,,2336956,2339079,+,cadmium-translocating P-type ATPase,Inorganic ion transport and metabolism,UPI0001B1F085,Op1367,,,ATPase_P-typ_cyto_dom_N;ATPase_P-typ_P_site;ATPase_P-typ_TM_dom_sf;ATPase_P-typ_transduc_dom_A_sf;ATPase_P-type_domA;Cation_Transport_ATPase_IB;HAD-like_sf;HAD_sf;Heavy-metal-associated_CS;HMA_dom;HMA_dom_sf;P-typ_ATPase_IB;P_typ_ATPase;P_typ_ATPase_HD_dom;,E1-E2_ATPase;HMA;Hydrolase
Clo1313_1986,RS10045,CP002416.1,,2339248,2340096,-,copper amine oxidase-like domain-containing protein,Cell wall/membrane/envelope biogenesis,UPI000038F794,Op1368,,,Cell_wall_hydrolase_SleB;Cu_amine_oxidase-like_N;Mao_N_sf;SleB_dom1;,Hydrolase_2
Clo1313_1987,RS10050,CP002416.1,,2340744,2341643,+,hypothetical protein,Function unknown,UPI00017E6ED0,Op1369,,,Acyl_CoA_acyltransferase;LPG_synthase_C;UCP018688;,DUF2156
Clo1313_1988,RS10055,CP002416.1,,2341689,2342363,-,hypothetical protein,Function unknown,UPI0000531ECA,Op1370,,,DUF4956;,DUF4956
Clo1313_1989,RS10060,CP002416.1,,2342327,2343109,-,VTC domain,Inorganic ion transport and metabolism,UPI00017E6ECF,Op1370,,,CYTH-like_dom_sf;VTC_domain;VTC_sf;,VTC
Clo1313_1990,RS10065,CP002416.1,,2343159,2346314,-,Spore coat protein CotH,Cell wall/membrane/envelope biogenesis,UPI0001B1F084,Op1371,,,Bacterial_rp_domain;Dockerin_1_rpt;Dockerin_dom;Dockerin_dom_sf;EF_Hand_1_Ca_BS;Fn3_assoc_repeat;Lamin_tail_dom;Lamin_tail_dom_sf;Spore_coat_CotH_CotH2/3/7;,CHB_HEX_C_1;CotH;Dockerin_1;Fn3_assoc;LTD
Clo1313_1992,RS10080,CP002416.1,,2347025,2348155,-,aldo/keto reductase,Energy production and conversion,UPI0001B1F083,Op1372,,,4Fe4S_Fe-S-bd;4Fe4S_Fe_S_CS;AKR2_Oxidoreductase;NAD(P)_OxRdtase_dom_sf;NADP_OxRdtase_dom;,Aldo_ket_red;Fer4_17;Fer4_9
Clo1313_1993,RS10085,CP002416.1,,2348606,2348836,-,glutaredoxin-like protein%2C YruB-family,"Post-translational modification, protein turnover, and chaperones",UPI00003C8F7F,Op1373,,,GLR_AS;GlrX_YruB;Glutaredoxin;Glutaredoxin_subgr;Grx-like_ET;Thioredoxin-like_sf;,Glutaredoxin
Clo1313_1994,RS10090,CP002416.1,,2349089,2351620,-,AMP-dependent synthetase and ligase,Carbohydrate transport and metabolism,UPI0001F32A20,Op1374,,,AMP-bd_C;AMP-b_sf;AMP-binding_CS;AMP-dep_synth/lig_dom;Xyl_isomerase-like_sf;Xyl_isomerase-like_TIM-brl;,AMP-binding;AMP-binding_C;AP_endonuc_2
Clo1313_1995,RS10095,CP002416.1,,2352040,2352630,-,GCN5-related N-acetyltransferase,"Translation, ribosomal structure and biogenesis",UPI00003C9102,Op1375,,,Acyl_CoA_acyltransferase;GNAT_dom;N-acetyltransferase;,Acetyltransf_3
Clo1313_1996,RS10100,CP002416.1,,2352646,2353641,-,hypothetical protein,No COG annotation,UPI00003C9103,Op1375,,,,-
Clo1313_1997,RS10105,CP002416.1,,2353638,2354975,-,Radical SAM domain protein,Energy production and conversion,UPI00003C9104,Op1375,,,4Fe4S-binding_SPASM_dom;AdoMet-like_SPASM_containing;Aldolase_TIM;Elp3/MiaA/NifB-like_rSAM;Radical_SAM_PqqE_MftC-like;rSAM;rSAM_sf;,Fer4_12;Fer4_14;PqqD;Radical_SAM;SPASM
Clo1313_1998,RS10110,CP002416.1,,2354972,2356678,-,hypothetical protein,No COG annotation,UPI0001B1F082,Op1375,,,,-
Clo1313_1999,RS10115,CP002416.1,,2356826,2357845,-,NAD-dependent epimerase/dehydratase,Cell wall/membrane/envelope biogenesis,UPI000038FAE7,Op1376,,,Epimerase_deHydtase;NAD(P)-bd_dom_sf;,Epimerase;GDP_Man_Dehyd
Clo1313_2000,Clo1313_2000,CP002416.1,,2357953,2358393,-,hypothetical protein,No COG annotation,UPI00017E27B0,Op1377,,,,
Clo1313_2001,RS10125,CP002416.1,,2358518,2358862,-,hypothetical protein,Function unknown,UPI00003C8F88,Op1378,,,,-
Clo1313_2002,RS10130,CP002416.1,,2359170,2359577,-,hypothetical protein,No COG annotation,UPI000038FAE8,Op1379,,,,-
Clo1313_2004,RS10145,CP002416.1,,2361554,2363293,-,UvrD/REP helicase,"Replication, recombination and repair",UPI0001B1F081,Op1380,,,UvrD-like_C;UvrD-like;P-loop_NTPase;UvrD-like_ATP-bd;,UvrD-helicase;UvrD_C
Clo1313_2005,RS10150,CP002416.1,,2363277,2365367,-,SMC domain protein,"Replication, recombination and repair",UPI0001B1F060,Op1380,,,AAA_GajA/Old/RecF-like;Bact_Antivir_Def_Nuclease;P-loop_NTPase;TOPRIM_OLD;,AAA_15
Clo1313_2006,RS10155,CP002416.1,,2365406,2366935,-,ADP-ribosylation/Crystallin J1,"Post-translational modification, protein turnover, and chaperones",UPI00017E27A9,Op1380,,,ADP-ribosylglycohydrolase;Ribosyl_crysJ1;Ribosyl_crysJ1_sf;,ADP_ribosyl_GH
Clo1313_2008,RS10165,CP002416.1,,2368116,2369339,-,transposase mutator type,"Replication, recombination and repair",UPI0001F32A21,Op1381,,,,Transposase_mut
Clo1313_2009,Clo1313_2009,CP002416.1,,2371295,2371558,-,hypothetical protein,No COG annotation,UPI00017E25FB,Op1382,,,,
Clo1313_2010,RS10180,CP002416.1,,2371555,2371899,-,hypothetical protein,No COG annotation,UPI00003C8F84,Op1383,,,,
Clo1313_2011,Clo1313_2011,CP002416.1,,2371899,2372024,-,hypothetical protein,No COG annotation,UPI00017E25FA,Op1384,,,,
Clo1313_2012,RS10185,CP002416.1,,2372973,2373446,+,5-nitroimidazole antibiotic resistance protein,Function unknown,UPI000038FAEB,Op1385,,,Pyridox_Oxase-rel;Split_barrel_FMN-bd;,Pyridox_ox_2
Clo1313_2013,RS16035,CP002416.1,,2373923,2374087,-,hypothetical protein,No COG annotation,UPI00003C8AC0,Op1386,,,,
Clo1313_2014,RS10195,CP002416.1,,2374304,2375110,+,metallophosphoesterase,Function unknown,UPI000038FAEC,Op1387,,,Calcineurin-like_PHP;Metallo-depent_PP-like;Metallophosphoesterase;,Metallophos
Clo1313_2015,RS10200,CP002416.1,,2375250,2376596,-,Glucose-6-phosphate isomerase,Carbohydrate transport and metabolism,UPI000038FAED,Op1388,,,G6P_Isomerase;Phosphoglucose_isomerase_CS;SIS_dom_sf;SIS_PGI_1;SIS_PGI_2;,PGI
Clo1313_2016,RS10205,CP002416.1,,2376946,2377170,+,small acid-soluble spore protein alpha/beta type,Function unknown,UPI00003C8AC2,Op1389,,,SASP_alpha/beta-type;SASP_sf_alpha/beta;,SASP
Clo1313_2017,RS10210,CP002416.1,,2377241,2379628,-,phenylalanyl-tRNA synthetase%2C beta subunit,"Translation, ribosomal structure and biogenesis",UPI000038FAEF,Op1390,,,aa-tRNA-synth_II/BPL/LPL;B3/B4_tRNA-bd;DNA-bd_dom_put_sf;Fdx_antiC-bd;Fdx_antiC-bd_sf;NA-bd_OB-fold;Phe-tRNA-ligase_IIc_bsu;Phe-tRNA-ligase_IIc_bsu_bact;Phe-tRNA_synthase-like_B3/B4;PheRS_beta_core;tRNA-bd_dom;tRNA_bind_bactPheRS;tRNA_synthase_B5-dom;,B3_4;B5;FDX-ACB;tRNA-synt_2d;tRNA_bind
Clo1313_2018,pheS,CP002416.1,,2379670,2380689,-,phenylalanyl-tRNA synthetase%2C alpha subunit,"Translation, ribosomal structure and biogenesis",UPI000038FAF0,Op1390,"ATP binding; catalytic activity, acting on a protein; magnesium ion binding; phenylalanine-tRNA ligase activity; transferase activity; tRNA binding",phenylalanyl-tRNA aminoacylation,aa-tRNA-synth_II;aa-tRNA-synth_II/BPL/LPL;Phe-tRNA-synth_IIc_asu;Phe-tRNA_ligase_II_N;Phe_tRNA_ligase_alpha1_bac;Phenylalanyl-tRNA_Synthase;tRNA-bd_arm;,Phe_tRNA-synt_N;tRNA-synt_2d
Clo1313_2019,RS10220,CP002416.1,,2381161,2381934,-,protein of unknown function DUF975,Function unknown,UPI000038FAF1,Op1391,,,DUF975;,DUF975
Clo1313_2020,RS10225,CP002416.1,,2382213,2383559,+,beta-galactosidase,Carbohydrate transport and metabolism,UPI0000126903,Op1392,,,GH_hydrolase_sf;GH_1_N_CS;Glyco_hydro_1;Glyco_hydro_1_AS;Glyco_hydro_1_beta-glucosidase;,Glyco_hydro_1
Clo1313_2021,RS10230,CP002416.1,,2383643,2383834,-,hypothetical protein,No COG annotation,UPI00003C8AC3,Op1393,,,DUF6897;,-
Clo1313_2022,RS10235,CP002416.1,,2384124,2385128,-,glycoside hydrolase family 16,Carbohydrate transport and metabolism,UPI000012BD94,Op1394,,,Beta-glucanase-like;Beta-glucanase/XTH;Beta_glucanase;ConA-like_dom_sf;Dockerin_1_rpt;Dockerin_dom;Dockerin_dom_sf;EF_Hand_1_Ca_BS;GH16_AS;,Glyco_hydro_11;Glyco_hydro_16
Clo1313_2023,RS10240,CP002416.1,,2385491,2386552,+,transcriptional regulator%2C LacI family,Transcription,UPI000038F9E2,Op1395,,,HTH_LacI;LacI/GalR-like_sensor;Lambda_DNA-bd_dom_sf;Peripla_BP_I;,LacI;Peripla_BP_1;Peripla_BP_3
Clo1313_2024,RS10245,CP002416.1,,2386724,2387032,-,glycosyl transferase family 2,Function unknown,UPI00003C8AC5,Op1396,,,Glyco_trans_2-like;Nucleotide-diphossugar_trans;,Glycos_transf_2
Clo1313_2026,RS10260,CP002416.1,,2389420,2390253,-,hypothetical protein,"Replication, recombination and repair",UPI000038F9E4,Op1397,,,PDDEXK-like_dom_sf;PDDEXK_AddAB-type;,PDDEXK_1
Clo1313_2027,RS10265,CP002416.1,,2390250,2392481,-,UvrD/REP helicase,"Replication, recombination and repair",UPI00003C8AC7,Op1397,,,DExx_box_DNA_helicase_dom_sf;UvrD-like_C;UvrD-like;P-loop_NTPase;UvrD-like_ATP-bd;,UvrD-helicase;UvrD_C
Clo1313_2028,RS10270,CP002416.1,,2392504,2394462,-,hypothetical protein,"Replication, recombination and repair",UPI0000534939,Op1397,,,P-loop_NTPase;,-
Clo1313_2029,RS10275,CP002416.1,,2394753,2395040,-,protein of unknown function DUF1294,Function unknown,UPI0000535F9E,Op1398,,,Cold_shock_CspA;DUF1294;,DUF1294
Clo1313_2030,RS10280,CP002416.1,,2395320,2395892,-,ANTAR domain protein,Transcription,UPI00017E2472,Op1399,,,ANTAR;CheY-like_superfamily;Sig_transdc_resp-reg_antiterm;WH-like_DNA-bd_sf;,ANTAR;Response_reg
Clo1313_2031,glnA,CP002416.1,,2395920,2397242,-,glutamine synthetase%2C type I,Amino acid transport and metabolism,UPI0000533AD3,Op1399,,,Gln_synt_N;Gln_synt_N_sf;Gln_synth/guanido_kin_cat_dom;Gln_synth_cat_dom;Gln_synth_I;,Gln-synt_C;Gln-synt_N
Clo1313_2032,RS10290,CP002416.1,,2397275,2397997,-,glutamate synthase alpha subunit domain protein,Amino acid transport and metabolism,UPI00017E2471,Op1399,,,Archaeal_gltB;Glu_synth_asu_C;Glu_synth_asu_C_sf;Glu_synth_lsu_3;,GXGXG
Clo1313_2033,RS10295,CP002416.1,,2397994,2399229,-,FAD-dependent pyridine nucleotide-disulfide oxidoreductase,Energy production and conversion,UPI000038F9EC,Op1399,,,FAD-bd_OxRdtase;FAD/NAD-bd_sf;FAD/NAD-binding_dom;FAD/NAD-linked_Rdtase_dimer_sf;Rubredoxin_C;,Pyr_redox_2
Clo1313_2034,RS10300,CP002416.1,,2399234,2399662,-,iron-sulfur cluster-binding protein,Energy production and conversion,UPI00003C8AC8,Op1399,,,4Fe4S_Fe-S-bd;ET_IronSulfur_Cluster-Binding;,Fer4_11
Clo1313_2035,RS10305,CP002416.1,,2399676,2401181,-,Glutamate synthase (NADPH),Amino acid transport and metabolism,UPI0001B1EF1B,Op1399,,,4Fe4S_Fe-S-bd;4Fe4S_Fe_S_CS;Aldolase_TIM;GltB;GltB_archl_type;Glu_synthdom;,Fer4;Fer4_7;Fer4_9;GATase_2;GXGXG;Glu_syn_central;Glu_synthase
Clo1313_2036,RS10310,CP002416.1,,2401181,2402272,-,glutamine amidotransferase class-II,Amino acid transport and metabolism,UPI00003C8ACA,Op1399,,,GATase_2_dom;Glu_synth_lsu_1;Ntn_hydrolases_N;,GATase_2;GATase_6
Clo1313_2038,RS10315,CP002416.1,,2402864,2404957,+,glutamine synthetase catalytic region,Function unknown,UPI00017E2470,Op1400,,,Gln-synt_C;Gln_synt_N;Gln_synth/guanido_kin_cat_dom;Gln_synth_cat_dom;Gln_synth_gly_rich_site;GS_Type-3;GSIII_N;,GSIII_N;Gln-synt_C
Clo1313_2040,RS10325,CP002416.1,,2405831,2406214,-,hypothetical protein,No COG annotation,UPI000038F9F2,Op1401,,,,
Clo1313_2041,RS10330,CP002416.1,,2406303,2407487,-,sodium/hydrogen exchanger,Inorganic ion transport and metabolism,UPI000038F9F3,Op1402,,,Cation/H_exchanger_TM;CPA1_transporter;Na+/solute_symporter_sf;,Na_H_Exchanger
Clo1313_2042,RS10345,CP002416.1,,2408038,2409837,-,proteinase inhibitor I4 serpin,"Post-translational modification, protein turnover, and chaperones",UPI00003C8ACE,Op1403,,,Dockerin_1_rpt;Dockerin_dom;Dockerin_dom_sf;EF_Hand_1_Ca_BS;FN3_dom;FN3_sf;Ig-like_fold;Serpin_CS;Serpin_dom;Serpin_fam;Serpin_sf;Serpin_sf_1;Serpin_sf_2;,Dockerin_1;Serpin
Clo1313_2043,RS10350,CP002416.1,,2410268,2412070,-,proteinase inhibitor I4 serpin,"Post-translational modification, protein turnover, and chaperones",UPI000038F9F5,Op1404,,,Dockerin_1_rpt;Dockerin_dom;Dockerin_dom_sf;EF_Hand_1_Ca_BS;FN3_dom;Ig-like_fold;Purple_acid_Pase-like_N;Serpin_dom;Serpin_fam;Serpin_sf;Serpin_sf_1;Serpin_sf_2;,Dockerin_1;Serpin
Clo1313_2044,RS10355,CP002416.1,,2412487,2413086,-,non-canonical purine NTP pyrophosphatase%2C rdgB/HAM1 family,Nucleotide transport and metabolism,UPI00003C8AD0,Op1405,,,dITP/XTP_pyrophosphatase;ITPase-like_fam;RdgB/HAM1;,Ham1p_like
Clo1313_2045,rph,CP002416.1,,2413043,2413834,-,ribonuclease PH,"Translation, ribosomal structure and biogenesis",UPI00017E22E0,Op1405,3'-5'-RNA exonuclease activity; tRNA binding; tRNA nucleotidyltransferase activity,rRNA 3'-end processing; rRNA catabolic process; tRNA processing,ExoRNase_PH_dom1;ExoRNase_PH_dom2;ExoRNase_PH_dom2_sf;PNPase/RNase_PH_dom_sf;Ribosomal_Su5_D2-typ_SF;RNase_PH;RNase_PH_bac-type;RNase_PH_CS;,Ham1p_like;RNase_PH;RNase_PH_C
Clo1313_2046,RS10365,CP002416.1,,2413902,2415074,-,Lipoprotein LpqB%2C GerMN domain,Function unknown,UPI000038F9F8,Op1406,,,GerMN;,Germane
Clo1313_2047,galE,CP002416.1,,2415177,2416166,-,UDP-glucose 4-epimerase,Cell wall/membrane/envelope biogenesis,UPI0001C14659,Op1407,,,,Epimerase
Clo1313_2048,RS10375,CP002416.1,,2416381,2419227,-,cell wall hydrolase/autolysin,Cell wall/membrane/envelope biogenesis,UPI0001B1EF1A,Op1408,,,AMIN_dom;Cu_amine_oxidase-like_N;Mao_N_sf;MurNAc-LAA_cat;N-acetylmuramoyl_amidase_3;,AMIN;Amidase_3;Cu_amine_oxidN1
Clo1313_2049,pilM,CP002416.1,,2419537,2420640,-,type IV pilus assembly protein PilM,Cell motility,UPI000038F513,Op1409,,,ATPase_NBD;FtsA/MreB;PilM;SHS2_FtsA;,PilM_2;PilN
Clo1313_2050,RS10385,CP002416.1,,2420781,2421326,-,protein of unknown function DUF208,Energy production and conversion,UPI000038F514,Op1410,,,QueH;,DUF208
Clo1313_2051,ruvB,CP002416.1,,2421395,2422387,-,Holliday junction DNA helicase RuvB,"Replication, recombination and repair",UPI0000537C66,Op1411,ATP binding; four-way junction DNA binding; four-way junction helicase activity; hydrolase activity;ATP binding; ATP hydrolysis activity; four-way junction DNA binding; four-way junction helicase activity,DNA recombination; DNA repair,AAA+_ATPase;AAA_lid_4;DNA_helicase_Holl-junc_RuvB;P-loop_NTPase;RuvB-like_N;RuvB_wg_C;WH-like_DNA-bd_sf;WH_DNA-bd_sf;,RuvB_C;RuvB_N
Clo1313_2052,ruvA,CP002416.1,,2422486,2423094,-,Holliday junction DNA helicase RuvA,"Replication, recombination and repair",UPI00003C8AD5,Op1411,ATP binding; four-way junction DNA binding; four-way junction helicase activity,DNA recombination; DNA repair,DNA_helicase_Holl-junc_RuvA_I;Hlx-hairpin-Hlx_DNA-bd_motif;NA-bd_OB-fold;RuvA;RuvA_2-like;RuvA_C;RuvA_C_sf;,HHH_5;RuvA_C;RuvA_N
Clo1313_2053,ruvC,CP002416.1,,2423140,2423628,-,crossover junction endodeoxyribonuclease RuvC,"Replication, recombination and repair",UPI000038F518,Op1411,crossover junction DNA endonuclease activity; DNA binding; magnesium ion binding,DNA recombination; DNA repair,RNaseH-like_sf;RNaseH_sf;X-over_junc_endoDNase_Mg_BS;X-over_junc_endoDNase_RuvC;,RuvC
Clo1313_2054,RS10405,CP002416.1,,2423864,2425081,+,argininosuccinate synthase,Amino acid transport and metabolism,UPI000038F519,Op1412,,,Arginosuc_syn_C;Arginosuc_syn_N;Arginosuc_synth;Arginosuc_synth_CS;Arginosuc_synth_type_1_subfam;AS_cat/multimer_dom_body;Rossmann-like_a/b/a_fold;,Arginosuc_synth
Clo1313_2055,argH,CP002416.1,,2425091,2426467,+,argininosuccinate lyase,Amino acid transport and metabolism,UPI000038F51A,Op1412,argininosuccinate lyase activity,L-arginine biosynthetic process via ornithine,Arg_succ_lyase_C;Argininosuccinate_lyase;Fumarase/histidase_N;Fumarate_lyase_CS;Fumarate_lyase_fam;Fumarate_lyase_N;L-Aspartase-like;,ASL_C2;Lyase_1
Clo1313_2056,RS10415,CP002416.1,,2426593,2426790,-,metal-dependent phosphohydrolase%2C HD region,No COG annotation,UPI0000F2188B,Op1413,,,,-
Clo1313_2057,RS10420,CP002416.1,,2426961,2427311,-,hypothetical protein,No COG annotation,UPI00003C8AD6,Op1414,,,,-
Clo1313_2058,RS10425,CP002416.1,,2427592,2428728,-,polysaccharide deacetylase,Carbohydrate transport and metabolism,UPI00003C8AD7,Op1415,,,Glyco_hydro/deAcase_b/a-brl;NODB_dom;;,Polysacc_deac_1
Clo1313_2059,RS10430,CP002416.1,,2428912,2430804,-,sulfatase,Cell wall/membrane/envelope biogenesis,UPI000038F51F,Op1416,,,Alkaline_phosphatase_core_sf;LtaS-like;OpgB/LTA_synthase_biosynth;Sulfatase_N;,Sulfatase
Clo1313_2060,RS10435,CP002416.1,,2430986,2432080,-,FAD-dependent pyridine nucleotide-disulfide oxidoreductase,Energy production and conversion,UPI0001B1EEF2,Op1417,,,FAD/NAD-bd_sf;Geranylgeranyl_reductase;,NAD_binding_8;Pyr_redox_2
Clo1313_2061,RS10440,CP002416.1,,2432248,2432463,+,hypothetical protein,No COG annotation,UPI000038F521,Op1418,,,Ferritin-like;Ferritin-like_SF;,-
Clo1313_2062,RS10445,CP002416.1,,2432490,2432729,+,hypothetical protein,No COG annotation,UPI000038F522,Op1418,,,,-
Clo1313_2063,RS10450,CP002416.1,,2432776,2433228,+,hypothetical protein,No COG annotation,UPI00003C8AD8,Op1419,,,,-
Clo1313_2064,RS10455,CP002416.1,,2433319,2434401,+,FAD dependent oxidoreductase,Energy production and conversion,UPI000038F524,Op1420,,,FAD/NAD-bd_sf;Geranylgeranyl_reductase;,NAD_binding_8;Pyr_redox_2
Clo1313_2065,RS10460,CP002416.1,,2434413,2434883,-,hypothetical protein,No COG annotation,UPI00017E2135,Op1421,,,,-
Clo1313_2066,RS10465,CP002416.1,,2434936,2435304,-,response regulator receiver,Signal transduction mechanisms,UPI000038F526,Op1422,,,Bact_response_regulator;CheY-like_superfamily;Sig_transdc_resp-reg_receiver;,Response_reg
Clo1313_2067,RS10470,CP002416.1,,2435342,2436022,-,4Fe-4S ferredoxin iron-sulfur binding domain protein,Energy production and conversion,UPI0000532C4F,Op1422,,,4Fe4S_Fe-S-bd;4Fe4S_Fe_S_CS;,Fer4;Fer4_16;Fer4_7
Clo1313_2068,RS10475,CP002416.1,,2436330,2436887,+,hypothetical protein,Transcription,UPI0000533AD4,Op1423,,,DUF4364;WH-like_DNA-bd_sf;,DUF4364
Clo1313_2069,yhbY,CP002416.1,,2436973,2437263,-,protein of unknown function UPF0044,"Translation, ribosomal structure and biogenesis",UPI000038F529,Op1424,,,RNA-binding_CRM;RNA-binding_domain;RNA-binding_YhbY;YhbY-like_sf;,CRS1_YhbY
Clo1313_2070,RS10485,CP002416.1,,2437357,2437581,-,hypothetical protein,No COG annotation,UPI00017E2134,Op1425,,,,-
Clo1313_2071,obgE,CP002416.1,,2437695,2438969,-,GTP-binding protein Obg/CgtA,Function unknown,UPI000038F52A,Op1426,,,G_OBG;GTP-bd;GTP-bd_Obg/CgtA;GTP-bd_prot_GTP1/OBG_C_sf;GTP1-OBG_CS;GTP1_OBG_dom;GTP1_OBG_dom_sf;OBG_GTPase;OCT_dom;P-loop_NTPase;,DUF1967;GTP1_OBG;MMR_HSR1
Clo1313_2072,rpmA,CP002416.1,,2439078,2439356,-,ribosomal protein L27,"Translation, ribosomal structure and biogenesis",UPI000038F52B,Op1427,structural constituent of ribosome,translation,Ribosomal_bL27;Ribosomal_bL27_CS;,Ribosomal_L27
Clo1313_2073,RS10500,CP002416.1,,2439349,2439690,-,protein of unknown function DUF464,"Translation, ribosomal structure and biogenesis",UPI000038F52C,Op1427,,,Peptidase_Prp;Peptidase_Prp_sf;,Peptidase_Prp
Clo1313_2074,rplU,CP002416.1,,2439703,2440014,-,ribosomal protein L21,"Translation, ribosomal structure and biogenesis",UPI0000534946,Op1427,rRNA binding; structural constituent of ribosome,translation,bL21-like;bL21-like_sf;Ribosomal_bL21;Ribosomal_bL21_CS;,Ribosomal_L21p
Clo1313_2075,RS10510,CP002416.1,,2440121,2441593,-,ribonuclease%2C Rne/Rng family,"Translation, ribosomal structure and biogenesis",UPI0001B1EEF1,Op1428,,,NA-bd_OB-fold;RNA-bd_AU-1/RNase_E/G;RNase_E/G;RNase_E_G_thioredoxin-like;S1_domain;,RNase_E_G;S1;TRAM
Clo1313_2076,RS10515,CP002416.1,,2441625,2442464,-,Protein of unknown function DUF2344,Function unknown,UPI000038F52F,Op1428,,,DUF2344;,DUF2344
Clo1313_2077,RS10520,CP002416.1,,2442454,2444295,-,Radical SAM domain protein,Energy production and conversion,UPI0001B1EEF0,Op1428,,,CHP03960_rSAM;Elp3/MiaA/NifB-like_rSAM;Radical_SAM_N2;rSAM;rSAM_horseshoe;rSAM_sf;,Radical_SAM
Clo1313_2078,RS10525,CP002416.1,,2444534,2445595,-,hypothetical protein,Function unknown,UPI000038F531,Op1429,,,DUF3048_C;DUF3048_N;YerB-like_sf;,DUF3048;DUF3048_C
Clo1313_2079,RS10530,CP002416.1,,2445765,2446055,-,protein of unknown function DUF1292,Function unknown,UPI000038F532,Op1430,,,UPF0473;,DUF1292
Clo1313_2080,ruvX,CP002416.1,,2446158,2446583,-,Holliday junction resolvase YqgF,"Replication, recombination and repair",UPI00003C8D30,Op1431,,,RNaseH-like_sf;YqgF;YqgF/RNaseH-like_dom;YqgF/RNaseH-like_dom_sf;,RuvX
Clo1313_2081,RS10540,CP002416.1,,2446705,2447652,-,aldo/keto reductase,Energy production and conversion,UPI0000536230,Op1432,,,4Fe4S_Fe-S-bd;4Fe4S_Fe_S_CS;AKR;AKR2_Oxidoreductase;NAD(P)_OxRdtase_dom_sf;NADP_OxRdtase_dom;,Aldo_ket_red;Fer4
Clo1313_2082,RS10545,CP002416.1,,2447730,2448002,-,protein of unknown function DUF965,Function unknown,UPI000038F535,Op1433,,,IreB-like;,DUF965
Clo1313_2083,mtaB,CP002416.1,,2448217,2449521,-,RNA modification enzyme%2C MiaB family,"Translation, ribosomal structure and biogenesis",UPI000038F536,Op1434,,,Elp3/MiaA/NifB-like_rSAM;Methylthiotransferase;Methylthiotransferase_CS;Methylthiotransferase_N;Methylthiotransferase_N_sf;MiaB-like_bact;rSAM;rSAM_horseshoe;rSAM_sf;ThrcA_tRNA_MEthiotransferase;TRAM_dom;,Radical_SAM;TRAM;UPF0004
Clo1313_2084,RS10555,CP002416.1,,2449680,2449907,+,phosphoryl transfer system HPr,Carbohydrate transport and metabolism,UPI0000535336,Op1435,,,,PTS-HPr
Clo1313_2085,RS10560,CP002416.1,,2450037,2450504,-,protein of unknown function DUF523,Function unknown,UPI0001F32A76,Op1436,,,,DUF523
Clo1313_2086,rnr,CP002416.1,,2450513,2452786,-,ribonuclease R,"Translation, ribosomal structure and biogenesis",UPI0001B1EEEE,Op1436,exoribonuclease II activity; RNA binding,mRNA catabolic process,CSD;CSD2;NA-bd_OB-fold;RNase_B_OB_dom;RNase_II/R;RNase_II/RNase_R;RNase_R;RNR_Ribonuclease;S1_domain;,OB_RNB;RNB;S1
Clo1313_2087,tnpA,CP002416.1,,2453035,2453511,-,transposase IS200-family protein,"Replication, recombination and repair",UPI00003C8EC4,Op1437,,,Transposase_17;Transposase_17_sf;,Y1_Tnp
Clo1313_2088,RS10575,CP002416.1,,2453710,2454261,-,metal dependent phosphohydrolase,Function unknown,UPI000038F53A,Op1438,,,HD/PDEase_dom;HD_domain;HDIG_dom;,HD
Clo1313_2089,secG,CP002416.1,,2454543,2454782,-,preprotein translocase%2C SecG subunit,"Intracellular trafficking, secretion, and vesicular transport",UPI00017E1F85,Op1439,,,SecG;,SecG
Clo1313_2090,eno,CP002416.1,,2454958,2456259,-,enolase,Carbohydrate transport and metabolism,UPI0000F21888,Op1440,magnesium ion binding; phosphopyruvate hydratase activity,glycolytic process,Enolase;Enolase-like_C_sf;Enolase-like_N;Enolase_C;Enolase_CS;Enolase_N;,Enolase_C;Enolase_N
Clo1313_2091,RS10590,CP002416.1,,2456459,2458096,-,diguanylate cyclase and metal dependent phosphohydrolase,Signal transduction mechanisms,UPI00003C916D,Op1441,,,GGDEF_dom;HD/PDEase_dom;HD_domain;HD_GYP_dom;Nucleotide_cyclase;Rev_trsase/Diguanyl_cyclase;,GGDEF;HD;HD_5
Clo1313_2092,RS10600,CP002416.1,,2458434,2459969,-,phosphoglycerate mutase%2C 2%2C3-bisphosphoglycerate-independent,Carbohydrate transport and metabolism,UPI00003C8B31,Op1442,,,Alkaline_phosphatase_core_sf;BPG-indep_PGM_N;Metalloenzyme;PGAM_B_sf;Pgm_bpd_ind;,Metalloenzyme;Phosphodiest;iPGM_N
Clo1313_2093,RS10605,CP002416.1,,2460156,2460911,-,triosephosphate isomerase,Carbohydrate transport and metabolism,UPI00003C8B32,Op1442,,,Aldolase_TIM;TIM_sf;TrioseP_Isoase_bac/euk;Triosephosphate_isomerase;Triosephosphate_isomerase_AS;,TIM
Clo1313_2094,pgk,CP002416.1,,2460926,2462119,-,Phosphoglycerate kinase,Carbohydrate transport and metabolism,UPI00003C8B33,Op1442,ADP binding; ATP binding; phosphoglycerate kinase activity,gluconeogenesis; glycolytic process,Phosphoglycerate_kinase;Phosphoglycerate_kinase_CS;Phosphoglycerate_kinase_N;Phosphoglycerate_kinase_sf;,PGK
Clo1313_2095,gap,CP002416.1,,2462454,2463464,-,glyceraldehyde-3-phosphate dehydrogenase%2C type I,Energy production and conversion,UPI000038F53E,Op1442,,,GlycerAld/Erythrose_P_DH;GlycerAld_3-P_DH_AS;GlycerAld_3-P_DH_cat;GlycerAld_3-P_DH_NAD(P)-bd;Glyceraldehyde-3-P_DH_1;NAD(P)-bd_dom_sf;,Gp_dh_C;Gp_dh_N
Clo1313_2096,RS10620,CP002416.1,,2463728,2464453,-,4'-phosphopantetheinyl transferase,"Secondary metabolites biosynthesis, transport, and catabolism",UPI00003C8B34,Op1443,,,4-PPantetheinyl_Trfase_dom;4-PPantetheinyl_Trfase_dom_sf;,ACPS
Clo1313_2097,RS10625,CP002416.1,,2464450,2472714,-,Beta-ketoacyl synthase,Lipid transport and metabolism,UPI00017E279C,Op1443,,,Ac_transferase_dom_sf;ACP-like_sf;Acyl_transferase_dom;Acyl_Trfase/lysoPLipase;Ketoacyl_synth_AS;KAS_C;KAS_N;KR_dom;Malonyl_transacylase_ACP-bd;NAD(P)-bd_dom_sf;PKS_Beta-ketoAc_synthase_dom;PKS_dehydratase_sf;PKS_KR;PKS_mFAS_DH;PKS_NRPS_Biosynth_Enz;PP-bd_ACP;Thiolase-like;,Acyl_transf_1;KR;Ketoacyl-synt_C;PS-DH;ketoacyl-synt
Clo1313_2098,RS10630,CP002416.1,,2472763,2473734,-,hypothetical protein,Function unknown,UPI0001B1EE36,Op1444,,,AB_hydrolase_fold;,-
Clo1313_2099,RS10635,CP002416.1,,2473755,2475239,-,AMP-dependent synthetase and ligase,Lipid transport and metabolism,UPI000038F542,Op1444,,,AMP-bd_C;AMP-b_sf;AMP-binding_CS;AMP-dep_synth/lig_dom;ANL_N_sf;,AMP-binding;AMP-binding_C
Clo1313_2100,RS10640,CP002416.1,,2475278,2476315,-,Beta-ketoacyl-acyl-carrier-protein synthase I,Lipid transport and metabolism,UPI00005362D9,Op1444,,,ACP_syn_III_C;ACP_syn_III_N;Thiolase-like;,ACP_syn_III;ACP_syn_III_C
Clo1313_2101,RS10645,CP002416.1,,2476457,2476702,-,phosphopantetheine-binding protein,"Secondary metabolites biosynthesis, transport, and catabolism",UPI000038F544,Op1445,,,ACP-like_sf;PP-bd_ACP;,PP-binding
Clo1313_2102,RS10650,CP002416.1,,2476815,2477849,-,Beta-ketoacyl-acyl-carrier-protein synthase I,Lipid transport and metabolism,UPI0000534C6E,Op1446,,,ACP_syn_III_C;ACP_syn_III_N;Thiolase-like;,ACP_syn_III;ACP_syn_III_C
Clo1313_2103,RS10655,CP002416.1,,2478054,2479571,-,diguanylate cyclase and metal dependent phosphohydrolase,Signal transduction mechanisms,UPI000038F546,Op1447,,,GGDEF_dom;HD/PDEase_dom;HD_domain;HD_GYP_dom;Nucleotide_cyclase;Rev_trsase/Diguanyl_cyclase;,GGDEF;HD;HD_5
Clo1313_2104,trmL,CP002416.1,,2479907,2480401,-,RNA methyltransferase%2C TrmH family%2C group 2,"Translation, ribosomal structure and biogenesis",UPI000038F547,Op1448,,,Alpha/beta_knot_MTases;SpoU_MeTrfase;TrmL;tRNA_m1G_MTases_N;,SpoU_methylase
Clo1313_2105,RS10665,CP002416.1,,2480531,2480995,-,CheC domain protein,Cell motility,UPI00017E25F4,Op1449,,,CheC-like_sf;CheX-like;CheX-like_dom;,CheX
Clo1313_2106,RS10670,CP002416.1,,2481069,2481647,-,stage V sporulation protein ae,Function unknown,UPI0001F328A3,Op1450,,,SpoVAE;,SpoVAE
Clo1313_2107,spoVAE,CP002416.1,,2481709,2482080,-,stage V sporulation protein AE,Function unknown,UPI00017E25F3,Op1451,,,Spore_V_AE;SpoVA;,SpoVAC_SpoVAEB
Clo1313_2108,spoVAD,CP002416.1,,2482124,2483146,-,stage V sporulation protein AD,Lipid transport and metabolism,UPI00003C8B38,Op1452,,,SpoVAD;SpoVAD_sf;Thiolase-like;,SpoVAD
Clo1313_2109,spoVAC,CP002416.1,,2483205,2483648,-,stage V sporulation protein AC,Function unknown,UPI000038F54A,Op1453,,,Spore_V_AC;SpoVA;,SpoVAC_SpoVAEB
Clo1313_2110,RS10690,CP002416.1,,2483668,2483856,-,hypothetical protein,No COG annotation,UPI00003C8B39,Op1453,,,,
Clo1313_2111,sigF,CP002416.1,,2484040,2484786,-,RNA polymerase%2C sigma 28 subunit%2C SigF,Transcription,UPI00003C8B3A,Op1454,,,RNA_pol_sigma-70_dom;RNA_pol_sigma-B/F/G;RNA_pol_sigma-F;RNA_pol_sigma70;RNA_pol_sigma70_r2;RNA_pol_sigma70_r3;RNA_pol_sigma70_r4;RNA_pol_sigma_r2;RNA_pol_sigma_r3/r4-like;Sigma-70_RNA_pol_init_factors;WH-like_DNA-bd_sf;,Sigma70_r2;Sigma70_r3;Sigma70_r4
Clo1313_2112,RS10700,CP002416.1,,2484817,2485266,-,anti-sigma regulatory factor%2C serine/threonine protein kinase,Signal transduction mechanisms,UPI000038F54C,Op1454,,,Anti-sigma-factor_SerPK;Anti-sigma_F;HATPase_C_sf;HATPase_dom;,HATPase_c_2
Clo1313_2113,spoIIAA,CP002416.1,,2485280,2485615,-,anti-sigma-factor antagonist,Signal transduction mechanisms,UPI000053783B,Op1454,,,Anti-sigma_ant;Anti-sigma_F_ant;STAS_dom;STAS_dom_sf;,STAS
Clo1313_2114,RS10710,CP002416.1,,2485806,2486072,-,Phosphotransferase system%2C phosphocarrier protein HPr,Carbohydrate transport and metabolism,UPI00017E25F1,Op1455,,,HPr;HPr-like;HPr-like_sf;PTS_HPr_His_P_site;,PTS-HPr
Clo1313_2115,whiA,CP002416.1,,2486075,2487028,-,protein of unknown function DUF199,Transcription,UPI000038F54F,Op1455,DNA binding,cell division; regulation of sporulation,Homing_endonucl;Sporu_reg_WhiA_N_dom;Sporulation_regulator_WhiA;Sporulation_regulator_WhiA_C;WhiA_LAGLIDADG_dom;,HTH_WhiA;LAGLIDADG_WhiA;WhiA_N
Clo1313_2116,RS10720,CP002416.1,,2487103,2489082,-,glycogen debranching enzyme,Carbohydrate transport and metabolism,UPI000053197F,Op1456,,,6-hairpin_glycosidase_sf;6hp_glycosidase-like_sf;AGL/Gdb1;GDE_C;Glycogen_debranch_arc;Glycogen_debranch_N;,GDE_C;GDE_N
Clo1313_2117,RS10725,CP002416.1,,2489109,2490428,-,protein of unknown function UPF0052 and CofD,Function unknown,UPI000038F551,Op1456,,,CofD;CofD-like_dom_sf;Gluconeogen_factor;,UPF0052
Clo1313_2118,rapZ,CP002416.1,,2490425,2491300,-,hypothetical protein,Function unknown,UPI000038F552,Op1456,,,P-loop_NTPase;RapZ-like;RapZ-like_N;RapZ_C;,ATP_bind_2
Clo1313_2119,murB,CP002416.1,,2491339,2492253,-,UDP-N-acetylenolpyruvoylglucosamine reductase,Cell wall/membrane/envelope biogenesis,UPI0001B1EE34,Op1456,FAD binding; UDP-N-acetylmuramate dehydrogenase activity,cell division; cell wall organization; peptidoglycan biosynthetic process; regulation of cell shape,FAD-bd_PCMH;FAD-bd_PCMH-like_sf;FAD-bd_PCMH_sub1;FAD-bd_PCMH_sub2;MurB;MurB_C;MurB_C_sf;Oxid_FAD_bind_N;,FAD_binding_4;MurB_C
Clo1313_2120,RS10740,CP002416.1,,2492366,2493091,-,PHP domain protein,Amino acid transport and metabolism,UPI0000533E05,Op1457,,,Phosphatase_YcdX_put;PHP_dom;PHP_phosphatase;Pol/His_phosphatase_N;Pol/histidinol_Pase-like;,PHP
Clo1313_2121,hprK,CP002416.1,,2493125,2494081,-,HPr kinase,Coenzyme transport and metabolism,UPI000038F555,Op1457,ATP binding; magnesium ion binding; phosphorelay sensor kinase activity; protein serine/threonine kinase activity; protein serine/threonine/tyrosine kinase activity,regulation of carbohydrate metabolic process,HPr(Ser)_kin/Pase;Hpr_kin/Pase_C;Hpr_kin/Pase_Hpr_N;P-loop_NTPase;Ser_kin/Pase_Hpr-like_N_sf;,Hpr_kinase_C;Hpr_kinase_N
Clo1313_2122,RS10750,CP002416.1,,2494295,2494612,-,Dockerin type 1,No COG annotation,UPI00017E246B,Op1458,,,Dockerin_1_rpt;Dockerin_dom_sf;EF_Hand_1_Ca_BS;,
Clo1313_2123,RS10765,CP002416.1,,2495781,2496422,+,type IV pilus assembly PilZ,Function unknown,UPI00003C8B3E,Op1459,,,PilZ_domain;,PilZ
Clo1313_2124,RS10770,CP002416.1,,2496514,2496981,-,6%2C7-dimethyl-8-ribityllumazine synthase,Coenzyme transport and metabolism,UPI000038F557,Op1460,,,LS;LS/RS;LS/RS_sf;,DMRL_synthase
Clo1313_2125,RS10775,CP002416.1,,2496971,2498212,-,3%2C4-dihydroxy-2-butanone 4-phosphate synthase,Coenzyme transport and metabolism,UPI000038F558,Op1460,,,DHBP_synth_RibB-like_a/b_dom;DHBP_synthase_RibB;GTP_cyclohydro_II;RibA;RibA-like_sf;Riboflavin_synth_RibBA;,DHBP_synthase;GTP_cyclohydro2
Clo1313_2126,RS10780,CP002416.1,,2498252,2498908,-,riboflavin synthase%2C alpha subunit,Coenzyme transport and metabolism,UPI000038F559,Op1460,,,ATP_synth_asu-like_sf;Lumazine-bd;Lumazine-bd_dom;Riboflavin_synthase-like_b-brl;,Lum_binding
Clo1313_2127,ribD,CP002416.1,,2498987,2500093,-,riboflavin biosynthesis protein RibD,Coenzyme transport and metabolism,UPI000038F55A,Op1460,,,CMP_dCMP_dom;Cytidine_deaminase-like;DHFR-like_dom_sf;Eubact_RibD;RibD_C;RibDG_C;Riboflavin_Biosynth_HTPR;,RibD_C;dCMP_cyt_deam_1
Clo1313_2128,RS10790,CP002416.1,,2500432,2500824,-,protein of unknown function UPF0047,Function unknown,UPI000038F55B,Op1461,,,UPF0047_YjbQ-like;YjbQ-like_sf;,UPF0047
Clo1313_2129,trmB,CP002416.1,,2501081,2501737,+,tRNA (guanine-N(7)-)-methyltransferase,"Translation, ribosomal structure and biogenesis",UPI00003C8B40,Op1462,tRNA (guanine(46)-N7)-methyltransferase activity,,Lipocalin_CS;SAM-dependent_MTases_sf;tRNA_(Gua-N-7)_MeTrfase_Trmb;tRNA_methyltr_TrmB_bact;,Methyltransf_4
Clo1313_2130,RS10800,CP002416.1,,2501825,2502994,-,iron-containing alcohol dehydrogenase,Energy production and conversion,UPI000038F55D,Op1463,,,ADH_Fe/GldA;ADH_Fe_C;ADH_Fe_CS;BDH-like;,Fe-ADH
Clo1313_2131,RS10805,CP002416.1,,2503010,2503792,-,hypothetical protein,No COG annotation,UPI000038F55E,Op1463,,,,-
Clo1313_2132,metF,CP002416.1,,2504203,2505078,+,5%2C10-methylenetetrahydrofolate reductase,Amino acid transport and metabolism,UPI000038F55F,Op1464,,,FAD-linked_oxidoreductase-like;Mehydrof_redctse-like;MTHF_reductase_bac;,MTHFR
Clo1313_2133,RS10815,CP002416.1,,2505142,2506023,-,peptidase M50,Transcription,UPI0001F328D5,Op1465,,,,CBS;Peptidase_M50
Clo1313_2134,RS10820,CP002416.1,,2506083,2507000,-,Peptidase M23,Cell wall/membrane/envelope biogenesis,UPI00017E246A,Op1466,,,,Peptidase_M23
Clo1313_2135,RS10825,CP002416.1,,2507189,2507452,+,protein of unknown function UPF0180,Function unknown,UPI00003C8B43,Op1467,,,UPF0180;,UPF0180
Clo1313_2136,RS10830,CP002416.1,,2507510,2507905,-,methylglyoxal synthase,Carbohydrate transport and metabolism,UPI00003C8B44,Op1468,,,Methylgl_synth;MGS-like_dom;MGS-like_dom_sf;,MGS
Clo1313_2137,minE,CP002416.1,,2507926,2508210,-,cell division topological specificity factor MinE,"Cell cycle control, cell division, chromosome partitioning",UPI0000537F84,Op1468,,cell division; regulation of division septum assembly,MinE;MinE_sf;,MinE
Clo1313_2138,minD,CP002416.1,,2508224,2509024,-,septum site-determining protein MinD,"Cell cycle control, cell division, chromosome partitioning",UPI000038F565,Op1468,,,AAA_dom;MinD;MinD_FleN;P-loop_NTPase;ParA/MinD_ATPase;,AAA_31;CbiA
Clo1313_2139,minC,CP002416.1,,2509239,2509922,-,septum site-determining protein MinC,"Cell cycle control, cell division, chromosome partitioning",UPI00017E2468,Op1468,,cell morphogenesis; division septum assembly; regulation of cell septum assembly,CAP/MinC_C;MinC;MinC_C_sf;MinC_N_1;Septum_form_inhib_MinC_C;,MinC_C
Clo1313_2140,mrdA,CP002416.1,,2509988,2512117,-,penicillin-binding protein 2,Cell wall/membrane/envelope biogenesis,UPI0001F328D6,Op1469,,,Beta-lactam/transpept;Beta-lactam/transpept-like;PBP_dimer;PBP_dimer_sf;PCN-bd_Tpept;Penicillin-binding_protein_2;,PBP_dimer;Transpeptidase
Clo1313_2141,mreD,CP002416.1,,2512231,2512761,-,rod shape-determining protein MreD,Cell wall/membrane/envelope biogenesis,UPI000038F568,Op1470,,,Cell_shape_determin_MreD_prd;Cell_shape_determining_MreD;,MreD
Clo1313_2142,mreC,CP002416.1,,2512758,2513621,-,rod shape-determining protein MreC,Cell wall/membrane/envelope biogenesis,UPI0001F328D7,Op1470,,,,MreC
Clo1313_2143,RS10865,CP002416.1,,2513638,2514660,-,cell shape determining protein%2C MreB/Mrl family,"Cell cycle control, cell division, chromosome partitioning",UPI00003C8B46,Op1470,,,ATPase_NBD;MreB;MreB_MamK-like;,MreB_Mbl
Clo1313_2144,maf,CP002416.1,,2514738,2515340,-,maf protein,"Cell cycle control, cell division, chromosome partitioning",UPI00003C8B47,Op1471,,,ITPase-like_fam;Maf-like;,Maf
Clo1313_2145,RS10875,CP002416.1,,2515608,2516492,-,hypothetical protein,No COG annotation,UPI00005320D6,Op1472,,,,-
Clo1313_2146,RS10880,CP002416.1,,2516873,2517505,+,Negative regulator of genetic competence,Cell motility,UPI00003C8B48,Op1473,,,MecA_C_sf;Neg-reg_MecA;,MecA
Clo1313_2147,RS10885,CP002416.1,,2517843,2518388,+,hypothetical protein,No COG annotation,UPI000038F56E,Op1474,,,DUF6648;,-
Clo1313_2148,RS10890,CP002416.1,,2518404,2520083,-,protein serine/threonine phosphatase,Transcription,UPI0001B1EDE3,Op1475,,,Bact_Sigma-Reg;MASE3;PPM-type-like_dom_sf;PPM-type_phosphatase-like_dom;,MASE3;SpoIIE
Clo1313_2149,lon,CP002416.1,,2520396,2522843,-,ATP-dependent protease La,"Post-translational modification, protein turnover, and chaperones",UPI00017E22D9,Op1476,ATP binding; ATP hydrolysis activity; ATP-dependent peptidase activity; sequence-specific DNA binding; serine-type endopeptidase activity,cellular response to heat; protein quality control for misfolded or incompletely synthesized proteins,AAA+_ATPase;ATPase_AAA_core;Lon_bac;Lon_bac/euk-typ;Lon_lid;Lon_proteolytic;Lon_Prtase;Lon_prtase_N;Lon_prtase_N_sf;P-loop_NTPase;Peptidase_S16_AS;PUA-like_sf;Ribosomal_Su5_D2-typ_SF;Ribsml_uS5_D2-typ_fold_subgr;,AAA;LON_substr_bdg;Lon_C
Clo1313_2150,argJ,CP002416.1,,2523486,2524691,+,arginine biosynthesis bifunctional protein ArgJ,Amino acid transport and metabolism,UPI0000534562,Op1477,"L-glutamate N-acetyltransferase activity; L-glutamate N-acetyltransferase activity, acting on acetyl-L-ornithine as donor",L-arginine biosynthetic process; ornithine biosynthetic process,Arg_biosynth_ArgJ;ArgJ-like_dom_sf;ArgJ_beta_C;,ArgJ
Clo1313_2151,RS10905,CP002416.1,,2524966,2525397,+,CheW protein,Cell motility,UPI0001F328D8,Op1478,,,CheW;CheW-like_dom_sf;CheW-lke_dom;,CheW
Clo1313_2152,RS10910,CP002416.1,,2525449,2525964,-,hypothetical protein,Function unknown,UPI000038F573,Op1479,,,Amidase_6;,Amidase_6
Clo1313_2153,RS10915,CP002416.1,,2526249,2526455,+,hypothetical protein,Transcription,UPI00005362DB,Op1480,,,Zn-bnd_dom_prob;,zf-trcl
Clo1313_2154,RS10920,CP002416.1,,2526526,2526909,-,hypothetical protein,No COG annotation,UPI000038F574,Op1481,,,,-
Clo1313_2155,RS10925,CP002416.1,,2527072,2527461,-,hypothetical protein,Function unknown,UPI000038F575,Op1482,,,Desiccation-related_membrane;YtxH;,YtxH
Clo1313_2156,RS10930,CP002416.1,,2527760,2528347,-,hypothetical protein,No COG annotation,UPI0001B1ED3D,Op1483,,,,-
Clo1313_2157,Clo1313_2157,CP002416.1,,2528391,2528552,-,hypothetical protein,No COG annotation,UPI00003C8B4C,Op1484,,,,
Clo1313_2159,RS10940,CP002416.1,,2528757,2529722,-,hypothetical protein,Function unknown,UPI0001B1ED3C,Op1485,,,LiaF-like_C;,DUF2154;Toast_rack_N
Clo1313_2160,RS10945,CP002416.1,,2529719,2530204,-,phage shock protein C%2C PspC,Transcription,UPI000038F579,Op1485,,,Phageshock_PspC_N;PspC;,PspC
Clo1313_2161,RS10950,CP002416.1,,2530447,2533263,+,Cellulose 1%2C4-beta-cellobiosidase,Carbohydrate transport and metabolism,UPI000038F57A,Op1486,,,6-hairpin_glycosidase_sf;6hp_glycosidase-like_sf;CBM2/CBM3_carb-bd_dom_sf;CBM3;CBM3_sf;Endo-1-4-beta-glucanase_dom2;Endoglucanase_F_dom3;Glyco_hydro_48F;,CBM_3;Glyco_hydro_48;Glyco_hydro_9
Clo1313_2162,asnS,CP002416.1,,2533465,2534859,-,asparaginyl-tRNA synthetase,"Translation, ribosomal structure and biogenesis",UPI000038F57C,Op1487,"asparagine-tRNA ligase activity; ATP binding; catalytic activity, acting on a protein; nucleic acid binding; transferase activity",asparaginyl-tRNA aminoacylation,Aa-tRNA-synt_II;aa-tRNA-synth_II;aa-tRNA-synth_II/BPL/LPL;Asn-tRNA-ligase;Asp/Asn-tRNA-synth_IIb;NA-bd_OB-fold;NA-bd_OB_tRNA;,tRNA-synt_2;tRNA_anti-codon
Clo1313_2163,RS10960,CP002416.1,,2534996,2536018,-,aspartate/ammonia ligase,Amino acid transport and metabolism,UPI00003C8B4E,Op1488,,,aa-tRNA-synth_II;aa-tRNA-synth_II/BPL/LPL;AsnA;,AsnA
Clo1313_2164,RS10965,CP002416.1,,2536209,2536820,+,Peptidylprolyl isomerase,Cell wall/membrane/envelope biogenesis,UPI0000537F8D,Op1489,,,Cyclophilin-like_dom_sf;Cyclophilin-type_PPIase_CS;Cyclophilin-type_PPIase_dom;Cyclophilin_A-like;,Pro_isomerase
Clo1313_2165,RS10970,CP002416.1,,2536892,2537617,-,Silent information regulator protein Sir2,Transcription,UPI000038FE53,Op1490,,,DHS-like_NAD/FAD-binding_dom;NAD-dep_sirtuin_deacylases;Sirtuin;Sirtuin_cat_small_dom_sf;Sirtuin_class_U;Ssirtuin_cat_dom;,SIR2
Clo1313_2166,RS10975,CP002416.1,,2537675,2538151,-,hypothetical protein,No COG annotation,UPI00003C8B50,Op1491,,,YtrI_C;,-
Clo1313_2167,RS10980,CP002416.1,,2538148,2538486,-,hypothetical protein,Function unknown,UPI0000532F77,Op1491,,,Spore_YtrH;,Spore_YtrH
Clo1313_2168,RS10985,CP002416.1,,2538682,2539638,+,Na/Pi-cotransporter II-related protein,Inorganic ion transport and metabolism,UPI00003C8B51,Op1492,,,Na/Pi_transpt;NaPi_cotrn-rel/YqeW-like;,Na_Pi_cotrans;PhoU
Clo1313_2169,RS10990,CP002416.1,,2539659,2539994,-,Rubredoxin-type Fe(Cys)4 protein,Energy production and conversion,UPI000038FE4E,Op1493,,,Rubredoxin-like_dom;RUBY_RBDX;,-
Clo1313_2170,RS10995,CP002416.1,,2540261,2542150,+,sulfatase,Cell wall/membrane/envelope biogenesis,UPI00005362DC,Op1494,,,Alkaline_phosphatase_core_sf;LtaS-like;OpgB/LTA_synthase_biosynth;Sulfatase_N;,Sulfatase
Clo1313_2171,RS11000,CP002416.1,,2542360,2542908,+,BioY protein,Function unknown,UPI0001B1ED3A,Op1495,,,BioY;,BioY
Clo1313_2172,RS11005,CP002416.1,,2543053,2543556,-,SEC-C motif domain protein,Function unknown,UPI000038FBD4,Op1496,,,SEC_C_motif;,SEC-C
Clo1313_2173,RS11010,CP002416.1,,2543675,2545135,-,type 3a cellulose-binding domain protein,Function unknown,UPI000038FBD3,Op1497,,,Anti-sigma_RsgI_N;CBM2/CBM3_carb-bd_dom_sf;CBM3;CBM3_sf;RsgI_M;,CBM_3;RsgI_N
Clo1313_2174,sigI,CP002416.1,,2545142,2545903,-,RNA polymerase sigma-I factor,Transcription,UPI00017E212D,Op1497,,,RNA_pol_sigma-I;RNA_pol_sigma_r2;,Sigma70_r2
Clo1313_2175,RS11020,CP002416.1,,2546121,2546753,+,hypothetical protein,Function unknown,UPI000038FBD1,Op1498,,,DUF3298;PdaC/RsiV-like_sf;,Cu_amine_oxidN1;DUF3298;DUF4163
Clo1313_2176,RS11025,CP002416.1,,2546829,2560709,-,S-layer domain-containing protein,"Intracellular trafficking, secretion, and vesicular transport",UPI0001B1F08B,Op1499,,,Big_2;Invasin/intimin_cell_adhesion;NUP210-like;SLH_dom;,-
Clo1313_2177,RS11030,CP002416.1,,2561200,2561736,-,hypothetical protein,No COG annotation,UPI00003C8B55,Op1500,,,,-
Clo1313_2178,RS11035,CP002416.1,,2561978,2564167,-,protein of unknown function DUF187,Cell wall/membrane/envelope biogenesis,UPI00003C8B56,Op1501,,,Divisome_Glycosyl_Hydrolase;GH_hydrolase_sf;GHL10;Ig-like_fold;SLH_dom;,CW_binding_2;GHL10;SLH
Clo1313_2179,RS11040,CP002416.1,,2564422,2566806,-,ribonucleoside-diphosphate reductase%2C adenosylcobalamin-dependent,Nucleotide transport and metabolism,UPI00003C8B57,Op1502,,,RdRp_reductase_class-2;RNR_lg_C;RNR_lsu_N;RNR_NrdJ/NrdZ;RNR_R1-su_N;TSCPD_dom;,Intein_splicing;LAGLIDADG_3;Ribonuc_red_2_N;Ribonuc_red_lgC;Ribonuc_red_lgN;TSCPD
Clo1313_2180,RS11045,CP002416.1,,2567084,2568343,-,hypothetical protein,Cell wall/membrane/envelope biogenesis,UPI00017E2129,Op1503,,,DUF4015;GH_hydrolase_sf;,DUF4015
Clo1313_2181,RS11050,CP002416.1,,2568544,2569803,-,hypothetical protein,Function unknown,UPI000038F7F1,Op1504,,,Divisome_Glycosyl_Hydrolase;DUF4015;GH_hydrolase_sf;,DUF4015
Clo1313_2182,RS11055,CP002416.1,,2569984,2570943,-,hypothetical protein,No COG annotation,UPI000038F7F0,Op1505,,,DUF6263;,-
Clo1313_2183,RS11060,CP002416.1,,2571244,2571906,-,helix-turn-helix domain protein,Transcription,UPI000038F7EF,Op1506,,,Cro/C1-type_HTH;Lambda_DNA-bd_dom_sf;LexA/Signal_pep-like_sf;Peptidase_S24_S26A/B/C;,HTH_19;HTH_3;HTH_31
Clo1313_2184,RS11065,CP002416.1,,2571992,2572801,-,copper amine oxidase-like domain-containing protein,Cell wall/membrane/envelope biogenesis,UPI0001B1ED1B,Op1507,,,Cu_amine_oxidase-like_N;Mao_N_sf;,Cu_amine_oxidN1
Clo1313_2185,RS11070,CP002416.1,,2572821,2573630,-,copper amine oxidase-like domain-containing protein,Cell wall/membrane/envelope biogenesis,UPI00017E1F7E,Op1507,,,Cu_amine_oxidase-like_N;Mao_N_sf;,Cu_amine_oxidN1
Clo1313_2186,RS11075,CP002416.1,,2573878,2576580,-,hypothetical protein,No COG annotation,UPI0001B1ED1A,Op1508,,,,-
Clo1313_2187,RS11080,CP002416.1,,2576626,2577435,-,copper amine oxidase-like domain-containing protein,Cell wall/membrane/envelope biogenesis,UPI0001B1ED19,Op1509,,,Cu_amine_oxidase-like_N;Mao_N_sf;,Cu_amine_oxidN1
Clo1313_2188,RS11085,CP002416.1,,2577787,2579388,+,Spore coat protein CotH,Cell wall/membrane/envelope biogenesis,UPI0001B1ED18,Op1510,,,Dockerin_1_rpt;Dockerin_dom;Dockerin_dom_sf;Spore_coat_CotH_CotH2/3/7;,CotH;Dockerin_1
Clo1313_2189,RS11090,CP002416.1,,2579512,2581740,-,glycoside hydrolase family 9,Carbohydrate transport and metabolism,UPI000038F7EA,Op1511,,,6-hairpin_glycosidase_sf;6hp_glycosidase-like_sf;CBM2/CBM3_carb-bd_dom_sf;CBM3;CBM3_sf;Dockerin_1_rpt;Dockerin_dom;Dockerin_dom_sf;EF_Hand_1_Ca_BS;Glyco_hydro_9;Glyco_hydro_9_Asp/Glu_AS;Glyco_hydro_9_His_AS;,CBM_3;Dockerin_1;Glyco_hydro_9
Clo1313_2190,hydF,CP002416.1,,2582127,2583329,-,small GTP-binding protein,Function unknown,UPI000038F7E9,Op1512,,,FeFe-hyd_GTPase_HydF;GTP-bd;HydF_dimer;HydF_tetramer;P-loop_NTPase;Small_GTP-bd;,MMR_HSR1
Clo1313_2191,RS11100,CP002416.1,,2583554,2583988,+,hypothetical protein,Inorganic ion transport and metabolism,UPI00000613C8,Op1513,,,CotB-like;,DUF2935
Clo1313_2192,RS11105,CP002416.1,,2583990,2586653,-,glycoside hydrolase family 9,Carbohydrate transport and metabolism,UPI0001B1ED17,Op1514,,,6-hairpin_glycosidase_sf;6hp_glycosidase-like_sf;CBM2/CBM3_carb-bd_dom_sf;CBM3;CBM3_sf;Glyco_hydro_9;Glyco_hydro_9_Asp/Glu_AS;Glyco_hydro_9_His_AS;,CBM_3;Glyco_hydro_48;Glyco_hydro_9
Clo1313_2193,RS11110,CP002416.1,,2586897,2588768,-,methyl-accepting chemotaxis sensory transducer,Cell motility,UPI0001F32906,Op1515,,,Chemotax_Me-accpt_rcpt;HAMP_dom;HlyB_4HB_MCP;;MCPsignal_dom;,4HB_MCP_1;HAMP;MCPsignal
Clo1313_2194,RS11115,CP002416.1,,2588821,2589285,-,CheW protein,Cell motility,UPI0001B1EFB8,Op1516,,,CheW;CheW-like_dom_sf;CheW-lke_dom;,CheW
Clo1313_2195,RS11120,CP002416.1,,2590057,2591928,-,methyl-accepting chemotaxis sensory transducer,Cell motility,UPI0001F32907,Op1517,,,Chemotax_Me-accpt_rcpt;HAMP_dom;HlyB_4HB_MCP;;MCPsignal_dom;,4HB_MCP_1;HAMP;MCPsignal
Clo1313_2196,RS11125,CP002416.1,,2591981,2592445,-,CheW protein,Cell motility,UPI0001B1F035,Op1518,,,CheW;CheW-like_dom_sf;CheW-lke_dom;,CheW
Clo1313_2197,RS11130,CP002416.1,,2593299,2593727,+,heat shock protein Hsp20,"Post-translational modification, protein turnover, and chaperones",UPI00003C8B62,Op1519,,,A-crystallin/Hsp20_dom;CS_dom;HSP20-like_chaperone;Small_HSP;,HSP20
Clo1313_2198,hcp,CP002416.1,,2593829,2595457,-,hybrid cluster protein,Energy production and conversion,UPI000038F7E5,Op1520,"4 iron, 4 sulfur cluster binding; hydroxylamine reductase activity; metal ion binding; peroxidase activity",response to hydrogen peroxide,HCP/CODH;Hydroxylam_reduct;Prismane-like_a/b-sand;Prismane-like_sf;Prismane_a-bundle;,Prismane
Clo1313_2199,RS11140,CP002416.1,,2595517,2596221,-,iron-sulfur binding protein,Energy production and conversion,UPI000038F7E4,Op1521,,,4Fe4S_Fe-S-bd;Corrinoid_activation_enz;,Fer4;Fer4_6
Clo1313_2200,RS11145,CP002416.1,,2596336,2596995,+,transcriptional regulator%2C Crp/Fnr family,Transcription,UPI00003C8B63,Op1522,,,cNMP-bd_dom;cNMP-bd_dom_sf;Env_Response_Regulators;HTH_CRP;RmlC-like_jellyroll;WH_DNA-bd_sf;,HTH_Crp_2;cNMP_binding
Clo1313_2201,RS11150,CP002416.1,,2597112,2599778,-,small GTP-binding protein,"Translation, ribosomal structure and biogenesis",UPI0001B1F034,Op1523,,,EF-G-like_DII;EFG_II;EFG_III/V;EFG_V-like;G_TR_CS;P-loop_NTPase;Ribosomal_Su5_D2-typ_SF;Ribsml_uS5_D2-typ_fold_subgr;Small_GTP-bd;T_Tr_GTP-bd_dom;Tet_C;Transl_B-barrel_sf;Transl_elong_EFG/EF2_IV;Rae1;,EFG_C;EFG_II;EFG_IV;GTP_EFTU;NYN_YacP
Clo1313_2202,RS11155,CP002416.1,,2600147,2601919,+,Dockerin type 1,Carbohydrate transport and metabolism,UPI000038FC44,Op1524,,,CBM6;Dockerin_1_rpt;Dockerin_dom;Dockerin_dom_sf;EF_Hand_1_Ca_BS;Galactose-bd-like_sf;GH_hydrolase_sf;GH26_dom;Glyco_hydro_26;,CBM_35;Dockerin_1;Glyco_hydro_26
Clo1313_2203,RS11160,CP002416.1,,2601986,2602630,-,Protein of unknown function DUF2174-like protein,Transcription,UPI0001B1F033,Op1525,,,GyrI-like;GyrI-like_CCH_Lin2189-like;Reg_factor_effector_dom_sf;,GyrI-like
Clo1313_2204,RS11165,CP002416.1,,2603067,2604077,+,Nucleotidyltransferase%2C predicted,Function unknown,UPI0001B1F032,Op1526,,,RlaP;,Nuc-transf
Clo1313_2207,bioA,CP002416.1,,2606220,2607593,-,adenosylmethionine-8-amino-7-oxononanoate aminotransferase,Coenzyme transport and metabolism,UPI000053282D,Op1527,adenosylmethionine-8-amino-7-oxononanoate transaminase activity; pyridoxal phosphate binding,biotin biosynthetic process,Aminotrans_3;Aminotrans_3_PPA_site;BioA;PyrdxlP-dep_Trfase;PyrdxlP-dep_Trfase_major;PyrdxlP-dep_Trfase_small;,Aminotran_3
Clo1313_2208,bioC,CP002416.1,,2607586,2608437,-,biotin biosynthesis protein BioC,Coenzyme transport and metabolism,UPI0001B1F030,Op1527,carboxyl-O-methyltransferase activity; malonyl-CoA methyltransferase activity,biotin biosynthetic process; methylation,BioC;Methyltransf_25;SAM-dependent_MTases_sf;,Methyltransf_31
Clo1313_2209,RS11205,CP002416.1,,2608427,2609179,-,Carboxylesterase,Amino acid transport and metabolism,UPI0001F32931,Op1527,,,AB_hydrolase_1;AB_hydrolase_fold;AB_hydrolase_sf;,Abhydrolase_1;Hydrolase_4
Clo1313_2210,bioF,CP002416.1,,2609203,2610369,-,8-amino-7-oxononanoate synthase,Coenzyme transport and metabolism,UPI0001B1F02F,Op1527,,,Aminotrans_II_pyridoxalP_BS;Aminotransferase_I/II_large;AON_synthase_class-II;AONS_Archaea/Proteobacteria;PyrdxlP-dep_Trfase;PyrdxlP-dep_Trfase_major;PyrdxlP-dep_Trfase_small;,Aminotran_1_2;BioW
Clo1313_2211,bioD,CP002416.1,,2610362,2611096,-,dethiobiotin synthase,Coenzyme transport and metabolism,UPI0001B1F02E,Op1527,ATP binding; dethiobiotin synthase activity; magnesium ion binding; protein homodimerization activity,biotin biosynthetic process,DTB_synth_BioD;P-loop_NTPase;,AAA_26
Clo1313_2212,bioB,CP002416.1,,2611093,2612055,-,biotin synthase,Coenzyme transport and metabolism,UPI0001B1F02D,Op1527,"2 iron, 2 sulfur cluster binding; 4 iron, 4 sulfur cluster binding; biotin synthase activity; iron ion binding",biotin biosynthetic process,Aldolase_TIM;BATS_dom;Biotin_synth/BioAB;Biotin_synthase;Elp3/MiaA/NifB-like_rSAM;rSAM;rSAM_sf;,BATS;Radical_SAM
Clo1313_2214,RS11235,CP002416.1,,2612934,2614796,-,protein of unknown function DUF1538,Function unknown,UPI00017E1C69,Op1528,,,UmpAB;,DUF1538
Clo1313_2215,RS11240,CP002416.1,,2615353,2615832,-,Ferritin Dps family protein,Inorganic ion transport and metabolism,UPI0000534D5D,Op1529,,,Ferritin;Ferritin-like;Ferritin-like_diiron;Ferritin-like_SF;Ferritin_DPS_dom;Ferritin_prok;,Ferritin
Clo1313_2216,RS11245,CP002416.1,,2616196,2618319,-,alpha-L-arabinofuranosidase B,Carbohydrate transport and metabolism,UPI000038F7E1,Op1530,,,AbfB_ABD;AbfB_ABD_sf;Abn2_C;Dockerin_1_rpt;Dockerin_dom;Dockerin_dom_sf;EF_Hand_1_Ca_BS;GH43_arabinanases;Glyco_hydro_43;Glyco_hydro_beta-prop_sf;,Dockerin_1;GH43_C;Glyco_hydro_43;Laminin_G_3;RicinB_lectin_2
Clo1313_2217,RS11250,CP002416.1,,2618936,2619265,-,hypothetical protein,No COG annotation,UPI000038F7E0,Op1531,,,,
Clo1313_2219,RS11265,CP002416.1,,2620366,2620743,-,hypothetical protein,No COG annotation,UPI000038F7DD,Op1532,,,,
Clo1313_2221,RS11280,CP002416.1,,2626362,2626664,-,hypothetical protein,Signal transduction mechanisms,UPI000038F7DB,Op1533,,,,LMWPc
Clo1313_2222,RS11285,CP002416.1,,2626857,2627390,-,hypothetical protein,No COG annotation,UPI000038F7DA,Op1534,,,,
Clo1313_2223,RS11295,CP002416.1,,2628266,2628898,-,hypothetical protein,No COG annotation,UPI0001F32932,Op1535,,,WD40/YVTN_repeat-like_dom_sf;,-
Clo1313_2224,RS11300,CP002416.1,,2628987,2630210,+,transposase mutator type,"Replication, recombination and repair",UPI00003C8CB2,Op1536,,,,Transposase_mut
Clo1313_2225,RS11305,CP002416.1,,2630724,2631038,-,helix-turn-helix domain protein,Transcription,UPI000038F679,Op1537,,,Cro/C1-type_HTH;Lambda_DNA-bd_dom_sf;,HTH_3
Clo1313_2226,RS11310,CP002416.1,,2631064,2631411,-,protein of unknown function DUF891,Function unknown,UPI00003C9059,Op1537,,,HigB-like;,Gp49
Clo1313_2228,RS11320,CP002416.1,,2632012,2632464,-,alkyl hydroperoxide reductase/ Thiol specific antioxidant/ Mal allergen,"Post-translational modification, protein turnover, and chaperones",UPI0001B1EDE0,Op1538,,,AhpC/TSA;Peroxiredoxin_AhpC-typ;Peroxiredoxin_BCP/PrxQ;Thioredoxin-like_sf;Thioredoxin_domain;,AhpC-TSA
Clo1313_2229,RS11325,CP002416.1,,2632725,2633270,-,protein of unknown function DUF1706,Function unknown,UPI000038F676,Op1539,,,DinB/YfiT-like;DUF1706;,DUF1706
Clo1313_2231,Clo1313_2231,CP002416.1,,2633716,2633904,+,hypothetical protein,No COG annotation,UPI00017E66D5,Op1540,,,,-
Clo1313_2232,RS11340,CP002416.1,,2634571,2635134,+,RNA polymerase%2C sigma-24 subunit%2C ECF subfamily,Transcription,UPI0001F32933,Op1541,,,RNA_pol_sigma-70-like;RNA_pol_sigma-70_dom;RNA_pol_sigma70_ECF_CS;RNA_pol_sigma70_r2;RNA_pol_sigma70_r4_t2;RNA_pol_sigma_r2;RNA_pol_sigma_r3/r4-like;WH-like_DNA-bd_sf;,Sigma70_r2;Sigma70_r4;Sigma70_r4_2
Clo1313_2233,RS11345,CP002416.1,,2635131,2636816,+,glycoside hydrolase family 5,Carbohydrate transport and metabolism,UPI0001B1EDDF,Op1541,,,GH_hydrolase_sf;Glyco_hydro_5;Glycosyl_hydrolase_5;,-
Clo1313_2234,RS11350,CP002416.1,,2637086,2639788,+,glycoside hydrolase family 5,Carbohydrate transport and metabolism,UPI00017E66D7,Op1542,,,CBM11;Dockerin_1_rpt;Dockerin_dom;Dockerin_dom_sf;Galactose-bd-like_sf;GH_hydrolase_sf;GH26_dom;Glyco_hydro_5;Glyco_hydro_5_CS;Glycosyl_hydrolase_5;,Dockerin_1;Glyco_hydro_26
Clo1313_2235,RS11355,CP002416.1,,2640004,2640567,-,NADPH-dependent FMN reductase,Function unknown,UPI0001B1EDDE,Op1543,,,Flavoprotein-like_sf;FMN_Rdtase-like_dom;NAD(P)H-dep_reductase;,FMN_red
Clo1313_2237,Clo1313_2237,CP002416.1,,2641392,2641739,-,hypothetical protein,No COG annotation,UPI0001B1EDDD,Op1544,,,,
Clo1313_2238,RS11370,CP002416.1,,2641878,2642795,-,hypothetical protein,No COG annotation,UPI00017E66DA,Op1545,,,,
Clo1313_2239,dcd,CP002416.1,,2643189,2643725,-,deoxycytidine triphosphate deaminase,Nucleotide transport and metabolism,UPI00017E66DC,Op1546,dCTP deaminase (dUMP-forming) activity; dCTP deaminase activity; nucleotide binding,dUMP biosynthetic process; dUTP biosynthetic process,dCTP_deaminase;dUTPase-like_sf;dUTPase_trimeric;,DCD;dUTPase
Clo1313_2240,RS11385,CP002416.1,,2644178,2644738,+,regulatory protein TetR,Transcription,UPI000038F66D,Op1547,,,Homeodomain-like_sf;SlmA/HTH-type_Tr_Regulator;HTH_TetR;TetR_C_Firmicutes;,TetR_N
Clo1313_2241,RS11390,CP002416.1,,2644920,2645528,+,hypothetical protein,Function unknown,UPI0000535384,Op1548,,,Acid_resist_chaperone_HdeD;DUF308_memb;,DUF308
Clo1313_2242,RS11395,CP002416.1,,2645525,2647630,+,hypothetical protein,Function unknown,UPI00017E6AF0,Op1548,,,MMPL_dom;HpnN/MmpL_transporter;SSD;,MMPL
Clo1313_2243,RS11400,CP002416.1,,2647620,2649932,+,hypothetical protein,Function unknown,UPI0001B1EDDC,Op1548,,,xxxLxxG_rpt;,-
Clo1313_2244,RS11405,CP002416.1,,2650035,2650850,-,Cof-like hydrolase,"Secondary metabolites biosynthesis, transport, and catabolism",UPI00003C9089,Op1549,,,Cof;HAD-like_sf;HAD-SF_hydro_IIB;HAD_sf;,Hydrolase_3
Clo1313_2245,RS11410,CP002416.1,,2650853,2651911,-,hypothetical protein,No COG annotation,UPI0001B1EDDB,Op1549,,,,-
Clo1313_2246,RS11415,CP002416.1,,2652145,2652855,-,transcriptional regulator,Transcription,UPI0000F21901,Op1550,,,Reg_factor_effector_dom_sf;,HTH_18
Clo1313_2247,RS11420,CP002416.1,,2652979,2654202,-,beta-lactamase domain protein,Energy production and conversion,UPI0001B1EDAC,Op1551,,,Flavodoxin/NO_synth;Flavoprotein-like_sf;Metallo-B-lactamas;ODP_dom;RibonucZ/Hydroxyglut_hydro;Rubredoxin-O_OxRdtase;,Flavodoxin_1;Flavodoxin_5;Lactamase_B
Clo1313_2248,mutT,CP002416.1,,2654345,2654740,-,NUDIX hydrolase,"Replication, recombination and repair",UPI000038F667,Op1552,,,Mutator_MutT;MutT-like;Nudix_hydrolase;NUDIX_hydrolase-like_dom_sf;NUDIX_hydrolase_CS;NUDIX_hydrolase_dom;,NUDIX
Clo1313_2249,RS11430,CP002416.1,,2654758,2655147,-,hypothetical protein,Function unknown,UPI0001F3293C,Op1552,,,,SdpI
Clo1313_2250,RS11435,CP002416.1,,2655542,2657818,-,methyl-accepting chemotaxis sensory transducer,Cell motility,UPI0001B1EDAA,Op1553,,,HAMP_dom;MCPsignal_dom;,HAMP;MCPsignal;dCache_1
Clo1313_2251,Clo1313_2251,CP002416.1,,2657867,2658253,-,hypothetical protein,No COG annotation,UPI00017E27A1,Op1554,,,,
Clo1313_2252,RS11445,CP002416.1,,2658255,2658875,-,hypothetical protein,Function unknown,UPI00017E27A2,Op1555,,,DUF2812;,DUF2812
Clo1313_2253,RS11450,CP002416.1,,2658877,2659194,-,transcriptional regulator PadR family protein,Transcription,UPI00017E27A3,Op1555,,,Metal_resp_DNA-bind_regulator;Tscrpt_reg_PadR_N;WH-like_DNA-bd_sf;WH_DNA-bd_sf;,PadR
Clo1313_2254,RS11455,CP002416.1,,2659412,2661034,-,NAD(P)H dehydrogenase (quinone),Function unknown,UPI0001B1EDA9,Op1556,,,Flavodoxin_fold;Flavoprotein-like_sf;ISF_SsuE-like;SCP2_sterol-bd_dom_sf;,FMN_red;Flavodoxin_2;SCP2
Clo1313_2255,RS11460,CP002416.1,,2661031,2661573,-,transcriptional regulator%2C PadR-like family,Transcription,UPI0001F3293D,Op1556,,,,DUF4180;PadR;Vir_act_alpha_C
Clo1313_2256,RS11465,CP002416.1,,2661671,2662084,-,protein of unknown function DUF6 transmembrane,Function unknown,UPI000038F662,Op1556,,,EamA_dom;EmrE-like;,EamA
Clo1313_2257,RS11470,CP002416.1,,2662236,2662628,-,pyridoxamine 5'-phosphate oxidase-related FMN-binding protein,Function unknown,UPI000038F661,Op1557,,,Pyridox_Oxase_N;Split_barrel_FMN-bd;,Putative_PNPOx
Clo1313_2258,RS11475,CP002416.1,,2662822,2663460,-,hypothetical protein,No COG annotation,UPI0001B1EDA8,Op1558,,,Ureohydrolase_dom_sf;,-
Clo1313_2259,RS11480,CP002416.1,,2663739,2665553,-,methyl-accepting chemotaxis sensory transducer,Cell motility,UPI0001B1EDA7,Op1559,,,Chemotax_Me-accpt_rcpt;HAMP_dom;HlyB_4HB_MCP;;MCPsignal_dom;,4HB_MCP_1;HAMP;MCPsignal;dCache_1
Clo1313_2260,amt,CP002416.1,,2666554,2668308,+,ammonium transporter,Inorganic ion transport and metabolism,UPI0001B1EDA6,Op1560,,,Ammonium/urea_transptr;Ammonium_transpt;N-reg_PII;N-reg_PII-like_a/b;N-reg_PII/ATP_PRibTrfase_C;N-reg_PII_CS;NH4_transpt_AmtB-like_dom;,Ammonium_transp;P-II
Clo1313_2261,RS11490,CP002416.1,,2668431,2670404,-,ABC transporter transmembrane region,Defense mechanisms,UPI0001B1EDA5,Op1561,,,AAA+_ATPase;ABC1_TM_dom;ABC1_TM_sf;ABC_transporter-like_ATP-bd;ABC_transporter-like_CS;P-loop_NTPase;Type_1_exporter;,ABC_membrane;ABC_tran
Clo1313_2262,RS11495,CP002416.1,,2670404,2672140,-,ABC transporter transmembrane region,Defense mechanisms,UPI00017E293D,Op1561,,,AAA+_ATPase;ABC1_TM_dom;ABC1_TM_sf;ABC_transporter-like_ATP-bd;ABC_transporter-like_CS;P-loop_NTPase;Type_1_exporter;,ABC_membrane;ABC_tran
Clo1313_2263,RS11500,CP002416.1,,2672161,2672634,-,transcriptional regulator%2C MarR family,Transcription,UPI0000533739,Op1561,,,HTH_MarR-typ;WH-like_DNA-bd_sf;WH_DNA-bd_sf;,MarR;MarR_2
Clo1313_2264,RS11505,CP002416.1,,2672908,2673267,+,hypothetical protein,Function unknown,UPI000038FE38,Op1562,,,Encapsulin_nc;EncFtn-like;Ferritin-like_SF;,COQ7
Clo1313_2265,RS11510,CP002416.1,,2673279,2674091,+,Linocin_M18 bacteriocin protein,Function unknown,UPI0001B1EDA4,Op1562,,,ENCAP;Encapsulin_nc;,Linocin_M18
Clo1313_2266,RS11515,CP002416.1,,2674242,2674982,-,S-layer domain-containing protein,Cell motility,UPI0001B1EDA3,Op1563,,,Cell_Envelope_Struct_Comp;SLH_dom;,CarboxypepD_reg;SLH
Clo1313_2267,RS11520,CP002416.1,,2675487,2676629,-,metal dependent phosphohydrolase,Function unknown,UPI0001F3293E,Op1564,,,,HD
Clo1313_2269,RS11525,CP002416.1,,2677161,2677619,-,AIG2 family protein,Function unknown,UPI0001B1EDA1,Op1565,,,AIG2-like_dom;GGCT-like;GGCT-like_sf;,GGACT
Clo1313_2270,RS11530,CP002416.1,,2677849,2678205,-,arsenate reductase-like protein,Inorganic ion transport and metabolism,UPI0001B1EDA0,Op1566,,,Arsenate_reductase-like;Thioredoxin-like_sf;Tscrpt_reg_Spx/MgsR;,ArsC;Glutaredoxin
Clo1313_2271,RS11535,CP002416.1,,2679062,2680297,-,protein of unknown function DUF438,Function unknown,UPI0001B1ED9F,Op1567,,,DUF438;Hemerythrin-like;PAS-like_dom_sf;,DUF1858;DUF438;Hemerythrin;PAS_10
Clo1313_2272,RS11540,CP002416.1,,2680570,2681313,-,short-chain dehydrogenase/reductase SDR,Lipid transport and metabolism,UPI0001B1ED9E,Op1568,,,NAD(P)-bd_dom_sf;Sc_DH/Rdtase_CS;SDR_fam;,adh_short_C2
Clo1313_2273,RS11545,CP002416.1,,2681391,2682380,-,DNA methylase N-4/N-6 domain protein,"Replication, recombination and repair",UPI0001B1ED9D,Op1569,,,DNA_methylase_N4/N6;RM_Methyltransferase;SAM-dependent_MTases_sf;,N6_N4_Mtase
Clo1313_2274,RS11550,CP002416.1,,2682385,2683317,-,Type II site-specific deoxyribonuclease,"Replication, recombination and repair",UPI0001B1ED9C,Op1569,,,Restrct_endonuc_II_DpnII;Restrct_endonuc_II_DpnII-like;,DpnII
Clo1313_2275,RS11555,CP002416.1,,2683327,2684268,-,DNA adenine methylase,"Replication, recombination and repair",UPI0000F21909,Op1569,,,Ade_MeTrfase_dom_2;DNA_methylase_N6_adenine_CS;M_m6A_EcoRV;MeTrfase_D12;SAM-dependent_MTases_sf;,MethyltransfD12
Clo1313_2276,RS11560,CP002416.1,,2684699,2685577,+,protein of unknown function DUF125 transmembrane,Function unknown,UPI0000537613,Op1570,,,Ccc1_fam;Ferritin-like;Ferritin-like_SF;Ferritin_CCC1_N;,Rubrerythrin;VIT1
Clo1313_2278,rsgA,CP002416.1,,2686228,2687280,-,ribosome small subunit-dependent GTPase A,Function unknown,UPI0001B1ED9B,Op1571,GTP binding; GTPase activity; metal ion binding; rRNA binding,ribosomal small subunit biogenesis,G_CP_dom;P-loop_NTPase;Ribosome_biogen_GTPase_RsgA;RsgA_GTPase_dom;,RsgA_GTPase
Clo1313_2279,Clo1313_2279,CP002416.1,,2687618,2687728,-,hypothetical protein,No COG annotation,UPI0001B1ED9A,Op1572,,,,
Clo1313_2280,RS11575,CP002416.1,,2687741,2688850,-,type I phosphodiesterase/nucleotide pyrophosphatase,Function unknown,UPI0001B1ED99,Op1573,,,Alkaline_phosphatase_core_sf;Phosphodiest/P_Trfase;,Phosphodiest
Clo1313_2282,RS11585,CP002416.1,,2689386,2690309,+,hypothetical protein,Amino acid transport and metabolism,UPI0001B1ED98,Op1574,,,Leu-rich_rpt;Leu-rich_rpt_4;Leu-rich_rpt_typical-subtyp;LRR_dom_sf;SDS22/Internalin_LRR;,CW_binding_2;DUF3888;GA-like;LRR_4;LRR_6
Clo1313_2283,RS11590,CP002416.1,,2690454,2691683,+,SAM-dependent methyltransferase,"Translation, ribosomal structure and biogenesis",UPI0001B1ED97,Op1575,,,PUA-like_sf;PUA_sf;RlmI-like_PUA;SAM-dep_methyl-trfase;SAM-dependent_MTases_sf;,Methyltrans_SAM;PUA
Clo1313_2284,RS11595,CP002416.1,,2691697,2692239,-,hypothetical protein,Function unknown,UPI000038F65B,Op1576,,,SF0329-like;,-
Clo1313_2285,RS11600,CP002416.1,,2692270,2692848,-,hypothetical protein,No COG annotation,UPI0001B1ED96,Op1576,,,,
Clo1313_2286,RS11610,CP002416.1,,2693221,2694189,-,copper amine oxidase-like domain-containing protein,Signal transduction mechanisms,UPI0001B1ED95,Op1577,,,Cu_amine_oxidase-like_N;Mao_N_sf;,Cu_amine_oxidN1;SH3_3
Clo1313_2287,RS11615,CP002416.1,,2694238,2694804,-,hypothetical protein,No COG annotation,UPI0001F3293F,Op1578,,,,
Clo1313_2288,RS11620,CP002416.1,,2694963,2695601,-,NADPH-dependent FMN reductase,Function unknown,UPI000038F659,Op1579,,,Flavoprotein-like_sf;FMN_Rdtase-like_dom;ISF_SsuE-like;,FMN_red
Clo1313_2289,RS11625,CP002416.1,,2695878,2697671,+,glycosyl transferase group 1,Cell wall/membrane/envelope biogenesis,UPI0001B1ED73,Op1580,,,Glyco_trans_1;Glyco_trans_4-like_N;Glycosyltransferase_grp1;Plipid/glycerol_acylTrfase;,Acyltransferase;Glyco_transf_4;Glycos_transf_1
Clo1313_2290,RS11630,CP002416.1,,2697703,2698776,-,hypothetical protein,Carbohydrate transport and metabolism,UPI0000537D74,Op1581,,,Cu_amine_oxidase-like_N;,Cu_amine_oxidN1;NLPC_P60
Clo1313_2291,RS11635,CP002416.1,,2699020,2700888,-,protein of unknown function DUF214,Defense mechanisms,UPI0001B1ED72,Op1582,,,ABC-4_Integral_Memb_Prot;ABC1_TM_sf;ABC3_permease_C;ABC_permease_BceB-typ;,FtsX
Clo1313_2292,RS11640,CP002416.1,,2700875,2701639,-,ABC transporter related protein,Defense mechanisms,UPI000038F655,Op1582,,,AAA+_ATPase;ABC_transporter-like_ATP-bd;MacB-like_ATP-bd;P-loop_NTPase;,ABC_tran
Clo1313_2293,RS11645,CP002416.1,,2701767,2702798,-,integral membrane sensor signal transduction histidine kinase,Signal transduction mechanisms,UPI0001B1ED71,Op1583,,,BphY/WalK/GraS-like;HATPase_C_sf;HATPase_dom;His_kinase_dom;HisK_dim/P_dom;HisK_dim/P_sf;Sig_transdc_His_kin-like_C;,HATPase_c
Clo1313_2294,RS11650,CP002416.1,,2702795,2703469,-,two component transcriptional regulator%2C winged helix family,Signal transduction mechanisms,UPI0001B1ED70,Op1583,,,CheY-like_superfamily;OmpR/PhoB-type_DNA-bd;Sig_transdc_resp-reg_C-effctor;Sig_transdc_resp-reg_receiver;WalR-like;WH-like_DNA-bd_sf;,Response_reg;Trans_reg_C
Clo1313_2296,RS11670,CP002416.1,,2705756,2706421,-,flavin reductase domain protein FMN-binding protein,Function unknown,UPI0001F32948,Op1584,,,,Flavin_Reduct
Clo1313_2298,RS11675,CP002416.1,,2706854,2708491,-,hypothetical protein,No COG annotation,UPI000038FD98,Op1585,,,,
Clo1313_2299,RS11680,CP002416.1,,2708967,2709731,-,hypothetical protein,Function unknown,UPI000053598E,Op1586,,,,ABC2_membrane_2
Clo1313_2300,RS11685,CP002416.1,,2709728,2710645,-,ABC transporter related protein,Defense mechanisms,UPI000038FD96,Op1586,,,AAA+_ATPase;ABC_transporter-like_ATP-bd;ABC_Transporter_VariousFunc;DrrA1/2-like_C;P-loop_NTPase;,ABC_tran;DUF4162
Clo1313_2301,RS11690,CP002416.1,,2710646,2710852,-,hypothetical protein,Function unknown,UPI00003C8B93,Op1586,,,CLS_N;,PLDc_N
Clo1313_2302,RS11695,CP002416.1,,2710893,2712017,-,helix-turn-helix domain protein,Transcription,UPI0001F32949,Op1586,,,Cro/C1-type_HTH;Lambda_DNA-bd_dom_sf;TPR-like_helical_dom_sf;,HTH_3;TehB
Clo1313_2303,RS11700,CP002416.1,,2712239,2714344,-,glutamine synthetase catalytic region,Function unknown,UPI00017E2C73,Op1587,,,Gln-synt_C;Gln_synt_N;Gln_synth/guanido_kin_cat_dom;Gln_synth_cat_dom;Gln_synth_gly_rich_site;GS_Type-3;GSIII_N;,GSIII_N;Gln-synt_C
Clo1313_2304,gatB,CP002416.1,,2714855,2716270,-,glutamyl-tRNA(Gln) amidotransferase%2C B subunit,"Translation, ribosomal structure and biogenesis",UPI0001B1F04D,Op1587,ATP binding; glutaminyl-tRNA synthase (glutamine-hydrolyzing) activity;asparaginyl-tRNA synthase (glutamine-hydrolyzing) activity; ATP binding; glutaminyl-tRNA synthase (glutamine-hydrolyzing) activity,glutaminyl-tRNAGln biosynthesis via transamidation; translation;translation,Asn/Gln-tRNA_amidoTrfase_suB/E;Asn/Gln-tRNA_Trfase_suB/E_cat;Asn/Gln_amidotransferase;Asn/Gln_tRNA_amidoTrase-B-like;GatB;GatB_C_1;GatB_Yqey_C_2;Gln-tRNA_amidoTrfase_suB_CS;Gln_synth/guanido_kin_cat_dom;,GatB_N;GatB_Yqey
Clo1313_2305,gatA,CP002416.1,,2716267,2717727,-,glutamyl-tRNA(Gln) amidotransferase%2C A subunit,"Translation, ribosomal structure and biogenesis",UPI0001B1F04C,Op1587,ATP binding; glutaminyl-tRNA synthase (glutamine-hydrolyzing) activity;ATP binding; glutaminyl-tRNA synthase (glutamine-hydrolyzing) activity; hydrolase activity,translation,Amidase;Amidase_dom;AS_sf;GatA;,Amidase
Clo1313_2306,RS11715,CP002416.1,,2717724,2718017,-,glutamyl-tRNA(Gln) amidotransferase%2C C subunit,"Translation, ribosomal structure and biogenesis",UPI00003C8B90,Op1587,,,Asp/Glu-ADT_sf_sub_c;GatC;,Glu-tRNAGln
Clo1313_2307,aspS,CP002416.1,,2718080,2719825,-,aspartyl-tRNA synthetase,"Translation, ribosomal structure and biogenesis",UPI0000F2191A,Op1588,"aspartate-tRNA ligase activity; ATP binding; catalytic activity, acting on a protein; nucleic acid binding; transferase activity;aspartate-tRNA ligase activity; aspartate-tRNA(Asn) ligase activity; ATP binding; catalytic activity, acting on a protein; nucleic acid binding; transferase activity",aspartyl-tRNA aminoacylation,Aa-tRNA-synt_II;aa-tRNA-synth_II;aa-tRNA-synth_II/BPL/LPL;Asp-tRNA-ligase_1;Asp-tRNA-ligase_1_N;Asp/Asn-tRNA-synth_IIb;AspRS_core;GAD-like_sf;GAD_dom;NA-bd_OB-fold;NA-bd_OB_tRNA;,GAD;tRNA-synt_2;tRNA_anti-codon
Clo1313_2309,RS16045,CP002416.1,,2721618,2721773,-,hypothetical protein,Function unknown,UPI0001F3294A,Op1589,,,,DUF3788;DUF3795
Clo1313_2310,RS11735,CP002416.1,,2721938,2723071,-,4Fe-4S ferredoxin iron-sulfur binding domain protein,Energy production and conversion,UPI000038FDBB,Op1590,,,4Fe4S_Fe-S-bd;DUF362;PSI_iron-sulfur_center;,DUF362;Fer4;Fer4_21;Fer4_6;Fer4_7;Fer4_9
Clo1313_2311,RS11740,CP002416.1,,2723456,2723890,+,Protein of unknown function DUF2871,Function unknown,UPI0001B1F04B,Op1591,,,DUF2871;,DUF2871
Clo1313_2312,RS11745,CP002416.1,,2723963,2724709,-,Enoyl-CoA hydratase/isomerase,Lipid transport and metabolism,UPI00005334E1,Op1592,,,ClpP/crotonase-like_dom_sf;Enoyl-CoA_hyd/isom_CS;Enoyl-CoA_hydra/iso;,ECH_1
Clo1313_2314,RS11750,CP002416.1,,2724918,2725589,-,Methyltransferase type 12,Coenzyme transport and metabolism,UPI000038FEB4,Op1593,,,Methyltransf_25;SAM-dependent_MTases_sf;,Methyltransf_25
Clo1313_2317,RS11765,CP002416.1,,2726957,2727349,-,hypothetical protein,No COG annotation,UPI000038FCCE,Op1594,,,,
Clo1313_2318,RS11770,CP002416.1,,2727599,2728171,-,flavin reductase domain protein FMN-binding protein,Function unknown,UPI000038FCCD,Op1595,,,Flavin_Rdtase-like_dom;Flavoredoxin;Split_barrel_FMN-bd;,Flavin_Reduct
Clo1313_2319,RS11775,CP002416.1,,2728702,2729229,-,methylated-DNA/protein-cysteine methyltransferase,Coenzyme transport and metabolism,UPI000038FCCC,Op1596,,,MethylDNA_cys_MeTrfase_AS;MethylDNA_cys_MeTrfase_DNA-bd;MethylDNA_cys_MeTrfase_DNAb;MGMT_N_sf;WH-like_DNA-bd_sf;,DNA_binding_1
Clo1313_2321,RS11780,CP002416.1,,2729536,2730420,-,NLPA lipoprotein,Inorganic ion transport and metabolism,UPI000038FCCB,Op1597,,,Lipoprotein_NlpA;,Lipoprotein_9
Clo1313_2322,RS11785,CP002416.1,,2730442,2731152,-,binding-protein-dependent transport systems inner membrane component,Inorganic ion transport and metabolism,UPI00003C8B8A,Op1597,,,AA_ABC_Transporter_Permease;MetI-like;MetI-like_sf;,BPD_transp_1
Clo1313_2323,RS11790,CP002416.1,,2731192,2732013,-,ABC transporter related protein,Inorganic ion transport and metabolism,UPI000038FCC8,Op1597,,,AAA+_ATPase;ABC_transporter-like_ATP-bd;ABC_transporter-like_CS;MetN_ABC;MetN_ABC_transporter-like;P-loop_NTPase;,ABC_tran;NIL
Clo1313_2324,RS11795,CP002416.1,,2732469,2732915,-,transcriptional regulator%2C BadM/Rrf2 family,Transcription,UPI00017E2C77,Op1598,,,Tscrpt_reg_Rrf2;WH-like_DNA-bd_sf;WH_DNA-bd_sf;,Rrf2
Clo1313_2325,RS11800,CP002416.1,,2733273,2734436,+,Cys/Met metabolism pyridoxal-phosphate-dependent protein,Amino acid transport and metabolism,UPI0000537DEF,Op1599,,,Cys/Met-Metab_PyrdxlP-dep_enz;Cys_met_metab_PP;PyrdxlP-dep_Trfase;PyrdxlP-dep_Trfase_major;PyrdxlP-dep_Trfase_small;,Cys_Met_Meta_PP
Clo1313_2326,RS11805,CP002416.1,,2734433,2735341,+,Pyridoxal-5'-phosphate-dependent protein beta subunit,Amino acid transport and metabolism,UPI00003C8B88,Op1599,,,Cys_synth;Cys_Synth/Cystath_Beta-Synth;P-phosphate_BS;TrpB-like_PALP;TrpB-like_PALP_sf;,Methyltransf_25;PALP
Clo1313_2327,RS11810,CP002416.1,,2735353,2735787,+,hypothetical protein,Function unknown,UPI0001F3294B,Op1599,,,DUF4418;,DUF4418
Clo1313_2328,RS11815,CP002416.1,,2735759,2736970,+,protein of unknown function DUF214,Defense mechanisms,UPI000038FCC4,Op1600,,,ABC-4/HrtB_transporter;ABC3_permease_C;,FtsX;MacB_PCD
Clo1313_2329,RS11820,CP002416.1,,2736972,2737643,+,ABC transporter related protein,Defense mechanisms,UPI00003C8B85,Op1600,,,AAA+_ATPase;ABC_transporter-like_ATP-bd;ABC_transporter-like_CS;ABC_transpr_LolD-like;MacB-like_ATP-bd;P-loop_NTPase;,ABC_tran
Clo1313_2330,RS11825,CP002416.1,,2737748,2738287,+,GCN5-related N-acetyltransferase,Transcription,UPI0000535210,Op1601,,,Acyl_CoA_acyltransferase;Diverse_Substrate_AcTransf;GNAT_dom;,Acetyltransf_1
Clo1313_2331,RS11830,CP002416.1,,2738232,2739707,+,oxidoreductase/nitrogenase component 1,Energy production and conversion,UPI000038F892,Op1601,,,Nase/OxRdtase_comp1;Nase_comp1_CS;NifE-like;,Oxidored_nitro
Clo1313_2332,RS11835,CP002416.1,,2739704,2741047,+,oxidoreductase/nitrogenase component 1,Energy production and conversion,UPI000038F893,Op1601,,,ChlB/BchB/BchZ;Nase/OxRdtase_comp1;,Oxidored_nitro
Clo1313_2333,RS11840,CP002416.1,,2741061,2741396,+,Dinitrogenase iron-molybdenum cofactor biosynthesis protein,Function unknown,UPI0000532658,Op1601,,,Di-Nase_FeMo-co_biosynth;DiNase_FeMo-co_biosyn_sf;NifX/NifY_domain;,Nitro_FeMo-Co
Clo1313_2334,RS11845,CP002416.1,,2741409,2742284,+,Radical SAM domain protein,Energy production and conversion,UPI00017E2E05,Op1601,,,Aldolase_TIM;Elp3/MiaA/NifB-like_rSAM;rSAM;rSAM_sf;,Nitro_FeMo-Co;Radical_SAM
Clo1313_2335,RS11850,CP002416.1,,2742556,2743872,+,Cysteine synthase,Amino acid transport and metabolism,UPI00003C8B83,Op1602,,,Cys/Met-Metab_PyrdxlP-dep_enz;OAc-hSer/O-AcSer_sulfhydrylase;PyrdxlP-dep_Trfase;PyrdxlP-dep_Trfase_major;PyrdxlP-dep_Trfase_small;,Cys_Met_Meta_PP
Clo1313_2336,RS11855,CP002416.1,,2743897,2744958,+,extracellular solute-binding protein family 3,Inorganic ion transport and metabolism,UPI00003C8B82,Op1602,,,Solute-binding_3/MltF_N;SsuA/THI5;,NMT1
Clo1313_2337,RS11860,CP002416.1,,2745039,2746106,+,binding-protein-dependent transport systems inner membrane component,Inorganic ion transport and metabolism,UPI00003C8B81,Op1603,,,MetI-like;MetI-like_sf;,BPD_transp_1
Clo1313_2338,RS11865,CP002416.1,,2746103,2746906,+,ABC transporter related protein,Inorganic ion transport and metabolism,UPI0001B1F049,Op1603,,,AAA+_ATPase;ABC_transporter-like_ATP-bd;ABC_transporter-like_CS;ABC_transporter_ATP-bind;P-loop_NTPase;,ABC_tran
Clo1313_2339,nifH,CP002416.1,,2746927,2747781,+,nitrogenase iron protein,Inorganic ion transport and metabolism,UPI000038F89A,Op1603,"4 iron, 4 sulfur cluster binding; ATP binding; metal ion binding; nitrogenase activity",,NifH/chlL_CS;NifH/frxC;Nitrogenase_Fe_NifH;P-loop_NTPase;,Fer4_NifH
Clo1313_2340,RS11875,CP002416.1,,2748133,2748876,-,hypothetical protein,No COG annotation,UPI0001B1F01C,Op1604,,,,-
Clo1313_2341,deoD,CP002416.1,,2749552,2750262,+,purine nucleoside phosphorylase,Nucleotide transport and metabolism,UPI000053598D,Op1605,purine-nucleoside phosphorylase activity; uridine phosphorylase activity,purine nucleoside metabolic process; uridine catabolic process,DeoD-type;Nucleoside_phosphorylase_CS;Nucleoside_phosphorylase_d;Nucleoside_phosphorylase_sf;,PNP_UDP_1
Clo1313_2342,RS11885,CP002416.1,,2750345,2751412,+,basic membrane lipoprotein,Function unknown,UPI000038F89D,Op1605,,,BMP_lipoprotein;Peripla_BP_I;PnrA-like;,Bmp
Clo1313_2343,RS11890,CP002416.1,,2751482,2753011,+,hypothetical protein,Nucleotide transport and metabolism,UPI00017E2E07,Op1606,,,Glycyl_radical_YjjI-like;,DUF3029
Clo1313_2344,RS11895,CP002416.1,,2753014,2753856,+,(Formate-C-acetyltransferase)-activating enzyme,Energy production and conversion,UPI0001B1F01B,Op1606,,,4Fe4S_Fe-S-bd;4Fe4S_Fe_S_CS;Aldolase_TIM;BssD/PflA/YjjW;Organic_radical-activating;Organic_radical_activase;Radical_activat_CS;rSAM;rSAM_sf;YjjW_bact;,Fer4;Fer4_12;Fer4_6;Radical_SAM
Clo1313_2345,RS11900,CP002416.1,,2753918,2755480,+,ABC transporter related protein,Function unknown,UPI00003C8B7D,Op1607,,,AAA+_ATPase;ABC_carbohydrate_import_ATPase;ABC_transporter-like_ATP-bd;ABC_transporter-like_CS;P-loop_NTPase;,ABC_tran
Clo1313_2346,RS11905,CP002416.1,,2755455,2756573,+,inner-membrane translocator,Inorganic ion transport and metabolism,UPI00003C8B7C,Op1608,,,ABC_transp_permease;,BPD_transp_2
Clo1313_2347,RS11910,CP002416.1,,2756574,2757509,+,inner-membrane translocator,Inorganic ion transport and metabolism,UPI000038F8A2,Op1608,,,ABC_transp_permease;,BPD_transp_2
Clo1313_2348,RS11915,CP002416.1,,2757591,2758007,+,cytidine deaminase,Nucleotide transport and metabolism,UPI00003C8B7B,Op1609,,,CMP_dCMP_dom;Cyt/Deoxycyt_deaminase;Cyt_deam_tetra;Cytidine_deaminase-like;,dCMP_cyt_deam_1;dCMP_cyt_deam_2
Clo1313_2349,deoC,CP002416.1,,2758064,2758732,+,deoxyribose-phosphate aldolase,Nucleotide transport and metabolism,UPI000038F8A3,Op1609,,,Aldolase_TIM;DeoC;DeoC/FbaB/LacD_aldolase;DeoC_typeI;,DeoC
Clo1313_2350,RS11925,CP002416.1,,2758958,2759737,-,two component transcriptional regulator%2C AraC family,Transcription,UPI0000534388,Op1610,,,CheY-like_superfamily;Homeodomain-like_sf;HptR;HTH_AraC;HTH_AraC-typ_CS;Sig_transdc_resp-reg_receiver;Tscrpt_reg_AraC-type_HTH;,HTH_18;HTH_AraC;Response_reg
Clo1313_2351,RS11930,CP002416.1,,2759730,2761454,-,signal transduction histidine kinase%2C LytS,Signal transduction mechanisms,UPI000038F8A5,Op1610,,,Bact_2-comp_sensor_kinase;HATPase_C_sf;HATPase_dom;His_kinase_dom;Sig_transdc_His_kin_internal;,HATPase_c;His_kinase
Clo1313_2352,RS11935,CP002416.1,,2761565,2763220,-,binding-protein-dependent transport systems inner membrane component,Inorganic ion transport and metabolism,UPI000038F8A6,Op1611,,,MetI-like;MetI-like_sf;,BPD_transp_1
Clo1313_2353,RS11940,CP002416.1,,2763217,2764320,-,ABC transporter related protein,Inorganic ion transport and metabolism,UPI000038F8A7,Op1611,,,AAA+_ATPase;ABC_SmlMolc_Importer;ABC_transporter-like_ATP-bd;ABC_transporter-like_CS;Mo/tungstate-bd_C_term_dom;NA-bd_OB-fold;P-loop_NTPase;Transp-assoc_OB_typ2;,ABC_tran;TOBE_2
Clo1313_2354,RS11945,CP002416.1,,2764458,2765564,-,extracellular solute-binding protein family 1,Inorganic ion transport and metabolism,UPI000038F8A8,Op1612,,,Ferric-bd;SBP;,SBP_bac_6;SBP_bac_8
Clo1313_2355,RS11950,CP002416.1,,2765872,2766234,+,transcriptional repressor%2C CopY family,Transcription,UPI000038F8A9,Op1613,,,BlaI_family;WH-like_DNA-bd_sf;WH_DNA-bd_sf;,Penicillinase_R
Clo1313_2356,RS11955,CP002416.1,,2766235,2768499,+,peptidase M56 BlaR1,Transcription,UPI0001B1F019,Op1613,,,Beta-lactam_resp_regulator;Peptidase_M56;,DUF4825;Peptidase_M56;Transpeptidase
Clo1313_2357,Clo1313_2357,CP002416.1,,2768879,2769013,-,hypothetical protein,No COG annotation,UPI00017E2FAC,Op1614,,,,
Clo1313_2358,RS11960,CP002416.1,,2769122,2769535,-,hypothetical protein,No COG annotation,UPI00003C8B79,Op1615,,,,-
Clo1313_2359,RS11965,CP002416.1,,2769981,2771117,+,glycerate kinase,Carbohydrate transport and metabolism,UPI0001B1F018,Op1616,,,Glyc_kinase_flavodox-like_fold;Glycerate_kinase;Glycerate_kinase_RE-like;Glycerate_kinase_sf;,Gly_kinase
Clo1313_2361,RS11970,CP002416.1,,2771484,2771672,+,hypothetical protein,No COG annotation,UPI0001B1F017,Op1617,,,,
Clo1313_2365,RS11985,CP002416.1,,2773486,2774931,-,PglZ domain protein,Function unknown,UPI0001B1F014,Op1618,,,Alkaline_phosphatase_core_sf;,PglZ
Clo1313_2366,RS11990,CP002416.1,,2774936,2777605,-,SNF2-related protein,"Replication, recombination and repair",UPI0001B1F013,Op1618,,,DEXDc_RapA;Helicase_ATP-bd;Helicase_C-like;P-loop_NTPase;SNF2-like_sf;SNF2/RAD54-like_C;SNF2_N;,Helicase_C;SNF2_N
Clo1313_2367,RS11995,CP002416.1,,2777616,2780171,-,DNA methylase N-4/N-6 domain protein,"Replication, recombination and repair",UPI0001B1F012,Op1618,,,DNA_methylase_N4/N6;SAM-dependent_MTases_sf;,N6_N4_Mtase
Clo1313_2369,RS12005,CP002416.1,,2783692,2784843,-,Integrase catalytic region,"Replication, recombination and repair",UPI0001F32952,Op1619,,,,HTH_21;HTH_Tnp_1;rve
Clo1313_2370,RS12010,CP002416.1,,2785392,2786360,-,Protein of unknown function DUF2971,Function unknown,UPI0001B1EEB6,Op1620,,,DUF2971;,DUF2971
Clo1313_2371,RS12015,CP002416.1,,2786450,2787190,-,HhH-GPD family protein,"Replication, recombination and repair",UPI0001B1EEB5,Op1621,,,DNA_glycosylase;HhH_base_excis_C;,EndIII_4Fe-2S;HhH-GPD
Clo1313_2372,RS12020,CP002416.1,,2787235,2787636,-,hypothetical protein,No COG annotation,UPI0001B1EEB4,Op1622,,,,-
Clo1313_2373,RS12025,CP002416.1,,2787675,2788505,-,HNH endonuclease,"Replication, recombination and repair",UPI0001B1EEB3,Op1622,,,HNH;HNH_nuc;SRA_ScoMcrA;,-
Clo1313_2374,RS12030,CP002416.1,,2788498,2788893,-,NUDIX hydrolase,"Replication, recombination and repair",UPI0001B1EEB2,Op1622,,,MutT-like;Nudix_hydrolase;NUDIX_hydrolase-like_dom_sf;NUDIX_hydrolase_CS;NUDIX_hydrolase_dom;,NUDIX
Clo1313_2375,RS12035,CP002416.1,,2789134,2790183,-,Integrase catalytic region,"Replication, recombination and repair",UPI0001B1EEB1,Op1623,,,Integrase_cat-core;IS30-like_HTH;RNA_pol_sigma_r3/r4-like;RNaseH-like_sf;RNaseH_sf;Transposase-Integrase;Transposase_IS30-like;,HTH_38;rve
Clo1313_2376,RS12040,CP002416.1,,2790364,2791932,-,Resolvase domain protein,"Replication, recombination and repair",UPI0001B1EEB0,Op1624,,,DNA_bind_recomb_sf;DNA_bind_recombinase_dom;Resolv_N;Resolvase-like_N_sf;SSR_resolvase;Zn_ribbon_recom_dom;,Recombinase;Resolvase;Zn_ribbon_recom
Clo1313_2377,RS12045,CP002416.1,,2791895,2792350,-,Recombinase,Function unknown,UPI0001F32955,Op1624,,,DNA_bind_recomb_sf;DNA_bind_recombinase_dom;,-
Clo1313_2378,RS12050,CP002416.1,,2792350,2793918,-,Resolvase domain protein,"Replication, recombination and repair",UPI0001B1EEAF,Op1624,,,DNA_bind_recomb_sf;DNA_bind_recombinase_dom;Resolv_N;Resolvase-like_N_sf;SSR_resolvase;Zn_ribbon_recom_dom;,Recombinase;Resolvase;Zn_ribbon_recom
Clo1313_2379,RS12055,CP002416.1,,2793980,2794198,-,hypothetical protein,No COG annotation,UPI0001B1EEAE,Op1625,,,SHOCT_2;,-
Clo1313_2380,RS12060,CP002416.1,,2794252,2795256,-,N-acetylmuramoyl-L-alanine amidase family 2,Cell wall/membrane/envelope biogenesis,UPI0001B1EE87,Op1626,,,Amidase/PGRP_sf;Amidase_domain;LysM;LysM_dom_sf;NAMLAA_amidase_2;,Amidase_2;LysM;SH3_3;SPOR
Clo1313_2381,RS12065,CP002416.1,,2795253,2795672,-,toxin secretion/phage lysis holin,Function unknown,UPI0001B1EE86,Op1626,,,Phage_holin_4_1;,Phage_holin_4_1
Clo1313_2382,RS12070,CP002416.1,,2795759,2798227,-,hypothetical protein,Function unknown,UPI0001B1EE85,Op1627,,,GH_hydrolase_sf;Glyco_hydro18_cat;,Glyco_hydro_18
Clo1313_2383,RS12075,CP002416.1,,2798224,2798799,-,hypothetical protein,No COG annotation,UPI0001B1EE84,Op1627,,,,-
Clo1313_2384,RS12080,CP002416.1,,2798809,2799003,-,hypothetical protein,No COG annotation,UPI0001B1EE83,Op1627,,,,-
Clo1313_2385,RS12085,CP002416.1,,2799014,2801536,-,phage minor structural protein,Function unknown,UPI0001F32956,Op1627,,,ConA-like_dom_sf;Phage_tail_spike_N;Prophage_tail_N;Tail_dom;,Prophage_tail
Clo1313_2386,RS12090,CP002416.1,,2801541,2802314,-,phage tail component,Function unknown,UPI0001B1EE18,Op1627,,,Dit_BPSPP_N;Siphovirus-type_tail_N;,Sipho_tail
Clo1313_2387,RS12095,CP002416.1,,2802328,2804514,-,hypothetical protein,"Cell cycle control, cell division, chromosome partitioning",UPI0001B1EE17,Op1627,,,ARM-like;ARM-type_fold;,PhageMin_Tail
Clo1313_2388,RS12100,CP002416.1,,2804542,2804733,-,hypothetical protein,No COG annotation,UPI0001F32957,Op1627,,,,-
Clo1313_2389,RS12105,CP002416.1,,2804730,2805113,-,hypothetical protein,No COG annotation,UPI0001B1EE16,Op1627,,,,-
Clo1313_2390,RS12110,CP002416.1,,2805113,2805712,-,phage major tail protein%2C phi13 family,Function unknown,UPI0001B1EE15,Op1627,,,Maj_tail_phi13;,-
Clo1313_2391,RS12115,CP002416.1,,2805718,2806062,-,hypothetical protein,No COG annotation,UPI0001B1EE14,Op1627,,,,-
Clo1313_2392,RS12120,CP002416.1,,2806059,2806490,-,phage protein%2C HK97 gp10 family,Function unknown,UPI0001B1EE13,Op1627,,,HK97-gp10_tail;,HK97-gp10_like
Clo1313_2393,RS12125,CP002416.1,,2806507,2806842,-,head-tail joining family protein,Function unknown,UPI0001B1EE12,Op1627,,,Phage_SPP1_head-tail_adaptor;SSP1_head-tail_sf;,Phage_H_T_join
Clo1313_2394,RS12130,CP002416.1,,2806845,2807153,-,Bacteriophage QLRG family%2C putative DNA packaging,Function unknown,UPI0001B1EE11,Op1627,,,Phage_gp6-like_head-tail;Phage_HK97_gp6-like;,Phage_connect_1
Clo1313_2395,RS12135,CP002416.1,,2807174,2808376,-,phage major capsid protein%2C HK97 family,Function unknown,UPI0001B1EE10,Op1627,,,Phage_capsid;Phage_capsid-like_C;,Phage_capsid
Clo1313_2396,RS12140,CP002416.1,,2808390,2809115,-,peptidase S14 ClpP,"Post-translational modification, protein turnover, and chaperones",UPI0001B1EE0F,Op1627,,,ClpP;ClpP/crotonase-like_dom_sf;ClpP/TepA;,CLP_protease
Clo1313_2397,RS12145,CP002416.1,,2809054,2810376,-,phage portal protein%2C HK97 family,Function unknown,UPI0001B1EE0E,Op1627,,,Phage/GTA_portal;Portal_HK97;,Phage_portal
Clo1313_2398,RS12150,CP002416.1,,2810373,2813042,-,Terminase,"Replication, recombination and repair",UPI0001B1EE0D,Op1627,,,Hint_dom_sf;Homing_endonucl;INTEIN;Intein_endonuc_central;LAGLIDADG_dom;P-loop_NTPase;TerL_ATPase;TerL_nuclease;Terminase_largesu-like;,Terminase_1
Clo1313_2399,RS12155,CP002416.1,,2813097,2813291,-,hypothetical protein,Function unknown,UPI0001B1EE0C,Op1628,,,DUF5049;,DUF5049
Clo1313_2400,RS12160,CP002416.1,,2813295,2813762,-,AIG2 family protein,Function unknown,UPI0001B1EE0B,Op1628,,,AIG2-like_dom;G-Glutamylcylcotransferase;GGCT-like;GGCT-like_sf;,GGACT
Clo1313_2401,RS12165,CP002416.1,,2813825,2814724,-,Putative amidoligase enzyme,Function unknown,UPI0001B1EE0A,Op1629,,,Amidoligase_2;,Amidoligase_2
Clo1313_2402,RS12170,CP002416.1,,2814866,2815096,-,hypothetical protein,Function unknown,UPI0001B1EE09,Op1630,,,DUF4314;,DUF4314
Clo1313_2403,RS12175,CP002416.1,,2815093,2815428,-,hypothetical protein,No COG annotation,UPI0001B1EE08,Op1630,,,DUF6329;,-
Clo1313_2404,RS12180,CP002416.1,,2815421,2816113,-,hypothetical protein,Function unknown,UPI0001B1EE07,Op1630,,,,-
Clo1313_2405,RS12185,CP002416.1,,2816230,2817483,-,DNA methylase N-4/N-6 domain protein,Transcription,UPI0001B1EE06,Op1631,,,DNA_methylase_N4/N6;DNA_methylase_N6_adenine_CS;DNA_MeTrfase_ParB;ParB/Sulfiredoxin_sf;ParB_N;RM_Methyltransferase;SAM-dependent_MTases_sf;,N6_N4_Mtase;ParBc
Clo1313_2406,RS12190,CP002416.1,,2817489,2818787,-,DNA methylase N-4/N-6 domain protein,Transcription,UPI0001B1EE05,Op1631,,,DNA_methylase_N4/N6;DNA_MeTrfase_ParB;ParB/Sulfiredoxin_sf;ParB_N;RM_Methyltransferase;SAM-dependent_MTases_sf;,N6_N4_Mtase;ParBc
Clo1313_2407,RS12195,CP002416.1,,2818789,2819340,-,hypothetical protein,No COG annotation,UPI00017E62A8,Op1631,,,Phage_term_ssu_P27;,Terminase_4
Clo1313_2408,RS12200,CP002416.1,,2819461,2819820,-,HNH endonuclease,"Replication, recombination and repair",UPI0001B1EE04,Op1632,,,HNH;HNH_nuc;,HNH
Clo1313_2409,Clo1313_2409,CP002416.1,,2819943,2820185,-,hypothetical protein,No COG annotation,UPI0001F32958,Op1633,,,,-
Clo1313_2410,RS12210,CP002416.1,,2820312,2820767,-,hypothetical protein,No COG annotation,UPI0001B1EE03,Op1634,,,,-
Clo1313_2411,RS12215,CP002416.1,,2820874,2821161,-,VRR-NUC domain-containing protein,"Replication, recombination and repair",UPI0001B1EE02,Op1635,,,Hjc;Restrct_endonuc-II-like;tRNA_endonuc-like_dom_sf;VRR_NUC;,VRR_NUC
Clo1313_2412,RS12220,CP002416.1,,2821461,2822996,-,hypothetical protein,Transcription,UPI0001B1EE01,Op1636,,,HTH_11;WH-like_DNA-bd_sf;,HTH_11
Clo1313_2414,RS12225,CP002416.1,,2823615,2824292,+,ABC transporter related protein,Defense mechanisms,UPI00017E62A1,Op1637,,,AAA+_ATPase;ABC_transporter-like_ATP-bd;ABC_transporter-like_CS;ABC_transpr_LolD-like;MacB-like_ATP-bd;P-loop_NTPase;,ABC_tran
Clo1313_2415,RS12230,CP002416.1,,2824289,2826808,+,protein of unknown function DUF214,Defense mechanisms,UPI00017E62A0,Op1637,,,ABC3_permease_C;Macrolide_Exporter_MacB;,FtsX
Clo1313_2416,RS12235,CP002416.1,,2826821,2827828,-,integral membrane sensor signal transduction histidine kinase,Signal transduction mechanisms,UPI00017E629F,Op1638,,,HATPase_C_sf;HATPase_dom;His_kinase_dom;HisK_dim/P_dom;HisK_dim/P_sf;Sensor_HK_Regulatory;Sig_transdc_His_kin-like_C;,HATPase_c;HisKA
Clo1313_2417,RS12240,CP002416.1,,2827828,2828502,-,two component transcriptional regulator%2C winged helix family,Signal transduction mechanisms,UPI00017E629E,Op1638,,,CheY-like_superfamily;OmpR/PhoB-type_DNA-bd;Sig_transdc_resp-reg_receiver;WalR-like;WH-like_DNA-bd_sf;,Response_reg;Trans_reg_C
Clo1313_2418,RS12245,CP002416.1,,2828920,2829696,-,hypothetical protein,Function unknown,UPI00017E629D,Op1639,,,Metallo-B-lactamas;NDM-1-like;RibonucZ/Hydroxyglut_hydro;,Lactamase_B
Clo1313_2421,RS12265,CP002416.1,,2831860,2832396,-,hypothetical protein,No COG annotation,UPI00017E6298,Op1640,,,,-
Clo1313_2422,RS12270,CP002416.1,,2832429,2833151,-,hypothetical protein,No COG annotation,UPI00017E6297,Op1640,,,Ntox35;,-
Clo1313_2423,Clo1313_2423,CP002416.1,,2833178,2833336,-,hypothetical protein,No COG annotation,UPI00017E6296,Op1641,,,,
Clo1313_2424,Clo1313_2424,CP002416.1,,2834143,2834280,-,hypothetical protein,No COG annotation,UPI00017E6295,Op1642,,,,
Clo1313_2425,rlmD,CP002416.1,,2834291,2835658,-,RNA methyltransferase%2C TrmA family,"Translation, ribosomal structure and biogenesis",UPI00017E6294,Op1643,,,MeTrfase_TrmA_AS;MeTrfase_TrmA_CS;NA-bd_OB-fold;SAM-dependent_MTases_sf;TRAM_dom;U5_MeTrfase_fam;,TRAM;tRNA_U5-meth_tr
Clo1313_2426,RS12285,CP002416.1,,2835966,2836766,-,ABC transporter related protein,Coenzyme transport and metabolism,UPI0001B1EDCA,Op1644,,,AAA+_ATPase;ABC_transporter-like_ATP-bd;ABC_transporter-like_CS;P-loop_NTPase;,ABC_tran
Clo1313_2427,RS12290,CP002416.1,,2836767,2837813,-,transport system permease protein,Inorganic ion transport and metabolism,UPI00003C9162,Op1644,,,ABC_BtuC-like;ABC_transptr_permease_BtuC;,FecCD
Clo1313_2428,RS12295,CP002416.1,,2837829,2838785,-,periplasmic binding protein,Inorganic ion transport and metabolism,UPI0000F21952,Op1644,,,ABC_Transporter_SBP;ABC_transptr_periplasmic_BD;Vit_B12_bind_prot;,Peripla_BP_2
Clo1313_2429,RS12300,CP002416.1,,2839287,2840453,-,hypothetical protein,"Replication, recombination and repair",UPI0000F21954,Op1645,,,Band_7/SPFH_dom_sf;DZR;SPFH_YdjI;,Band_7_1;DZR;zf-ribbon_3;zinc_ribbon_2
Clo1313_2430,RS12305,CP002416.1,,2840835,2841764,+,Peptidase M23,"Cell cycle control, cell division, chromosome partitioning",UPI00003C90A5,Op1646,,,Cell_wall_metabolism_enzyme;Dup_hybrid_motif;M23ase_b-sheet_dom;,Peptidase_M23
Clo1313_2431,RS12310,CP002416.1,,2841801,2842238,+,protein of unknown function DUF583,Cell wall/membrane/envelope biogenesis,UPI00003C90A6,Op1646,,,BacA/B;,Bactofilin
Clo1313_2432,yunB,CP002416.1,,2842371,2843042,-,sporulation protein YunB,Function unknown,UPI00003C90A7,Op1647,,,Sporulation_prot_YunB;,Spore_YunB
Clo1313_2433,RS12320,CP002416.1,,2843257,2845731,+,penicillin-binding protein%2C 1A family,Cell wall/membrane/envelope biogenesis,UPI0001B1EDC9,Op1648,,,Beta-lactam/transpept-like;Glyco_trans_51;Glycosyltr_51/Transpeptidase;Lysozyme-like_dom_sf;Transglycosylase;PCN-bd_Tpept;,Transgly;Transpeptidase
Clo1313_2434,RS12325,CP002416.1,,2846018,2847226,-,protein of unknown function DUF214,Defense mechanisms,UPI00017E5277,Op1649,,,ABC3_permease_C;MacB_PCD;Macrolide_Exporter_MacB;,FtsX;MacB_PCD
Clo1313_2435,RS12330,CP002416.1,,2847245,2848510,-,efflux transporter%2C RND family%2C MFP subunit,Cell wall/membrane/envelope biogenesis,UPI000038FDFA,Op1649,,,Beta-barrel_YknX;MdtA-like_C;RND_pump_MFP;UPF0194_transport;,Biotin_lipoyl_2;HlyD_3;HlyD_D23
Clo1313_2436,RS12335,CP002416.1,,2848507,2849247,-,ABC transporter related protein,Defense mechanisms,UPI000038FDFB,Op1649,,,AAA+_ATPase;ABC_transporter-like_ATP-bd;ABC_transporter-like_CS;MacB-like_ATP-bd;P-loop_NTPase;,ABC_tran
Clo1313_2437,RS12340,CP002416.1,,2849462,2850550,-,outer membrane efflux protein,Cell wall/membrane/envelope biogenesis,UPI00003C90AA,Op1650,,,TolC-like;,OEP
Clo1313_2438,RS12345,CP002416.1,,2850565,2851716,-,hypothetical protein,Cell wall/membrane/envelope biogenesis,UPI00005335A3,Op1650,,,TolC-like;,OEP
Clo1313_2439,proB,CP002416.1,,2851784,2852617,-,glutamate 5-kinase,Amino acid transport and metabolism,UPI0000F2195E,Op1651,ATP binding; glutamate 5-kinase activity,L-proline biosynthetic process,AceGlu_kinase-like_sf;Asp/Glu/Uridylate_kinase;G5K_ProB;Glu/AcGlu_kinase;Glu_5kinase;Glu_5kinase/COase_Synthase;Glutamate_5-kinase_CS;,AA_kinase;PUA
Clo1313_2440,RS12355,CP002416.1,,2852861,2853862,-,hypothetical protein,Function unknown,UPI0000F2195F,Op1652,,,GGGtGRT;,GGGtGRT
Clo1313_2441,RS12360,CP002416.1,,2853893,2854585,-,NifU-like domain-containing protein,Energy production and conversion,UPI00003C90EA,Op1652,,,,NifU_N
Clo1313_2442,RS12365,CP002416.1,,2854841,2855233,+,hypothetical protein,No COG annotation,UPI000038F71A,Op1653,,,,-
Clo1313_2443,RS12370,CP002416.1,,2855222,2855572,-,hypothetical protein,No COG annotation,UPI0000535A1A,Op1654,,,,-
Clo1313_2444,RS12375,CP002416.1,,2855814,2856368,+,Rubrerythrin,Energy production and conversion,UPI000038F71C,Op1655,,,Ferritin-like;Ferritin-like_diiron;Ferritin-like_SF;Rbr2/Nigerythrin;Rr_diiron-bd_dom;Rubredoxin-like_dom;RUBY_RBDX;,Rubrerythrin
Clo1313_2445,RS12385,CP002416.1,,2856672,2857460,-,protein of unknown function DUF218,Function unknown,UPI0001B1EDC8,Op1656,,,Cell_Envelope_Assoc;DUF218;OmpA-like_sf;Rossmann-like_a/b/a_fold;,DUF218
Clo1313_2446,RS12390,CP002416.1,,2857615,2860059,-,peptidase S16%2C lon-like protein,"Post-translational modification, protein turnover, and chaperones",UPI00017E460C,Op1657,,,AAA_32;Lon-like_helical;Lon_proteolytic;Lon_Prtase;LonB_AAA-LID;P-loop_NTPase;Ribosomal_Su5_D2-typ_SF;Ribsml_uS5_D2-typ_fold_subgr;,AAA_32;Lon_C
Clo1313_2447,rimI,CP002416.1,,2860341,2860799,-,ribosomal-protein-alanine acetyltransferase,Transcription,UPI000038F71F,Op1658,,,AcTrfase_RimI/Ard1;Acyl_CoA_acyltransferase;GNAT_dom;YpeA/RimI_acetyltransf;,Acetyltransf_1;Acetyltransf_10
Clo1313_2448,tsaB,CP002416.1,,2860811,2861521,-,peptidase M22 glycoprotease,"Post-translational modification, protein turnover, and chaperones",UPI000038F720,Op1658,,,ATPase_NBD;Gcp-like_dom;T6A_TsaB;,Acetyltransf_1;Peptidase_M22
Clo1313_2449,tsaE,CP002416.1,,2861518,2862003,-,Uncharacterized protein family UPF0079%2C ATPase,Function unknown,UPI00017E460B,Op1658,,,P-loop_NTPase;T6A_TsaE;,TsaE
Clo1313_2450,RS12410,CP002416.1,,2861990,2863192,-,amidohydrolase,"Secondary metabolites biosynthesis, transport, and catabolism",UPI0001B1EDC7,Op1658,,,Amidohydro-rel;Metal-dep_hydrolase_composite;Metal_Hydrolase;Metallo-dep_Hydrolase;,Amidohydro_1;Amidohydro_3
Clo1313_2451,RS12415,CP002416.1,,2863488,2864447,-,copper amine oxidase-like domain-containing protein,Signal transduction mechanisms,UPI0000F21961,Op1659,,,Cu_amine_oxidase-like_N;Mao_N_sf;,Cu_amine_oxidN1
Clo1313_2452,RS12420,CP002416.1,,2865123,2865506,-,hypothetical protein,No COG annotation,UPI0001B1EDC4,Op1660,,,,-
Clo1313_2453,RS12425,CP002416.1,,2865587,2866120,-,hypothetical protein,Amino acid transport and metabolism,UPI0000F21969,Op1661,,,P-loop_NTPase;,AAA_18
Clo1313_2454,RS12430,CP002416.1,,2866484,2866795,-,hypothetical protein,No COG annotation,UPI0001B1EDC3,Op1662,,,,
Clo1313_2455,rpsI,CP002416.1,,2867029,2867421,-,ribosomal protein S9,"Translation, ribosomal structure and biogenesis",UPI00003C8C5B,Op1663,RNA binding; structural constituent of ribosome,translation,Ribosomal_Su5_D2-typ_SF;Ribosomal_uS9;Ribosomal_uS9_bact_plastid;Ribosomal_uS9_CS;Ribsml_uS5_D2-typ_fold_subgr;,Ribosomal_S9
Clo1313_2456,rplM,CP002416.1,,2867444,2867881,-,ribosomal protein L13,"Translation, ribosomal structure and biogenesis",UPI00003C8C5C,Op1663,mRNA binding; structural constituent of ribosome,negative regulation of translation; translation,Ribosomal_uL13;Ribosomal_uL13_bact;Ribosomal_uL13_CS;Ribosomal_uL13_sf;,Ribosomal_L13
Clo1313_2457,RS12445,CP002416.1,,2868271,2868666,+,hypothetical protein,Function unknown,UPI0000F2196B,Op1664,,,,-
Clo1313_2458,disA,CP002416.1,,2868769,2869851,-,DNA integrity scanning%2C DisA%2C linker region,"Replication, recombination and repair",UPI0001B1ED89,Op1665,adenylate cyclase activity; ATP binding; diadenylate cyclase activity; DNA binding,DNA repair,DisA;DisA_sf;DNA_integrity_DisA_N_sf;DNA_integrity_scan_DisA_link;DNA_integrity_scan_DisA_N;DNA_integrity_scanning_protein;RuvA_2-like;,DisA-linker;DisA_N;HHH;HHH_2
Clo1313_2459,radA,CP002416.1,,2869882,2871246,-,DNA repair protein RadA,"Post-translational modification, protein turnover, and chaperones",UPI0001B1ED88,Op1665,ATP binding; ATP-dependent DNA damage sensor activity; ATP-dependent peptidase activity; damaged DNA binding; serine-type endopeptidase activity; zinc ion binding,proteolysis; recombinational repair,AAA+_ATPase;DNA_repair_RadA;Lon_proteolytic;P-loop_NTPase;RecA_ATP-bd;Ribosomal_Su5_D2-typ_SF;Ribsml_uS5_D2-typ_fold_subgr;Rubredoxin_2;,AAA_25;ATPase;ChlI;Lon_C
Clo1313_2460,RS12460,CP002416.1,,2871246,2873180,-,glycoside hydrolase 15-related protein,Carbohydrate transport and metabolism,UPI000038F723,Op1665,,,6-hairpin_glycosidase_sf;6hp_glycosidase-like_sf;GH15-like;,Glyco_hydro_15
Clo1313_2461,RS12465,CP002416.1,,2873489,2874745,+,glycosyl transferase family 2,Cell wall/membrane/envelope biogenesis,UPI000038F724,Op1666,,,Nucleotide-diphossugar_trans;,Glyco_tranf_2_3
Clo1313_2462,RS12470,CP002416.1,,2874813,2877269,-,ATPase AAA-2 domain protein,"Post-translational modification, protein turnover, and chaperones",UPI000038F725,Op1667,,,AAA+_ATPase;ATPase_AAA_core;Clp_ATPase_C;Clp_N_dom_sf;Clp_R_N;ClpA/B;ClpA/B_CS1;ClpA/B_CS2;ClpA/ClpB_AAA_lid;ClpA_ClpB;P-loop_NTPase;UVR_dom;,AAA;AAA_2;ClpB_D2-small;Clp_N;UVR
Clo1313_2463,RS12475,CP002416.1,,2877315,2878337,-,ATP:guanido phosphotransferase,Amino acid transport and metabolism,UPI0000536428,Op1668,,,Arg_Kinase;ATP-guanido_PTrfase;ATP-guanido_PTrfase_AS;ATP-guanido_PTrfase_cat;Gln_synth/guanido_kin_cat_dom;,ATP-gua_Ptrans
Clo1313_2464,RS12480,CP002416.1,,2878378,2878884,-,UvrB/UvrC protein,Function unknown,UPI000038F727,Op1668,,,UVR_dom;UVR_dom_sf;YacH;,UVR
Clo1313_2465,RS12485,CP002416.1,,2878931,2879392,-,transcriptional repressor%2C CtsR,Transcription,UPI00003C8C61,Op1669,,,CtsR;CtsR_C;CtsR_C_sf;CtsR_N;CtsR_N_sf;,CtsR
Clo1313_2467,fusA,CP002416.1,,2880622,2882709,-,translation elongation factor G,"Translation, ribosomal structure and biogenesis",UPI000038F72A,Op1670,GTP binding; GTPase activity; translation elongation factor activity,ribosome disassembly,EF-G-like_DII;EFG_II;EFG_III;EFG_III/V;EFG_IV;EFG_V;EFG_V-like;P-loop_NTPase;Ribosomal_Su5_D2-typ_SF;Ribsml_uS5_D2-typ_fold_subgr;Small_GTP-bd;T_Tr_GTP-bd_dom;Transl_B-barrel_sf;Transl_elong_EFG/EF2;Transl_elong_EFG/EF2_IV;,EFG_C;EFG_II;EFG_IV;GTP_EFTU;GTP_EFTU_D2
Clo1313_2468,aroF,CP002416.1,,2883253,2884278,+,phospho-2-dehydro-3-deoxyheptonate aldolase,Amino acid transport and metabolism,UPI00017E2E1C,Op1671,,,Aldolase_TIM;Class-I_DAHP_synthase;DAHP1/KDSA;DAHP_snth_FXD;DAHP_syn_2;,DAHP_synth_1
Clo1313_2469,RS12510,CP002416.1,,2884268,2885365,+,Prephenate dehydrogenase,Amino acid transport and metabolism,UPI000038F72C,Op1671,,,6-PGluconate_DH-like_C_sf;ACT-like_dom_sf;ACT_dom;NAD(P)-bd_dom_sf;PDH_C;PDH_N;Preph/Arog_dehydrog;Prephen_DH;,ACT;PDH
Clo1313_2470,aroA,CP002416.1,,2885455,2886726,+,3-phosphoshikimate 1-carboxyvinyltransferase,Amino acid transport and metabolism,UPI000038F72D,Op1671,3-phosphoshikimate 1-carboxyvinyltransferase activity,amino acid biosynthetic process; aromatic amino acid family biosynthetic process; chorismate biosynthetic process,Enolpyruvate_Tfrase_dom;Enolpyruvate_Tfrase_sf;EPSP_synthase;RNA3'P_cycl/enolpyr_Trfase_a/b;,EPSP_synthase
Clo1313_2471,RS12520,CP002416.1,,2886860,2887513,-,CoA-binding domain protein,Transcription,UPI00003C8C63,Op1672,,,CoA-bd;NAD(P)-bd_dom_sf;Rex_DNA-bd_C_dom;Tscrpt_rep_Rex;WH-like_DNA-bd_sf;WH_DNA-bd_sf;,CoA_binding;Put_DNA-bind_N
Clo1313_2472,abc-f,CP002416.1,,2887761,2889677,+,ABC transporter related protein,Function unknown,UPI000038F72F,Op1673,,,AAA+_ATPase;ABC_tran_C;ABC_tran_Xtn;ABC_transporter-like_ATP-bd;ABC_transporter-like_CS;ABCF_ATPase;P-loop_NTPase;Val-tRNA_synth_C_sf;,ABC_tran;ABC_tran_CTD;ABC_tran_Xtn
Clo1313_2473,RS12530,CP002416.1,,2889870,2891381,+,Peptidoglycan-binding lysin domain,Cell wall/membrane/envelope biogenesis,UPI0000534DF3,Op1674,,,CFLE_GH18;Chitinase_II/V-like_cat;Chitinase_insertion_sf;GH_hydrolase_sf;Glyco_hydro18_cat;Glyco_hydro_18_chit_AS;LysM;LysM_dom_sf;SH3-like_bac-type;,Glyco_hydro_18;LysM;PG_binding_1;SH3_3
Clo1313_2474,RS12535,CP002416.1,,2891415,2892179,-,ABC transporter related protein,Inorganic ion transport and metabolism,UPI000038F731,Op1675,,,AAA+_ATPase;ABC_transporter-like_ATP-bd;ABC_transporter-like_CS;ABC_transpr_CbiO/EcfA_su;ECF_ABC_transporter_ATP-bd;P-loop_NTPase;,ABC_tran
Clo1313_2475,cbiQ,CP002416.1,,2892180,2892989,-,cobalt ABC transporter%2C inner membrane subunit CbiQ,Inorganic ion transport and metabolism,UPI000038F732,Op1675,,,ABC/ECF_trnsptr_transmembrane;ECF_CbiQ;ECF_transporter_component;,CbiQ
Clo1313_2476,RS12545,CP002416.1,,2893049,2894107,-,cobalamin (vitamin B12) biosynthesis CbiM protein,Inorganic ion transport and metabolism,UPI000038F733,Op1676,,,CbiM/NikMN;PDGLE_dom;,CbiM;PDGLE
Clo1313_2477,cwlD,CP002416.1,,2894396,2895118,-,cell wall hydrolase/autolysin,Cell wall/membrane/envelope biogenesis,UPI00003C8C65,Op1677,,,MurNAc-LAA_cat;N-acetylmuramoyl_amidase_3;Spore_CwlD;,Amidase_3
Clo1313_2478,RS12555,CP002416.1,,2895236,2896168,-,response regulator receiver modulated diguanylate cyclase,Signal transduction mechanisms,UPI00003C8C66,Op1678,,,CheY-like_superfamily;GGDEF_dom;Nucleotide_cyclase;Rev_trsase/Diguanyl_cyclase;Sig_transdc_resp-reg_receiver;WalR-like;,GGDEF;Response_reg
Clo1313_2479,RS12560,CP002416.1,,2896392,2903294,-,Ig domain protein group 2 domain protein,"Post-translational modification, protein turnover, and chaperones",UPI0001B1ED87,Op1679,,,Big_2;CarboxyPept-like_regulatory;Dockerin_1_rpt;Dockerin_dom;Dockerin_dom_sf;EF_Hand_1_Ca_BS;Ig-like_fold;Invasin/intimin_cell_adhesion;,Big_2;CW_binding_1;LRR_5
Clo1313_2481,RS12570,CP002416.1,,2904627,2904836,+,hypothetical protein,No COG annotation,UPI00017E2C89,Op1680,,,,-
Clo1313_2482,RS12575,CP002416.1,,2904937,2906601,-,hypothetical protein,Cell wall/membrane/envelope biogenesis,UPI000038F736,Op1681,,,LolA/LolB/LppX;MucB/RseB_N;Sporulation_related;,MucB_RseB
Clo1313_2483,RS12580,CP002416.1,,2906617,2907156,-,RNA polymerase%2C sigma-24 subunit%2C ECF subfamily,Transcription,UPI0000532254,Op1681,,,RNA_pol_sigma-70-like;RNA_pol_sigma-70_dom;RNA_pol_sigma70_r2;RNA_pol_sigma70_r4_t2;RNA_pol_sigma_r2;RNA_pol_sigma_r3/r4-like;WH-like_DNA-bd_sf;,Sigma70_r2;Sigma70_r4_2
Clo1313_2484,RS12585,CP002416.1,,2907386,2909638,-,peptidase M56 BlaR1,Transcription,UPI000038F739,Op1682,,,Beta-lactam_resp_regulator;Peptidase_M56;,Peptidase_M56;Transpeptidase
Clo1313_2485,RS12590,CP002416.1,,2909641,2910015,-,transcriptional repressor%2C CopY family,Transcription,UPI000038F73A,Op1682,,,BlaI_family;WH-like_DNA-bd_sf;WH_DNA-bd_sf;,Penicillinase_R
Clo1313_2486,RS12595,CP002416.1,,2910320,2911108,-,Urease accessory protein UreD,"Post-translational modification, protein turnover, and chaperones",UPI000038F73B,Op1683,,,UreD;,UreD
Clo1313_2487,ureG,CP002416.1,,2911112,2911720,-,urease accessory protein UreG,Coenzyme transport and metabolism,UPI00005313AC,Op1683,GTP binding; GTPase activity; nickel cation binding,urea catabolic process,CobW/HypB/UreG_nucleotide-bd;P-loop_NTPase;UreG;,cobW
Clo1313_2488,RS12605,CP002416.1,,2911775,2912497,-,Urease accessory protein UreF,"Post-translational modification, protein turnover, and chaperones",UPI000038F73D,Op1684,,,UreF;UreF_sf;,UreF
Clo1313_2490,ureC,CP002416.1,,2913076,2914794,-,urease%2C alpha subunit,Amino acid transport and metabolism,UPI00017E2C84,Op1685,nickel cation binding; urease activity,urea catabolic process,Amidohydro-rel;Metal-dep_hydrolase_composite;Metal_Hydrolase;Urease_alpha_N_dom;Urease_alpha_subunit;Urease_AS;Urease_asu;Urease_asu_c;,Amidohydro_1;Urease_alpha
Clo1313_2491,Clo1313_2491,CP002416.1,,2914796,2915164,-,urease%2C beta subunit,Amino acid transport and metabolism,UPI000038F740,Op1686,,,Urease_beta-like;Urease_betasu_sf;Urease_subunit;,Urease_beta;Urease_gamma
Clo1313_2492,Clo1313_2492,CP002416.1,,2915180,2915482,-,urease%2C gamma subunit,Amino acid transport and metabolism,UPI00005346FA,Op1687,,,Urease_gamma;Urease_gamma/gamma-beta_su;Urease_gamma_sf;Urease_subunit;,Urease_gamma
Clo1313_2493,urtE,CP002416.1,,2915653,2916348,-,urea ABC transporter%2C ATP-binding protein UrtE,Amino acid transport and metabolism,UPI00017E2C83,Op1688,,,AAA+_ATPase;ABC_transporter-like_ATP-bd;ABC_transptr_urea_ATP-bd_UrtE;BCAA_Transport_ATP-bd_LivF;P-loop_NTPase;,ABC_tran
Clo1313_2494,urtD,CP002416.1,,2916341,2917105,-,urea ABC transporter%2C ATP-binding protein UrtD,Function unknown,UPI00003C8C6D,Op1688,,,AAA+_ATPase;ABC_AA/LPS_Transport;ABC_transporter-like_ATP-bd;ABC_transptr_urea_ATP-bd_UrtD;P-loop_NTPase;,ABC_tran;BCA_ABC_TP_C
Clo1313_2495,urtC,CP002416.1,,2917089,2918237,-,urea ABC transporter%2C permease protein UrtC,Amino acid transport and metabolism,UPI000038F744,Op1688,,,ABC_transp_permease;ABC_transptr_urea_perm_UrtC;LivM-like;,BPD_transp_2
Clo1313_2496,urtB,CP002416.1,,2918249,2919157,-,urea ABC transporter%2C permease protein UrtB,Amino acid transport and metabolism,UPI00003C8C6E,Op1688,,,ABC_transp_permease;ABC_UrtB_bac;BCAA_transport_permease;,BPD_transp_2
Clo1313_2497,urtA,CP002416.1,,2919296,2920555,-,urea ABC transporter%2C urea binding protein,Amino acid transport and metabolism,UPI0000534E00,Op1688,,,ABC_urea-bd_UrtA;Leu_Ile_Val-bd;Peripla_BP_I;,Peripla_BP_5
Clo1313_2498,RS12655,CP002416.1,,2921030,2922118,-,two component transcriptional regulator%2C AraC family,Transcription,UPI0001B1ED57,Op1689,,,CheY-like_superfamily;Homeodomain-like_sf;HTH_AraC;Sig_transdc_resp-reg_receiver;,HTH_18;Response_reg
Clo1313_2499,RS12660,CP002416.1,,2922150,2924948,-,multi-sensor hybrid histidine kinase,Signal transduction mechanisms,UPI000038F748,Op1689,,,CheY-like_superfamily;HATPase_C_sf;HATPase_dom;His_kinase_dom;HisK_dim/P_dom;HisK_dim/P_sf;HPT_dom_sf;Sig_transdc_His_kin-like_C;Sig_transdc_His_kin_Hpt_dom;Sig_transdc_resp-reg_receiver;,HATPase_c;HisKA;Hpt;Response_reg;dCache_1
Clo1313_2500,RS12665,CP002416.1,,2925239,2926330,+,response regulator receiver sensor signal transduction histidine kinase,Signal transduction mechanisms,UPI0000534DFC,Op1690,,,BphY/WalK/GraS-like;CheY-like_superfamily;HATPase_C_sf;HATPase_dom;His_kinase_dom;HisK_dim/P_dom;HisK_dim/P_sf;Sig_transdc_His_kin-like_C;Sig_transdc_resp-reg_receiver;,HATPase_c;Response_reg
Clo1313_2502,RS12670,CP002416.1,,2926753,2927727,-,copper amine oxidase-like domain-containing protein,Signal transduction mechanisms,UPI0001B1ED56,Op1691,,,Cu_amine_oxidase-like_N;Mao_N_sf;,Cu_amine_oxidN1;SH3_3
Clo1313_2503,RS12675,CP002416.1,,2927766,2928338,-,hypothetical protein,No COG annotation,UPI0001B1ED55,Op1691,,,,
Clo1313_2504,RS12680,CP002416.1,,2928381,2928956,-,hypothetical protein,No COG annotation,UPI0001F32992,Op1692,,,,
Clo1313_2506,RS12695,CP002416.1,,2930928,2932142,-,hypothetical protein,No COG annotation,UPI00003C8C73,Op1693,,,,TadE
Clo1313_2507,RS12700,CP002416.1,,2932219,2934288,-,hypothetical protein,No COG annotation,UPI0001F32993,Op1694,,,,-
Clo1313_2508,RS12705,CP002416.1,,2934418,2935641,+,transposase mutator type,"Replication, recombination and repair",UPI00003C8CB2,Op1695,,,,Transposase_mut
Clo1313_2509,RS16065,CP002416.1,,2935846,2936532,-,hypothetical protein,No COG annotation,UPI0001F32994,Op1696,,,,-
Clo1313_2510,RS12715,CP002416.1,,2936552,2937520,-,copper amine oxidase-like domain-containing protein,Signal transduction mechanisms,UPI0001B1EFB4,Op1696,,,,Cu_amine_oxidN1;SH3_3
Clo1313_2511,RS12720,CP002416.1,,2937571,2938134,-,hypothetical protein,No COG annotation,UPI0001B1EFB3,Op1697,,,,
Clo1313_2515,RS12740,CP002416.1,,2941791,2943005,-,hypothetical protein,No COG annotation,UPI0001F32995,Op1698,,,,TadE
Clo1313_2516,RS12745,CP002416.1,,2943082,2945151,-,hypothetical protein,No COG annotation,UPI0001F32996,Op1699,,,,-
Clo1313_2518,RS12755,CP002416.1,,2946818,2949613,-,hypothetical protein,No COG annotation,UPI0001F32997,Op1700,,,,-
Clo1313_2519,RS12760,CP002416.1,,2949634,2950605,-,copper amine oxidase-like domain-containing protein,Signal transduction mechanisms,UPI0001B1EFB0,Op1701,,,,Cu_amine_oxidN1;SH3_3
Clo1313_2520,RS12765,CP002416.1,,2950648,2951232,-,hypothetical protein,No COG annotation,UPI0001F32998,Op1702,,,,
Clo1313_2521,Clo1313_2521,CP002416.1,,2951285,2954623,-,hypothetical protein,Function unknown,UPI0001F329C6,Op1703,,,,-
Clo1313_2522,RS12775,CP002416.1,,2954846,2956063,-,transposase IS4 family protein,"Replication, recombination and repair",UPI00003C8D4A,Op1704,,,IS701-like;IS701-like_DDE_dom;RNaseH-like_sf;,DDE_5;DDE_Tnp_1
Clo1313_2523,RS12780,CP002416.1,,2956293,2957507,-,hypothetical protein,No COG annotation,UPI00003C8C73,Op1705,,,,TadE
Clo1313_2524,RS12785,CP002416.1,,2957584,2960286,-,hypothetical protein,No COG annotation,UPI0001F329C7,Op1706,,,,-
Clo1313_2525,RS12790,CP002416.1,,2960330,2961139,-,copper amine oxidase-like domain-containing protein,Cell wall/membrane/envelope biogenesis,UPI00003C8C76,Op1707,,,Cu_amine_oxidase-like_N;Mao_N_sf;,Amidase_3;Cu_amine_oxidN1
Clo1313_2526,RS12795,CP002416.1,,2961191,2961784,-,hypothetical protein,Inorganic ion transport and metabolism,UPI00003C8C77,Op1708,,,,Peripla_BP_2
Clo1313_2528,RS12815,CP002416.1,,2965609,2966571,-,hypothetical protein,No COG annotation,UPI0001B1EFE2,Op1709,,,,-
Clo1313_2529,RS12820,CP002416.1,,2966815,2967324,-,hypothetical protein,No COG annotation,UPI000038F74C,Op1710,,,,-
Clo1313_2530,RS12825,CP002416.1,,2967666,2969525,-,glycoside hydrolase family 10,Carbohydrate transport and metabolism,UPI00000BCF50,Op1711,,,CenC_carb-bd;Dockerin_1_rpt;Dockerin_dom;Dockerin_dom_sf;EF_Hand_1_Ca_BS;Galactose-bd-like_sf;GH_hydrolase_sf;GH10;GH10_dom;,CBM_4_9;Dockerin_1;Glyco_hydro_10
Clo1313_2531,hydE,CP002416.1,,2969932,2970993,+,Radical SAM domain protein,Energy production and conversion,UPI000038F74E,Op1712,,,Aldolase_TIM;BATS_dom;Elp3/MiaA/NifB-like_rSAM;FeFe-hyd_HydE_rSAM;HydE/PylB-like;rSAM;rSAM_sf;,BATS;Radical_SAM
Clo1313_2532,cysK,CP002416.1,,2971251,2972186,-,cysteine synthase A,Amino acid transport and metabolism,UPI0001F329C8,Op1713,,,Cys_synth;Cys_Synth/Cystath_Beta-Synth;CysK;P-phosphate_BS;TrpB-like_PALP;TrpB-like_PALP_sf;,PALP
Clo1313_2533,larE,CP002416.1,,2972271,2973080,-,PP-loop domain protein,Function unknown,UPI0000F2190A,Op1714,,,LarE-like;NAD/GMP_synthase;Ni-pincer_cofactor_biosynth;Rossmann-like_a/b/a_fold;,ATP_bind_3;NAD_synthase;QueC
Clo1313_2534,RS12845,CP002416.1,,2973086,2974378,-,O-acetylhomoserine/O-acetylserine sulfhydrylase,Amino acid transport and metabolism,UPI000053380E,Op1714,,,Cys/Met-Metab_PyrdxlP-dep_enz;Cys_met_metab_PP;OAc-hSer/O-AcSer_sulfhydrylase;PyrdxlP-dep_Trfase;PyrdxlP-dep_Trfase_major;PyrdxlP-dep_Trfase_small;,Cys_Met_Meta_PP
Clo1313_2535,RS12850,CP002416.1,,2974439,2974888,-,transcriptional regulator%2C BadM/Rrf2 family,Transcription,UPI0001B1EFE1,Op1715,,,TR_Rrf2-type_CS;Tscrpt_reg_Rrf2;WH-like_DNA-bd_sf;WH_DNA-bd_sf;,Rrf2
Clo1313_2536,RS12855,CP002416.1,,2974948,2975409,-,transcriptional regulator%2C BadM/Rrf2 family,Transcription,UPI0000533F8C,Op1716,,,TR_Rrf2-type_CS;Tscrpt_reg_Rrf2;WH-like_DNA-bd_sf;WH_DNA-bd_sf;,Rrf2
Clo1313_2537,metA,CP002416.1,,2975456,2976373,-,homoserine O-succinyltransferase,Amino acid transport and metabolism,UPI00003C90AE,Op1717,,,Class_I_gatase-like;HST_MetA;MetA_family;,AA_kinase;HTS
Clo1313_2538,RS12865,CP002416.1,,2976457,2977848,-,integral membrane sensor signal transduction histidine kinase,Signal transduction mechanisms,UPI0001B1EFE0,Op1718,,,BphY/WalK/GraS-like;HAMP_dom;HATPase_C_sf;HATPase_dom;His_kinase_dom;HisK_dim/P_dom;HisK_dim/P_sf;Sig_transdc_His_kin-like_C;,HAMP;HATPase_c;HisKA
Clo1313_2539,RS12870,CP002416.1,,2977873,2978577,-,two component transcriptional regulator%2C winged helix family,Transcription,UPI000038F6B9,Op1718,,,CheY-like_superfamily;OmpR/PhoB-type_DNA-bd;Sig_transdc_resp-reg_C-effctor;Sig_transdc_resp-reg_receiver;WalR-like;WH-like_DNA-bd_sf;,Response_reg;Trans_reg_C
Clo1313_2540,RS12875,CP002416.1,,2978701,2980932,-,copper-translocating P-type ATPase,Inorganic ion transport and metabolism,UPI00003C90B0,Op1719,,,ATPase_P-typ_cyto_dom_N;ATPase_P-typ_P_site;ATPase_P-typ_TM_dom_sf;ATPase_P-typ_transduc_dom_A_sf;ATPase_P-type_domA;HAD-like_sf;HAD_sf;Heavy-metal-associated_CS;HMA_dom;HMA_dom_sf;P-typ_ATPase_IB;P_typ_ATPase;P_typ_ATPase_HD_dom;,E1-E2_ATPase;HMA;Hydrolase
Clo1313_2541,RS12880,CP002416.1,,2981039,2982538,-,Heavy metal transport/detoxification protein,Inorganic ion transport and metabolism,UPI0001B1EFDF,Op1720,,,Cupredoxin;Heavy-metal-associated_CS;HMA_dom;HMA_dom_sf;UreH-like_TM_dom;,Cupredoxin_1;DsbD_2;HMA
Clo1313_2542,RS12885,CP002416.1,,2982592,2983083,-,hypothetical protein,Function unknown,UPI00003C90B2,Op1721,,,FtrD-like;,DUF2318
Clo1313_2543,RS12890,CP002416.1,,2983304,2983897,-,protein of unknown function DUF1113,Function unknown,UPI0000533F96,Op1722,,,CmpB_TMEM229;,ABC_trans_CmpB
Clo1313_2544,hslO,CP002416.1,,2985035,2985925,-,Hsp33 protein,"Post-translational modification, protein turnover, and chaperones",UPI00003C90B4,Op1723,protein folding chaperone; unfolded protein binding,protein refolding,Heat_shock_Hsp33;Heat_shock_Hsp33_C;Heat_shock_Hsp33_N;,HSP33
Clo1313_2545,RS12925,CP002416.1,,2986131,2986331,-,cold-shock DNA-binding domain protein,Transcription,UPI00003C90B5,Op1724,,,Cold_shock_CspA;Cold_shock_domain;CSD;CSD_CS;CSP_DNA-bd;NA-bd_OB-fold;,CSD
Clo1313_2546,RS12930,CP002416.1,,2986476,2986796,-,methylated-DNA/protein-cysteine methyltransferase,"Replication, recombination and repair",UPI00003C90B6,Op1725,,,ATL_DNA_repair;MethylDNA_cys_MeTrfase_AS;MethylDNA_cys_MeTrfase_DNA-bd;MethylDNA_cys_MeTrfase_DNAb;WH-like_DNA-bd_sf;,DNA_binding_1
Clo1313_2547,RS12935,CP002416.1,,2986800,2987534,-,Methyltransferase type 11,Function unknown,UPI0001F329C9,Op1725,,,,Methyltransf_25
Clo1313_2548,RS12940,CP002416.1,,2987713,2987886,-,small acid-soluble spore protein beta,Function unknown,UPI0000F21910,Op1726,,,SASP_alpha/beta-type;SASP_sf_alpha/beta;,SASP
Clo1313_2549,RS12945,CP002416.1,,2988003,2989292,-,carboxyl-terminal protease,Cell wall/membrane/envelope biogenesis,UPI0000F21911,Op1727,,,ClpP/crotonase-like_dom_sf;CtpA/B_N;PDZ;PDZ_6;PDZ_sf;Peptidase_S41A;Tail-specific_protease;,PDZ_2;Peptidase_S41
Clo1313_2550,RS12950,CP002416.1,,2989507,2990634,-,Peptidase M23,"Cell cycle control, cell division, chromosome partitioning",UPI0000F21912,Op1728,,,Cell_wall_metabolism_enzyme;Dup_hybrid_motif;M23ase_b-sheet_dom;PcsB_CC;,Peptidase_M23
Clo1313_2551,RS12955,CP002416.1,,2990702,2991586,-,protein of unknown function DUF214,"Cell cycle control, cell division, chromosome partitioning",UPI0000F21913,Op1729,,,ABC3_permease_C;FtsX;FtsX_ECD;FtsX_firmicutes-type;,FtsX
Clo1313_2552,ftsE,CP002416.1,,2991555,2992262,-,cell division ATP-binding protein FtsE,"Cell cycle control, cell division, chromosome partitioning",UPI0000F21914,Op1729,ATP binding; ATP hydrolysis activity; transmembrane transporter activity,cell division,AAA+_ATPase;ABC_transporter-like_ATP-bd;ABC_transporter-like_CS;ABC_transpr_LolD-like;Cell_div_FtsE;P-loop_NTPase;,ABC_tran
Clo1313_2553,RS12965,CP002416.1,,2992437,2993522,-,transcriptional regulator%2C CdaR,Transcription,UPI00003C8FDE,Op1730,,,CdaR-like_regulators;CdaR_GGDEF;Diacid_rec;Homeodomain-like_sf;PucR_C-HTH_dom;PucR_C-HTH_sf;,Diacid_rec;HTH_30
Clo1313_2554,ugpC,CP002416.1,,2993715,2994827,-,ABC transporter related protein,Inorganic ion transport and metabolism,UPI00003C8FDF,Op1731,,,AAA+_ATPase;ABC_transporter-like_ATP-bd;ABC_transporter-like_CS;ABC_transpr_MalK-like;ABC_transpr_MalK/UgpC-like;Mo/tungstate-bd_C_term_dom;NA-bd_OB-fold;OB_MalK-like;P-loop_NTPase;Transp-assoc_OB_typ1;,ABC_tran;TOBE;TOBE_2
Clo1313_2555,RS12975,CP002416.1,,2995209,2996249,+,N-acetyl-gamma-glutamyl-phosphate reductase,Amino acid transport and metabolism,UPI0001B1EFDE,Op1732,,,AGPR;AGPR_AS;AGPR_dimerisation_dom;AGPR_type-1;NAD(P)-bd_dom_sf;Semialdehyde_DH_NAD-bd;,Semialdhyde_dh;Semialdhyde_dhC
Clo1313_2556,argB,CP002416.1,,2996314,2997228,+,acetylglutamate kinase,Amino acid transport and metabolism,UPI0000537247,Op1732,acetylglutamate kinase activity; ATP binding,L-arginine biosynthetic process via ornithine,AceGlu_kinase-like_sf;AcgluKinase_fam;ArgB;Asp/Glu/Uridylate_kinase;Glu/AcGlu_kinase;NAGK-C;,AA_kinase
Clo1313_2557,RS12985,CP002416.1,,2997411,2998073,+,type IV pilus assembly PilZ,Function unknown,UPI0000533F45,Op1733,,,PilZ_domain;,PilZ
Clo1313_2558,RS12990,CP002416.1,,2998477,2999679,+,acetylornithine and succinylornithine aminotransferase,Amino acid transport and metabolism,UPI00017E2E2C,Op1734,,,AcOrn/SuccOrn_fam;Aminotrans_3;Aminotrans_3_PPA_site;Class-III_PLP-dep_AT;PyrdxlP-dep_Trfase;PyrdxlP-dep_Trfase_major;PyrdxlP-dep_Trfase_small;,Aminotran_3
Clo1313_2559,carA,CP002416.1,,2999899,3000963,+,carbamoyl-phosphate synthase%2C small subunit,Nucleotide transport and metabolism,UPI00017E2E2B,Op1734,ATP binding; carbamoyl-phosphate synthase (glutamine-hydrolyzing) activity;ATP binding; carbamoyl-phosphate synthase (glutamine-hydrolyzing) activity; glutaminase activity,'de novo' pyrimidine nucleobase biosynthetic process; 'de novo' UMP biosynthetic process; glutamine metabolic process; L-arginine biosynthetic process,Anth_synth/Amidotransfase;CarbamoylP_synth_ssu;CarbamoylP_synth_ssu_N;CarbP_synth_ssu_N_sf;Class_I_gatase-like;CPSase_GATase1;GATASE;,CPSase_sm_chain;GATase
Clo1313_2560,carB,CP002416.1,,3000997,3004200,+,carbamoyl-phosphate synthase%2C large subunit,Nucleotide transport and metabolism,UPI0000532219,Op1734,ATP binding; carbamoyl-phosphate synthase (ammonia) activity; carbamoyl-phosphate synthase (glutamine-hydrolyzing) activity; metal ion binding,'de novo' UMP biosynthetic process; glutamine metabolic process; L-arginine biosynthetic process,ATP-grasp;ATP_grasp_subdomain_1;CarbamoylP_synth_lsu_oligo_sf;CPAse_ATP-bd;CPSase_dom;CPSase_lsu;CPSase_lsu_oligo;CPSase_preATP-grasp;MGS-like_dom;MGS-like_dom_sf;MGS_CPS_CarB;PreATP-grasp_dom_sf;,CPSase_L_D2;CPSase_L_D3;MGS
Clo1313_2561,argF,CP002416.1,,3004235,3005158,+,ornithine carbamoyltransferase,Amino acid transport and metabolism,UPI000038FB9A,Op1734,,,Asp/Orn_carbamoyltranf_P-bd;Asp/Orn_carbamoylTrfase;Asp/Orn_carbamoylTrfase_sf;Asp_carbamoyltransf_Asp/Orn-bd;Orn/put_carbamltrans;OTCase_ArgI;,OTCace;OTCace_N
Clo1313_2562,RS13010,CP002416.1,,3005171,3005647,+,GCN5-related N-acetyltransferase,Amino acid transport and metabolism,UPI000038FB99,Op1734,,,Acyl_CoA_acyltransferase;Bact_Acetyltransf;GNAT_dom;,Acetyltransf_1
Clo1313_2563,RS13015,CP002416.1,,3006066,3007013,-,transposase IS4 family protein,"Replication, recombination and repair",UPI0001F329F1,Op1735,,,Tnp_DDE_dom;,DDE_Tnp_1_3
Clo1313_2564,RS13020,CP002416.1,,3007588,3009801,-,Dockerin type 1,Carbohydrate transport and metabolism,UPI0001F329F2,Op1736,,,Dockerin_1_rpt;Dockerin_dom;Dockerin_dom_sf;EF_Hand_1_Ca_BS;Ig-like_fold;LRR_5;LRR_dom_sf;,DUF285;Dockerin_1;LRR_5;N_methyl
Clo1313_2565,RS13025,CP002416.1,,3010374,3010763,-,hypothetical protein,Function unknown,UPI00017E2C9A,Op1737,,,,-
Clo1313_2567,RS13035,CP002416.1,,3011744,3012187,-,cell division membrane protein-like protein,"Cell cycle control, cell division, chromosome partitioning",UPI00003C8D35,Op1738,,,Perm_prefix_1;,FTSW_RODA_SPOVE
Clo1313_2568,RS13040,CP002416.1,,3012174,3012521,-,transcriptional regulator%2C PadR-like family,Transcription,UPI0001F329F3,Op1738,,,,PadR
Clo1313_2569,RS13045,CP002416.1,,3012664,3013425,-,metallophosphoesterase,Function unknown,UPI000038FC1C,Op1739,,,Calcineurin-like_PHP;Metallo-depent_PP-like;Metallophosphoesterase;,Metallophos
Clo1313_2570,RS13050,CP002416.1,,3013522,3013848,-,hypothetical protein,No COG annotation,UPI00017E2C97,Op1740,,,,-
Clo1313_2572,RS13060,CP002416.1,,3014512,3015381,-,Serine-type D-Ala-D-Ala carboxypeptidase,Cell wall/membrane/envelope biogenesis,UPI0001B1EF6E,Op1741,,,DD-CPase-like;VanY-like_core_dom;VanY/YodJ_core_dom;Zn_M74/Hedgehog-like;,Big_2;VanY
Clo1313_2574,RS13070,CP002416.1,,3016481,3017704,+,transposase mutator type,"Replication, recombination and repair",UPI00003C8CB2,Op1742,,,Transposase_mutator;,Transposase_mut
Clo1313_2575,RS13075,CP002416.1,,3018024,3018899,-,Pyridoxal-5'-phosphate-dependent protein beta subunit,Amino acid transport and metabolism,UPI00017E2C96,Op1743,,,Cys_Synth/Cystath_Beta-Synth;TrpB-like_PALP;TrpB-like_PALP_sf;,CHAT;NB-ARC;PALP;TIR_2;TPR_12;TPR_8
Clo1313_2576,RS13080,CP002416.1,,3018948,3019685,-,polysaccharide deacetylase,Carbohydrate transport and metabolism,UPI00003C8F72,Op1744,,,Glyco_hydro/deAcase_b/a-brl;NODB_dom;Polysacc_deacetylase_ArnD;,Polysacc_deac_1
Clo1313_2577,RS13085,CP002416.1,,3019741,3025242,-,amino acid adenylation domain protein,"Secondary metabolites biosynthesis, transport, and catabolism",UPI0001F329F4,Op1745,,,AA_adenyl_dom;AB_hydrolase_fold;ACP-like_sf;AMP-bd_C;AMP-b_sf;AMP-binding_CS;AMP-dep_synth/lig_dom;CAT-like_dom_sf;Condensation_dom;MFS;MFS_dom;MFS_trans_sf;PP-bd_ACP;Thioesterase;,AMP-binding;AMP-binding_C;Condensation;PP-binding;Thioesterase
Clo1313_2578,RS13090,CP002416.1,,3025373,3026605,-,glycosyl transferase family 28,Energy production and conversion,UPI0001B1EDFC,Op1746,,,EryCIII-like_C;Glycosyltransferase_28;GlycoTrans_28_N;UDP_glucos_trans;,Glyco_transf_28;UDPGT
Clo1313_2579,RS13095,CP002416.1,,3026636,3027847,-,glycosyl transferase family 28,Energy production and conversion,UPI00003C8F70,Op1746,,,EryCIII-like_C;Glycosyltransferase_28;GlycoTrans_28_N;UDP_glucos_trans;,Glyco_transf_28;UDPGT
Clo1313_2580,RS13100,CP002416.1,,3027953,3029830,-,amino acid adenylation domain protein,"Secondary metabolites biosynthesis, transport, and catabolism",UPI0001B1EDFB,Op1747,,,AA_adenyl_dom;ACP-like_sf;AMP-bd_C;AMP-b_sf;AMP-binding_CS;AMP-dep_synth/lig_dom;PP-bd_ACP;,AMP-binding;AMP-binding_C;Condensation;PP-binding
Clo1313_2581,RS13105,CP002416.1,,3030257,3033145,-,copper amine oxidase-like domain-containing protein,"Replication, recombination and repair",UPI00017E2B02,Op1748,,,Cu_amine_oxidase-like_N;Mao_N_sf;TPR-like_helical_dom_sf;TPR_rpt;,Cu_amine_oxidN1
Clo1313_2582,RS13110,CP002416.1,,3033138,3034610,-,copper amine oxidase-like domain-containing protein,Cell wall/membrane/envelope biogenesis,UPI0001F329F5,Op1748,,,Cu_amine_oxidase-like_N;Mao_N_sf;TPR-like_helical_dom_sf;,Cu_amine_oxidN1
Clo1313_2583,RS13115,CP002416.1,,3034639,3035880,-,hypothetical protein,No COG annotation,UPI00017E2B00,Op1748,,,,-
Clo1313_2584,RS13120,CP002416.1,,3036223,3040095,-,Carbohydrate binding family 6,Carbohydrate transport and metabolism,UPI0001B1EDF9,Op1749,,,CBM6;Cellulose-bd_IV;Galactose-bd-like_sf;SLH_dom;,CBM_6;SLH
Clo1313_2585,tnpA,CP002416.1,,3040450,3040926,-,transposase IS200-family protein,"Replication, recombination and repair",UPI00017E3E22,Op1750,,,Transposase_17;Transposase_17_sf;,Y1_Tnp
Clo1313_2586,RS13130,CP002416.1,,3041147,3042754,-,copper amine oxidase-like domain-containing protein,Function unknown,UPI0000F2192A,Op1751,,,Cu_amine_oxidase-like_N;Mao_N_sf;,Cu_amine_oxidN1;Glyco_hydro_18;LysM;Ricin_B_lectin;SBP_bac_3
Clo1313_2587,RS13135,CP002416.1,,3042972,3043769,-,hypothetical protein,Function unknown,UPI0000F2192B,Op1752,,,Rhomboid-like_sf;,Rhomboid
Clo1313_2588,RS13140,CP002416.1,,3043874,3045154,-,Tetratricopeptide TPR_1 repeat-containing protein,Function unknown,UPI0000F2192C,Op1753,,,Integrin_alpha_N;TPR-like_helical_dom_sf;TPR_rpt;,TPR_2;TPR_8;VCBS
Clo1313_2589,RS13145,CP002416.1,,3045256,3046647,-,integral membrane sensor signal transduction histidine kinase,Signal transduction mechanisms,UPI0001B1EE41,Op1754,,,HAMP_dom;HATPase_C_sf;HATPase_dom;His_kinase_dom;HisK_dim/P_dom;HisK_dim/P_sf;HssS/ArlS-like;Sensor-like_sf;Sig_transdc_His_kin-like_C;,HAMP;HATPase_c;HisKA
Clo1313_2590,RS13150,CP002416.1,,3046649,3047335,-,two component transcriptional regulator%2C winged helix family,Transcription,UPI000038FDC0,Op1754,,,CheY-like_superfamily;OmpR/PhoB-type_DNA-bd;Sig_transdc_resp-reg_receiver;WalR-like;WH-like_DNA-bd_sf;,Response_reg;Trans_reg_C
Clo1313_2591,RS13155,CP002416.1,,3048789,3051506,-,ATPase%2C P-type (transporting)%2C HAD superfamily%2C subfamily IC,Inorganic ion transport and metabolism,UPI0001B1EE00,Op1755,,,ATPase_P-typ_cation-transptr_C;ATPase_P-typ_cation-transptr_N;ATPase_P-typ_cyto_dom_N;ATPase_P-typ_P_site;ATPase_P-typ_TM_dom_sf;ATPase_P-typ_transduc_dom_A_sf;ATPase_P-type_domA;Cation_transp_ATPase_P-type;HAD-like_sf;HAD_sf;P_typ_ATPase;P_typ_ATPase_HD_dom;,Cation_ATPase;Cation_ATPase_C;Cation_ATPase_N;E1-E2_ATPase;Hydrolase
Clo1313_2592,RS13160,CP002416.1,,3051659,3053119,-,Orn/Lys/Arg decarboxylase major region,Amino acid transport and metabolism,UPI0001B1EDFF,Op1756,,,Orn/Lys/Arg_deCO2ase_major_dom;Orn_Lys_Arg_decarboxylase-I;Prn/Lys/Arg_de-COase_C;Prn/Lys/Arg_de-COase_C_sf;PyrdxlP-dep_Trfase;PyrdxlP-dep_Trfase_major;,OKR_DC_1;OKR_DC_1_C
Clo1313_2593,RS13165,CP002416.1,,3053252,3053950,-,MgtC/SapB transporter,Function unknown,UPI00003C8E94,Op1757,,,ACT-like_dom_sf;ACT_dom;MgtC/SapB/SrpB/YhiD_fam;MgtC_SapB_SrpB_YhiD_N;,ACT;MgtC
Clo1313_2594,spoIIR,CP002416.1,,3054257,3054955,-,stage II sporulation protein R,Function unknown,UPI00017E35E5,Op1758,,,Spore_II_R;,Spore_II_R
Clo1313_2595,RS13175,CP002416.1,,3055278,3055622,+,transcriptional regulator%2C PadR-like family,Transcription,UPI00003C8E95,Op1759,,,Metal_resp_DNA-bind_regulator;Tscrpt_reg_PadR_N;WH-like_DNA-bd_sf;WH_DNA-bd_sf;,PadR
Clo1313_2596,RS13180,CP002416.1,,3055609,3056577,+,hypothetical protein,Transcription,UPI000038FE2C,Op1759,,,Perm_prefix_1;,HTH_3
Clo1313_2597,RS13185,CP002416.1,,3056697,3058325,-,CTP synthase,Nucleotide transport and metabolism,UPI00003C8E96,Op1760,,,Class_I_gatase-like;CTP_synthase;CTP_synthase_N;GATASE;GATase1_CTP_Synthase;P-loop_NTPase;,CTP_synth_N;GATase
Clo1313_2599,RS13200,CP002416.1,,3060574,3061191,-,hypothetical protein,No COG annotation,UPI00017E35EA,Op1761,,,,-
Clo1313_2600,RS13205,CP002416.1,,3061379,3063031,-,Hedgehog/intein hint domain protein,"Replication, recombination and repair",UPI0001F32A22,Op1762,,,Hint_dom_N;Hint_dom_sf;Intein_N;,PT-HINT;WHH
Clo1313_2601,RS13210,CP002416.1,,3063414,3064931,-,carboxyl-terminal protease,Cell wall/membrane/envelope biogenesis,UPI000038FCFC,Op1763,,,ClpP/crotonase-like_dom_sf;PDZ;PDZ_6;PDZ_sf;Peptidase_S41A;Peptidoglycan-bd-like;PGBD-like_sf;PGBDSf;Tail-specific_protease;,PDZ_2;PG_binding_1;Peptidase_S41
Clo1313_2602,RS13215,CP002416.1,,3065005,3066570,-,S-layer domain-containing protein,Amino acid transport and metabolism,UPI00003C8E9E,Op1764,,,SLH_dom;,SLH
Clo1313_2603,RS13220,CP002416.1,,3066598,3069603,-,S-layer domain-containing protein,"Cell cycle control, cell division, chromosome partitioning",UPI0001B1ED7D,Op1764,,,SLH_dom;,SLH
Clo1313_2604,RS13225,CP002416.1,,3069805,3070440,-,Zn-dependent hydrolase of the beta-lactamase fold-like protein,Function unknown,UPI0000532D6D,Op1765,,,RibonucZ/Hydroxyglut_hydro;,Lactamase_B_3
Clo1313_2605,RS13230,CP002416.1,,3070528,3071205,-,Abortive infection protein,Function unknown,UPI000038FE0C,Op1766,,,Rce1/LyrA-like_dom;,Abi
Clo1313_2606,RS13235,CP002416.1,,3071387,3073081,-,arginyl-tRNA synthetase,"Translation, ribosomal structure and biogenesis",UPI00003C8EA1,Op1767,,,aa-tRNA-synth_I_CS;Arg-tRNA-ligase;Arg-tRNA-synth_N;Arg-tRNA-synth_N_sf;ArgRS_core;DALR_anticod-bd;Rossmann-like_a/b/a_fold;tRNAsynth_Ia_anticodon-bd;,Arg_tRNA_synt_N;DALR_1;tRNA-synt_1d
Clo1313_2607,RS13240,CP002416.1,,3073044,3073511,-,Domain of unknown function DUF1934,Function unknown,UPI0000533496,Op1767,,,Calycin;DUF1934;,DUF1934
Clo1313_2608,RS13245,CP002416.1,,3073570,3074376,-,glutamate racemase,Cell wall/membrane/envelope biogenesis,UPI00003C8EA3,Op1768,,,Asp/Glu/hydantoin_racemase;Asp/Glu_race;Asp/Glu_racemase_AS_1;Asp/Glu_racemase_AS_2;Glu_race;,Asp_Glu_race
Clo1313_2609,RS13250,CP002416.1,,3074441,3075571,-,D-alanine/D-alanine ligase,Nucleotide transport and metabolism,UPI0001B1ED7C,Op1768,,,ATP-grasp;ATP_grasp_subdomain_1;D-Ala_lig_Van_CS;D_ala_D_ala;Dala_Dala_lig_C;Dala_Dala_lig_N;PreATP-grasp_dom_sf;,Dala_Dala_lig_C;Dala_Dala_lig_N
Clo1313_2610,mgtE,CP002416.1,,3076096,3077430,-,magnesium transporter,Inorganic ion transport and metabolism,UPI0000537DAA,Op1769,,,CBS_dom;CBS_dom_sf;Mg_transptr_MgtE_intracell_dom;MgtE_N_sf;MgtE_transporter;SLC41_membr_dom;SLC41_membr_dom_sf;,CBS;MgtE;MgtE_N
Clo1313_2611,Clo1313_2611,CP002416.1,,3077402,3077539,-,hypothetical protein,No COG annotation,UPI0001B1ED7B,Op1770,,,,
Clo1313_2612,RS13260,CP002416.1,,3077603,3078343,-,RDD domain containing protein,Function unknown,UPI000038FDAD,Op1771,,,Pra-immunoreactive;RDD;,RDD
Clo1313_2613,RS13265,CP002416.1,,3078525,3078740,+,regulatory protein%2C FmdB family,Function unknown,UPI000038FDAE,Op1772,,,Regulatory_FmdB_Zinc_ribbon;,Zn-ribbon_8
Clo1313_2614,RS13270,CP002416.1,,3078779,3079678,-,Lipoprotein LpqB%2C GerMN domain,Function unknown,UPI0001B1ED7A,Op1773,,,GerMN;,Germane
Clo1313_2615,deoC,CP002416.1,,3079769,3080431,-,deoxyribose-phosphate aldolase,Nucleotide transport and metabolism,UPI0000532D96,Op1774,deoxyribose-phosphate aldolase activity,2-deoxyribose 1-phosphate catabolic process; carbohydrate catabolic process; deoxyribonucleotide catabolic process,Aldolase_TIM;DeoC;DeoC/FbaB/LacD_aldolase;DeoC_typeI;,DeoC
Clo1313_2616,RS13280,CP002416.1,,3080747,3081295,-,protein of unknown function DUF458,Function unknown,UPI00003C8EA7,Op1775,,,Phage_KVP40_Orf299;,RNaseH_like
Clo1313_2617,RS13285,CP002416.1,,3081566,3082459,-,FAD-dependent pyridine nucleotide-disulfide oxidoreductase,Energy production and conversion,UPI0001B1ED79,Op1776,,,FAD/NAD-bd_sf;FAD/NAD-binding_dom;Ferredoxin-NADP_redctase_2;,Pyr_redox_2;Pyr_redox_3
Clo1313_2618,trxB,CP002416.1,,3082513,3083796,-,FAD-dependent pyridine nucleotide-disulfide oxidoreductase,Energy production and conversion,UPI00003C8ED6,Op1777,,,FAD/NAD-bd_sf;FAD/NAD-binding_dom;Ferredoxin-NADP_redctase_2;Thioredox_Rdtase;Thioredoxin-like_sf;Thioredoxin_domain;,Pyr_redox_2;Thioredoxin
Clo1313_2619,RS13295,CP002416.1,,3083833,3084429,-,alkyl hydroperoxide reductase/ Thiol specific antioxidant/ Mal allergen,Energy production and conversion,UPI00005369A0,Op1777,,,AhpC/TSA;Thioredoxin-like_sf;Thioredoxin_CS;Thioredoxin_domain;Thioredoxin_ResA/DsbE_sf;,AhpC-TSA;DsbD;Redoxin
Clo1313_2620,RS13300,CP002416.1,,3084491,3085159,-,cytochrome c biogenesis protein transmembrane region,"Post-translational modification, protein turnover, and chaperones",UPI00005353C5,Op1778,,,Cyt_c_assmbl_TM_dom;Cytochrome_c-biogenesis_DsbD;,AhpC-TSA;DsbD
Clo1313_2621,RS13310,CP002416.1,,3085803,3086126,+,hypothetical protein,No COG annotation,UPI000038FD15,Op1779,,,,-
Clo1313_2622,RS13315,CP002416.1,,3086201,3086662,+,hypothetical protein,No COG annotation,UPI000038FD16,Op1780,,,,-
Clo1313_2623,RS13320,CP002416.1,,3086676,3087050,+,hypothetical protein,No COG annotation,UPI00017E2492,Op1780,,,,-
Clo1313_2624,sleB,CP002416.1,,3087340,3088044,+,spore cortex-lytic enzyme,Cell wall/membrane/envelope biogenesis,UPI0001B1ED78,Op1781,,,Cell_wall_hydrolase_SleB;Peptidoglycan-bd-like;PGBD-like_sf;PGBDSf;SleB_dom1;Spore_cortex_SleB;,Hydrolase_2;PG_binding_1
Clo1313_2625,RS13330,CP002416.1,,3088099,3088962,-,hypothetical protein,No COG annotation,UPI00017E2493,Op1782,,,,-
Clo1313_2626,RS13335,CP002416.1,,3089047,3091203,-,Tex-like protein,Transcription,UPI0001B1ED75,Op1783,,,HHH_9;NA-bd_OB-fold;Ribos_protein_bS1-like;Ribosomal_protein_S1-like;RNaseH-like_sf;RuvA_2-like;S1_domain;S1_Tex;Tex-like_central_region;Tex-like_dom_sf;Tex-like_HTH_dom_sf;Tex-like_N;Tex_YqgF;YqgF/RNaseH-like_dom;YqgF/RNaseH-like_dom_sf;,HHH_3;S1;Tex_N;Tex_YqgF
Clo1313_2627,RS13340,CP002416.1,,3091484,3092416,-,1-phosphofructokinase,Coenzyme transport and metabolism,UPI00003C8ED8,Op1784,,,Carboh/pur_kinase_PfkB_CS;PfkB_dom;Ribokinase-like;Tagatose/fructose_Pkinase;,PfkB
Clo1313_2628,RS13345,CP002416.1,,3092453,3093793,-,extracellular solute-binding protein family 1,Carbohydrate transport and metabolism,UPI00017E2494,Op1784,,,Bact_solute-bd_prot1;SBP;,SBP_bac_1;SBP_bac_8
Clo1313_2629,RS13350,CP002416.1,,3094055,3094252,-,hypothetical protein,No COG annotation,UPI00017E2495,Op1785,,,,-
Clo1313_2630,uvsE,CP002416.1,,3094337,3095302,-,UV-endonuclease UvdE,"Replication, recombination and repair",UPI000038FE57,Op1786,,,UvdE;Xyl_isomerase-like_sf;,UvdE
Clo1313_2631,RS13360,CP002416.1,,3095385,3096119,-,Methyltransferase type 11,"Secondary metabolites biosynthesis, transport, and catabolism",UPI0000532090,Op1787,,,Methyltransf_25;SAM-dependent_MTases_sf;,Methyltransf_25;Methyltransf_31
Clo1313_2632,RS13365,CP002416.1,,3096487,3097569,-,Peptidoglycan-binding domain 1 protein,Cell wall/membrane/envelope biogenesis,UPI000038FB0E,Op1788,,,LD-transpeptidase_YkuD-like;Peptidoglycan-bd-like;PGBD-like_sf;PGBDSf;,PG_binding_1
Clo1313_2633,RS13370,CP002416.1,,3097986,3100436,+,Nucleotidyl transferase,Carbohydrate transport and metabolism,UPI00017E2496,Op1789,,,A-D-PHexomutase_a/b/a-I;A-D-PHexomutase_a/b/a-I/II/III;A-D-PHexomutase_C_sf;LbH_EIF2B3/5;Mannose-1P_guanyltransferase;NTP_transferase_dom;Nucleotide-diphossugar_trans;Trimer_LpxA-like_sf;,Hexapep;NTP_transferase;PGM_PMM_I
Clo1313_2634,RS13375,CP002416.1,,3100473,3101435,+,pseudouridine synthase%2C RluA family,"Translation, ribosomal structure and biogenesis",UPI000038FB0C,Op1789,,,PsdUridine_synth_cat_dom_sf;PsdUridine_synth_RsuA/RluA;RluA_PseudoU_synthase;S4_RNA-bd;S4_RNA-bd_sf;,PseudoU_synth_2;S4
Clo1313_2635,RS13380,CP002416.1,,3101534,3104047,-,glycoside hydrolase family 10,Inorganic ion transport and metabolism,UPI0001B1ED40,Op1790,,,AB_hydrolase_fold;CBM6;Cellulose-bd_IV;Dockerin_1_rpt;Dockerin_dom;Dockerin_dom_sf;EF_Hand_1_Ca_BS;Esterase-like;Galactose-bd-like_sf;GH_hydrolase_sf;GH10;GH10_AS;GH10_dom;,CBM_4_9;Dockerin_1;Esterase;Glyco_hydro_11
Clo1313_2637,ahpF,CP002416.1,,3104643,3106172,-,alkyl hydroperoxide reductase%2C F subunit,Energy production and conversion,UPI00017E260F,Op1791,,,AhpF_NTD_C;AhpF_NTD_N;Alkyl_hydroperoxide_Rdtase_suF;FAD/NAD-bd_sf;FAD/NAD-binding_dom;Ferredoxin-NADP_redctase_2;Pyr_nucl-diS_OxRdtase_2_AS;Thioredoxin-like_fold;Thioredoxin-like_sf;,Glutaredoxin;Pyr_redox_2;Thioredoxin_3
Clo1313_2638,ahpC,CP002416.1,,3106186,3106749,-,peroxiredoxin,"Post-translational modification, protein turnover, and chaperones",UPI000038FB0A,Op1791,,,AhpC;AhpC/TSA;Peroxiredoxin;Peroxiredoxin_AhpC-typ;Peroxiredoxin_C;Thioredoxin-like_sf;Thioredoxin_domain;,1-cysPrx_C;AhpC-TSA
Clo1313_2639,RS16070,CP002416.1,,3106959,3107099,-,hypothetical protein,No COG annotation,UPI00017E22F5,Op1792,,,,
Clo1313_2640,RS13395,CP002416.1,,3107135,3107461,-,hypothetical protein,Function unknown,UPI0001B1ED3F,Op1792,,,ESAT-6-like_sf;,-
Clo1313_2641,RS13400,CP002416.1,,3107476,3109212,-,hypothetical protein,"Cell cycle control, cell division, chromosome partitioning",UPI000053194A,Op1792,,,FtsK_dom;P-loop_NTPase;,FtsK_SpoIIIE
Clo1313_2642,RS13405,CP002416.1,,3109215,3112415,-,cell division protein FtsK/SpoIIIE,"Cell cycle control, cell division, chromosome partitioning",UPI00017E22F7,Op1792,,,FtsK/SpoIIIE/SftA;FtsK_dom;P-loop_NTPase;,FtsK_SpoIIIE
Clo1313_2643,RS13410,CP002416.1,,3112439,3113818,-,hypothetical protein,No COG annotation,UPI000038FB06,Op1792,,,,-
Clo1313_2644,RS13415,CP002416.1,,3113934,3114239,-,hypothetical protein,No COG annotation,UPI000038FB05,Op1793,,,ESAT-6-like_sf;T7SS_ESAT-6-like;,-
Clo1313_2645,RS13420,CP002416.1,,3114257,3114586,-,hypothetical protein,No COG annotation,UPI000038FB04,Op1793,,,ESAT-6-like_sf;T7SS_ESAT-6-like;,WXG100
Clo1313_2646,RS13425,CP002416.1,,3114611,3114931,-,hypothetical protein,No COG annotation,UPI00003C8EDB,Op1793,,,,-
Clo1313_2647,RS13430,CP002416.1,,3114928,3116451,-,Tetratricopeptide TPR_1 repeat-containing protein,Function unknown,UPI000038FB02,Op1793,,,TPR-like_helical_dom_sf;TPR_rpt;,TPR_19;TPR_8
Clo1313_2648,RS13435,CP002416.1,,3116613,3117176,-,hypothetical protein,No COG annotation,UPI000038FB01,Op1794,,,,-
Clo1313_2649,RS13440,CP002416.1,,3117694,3118032,-,hypothetical protein,No COG annotation,UPI00017E22F8,Op1795,,,,-
Clo1313_2650,Clo1313_2650,CP002416.1,,3118091,3118336,-,hypothetical protein,Cell wall/membrane/envelope biogenesis,UPI00003C9049,Op1796,,,,Amidase_2;DUF4157;PG_binding_1;Pesticin;YkuD
Clo1313_2651,RS13450,CP002416.1,,3118317,3119669,-,Hedgehog/intein hint domain protein,"Replication, recombination and repair",UPI0001F32A4C,Op1797,,,Hint_dom_N;Hint_dom_sf;Intein_C;Intein_N;,PT-HINT;WHH
Clo1313_2653,RS16075,CP002416.1,,3120996,3121133,-,hypothetical protein,No COG annotation,UPI0001C14638,Op1798,,,,Mu-like_Com
Clo1313_2654,RS13460,CP002416.1,,3121126,3121515,-,hypothetical protein,No COG annotation,UPI0001F32A4D,Op1798,,,,
Clo1313_2655,RS13465,CP002416.1,,3121683,3122024,-,hypothetical protein,No COG annotation,UPI00017E5A9F,Op1799,,,,
Clo1313_2657,RS13480,CP002416.1,,3123818,3124132,-,hypothetical protein,No COG annotation,UPI00017E5A9E,Op1800,,,,-
Clo1313_2658,RS13485,CP002416.1,,3124143,3124439,-,hypothetical protein,No COG annotation,UPI0001B1EF7A,Op1800,,,,
Clo1313_2659,RS13490,CP002416.1,,3124568,3125827,-,transposase IS116/IS110/IS902 family protein,"Replication, recombination and repair",UPI0001B1EF79,Op1801,,,Transp_IS110-like_N;Transpos_IS110;Transposase_20;,DEDD_Tnp_IS110;Transposase_20
Clo1313_2660,RS13495,CP002416.1,,3126248,3126799,-,hypothetical protein,"Replication, recombination and repair",UPI00017E4E4B,Op1802,,,Resolv_N;Resolvase-like_N_sf;,Resolvase
Clo1313_2661,RS13500,CP002416.1,,3127067,3127417,-,hypothetical protein,No COG annotation,UPI00017E4E4A,Op1803,,,,
Clo1313_2663,RS13515,CP002416.1,,3127621,3127896,+,transposase IS3/IS911 family protein,"Replication, recombination and repair",UPI0001F32952,Op1804,,,,HTH_21;HTH_Tnp_1;rve
Clo1313_2664,RS13520,CP002416.1,,3129745,3130692,-,transposase IS4 family protein,"Replication, recombination and repair",UPI00003C8ABF,Op1805,,,Tnp_DDE_dom;,DDE_Tnp_1_3
Clo1313_2665,RS13525,CP002416.1,,3130960,3131331,-,hypothetical protein,No COG annotation,UPI00017E4A2A,Op1806,,,,-
Clo1313_2666,RS13530,CP002416.1,,3131344,3133098,-,Hedgehog/intein hint domain protein,"Replication, recombination and repair",UPI0001F32A77,Op1806,,,Hint_dom_N;Hint_dom_sf;Intein_C;Intein_N;NT_sf;Polymerase_NTP_transf_dom;,PT-HINT;WHH
Clo1313_2667,RS13535,CP002416.1,,3133546,3134352,-,Bifunctional DNA primase/polymerase,Function unknown,UPI00017E421E,Op1807,,,DNA_primase/pol_bifunc_N;ORF904-like_C;PriCT_1;,D5_N;Pox_D5;PriCT_1;Prim-Pol
Clo1313_2669,RS13540,CP002416.1,,3134608,3134997,-,hypothetical protein,No COG annotation,UPI00017E35D8,Op1808,,,,
Clo1313_2670,RS13545,CP002416.1,,3135192,3135470,-,hypothetical protein,No COG annotation,UPI0000536586,Op1809,,,,-
Clo1313_2671,RS13550,CP002416.1,,3135484,3137157,-,Hedgehog/intein hint domain protein,"Replication, recombination and repair",UPI0001F32A78,Op1809,,,,PT-HINT;WHH
Clo1313_2672,RS13555,CP002416.1,,3137300,3137647,-,hypothetical protein,Cell motility,UPI0001F32A79,Op1810,,,,-
Clo1313_2675,RS13565,CP002416.1,,3139629,3140099,-,hypothetical protein,No COG annotation,UPI00003C8DA5,Op1811,,,DUF6630;,-
Clo1313_2677,RS13575,CP002416.1,,3140848,3142086,-,Domain of unknown function DUF1910,Function unknown,UPI00017E6EE4,Op1812,,,PA2201-like_C;PoNi_C;PoNi_N;,DUF1910;DUF1911
Clo1313_2678,RS13580,CP002416.1,,3142110,3143957,-,Hedgehog/intein hint domain protein,"Replication, recombination and repair",UPI0001F32A7A,Op1812,,,Hint_dom_N;Hint_dom_sf;Intein_C;Intein_N;,PT-HINT;WHH
Clo1313_2680,RS16080,CP002416.1,,3145280,3145417,-,hypothetical protein,No COG annotation,UPI0001C14638,Op1813,,,,Mu-like_Com
Clo1313_2682,RS13600,CP002416.1,,3146054,3146653,-,hypothetical protein,No COG annotation,UPI00017E2FB8,Op1814,,,,
Clo1313_2683,RS13605,CP002416.1,,3146669,3147625,-,protein of unknown function DUF1557,"Replication, recombination and repair",UPI0001B1EF7C,Op1814,,,Hint_dom_N;Hint_dom_sf;Intein_C;Intein_N;,PT-HINT;WHH
Clo1313_2684,RS13610,CP002416.1,,3147839,3148456,-,hypothetical protein,No COG annotation,UPI0001B1EF7D,Op1815,,,,-
Clo1313_2686,tnpA,CP002416.1,,3150468,3150944,-,transposase IS200-family protein,"Replication, recombination and repair",UPI00003C90A2,Op1816,,,Transposase_17;Transposase_17_sf;,Y1_Tnp
Clo1313_2687,RS13625,CP002416.1,,3151163,3157177,-,hypothetical protein,Cell motility,UPI0001F32A7B,Op1817,,,Bacterial_rp_domain;Ig-like_fold;,-
Clo1313_2688,RS13630,CP002416.1,,3157280,3157594,-,hypothetical protein,No COG annotation,UPI00003C8C7E,Op1818,,,,-
Clo1313_2689,RS13635,CP002416.1,,3157591,3159474,-,Serine/threonine-protein kinase-like domain,Transcription,UPI0001B1EDB9,Op1818,,,,Pkinase
Clo1313_2691,RS13650,CP002416.1,,3160725,3161507,-,amidohydrolase 2,Function unknown,UPI00017E17C5,Op1819,,,ACMSD;Amidohydro-rel;Metal_Hydrolase;,Amidohydro_2
Clo1313_2693,RS13665,CP002416.1,,3163334,3165757,-,Dockerin type 1,Cell wall/membrane/envelope biogenesis,UPI00017E17C9,Op1820,,,Dockerin_1_rpt;Dockerin_dom;Dockerin_dom_sf;Galactose-bd-like_sf;Pectin_lyas_fold;Pectin_lyase_fold/virulence;,Dockerin_1
Clo1313_2694,addA,CP002416.1,,3166281,3170036,-,recombination helicase AddA,"Replication, recombination and repair",UPI0001B1EDB6,Op1821,3'-5' DNA helicase activity; 3'-5' exonuclease activity; ATP binding; double-stranded DNA binding,double-strand break repair via homologous recombination,AddA;UvrD-like_C;UvrD-like;P-loop_NTPase;PDDEXK-like_dom_sf;PDDEXK_AddAB-type;Restrct_endonuc-II-like;UvrD-like_ATP-bd;,PDDEXK_1;UvrD-helicase;UvrD_C
Clo1313_2695,addB,CP002416.1,,3170065,3173505,-,ATP-dependent nuclease subunit B,"Replication, recombination and repair",UPI0001B1EDB5,Op1821,"4 iron, 4 sulfur cluster binding; 5'-3' exonuclease activity; ATP binding; double-stranded DNA binding; helicase activity; metal ion binding",double-strand break repair via homologous recombination,AddB_N;AddB;UvrD-like_C;P-loop_NTPase;PDDEXK-like_dom_sf;PDDEXK_AddAB-type;Restrct_endonuc-II-like;,Exonuc_V_gamma;PDDEXK_1;UvrD_C
Clo1313_2696,RS13680,CP002416.1,,3173623,3174069,-,hypothetical protein,No COG annotation,UPI00017E1968,Op1822,,,,-
Clo1313_2698,RS13695,CP002416.1,,3175503,3176108,-,hypothetical protein,No COG annotation,UPI00017E196A,Op1823,,,,-
Clo1313_2700,RS13705,CP002416.1,,3178058,3179209,+,Integrase catalytic region,"Replication, recombination and repair",UPI0001F32952,Op1824,,,Homeodomain-like_sf;HTH-like_dom;Integrase_cat-core;RNaseH-like_sf;RNaseH_sf;Transpos_IS3;Transposase_8;Transposase_IS3/IS150/IS904;WH-like_DNA-bd_sf;,HTH_21;HTH_Tnp_1;rve
Clo1313_2702,RS13720,CP002416.1,,3181550,3182026,-,hypothetical protein,No COG annotation,UPI0001B1EFAB,Op1825,,,WapI;,-
Clo1313_2703,Clo1313_2703,CP002416.1,,3182072,3182266,-,hypothetical protein,No COG annotation,UPI0001B1EFAC,Op1826,,,,
Clo1313_2704,RS13730,CP002416.1,,3182472,3184121,-,Hedgehog/intein hint domain protein,"Replication, recombination and repair",UPI0001F328A4,Op1827,,,Hint_dom_N;Hint_dom_sf;Intein_C;Intein_N;,PT-HINT;WHH
Clo1313_2705,RS13735,CP002416.1,,3184298,3184825,-,hypothetical protein,No COG annotation,UPI00003C8C8A,Op1828,,,,-
Clo1313_2706,RS13740,CP002416.1,,3184867,3185772,-,protein of unknown function DUF324,"Replication, recombination and repair",UPI0001F328A5,Op1829,,,CRISPR_Csm3_endoribonuclease;RAMP_III_fam;,RAMPs
Clo1313_2707,RS13745,CP002416.1,,3185735,3186574,-,CRISPR-associated RAMP protein%2C SSO1426 family,"Replication, recombination and repair",UPI000038F823,Op1829,,,CRISPR-assoc_RAMP_Csx7;CRISPR_Csm3_endoribonuclease;RAMP_III_fam;,RAMPs
Clo1313_2708,RS13750,CP002416.1,,3186567,3187349,-,CRISPR-associated RAMP protein%2C SSO1426 family,"Replication, recombination and repair",UPI00003C8C8C,Op1829,,,CRISPR-assoc_RAMP_Csx7;CRISPR_Csm3_endoribonuclease;RAMP_III_fam;,RAMPs
Clo1313_2709,RS13755,CP002416.1,,3187380,3187772,-,hypothetical protein,No COG annotation,UPI00003C8C8D,Op1829,,,,-
Clo1313_2710,RS13760,CP002416.1,,3187774,3189021,-,hypothetical protein,"Replication, recombination and repair",UPI000038F826,Op1829,,,,-
Clo1313_2711,RS13765,CP002416.1,,3189006,3189551,-,protein of unknown function DUF324,"Replication, recombination and repair",UPI0000534467,Op1829,,,CRISPR_Csm3_endoribonuclease;RAMP_III_fam;,RAMPs
Clo1313_2712,RS13770,CP002416.1,,3189557,3191476,-,hypothetical protein,Function unknown,UPI000038F828,Op1829,,,Cas10-Cmr2_palm2;Cas10/Csm1_subtype-III-A;GGDEF_dom;Rev_trsase/Diguanyl_cyclase;,-
Clo1313_2713,RS13775,CP002416.1,,3191484,3192425,-,hypothetical protein,Function unknown,UPI0000F21962,Op1829,,,,CRISPR_Cas6
Clo1313_2714,RS13780,CP002416.1,,3192532,3194364,-,CRISPR-associated protein%2C TM1812 family,"Replication, recombination and repair",UPI00003C8C8F,Op1830,,,CRISPR-assoc_prot_DxTHG_CS;CRISPR-assoc_prot_TM1812;MJ1673-like_dom;,Cas_DxTHG
Clo1313_2715,RS13785,CP002416.1,,3194753,3195280,-,Appr-1-p processing domain protein,Function unknown,UPI000038F82B,Op1831,,,Macro_dom;Macro_dom-like;,Macro
Clo1313_2716,sigH,CP002416.1,,3195941,3196585,-,RNA polymerase%2C sigma-24 subunit%2C ECF subfamily,Transcription,UPI0000537743,Op1832,,,RNA_pol_sigma-70_dom;RNA_pol_sigma-H;RNA_pol_sigma-H_factor;RNA_pol_sigma70;RNA_pol_sigma70_r2;RNA_pol_sigma70_r4_t2;RNA_pol_sigma_r2;RNA_pol_sigma_r3/r4-like;Tscrpt_reg_LuxR_C;WH-like_DNA-bd_sf;,GerE;Sigma70_r2;Sigma70_r4_2
Clo1313_2717,Clo1313_2717,CP002416.1,,3196690,3196782,-,hypothetical protein,No COG annotation,UPI00017E1AFE,Op1833,,,,
Clo1313_2718,rlmB,CP002416.1,,3196887,3197720,-,RNA methyltransferase%2C TrmH family%2C group 3,"Translation, ribosomal structure and biogenesis",UPI000038F82D,Op1834,,,Alpha/beta_knot_MTases;Ribosomal_eL30-like_sf;rRNA_MeTrfase_TrmH;SpoU_MeTrfase;SpoU_subst-bd;tRNA_m1G_MTases_N;,SpoU_methylase;SpoU_sub_bind
Clo1313_2719,RS13815,CP002416.1,,3197871,3198293,-,ribonuclease III,"Translation, ribosomal structure and biogenesis",UPI000038F82E,Op1835,,,Mini3_fam;RNase_III_dom;RNase_III_sf;,Ribonuclease_3
Clo1313_2720,RS13820,CP002416.1,,3198480,3200015,+,GerA spore germination protein,Amino acid transport and metabolism,UPI000038F82F,Op1836,,,Spore_Ger;UPF0353/GerABKA_families;,GerA
Clo1313_2721,RS13825,CP002416.1,,3200005,3201126,+,spore germination protein,No COG annotation,UPI00017E1AFF,Op1836,,,Spore_GerAB;,Spore_permease
Clo1313_2722,RS13830,CP002416.1,,3201110,3202381,+,germination protein%2C Ger(x)C family,Function unknown,UPI0001F328A6,Op1836,,,GerAC_N;Spore_GerAC-like;Spore_GerAC-like_C;Spore_GerAC_C_sf;,Spore_GerAC
Clo1313_2723,RS13835,CP002416.1,,3202470,3203876,-,cysteinyl-tRNA synthetase,"Translation, ribosomal structure and biogenesis",UPI00003C8C91,Op1837,,,Cys-tRNA-ligase;Cys-tRNA-synt_Ia_DALR;Cys-tRNA/MSH_ligase;CysS_C;Rossmann-like_a/b/a_fold;tRNA-synt_1_cat_dom;tRNAsynth_Ia_anticodon-bd;,DALR_2;tRNA-synt_1e;tRNA-synt_1g
Clo1313_2724,cysE,CP002416.1,,3203863,3204609,-,serine O-acetyltransferase,Amino acid transport and metabolism,UPI00003C8C92,Op1837,,,Hexapep;LbH_SAT;Ser_AcTrfase_N_sf;Ser_O-AcTrfase;Serine_acetyltransferase;Trimer_LpxA-like_sf;,Hexapep;SATase_N
Clo1313_2725,RS13845,CP002416.1,,3205238,3205645,+,membrane protein of unknown function,Function unknown,UPI00003C8C93,Op1838,,,Phage_holin_4_2;,Phage_holin_4_2
Clo1313_2726,RS13850,CP002416.1,,3206110,3206997,-,DNA-(apurinic or apyrimidinic site) lyase,"Replication, recombination and repair",UPI0001B1ED93,Op1839,,,DNA_glycosylase;HhH-GPD_domain;HhH_base_excis_C;OGG_N;Oxidative_DNA_repair_enzyme;,HhH-GPD;OGG_N
Clo1313_2727,RS13855,CP002416.1,,3207237,3208013,+,hypothetical protein,Function unknown,UPI000038F835,Op1840,,,DUF6062;,-
Clo1313_2728,RS13860,CP002416.1,,3208006,3208863,-,hypothetical protein,Nucleotide transport and metabolism,UPI00003C8C94,Op1841,,,Asp23;P-loop_NTPase;,Asp23;IPT
Clo1313_2729,ytxC,CP002416.1,,3209478,3210401,-,sporulation protein YtxC,Function unknown,UPI00003C8C95,Op1842,,,Spore_YtxC;,YtxC
Clo1313_2730,RS13870,CP002416.1,,3210635,3211387,-,hypothetical protein,No COG annotation,UPI00017E1B02,Op1843,,,DUF6873;,-
Clo1313_2731,RS13875,CP002416.1,,3212138,3213319,+,amidohydrolase,Amino acid transport and metabolism,UPI000038F839,Op1844,,,Amidohydrolase;Bact_exopeptidase_dim_dom;Peptidase_M20;Peptidase_M20_dimer;,M20_dimer;Peptidase_M20
Clo1313_2732,RS13880,CP002416.1,,3213443,3213661,+,protein of unknown function DUF378,Function unknown,UPI000038F83A,Op1845,,,DUF378;,DUF378
Clo1313_2733,RS16085,CP002416.1,,3213788,3213958,-,hypothetical protein,No COG annotation,UPI00017E1B03,Op1846,,,,-
Clo1313_2734,RS13885,CP002416.1,,3214190,3214918,-,protein of unknown function DUF28,Transcription,UPI000038F83C,Op1847,,,Integrase-like_N;TACO1_YebC-like_2nd/3rd_dom;TACO1_YebC_N;Transcrip_reg_TACO1-like;Transcrip_reg_TACO1-like_dom3;YebC-like;,Transcrip_reg
Clo1313_2735,RS13890,CP002416.1,,3215194,3216357,+,integral membrane sensor signal transduction histidine kinase,Signal transduction mechanisms,UPI0001F328A7,Op1848,,,,HATPase_c;HisKA
Clo1313_2736,RS13895,CP002416.1,,3216444,3216818,-,CoA-binding domain protein,Function unknown,UPI00017E1B05,Op1849,,,CoA-bd;NAD(P)-bd_dom_sf;,CoA_binding_2
Clo1313_2737,RS13900,CP002416.1,,3216891,3217547,-,Uncharacterized protein family UPF0029%2C Impact%2C N-terminal protein,Function unknown,UPI0001F328A8,Op1850,,,EFG_III/V;Impact;Impact_N;Impact_N_sf;Impact_YigZ-like;Ribosomal_Su5_D2-typ_SF;UPF0029_Impact_C;UPF0029_Impact_CS;,DUF1949;UPF0029
Clo1313_2738,lepB,CP002416.1,,3217798,3218364,+,signal peptidase I,"Intracellular trafficking, secretion, and vesicular transport",UPI000038F840,Op1851,,,LexA/Signal_pep-like_sf;Pept_S26A_signal_pept_1;Pept_S26A_signal_pept_1_CS;Pept_S26A_signal_pept_1_Ser-AS;Peptidase_S26;,Peptidase_S24;Peptidase_S26
Clo1313_2739,RS13910,CP002416.1,,3218479,3219051,-,NUDIX hydrolase,"Replication, recombination and repair",UPI0000533D0D,Op1852,,,NUDIX_hydrolase-like_dom_sf;NUDIX_hydrolase_dom;Nudix_hydrolase_domain;,NUDIX
Clo1313_2740,hflX,CP002416.1,,3219201,3221027,-,GTP-binding proten HflX,Function unknown,UPI0001F328A9,Op1853,,,,GTP-bdg_M;GTP-bdg_N;MMR_HSR1
Clo1313_2741,RS13920,CP002416.1,,3221109,3221333,-,hypothetical protein,Function unknown,UPI00017E1C76,Op1854,,,,-
Clo1313_2742,dinB,CP002416.1,,3221375,3222574,-,DNA-directed DNA polymerase,"Replication, recombination and repair",UPI000038F844,Op1855,damaged DNA binding; DNA-directed DNA polymerase activity; magnesium ion binding,DNA repair; DNA-templated DNA replication; error-prone translesion synthesis; SOS response,DNA/RNA_pol_sf;DNA_pol_Y-fam_lit_finger_sf;DNA_pol_Y-fam_little_finger;DNA_polymerase-Y;DNApol_IV;Rev_trsase/Diguanyl_cyclase;UmuC;,IMS;IMS_C;IMS_HHH
Clo1313_2743,RS13935,CP002416.1,,3223374,3223892,-,deoxyuridine 5'-triphosphate nucleotidohydrolase Dut,Nucleotide transport and metabolism,UPI000038F845,Op1856,,,dUTPase;dUTPase-like;dUTPase-like_sf;dUTPase_trimeric;,dUTPase
Clo1313_2744,RS13940,CP002416.1,,3223996,3226515,-,peptidase U32,"Post-translational modification, protein turnover, and chaperones",UPI0001B1ED8F,Op1857,,,Pept_U32_collagenase;Peptidase_U32;;,DUF3656;Peptidase_U32
Clo1313_2745,RS13945,CP002416.1,,3226512,3227396,-,metalloenzyme domain protein,Carbohydrate transport and metabolism,UPI0000532709,Op1857,,,Alkaline_phosphatase_core_sf;DeoB;Metalloenzyme;,Metalloenzyme
Clo1313_2746,zapA,CP002416.1,,3227474,3227884,-,protein of unknown function DUF710,"Cell cycle control, cell division, chromosome partitioning",UPI000053358D,Op1858,,,Bac_CellDiv_Activator;Cell_div_ZapA-like;Cell_div_ZapA-like_sf;,ZapA
Clo1313_2747,RS13955,CP002416.1,,3228085,3230319,-,glycoside hydrolase family 48,Carbohydrate transport and metabolism,UPI0001F328D9,Op1859,,,6-hairpin_glycosidase_sf;6hp_glycosidase-like_sf;Dockerin_1_rpt;Dockerin_dom;Dockerin_dom_sf;Endo-1-4-beta-glucanase_dom2;Endoglucanase_F_dom3;Glyco_hydro_48F;,CBM_3;CBM_X2;Dockerin_1;Glyco_hydro_48;Glyco_hydro_9
Clo1313_2748,RS13965,CP002416.1,,3231203,3231781,-,hypothetical protein,Function unknown,UPI00003C8C9A,Op1860,,,,DZR;zf-ribbon_3;zinc_ribbon_2
Clo1313_2749,RS13970,CP002416.1,,3231939,3233237,-,hypothetical protein,"Cell cycle control, cell division, chromosome partitioning",UPI00003C8C9B,Op1861,,,DUF7922;,-
Clo1313_2750,rsmA,CP002416.1,,3233468,3234322,-,dimethyladenosine transferase,"Translation, ribosomal structure and biogenesis",UPI00003C8C9C,Op1862,16S rRNA (adenine(1518)-N(6)/adenine(1519)-N(6))-dimethyltransferase activity; RNA binding,,KsgA/Erm;rRNA_Ade_diMease-like_C;rRNA_Ade_Mease_Trfase_CS;rRNA_Ade_methylase_Trfase_N;rRNA_adenine_dimethylase;SAM-dependent_MTases_sf;,RrnaAD
Clo1313_2751,RS13980,CP002416.1,,3234542,3235600,-,3D domain-containing protein,Function unknown,UPI00003C8C9D,Op1863,,,3D_dom;DUF348;G5_dom;Resuscitation_pf_RpfB;RlpA-like_sf;,3D;DUF348;G5
Clo1313_2752,RS13985,CP002416.1,,3235944,3236495,-,hypothetical protein,No COG annotation,UPI00003C8C9E,Op1864,,,,
Clo1313_2753,RS13990,CP002416.1,,3236602,3237369,-,hydrolase%2C TatD family,"Replication, recombination and repair",UPI0001B1ED8B,Op1865,,,DNase_TatD-rel_CS;Metal_Hydrolase;TatD-like;TatD/YcfH-like;,TatD_DNase
Clo1313_2754,metG,CP002416.1,,3237422,3239386,-,methionyl-tRNA synthetase,"Translation, ribosomal structure and biogenesis",UPI000038FD27,Op1866,ATP binding; metal ion binding; methionine-tRNA ligase activity; tRNA binding,methionyl-tRNA aminoacylation,aa-tRNA-synth_I_CS;Anticodon_Met;Met-tRNA-synth_bsu_C;Met-tRNA_synth;Met-tRNA_synth_2;Methionyl/Leucyl_tRNA_Synth;MetRS_core;NA-bd_OB-fold;Rossmann-like_a/b/a_fold;tRNA-bd_dom;tRNA-synt_1_cat_dom;tRNAsynth_Ia_anticodon-bd;,Anticodon_1;tRNA-synt_1g;tRNA_bind
Clo1313_2755,RS14000,CP002416.1,,3239627,3240670,+,Protein of unknown function DUF2600,Function unknown,UPI000038FD28,Op1867,,,YtpB-like;,DUF2600
Clo1313_2756,RS14005,CP002416.1,,3240675,3241208,-,nucleoside recognition domain protein,Function unknown,UPI000038FD29,Op1868,,,Gate_dom;SpmB;,Gate
Clo1313_2757,RS14010,CP002416.1,,3241205,3241837,-,nucleoside recognition domain protein,Function unknown,UPI0000537736,Op1868,,,Gate_dom;,Gate
Clo1313_2758,RS14015,CP002416.1,,3242269,3242508,+,transcriptional regulator%2C AbrB family,Transcription,UPI0000F21903,Op1869,,,B_subtilis_Trans_State_Reg;SpoVT-AbrB_dom;SpoVT-AbrB_sf;,MazE_antitoxin
Clo1313_2759,rsmI,CP002416.1,,3242630,3243472,-,Uroporphyrin-III C/tetrapyrrole (Corrin/Porphyrin) methyltransferase,Coenzyme transport and metabolism,UPI0000F21904,Op1870,rRNA (cytosine-2'-O-)-methyltransferase activity,,4pyrrol_Mease;4pyrrol_Methylase_sf;4pyrrole_Mease_sub1;4pyrrole_Mease_sub2;rRNA_ssu_MeTfrase_I;SAM_MeTrfase_RsmI_CS;,TP_methylase
Clo1313_2760,RS14025,CP002416.1,,3243465,3244229,-,Methyltransferase type 11,Function unknown,UPI0001B1ED8A,Op1870,,,DNA_methylase_N6_adenine_CS;SAM-dependent_MTases_sf;Small_mtfrase_dom;tRNA_Adenine-N(6)_MTase;,MTS;Methyltransf_31
Clo1313_2761,RS14030,CP002416.1,,3244505,3244675,-,4Fe-4S ferredoxin iron-sulfur binding domain protein,Energy production and conversion,UPI00003C9092,Op1871,,,4Fe4S_Fe-S-bd;4Fe4S_Fe_S_CS;7Fe_ferredoxin;RnfB_subfamily;,Fer4
Clo1313_2762,RS14035,CP002416.1,,3244820,3245695,-,PSP1 domain protein,Function unknown,UPI00003C9093,Op1872,,,PSP1-like;PSP1_C;,PSP1
Clo1313_2763,holB,CP002416.1,,3245695,3246684,-,AAA ATPase,"Replication, recombination and repair",UPI00003C9094,Op1872,,,AAA+_ATPase;ClpA/B;DNA_pol3_clamp-load_cplx_C;DNA_pol_HolB;DNA_pol_III_delta_C;DNA_Rep/Repair_Clamp_Loader;P-loop_NTPase;,DNA_pol3_delta2;DNApol3-delta_C
Clo1313_2764,RS14045,CP002416.1,,3246825,3247277,-,protein of unknown function DUF327,Function unknown,UPI000038F9C7,Op1873,,,DUF327;TM1646-like_dom_sf;,DUF327
Clo1313_2765,RS14050,CP002416.1,,3247359,3248042,-,thymidylate kinase,Nucleotide transport and metabolism,UPI000038F9C8,Op1874,,,P-loop_NTPase;Thymidylate_kin-like_dom;,Thymidylate_kin
Clo1313_2766,RS14055,CP002416.1,,3248069,3249508,-,Orn/Lys/Arg decarboxylase major region,Amino acid transport and metabolism,UPI00017E260D,Op1874,,,Orn/Lys/Arg_deCO2ase_major_dom;Orn_Lys_Arg_decarboxylase-I;Prn/Lys/Arg_de-COase_C;PyrdxlP-dep_Trfase;PyrdxlP-dep_Trfase_major;,OKR_DC_1;OKR_DC_1_C
Clo1313_2767,RS14060,CP002416.1,,3249508,3249690,-,hypothetical protein,No COG annotation,UPI00003C9096,Op1874,,,,-
Clo1313_2768,RS14065,CP002416.1,,3249799,3252336,-,Beta propeller domain,"Replication, recombination and repair",UPI0001B1ED62,Op1875,,,Beta_propeller_containing;Cu_amine_oxidase-like_N;Mao_N_sf;,Beta_propel;Cu_amine_oxidN1
Clo1313_2769,RS14070,CP002416.1,,3252661,3253434,+,ABC transporter related protein,Defense mechanisms,UPI00005365EF,Op1876,,,AAA+_ATPase;ABC_transporter-like_ATP-bd;MacB-like_ATP-bd;P-loop_NTPase;,ABC_tran
Clo1313_2770,RS14075,CP002416.1,,3253424,3255481,+,protein of unknown function DUF214,Defense mechanisms,UPI00003C9097,Op1876,,,ABC-4_Integral_Memb_Prot;ABC3_permease_C;,FtsX
Clo1313_2771,RS14080,CP002416.1,,3255510,3256211,+,two component transcriptional regulator%2C winged helix family,Signal transduction mechanisms,UPI000038F9CD,Op1876,,,CheY-like_superfamily;OmpR/PhoB-type_DNA-bd;Sig_transdc_resp-reg_C-effctor;Sig_transdc_resp-reg_receiver;WalR-like;WH-like_DNA-bd_sf;,Response_reg;Trans_reg_C
Clo1313_2772,RS14085,CP002416.1,,3256186,3257211,+,integral membrane sensor signal transduction histidine kinase,Signal transduction mechanisms,UPI000038F9CE,Op1877,,,BphY/WalK/GraS-like;HATPase_C_sf;HATPase_dom;His_kinase_dom;HisK_dim/P_dom;HisK_dim/P_sf;Sig_transdc_His_kin-like_C;,HATPase_c
Clo1313_2773,RS14090,CP002416.1,,3257685,3257972,+,protein of unknown function DUF77,Function unknown,UPI000038F9CF,Op1878,,,MTH1187/YkoF-like;Thiamine_BP;UPF0045_domain;,Thiamine_BP
Clo1313_2774,RS14095,CP002416.1,,3257947,3258708,+,binding-protein-dependent transport systems inner membrane component,Inorganic ion transport and metabolism,UPI0001B1ED61,Op1879,,,MetI-like;MetI-like_sf;,BPD_transp_1
Clo1313_2775,RS14100,CP002416.1,,3258715,3259743,+,NMT1/THI5 like domain protein,Inorganic ion transport and metabolism,UPI000053211F,Op1879,,,NMT1/THI5;SsuA/THI5;,NMT1
Clo1313_2776,RS14105,CP002416.1,,3259836,3260588,+,ABC transporter related protein,Inorganic ion transport and metabolism,UPI000038F9D2,Op1880,,,AAA+_ATPase;ABC_transporter-like_ATP-bd;ABC_transporter-like_CS;ABC_transporter_ATP-bind;P-loop_NTPase;,ABC_tran
Clo1313_2777,RS14110,CP002416.1,,3260669,3262951,-,glycoside hydrolase family 10,Carbohydrate transport and metabolism,UPI000038F9D3,Op1881,,,Anti-sigma_RsgI_N;GH_hydrolase_sf;GH10;GH10_dom;RsgI_M;,Glyco_hydro_10
Clo1313_2778,sigI,CP002416.1,,3262948,3263709,-,RNA polymerase sigma-I factor,Transcription,UPI000038F9D4,Op1881,DNA binding; sigma factor activity,DNA-templated transcription initiation,EF_Hand_1_Ca_BS;RNA_pol_sigma-I;RNA_pol_sigma_r2;,Sigma70_r2
Clo1313_2779,RS14120,CP002416.1,,3264076,3264786,-,hypothetical protein,No COG annotation,UPI0001F32908,Op1882,,,,-
Clo1313_2780,RS14125,CP002416.1,,3265077,3265352,+,hypothetical protein,No COG annotation,UPI0001F32909,Op1883,,,,
Clo1313_2781,RS14130,CP002416.1,,3265349,3266761,-,Trypanosome RHS,Defense mechanisms,UPI00003C8FCD,Op1884,,,MacB_PCD;,MacB_PCD
Clo1313_2782,RS14135,CP002416.1,,3266772,3268115,-,hypothetical protein,Cell wall/membrane/envelope biogenesis,UPI00017E27BF,Op1884,,,UPF0194_transport;,-
Clo1313_2783,RS14140,CP002416.1,,3268129,3269043,-,binding-protein-dependent transport systems inner membrane component,Carbohydrate transport and metabolism,UPI0001F3290A,Op1884,,,MetI-like;MetI-like_sf;,BPD_transp_1
Clo1313_2784,RS14145,CP002416.1,,3269071,3269982,-,binding-protein-dependent transport systems inner membrane component,Carbohydrate transport and metabolism,UPI0001B1ED5D,Op1884,,,ABC_transporter_permease;MetI-like;MetI-like_sf;,BPD_transp_1
Clo1313_2785,RS14150,CP002416.1,,3270058,3270852,-,ATPase associated with various cellular activities AAA_3,Function unknown,UPI0000533E47,Op1885,,,ATPase_AAA-3;CbbQ/NirQ/NorQ/GpvN;P-loop_NTPase;,AAA_3
Clo1313_2786,RS14155,CP002416.1,,3271028,3272410,-,extracellular solute-binding protein family 1,Carbohydrate transport and metabolism,UPI000038F9DC,Op1886,,,Bact_solute-bd_prot1;SBP;,SBP_bac_1;SBP_bac_8
Clo1313_2788,RS14165,CP002416.1,,3272894,3274096,-,hypothetical protein,Function unknown,UPI00017E27C2,Op1887,,,YvlB/LiaX_N;,DUF4097
Clo1313_2789,RS14170,CP002416.1,,3274228,3274596,-,Protein of unknown function DUF2089,Function unknown,UPI000038F9DF,Op1888,,,DUF2089;DUF2089_Zn_ribbon;,DUF2089
Clo1313_2790,RS14175,CP002416.1,,3275041,3276339,+,hypothetical protein,Function unknown,UPI0001B1ED5C,Op1889,,,ATPase_AAA_core;P-loop_NTPase;,AAA_21
Clo1313_2791,RS14180,CP002416.1,,3276339,3276950,+,hypothetical protein,Function unknown,UPI000038F9E1,Op1889,,,RloB;,RloB
Clo1313_2793,RS14190,CP002416.1,,3277761,3280193,+,Carbohydrate binding family 6,Carbohydrate transport and metabolism,UPI0001B1ED5A,Op1890,,,CBM6;Dockerin_1_rpt;Dockerin_dom;Dockerin_dom_sf;EF_Hand_1_Ca_BS;Galactose-bd-like_sf;GH_hydrolase_sf;,F5_F8_type_C;Glyco_hydro_36C;Glyco_hydro_36N;Melibiase;NPCBM;NPCBM_assoc;NTP_transf_3;PEP_mutase
Clo1313_2794,RS14195,CP002416.1,,3280523,3282265,+,glycoside hydrolase family 43,Carbohydrate transport and metabolism,UPI00003C90D8,Op1891,,,AbfB_ABD;AbfB_ABD_sf;Dockerin_1_rpt;Dockerin_dom;Dockerin_dom_sf;Glyco_hydro_43;Glyco_hydro_beta-prop_sf;,AbfB;Big_4;Dockerin_1;Glyco_hydro_43
Clo1313_2795,RS14200,CP002416.1,,3282325,3285273,+,alpha-L-arabinofuranosidase B,Cell wall/membrane/envelope biogenesis,UPI0001B1ED58,Op1892,,,6GAL-like;6GAL/EXGAL;AbfB_ABD;AbfB_ABD_sf;Dockerin_1_rpt;Dockerin_dom;Dockerin_dom_sf;EF_Hand_1_Ca_BS;GH_hydrolase_sf;Glyco_hydro_b;Glyco_hydro_beta-prop_sf;,Dockerin_1;F5_F8_type_C;Glyco_hydr_30_2;Glyco_hydro_30C
Clo1313_2796,RS14205,CP002416.1,,3285503,3286825,-,hypothetical protein,Function unknown,UPI000038FACF,Op1893,,,DUF4829;DUF4830;,DUF4829;DUF4830
Clo1313_2797,RS14210,CP002416.1,,3286977,3287171,-,hypothetical protein,Function unknown,UPI00003C90D5,Op1894,,,,PBP
Clo1313_2798,RS14215,CP002416.1,,3287225,3288412,-,metal-dependent phosphohydrolase HD sub domain,Nucleotide transport and metabolism,UPI000038FAD0,Op1895,,,Diverse_Catalytic_Enzymes;HD/PDEase_dom;HD_domain;PHydrolase_assoc_dom;,HD;HD_assoc
Clo1313_2800,recR,CP002416.1,,3288935,3289534,-,recombination protein RecR,"Replication, recombination and repair",UPI0000F21915,Op1896,DNA binding; zinc ion binding,DNA recombination; DNA repair,DNA_Rcmb_RecR;Rcmb_RecR;Rcmb_RecR_Znf;TOPRIM_dom;TOPRIM_RecR;,HHH;RecR;Toprim_4
Clo1313_2801,RS14225,CP002416.1,,3289566,3289907,-,Uncharacterized protein family UPF0133,Function unknown,UPI00003C90CB,Op1896,,,YbaB-like_sf;YbaB/EbfC;,YbaB_DNA_bd
Clo1313_2802,dnaX,CP002416.1,,3290024,3291667,-,DNA polymerase III%2C subunits gamma and tau,"Replication, recombination and repair",UPI0001B1EE69,Op1897,,,AAA+_ATPase;DNA_pol3_clamp-load_cplx_C;DNA_pol_III_gamma-3;DNA_pol_III_sug/sutau_N;DNA_Rep/Repair_Clamp_Loader;HLD_clamp_pol_III_gamma_tau;P-loop_NTPase;,DNA_pol3_delta2;DNA_pol3_gamma3
Clo1313_2804,RS14245,CP002416.1,,3293632,3293973,+,copper amine oxidase-like domain-containing protein,Carbohydrate transport and metabolism,UPI0000F21916,Op1898,,,Cu_amine_oxidase-like_N;Mao_N_sf;,CBM27;CBM_11;Glyco_hydro_26
Clo1313_2805,RS14250,CP002416.1,,3294219,3296201,+,glycoside hydrolase family 5,Carbohydrate transport and metabolism,UPI0001B1EE67,Op1899,,,CBM2/CBM3_carb-bd_dom_sf;CBM3;CBM3_sf;Dockerin_1_rpt;Dockerin_dom;Dockerin_dom_sf;GH_hydrolase_sf;Glyco_hydro_5;Glyco_hydro_5_CS;,CBM_3;Cellulase
Clo1313_2806,RS14255,CP002416.1,,3296316,3297080,-,Carbohydrate-binding CenC domain protein,Energy production and conversion,UPI000038FAD6,Op1900,,,Galactose-bd-like_sf;,HEAT_2;PG_binding_1
Clo1313_2807,RS14260,CP002416.1,,3297128,3298417,-,amine oxidase,Coenzyme transport and metabolism,UPI00003C90C8,Op1901,,,Amino_oxidase;FAD/NAD-bd_sf;Zeta_carotene_desat/Oxidored;,Amino_oxidase
Clo1313_2808,RS14265,CP002416.1,,3298462,3299808,-,hypothetical protein,Function unknown,UPI0000535148,Op1902,,,LipidA_mod_glycosyltrf_83;,GT87;PMT_2
Clo1313_2809,RS14270,CP002416.1,,3299910,3302279,-,hypothetical protein,No COG annotation,UPI0001B1EE66,Op1903,,,,-
Clo1313_2810,RS14275,CP002416.1,,3302328,3302846,-,GtrA family protein,Function unknown,UPI00003C8E90,Op1904,,,GtrA_DPMS_TM;,GtrA
Clo1313_2811,RS14280,CP002416.1,,3303140,3304015,+,Methyltransferase type 11,Coenzyme transport and metabolism,UPI0001F3290B,Op1905,,,SAM-dependent_MTases_sf;,Methyltransf_23
Clo1313_2812,RS14285,CP002416.1,,3304274,3306169,-,S-layer domain-containing protein,Cell wall/membrane/envelope biogenesis,UPI000038FCE5,Op1906,,,Bacterial_rp_domain;Cell_Envelope_Struct_Comp;SLH_dom;,Chlam_PMP;Flg_new;SLH
Clo1313_2813,RS14290,CP002416.1,,3306229,3306507,-,hypothetical protein,Inorganic ion transport and metabolism,UPI000038FCE6,Op1907,,,,SLH
Clo1313_2814,RS14295,CP002416.1,,3306561,3306893,-,hypothetical protein,No COG annotation,UPI0001B1EE64,Op1908,,,,
Clo1313_2815,RS14300,CP002416.1,,3307455,3308315,-,hypothetical protein,Function unknown,UPI0001B1EE63,Op1909,,,Cthe_2159;,Cthe_2159
Clo1313_2816,RS14305,CP002416.1,,3308367,3310781,-,Spore coat protein CotH,Cell wall/membrane/envelope biogenesis,UPI0001B1EE62,Op1910,,,Bacterial_rp_domain;Fn3_assoc_repeat;Lamin_tail_dom;Lamin_tail_dom_sf;Spore_coat_CotH_CotH2/3/7;,CotH;Fn3_assoc;LTD
Clo1313_2817,RS16090,CP002416.1,,3311093,3311251,-,hypothetical protein,No COG annotation,UPI00003C8AA3,Op1911,,,,-
Clo1313_2818,RS14310,CP002416.1,,3311550,3311672,-,putative autoinducer prepeptide,No COG annotation,UPI0001B1EE61,Op1912,,,AgrD;,-
Clo1313_2819,RS14315,CP002416.1,,3311764,3312645,-,hypothetical protein,No COG annotation,UPI0001B1EE60,Op1913,,,,-
Clo1313_2820,RS14320,CP002416.1,,3312818,3313534,-,peptidase C26,Nucleotide transport and metabolism,UPI0001B1EE5F,Op1914,,,Class_I_gatase-like;Peptidase_C26;PuuD-like;,Peptidase_C26
Clo1313_2821,RS14325,CP002416.1,,3313764,3314099,-,anti-sigma-factor antagonist,Signal transduction mechanisms,UPI000038FAAB,Op1915,,,Anti-sigma_ant;STAS_dom;STAS_dom_sf;,STAS
Clo1313_2822,RS16095,CP002416.1,,3314574,3314714,+,hypothetical protein,No COG annotation,UPI0001B1EE5E,Op1916,,,,-
Clo1313_2823,RS14330,CP002416.1,,3314775,3314933,-,Rubredoxin-type Fe(Cys)4 protein,Energy production and conversion,UPI000038FAAC,Op1917,,,Rubredoxin;Rubredoxin-like_dom;Rubredoxin_dom;Rubredoxin_ET;Rubredoxin_Fe_BS;,Rubredoxin
Clo1313_2824,yyaC,CP002416.1,,3315085,3315678,-,sporulation protein YyaC,Function unknown,UPI000038FAAD,Op1918,,,Pept_HybD-like_dom_sf;YyaC;,DUF1256
Clo1313_2825,RS14340,CP002416.1,,3315931,3317067,+,putative PAS/PAC sensor protein,Transcription,UPI000053336F,Op1919,,,Bact_Sigma-Reg;PAS;PAS-assoc_C;PAS-like_dom_sf;PPM-type-like_dom_sf;PPM-type_phosphatase-like_dom;,PAS_4;PAS_9;SpoIIE
Clo1313_2826,RS14345,CP002416.1,,3317068,3318210,-,glucosyl hydrolase family protein,Carbohydrate transport and metabolism,UPI000038FAAF,Op1920,,,6-hairpin_glycosidase_sf;6hp_glycosidase-like_sf;Glyco_hydro_8;,AhpC-TSA;Glyco_hydro_8
Clo1313_2827,RS14350,CP002416.1,,3318356,3320551,-,Propeptide PepSY amd peptidase M4,Lipid transport and metabolism,UPI000038FAB0,Op1921,,,SLH_dom;YcdB/YcdC_rep_domain;,PepSY;SLH
Clo1313_2828,RS14355,CP002416.1,,3320670,3321491,-,metallophosphoesterase,Function unknown,UPI000053580C,Op1922,,,Calcineurin-like_PHP;Metallo-depent_PP-like;Metallophosphoesterase;,Metallophos
Clo1313_2829,RS14360,CP002416.1,,3321655,3322764,+,hypothetical protein,Cell motility,UPI000038FAB3,Op1923,,,Amidase_6;,Amidase_6
Clo1313_2830,RS14365,CP002416.1,,3322801,3325770,-,type III restriction protein res subunit,"Replication, recombination and repair",UPI0001B1EE33,Op1924,,,Helicase/UvrB_N;Helicase_ATP-bd;;P-loop_NTPase;,ResIII
Clo1313_2831,rpmE,CP002416.1,,3325966,3326169,-,ribosomal protein L31,"Translation, ribosomal structure and biogenesis",UPI0001B1EE32,Op1925,metal ion binding; rRNA binding; structural constituent of ribosome,translation,Ribosomal_bL28/bL31-like_sf;Ribosomal_bL31;Ribosomal_bL31_A;Ribosomal_bL31_sf;,Ribosomal_L31
Clo1313_2832,rho,CP002416.1,,3326317,3328269,-,transcription termination factor Rho,Transcription,UPI0001B1EE31,Op1926,,,,ATP-synt_ab;Rho_N;Rho_RNA_bind
Clo1313_2833,Clo1313_2833,CP002416.1,,3328630,3328722,-,hypothetical protein,No COG annotation,UPI0001B1EE30,Op1927,,,,
Clo1313_2834,RS14380,CP002416.1,,3328786,3329454,-,hypothetical protein,No COG annotation,UPI00003C8C07,Op1928,,,,-
Clo1313_2835,RS14385,CP002416.1,,3329767,3330645,+,Abortive infection protein,Function unknown,UPI0001B1EE2F,Op1929,,,CAAX_protease;Rce1/LyrA-like_dom;,Abi
Clo1313_2836,RS14390,CP002416.1,,3330767,3330964,+,hypothetical protein,No COG annotation,UPI000038FAB7,Op1930,,,,
Clo1313_2837,RS14395,CP002416.1,,3331090,3331551,+,hypothetical protein,No COG annotation,UPI00003C8C05,Op1931,,,Carb-bd-like_fold;Ig-like_fold;,-
Clo1313_2838,Clo1313_2838,CP002416.1,,3332025,3332174,-,hypothetical protein,No COG annotation,UPI0001B1EE2E,Op1932,,,,
Clo1313_2839,Clo1313_2839,CP002416.1,,3332167,3332460,-,hypothetical protein,No COG annotation,UPI0001B1EE2D,Op1933,,,,
Clo1313_2840,RS14410,CP002416.1,,3332658,3333776,-,acyltransferase 3,Cell wall/membrane/envelope biogenesis,UPI0001B1EE2C,Op1934,,,Acyl_transf_3_dom;,Acyl_transf_3
Clo1313_2841,Clo1313_2841,CP002416.1,,3333842,3334171,+,hypothetical protein,No COG annotation,UPI0001B1EE2B,Op1935,,,,
Clo1313_2842,RS14425,CP002416.1,,3334494,3335540,-,pectate disaccharide-lyase,Carbohydrate transport and metabolism,UPI0001B1EE2A,Op1936,,,Beta_helix;PbH1;Pectin_lyas_fold;Pectin_lyase_fold/virulence;Polysaccharide_Lyase_9;,Beta_helix;Dockerin_1;Pec_lyase_C
Clo1313_2843,RS14430,CP002416.1,,3335549,3337246,-,Pectate lyase/Amb allergen,Carbohydrate transport and metabolism,UPI0001B1EE29,Op1936,,,Dockerin_1_rpt;Dockerin_dom;Dockerin_dom_sf;Galactose-bd-like_sf;Pec_lyase;Pectin_lyas_fold;Pectin_lyase_fold/virulence;PEL;,Beta_helix;Dockerin_1;Pec_lyase_C
Clo1313_2844,RS14440,CP002416.1,,3338109,3339407,+,Cl- channel voltage-gated family protein,Inorganic ion transport and metabolism,UPI0001B1EE28,Op1937,,,Cl-channel_core;ClC;ClC-type_chloride_channel;,CBS;Voltage_CLC
Clo1313_2845,RS14450,CP002416.1,,3339821,3340534,+,PP-loop domain protein,Coenzyme transport and metabolism,UPI0000534593,Op1938,,,Rossmann-like_a/b/a_fold;TilS/TtcA_N;tRNA_thiolation_TtcA_Ctu1;,ATP_bind_3
Clo1313_2846,RS14455,CP002416.1,,3340575,3343364,+,Ig domain protein group 2 domain protein,Carbohydrate transport and metabolism,UPI000038FA3E,Op1938,,,NAGPA;,Cu_amine_oxidN1;Metallophos;NAGPA;Pur_ac_phosph_N;SLH
Clo1313_2847,galU,CP002416.1,,3343572,3344441,-,UTP-glucose-1-phosphate uridylyltransferase,Cell wall/membrane/envelope biogenesis,UPI0001C146B5,Op1939,,,,NTP_transferase
Clo1313_2848,RS14465,CP002416.1,,3344663,3345493,+,ribonuclease BN,Function unknown,UPI0000532111,Op1940,,,Virul_fac_BrkB;,Virul_fac_BrkB
Clo1313_2849,RS14470,CP002416.1,,3345563,3345847,-,ribosomal protein S18,"Translation, ribosomal structure and biogenesis",UPI000038FA40,Op1941,,,Ribosomal_bS18;Ribosomal_bS18_CS;Ribosomal_bS18_sf;,Ribosomal_S18
Clo1313_2850,RS14475,CP002416.1,,3345913,3346329,-,single-strand binding protein,"Replication, recombination and repair",UPI000038FA41,Op1942,,,NA-bd_OB-fold;Primosome_PriB/ssb;ssDNA-bd;,SSB
Clo1313_2851,RS14480,CP002416.1,,3346339,3346626,-,ribosomal protein S6,"Translation, ribosomal structure and biogenesis",UPI00003C8C00,Op1942,,,Ribosomal_bS6;Ribosomal_bS6_sf;Ribosomal_S6_plastid/chlpt;Transl_elong_EF1B/ribsomal_bS6;,Ribosomal_S6
Clo1313_2852,RS14485,CP002416.1,,3347224,3348471,+,diguanylate cyclase with GAF sensor,Signal transduction mechanisms,UPI000038FA42,Op1943,,,Diguanylate_Cyclase;GAF;GAF-like_dom_sf;GGDEF_dom;Nucleotide_cyclase;Rev_trsase/Diguanyl_cyclase;,GGDEF
Clo1313_2853,nagA,CP002416.1,,3348443,3349624,-,N-acetylglucosamine-6-phosphate deacetylase,Carbohydrate transport and metabolism,UPI0000532927,Op1944,,,Amidohydro-rel;GlcNAc_6-P_deAcase;Metal-dep_hydrolase_composite;Metal_Hydrolase;,Amidohydro_1
Clo1313_2854,glgB,CP002416.1,,3349919,3352132,+,1%2C4-alpha-glucan branching enzyme,Carbohydrate transport and metabolism,UPI0000535506,Op1945,"1,4-alpha-glucan branching enzyme activity; cation binding; hydrolase activity, hydrolyzing O-glycosyl compounds",cellulose catabolic process; glycogen biosynthetic process,A-amylase/branching_C;Branching_enzy;GH_hydrolase_sf;GH13_cat_dom;GlgB;GlgB_N;GlgB_N_E_set_prok;Glyco_hydro_13_N;Glyco_hydro_b;Ig-like_fold;Ig_E-set;,Alpha-amylase;Alpha-amylase_C;CBM_48
Clo1313_2855,RS14500,CP002416.1,,3352432,3353022,+,hypothetical protein,No COG annotation,UPI000038FA45,Op1946,,,,
Clo1313_2856,RS14510,CP002416.1,,3353463,3356309,-,Carbohydrate binding family 6,Carbohydrate transport and metabolism,UPI0001B1EE25,Op1947,,,CBM6;Cellulose-bd_IV;Dockerin_1_rpt;Dockerin_dom;Dockerin_dom_sf;EF_Hand_1_Ca_BS;FN3_dom;FN3_sf;Galactose-bd-like_sf;GH_hydrolase_sf;Glyco_hydro_5;Glyco_hydro_5_CS;Ig-like_fold;Ricin_B-like_lectins;Ricin_B_lectin;,CBM_6;Cellulase;Dockerin_1
Clo1313_2857,RS14515,CP002416.1,,3356382,3358565,-,glycoside hydrolase family 43,Carbohydrate transport and metabolism,UPI00017E17CB,Op1948,,,CBM6;Cellulose-bd_IV;ConA-like_dom_sf;Dockerin_1_rpt;Dockerin_dom;Dockerin_dom_sf;EF_Hand_1_Ca_BS;Galactose-bd-like_sf;GH43_C2;Glyco_hydro_43;Glyco_hydro_beta-prop_sf;Glycosyl_Hydrlase_43;,CBM_6;Dockerin_1;Glyco_hydro_43
Clo1313_2858,RS14520,CP002416.1,,3358667,3360178,-,Carbohydrate binding family 6,Carbohydrate transport and metabolism,UPI0001B1EE24,Op1949,,,AB_hydrolase_fold;CBM6;Cellulose-bd_IV;Dockerin_1_rpt;Dockerin_dom;Dockerin_dom_sf;EF_Hand_1_Ca_BS;Esterase-like;Galactose-bd-like_sf;Mycobacterial_A85_antigen;,CBM_6;Dockerin_1;Esterase
Clo1313_2859,RS14525,CP002416.1,,3360300,3363197,-,Carbohydrate binding family 6,Carbohydrate transport and metabolism,UPI0001B1EE23,Op1950,,,Beta_helix;CBM6;Cellulose-bd_IV;Dockerin_1_rpt;Dockerin_dom;Dockerin_dom_sf;EF_Hand_1_Ca_BS;Galactose-bd-like_sf;PbH1;Pectin_lyas_fold;Pectin_lyase_fold/virulence;Pel9A-like_beta_helix;,CBM_6;Dockerin_1;Laminin_G_3
Clo1313_2860,RS14530,CP002416.1,,3363224,3364825,-,glycoside hydrolase family 43,Carbohydrate transport and metabolism,UPI000038FA4A,Op1950,,,CBM6;Cellulose-bd_IV;Dockerin_1_rpt;Dockerin_dom;Dockerin_dom_sf;EF_Hand_1_Ca_BS;Galactose-bd-like_sf;Glyco_hydro_43;Glyco_hydro_beta-prop_sf;Glycosyl_Hydrlase_43_Enz;,AbfB;Big_3;CBM_2;CBM_4_9;CBM_6;Dockerin_1;Esterase;Glyco_hydro_43;RicinB_lectin_2
Clo1313_2861,RS14535,CP002416.1,,3364842,3367901,-,glycoside hydrolase family 2 sugar binding protein,Carbohydrate transport and metabolism,UPI00017E17CE,Op1950,,,Beta-gal/glucu_dom_sf;CBM6;Cellulose-bd_IV;Dockerin_1_rpt;Dockerin_dom;Dockerin_dom_sf;DUF4982;EF_Hand_1_Ca_BS;Galactose-bd-like_sf;GH_hydrolase_sf;GH2_Domain-Containing;Glyco_hydro2_dom5;Glyco_hydro_2;Glyco_hydro_2_AS;Glyco_hydro_2_cat;Glyco_hydro_2_N;Ig-like_fold;Ig-like_GH2;Invasin/intimin_cell_adhesion;,Big_3;Big_4;CBM_6;DUF4982;F5_F8_type_C;FIVAR;Glyco_hydro_2;Glyco_hydro_20b;Glyco_hydro_2_C;Glyco_hydro_2_N;NAGidase
Clo1313_2862,RS14540,CP002416.1,,3368345,3369640,-,HNH nuclease,Defense mechanisms,UPI0001B1EDDA,Op1951,,,,-
Clo1313_2863,RS14545,CP002416.1,,3369627,3371915,-,hypothetical protein,Function unknown,UPI0001F32940,Op1951,,,P-loop_NTPase;,AAA_15;AAA_21
Clo1313_2864,RS14550,CP002416.1,,3372299,3373108,-,transcriptional regulator%2C MerR family,Transcription,UPI0001B1EDD7,Op1952,,,AraC_E-bd;DNA-bd_dom_put_sf;GyrI-like;MerR-type_HTH_dom;MerR_fam;Reg_factor_effector_dom_sf;,GyrI-like;MerR_1
Clo1313_2865,RS14555,CP002416.1,,3373821,3375833,-,protein of unknown function DUF214,Defense mechanisms,UPI0001B1EDD6,Op1953,,,ABC-4_Integral_Memb_Prot;ABC3_permease_C;ABC_permease_BceB-typ;,FtsX
Clo1313_2866,RS14560,CP002416.1,,3375826,3376593,-,ABC transporter related protein,Defense mechanisms,UPI0001B1EDD5,Op1953,,,AAA+_ATPase;ABC_transporter-like_ATP-bd;ABC_transporter-like_CS;MacB-like_ATP-bd;P-loop_NTPase;,ABC_tran
Clo1313_2867,RS14565,CP002416.1,,3376786,3377763,-,integral membrane sensor signal transduction histidine kinase,Signal transduction mechanisms,UPI0001B1EDD4,Op1954,,,BphY/WalK/GraS-like;HATPase_C_sf;HATPase_dom;His_kinase_dom;Sig_transdc_His_kin-like_C;,HATPase_c
Clo1313_2868,RS14570,CP002416.1,,3377765,3378436,-,two component transcriptional regulator%2C winged helix family,Signal transduction mechanisms,UPI0001F32941,Op1954,,,,Response_reg;Trans_reg_C
Clo1313_2869,RS14575,CP002416.1,,3378699,3378962,-,hypothetical protein,No COG annotation,UPI0001B1EDD2,Op1955,,,,
Clo1313_2870,RS14580,CP002416.1,,3378986,3379513,-,hypothetical protein,No COG annotation,UPI0001B1EDD1,Op1955,,,,
Clo1313_2871,RS14585,CP002416.1,,3379684,3380508,-,hypothetical protein,No COG annotation,UPI0001B1EDD0,Op1956,,,,
Clo1313_2872,RS14590,CP002416.1,,3380776,3381135,-,hypothetical protein,No COG annotation,UPI0001B1EDCF,Op1957,,,,
Clo1313_2873,RS14600,CP002416.1,,3381411,3382049,+,transposase (DDE domain),"Replication, recombination and repair",UPI0001F32942,Op1958,,,Tnp_DDE_dom;,DDE_Tnp_1_3
Clo1313_2874,RS14605,CP002416.1,,3382051,3382701,-,hypothetical protein,No COG annotation,UPI0001F32943,Op1959,,,,
Clo1313_2875,RS14610,CP002416.1,,3383048,3383785,-,hypothetical protein,Function unknown,UPI00017E17D0,Op1960,,,UCP037672;,DUF3784
Clo1313_2876,folE,CP002416.1,,3383863,3384426,-,GTP cyclohydrolase I,Coenzyme transport and metabolism,UPI00003C8CCD,Op1961,GTP binding; GTP cyclohydrolase I activity; zinc ion binding,one-carbon metabolic process; tetrahydrobiopterin biosynthetic process; tetrahydrofolate biosynthetic process,GTP-CH-I_C/QueF;GTP-CH-I_N;GTP_CycHdrlase_I;GTP_CycHdrlase_I_CS;GTP_CycHdrlase_I_dom;,GTP_cyclohydroI
Clo1313_2877,cphA,CP002416.1,,3384592,3387240,-,cyanophycin synthetase,Coenzyme transport and metabolism,UPI0001F32944,Op1962,,,ATP-grasp;ATP-grasp_RimK-type;Cya_phycin_syn;Cyanophycin_syn_N;Mur-like_cat_sf;Mur_ligase_C;Mur_ligase_C_dom_sf;Mur_ligase_cen;,Mur_ligase_C;Mur_ligase_M;RimK
Clo1313_2878,RS14625,CP002416.1,,3387268,3388089,-,cyanophycinase,Inorganic ion transport and metabolism,UPI00017E17D2,Op1962,,,Class_I_gatase-like;Peptidase_S51;Peptidase_S51_cyanophycinase;,Peptidase_S51
Clo1313_2879,RS14630,CP002416.1,,3388195,3388491,-,hypothetical protein,No COG annotation,UPI00003C8CD0,Op1963,,,,-
Clo1313_2880,RS14635,CP002416.1,,3388520,3389695,-,isoaspartyl dipeptidase,"Secondary metabolites biosynthesis, transport, and catabolism",UPI0000537D29,Op1963,,,Amidohydro-rel;Metal-dep_hydrolase_composite;Metal_Hydrolase;Metallo-dep_Hydrolases_sf;Pept_M38_dipep;,Amidohydro_1;Amidohydro_3
Clo1313_2881,RS14640,CP002416.1,,3390044,3390679,+,transcriptional repressor%2C LexA family,Transcription,UPI0000531E4C,Op1964,,,,LexA_DNA_bind
Clo1313_2882,leuB,CP002416.1,,3390798,3391886,-,3-isopropylmalate dehydrogenase,Energy production and conversion,UPI00003C8CD2,Op1965,3-isopropylmalate dehydrogenase activity; magnesium ion binding; NAD binding,L-leucine biosynthetic process,IsoCit/isopropylmalate_DH_CS;IsoPropMal-DH-like_dom;Isopropylmalate_DH;,Iso_dh
Clo1313_2883,leuD,CP002416.1,,3391888,3392391,-,3-isopropylmalate dehydratase%2C small subunit,Amino acid transport and metabolism,UPI0001F3294C,Op1965,3-isopropylmalate dehydratase activity,L-leucine biosynthetic process,Aconitase/3IPM_dehydase_swvl;AconitaseA/IPMdHydase_ssu_swvl;IPMI_Swivel;LeuD;LeuD/DmdB_bac;LeuD_type2/HacB/DmdB;,Aconitase_C
Clo1313_2884,leuC,CP002416.1,,3392447,3393706,-,3-isopropylmalate dehydratase%2C large subunit,Amino acid transport and metabolism,UPI000038F988,Op1965,"3-isopropylmalate dehydratase activity; 4 iron, 4 sulfur cluster binding; metal ion binding",L-leucine biosynthetic process,Acnase/IPM_dHydase_lsu_aba_1/3;Acoase/IPM_deHydtase_lsu_aba;Aconitase_4Fe-4S_BS;Aconitase_4Fe-4S_dom;HAcnase/IPMdehydase_lsu_prok;Homoacnase/IPMdehydase_lsu;IPM_dehydratase_rel_enz;IPMI_cat;IsopropMal_deHydtase_lsu_bac;,Aconitase
Clo1313_2885,RS14660,CP002416.1,,3393835,3394743,-,transcriptional regulator%2C AraC family,Transcription,UPI000053674D,Op1966,,,AraC-bd;Homeodomain-like_sf;HTH-like;HTH_AraC;HTH_AraC-typ_CS;RmlC-like_jellyroll;Tscrpt_reg_AraC-type_HTH;,AraC_binding;Cupin_2;HTH_18;HTH_AraC
Clo1313_2886,RS14665,CP002416.1,,3394791,3395408,-,Protein of unknown function DUF2179,Function unknown,UPI000038F986,Op1967,,,DUF2179;DUF5698;N-reg_PII/ATP_PRibTrfase_C;UPF0316;,DUF2179
Clo1313_2887,RS14670,CP002416.1,,3395777,3396718,+,hypothetical protein,Function unknown,UPI000038F985,Op1968,,,AB_hydrolase_1;AB_hydrolase_fold;DNA-binding_regulatory;,Hydrolase_4;Peptidase_S9
Clo1313_2888,RS14675,CP002416.1,,3396715,3397662,-,Mg2 transporter protein CorA family protein,Inorganic ion transport and metabolism,UPI000038F984,Op1969,,,CorA-like;CorA_cytoplasmic_dom;CorA_TM1_TM2;MgTranspt_CorA/ZnTranspt_ZntB;,CorA
Clo1313_2889,RS14685,CP002416.1,,3398080,3398568,-,FlgN family protein,Function unknown,UPI000038F983,Op1970,,,FlgN-like;FlgN-like_sf;,FlgN
Clo1313_2890,fliS,CP002416.1,,3398579,3398983,-,flagellar protein FliS,Cell motility,UPI000038F982,Op1970,,,FliS;FliS_sf;,FliS
Clo1313_2891,fliD,CP002416.1,,3399048,3401564,-,flagellar hook-associated 2 domain-containing protein,Cell motility,UPI000038F981,Op1970,,,FliD;FliD_C;FliD_N;,Flagellin_IN;FliD_C;FliD_N
Clo1313_2892,RS14700,CP002416.1,,3401570,3401965,-,flagellar protein FlaG protein,Cell motility,UPI0001B1F05B,Op1970,,,FlaG;FlaG-like_sf;,FlaG
Clo1313_2893,RS14705,CP002416.1,,3402029,3402973,-,NAD-dependent epimerase/dehydratase,Cell wall/membrane/envelope biogenesis,UPI00005375C0,Op1971,,,Epimerase_deHydtase;NAD(P)-bd_dom_sf;,Epimerase;GDP_Man_Dehyd
Clo1313_2894,pseC,CP002416.1,,3402989,3404158,-,UDP-4-keto-6-deoxy-N-acetylglucosamine 4-aminotransferase,Amino acid transport and metabolism,UPI000038F97E,Op1971,,,DegT/StrS_aminotransferase;PseC;PyrdxlP-dep_Trfase;PyrdxlP-dep_Trfase_major;PyrdxlP-dep_Trfase_small;,DegT_DnrJ_EryC1
Clo1313_2895,pseG,CP002416.1,,3404217,3405281,-,pseudaminic acid biosynthesis-associated protein PseG,Cell wall/membrane/envelope biogenesis,UPI00017E1974,Op1971,,,Glyco_trans_28_C;PseG;,Glyco_tran_28_C
Clo1313_2896,RS14720,CP002416.1,,3405291,3405974,-,LmbE family protein,Function unknown,UPI00017E1975,Op1971,,,GlcNAc_PI_deacetylase-related;LmbE-like_dom_sf;,PIG-L
Clo1313_2897,RS14725,CP002416.1,,3405967,3406701,-,methionyl-tRNA formyltransferase,"Translation, ribosomal structure and biogenesis",UPI000038F97B,Op1971,,,Formyl_trans-like_C;Formyl_transf_N;Formyl_transf_N_sf;Formyl_transferase-like_C_sf;,Formyl_trans_N
Clo1313_2898,RS14730,CP002416.1,,3406686,3407096,-,Glyoxalase/bleomycin resistance protein/dioxygenase,Amino acid transport and metabolism,UPI00003C8CD9,Op1971,,,Glyas_Bleomycin-R_OHBP_Dase;MMCE/EMCE_epimerase;VOC_core;,Glyoxalase_4
Clo1313_2899,RS14735,CP002416.1,,3407093,3408739,-,FkbH like protein,"Secondary metabolites biosynthesis, transport, and catabolism",UPI000053173B,Op1971,,,Acyl_CoA_acyltransferase;FCP1_dom;FkbH_domain;HAD-like_sf;HAD_sf;HAD_SF_ppase_IIIC;MDP-1_euk;SGNH_hydro_sf;,NIF
Clo1313_2900,RS14740,CP002416.1,,3408745,3408960,-,phosphopantetheine-binding protein,Lipid transport and metabolism,UPI000038F978,Op1971,,,ACP-like_sf;PP-bd_ACP;,PP-binding
Clo1313_2901,pseH,CP002416.1,,3408966,3409577,-,pseudaminic acid biosynthesis N-acetyl transferase,"Translation, ribosomal structure and biogenesis",UPI000038F977,Op1971,,,Acyl_CoA_acyltransferase;GNAT_dom;PseH;,Acetyltransf_1;Acetyltransf_3;Acetyltransf_4
Clo1313_2902,pseI,CP002416.1,,3409559,3410611,-,pseudaminic acid synthase,Cell wall/membrane/envelope biogenesis,UPI0001B1F05A,Op1971,,,AFP_Neu5c_C_sf;Aldolase_TIM;PseI-like;PseI/NeuA/B-like_N;Pseudaminic_synth_PseI;SAF;SAF_AFP_Neu5Ac;SAF_PseI/NeuA/NeuB;,NeuB;SAF
Clo1313_2903,RS14755,CP002416.1,,3410669,3411409,-,acylneuraminate cytidylyltransferase,Cell wall/membrane/envelope biogenesis,UPI000038F975,Op1972,,,Cytidylyl_trans;Nucleotide-diphossugar_trans;,CTP_transf_3
Clo1313_2904,RS14760,CP002416.1,,3411441,3412085,-,pseudaminic acid biosynthesis-associated methylase,"Secondary metabolites biosynthesis, transport, and catabolism",UPI000038F974,Op1972,,,Methyltransf_11;Pseudamin_synth-assoc_MeTrfase;SAM-dependent_MTases_sf;,Methyltransf_11;Methyltransf_23
Clo1313_2905,RS14765,CP002416.1,,3412212,3413210,-,polysaccharide biosynthesis protein CapD,Cell wall/membrane/envelope biogenesis,UPI000038F973,Op1973,,,NAD(P)-bd_dom_sf;Polysac_CapD-like;Polysaccharide_Synthase-Rel;,Polysacc_syn_2C;Polysacc_synt_2
Clo1313_2906,RS14770,CP002416.1,,3413197,3414609,-,protein of unknown function DUF115,Function unknown,UPI000038F972,Op1973,,,MptE-like;,MAF_flag10
Clo1313_2907,RS14775,CP002416.1,,3414590,3414973,-,hypothetical protein,No COG annotation,UPI000038F971,Op1973,,,DUF8042;,-
Clo1313_2908,RS14780,CP002416.1,,3414955,3416859,-,protein of unknown function DUF115,Function unknown,UPI00017E1B08,Op1973,,,MptE-like;,MAF_flag10
Clo1313_2909,RS14785,CP002416.1,,3416965,3417783,-,flagellin domain protein,Cell motility,UPI00017E1B09,Op1974,,,Flagellin;Flagellin_C;Flagellin_C_sub2;Flagellin_N;,Flagellin_C;Flagellin_N
Clo1313_2910,RS14790,CP002416.1,,3417856,3418677,-,flagellin domain protein,Cell motility,UPI000038F96E,Op1975,,,Flagellin;Flagellin_C;Flagellin_C_sub2;Flagellin_N;,Flagellin_C;Flagellin_N
Clo1313_2911,RS14795,CP002416.1,,3418895,3420313,-,Aldehyde Dehydrogenase,Energy production and conversion,UPI000038F96D,Op1976,,,Ald_DH/histidinol_DH;Ald_DH_C;Ald_DH_CS_CYS;Ald_DH_CS_GLU;Ald_DH_N;Aldehyde_DH_dom;Aldehyde_DH_NAD(P);,Aldedh
Clo1313_2912,csrA,CP002416.1,,3420525,3420752,-,carbon storage regulator%2C CsrA,Signal transduction mechanisms,UPI00017E1B0B,Op1977,mRNA 5'-UTR binding,bacterial-type flagellum organization; mRNA catabolic process; negative regulation of translational initiation; regulation of bacterial-type flagellum assembly; regulation of carbohydrate metabolic process,CsrA;CsrA_sf;,CsrA
Clo1313_2913,RS14805,CP002416.1,,3420724,3421203,-,protein of unknown function DUF180,Function unknown,UPI000038F96B,Op1978,,,Flagellar_assembly_factor_FliW;Flagellar_assmbl_FliW_dom_sf;,FliW
Clo1313_2914,RS14810,CP002416.1,,3421233,3421811,-,hypothetical protein,No COG annotation,UPI00003C8CDB,Op1978,,,DUF6470;,-
Clo1313_2915,flgL,CP002416.1,,3421855,3422763,-,flagellar hook-associated protein 3,Cell motility,UPI000038F969,Op1979,,,Flagell_FlgL;Flagellin;Flagellin_C;Flagellin_N;,Flagellin_C;Flagellin_N
Clo1313_2916,flgK,CP002416.1,,3422804,3424363,-,flagellar hook-associated protein FlgK,Cell motility,UPI000038F968,Op1979,,,Flag_bb_rod_N;Flg_bb/hook_C_dom;FlgK;FlgK_helical;,Flg_bb_rod;Flg_bbr_C
Clo1313_2917,flgK,CP002416.1,,3424370,3425839,-,flagellar hook-associated protein FlgK,Cell motility,UPI0001B1EDE8,Op1979,structural molecule activity,bacterial-type flagellum assembly,Flag_bb_rod_N;Flg_bb/hook_C_dom;FlgK;FlgK_helical;,Flg_bb_rod;Flg_bbr_C;VWA
Clo1313_2918,RS14830,CP002416.1,,3425859,3426359,-,FlgN family protein,Cell motility,UPI00003C8CDD,Op1979,,,FlgN-like;FlgN-like_sf;,FlgN
Clo1313_2919,flgM,CP002416.1,,3426473,3426766,-,Anti-sigma-28 factor FlgM family protein,Transcription,UPI00003C8CDE,Op1980,,,Anti-sigma-28_factor_FlgM_sf;FlgM;FlgM_C;,FlgM
Clo1313_2920,RS14840,CP002416.1,,3426999,3427442,-,regulatory protein%2C MerR,Cell motility,UPI0000533B97,Op1981,,,,-
Clo1313_2921,RS14845,CP002416.1,,3427547,3428209,-,phosphoribosyltransferase,Function unknown,UPI0001B1EDE7,Op1982,,,ComF/GntX_DNA_util-trans;DZR_2;PRTase-like;PRTase_dom;,Pribosyltran
Clo1313_2922,RS14850,CP002416.1,,3428203,3430434,-,helicase%2C RecD/TraA family,"Replication, recombination and repair",UPI0001B1EDE6,Op1982,,,AAA+_ATPase;Coronavir_polyprotein_1ab;P-loop_NTPase;RecD2;RecD2-like_HHH;RecD2_N_OB;RecD2_SH13;RuvA_2-like;UvrD-like_helicase_C;,AAA_30;HHH_4;HHH_5;UvrD_C_2
Clo1313_2923,RS14855,CP002416.1,,3430527,3430931,-,hypothetical protein,No COG annotation,UPI0000F21934,Op1983,,,,-
Clo1313_2924,RS14860,CP002416.1,,3431187,3432380,-,S-adenosylmethionine synthetase,Coenzyme transport and metabolism,UPI0000F21935,Op1984,,,ADOMET_SYNTHASE_CS;S-AdoMet_synt_C;S-AdoMet_synt_central;S-AdoMet_synt_N;S-AdoMet_synthetase;S-AdoMet_synthetase_sfam;,S-AdoMet_synt_C;S-AdoMet_synt_M;S-AdoMet_synt_N
Clo1313_2925,RS14865,CP002416.1,,3432731,3433135,-,thioesterase family protein,Function unknown,UPI00005381D3,Op1985,,,FlK;FlK-like_dom;HotDog_dom_sf;,4HBT
Clo1313_2926,ftsH,CP002416.1,,3433303,3435102,-,ATP-dependent metalloprotease FtsH,"Post-translational modification, protein turnover, and chaperones",UPI0000F21936,Op1986,ATP binding; ATP hydrolysis activity; ATP-dependent peptidase activity; metalloendopeptidase activity; zinc ion binding,cell division; protein catabolic process; proteolysis;protein catabolic process; proteolysis,AAA+_ATPase;AAA_lid_3;ATPase_AAA_core;ATPase_AAA_CS;FtsH;P-loop_NTPase;Pept_M41_FtsH_extracell;Peptidase_M41;Peptidase_M41-like;,AAA;FtsH_ext;Peptidase_M41
Clo1313_2927,hpt,CP002416.1,,3435230,3435784,-,hypoxanthine phosphoribosyltransferase,Nucleotide transport and metabolism,UPI0000F21937,Op1987,,,HGPRT;Hxn_phspho_trans;PRTase-like;PRTase_dom;,Pribosyltran
Clo1313_2928,tilS,CP002416.1,,3435938,3437350,-,tRNA(Ile)-lysidine synthetase,"Cell cycle control, cell division, chromosome partitioning",UPI0000F21938,Op1988,ATP binding; tRNA(Ile)-lysidine synthase activity,tRNA modification,Lysidine-tRNA-synth_C;Phe-tRNA_synthase-like_B3/B4;Rossmann-like_a/b/a_fold;TilS/TtcA_N;tRNA_Ile_lys_synt;tRNA_Ile_lys_synt_N;,ATP_bind_3;TilS;TilS_C
Clo1313_2929,dnaB,CP002416.1,,3437366,3438703,-,replicative DNA helicase,"Replication, recombination and repair",UPI0000537229,Op1988,,,DNA_heli_DnaB-like_N_sf;DNA_helicase_DnaB;DNA_helicase_DnaB-like_C;DNA_helicase_DnaB-like_N;DNA_helicase_N/primase_C;P-loop_NTPase;,DnaB;DnaB_C
Clo1313_2930,RS14890,CP002416.1,,3438757,3439203,-,ribosomal protein L9,"Translation, ribosomal structure and biogenesis",UPI00003C8E3D,Op1989,,,Ribosomal_bL9;Ribosomal_bL9/RNase_H1_N;Ribosomal_bL9_bact/chp;Ribosomal_bL9_C;Ribosomal_bL9_C_sf;Ribosomal_bL9_N;Ribosomal_bL9_N_sf;,Ribosomal_L9_C;Ribosomal_L9_N
Clo1313_2931,RS14895,CP002416.1,,3439250,3441259,-,phosphoesterase RecJ domain protein,Signal transduction mechanisms,UPI0001B1EDB4,Op1990,,,DDH_dom;DHH_sf;DHHA1_dom;GdpP/PdeA;Oligoribo/pAp-PDE_c-di-AMP_PDE;,DHH;DHHA1
Clo1313_2932,RS14900,CP002416.1,,3441285,3441626,-,hypothetical protein,Function unknown,UPI00003C8E3F,Op1990,,,DCTPP;,MazG-like
Clo1313_2933,pheA,CP002416.1,,3441758,3442594,-,Prephenate dehydratase,Amino acid transport and metabolism,UPI00003C8E40,Op1991,prephenate dehydratase activity,L-phenylalanine biosynthetic process,ACT-like_dom_sf;ACT_dom;Preph_deHydtase;Preph_deHydtase_CS;,ACT;CM_2;PDT
Clo1313_2934,RS14910,CP002416.1,,3442979,3443305,+,hypothetical protein,No COG annotation,UPI0001B1EDB3,Op1992,,,ATP_synth_B-like_membr_sf;,-
Clo1313_2935,RS14915,CP002416.1,,3443292,3445247,+,V-type ATPase 116 kDa subunit,Energy production and conversion,UPI000038F909,Op1992,,,V-ATPase_116kDa_su;,V_ATPase_I
Clo1313_2936,RS14920,CP002416.1,,3445264,3445731,+,H+transporting two-sector ATPase C subunit,Energy production and conversion,UPI000038F90A,Op1992,,,ATPase_proteolipid_c-like_dom;F/V-ATP_Csub_sf;,ATP-synt_C
Clo1313_2937,RS14925,CP002416.1,,3445758,3446354,+,H+transporting two-sector ATPase E subunit,Energy production and conversion,UPI000038F90B,Op1992,,,ATPase_E_C;ATPase_V1_Esu;,vATP-synt_E
Clo1313_2938,RS14930,CP002416.1,,3446392,3447411,+,H+transporting two-sector ATPase C (AC39) subunit,Energy production and conversion,UPI0001B1EDB2,Op1992,,,ATPase_csu/dsu_sf;ATPase_V0-cplx_csu/dsu;V-ATPase_V0D/AC39_subunit;V-type_ATPase_csu/dsu;V-type_ATPase_csu/dsu_dom_3;,vATP-synt_AC39
Clo1313_2939,RS14935,CP002416.1,,3447404,3447724,+,Vacuolar H+transporting two-sector ATPase F subunit,Energy production and conversion,UPI0001B1EDB1,Op1992,,,ATPase_V1-cplx_f_g_su;ATPase_V1_fsu_sf;,ATP-synt_F
Clo1313_2940,RS14940,CP002416.1,,3447807,3449597,+,H+transporting two-sector ATPase alpha/beta subunit central region,Energy production and conversion,UPI00017E2965,Op1992,,,ATP-synt_VA_C;ATP-synth_a_Xtn;ATP_synth_asu-like_sf;ATPase_a/bsu_AS;ATPase_F1/V1/A1_a/bsu_N;ATPase_F1/V1/A1_a/bsu_N_sf;ATPase_F1/V1/A1_a/bsu_nucl-bd;ATPase_F1/V1_b/a_C;P-loop_NTPase;V-ATPase_asu;,ATP-synt_ab;ATP-synt_ab_N;ATP-synt_ab_Xtn
Clo1313_2941,RS14945,CP002416.1,,3449599,3450981,+,H+transporting two-sector ATPase alpha/beta subunit central region,Energy production and conversion,UPI000038F90F,Op1992,,,ATP-synt_VA_C;ATPase_a/bsu_AS;ATPase_F1/V1/A1_a/bsu_N;ATPase_F1/V1/A1_a/bsu_nucl-bd;P-loop_NTPase;V-ATPase_su_B/beta;,ATP-synt_ab;ATP-synt_ab_N
Clo1313_2942,RS14950,CP002416.1,,3451079,3451747,+,V-type ATPase%2C D subunit,Energy production and conversion,UPI0001B1EDB0,Op1992,,,V_ATPase_D;,ATP-synt_D
Clo1313_2943,abc-f,CP002416.1,,3451805,3453427,-,ABC transporter related protein,Function unknown,UPI00017E2966,Op1993,,,AAA+_ATPase;ABC_transporter-like_ATP-bd;ABC_transporter-like_CS;ABCF;P-loop_NTPase;,ABC_tran;ABC_tran_Xtn
Clo1313_2944,RS14960,CP002416.1,,3453770,3454306,-,Dockerin type 1,Function unknown,UPI00003C8E43,Op1994,,,Dockerin_1_rpt;Dockerin_dom;Dockerin_dom_sf;EF_Hand_1_Ca_BS;,Dockerin_1
Clo1313_2945,RS14965,CP002416.1,,3454736,3455650,+,hypothetical protein,Lipid transport and metabolism,UPI0000536AD8,Op1995,,,CoA_activase_DUF2229;Dehydratase_Activator_Redct;,DUF2229
Clo1313_2946,RS14970,CP002416.1,,3455655,3456776,+,hypothetical protein,Lipid transport and metabolism,UPI000038F914,Op1995,,,Dehydratase_Activator_Redct;,DUF2229
Clo1313_2947,RS14975,CP002416.1,,3457067,3457687,-,hypothetical protein,No COG annotation,UPI0001B1EDAF,Op1996,,,,-
Clo1313_2949,RS14985,CP002416.1,,3459088,3459294,-,hypothetical protein,Function unknown,UPI00003C8E47,Op1997,,,,DUF2812
Clo1313_2950,RS14990,CP002416.1,,3459550,3460728,+,AAA ATPase central domain protein,"Post-translational modification, protein turnover, and chaperones",UPI00003C8E48,Op1998,,,AAA+_ATPase;ATPase_AAA_core;ATPase_AAA_CS;P-loop_NTPase;Pept_M41_FtsH_extracell;,AAA;FtsH_ext
Clo1313_2951,RS14995,CP002416.1,,3460772,3461599,-,hypothetical protein,No COG annotation,UPI00003C8E49,Op1999,,,,-
Clo1313_2952,RS15000,CP002416.1,,3461924,3462787,+,extracellular solute-binding protein family 3,Amino acid transport and metabolism,UPI00005379B2,Op2000,,,SBP_3_CS;Solute-binding_3/MltF_N;,SBP_bac_3
Clo1313_2953,RS15005,CP002416.1,,3462822,3463532,+,polar amino acid ABC transporter%2C inner membrane subunit,Inorganic ion transport and metabolism,UPI000038FD0A,Op2000,,,AA_ABC_transptr_permease_3TM;ArtM/GltK/GlnP/TcyL/YhdX-like;MetI-like;MetI-like_sf;,BPD_transp_1;SBP_bac_3
Clo1313_2954,RS15010,CP002416.1,,3463516,3464340,+,ABC transporter related protein,Amino acid transport and metabolism,UPI00017E2969,Op2000,,,AAA+_ATPase;ABC_ATPase_HisP-typ;ABC_transporter-like_ATP-bd;ABC_transporter-like_CS;MetN_ABC_transporter-like;P-loop_NTPase;,ABC_tran
Clo1313_2955,RS15015,CP002416.1,,3464363,3465448,-,response regulator receiver modulated CheB methylesterase,Cell motility,UPI000038FD0D,Op2001,,,CheB-like;CheB_C;CheY-like_superfamily;Sig_transdc_resp-reg_Me-estase;Sig_transdc_resp-reg_receiver;,CheB_methylest;Response_reg
Clo1313_2956,RS15020,CP002416.1,,3465448,3466260,-,MCP methyltransferase%2C CheR-type,Coenzyme transport and metabolism,UPI0001B1EDAD,Op2001,,,Bact_Chemotaxis_MeTrfase;CheR_C;CheR_MeTrfase;CheR_N_sf;SAM-dependent_MTases_sf;,CheR;CheR_N
Clo1313_2957,RS15025,CP002416.1,,3466424,3470851,-,methyl-accepting chemotaxis sensory transducer,Cell motility,UPI00003C8E4C,Op2002,,,Chemotax_Me-accpt_rcpt;MCPsignal_dom;,MCPsignal
Clo1313_2958,RS15030,CP002416.1,,3470886,3472994,-,CheA signal transduction histidine kinase,Cell motility,UPI00003C8E4D,Op2002,,,Bact_Chemotaxis_CheA;CheA-like_dim;CheA-like_homodim_sf;CheA-like_P2_sf;CheA_P2-bd;CheW-like_dom_sf;CheW-lke_dom;CheY-binding_CheA;HATPase_C_sf;HATPase_dom;His_kinase_dom;HisK_dim/P_sf;HPT_dom_sf;Sig_transdc_His_kin-like_C;Sig_transdc_His_kin_Hpt_dom;,CheW;H-kinase_dim;HATPase_c;Hpt;P2
Clo1313_2959,RS15035,CP002416.1,,3473009,3473434,-,CheW protein,Cell motility,UPI0001F32959,Op2002,,,CheW;CheW-like_dom_sf;CheW-lke_dom;,CheW
Clo1313_2961,RS15040,CP002416.1,,3474280,3474840,-,integrase family protein,"Replication, recombination and repair",UPI00003C8E4F,Op2003,,,DNA_brk_join_enz;Integrase-like_cat_sf;Integrase_catalytic;,Phage_integrase
Clo1313_2962,RS15045,CP002416.1,,3475241,3476173,+,transcriptional regulator%2C AraC family,Transcription,UPI00003C8E50,Op2004,,,Homeodomain-like_sf;HTH_AraC;HTH_AraC-typ_CS;Tscrpt_reg_AraC-type_HTH;,HTH_18
Clo1313_2963,RS15050,CP002416.1,,3476146,3476700,-,PEBP family protein,Function unknown,UPI000038F918,Op2005,,,PEBP;PEBP-like_sf;YbhB_YbcL/LppC-like;,PBP
Clo1313_2964,RS15055,CP002416.1,,3476850,3477569,-,hypothetical protein,No COG annotation,UPI000038F919,Op2006,,,,
Clo1313_2965,RS15060,CP002416.1,,3477548,3478228,-,ABC transporter related protein,Defense mechanisms,UPI00003C8E51,Op2007,,,AAA+_ATPase;ABC_transporter-like_ATP-bd;ABC_transporter-like_CS;P-loop_NTPase;,ABC_tran
Clo1313_2966,RS16105,CP002416.1,,3478546,3479004,-,hypothetical protein,No COG annotation,UPI0001B1EFA4,Op2008,,,,
Clo1313_2967,RS15075,CP002416.1,,3479021,3479560,-,hypothetical protein,No COG annotation,UPI0001F3295A,Op2008,,,,-
Clo1313_2968,Clo1313_2968,CP002416.1,,3479601,3479888,-,hypothetical protein,No COG annotation,UPI00003C8BA3,Op2009,,,,
Clo1313_2969,cas2,CP002416.1,,3482114,3482377,-,CRISPR-associated protein Cas2,"Replication, recombination and repair",UPI000038F9AB,Op2010,hydrolase activity; metal ion binding; RNA endonuclease activity,defense response to virus; maintenance of CRISPR repeat elements,CRISPR_associated_Cas2;Virulence_VapD/CRISPR_Cas2;,CRISPR_Cas2
Clo1313_2970,cas1b,CP002416.1,,3482391,3483383,-,CRISPR-associated protein Cas1,"Replication, recombination and repair",UPI00003C8BA2,Op2010,,,CRISPR-assoc_Cas1;CRISPR-assoc_Cas1_C;CRISPR-assoc_Cas1_HMARI/TNEAP;CRISPR-assoc_Cas1_N;,Cas_Cas1;RVT_1
Clo1313_2971,cas4,CP002416.1,,3483397,3483903,-,CRISPR-associated protein Cas4,"Replication, recombination and repair",UPI00003C8BA1,Op2010,,,CRISPR-assoc_prot_Cas4;Dna2/Cas4_DUF83;PDDEXK-like_dom_sf;,Cas_Cas4
Clo1313_2972,RS15095,CP002416.1,,3483922,3486174,-,CRISPR-associated helicase Cas3,"Replication, recombination and repair",UPI0000533C43,Op2010,,,Cas3-like_dom;CRISPR-assoc_Cas3_HD;CRISPR-assoc_Cas3_HD_sf;DEAD/DEAH_box_helicase_dom;DEAD_box_RNA_helicase;Helicase_ATP-bd;Helicase_C-like;Helicase_Cas3_CRISPR-ass_core;P-loop_NTPase;,DEAD;HD;Helicase_C
Clo1313_2973,cas5,CP002416.1,,3486196,3486921,-,CRISPR-associated protein Cas5,"Replication, recombination and repair",UPI0001B1EFA1,Op2010,,,CRISPR-assoc_prot_Cas5;CRISPR-assoc_prot_Cas5_N;,Cas_Cas5d
Clo1313_2974,cas7i,CP002416.1,,3486940,3487824,-,CRISPR-associated autoregulator%2C DevR family,"Replication, recombination and repair",UPI000038F9B0,Op2010,,,Cas7/Cst2/DevR_sub_I-B/Tneap;CRISPR-assoc_Cas7/Cst2/DevR;,DevR
Clo1313_2975,RS15110,CP002416.1,,3487830,3489506,-,hypothetical protein,No COG annotation,UPI000038F9B1,Op2010,,,,-
Clo1313_2976,cas6,CP002416.1,,3489518,3490240,-,CRISPR-associated protein Cas6,"Replication, recombination and repair",UPI000038F9B2,Op2010,,,Cas_Cas6_C;CRISPR-assoc_prot_Cas6;CRISPR-assoc_prot_Cas6_N_sf;,Cas_Cas6
Clo1313_2977,RS15120,CP002416.1,,3490497,3491417,+,hypothetical protein,Amino acid transport and metabolism,UPI00003C8BA0,Op2011,,,FAD-linked_oxidoreductase-like;Mehydrof_redctse-like;,MTHFR
Clo1313_2978,RS15125,CP002416.1,,3491447,3492265,-,undecaprenol kinase,Defense mechanisms,UPI00017E27C5,Op2012,,,UppP;,BacA
Clo1313_2979,RS15130,CP002416.1,,3492400,3493809,-,MATE efflux family protein,Defense mechanisms,UPI00005334E2,Op2013,,,MATE_fam;MATE_MdtK;MdtK-like;,MatE
Clo1313_2980,RS15135,CP002416.1,,3494068,3494490,+,hemerythrin-like metal-binding protein,Inorganic ion transport and metabolism,UPI00003C8B9F,Op2014,,,Hemerythrin;Hemerythrin-like;Hemerythrin-like_sf;Hemerythrin_metal-bd;,CheX;Hemerythrin
Clo1313_2981,RS15140,CP002416.1,,3494487,3494951,+,CheC domain protein,Cell motility,UPI000038F9B8,Op2014,,,CheC-like_sf;CheX-like;CheX-like_dom;,CheC;CheX
Clo1313_2982,RS15145,CP002416.1,,3495038,3495811,-,Nitrilase/cyanide hydratase and apolipoprotein N-acyltransferase,Function unknown,UPI000038F9B9,Op2015,,,C-N_Hydrolase;C-N_Hydrolase_sf;Omega-amidase_YafV;,CN_hydrolase
Clo1313_2983,RS15155,CP002416.1,,3496130,3496858,+,copper amine oxidase-like domain-containing protein,Function unknown,UPI000038F9BA,Op2016,,,Cu_amine_oxidase-like_N;DUF4352;Immunoprotect_excell_Ig-like;Mao_N_sf;,Cu_amine_oxidN1;DUF4352
Clo1313_2984,RS15165,CP002416.1,,3497911,3498630,-,hypothetical protein,Carbohydrate transport and metabolism,UPI00005317C1,Op2017,,,PdaC/RsiV-like_sf;,-
Clo1313_2985,RS15170,CP002416.1,,3498774,3499253,-,FMN-binding domain protein,Function unknown,UPI000038F9BD,Op2018,,,FMN-bd;,FMN_bind
Clo1313_2986,RS15175,CP002416.1,,3499394,3500149,-,protein of unknown function DUF218,Function unknown,UPI00005317BF,Op2019,,,Cell_Envelope_Assoc;DUF218;Rossmann-like_a/b/a_fold;,DUF218
Clo1313_2987,rlmH,CP002416.1,,3500181,3500660,-,protein of unknown function DUF163,"Translation, ribosomal structure and biogenesis",UPI0001B1EFA0,Op2019,rRNA (pseudouridine-N3-)-methyltransferase activity,,Alpha/beta_knot_MTases;RlmH-like;tRNA_m1G_MTases_N;,SPOUT_MTase
Clo1313_2988,RS15185,CP002416.1,,3500680,3501471,-,beta-lactamase domain protein,Function unknown,UPI000038F9C6,Op2019,,,Metallo-B-lactamas;RibonucZ/Hydroxyglut_hydro;WalJ/YycJ-like;,Lactamase_B;Lactamase_B_2
Clo1313_2989,RS15190,CP002416.1,,3501501,3502754,-,UDP-N-acetylglucosamine 1-carboxyvinyltransferase,Cell wall/membrane/envelope biogenesis,UPI0001B1EF9F,Op2019,,,Enolpyruvate_Tfrase_dom;Enolpyruvate_Tfrase_sf;;RNA3'P_cycl/enolpyr_Trfase_a/b;UDP_GlcNAc_COvinyl_MurA;,EPSP_synthase
Clo1313_2990,RS15195,CP002416.1,,3502892,3503728,-,Protein of unknown function YycH,Function unknown,UPI0000537ADB,Op2020,,,YycI-like;,YycI
Clo1313_2991,RS15200,CP002416.1,,3503734,3505200,-,hypothetical protein,No COG annotation,UPI000038FD81,Op2020,,,,-
Clo1313_2992,RS15205,CP002416.1,,3505216,3505746,-,hypothetical protein,No COG annotation,UPI00005340B2,Op2020,,,,-
Clo1313_2993,RS15210,CP002416.1,,3505858,3507660,-,multi-sensor signal transduction histidine kinase,Signal transduction mechanisms,UPI000053237B,Op2021,,,BphY/WalK/GraS-like;HAMP_dom;HATPase_C_sf;HATPase_dom;His_kinase_dom;HisK_dim/P_dom;HisK_dim/P_sf;PAS;PAS-like_dom_sf;Sig_transdc_His_kin-like_C;,HAMP;HATPase_c;HisKA;PAS;PAS_8;PAS_9
Clo1313_2994,RS15215,CP002416.1,,3507716,3508414,-,two component transcriptional regulator%2C winged helix family,Signal transduction mechanisms,UPI00003C8E07,Op2022,,,CheY-like_superfamily;OmpR/PhoB-type_DNA-bd;Sig_transdc_resp-reg_C-effctor;Sig_transdc_resp-reg_receiver;WalR;WalR-like;WH-like_DNA-bd_sf;,Response_reg;Trans_reg_C
Clo1313_2995,Clo1313_2995,CP002416.1,,3508411,3508623,-,hypothetical protein,No COG annotation,UPI0001B1EF5B,Op2023,,,,
Clo1313_2996,RS15225,CP002416.1,,3508702,3508917,+,putative transcriptional regulator%2C TetR family,Function unknown,UPI00003C8E08,Op2024,,,HLH_DNA-bd_sf;Spo0E-like;Spo0E-like_sf;,SpoOE-like
Clo1313_2997,RS15230,CP002416.1,,3509042,3510886,-,polysaccharide biosynthesis protein CapD,Carbohydrate transport and metabolism,UPI0001B1EF5A,Op2025,,,NAD(P)-bd_dom_sf;Polysac_CapD-like;Polysaccharide_Synthase-Rel;,CoA_binding_3;Polysacc_synt_2
Clo1313_2998,RS15235,CP002416.1,,3511013,3512485,-,polysaccharide biosynthesis protein,Function unknown,UPI0000F21957,Op2026,,,Poly_Biosynth_Transport;,Polysacc_synt_3;Polysacc_synt_C
Clo1313_2999,RS15240,CP002416.1,,3512587,3513714,-,glycosyl transferase group 1,Cell wall/membrane/envelope biogenesis,UPI0001B1EF59,Op2027,,,Glyco_trans_1;Glyco_trans_4-like_N;Glycosyltransferase_grp1;,Glyco_transf_4;Glycos_transf_1
Clo1313_3000,RS15245,CP002416.1,,3513692,3515005,-,hypothetical protein,Cell wall/membrane/envelope biogenesis,UPI00017E62AC,Op2028,,,,-
Clo1313_3001,RS15250,CP002416.1,,3514983,3516215,-,glycosyl transferase group 1,Cell wall/membrane/envelope biogenesis,UPI00003C9053,Op2029,,,,Glyco_trans_1_4;Glycos_transf_1;Sulfotransfer_2
Clo1313_3002,RS15255,CP002416.1,,3516290,3517333,-,glycosyl transferase group 1,Cell wall/membrane/envelope biogenesis,UPI000038FC94,Op2030,,,Glyco_trans_1;,Glyco_trans_1_4;Glycos_transf_1
Clo1313_3003,RS15260,CP002416.1,,3517347,3518666,-,nucleotide sugar dehydrogenase,Cell wall/membrane/envelope biogenesis,UPI000038FC93,Op2030,,,6-PGluconate_DH-like_C_sf;NAD(P)-bd_dom_sf;UDP-Glc/GDP-Man;UDP-Glc/GDP-Man_DH_C;UDP-Glc/GDP-Man_DH_C_sf;UDP-Glc/GDP-Man_DH_dimer;UDP-Glc/GDP-Man_DH_N;UDP_ManNAc/GlcNAc_DH;,UDPG_MGDP_dh;UDPG_MGDP_dh_C;UDPG_MGDP_dh_N
Clo1313_3004,RS15265,CP002416.1,,3518716,3519882,-,glycosyl transferase family 2,Cell wall/membrane/envelope biogenesis,UPI00017E62AD,Op2031,,,Glyco_trans_2-like;Nucleotide-diphossugar_trans;,Glycos_transf_2
Clo1313_3005,RS15270,CP002416.1,,3519947,3521005,-,hypothetical protein,Defense mechanisms,UPI0001F32968,Op2032,,,Acyl_CoA_acyltransferase;BioF2-like_GNAT_dom;FEMABX;PG_Glycine_Bridge_Synth;,Acetyltransf_6;FemAB
Clo1313_3006,RS15275,CP002416.1,,3521016,3521474,-,GCN5-related N-acetyltransferase,Transcription,UPI000038FC90,Op2032,,,Acyl_CoA_acyltransferase;GNAT_dom;MshD_Acetyltransferase;,Acetyltransf_1
Clo1313_3007,RS15280,CP002416.1,,3521449,3522147,-,Undecaprenyl-phosphate galactose phosphotransferase,Cell wall/membrane/envelope biogenesis,UPI000038FC8F,Op2033,,,Bact_transf;,Bac_transf;Glycos_transf_2
Clo1313_3008,RS15285,CP002416.1,,3522149,3523297,-,Glutamine--scyllo-inositol transaminase,Amino acid transport and metabolism,UPI00017E66DD,Op2034,,,DegT/StrS_aminotransferase;PyrdxlP-dep_Trfase;PyrdxlP-dep_Trfase_major;PyrdxlP-dep_Trfase_small;,DegT_DnrJ_EryC1
Clo1313_3009,RS15290,CP002416.1,,3523356,3526385,-,O-antigen polymerase,Cell wall/membrane/envelope biogenesis,UPI0000535157,Op2035,,,O-antigen_ligase-rel_domated;TPR-like_helical_dom_sf;TPR_rpt;WaaL-like;,TPR_16;TPR_8;Wzy_C
Clo1313_3010,RS15295,CP002416.1,,3526427,3527707,-,lipopolysaccharide biosynthesis protein,Cell wall/membrane/envelope biogenesis,UPI0000F21963,Op2036,,,Bact_polysacc_biosynth/exp;GNVR;LPS_length_determ_N;,GNVR;Wzz
Clo1313_3011,RS15300,CP002416.1,,3527950,3531057,-,Ig domain protein,"Post-translational modification, protein turnover, and chaperones",UPI0001B1EF55,Op2037,,,Big_4;Cu-Rt/internalin_Ig-like;SbsA_Ig;SLH_dom;,Big_4;SLH
Clo1313_3012,RS15305,CP002416.1,,3531445,3531615,-,hypothetical protein,Function unknown,UPI00003C90E3,Op2038,,,SASP_alpha/beta-type;SASP_alpha/beta-type_CS;SASP_sf_alpha/beta;,SASP
Clo1313_3013,RS15310,CP002416.1,,3531901,3532344,+,cell wall hydrolase SleB,Cell wall/membrane/envelope biogenesis,UPI0000537F95,Op2039,,,Cell_wall_hydrolase_SleB;SleB_dom1;,Hydrolase_2
Clo1313_3014,RS15315,CP002416.1,,3532400,3532849,+,hypothetical protein,No COG annotation,UPI00005386AF,Op2040,,,,-
Clo1313_3015,RS15320,CP002416.1,,3533022,3533450,-,putative signal transduction protein with CBS domains,Function unknown,UPI0000535B99,Op2041,,,CBS_dom;CBS_dom_sf;Diverse_CBS-Domain;Tscrpt-reg_CBS-contain_prd;,CBS
Clo1313_3016,RS15325,CP002416.1,,3533675,3534823,+,Ig domain protein group 1 domain protein,Function unknown,UPI0001B1EF54,Op2042,,,AB_hydrolase_fold;Big_1_dom;Ig-like_fold;Invasin/intimin_cell_adhesion;PGAP1-ab_dom-like;,PGAP1
Clo1313_3017,nadC,CP002416.1,,3535133,3535966,-,nicotinate-nucleotide pyrophosphorylase,Coenzyme transport and metabolism,UPI000038FE06,Op2043,,,Aldolase_TIM;NadC;NadC/ModD;Nicotinate_pribotase-like_C;Quinolinate_PRibosylTase_N_sf;Quinolinate_PRibosylTrfase_C;Quinolinate_PRibosylTrfase_N;,QRPTase_C;QRPTase_N
Clo1313_3018,nadB,CP002416.1,,3535995,3537593,-,L-aspartate oxidase,Coenzyme transport and metabolism,UPI00003C90E8,Op2043,,,FAD-dep_OxRdtase_2_FAD-bd;FAD/NAD-bd_sf;Fum_R/Succ_DH_flav-like_C_sf;Fum_Rdtase/Succ_DH_flav-like_C;NadB;Succ_DH/fumarate_Rdtase_cat_sf;,FAD_binding_2;Succ_DH_flav_C
Clo1313_3019,nadA,CP002416.1,,3537751,3538665,-,quinolinate synthetase complex%2C A subunit,Coenzyme transport and metabolism,UPI000038FE08,Op2043,"4 iron, 4 sulfur cluster binding; metal ion binding; quinolinate synthetase A activity",'de novo' NAD+ biosynthetic process from L-aspartate,NadA;NadA_sf;Quinolinate_synth_type2;,NadA
Clo1313_3020,RS15345,CP002416.1,,3538933,3540105,+,hypothetical protein,Function unknown,UPI0001B1EF53,Op2044,,,,zinc_ribbon_2
Clo1313_3021,RS15350,CP002416.1,,3540149,3540802,-,Accessory gene regulator B,Transcription,UPI0000F2196E,Op2045,,,AgrB;,AgrB
Clo1313_3022,yfbR,CP002416.1,,3546611,3547228,+,metal dependent phosphohydrolase,Function unknown,UPI000038F7F4,Op2046,,,HD/PDEase_dom;YfbR/HDDC2;,HD_2;HD_3
Clo1313_3023,RS15380,CP002416.1,,3547721,3550564,+,glycoside hydrolase family 9,Signal transduction mechanisms,UPI00017E1F83,Op2047,,,6-hairpin_glycosidase_sf;6hp_glycosidase-like_sf;CBM2/CBM3_carb-bd_dom_sf;CBM3;CBM3_sf;Dockerin_1_rpt;Dockerin_dom;Dockerin_dom_sf;EF_Hand_1_Ca_BS;Glyco_hydro_9;,CBM_3;Dockerin_1;Glyco_hydro_9
Clo1313_3024,gyrA,CP002416.1,,3550731,3553214,-,DNA gyrase%2C A subunit,"Replication, recombination and repair",UPI00003C8C58,Op2048,ATP binding; DNA binding; DNA negative supercoiling activity,DNA topological change; DNA-templated DNA replication,GyrA;GyrA/parC_rep;Gyrase/topoIV_suA_C;Topo_IIA-like_dom_sf;Topo_IIA_A/C_ab;Topo_IIA_A_a_sf;Topo_IIA_dom_A;Type_II_DNA_Topoisomerases;,DNA_gyraseA_C;DNA_topoisoIV
Clo1313_3025,noc,CP002416.1,,3553548,3554384,-,parB-like partition protein,Transcription,UPI00003C8C57,Op2049,,,Chromosome_partition/occlusion;Cro/C1-type_HTH;HTH_ParB/Spo0J;Nucleoid_occlusion_protein;ParB/RepB/Spo0J;ParB/Sulfiredoxin_sf;ParB_N;,ParBc
Clo1313_3026,rsmG,CP002416.1,,3554583,3555311,-,methyltransferase GidB,"Translation, ribosomal structure and biogenesis",UPI000038F801,Op2050,rRNA (guanine-N7-)-methyltransferase activity,,rRNA_ssu_MeTfrase_G;SAM-dependent_MTases_sf;,GidB
Clo1313_3027,mnmG,CP002416.1,,3555331,3557223,-,glucose inhibited division protein A,"Cell cycle control, cell division, chromosome partitioning",UPI000038F802,Op2050,flavin adenine dinucleotide binding,tRNA methylation; tRNA wobble uridine modification,FAD/NAD-bd_sf;GIDA_C_N;MnmG;MnmG-rel;MnmG-rel_CS;MnmG_C;MnmG_C_subdom;MnmG_C_subdom_sf;MnmG_N;,GIDA;GIDA_assoc
Clo1313_3028,mnmE,CP002416.1,,3557245,3558624,-,tRNA modification GTPase TrmE,Function unknown,UPI000038F803,Op2050,GTP binding; GTPase activity; identical protein binding; metal ion binding,tRNA methylation; tRNA wobble uridine modification,G_TrmE;GTP-bd;GTP-bd_TrmE_N;GTPase_MnmE;MnmE_dom2;MnmE_helical;P-loop_NTPase;Small_GTP-bd;TrmE/GcvT-like;,MMR_HSR1;MnmE_helical;TrmE_N
Clo1313_3029,RS15410,CP002416.1,,3558840,3559460,-,single-stranded nucleic acid binding R3H domain-containing protein,Function unknown,UPI0001B1F047,Op2051,,,Jag_KH;Jag_N_dom_sf;KH_dom;KH_dom-like_a/b;KH_sf_prok-type;KhpB;KhpB_N;R3H_dom;R3H_dom_sf;R3H_KhpB;,Jag_N;KH_4;R3H
Clo1313_3030,RS15415,CP002416.1,,3559461,3560336,-,membrane protein insertase%2C YidC/Oxa1 family,"Intracellular trafficking, secretion, and vesicular transport",UPI000038F805,Op2051,,,YidC/ALB3/OXA1/COX18;YidC/Oxa/ALB_C;YidC_ALB_C;,60KD_IMP
Clo1313_3031,yidD,CP002416.1,,3560357,3560572,-,protein of unknown function DUF37,No COG annotation,UPI0000535B71,Op2051,,,Membr_insert_effic_factor_YidD;,
Clo1313_3032,rnpA,CP002416.1,,3560554,3560934,-,ribonuclease P protein component,No COG annotation,UPI00003C8C55,Op2051,3'-tRNA processing endoribonuclease activity; ribonuclease P activity; tRNA binding,tRNA 5'-leader removal,Ribosomal_Su5_D2-typ_SF;Ribsml_uS5_D2-typ_fold_subgr;RNase_P;,
Clo1313_3033,rpmH,CP002416.1,,3560991,3561125,-,ribosomal protein L34,No COG annotation,UPI0000F2196F,Op2052,structural constituent of ribosome,translation,Ribosomal_bL34;,
